t,game_t,marker,pawn_x,pawn_y,pawn_z,pawn_pitch,pawn_yaw,pawn_roll,pawn_fwd_x,pawn_fwd_y,pawn_fwd_z,pawn_right_x,pawn_right_y,pawn_right_z,pawn_up_x,pawn_up_y,pawn_up_z,vel_x,vel_y,vel_z,fvel_x,fvel_y,fvel_z,cam_x,cam_y,cam_z,cam_pitch,cam_yaw,cam_roll,cam_fwd_x,cam_fwd_y,cam_fwd_z,cam_up_x,cam_up_y,cam_up_z,fov,ctrl_pitch,ctrl_yaw,ctrl_roll,camctrl_x,camctrl_y,camctrl_z,camctrl_pitch,camctrl_yaw,camctrl_roll,pivot_x,pivot_y,pivot_z,cine_x,cine_y,cine_z,focal,move_mode,running,in_air
0.0250,95.4833,0,-9967.1829,-1391.7019,-301.6257,nan,nan,nan,0.4791,-0.8777,0.0000,0.8777,0.4791,0.0000,-0.0000,0.0000,1.0000,0.0000,0.0000,0.0000,0.0000,0.0000,0.0000,-10235.1420,-1257.4220,-268.7081,nan,nan,nan,0.8932,-0.4476,-0.0431,0.0385,-0.0193,0.9991,90.000,nan,nan,nan,0.0000,0.0000,0.0000,nan,nan,nan,-10235.1420,-1257.4220,-268.7081,-10235.1420,-1257.4220,-268.7081,12.000,0,nan,nan
0.0520,95.5167,0,-9967.1829,-1391.7019,-301.6257,nan,nan,nan,0.4791,-0.8777,0.0000,0.8777,0.4791,0.0000,-0.0000,0.0000,1.0000,0.0000,0.0000,0.0000,0.0000,0.0000,0.0000,-10235.1420,-1257.4220,-268.7081,nan,nan,nan,0.8932,-0.4476,-0.0431,0.0385,-0.0193,0.9991,90.000,nan,nan,nan,0.0000,0.0000,0.0000,nan,nan,nan,-10235.1420,-1257.4220,-268.7081,-10235.1420,-1257.4220,-268.7081,12.000,0,nan,nan
0.0800,95.5500,0,-9967.1829,-1391.7019,-301.6257,nan,nan,nan,0.4791,-0.8777,0.0000,0.8777,0.4791,0.0000,-0.0000,0.0000,1.0000,0.0000,0.0000,0.0000,0.0000,0.0000,0.0000,-10235.1420,-1257.4220,-268.7081,nan,nan,nan,0.8932,-0.4476,-0.0431,0.0385,-0.0193,0.9991,90.000,nan,nan,nan,0.0000,0.0000,0.0000,nan,nan,nan,-10235.1420,-1257.4220,-268.7081,-10235.1420,-1257.4220,-268.7081,12.000,0,nan,nan
0.1050,95.5667,0,-9967.1829,-1391.7019,-301.6257,nan,nan,nan,0.4791,-0.8777,0.0000,0.8777,0.4791,0.0000,-0.0000,0.0000,1.0000,0.0000,0.0000,0.0000,0.0000,0.0000,0.0000,-10235.1420,-1257.4220,-268.7081,nan,nan,nan,0.8932,-0.4476,-0.0431,0.0385,-0.0193,0.9991,90.000,nan,nan,nan,0.0000,0.0000,0.0000,nan,nan,nan,-10235.1420,-1257.4220,-268.7081,-10235.1420,-1257.4220,-268.7081,12.000,0,nan,nan
0.1320,95.6000,0,-9967.1829,-1391.7019,-301.6257,nan,nan,nan,0.4791,-0.8777,0.0000,0.8777,0.4791,0.0000,-0.0000,0.0000,1.0000,0.0000,0.0000,0.0000,0.0000,0.0000,0.0000,-10235.1420,-1257.4220,-268.7081,nan,nan,nan,0.8932,-0.4476,-0.0431,0.0385,-0.0193,0.9991,90.000,nan,nan,nan,0.0000,0.0000,0.0000,nan,nan,nan,-10235.1420,-1257.4220,-268.7081,-10235.1420,-1257.4220,-268.7081,12.000,0,nan,nan
0.1570,95.6167,0,-9967.1829,-1391.7019,-301.6257,nan,nan,nan,0.4791,-0.8777,0.0000,0.8777,0.4791,0.0000,-0.0000,0.0000,1.0000,0.0000,0.0000,0.0000,0.0000,0.0000,0.0000,-10235.1420,-1257.4220,-268.7081,nan,nan,nan,0.8932,-0.4476,-0.0431,0.0385,-0.0193,0.9991,90.000,nan,nan,nan,0.0000,0.0000,0.0000,nan,nan,nan,-10235.1420,-1257.4220,-268.7081,-10235.1420,-1257.4220,-268.7081,12.000,0,nan,nan
0.1840,95.6500,0,-9967.1829,-1391.7019,-301.6257,nan,nan,nan,0.4791,-0.8777,0.0000,0.8777,0.4791,0.0000,-0.0000,0.0000,1.0000,0.0000,0.0000,0.0000,0.0000,0.0000,0.0000,-10235.1420,-1257.4220,-268.7081,nan,nan,nan,0.8932,-0.4476,-0.0431,0.0385,-0.0193,0.9991,90.000,nan,nan,nan,0.0000,0.0000,0.0000,nan,nan,nan,-10235.1420,-1257.4220,-268.7081,-10235.1420,-1257.4220,-268.7081,12.000,0,nan,nan
0.2120,95.6833,0,-9967.1829,-1391.7019,-301.6257,nan,nan,nan,0.4791,-0.8777,0.0000,0.8777,0.4791,0.0000,-0.0000,0.0000,1.0000,0.0000,0.0000,0.0000,0.0000,0.0000,0.0000,-10235.1420,-1257.4220,-268.7081,nan,nan,nan,0.8932,-0.4476,-0.0431,0.0385,-0.0193,0.9991,90.000,nan,nan,nan,0.0000,0.0000,0.0000,nan,nan,nan,-10235.1420,-1257.4220,-268.7081,-10235.1420,-1257.4220,-268.7081,12.000,0,nan,nan
0.2380,95.7000,0,-9967.1829,-1391.7019,-301.6257,nan,nan,nan,0.4791,-0.8777,0.0000,0.8777,0.4791,0.0000,-0.0000,0.0000,1.0000,0.0000,0.0000,0.0000,0.0000,0.0000,0.0000,-10235.1420,-1257.4220,-268.7081,nan,nan,nan,0.8932,-0.4476,-0.0431,0.0385,-0.0193,0.9991,90.000,nan,nan,nan,0.0000,0.0000,0.0000,nan,nan,nan,-10235.1420,-1257.4220,-268.7081,-10235.1420,-1257.4220,-268.7081,12.000,0,nan,nan
0.2650,95.7333,0,-9967.1829,-1391.7019,-301.6257,nan,nan,nan,0.4791,-0.8777,0.0000,0.8777,0.4791,0.0000,-0.0000,0.0000,1.0000,0.0000,0.0000,0.0000,0.0000,0.0000,0.0000,-10235.1420,-1257.4220,-268.7081,nan,nan,nan,0.8932,-0.4476,-0.0431,0.0385,-0.0193,0.9991,90.000,nan,nan,nan,0.0000,0.0000,0.0000,nan,nan,nan,-10235.1420,-1257.4220,-268.7081,-10235.1420,-1257.4220,-268.7081,12.000,0,nan,nan
0.2910,95.7500,0,-9967.1829,-1391.7019,-301.6257,nan,nan,nan,0.4791,-0.8777,0.0000,0.8777,0.4791,0.0000,-0.0000,0.0000,1.0000,0.0000,0.0000,0.0000,0.0000,0.0000,0.0000,-10235.1420,-1257.4220,-268.7081,nan,nan,nan,0.8932,-0.4476,-0.0431,0.0385,-0.0193,0.9991,90.000,nan,nan,nan,0.0000,0.0000,0.0000,nan,nan,nan,-10235.1420,-1257.4220,-268.7081,-10235.1420,-1257.4220,-268.7081,12.000,0,nan,nan
0.3160,95.7833,0,-9967.1829,-1391.7019,-301.6257,nan,nan,nan,0.4791,-0.8777,0.0000,0.8777,0.4791,0.0000,-0.0000,0.0000,1.0000,0.0000,0.0000,0.0000,0.0000,0.0000,0.0000,-10235.1420,-1257.4220,-268.7081,nan,nan,nan,0.8932,-0.4476,-0.0431,0.0385,-0.0193,0.9991,90.000,nan,nan,nan,0.0000,0.0000,0.0000,nan,nan,nan,-10235.1420,-1257.4220,-268.7081,-10235.1420,-1257.4220,-268.7081,12.000,0,nan,nan
0.3440,95.8000,0,-9967.1829,-1391.7019,-301.6257,nan,nan,nan,0.4791,-0.8777,0.0000,0.8777,0.4791,0.0000,-0.0000,0.0000,1.0000,0.0000,0.0000,0.0000,0.0000,0.0000,0.0000,-10235.1420,-1257.4220,-268.7081,nan,nan,nan,0.8932,-0.4476,-0.0431,0.0385,-0.0193,0.9991,90.000,nan,nan,nan,0.0000,0.0000,0.0000,nan,nan,nan,-10235.1420,-1257.4220,-268.7081,-10235.1420,-1257.4220,-268.7081,12.000,0,nan,nan
0.3700,95.8333,0,-9967.1829,-1391.7019,-301.6257,nan,nan,nan,0.4791,-0.8777,0.0000,0.8777,0.4791,0.0000,-0.0000,0.0000,1.0000,0.0000,0.0000,0.0000,0.0000,0.0000,0.0000,-10235.1420,-1257.4220,-268.7081,nan,nan,nan,0.8932,-0.4476,-0.0431,0.0385,-0.0193,0.9991,90.000,nan,nan,nan,0.0000,0.0000,0.0000,nan,nan,nan,-10235.1420,-1257.4220,-268.7081,-10235.1420,-1257.4220,-268.7081,12.000,0,nan,nan
0.3960,95.8667,0,-9967.1829,-1391.7019,-301.6257,nan,nan,nan,0.4791,-0.8777,0.0000,0.8777,0.4791,0.0000,-0.0000,0.0000,1.0000,0.0000,0.0000,0.0000,0.0000,0.0000,0.0000,-10235.1420,-1257.4220,-268.7081,nan,nan,nan,0.8932,-0.4476,-0.0431,0.0385,-0.0193,0.9991,90.000,nan,nan,nan,0.0000,0.0000,0.0000,nan,nan,nan,-10235.1420,-1257.4220,-268.7081,-10235.1420,-1257.4220,-268.7081,12.000,0,nan,nan
0.4220,95.8833,0,-9967.1829,-1391.7019,-301.6257,nan,nan,nan,0.4791,-0.8777,0.0000,0.8777,0.4791,0.0000,-0.0000,0.0000,1.0000,0.0000,0.0000,0.0000,0.0000,0.0000,0.0000,-10235.1420,-1257.4220,-268.7081,nan,nan,nan,0.8932,-0.4476,-0.0431,0.0385,-0.0193,0.9991,90.000,nan,nan,nan,0.0000,0.0000,0.0000,nan,nan,nan,-10235.1420,-1257.4220,-268.7081,-10235.1420,-1257.4220,-268.7081,12.000,0,nan,nan
0.4480,95.9167,0,-9967.1829,-1391.7019,-301.6257,nan,nan,nan,0.4791,-0.8777,0.0000,0.8777,0.4791,0.0000,-0.0000,0.0000,1.0000,0.0000,0.0000,0.0000,0.0000,0.0000,0.0000,-10235.1420,-1257.4220,-268.7081,nan,nan,nan,0.8932,-0.4476,-0.0431,0.0385,-0.0193,0.9991,90.000,nan,nan,nan,0.0000,0.0000,0.0000,nan,nan,nan,-10235.1420,-1257.4220,-268.7081,-10235.1420,-1257.4220,-268.7081,12.000,0,nan,nan
0.4760,95.9333,0,-9967.1829,-1391.7019,-301.6257,nan,nan,nan,0.4791,-0.8777,0.0000,0.8777,0.4791,0.0000,-0.0000,0.0000,1.0000,0.0000,0.0000,0.0000,0.0000,0.0000,0.0000,-10235.1420,-1257.4220,-268.7081,nan,nan,nan,0.8932,-0.4476,-0.0431,0.0385,-0.0193,0.9991,90.000,nan,nan,nan,0.0000,0.0000,0.0000,nan,nan,nan,-10235.1420,-1257.4220,-268.7081,-10235.1420,-1257.4220,-268.7081,12.000,0,nan,nan
0.5020,95.9667,0,-9967.1829,-1391.7019,-301.6257,nan,nan,nan,0.4791,-0.8777,0.0000,0.8777,0.4791,0.0000,-0.0000,0.0000,1.0000,0.0000,0.0000,0.0000,0.0000,0.0000,0.0000,-10235.1420,-1257.4220,-268.7081,nan,nan,nan,0.8932,-0.4476,-0.0431,0.0385,-0.0193,0.9991,90.000,nan,nan,nan,0.0000,0.0000,0.0000,nan,nan,nan,-10235.1420,-1257.4220,-268.7081,-10235.1420,-1257.4220,-268.7081,12.000,0,nan,nan
0.5290,96.0000,0,-9967.1829,-1391.7019,-301.6257,nan,nan,nan,0.4791,-0.8777,0.0000,0.8777,0.4791,0.0000,-0.0000,0.0000,1.0000,0.0000,0.0000,0.0000,0.0000,0.0000,0.0000,-10235.1420,-1257.4220,-268.7081,nan,nan,nan,0.8932,-0.4476,-0.0431,0.0385,-0.0193,0.9991,90.000,nan,nan,nan,0.0000,0.0000,0.0000,nan,nan,nan,-10235.1420,-1257.4220,-268.7081,-10235.1420,-1257.4220,-268.7081,12.000,0,nan,nan
0.5560,96.0167,0,-9967.1829,-1391.7019,-301.6257,nan,nan,nan,0.4791,-0.8777,0.0000,0.8777,0.4791,0.0000,-0.0000,0.0000,1.0000,0.0000,0.0000,0.0000,0.0000,0.0000,0.0000,-10235.1420,-1257.4220,-268.7081,nan,nan,nan,0.8932,-0.4476,-0.0431,0.0385,-0.0193,0.9991,90.000,nan,nan,nan,0.0000,0.0000,0.0000,nan,nan,nan,-10235.1420,-1257.4220,-268.7081,-10235.1420,-1257.4220,-268.7081,12.000,0,nan,nan
0.5820,96.0500,0,-9967.1829,-1391.7019,-301.6257,nan,nan,nan,0.4791,-0.8777,0.0000,0.8777,0.4791,0.0000,-0.0000,0.0000,1.0000,0.0000,0.0000,0.0000,0.0000,0.0000,0.0000,-10235.1420,-1257.4220,-268.7081,nan,nan,nan,0.8932,-0.4476,-0.0431,0.0385,-0.0193,0.9991,90.000,nan,nan,nan,0.0000,0.0000,0.0000,nan,nan,nan,-10235.1420,-1257.4220,-268.7081,-10235.1420,-1257.4220,-268.7081,12.000,0,nan,nan
0.6130,96.0667,0,-9967.1829,-1391.7019,-301.6257,nan,nan,nan,0.4791,-0.8777,0.0000,0.8777,0.4791,0.0000,-0.0000,0.0000,1.0000,0.0000,0.0000,0.0000,0.0000,0.0000,0.0000,-10235.1420,-1257.4220,-268.7081,nan,nan,nan,0.8932,-0.4476,-0.0431,0.0385,-0.0193,0.9991,90.000,nan,nan,nan,0.0000,0.0000,0.0000,nan,nan,nan,-10235.1420,-1257.4220,-268.7081,-10235.1420,-1257.4220,-268.7081,12.000,0,nan,nan
0.6380,96.1000,0,-9967.1829,-1391.7019,-301.6257,nan,nan,nan,0.4791,-0.8777,0.0000,0.8777,0.4791,0.0000,-0.0000,0.0000,1.0000,0.0000,0.0000,0.0000,0.0000,0.0000,0.0000,-10235.1420,-1257.4220,-268.7081,nan,nan,nan,0.8932,-0.4476,-0.0431,0.0385,-0.0193,0.9991,90.000,nan,nan,nan,0.0000,0.0000,0.0000,nan,nan,nan,-10235.1420,-1257.4220,-268.7081,-10235.1420,-1257.4220,-268.7081,12.000,0,nan,nan
0.6640,96.1333,0,-9967.1829,-1391.7019,-301.6257,nan,nan,nan,0.4791,-0.8777,0.0000,0.8777,0.4791,0.0000,-0.0000,0.0000,1.0000,0.0000,0.0000,0.0000,0.0000,0.0000,0.0000,-10235.1420,-1257.4220,-268.7081,nan,nan,nan,0.8932,-0.4476,-0.0431,0.0385,-0.0193,0.9991,90.000,nan,nan,nan,0.0000,0.0000,0.0000,nan,nan,nan,-10235.1420,-1257.4220,-268.7081,-10235.1420,-1257.4220,-268.7081,12.000,0,nan,nan
0.6900,96.1500,0,-9967.1829,-1391.7019,-301.6257,nan,nan,nan,0.4791,-0.8777,0.0000,0.8777,0.4791,0.0000,-0.0000,0.0000,1.0000,0.0000,0.0000,0.0000,0.0000,0.0000,0.0000,-10235.1420,-1257.4220,-268.7081,nan,nan,nan,0.8932,-0.4476,-0.0431,0.0385,-0.0193,0.9991,90.000,nan,nan,nan,0.0000,0.0000,0.0000,nan,nan,nan,-10235.1420,-1257.4220,-268.7081,-10235.1420,-1257.4220,-268.7081,12.000,0,nan,nan
0.7160,96.1833,0,-9967.1829,-1391.7019,-301.6257,nan,nan,nan,0.4791,-0.8777,0.0000,0.8777,0.4791,0.0000,-0.0000,0.0000,1.0000,0.0000,0.0000,0.0000,0.0000,0.0000,0.0000,-10235.1420,-1257.4220,-268.7081,nan,nan,nan,0.8932,-0.4476,-0.0431,0.0385,-0.0193,0.9991,90.000,nan,nan,nan,0.0000,0.0000,0.0000,nan,nan,nan,-10235.1420,-1257.4220,-268.7081,-10235.1420,-1257.4220,-268.7081,12.000,0,nan,nan
0.7420,96.2000,0,-9967.1829,-1391.7019,-301.6257,nan,nan,nan,0.4791,-0.8777,0.0000,0.8777,0.4791,0.0000,-0.0000,0.0000,1.0000,0.0000,0.0000,0.0000,0.0000,0.0000,0.0000,-10235.1420,-1257.4220,-268.7081,nan,nan,nan,0.8932,-0.4476,-0.0431,0.0385,-0.0193,0.9991,90.000,nan,nan,nan,0.0000,0.0000,0.0000,nan,nan,nan,-10235.1420,-1257.4220,-268.7081,-10235.1420,-1257.4220,-268.7081,12.000,0,nan,nan
0.7680,96.2333,0,-9967.1829,-1391.7019,-301.6257,nan,nan,nan,0.4791,-0.8777,0.0000,0.8777,0.4791,0.0000,-0.0000,0.0000,1.0000,0.0000,0.0000,0.0000,0.0000,0.0000,0.0000,-10235.1420,-1257.4220,-268.7081,nan,nan,nan,0.8932,-0.4476,-0.0431,0.0385,-0.0193,0.9991,90.000,nan,nan,nan,0.0000,0.0000,0.0000,nan,nan,nan,-10235.1420,-1257.4220,-268.7081,-10235.1420,-1257.4220,-268.7081,12.000,0,nan,nan
0.7950,96.2667,0,-9967.1829,-1391.7019,-301.6257,nan,nan,nan,0.4791,-0.8777,0.0000,0.8777,0.4791,0.0000,-0.0000,0.0000,1.0000,0.0000,0.0000,0.0000,0.0000,0.0000,0.0000,-10235.1420,-1257.4220,-268.7081,nan,nan,nan,0.8932,-0.4476,-0.0431,0.0385,-0.0193,0.9991,90.000,nan,nan,nan,0.0000,0.0000,0.0000,nan,nan,nan,-10235.1420,-1257.4220,-268.7081,-10235.1420,-1257.4220,-268.7081,12.000,0,nan,nan
0.8210,96.2833,0,-9967.1829,-1391.7019,-301.6257,nan,nan,nan,0.4791,-0.8777,0.0000,0.8777,0.4791,0.0000,-0.0000,0.0000,1.0000,0.0000,0.0000,0.0000,0.0000,0.0000,0.0000,-10235.1420,-1257.4220,-268.7081,nan,nan,nan,0.8932,-0.4476,-0.0431,0.0385,-0.0193,0.9991,90.000,nan,nan,nan,0.0000,0.0000,0.0000,nan,nan,nan,-10235.1420,-1257.4220,-268.7081,-10235.1420,-1257.4220,-268.7081,12.000,0,nan,nan
0.8490,96.3167,0,-9967.1829,-1391.7019,-301.6257,nan,nan,nan,0.4791,-0.8777,0.0000,0.8777,0.4791,0.0000,-0.0000,0.0000,1.0000,0.0000,0.0000,0.0000,0.0000,0.0000,0.0000,-10235.1420,-1257.4220,-268.7081,nan,nan,nan,0.8932,-0.4476,-0.0431,0.0385,-0.0193,0.9991,90.000,nan,nan,nan,0.0000,0.0000,0.0000,nan,nan,nan,-10235.1420,-1257.4220,-268.7081,-10235.1420,-1257.4220,-268.7081,12.000,0,nan,nan
0.8760,96.3333,0,-9967.1829,-1391.7019,-301.6257,nan,nan,nan,0.4791,-0.8777,0.0000,0.8777,0.4791,0.0000,-0.0000,0.0000,1.0000,0.0000,0.0000,0.0000,0.0000,0.0000,0.0000,-10235.1420,-1257.4220,-268.7081,nan,nan,nan,0.8932,-0.4476,-0.0431,0.0385,-0.0193,0.9991,90.000,nan,nan,nan,0.0000,0.0000,0.0000,nan,nan,nan,-10235.1420,-1257.4220,-268.7081,-10235.1420,-1257.4220,-268.7081,12.000,0,nan,nan
0.9020,96.3667,0,-9967.1829,-1391.7019,-301.6257,nan,nan,nan,0.4791,-0.8777,0.0000,0.8777,0.4791,0.0000,-0.0000,0.0000,1.0000,0.0000,0.0000,0.0000,0.0000,0.0000,0.0000,-10235.1420,-1257.4220,-268.7081,nan,nan,nan,0.8932,-0.4476,-0.0431,0.0385,-0.0193,0.9991,90.000,nan,nan,nan,0.0000,0.0000,0.0000,nan,nan,nan,-10235.1420,-1257.4220,-268.7081,-10235.1420,-1257.4220,-268.7081,12.000,0,nan,nan
0.9280,96.4000,0,-9967.1829,-1391.7019,-301.6257,nan,nan,nan,0.4791,-0.8777,0.0000,0.8777,0.4791,0.0000,-0.0000,0.0000,1.0000,0.0000,0.0000,0.0000,0.0000,0.0000,0.0000,-10235.1420,-1257.4220,-268.7081,nan,nan,nan,0.8932,-0.4476,-0.0431,0.0385,-0.0193,0.9991,90.000,nan,nan,nan,0.0000,0.0000,0.0000,nan,nan,nan,-10235.1420,-1257.4220,-268.7081,-10235.1420,-1257.4220,-268.7081,12.000,0,nan,nan
0.9540,96.4167,0,-9967.1829,-1391.7019,-301.6257,nan,nan,nan,0.4791,-0.8777,0.0000,0.8777,0.4791,0.0000,-0.0000,0.0000,1.0000,0.0000,0.0000,0.0000,0.0000,0.0000,0.0000,-10235.1420,-1257.4220,-268.7081,nan,nan,nan,0.8932,-0.4476,-0.0431,0.0385,-0.0193,0.9991,90.000,nan,nan,nan,0.0000,0.0000,0.0000,nan,nan,nan,-10235.1420,-1257.4220,-268.7081,-10235.1420,-1257.4220,-268.7081,12.000,0,nan,nan
0.9810,96.4500,0,-9967.1829,-1391.7019,-301.6257,nan,nan,nan,0.4791,-0.8777,0.0000,0.8777,0.4791,0.0000,-0.0000,0.0000,1.0000,0.0000,0.0000,0.0000,0.0000,0.0000,0.0000,-10235.1420,-1257.4220,-268.7081,nan,nan,nan,0.8932,-0.4476,-0.0431,0.0385,-0.0193,0.9991,90.000,nan,nan,nan,0.0000,0.0000,0.0000,nan,nan,nan,-10235.1420,-1257.4220,-268.7081,-10235.1420,-1257.4220,-268.7081,12.000,0,nan,nan
1.0070,96.4667,0,-9967.1829,-1391.7019,-301.6257,nan,nan,nan,0.4791,-0.8777,0.0000,0.8777,0.4791,0.0000,-0.0000,0.0000,1.0000,0.0000,0.0000,0.0000,0.0000,0.0000,0.0000,-10235.1420,-1257.4220,-268.7081,nan,nan,nan,0.8932,-0.4476,-0.0431,0.0385,-0.0193,0.9991,90.000,nan,nan,nan,0.0000,0.0000,0.0000,nan,nan,nan,-10235.1420,-1257.4220,-268.7081,-10235.1420,-1257.4220,-268.7081,12.000,0,nan,nan
1.0330,96.5000,0,-9967.1829,-1391.7019,-301.6257,nan,nan,nan,0.4791,-0.8777,0.0000,0.8777,0.4791,0.0000,-0.0000,0.0000,1.0000,0.0000,0.0000,0.0000,0.0000,0.0000,0.0000,-10235.1420,-1257.4220,-268.7081,nan,nan,nan,0.8932,-0.4476,-0.0431,0.0385,-0.0193,0.9991,90.000,nan,nan,nan,0.0000,0.0000,0.0000,nan,nan,nan,-10235.1420,-1257.4220,-268.7081,-10235.1420,-1257.4220,-268.7081,12.000,0,nan,nan
1.0590,96.5167,0,-9967.1829,-1391.7019,-301.6257,nan,nan,nan,0.4791,-0.8777,0.0000,0.8777,0.4791,0.0000,-0.0000,0.0000,1.0000,0.0000,0.0000,0.0000,0.0000,0.0000,0.0000,-10235.1420,-1257.4220,-268.7081,nan,nan,nan,0.8932,-0.4476,-0.0431,0.0385,-0.0193,0.9991,90.000,nan,nan,nan,0.0000,0.0000,0.0000,nan,nan,nan,-10235.1420,-1257.4220,-268.7081,-10235.1420,-1257.4220,-268.7081,12.000,0,nan,nan
1.0860,96.5500,0,-9967.1829,-1391.7019,-301.6257,nan,nan,nan,0.4791,-0.8777,0.0000,0.8777,0.4791,0.0000,-0.0000,0.0000,1.0000,0.0000,0.0000,0.0000,0.0000,0.0000,0.0000,-10235.1420,-1257.4220,-268.7081,nan,nan,nan,0.8932,-0.4476,-0.0431,0.0385,-0.0193,0.9991,90.000,nan,nan,nan,0.0000,0.0000,0.0000,nan,nan,nan,-10235.1420,-1257.4220,-268.7081,-10235.1420,-1257.4220,-268.7081,12.000,0,nan,nan
1.1120,96.5833,0,-9967.1829,-1391.7019,-301.6257,nan,nan,nan,0.4791,-0.8777,0.0000,0.8777,0.4791,0.0000,-0.0000,0.0000,1.0000,0.0000,0.0000,0.0000,0.0000,0.0000,0.0000,-10235.1420,-1257.4220,-268.7081,nan,nan,nan,0.8932,-0.4476,-0.0431,0.0385,-0.0193,0.9991,90.000,nan,nan,nan,0.0000,0.0000,0.0000,nan,nan,nan,-10235.1420,-1257.4220,-268.7081,-10235.1420,-1257.4220,-268.7081,12.000,0,nan,nan
1.1380,96.6000,0,-9967.1829,-1391.7019,-301.6257,nan,nan,nan,0.4791,-0.8777,0.0000,0.8777,0.4791,0.0000,-0.0000,0.0000,1.0000,0.0000,0.0000,0.0000,0.0000,0.0000,0.0000,-10235.1420,-1257.4220,-268.7081,nan,nan,nan,0.8932,-0.4476,-0.0431,0.0385,-0.0193,0.9991,90.000,nan,nan,nan,0.0000,0.0000,0.0000,nan,nan,nan,-10235.1420,-1257.4220,-268.7081,-10235.1420,-1257.4220,-268.7081,12.000,0,nan,nan
1.1640,96.6333,0,-9967.1829,-1391.7019,-301.6257,nan,nan,nan,0.4791,-0.8777,0.0000,0.8777,0.4791,0.0000,-0.0000,0.0000,1.0000,0.0000,0.0000,0.0000,0.0000,0.0000,0.0000,-10235.1420,-1257.4220,-268.7081,nan,nan,nan,0.8932,-0.4476,-0.0431,0.0385,-0.0193,0.9991,90.000,nan,nan,nan,0.0000,0.0000,0.0000,nan,nan,nan,-10235.1420,-1257.4220,-268.7081,-10235.1420,-1257.4220,-268.7081,12.000,0,nan,nan
1.1920,96.6500,0,-9967.1829,-1391.7019,-301.6257,nan,nan,nan,0.4791,-0.8777,0.0000,0.8777,0.4791,0.0000,-0.0000,0.0000,1.0000,0.0000,0.0000,0.0000,0.0000,0.0000,0.0000,-10235.1420,-1257.4220,-268.7081,nan,nan,nan,0.8932,-0.4476,-0.0431,0.0385,-0.0193,0.9991,90.000,nan,nan,nan,0.0000,0.0000,0.0000,nan,nan,nan,-10235.1420,-1257.4220,-268.7081,-10235.1420,-1257.4220,-268.7081,12.000,0,nan,nan
1.2180,96.6833,0,-9967.1829,-1391.7019,-301.6257,nan,nan,nan,0.4791,-0.8777,0.0000,0.8777,0.4791,0.0000,-0.0000,0.0000,1.0000,0.0000,0.0000,0.0000,0.0000,0.0000,0.0000,-10235.1420,-1257.4220,-268.7081,nan,nan,nan,0.8932,-0.4476,-0.0431,0.0385,-0.0193,0.9991,90.000,nan,nan,nan,0.0000,0.0000,0.0000,nan,nan,nan,-10235.1420,-1257.4220,-268.7081,-10235.1420,-1257.4220,-268.7081,12.000,0,nan,nan
1.2450,96.7167,0,-9967.1829,-1391.7019,-301.6257,nan,nan,nan,0.4791,-0.8777,0.0000,0.8777,0.4791,0.0000,-0.0000,0.0000,1.0000,0.0000,0.0000,0.0000,0.0000,0.0000,0.0000,-10235.1420,-1257.4220,-268.7081,nan,nan,nan,0.8932,-0.4476,-0.0431,0.0385,-0.0193,0.9991,90.000,nan,nan,nan,0.0000,0.0000,0.0000,nan,nan,nan,-10235.1420,-1257.4220,-268.7081,-10235.1420,-1257.4220,-268.7081,12.000,0,nan,nan
1.2720,96.7333,0,-9967.1829,-1391.7019,-301.6257,nan,nan,nan,0.4791,-0.8777,0.0000,0.8777,0.4791,0.0000,-0.0000,0.0000,1.0000,0.0000,0.0000,0.0000,0.0000,0.0000,0.0000,-10235.1420,-1257.4220,-268.7081,nan,nan,nan,0.8932,-0.4476,-0.0431,0.0385,-0.0193,0.9991,90.000,nan,nan,nan,0.0000,0.0000,0.0000,nan,nan,nan,-10235.1420,-1257.4220,-268.7081,-10235.1420,-1257.4220,-268.7081,12.000,0,nan,nan
1.2990,96.7667,0,-9967.1829,-1391.7019,-301.6257,nan,nan,nan,0.4791,-0.8777,0.0000,0.8777,0.4791,0.0000,-0.0000,0.0000,1.0000,0.0000,0.0000,0.0000,0.0000,0.0000,0.0000,-10235.1420,-1257.4220,-268.7081,nan,nan,nan,0.8932,-0.4476,-0.0431,0.0385,-0.0193,0.9991,90.000,nan,nan,nan,0.0000,0.0000,0.0000,nan,nan,nan,-10235.1420,-1257.4220,-268.7081,-10235.1420,-1257.4220,-268.7081,12.000,0,nan,nan
1.3270,96.7833,0,-9967.1829,-1391.7019,-301.6257,nan,nan,nan,0.4791,-0.8777,0.0000,0.8777,0.4791,0.0000,-0.0000,0.0000,1.0000,0.0000,0.0000,0.0000,0.0000,0.0000,0.0000,-10235.1420,-1257.4220,-268.7081,nan,nan,nan,0.8932,-0.4476,-0.0431,0.0385,-0.0193,0.9991,90.000,nan,nan,nan,0.0000,0.0000,0.0000,nan,nan,nan,-10235.1420,-1257.4220,-268.7081,-10235.1420,-1257.4220,-268.7081,12.000,0,nan,nan
1.3530,96.8167,0,-9967.1829,-1391.7019,-301.6257,nan,nan,nan,0.4791,-0.8777,0.0000,0.8777,0.4791,0.0000,-0.0000,0.0000,1.0000,0.0000,0.0000,0.0000,0.0000,0.0000,0.0000,-10235.1420,-1257.4220,-268.7081,nan,nan,nan,0.8932,-0.4476,-0.0431,0.0385,-0.0193,0.9991,90.000,nan,nan,nan,0.0000,0.0000,0.0000,nan,nan,nan,-10235.1420,-1257.4220,-268.7081,-10235.1420,-1257.4220,-268.7081,12.000,0,nan,nan
1.3790,96.8500,0,-9967.1829,-1391.7019,-301.6257,nan,nan,nan,0.4791,-0.8777,0.0000,0.8777,0.4791,0.0000,-0.0000,0.0000,1.0000,0.0000,0.0000,0.0000,0.0000,0.0000,0.0000,-10235.1420,-1257.4220,-268.7081,nan,nan,nan,0.8932,-0.4476,-0.0431,0.0385,-0.0193,0.9991,90.000,nan,nan,nan,0.0000,0.0000,0.0000,nan,nan,nan,-10235.1420,-1257.4220,-268.7081,-10235.1420,-1257.4220,-268.7081,12.000,0,nan,nan
1.4070,96.8667,0,-9967.1829,-1391.7019,-301.6257,nan,nan,nan,0.4791,-0.8777,0.0000,0.8777,0.4791,0.0000,-0.0000,0.0000,1.0000,0.0000,0.0000,0.0000,0.0000,0.0000,0.0000,-10235.1420,-1257.4220,-268.7081,nan,nan,nan,0.8932,-0.4476,-0.0431,0.0385,-0.0193,0.9991,90.000,nan,nan,nan,0.0000,0.0000,0.0000,nan,nan,nan,-10235.1420,-1257.4220,-268.7081,-10235.1420,-1257.4220,-268.7081,12.000,0,nan,nan
1.4320,96.9000,0,-9967.1829,-1391.7019,-301.6257,nan,nan,nan,0.4791,-0.8777,0.0000,0.8777,0.4791,0.0000,-0.0000,0.0000,1.0000,0.0000,0.0000,0.0000,0.0000,0.0000,0.0000,-10235.1420,-1257.4220,-268.7081,nan,nan,nan,0.8932,-0.4476,-0.0431,0.0385,-0.0193,0.9991,90.000,nan,nan,nan,0.0000,0.0000,0.0000,nan,nan,nan,-10235.1420,-1257.4220,-268.7081,-10235.1420,-1257.4220,-268.7081,12.000,0,nan,nan
1.4580,96.9167,0,-9967.1829,-1391.7019,-301.6257,nan,nan,nan,0.4791,-0.8777,0.0000,0.8777,0.4791,0.0000,-0.0000,0.0000,1.0000,0.0000,0.0000,0.0000,0.0000,0.0000,0.0000,-10235.1420,-1257.4220,-268.7081,nan,nan,nan,0.8932,-0.4476,-0.0431,0.0385,-0.0193,0.9991,90.000,nan,nan,nan,0.0000,0.0000,0.0000,nan,nan,nan,-10235.1420,-1257.4220,-268.7081,-10235.1420,-1257.4220,-268.7081,12.000,0,nan,nan
1.4840,96.9500,0,-9967.1829,-1391.7019,-301.6257,nan,nan,nan,0.4791,-0.8777,0.0000,0.8777,0.4791,0.0000,-0.0000,0.0000,1.0000,0.0000,0.0000,0.0000,0.0000,0.0000,0.0000,-10235.1420,-1257.4220,-268.7081,nan,nan,nan,0.8932,-0.4476,-0.0431,0.0385,-0.0193,0.9991,90.000,nan,nan,nan,0.0000,0.0000,0.0000,nan,nan,nan,-10235.1420,-1257.4220,-268.7081,-10235.1420,-1257.4220,-268.7081,12.000,0,nan,nan
1.5110,96.9833,0,-9967.1829,-1391.7019,-301.6257,nan,nan,nan,0.4791,-0.8777,0.0000,0.8777,0.4791,0.0000,-0.0000,0.0000,1.0000,0.0000,0.0000,0.0000,0.0000,0.0000,0.0000,-10235.1420,-1257.4220,-268.7081,nan,nan,nan,0.8932,-0.4476,-0.0431,0.0385,-0.0193,0.9991,90.000,nan,nan,nan,0.0000,0.0000,0.0000,nan,nan,nan,-10235.1420,-1257.4220,-268.7081,-10235.1420,-1257.4220,-268.7081,12.000,0,nan,nan
1.5380,97.0000,0,-9967.1829,-1391.7019,-301.6257,nan,nan,nan,0.4791,-0.8777,0.0000,0.8777,0.4791,0.0000,-0.0000,0.0000,1.0000,0.0000,0.0000,0.0000,0.0000,0.0000,0.0000,-10235.1420,-1257.4220,-268.7081,nan,nan,nan,0.8932,-0.4476,-0.0431,0.0385,-0.0193,0.9991,90.000,nan,nan,nan,0.0000,0.0000,0.0000,nan,nan,nan,-10235.1420,-1257.4220,-268.7081,-10235.1420,-1257.4220,-268.7081,12.000,0,nan,nan
1.5640,97.0333,0,-9967.1829,-1391.7019,-301.6257,nan,nan,nan,0.4791,-0.8777,0.0000,0.8777,0.4791,0.0000,-0.0000,0.0000,1.0000,0.0000,0.0000,0.0000,0.0000,0.0000,0.0000,-10235.1420,-1257.4220,-268.7081,nan,nan,nan,0.8932,-0.4476,-0.0431,0.0385,-0.0193,0.9991,90.000,nan,nan,nan,0.0000,0.0000,0.0000,nan,nan,nan,-10235.1420,-1257.4220,-268.7081,-10235.1420,-1257.4220,-268.7081,12.000,0,nan,nan
1.5910,97.0500,0,-9967.1829,-1391.7019,-301.6257,nan,nan,nan,0.4791,-0.8777,0.0000,0.8777,0.4791,0.0000,-0.0000,0.0000,1.0000,0.0000,0.0000,0.0000,0.0000,0.0000,0.0000,-10235.1420,-1257.4220,-268.7081,nan,nan,nan,0.8932,-0.4476,-0.0431,0.0385,-0.0193,0.9991,90.000,nan,nan,nan,0.0000,0.0000,0.0000,nan,nan,nan,-10235.1420,-1257.4220,-268.7081,-10235.1420,-1257.4220,-268.7081,12.000,0,nan,nan
1.6190,97.0833,0,-9967.1829,-1391.7019,-301.6257,nan,nan,nan,0.4791,-0.8777,0.0000,0.8777,0.4791,0.0000,-0.0000,0.0000,1.0000,0.0000,0.0000,0.0000,0.0000,0.0000,0.0000,-10235.1420,-1257.4220,-268.7081,nan,nan,nan,0.8932,-0.4476,-0.0431,0.0385,-0.0193,0.9991,90.000,nan,nan,nan,0.0000,0.0000,0.0000,nan,nan,nan,-10235.1420,-1257.4220,-268.7081,-10235.1420,-1257.4220,-268.7081,12.000,0,nan,nan
1.6450,97.1167,0,-9967.1829,-1391.7019,-301.6257,nan,nan,nan,0.4791,-0.8777,0.0000,0.8777,0.4791,0.0000,-0.0000,0.0000,1.0000,0.0000,0.0000,0.0000,0.0000,0.0000,0.0000,-10235.1420,-1257.4220,-268.7081,nan,nan,nan,0.8932,-0.4476,-0.0431,0.0385,-0.0193,0.9991,90.000,nan,nan,nan,0.0000,0.0000,0.0000,nan,nan,nan,-10235.1420,-1257.4220,-268.7081,-10235.1420,-1257.4220,-268.7081,12.000,0,nan,nan
1.6710,97.1333,0,-9967.1829,-1391.7019,-301.6257,nan,nan,nan,0.4791,-0.8777,0.0000,0.8777,0.4791,0.0000,-0.0000,0.0000,1.0000,0.0000,0.0000,0.0000,0.0000,0.0000,0.0000,-10235.1420,-1257.4220,-268.7081,nan,nan,nan,0.8932,-0.4476,-0.0431,0.0385,-0.0193,0.9991,90.000,nan,nan,nan,0.0000,0.0000,0.0000,nan,nan,nan,-10235.1420,-1257.4220,-268.7081,-10235.1420,-1257.4220,-268.7081,12.000,0,nan,nan
1.6980,97.1667,0,-9967.1829,-1391.7019,-301.6257,nan,nan,nan,0.4791,-0.8777,0.0000,0.8777,0.4791,0.0000,-0.0000,0.0000,1.0000,0.0000,0.0000,0.0000,0.0000,0.0000,0.0000,-10235.1420,-1257.4220,-268.7081,nan,nan,nan,0.8932,-0.4476,-0.0431,0.0385,-0.0193,0.9991,90.000,nan,nan,nan,0.0000,0.0000,0.0000,nan,nan,nan,-10235.1420,-1257.4220,-268.7081,-10235.1420,-1257.4220,-268.7081,12.000,0,nan,nan
1.7250,97.1833,0,-9967.1829,-1391.7019,-301.6257,nan,nan,nan,0.4791,-0.8777,0.0000,0.8777,0.4791,0.0000,-0.0000,0.0000,1.0000,0.0000,0.0000,0.0000,0.0000,0.0000,0.0000,-10235.1420,-1257.4220,-268.7081,nan,nan,nan,0.8932,-0.4476,-0.0431,0.0385,-0.0193,0.9991,90.000,nan,nan,nan,0.0000,0.0000,0.0000,nan,nan,nan,-10235.1420,-1257.4220,-268.7081,-10235.1420,-1257.4220,-268.7081,12.000,0,nan,nan
1.7510,97.2167,0,-9967.1829,-1391.7019,-301.6257,nan,nan,nan,0.4791,-0.8777,0.0000,0.8777,0.4791,0.0000,-0.0000,0.0000,1.0000,0.0000,0.0000,0.0000,0.0000,0.0000,0.0000,-10235.1420,-1257.4220,-268.7081,nan,nan,nan,0.8932,-0.4476,-0.0431,0.0385,-0.0193,0.9991,90.000,nan,nan,nan,0.0000,0.0000,0.0000,nan,nan,nan,-10235.1420,-1257.4220,-268.7081,-10235.1420,-1257.4220,-268.7081,12.000,0,nan,nan
1.7790,97.2500,0,-9967.1829,-1391.7019,-301.6257,nan,nan,nan,0.4791,-0.8777,0.0000,0.8777,0.4791,0.0000,-0.0000,0.0000,1.0000,0.0000,0.0000,0.0000,0.0000,0.0000,0.0000,-10235.1420,-1257.4220,-268.7081,nan,nan,nan,0.8932,-0.4476,-0.0431,0.0385,-0.0193,0.9991,90.000,nan,nan,nan,0.0000,0.0000,0.0000,nan,nan,nan,-10235.1420,-1257.4220,-268.7081,-10235.1420,-1257.4220,-268.7081,12.000,0,nan,nan
1.8040,97.2667,0,-9967.1829,-1391.7019,-301.6257,nan,nan,nan,0.4791,-0.8777,0.0000,0.8777,0.4791,0.0000,-0.0000,0.0000,1.0000,0.0000,0.0000,0.0000,0.0000,0.0000,0.0000,-10235.1420,-1257.4220,-268.7081,nan,nan,nan,0.8932,-0.4476,-0.0431,0.0385,-0.0193,0.9991,90.000,nan,nan,nan,0.0000,0.0000,0.0000,nan,nan,nan,-10235.1420,-1257.4220,-268.7081,-10235.1420,-1257.4220,-268.7081,12.000,0,nan,nan
1.8310,97.3000,0,-9967.1829,-1391.7019,-301.6257,nan,nan,nan,0.4791,-0.8777,0.0000,0.8777,0.4791,0.0000,-0.0000,0.0000,1.0000,0.0000,0.0000,0.0000,0.0000,0.0000,0.0000,-10235.1420,-1257.4220,-268.7081,nan,nan,nan,0.8932,-0.4476,-0.0431,0.0385,-0.0193,0.9991,90.000,nan,nan,nan,0.0000,0.0000,0.0000,nan,nan,nan,-10235.1420,-1257.4220,-268.7081,-10235.1420,-1257.4220,-268.7081,12.000,0,nan,nan
1.8580,97.3167,0,-9967.1829,-1391.7019,-301.6257,nan,nan,nan,0.4791,-0.8777,0.0000,0.8777,0.4791,0.0000,-0.0000,0.0000,1.0000,0.0000,0.0000,0.0000,0.0000,0.0000,0.0000,-10235.1420,-1257.4220,-268.7081,nan,nan,nan,0.8932,-0.4476,-0.0431,0.0385,-0.0193,0.9991,90.000,nan,nan,nan,0.0000,0.0000,0.0000,nan,nan,nan,-10235.1420,-1257.4220,-268.7081,-10235.1420,-1257.4220,-268.7081,12.000,0,nan,nan
1.8840,97.3500,0,-9967.1829,-1391.7019,-301.6257,nan,nan,nan,0.4791,-0.8777,0.0000,0.8777,0.4791,0.0000,-0.0000,0.0000,1.0000,0.0000,0.0000,0.0000,0.0000,0.0000,0.0000,-10235.1420,-1257.4220,-268.7081,nan,nan,nan,0.8932,-0.4476,-0.0431,0.0385,-0.0193,0.9991,90.000,nan,nan,nan,0.0000,0.0000,0.0000,nan,nan,nan,-10235.1420,-1257.4220,-268.7081,-10235.1420,-1257.4220,-268.7081,12.000,0,nan,nan
1.9110,97.3833,0,-9967.1829,-1391.7019,-301.6257,nan,nan,nan,0.4791,-0.8777,0.0000,0.8777,0.4791,0.0000,-0.0000,0.0000,1.0000,0.0000,0.0000,0.0000,0.0000,0.0000,0.0000,-10235.1420,-1257.4220,-268.7081,nan,nan,nan,0.8932,-0.4476,-0.0431,0.0385,-0.0193,0.9991,90.000,nan,nan,nan,0.0000,0.0000,0.0000,nan,nan,nan,-10235.1420,-1257.4220,-268.7081,-10235.1420,-1257.4220,-268.7081,12.000,0,nan,nan
1.9360,97.4000,0,-9967.1829,-1391.7019,-301.6257,nan,nan,nan,0.4791,-0.8777,0.0000,0.8777,0.4791,0.0000,-0.0000,0.0000,1.0000,0.0000,0.0000,0.0000,0.0000,0.0000,0.0000,-10235.1420,-1257.4220,-268.7081,nan,nan,nan,0.8932,-0.4476,-0.0431,0.0385,-0.0193,0.9991,90.000,nan,nan,nan,0.0000,0.0000,0.0000,nan,nan,nan,-10235.1420,-1257.4220,-268.7081,-10235.1420,-1257.4220,-268.7081,12.000,0,nan,nan
1.9640,97.4333,0,-9967.1829,-1391.7019,-301.6257,nan,nan,nan,0.4791,-0.8777,0.0000,0.8777,0.4791,0.0000,-0.0000,0.0000,1.0000,0.0000,0.0000,0.0000,0.0000,0.0000,0.0000,-10235.1420,-1257.4220,-268.7081,nan,nan,nan,0.8932,-0.4476,-0.0431,0.0385,-0.0193,0.9991,90.000,nan,nan,nan,0.0000,0.0000,0.0000,nan,nan,nan,-10235.1420,-1257.4220,-268.7081,-10235.1420,-1257.4220,-268.7081,12.000,0,nan,nan
1.9910,97.4500,0,-9967.1829,-1391.7019,-301.6257,nan,nan,nan,0.4791,-0.8777,0.0000,0.8777,0.4791,0.0000,-0.0000,0.0000,1.0000,0.0000,0.0000,0.0000,0.0000,0.0000,0.0000,-10235.1420,-1257.4220,-268.7081,nan,nan,nan,0.8932,-0.4476,-0.0431,0.0385,-0.0193,0.9991,90.000,nan,nan,nan,0.0000,0.0000,0.0000,nan,nan,nan,-10235.1420,-1257.4220,-268.7081,-10235.1420,-1257.4220,-268.7081,12.000,0,nan,nan
2.0190,97.4833,0,-9967.1829,-1391.7019,-301.6257,nan,nan,nan,0.4791,-0.8777,0.0000,0.8777,0.4791,0.0000,-0.0000,0.0000,1.0000,0.0000,0.0000,0.0000,0.0000,0.0000,0.0000,-10235.1420,-1257.4220,-268.7081,nan,nan,nan,0.8932,-0.4476,-0.0431,0.0385,-0.0193,0.9991,90.000,nan,nan,nan,0.0000,0.0000,0.0000,nan,nan,nan,-10235.1420,-1257.4220,-268.7081,-10235.1420,-1257.4220,-268.7081,12.000,0,nan,nan
2.0450,97.5167,0,-9967.1829,-1391.7019,-301.6257,nan,nan,nan,0.4791,-0.8777,0.0000,0.8777,0.4791,0.0000,-0.0000,0.0000,1.0000,0.0000,0.0000,0.0000,0.0000,0.0000,0.0000,-10235.1420,-1257.4220,-268.7081,nan,nan,nan,0.8932,-0.4476,-0.0431,0.0385,-0.0193,0.9991,90.000,nan,nan,nan,0.0000,0.0000,0.0000,nan,nan,nan,-10235.1420,-1257.4220,-268.7081,-10235.1420,-1257.4220,-268.7081,12.000,0,nan,nan
2.0710,97.5333,0,-9967.1829,-1391.7019,-301.6257,nan,nan,nan,0.4791,-0.8777,0.0000,0.8777,0.4791,0.0000,-0.0000,0.0000,1.0000,0.0000,0.0000,0.0000,0.0000,0.0000,0.0000,-10235.1420,-1257.4220,-268.7081,nan,nan,nan,0.8932,-0.4476,-0.0431,0.0385,-0.0193,0.9991,90.000,nan,nan,nan,0.0000,0.0000,0.0000,nan,nan,nan,-10235.1420,-1257.4220,-268.7081,-10235.1420,-1257.4220,-268.7081,12.000,0,nan,nan
2.0970,97.5667,0,-9967.1829,-1391.7019,-301.6257,nan,nan,nan,0.4791,-0.8777,0.0000,0.8777,0.4791,0.0000,-0.0000,0.0000,1.0000,0.0000,0.0000,0.0000,0.0000,0.0000,0.0000,-10235.1420,-1257.4220,-268.7081,nan,nan,nan,0.8932,-0.4476,-0.0431,0.0385,-0.0193,0.9991,90.000,nan,nan,nan,0.0000,0.0000,0.0000,nan,nan,nan,-10235.1420,-1257.4220,-268.7081,-10235.1420,-1257.4220,-268.7081,12.000,0,nan,nan
2.1230,97.5833,0,-9967.1829,-1391.7019,-301.6257,nan,nan,nan,0.4791,-0.8777,0.0000,0.8777,0.4791,0.0000,-0.0000,0.0000,1.0000,0.0000,0.0000,0.0000,0.0000,0.0000,0.0000,-10235.1420,-1257.4220,-268.7081,nan,nan,nan,0.8932,-0.4476,-0.0431,0.0385,-0.0193,0.9991,90.000,nan,nan,nan,0.0000,0.0000,0.0000,nan,nan,nan,-10235.1420,-1257.4220,-268.7081,-10235.1420,-1257.4220,-268.7081,12.000,0,nan,nan
2.1500,97.6167,0,-9967.1829,-1391.7019,-301.6257,nan,nan,nan,0.4791,-0.8777,0.0000,0.8777,0.4791,0.0000,-0.0000,0.0000,1.0000,0.0000,0.0000,0.0000,0.0000,0.0000,0.0000,-10235.1420,-1257.4220,-268.7081,nan,nan,nan,0.8932,-0.4476,-0.0431,0.0385,-0.0193,0.9991,90.000,nan,nan,nan,0.0000,0.0000,0.0000,nan,nan,nan,-10235.1420,-1257.4220,-268.7081,-10235.1420,-1257.4220,-268.7081,12.000,0,nan,nan
2.1770,97.6333,0,-9967.1829,-1391.7019,-301.6257,nan,nan,nan,0.4791,-0.8777,0.0000,0.8777,0.4791,0.0000,-0.0000,0.0000,1.0000,0.0000,0.0000,0.0000,0.0000,0.0000,0.0000,-10235.1420,-1257.4220,-268.7081,nan,nan,nan,0.8932,-0.4476,-0.0431,0.0385,-0.0193,0.9991,90.000,nan,nan,nan,0.0000,0.0000,0.0000,nan,nan,nan,-10235.1420,-1257.4220,-268.7081,-10235.1420,-1257.4220,-268.7081,12.000,0,nan,nan
2.2030,97.6667,0,-9967.1829,-1391.7019,-301.6257,nan,nan,nan,0.4791,-0.8777,0.0000,0.8777,0.4791,0.0000,-0.0000,0.0000,1.0000,0.0000,0.0000,0.0000,0.0000,0.0000,0.0000,-10235.1420,-1257.4220,-268.7081,nan,nan,nan,0.8932,-0.4476,-0.0431,0.0385,-0.0193,0.9991,90.000,nan,nan,nan,0.0000,0.0000,0.0000,nan,nan,nan,-10235.1420,-1257.4220,-268.7081,-10235.1420,-1257.4220,-268.7081,12.000,0,nan,nan
2.2300,97.7000,0,-9967.1829,-1391.7019,-301.6257,nan,nan,nan,0.4791,-0.8777,0.0000,0.8777,0.4791,0.0000,-0.0000,0.0000,1.0000,0.0000,0.0000,0.0000,0.0000,0.0000,0.0000,-10235.1420,-1257.4220,-268.7081,nan,nan,nan,0.8932,-0.4476,-0.0431,0.0385,-0.0193,0.9991,90.000,nan,nan,nan,0.0000,0.0000,0.0000,nan,nan,nan,-10235.1420,-1257.4220,-268.7081,-10235.1420,-1257.4220,-268.7081,12.000,0,nan,nan
2.2570,97.7167,0,-9967.1829,-1391.7019,-301.6257,nan,nan,nan,0.4791,-0.8777,0.0000,0.8777,0.4791,0.0000,-0.0000,0.0000,1.0000,0.0000,0.0000,0.0000,0.0000,0.0000,0.0000,-10235.1420,-1257.4220,-268.7081,nan,nan,nan,0.8932,-0.4476,-0.0431,0.0385,-0.0193,0.9991,90.000,nan,nan,nan,0.0000,0.0000,0.0000,nan,nan,nan,-10235.1420,-1257.4220,-268.7081,-10235.1420,-1257.4220,-268.7081,12.000,0,nan,nan
2.2830,97.7500,0,-9967.1829,-1391.7019,-301.6257,nan,nan,nan,0.4791,-0.8777,0.0000,0.8777,0.4791,0.0000,-0.0000,0.0000,1.0000,0.0000,0.0000,0.0000,0.0000,0.0000,0.0000,-10235.1420,-1257.4220,-268.7081,nan,nan,nan,0.8932,-0.4476,-0.0431,0.0385,-0.0193,0.9991,90.000,nan,nan,nan,0.0000,0.0000,0.0000,nan,nan,nan,-10235.1420,-1257.4220,-268.7081,-10235.1420,-1257.4220,-268.7081,12.000,0,nan,nan
2.3110,97.7667,0,-9967.1829,-1391.7019,-301.6257,nan,nan,nan,0.4791,-0.8777,0.0000,0.8777,0.4791,0.0000,-0.0000,0.0000,1.0000,0.0000,0.0000,0.0000,0.0000,0.0000,0.0000,-10235.1420,-1257.4220,-268.7081,nan,nan,nan,0.8932,-0.4476,-0.0431,0.0385,-0.0193,0.9991,90.000,nan,nan,nan,0.0000,0.0000,0.0000,nan,nan,nan,-10235.1420,-1257.4220,-268.7081,-10235.1420,-1257.4220,-268.7081,12.000,0,nan,nan
2.3370,97.8000,0,-9967.1829,-1391.7019,-301.6257,nan,nan,nan,0.4791,-0.8777,0.0000,0.8777,0.4791,0.0000,-0.0000,0.0000,1.0000,0.0000,0.0000,0.0000,0.0000,0.0000,0.0000,-10235.1420,-1257.4220,-268.7081,nan,nan,nan,0.8932,-0.4476,-0.0431,0.0385,-0.0193,0.9991,90.000,nan,nan,nan,0.0000,0.0000,0.0000,nan,nan,nan,-10235.1420,-1257.4220,-268.7081,-10235.1420,-1257.4220,-268.7081,12.000,0,nan,nan
2.3640,97.8333,0,-9967.1829,-1391.7019,-301.6257,nan,nan,nan,0.4791,-0.8777,0.0000,0.8777,0.4791,0.0000,-0.0000,0.0000,1.0000,0.0000,0.0000,0.0000,0.0000,0.0000,0.0000,-10235.1420,-1257.4220,-268.7081,nan,nan,nan,0.8932,-0.4476,-0.0431,0.0385,-0.0193,0.9991,90.000,nan,nan,nan,0.0000,0.0000,0.0000,nan,nan,nan,-10235.1420,-1257.4220,-268.7081,-10235.1420,-1257.4220,-268.7081,12.000,0,nan,nan
2.3900,97.8500,0,-9967.1829,-1391.7019,-301.6257,nan,nan,nan,0.4791,-0.8777,0.0000,0.8777,0.4791,0.0000,-0.0000,0.0000,1.0000,0.0000,0.0000,0.0000,0.0000,0.0000,0.0000,-10235.1420,-1257.4220,-268.7081,nan,nan,nan,0.8932,-0.4476,-0.0431,0.0385,-0.0193,0.9991,90.000,nan,nan,nan,0.0000,0.0000,0.0000,nan,nan,nan,-10235.1420,-1257.4220,-268.7081,-10235.1420,-1257.4220,-268.7081,12.000,0,nan,nan
2.4140,97.8833,0,-9967.1829,-1391.7019,-301.6257,nan,nan,nan,0.4791,-0.8777,0.0000,0.8777,0.4791,0.0000,-0.0000,0.0000,1.0000,0.0000,0.0000,0.0000,0.0000,0.0000,0.0000,-10235.1420,-1257.4220,-268.7081,nan,nan,nan,0.8932,-0.4476,-0.0431,0.0385,-0.0193,0.9991,90.000,nan,nan,nan,0.0000,0.0000,0.0000,nan,nan,nan,-10235.1420,-1257.4220,-268.7081,-10235.1420,-1257.4220,-268.7081,12.000,0,nan,nan
2.4420,97.9000,0,-9967.1829,-1391.7019,-301.6257,nan,nan,nan,0.4791,-0.8777,0.0000,0.8777,0.4791,0.0000,-0.0000,0.0000,1.0000,0.0000,0.0000,0.0000,0.0000,0.0000,0.0000,-10235.1420,-1257.4220,-268.7081,nan,nan,nan,0.8932,-0.4476,-0.0431,0.0385,-0.0193,0.9991,90.000,nan,nan,nan,0.0000,0.0000,0.0000,nan,nan,nan,-10235.1420,-1257.4220,-268.7081,-10235.1420,-1257.4220,-268.7081,12.000,0,nan,nan
2.4660,97.9333,0,-9967.1829,-1391.7019,-301.6257,nan,nan,nan,0.4791,-0.8777,0.0000,0.8777,0.4791,0.0000,-0.0000,0.0000,1.0000,0.0000,0.0000,0.0000,0.0000,0.0000,0.0000,-10235.1420,-1257.4220,-268.7081,nan,nan,nan,0.8932,-0.4476,-0.0431,0.0385,-0.0193,0.9991,90.000,nan,nan,nan,0.0000,0.0000,0.0000,nan,nan,nan,-10235.1420,-1257.4220,-268.7081,-10235.1420,-1257.4220,-268.7081,12.000,0,nan,nan
2.4940,97.9500,0,-9967.1829,-1391.7019,-301.6257,nan,nan,nan,0.4791,-0.8777,0.0000,0.8777,0.4791,0.0000,-0.0000,0.0000,1.0000,0.0000,0.0000,0.0000,0.0000,0.0000,0.0000,-10235.1420,-1257.4220,-268.7081,nan,nan,nan,0.8932,-0.4476,-0.0431,0.0385,-0.0193,0.9991,90.000,nan,nan,nan,0.0000,0.0000,0.0000,nan,nan,nan,-10235.1420,-1257.4220,-268.7081,-10235.1420,-1257.4220,-268.7081,12.000,0,nan,nan
2.5200,97.9833,0,-9967.1829,-1391.7019,-301.6257,nan,nan,nan,0.4791,-0.8777,0.0000,0.8777,0.4791,0.0000,-0.0000,0.0000,1.0000,0.0000,0.0000,0.0000,0.0000,0.0000,0.0000,-10235.1420,-1257.4220,-268.7081,nan,nan,nan,0.8932,-0.4476,-0.0431,0.0385,-0.0193,0.9991,90.000,nan,nan,nan,0.0000,0.0000,0.0000,nan,nan,nan,-10235.1420,-1257.4220,-268.7081,-10235.1420,-1257.4220,-268.7081,12.000,0,nan,nan
2.5450,98.0167,0,-9967.1829,-1391.7019,-301.6257,nan,nan,nan,0.4791,-0.8777,0.0000,0.8777,0.4791,0.0000,-0.0000,0.0000,1.0000,0.0000,0.0000,0.0000,0.0000,0.0000,0.0000,-10235.1420,-1257.4220,-268.7081,nan,nan,nan,0.8932,-0.4476,-0.0431,0.0385,-0.0193,0.9991,90.000,nan,nan,nan,0.0000,0.0000,0.0000,nan,nan,nan,-10235.1420,-1257.4220,-268.7081,-10235.1420,-1257.4220,-268.7081,12.000,0,nan,nan
2.5730,98.0333,0,-9966.8676,-1391.8393,-301.6257,nan,nan,nan,0.6708,-0.7416,0.0000,0.7416,0.6708,0.0000,-0.0000,0.0000,1.0000,0.0000,0.0000,0.0000,3.7836,-1.6490,0.0000,-10235.1204,-1257.4315,-268.7081,nan,nan,nan,0.8932,-0.4476,-0.0431,0.0385,-0.0193,0.9991,90.000,nan,nan,nan,0.0000,0.0000,0.0000,nan,nan,nan,-10235.1204,-1257.4315,-268.7081,-10235.1204,-1257.4315,-268.7081,12.000,1,nan,nan
2.6000,98.0667,0,-9965.8751,-1392.2749,-301.6257,nan,nan,nan,0.9157,-0.4019,0.0000,0.4019,0.9157,-0.0000,-0.0000,0.0000,1.0000,0.0000,0.0000,0.0000,10.4953,-4.5921,0.0000,-10234.9623,-1257.5008,-268.7081,nan,nan,nan,0.8932,-0.4476,-0.0431,0.0385,-0.0193,0.9991,90.000,nan,nan,nan,0.0000,0.0000,0.0000,nan,nan,nan,-10234.9623,-1257.5008,-268.7081,-10234.9623,-1257.5008,-268.7081,12.000,1,nan,nan
2.6270,98.0833,0,-9965.1733,-1392.5893,-301.6257,nan,nan,nan,0.9126,-0.4088,0.0000,0.4088,0.9126,-0.0000,-0.0000,0.0000,1.0000,0.0000,0.0000,0.0000,20.2588,-8.9532,0.0000,-10234.8237,-1257.5620,-268.7081,nan,nan,nan,0.8932,-0.4476,-0.0431,0.0385,-0.0193,0.9991,90.000,nan,nan,nan,0.0000,0.0000,0.0000,nan,nan,nan,-10234.8237,-1257.5620,-268.7081,-10234.8237,-1257.5620,-268.7081,12.000,1,nan,nan
2.6510,98.1167,0,-9963.4919,-1393.3506,-301.6257,nan,nan,nan,0.9110,-0.4125,0.0000,0.4125,0.9110,-0.0000,-0.0000,0.0000,1.0000,0.0000,0.0000,0.0000,32.3000,-14.3933,0.0000,-10234.3441,-1257.7766,-268.7081,nan,nan,nan,0.8932,-0.4476,-0.0431,0.0385,-0.0193,0.9991,90.000,nan,nan,nan,0.0000,0.0000,0.0000,nan,nan,nan,-10234.3441,-1257.7766,-268.7081,-10234.3441,-1257.7766,-268.7081,12.000,1,nan,nan
2.6760,98.1500,0,-9961.4499,-1394.2757,-301.6257,nan,nan,nan,0.9108,-0.4128,0.0000,0.4128,0.9108,-0.0000,-0.0000,0.0000,1.0000,0.0000,0.0000,0.0000,43.1764,-19.3834,0.0000,-10233.6125,-1258.1056,-268.7081,nan,nan,nan,0.8932,-0.4476,-0.0431,0.0385,-0.0193,0.9991,90.000,nan,nan,nan,0.0000,0.0000,0.0000,nan,nan,nan,-10233.6125,-1258.1056,-268.7081,-10233.6125,-1258.1056,-268.7081,12.000,1,nan,nan
2.7040,98.1667,0,-9960.3893,-1394.7575,-301.6257,nan,nan,nan,0.9105,-0.4135,0.0000,0.4135,0.9105,-0.0000,-0.0000,0.0000,1.0000,0.0000,0.0000,0.0000,52.1245,-23.5487,0.0000,-10233.2174,-1258.2836,-268.7081,nan,nan,nan,0.8932,-0.4476,-0.0431,0.0385,-0.0193,0.9991,90.000,nan,nan,nan,0.0000,0.0000,0.0000,nan,nan,nan,-10233.2174,-1258.2836,-268.7081,-10233.2174,-1258.2836,-268.7081,12.000,1,nan,nan
2.7300,98.2000,0,-9958.1896,-1395.6988,-301.6257,nan,nan,nan,0.9194,-0.3934,0.0000,0.3934,0.9194,-0.0000,-0.0000,0.0000,1.0000,0.0000,0.0000,0.0000,58.6913,-26.2572,0.0000,-10232.2477,-1258.7137,-268.7081,nan,nan,nan,0.8932,-0.4476,-0.0431,0.0385,-0.0193,0.9991,90.000,nan,nan,nan,0.0000,0.0000,0.0000,nan,nan,nan,-10232.2477,-1258.7137,-268.7081,-10232.2477,-1258.7137,-268.7081,12.000,1,nan,nan
2.7550,98.2167,0,-9957.0897,-1396.1695,-301.6257,nan,nan,nan,0.9194,-0.3934,0.0000,0.3934,0.9194,-0.0000,-0.0000,0.0000,1.0000,0.0000,0.0000,0.0000,63.1145,-27.8790,0.0000,-10231.7574,-1258.9301,-268.7081,nan,nan,nan,0.8932,-0.4476,-0.0431,0.0385,-0.0193,0.9991,90.000,nan,nan,nan,0.0000,0.0000,0.0000,nan,nan,nan,-10231.7574,-1258.9301,-268.7081,-10231.7574,-1258.9301,-268.7081,12.000,1,nan,nan
2.7820,98.2500,0,-9954.8768,-1397.0870,-301.6257,nan,nan,nan,0.9238,-0.3830,0.0000,0.3830,0.9238,-0.0000,-0.0000,0.0000,1.0000,0.0000,0.0000,0.0000,65.0250,-28.1573,0.0000,-10230.5703,-1259.4459,-268.7081,nan,nan,nan,0.8932,-0.4476,-0.0431,0.0385,-0.0193,0.9991,90.000,nan,nan,nan,0.0000,0.0000,0.0000,nan,nan,nan,-10230.5703,-1259.4459,-268.7081,-10230.5703,-1259.4459,-268.7081,12.000,1,nan,nan
2.8080,98.2667,0,-9953.7968,-1397.5333,-301.6257,nan,nan,nan,0.9242,-0.3820,0.0000,0.3820,0.9242,-0.0000,-0.0000,0.0000,1.0000,0.0000,0.0000,0.0000,65.6388,-27.7889,0.0000,-10229.9855,-1259.6986,-268.7081,nan,nan,nan,0.8932,-0.4476,-0.0431,0.0385,-0.0193,0.9991,90.000,nan,nan,nan,0.0000,0.0000,0.0000,nan,nan,nan,-10229.9855,-1259.6986,-268.7081,-10229.9855,-1259.6986,-268.7081,12.000,1,nan,nan
2.8350,98.3000,0,-9951.7166,-1398.3890,-301.6257,nan,nan,nan,0.9248,-0.3804,0.0000,0.3804,0.9248,-0.0000,-0.0000,0.0000,1.0000,0.0000,0.0000,0.0000,65.0441,-27.2012,0.0000,-10228.5742,-1260.3023,-268.7081,nan,nan,nan,0.8932,-0.4476,-0.0431,0.0385,-0.0193,0.9991,90.000,nan,nan,nan,0.0000,0.0000,0.0000,nan,nan,nan,-10228.5742,-1260.3023,-268.7081,-10228.5742,-1260.3023,-268.7081,12.000,1,nan,nan
2.8610,98.3333,0,-9949.7867,-1399.1845,-301.6257,nan,nan,nan,0.9245,-0.3811,0.0000,0.3811,0.9245,-0.0000,-0.0000,0.0000,1.0000,0.0000,0.0000,0.0000,63.3065,-26.2088,0.0000,-10227.0775,-1260.9384,-268.7081,nan,nan,nan,0.8932,-0.4476,-0.0431,0.0385,-0.0193,0.9991,90.000,nan,nan,nan,0.0000,0.0000,0.0000,nan,nan,nan,-10227.0775,-1260.9384,-268.7081,-10227.0775,-1260.9384,-268.7081,12.000,1,nan,nan
2.8880,98.3500,0,-9948.8749,-1399.5577,-301.6257,nan,nan,nan,0.9255,-0.3788,0.0000,0.3788,0.9255,-0.0000,-0.0000,0.0000,1.0000,0.0000,0.0000,0.0000,60.6228,-24.9835,0.0000,-10226.3775,-1261.2350,-268.7081,nan,nan,nan,0.8932,-0.4476,-0.0431,0.0385,-0.0193,0.9991,90.000,nan,nan,nan,0.0000,0.0000,0.0000,nan,nan,nan,-10226.3775,-1261.2350,-268.7081,-10226.3775,-1261.2350,-268.7081,12.000,1,nan,nan
2.9130,98.3833,0,-9947.0514,-1400.3040,-301.6257,nan,nan,nan,0.9255,-0.3788,0.0000,0.3788,0.9255,-0.0000,-0.0000,0.0000,1.0000,0.0000,0.0000,0.0000,58.0680,-23.8601,0.0000,-10224.7916,-1261.9032,-268.7081,nan,nan,nan,0.8932,-0.4476,-0.0431,0.0385,-0.0193,0.9991,90.000,nan,nan,nan,0.0000,0.0000,0.0000,nan,nan,nan,-10224.7916,-1261.9032,-268.7081,-10224.7916,-1261.9032,-268.7081,12.000,1,nan,nan
2.9410,98.4000,0,-9946.1661,-1400.6650,-301.6257,nan,nan,nan,0.9260,-0.3776,0.0000,0.3776,0.9260,-0.0000,-0.0000,0.0000,1.0000,0.0000,0.0000,0.0000,55.6987,-22.8330,0.0000,-10224.0569,-1262.2119,-268.7081,nan,nan,nan,0.8932,-0.4476,-0.0431,0.0385,-0.0193,0.9991,90.000,nan,nan,nan,0.0000,0.0000,0.0000,nan,nan,nan,-10224.0569,-1262.2119,-268.7081,-10224.0569,-1262.2119,-268.7081,12.000,1,nan,nan
2.9680,98.4333,0,-9944.4488,-1401.3626,-301.6257,nan,nan,nan,0.9265,-0.3763,0.0000,0.3763,0.9265,-0.0000,-0.0000,0.0000,1.0000,0.0000,0.0000,0.0000,53.9488,-22.0398,0.0000,-10222.4240,-1262.8947,-268.7081,nan,nan,nan,0.8932,-0.4476,-0.0431,0.0385,-0.0193,0.9991,90.000,nan,nan,nan,0.0000,0.0000,0.0000,nan,nan,nan,-10222.4240,-1262.8947,-268.7081,-10222.4240,-1262.8947,-268.7081,12.000,1,nan,nan
2.9950,98.4667,0,-9942.7849,-1402.0357,-301.6257,nan,nan,nan,0.9270,-0.3750,0.0000,0.3750,0.9270,-0.0000,-0.0000,0.0000,1.0000,0.0000,0.0000,0.0000,52.6409,-21.4419,0.0000,-10220.7861,-1263.5764,-268.7081,nan,nan,nan,0.8932,-0.4476,-0.0431,0.0385,-0.0193,0.9991,90.000,nan,nan,nan,0.0000,0.0000,0.0000,nan,nan,nan,-10220.7861,-1263.5764,-268.7081,-10220.7861,-1263.5764,-268.7081,12.000,1,nan,nan
3.0230,98.4833,0,-9941.9729,-1402.3632,-301.6257,nan,nan,nan,0.9274,-0.3740,0.0000,0.3740,0.9274,-0.0000,-0.0000,0.0000,1.0000,0.0000,0.0000,0.0000,51.1820,-20.7739,0.0000,-10220.0362,-1263.8878,-268.7081,nan,nan,nan,0.8932,-0.4476,-0.0431,0.0385,-0.0193,0.9991,90.000,nan,nan,nan,0.0000,0.0000,0.0000,nan,nan,nan,-10220.0362,-1263.8878,-268.7081,-10220.0362,-1263.8878,-268.7081,12.000,1,nan,nan
3.0500,98.5167,0,-9940.3610,-1403.0388,-301.6257,nan,nan,nan,0.9223,-0.3866,0.0000,0.3866,0.9223,-0.0000,-0.0000,0.0000,1.0000,0.0000,0.0000,0.0000,49.9393,-20.3625,0.0000,-10218.3922,-1264.5713,-268.7081,nan,nan,nan,0.8932,-0.4476,-0.0431,0.0385,-0.0193,0.9991,90.000,nan,nan,nan,0.0000,0.0000,0.0000,nan,nan,nan,-10218.3922,-1264.5713,-268.7081,-10218.3922,-1264.5713,-268.7081,12.000,1,nan,nan
3.0770,98.5333,0,-9939.5550,-1403.3766,-301.6257,nan,nan,nan,0.9223,-0.3866,0.0000,0.3866,0.9223,-0.0000,-0.0000,0.0000,1.0000,0.0000,0.0000,0.0000,49.0588,-20.1487,0.0000,-10217.6403,-1264.8841,-268.7081,nan,nan,nan,0.8932,-0.4476,-0.0431,0.0385,-0.0193,0.9991,90.000,nan,nan,nan,0.0000,0.0000,0.0000,nan,nan,nan,-10217.6403,-1264.8841,-268.7081,-10217.6403,-1264.8841,-268.7081,12.000,1,nan,nan
3.1030,98.5667,0,-9937.9430,-1404.0523,-301.6257,nan,nan,nan,0.9223,-0.3866,0.0000,0.3866,0.9223,-0.0000,-0.0000,0.0000,1.0000,0.0000,0.0000,0.0000,48.5710,-20.1208,0.0000,-10215.9925,-1265.5703,-268.7081,nan,nan,nan,0.8932,-0.4476,-0.0431,0.0385,-0.0193,0.9991,90.000,nan,nan,nan,0.0000,0.0000,0.0000,nan,nan,nan,-10215.9925,-1265.5703,-268.7081,-10215.9925,-1265.5703,-268.7081,12.000,1,nan,nan
3.1310,98.6000,0,-9936.3311,-1404.7279,-301.6257,nan,nan,nan,0.9223,-0.3866,0.0000,0.3866,0.9223,-0.0000,-0.0000,0.0000,1.0000,0.0000,0.0000,0.0000,48.4011,-20.2393,0.0000,-10214.3508,-1266.2546,-268.7081,nan,nan,nan,0.8932,-0.4476,-0.0431,0.0385,-0.0193,0.9991,90.000,nan,nan,nan,0.0000,0.0000,0.0000,nan,nan,nan,-10214.3508,-1266.2546,-268.7081,-10214.3508,-1266.2546,-268.7081,12.000,1,nan,nan
3.1580,98.6167,0,-9935.5251,-1405.0657,-301.6257,nan,nan,nan,0.9223,-0.3866,0.0000,0.3866,0.9223,-0.0000,-0.0000,0.0000,1.0000,0.0000,0.0000,0.0000,48.3672,-20.2630,0.0000,-10213.5997,-1266.5678,-268.7081,nan,nan,nan,0.8932,-0.4476,-0.0431,0.0385,-0.0193,0.9991,90.000,nan,nan,nan,0.0000,0.0000,0.0000,nan,nan,nan,-10213.5997,-1266.5678,-268.7081,-10213.5997,-1266.5678,-268.7081,12.000,1,nan,nan
3.1840,98.6500,0,-9933.9132,-1405.7413,-301.6257,nan,nan,nan,0.9223,-0.3866,0.0000,0.3866,0.9223,-0.0000,-0.0000,0.0000,1.0000,0.0000,0.0000,0.0000,48.3604,-20.2677,0.0000,-10211.9537,-1267.2547,-268.7081,nan,nan,nan,0.8932,-0.4476,-0.0431,0.0385,-0.0193,0.9991,90.000,nan,nan,nan,0.0000,0.0000,0.0000,nan,nan,nan,-10211.9537,-1267.2547,-268.7081,-10211.9537,-1267.2547,-268.7081,12.000,1,nan,nan
3.2120,98.6833,0,-9932.3012,-1406.4170,-301.6257,nan,nan,nan,0.9223,-0.3866,0.0000,0.3866,0.9223,-0.0000,-0.0000,0.0000,1.0000,0.0000,0.0000,0.0000,48.3590,-20.2686,0.0000,-10210.3134,-1267.9396,-268.7081,nan,nan,nan,0.8932,-0.4476,-0.0431,0.0385,-0.0193,0.9991,90.000,nan,nan,nan,0.0000,0.0000,0.0000,nan,nan,nan,-10210.3134,-1267.9396,-268.7081,-10210.3134,-1267.9396,-268.7081,12.000,1,nan,nan
3.2380,98.7000,0,-9931.4952,-1406.7548,-301.6257,nan,nan,nan,0.9223,-0.3866,0.0000,0.3866,0.9223,-0.0000,-0.0000,0.0000,1.0000,0.0000,0.0000,0.0000,48.3587,-20.2688,0.0000,-10209.5629,-1268.2530,-268.7081,nan,nan,nan,0.8932,-0.4476,-0.0431,0.0385,-0.0193,0.9991,90.000,nan,nan,nan,0.0000,0.0000,0.0000,nan,nan,nan,-10209.5629,-1268.2530,-268.7081,-10209.5629,-1268.2530,-268.7081,12.000,1,nan,nan
3.2660,98.7333,0,-9929.8833,-1407.4304,-301.6257,nan,nan,nan,0.9223,-0.3866,0.0000,0.3866,0.9223,-0.0000,-0.0000,0.0000,1.0000,0.0000,0.0000,0.0000,48.3587,-20.2689,0.0000,-10207.9180,-1268.9404,-268.7081,nan,nan,nan,0.8932,-0.4476,-0.0431,0.0385,-0.0193,0.9991,90.000,nan,nan,nan,0.0000,0.0000,0.0000,nan,nan,nan,-10207.9180,-1268.9404,-268.7081,-10207.9180,-1268.9404,-268.7081,12.000,1,nan,nan
3.2980,98.7500,0,-9929.0773,-1407.7682,-301.6257,nan,nan,nan,0.9223,-0.3866,0.0000,0.3866,0.9223,-0.0000,-0.0000,0.0000,1.0000,0.0000,0.0000,0.0000,48.3587,-20.2689,0.0000,-10207.1656,-1269.2548,-268.7081,nan,nan,nan,0.8932,-0.4476,-0.0431,0.0385,-0.0193,0.9991,90.000,nan,nan,nan,0.0000,0.0000,0.0000,nan,nan,nan,-10207.1656,-1269.2548,-268.7081,-10207.1656,-1269.2548,-268.7081,12.000,1,nan,nan
3.3210,98.7833,0,-9927.4653,-1408.4438,-301.6257,nan,nan,nan,0.9223,-0.3866,0.0000,0.3866,0.9223,-0.0000,-0.0000,0.0000,1.0000,0.0000,0.0000,0.0000,48.3587,-20.2689,0.0000,-10205.5172,-1269.9441,-268.7081,nan,nan,nan,0.8932,-0.4476,-0.0431,0.0385,-0.0193,0.9991,90.000,nan,nan,nan,0.0000,0.0000,0.0000,nan,nan,nan,-10205.5172,-1269.9441,-268.7081,-10205.5172,-1269.9441,-268.7081,12.000,1,nan,nan
3.3460,98.8167,0,-9925.8534,-1409.1195,-301.6257,nan,nan,nan,0.9223,-0.3866,0.0000,0.3866,0.9223,-0.0000,-0.0000,0.0000,1.0000,0.0000,0.0000,0.0000,48.3587,-20.2689,0.0000,-10203.8748,-1270.6310,-268.7081,nan,nan,nan,0.8932,-0.4476,-0.0431,0.0385,-0.0193,0.9991,90.000,nan,nan,nan,0.0000,0.0000,0.0000,nan,nan,nan,-10203.8748,-1270.6310,-268.7081,-10203.8748,-1270.6310,-268.7081,12.000,1,nan,nan
3.3720,98.8333,0,-9925.0474,-1409.4573,-301.6257,nan,nan,nan,0.9223,-0.3866,0.0000,0.3866,0.9223,-0.0000,-0.0000,0.0000,1.0000,0.0000,0.0000,0.0000,48.3587,-20.2689,0.0000,-10203.1236,-1270.9453,-268.7081,nan,nan,nan,0.8932,-0.4476,-0.0431,0.0385,-0.0193,0.9991,90.000,nan,nan,nan,0.0000,0.0000,0.0000,nan,nan,nan,-10203.1236,-1270.9453,-268.7081,-10203.1236,-1270.9453,-268.7081,12.000,1,nan,nan
3.3990,98.8667,0,-9923.4354,-1410.1329,-301.6257,nan,nan,nan,0.9223,-0.3866,0.0000,0.3866,0.9223,-0.0000,-0.0000,0.0000,1.0000,0.0000,0.0000,0.0000,48.3587,-20.2689,0.0000,-10201.4771,-1271.6342,-268.7081,nan,nan,nan,0.8932,-0.4476,-0.0431,0.0385,-0.0193,0.9991,90.000,nan,nan,nan,0.0000,0.0000,0.0000,nan,nan,nan,-10201.4771,-1271.6342,-268.7081,-10201.4771,-1271.6342,-268.7081,12.000,1,nan,nan
3.4260,98.8833,0,-9922.6295,-1410.4707,-301.6257,nan,nan,nan,0.9223,-0.3866,0.0000,0.3866,0.9223,-0.0000,-0.0000,0.0000,1.0000,0.0000,0.0000,0.0000,48.3587,-20.2689,0.0000,-10200.7242,-1271.9493,-268.7081,nan,nan,nan,0.8932,-0.4476,-0.0431,0.0385,-0.0193,0.9991,90.000,nan,nan,nan,0.0000,0.0000,0.0000,nan,nan,nan,-10200.7242,-1271.9493,-268.7081,-10200.7242,-1271.9493,-268.7081,12.000,1,nan,nan
3.4540,98.9167,0,-9921.0175,-1411.1464,-301.6257,nan,nan,nan,0.9223,-0.3866,0.0000,0.3866,0.9223,-0.0000,-0.0000,0.0000,1.0000,0.0000,0.0000,0.0000,48.3587,-20.2689,0.0000,-10199.0746,-1272.6398,-268.7081,nan,nan,nan,0.8932,-0.4476,-0.0431,0.0385,-0.0193,0.9991,90.000,nan,nan,nan,0.0000,0.0000,0.0000,nan,nan,nan,-10199.0746,-1272.6398,-268.7081,-10199.0746,-1272.6398,-268.7081,12.000,1,nan,nan
3.4800,98.9500,0,-9919.4056,-1411.8220,-301.6257,nan,nan,nan,0.9223,-0.3866,0.0000,0.3866,0.9223,-0.0000,-0.0000,0.0000,1.0000,0.0000,0.0000,0.0000,48.3587,-20.2689,0.0000,-10197.4314,-1273.3277,-268.7081,nan,nan,nan,0.8932,-0.4476,-0.0431,0.0385,-0.0193,0.9991,90.000,nan,nan,nan,0.0000,0.0000,0.0000,nan,nan,nan,-10197.4314,-1273.3277,-268.7081,-10197.4314,-1273.3277,-268.7081,12.000,1,nan,nan
3.5060,98.9667,0,-9918.5996,-1412.1598,-301.6257,nan,nan,nan,0.9223,-0.3866,0.0000,0.3866,0.9223,-0.0000,-0.0000,0.0000,1.0000,0.0000,0.0000,0.0000,48.3587,-20.2689,0.0000,-10196.6797,-1273.6424,-268.7081,nan,nan,nan,0.8932,-0.4476,-0.0431,0.0385,-0.0193,0.9991,90.000,nan,nan,nan,0.0000,0.0000,0.0000,nan,nan,nan,-10196.6797,-1273.6424,-268.7081,-10196.6797,-1273.6424,-268.7081,12.000,1,nan,nan
3.5330,99.0000,0,-9916.9876,-1412.8354,-301.6257,nan,nan,nan,0.9223,-0.3866,0.0000,0.3866,0.9223,-0.0000,-0.0000,0.0000,1.0000,0.0000,0.0000,0.0000,48.3587,-20.2689,0.0000,-10195.0326,-1274.3322,-268.7081,nan,nan,nan,0.8932,-0.4476,-0.0431,0.0385,-0.0193,0.9991,90.000,nan,nan,nan,0.0000,0.0000,0.0000,nan,nan,nan,-10195.0326,-1274.3322,-268.7081,-10195.0326,-1274.3322,-268.7081,12.000,1,nan,nan
3.5600,99.0167,0,-9916.1617,-1413.1825,-301.6257,nan,nan,nan,0.9219,-0.3874,0.0000,0.3874,0.9219,-0.0000,-0.0000,0.0000,1.0000,0.0000,0.0000,0.0000,48.5976,-20.3795,0.0000,-10194.2777,-1274.6484,-268.7081,nan,nan,nan,0.8932,-0.4476,-0.0431,0.0385,-0.0193,0.9991,90.000,nan,nan,nan,0.0000,0.0000,0.0000,nan,nan,nan,-10194.2777,-1274.6484,-268.7081,-10194.2777,-1274.6484,-268.7081,12.000,1,nan,nan
3.5870,99.0500,0,-9914.5100,-1413.8765,-301.6257,nan,nan,nan,0.9219,-0.3874,0.0000,0.3874,0.9219,-0.0000,-0.0000,0.0000,1.0000,0.0000,0.0000,0.0000,48.8842,-20.5123,0.0000,-10192.6178,-1275.3440,-268.7081,nan,nan,nan,0.8932,-0.4476,-0.0431,0.0385,-0.0193,0.9991,90.000,nan,nan,nan,0.0000,0.0000,0.0000,nan,nan,nan,-10192.6178,-1275.3440,-268.7081,-10192.6178,-1275.3440,-268.7081,12.000,1,nan,nan
3.6130,99.0833,0,-9912.8582,-1414.5706,-301.6257,nan,nan,nan,0.9219,-0.3874,0.0000,0.3874,0.9219,-0.0000,-0.0000,0.0000,1.0000,0.0000,0.0000,0.0000,49.1804,-20.6495,0.0000,-10190.9592,-1276.0392,-268.7081,nan,nan,nan,0.8932,-0.4476,-0.0431,0.0385,-0.0193,0.9991,90.000,nan,nan,nan,0.0000,0.0000,0.0000,nan,nan,nan,-10190.9592,-1276.0392,-268.7081,-10190.9592,-1276.0392,-268.7081,12.000,1,nan,nan
3.6490,99.1000,0,-9912.0323,-1414.9176,-301.6257,nan,nan,nan,0.9219,-0.3874,0.0000,0.3874,0.9219,-0.0000,-0.0000,0.0000,1.0000,0.0000,0.0000,0.0000,49.4785,-20.7876,0.0000,-10190.1996,-1276.3577,-268.7081,nan,nan,nan,0.8932,-0.4476,-0.0431,0.0385,-0.0193,0.9991,90.000,nan,nan,nan,0.0000,0.0000,0.0000,nan,nan,nan,-10190.1996,-1276.3577,-268.7081,-10190.1996,-1276.3577,-268.7081,12.000,1,nan,nan
3.6760,99.1333,0,-9910.3805,-1415.6117,-301.6257,nan,nan,nan,0.9219,-0.3874,0.0000,0.3874,0.9219,-0.0000,-0.0000,0.0000,1.0000,0.0000,0.0000,0.0000,49.5382,-20.8152,0.0000,-10188.5310,-1277.0576,-268.7081,nan,nan,nan,0.8932,-0.4476,-0.0431,0.0385,-0.0193,0.9991,90.000,nan,nan,nan,0.0000,0.0000,0.0000,nan,nan,nan,-10188.5310,-1277.0576,-268.7081,-10188.5310,-1277.0576,-268.7081,12.000,1,nan,nan
3.7040,99.1667,0,-9908.7288,-1416.3058,-301.6257,nan,nan,nan,0.9219,-0.3874,0.0000,0.3874,0.9219,-0.0000,-0.0000,0.0000,1.0000,0.0000,0.0000,0.0000,49.5501,-20.8207,0.0000,-10186.8652,-1277.7564,-268.7081,nan,nan,nan,0.8932,-0.4476,-0.0431,0.0385,-0.0193,0.9991,90.000,nan,nan,nan,0.0000,0.0000,0.0000,nan,nan,nan,-10186.8652,-1277.7564,-268.7081,-10186.8652,-1277.7564,-268.7081,12.000,1,nan,nan
3.7300,99.2000,0,-9907.0770,-1416.9999,-301.6257,nan,nan,nan,0.9219,-0.3874,0.0000,0.3874,0.9219,-0.0000,-0.0000,0.0000,1.0000,0.0000,0.0000,0.0000,49.5525,-20.8218,0.0000,-10185.2017,-1278.4544,-268.7081,nan,nan,nan,0.8932,-0.4476,-0.0431,0.0385,-0.0193,0.9991,90.000,nan,nan,nan,0.0000,0.0000,0.0000,nan,nan,nan,-10185.2017,-1278.4544,-268.7081,-10185.2017,-1278.4544,-268.7081,12.000,1,nan,nan
3.7570,99.2167,0,-9906.2511,-1417.3469,-301.6257,nan,nan,nan,0.9219,-0.3874,0.0000,0.3874,0.9219,-0.0000,-0.0000,0.0000,1.0000,0.0000,0.0000,0.0000,49.5529,-20.8220,0.0000,-10184.4402,-1278.7740,-268.7081,nan,nan,nan,0.8932,-0.4476,-0.0431,0.0385,-0.0193,0.9991,90.000,nan,nan,nan,0.0000,0.0000,0.0000,nan,nan,nan,-10184.4402,-1278.7740,-268.7081,-10184.4402,-1278.7740,-268.7081,12.000,1,nan,nan
3.7840,99.2500,0,-9904.5994,-1418.0410,-301.6257,nan,nan,nan,0.9219,-0.3874,0.0000,0.3874,0.9219,-0.0000,-0.0000,0.0000,1.0000,0.0000,0.0000,0.0000,49.5530,-20.8221,0.0000,-10182.7678,-1279.4759,-268.7081,nan,nan,nan,0.8932,-0.4476,-0.0431,0.0385,-0.0193,0.9991,90.000,nan,nan,nan,0.0000,0.0000,0.0000,nan,nan,nan,-10182.7678,-1279.4759,-268.7081,-10182.7678,-1279.4759,-268.7081,12.000,1,nan,nan
3.8110,99.2833,0,-9902.9476,-1418.7350,-301.6257,nan,nan,nan,0.9219,-0.3874,0.0000,0.3874,0.9219,-0.0000,-0.0000,0.0000,1.0000,0.0000,0.0000,0.0000,49.5531,-20.8221,0.0000,-10181.0989,-1280.1765,-268.7081,nan,nan,nan,0.8932,-0.4476,-0.0431,0.0385,-0.0193,0.9991,90.000,nan,nan,nan,0.0000,0.0000,0.0000,nan,nan,nan,-10181.0989,-1280.1765,-268.7081,-10181.0989,-1280.1765,-268.7081,12.000,1,nan,nan
3.8370,99.3000,0,-9902.0951,-1419.0944,-301.6257,nan,nan,nan,0.9215,-0.3885,0.0000,0.3885,0.9215,-0.0000,-0.0000,0.0000,1.0000,0.0000,0.0000,0.0000,49.8727,-20.9705,0.0000,-10180.3329,-1280.4982,-268.7081,nan,nan,nan,0.8932,-0.4476,-0.0431,0.0385,-0.0193,0.9991,90.000,nan,nan,nan,0.0000,0.0000,0.0000,nan,nan,nan,-10180.3329,-1280.4982,-268.7081,-10180.3329,-1280.4982,-268.7081,12.000,1,nan,nan
3.8650,99.3333,0,-9900.3900,-1419.8132,-301.6257,nan,nan,nan,0.9215,-0.3885,0.0000,0.3885,0.9215,-0.0000,-0.0000,0.0000,1.0000,0.0000,0.0000,0.0000,50.2563,-21.1486,0.0000,-10178.6433,-1281.2082,-268.7081,nan,nan,nan,0.8932,-0.4476,-0.0431,0.0385,-0.0193,0.9991,90.000,nan,nan,nan,0.0000,0.0000,0.0000,nan,nan,nan,-10178.6433,-1281.2082,-268.7081,-10178.6433,-1281.2082,-268.7081,12.000,1,nan,nan
3.8920,99.3500,0,-9899.5375,-1420.1726,-301.6257,nan,nan,nan,0.9215,-0.3885,0.0000,0.3885,0.9215,-0.0000,-0.0000,0.0000,1.0000,0.0000,0.0000,0.0000,50.6526,-21.3326,0.0000,-10177.8688,-1281.5337,-268.7081,nan,nan,nan,0.8932,-0.4476,-0.0431,0.0385,-0.0193,0.9991,90.000,nan,nan,nan,0.0000,0.0000,0.0000,nan,nan,nan,-10177.8688,-1281.5337,-268.7081,-10177.8688,-1281.5337,-268.7081,12.000,1,nan,nan
3.9180,99.3833,0,-9897.8325,-1420.8914,-301.6257,nan,nan,nan,0.9215,-0.3885,0.0000,0.3885,0.9215,-0.0000,-0.0000,0.0000,1.0000,0.0000,0.0000,0.0000,51.0515,-21.5178,0.0000,-10176.1632,-1282.2508,-268.7081,nan,nan,nan,0.8932,-0.4476,-0.0431,0.0385,-0.0193,0.9991,90.000,nan,nan,nan,0.0000,0.0000,0.0000,nan,nan,nan,-10176.1632,-1282.2508,-268.7081,-10176.1632,-1282.2508,-268.7081,12.000,1,nan,nan
3.9450,99.4167,0,-9896.1274,-1421.6102,-301.6257,nan,nan,nan,0.9215,-0.3885,0.0000,0.3885,0.9215,-0.0000,-0.0000,0.0000,1.0000,0.0000,0.0000,0.0000,51.1313,-21.5549,0.0000,-10174.4578,-1282.9681,-268.7081,nan,nan,nan,0.8932,-0.4476,-0.0431,0.0385,-0.0193,0.9991,90.000,nan,nan,nan,0.0000,0.0000,0.0000,nan,nan,nan,-10174.4578,-1282.9681,-268.7081,-10174.4578,-1282.9681,-268.7081,12.000,1,nan,nan
3.9720,99.4333,0,-9895.2749,-1421.9696,-301.6257,nan,nan,nan,0.9215,-0.3885,0.0000,0.3885,0.9215,-0.0000,-0.0000,0.0000,1.0000,0.0000,0.0000,0.0000,51.1472,-21.5623,0.0000,-10173.6768,-1283.2966,-268.7081,nan,nan,nan,0.8932,-0.4476,-0.0431,0.0385,-0.0193,0.9991,90.000,nan,nan,nan,0.0000,0.0000,0.0000,nan,nan,nan,-10173.6768,-1283.2966,-268.7081,-10173.6768,-1283.2966,-268.7081,12.000,1,nan,nan
3.9990,99.4667,0,-9893.5699,-1422.6885,-301.6257,nan,nan,nan,0.9215,-0.3885,0.0000,0.3885,0.9215,-0.0000,-0.0000,0.0000,1.0000,0.0000,0.0000,0.0000,51.1504,-21.5638,0.0000,-10171.9593,-1284.0194,-268.7081,nan,nan,nan,0.8932,-0.4476,-0.0431,0.0385,-0.0193,0.9991,90.000,nan,nan,nan,0.0000,0.0000,0.0000,nan,nan,nan,-10171.9593,-1284.0194,-268.7081,-10171.9593,-1284.0194,-268.7081,12.000,1,nan,nan
4.0250,99.4833,0,-9892.7173,-1423.0479,-301.6257,nan,nan,nan,0.9215,-0.3885,0.0000,0.3885,0.9215,-0.0000,-0.0000,0.0000,1.0000,0.0000,0.0000,0.0000,51.1511,-21.5641,0.0000,-10171.1734,-1284.3502,-268.7081,nan,nan,nan,0.8932,-0.4476,-0.0431,0.0385,-0.0193,0.9991,90.000,nan,nan,nan,0.0000,0.0000,0.0000,nan,nan,nan,-10171.1734,-1284.3502,-268.7081,-10171.1734,-1284.3502,-268.7081,12.000,1,nan,nan
4.0510,99.5167,0,-9891.0123,-1423.7667,-301.6257,nan,nan,nan,0.9215,-0.3885,0.0000,0.3885,0.9215,-0.0000,-0.0000,0.0000,1.0000,0.0000,0.0000,0.0000,51.1512,-21.5641,0.0000,-10169.4466,-1285.0771,-268.7081,nan,nan,nan,0.8932,-0.4476,-0.0431,0.0385,-0.0193,0.9991,90.000,nan,nan,nan,0.0000,0.0000,0.0000,nan,nan,nan,-10169.4466,-1285.0771,-268.7081,-10169.4466,-1285.0771,-268.7081,12.000,1,nan,nan
4.0780,99.5500,0,-9889.3073,-1424.4855,-301.6257,nan,nan,nan,0.9215,-0.3885,0.0000,0.3885,0.9215,-0.0000,-0.0000,0.0000,1.0000,0.0000,0.0000,0.0000,51.1512,-21.5641,0.0000,-10167.7236,-1285.8026,-268.7081,nan,nan,nan,0.8932,-0.4476,-0.0431,0.0385,-0.0193,0.9991,90.000,nan,nan,nan,0.0000,0.0000,0.0000,nan,nan,nan,-10167.7236,-1285.8026,-268.7081,-10167.7236,-1285.8026,-268.7081,12.000,1,nan,nan
4.1060,99.5667,0,-9888.4547,-1424.8449,-301.6257,nan,nan,nan,0.9215,-0.3885,0.0000,0.3885,0.9215,-0.0000,-0.0000,0.0000,1.0000,0.0000,0.0000,0.0000,51.1512,-21.5641,0.0000,-10166.9354,-1286.1345,-268.7081,nan,nan,nan,0.8932,-0.4476,-0.0431,0.0385,-0.0193,0.9991,90.000,nan,nan,nan,0.0000,0.0000,0.0000,nan,nan,nan,-10166.9354,-1286.1345,-268.7081,-10166.9354,-1286.1345,-268.7081,12.000,1,nan,nan
4.1320,99.6000,0,-9886.7497,-1425.5637,-301.6257,nan,nan,nan,0.9215,-0.3885,0.0000,0.3885,0.9215,-0.0000,-0.0000,0.0000,1.0000,0.0000,0.0000,0.0000,51.1512,-21.5641,0.0000,-10165.2045,-1286.8635,-268.7081,nan,nan,nan,0.8932,-0.4476,-0.0431,0.0385,-0.0193,0.9991,90.000,nan,nan,nan,0.0000,0.0000,0.0000,nan,nan,nan,-10165.2045,-1286.8635,-268.7081,-10165.2045,-1286.8635,-268.7081,12.000,1,nan,nan
4.1570,99.6167,0,-9885.8972,-1425.9231,-301.6257,nan,nan,nan,0.9215,-0.3885,0.0000,0.3885,0.9215,-0.0000,-0.0000,0.0000,1.0000,0.0000,0.0000,0.0000,51.1512,-21.5641,0.0000,-10164.4130,-1287.1968,-268.7081,nan,nan,nan,0.8932,-0.4476,-0.0431,0.0385,-0.0193,0.9991,90.000,nan,nan,nan,0.0000,0.0000,0.0000,nan,nan,nan,-10164.4130,-1287.1968,-268.7081,-10164.4130,-1287.1968,-268.7081,12.000,1,nan,nan
4.1850,99.6500,0,-9884.1921,-1426.6419,-301.6257,nan,nan,nan,0.9215,-0.3885,0.0000,0.3885,0.9215,-0.0000,-0.0000,0.0000,1.0000,0.0000,0.0000,0.0000,51.1512,-21.5641,0.0000,-10162.6761,-1287.9285,-268.7081,nan,nan,nan,0.8932,-0.4476,-0.0431,0.0385,-0.0193,0.9991,90.000,nan,nan,nan,0.0000,0.0000,0.0000,nan,nan,nan,-10162.6761,-1287.9285,-268.7081,-10162.6761,-1287.9285,-268.7081,12.000,1,nan,nan
4.2110,99.6833,0,-9882.4871,-1427.3607,-301.6257,nan,nan,nan,0.9215,-0.3885,0.0000,0.3885,0.9215,-0.0000,-0.0000,0.0000,1.0000,0.0000,0.0000,0.0000,51.1512,-21.5641,0.0000,-10160.9446,-1288.6580,-268.7081,nan,nan,nan,0.8932,-0.4476,-0.0431,0.0385,-0.0193,0.9991,90.000,nan,nan,nan,0.0000,0.0000,0.0000,nan,nan,nan,-10160.9446,-1288.6580,-268.7081,-10160.9446,-1288.6580,-268.7081,12.000,1,nan,nan
4.2380,99.7000,0,-9881.6284,-1427.7095,-301.6257,nan,nan,nan,0.9265,-0.3763,0.0000,0.3763,0.9265,-0.0000,-0.0000,0.0000,1.0000,0.0000,0.0000,0.0000,51.2247,-21.4366,0.0000,-10160.1525,-1288.9908,-268.7081,nan,nan,nan,0.8932,-0.4476,-0.0431,0.0385,-0.0193,0.9991,90.000,nan,nan,nan,0.0000,0.0000,0.0000,nan,nan,nan,-10160.1525,-1288.9908,-268.7081,-10160.1525,-1288.9908,-268.7081,12.000,1,nan,nan
4.2650,99.7333,0,-9879.9112,-1428.4070,-301.6257,nan,nan,nan,0.9265,-0.3763,0.0000,0.3763,0.9265,-0.0000,-0.0000,0.0000,1.0000,0.0000,0.0000,0.0000,51.3129,-21.2836,0.0000,-10158.4125,-1289.7185,-268.7081,nan,nan,nan,0.8932,-0.4476,-0.0431,0.0385,-0.0193,0.9991,90.000,nan,nan,nan,0.0000,0.0000,0.0000,nan,nan,nan,-10158.4125,-1289.7185,-268.7081,-10158.4125,-1289.7185,-268.7081,12.000,1,nan,nan
4.2920,99.7500,0,-9879.0525,-1428.7558,-301.6257,nan,nan,nan,0.9265,-0.3763,0.0000,0.3763,0.9265,-0.0000,-0.0000,0.0000,1.0000,0.0000,0.0000,0.0000,51.4040,-21.1254,0.0000,-10157.6169,-1290.0505,-268.7081,nan,nan,nan,0.8932,-0.4476,-0.0431,0.0385,-0.0193,0.9991,90.000,nan,nan,nan,0.0000,0.0000,0.0000,nan,nan,nan,-10157.6169,-1290.0505,-268.7081,-10157.6169,-1290.0505,-268.7081,12.000,1,nan,nan
4.3180,99.7833,0,-9877.3352,-1429.4533,-301.6257,nan,nan,nan,0.9265,-0.3763,0.0000,0.3763,0.9265,-0.0000,-0.0000,0.0000,1.0000,0.0000,0.0000,0.0000,51.4957,-20.9663,0.0000,-10155.8703,-1290.7766,-268.7081,nan,nan,nan,0.8932,-0.4476,-0.0431,0.0385,-0.0193,0.9991,90.000,nan,nan,nan,0.0000,0.0000,0.0000,nan,nan,nan,-10155.8703,-1290.7766,-268.7081,-10155.8703,-1290.7766,-268.7081,12.000,1,nan,nan
4.3440,99.8167,0,-9875.6179,-1430.1509,-301.6257,nan,nan,nan,0.9265,-0.3763,0.0000,0.3763,0.9265,-0.0000,-0.0000,0.0000,1.0000,0.0000,0.0000,0.0000,51.5140,-20.9344,0.0000,-10154.1289,-1291.4983,-268.7081,nan,nan,nan,0.8932,-0.4476,-0.0431,0.0385,-0.0193,0.9991,90.000,nan,nan,nan,0.0000,0.0000,0.0000,nan,nan,nan,-10154.1289,-1291.4983,-268.7081,-10154.1289,-1291.4983,-268.7081,12.000,1,nan,nan
4.3710,99.8333,0,-9874.7593,-1430.4997,-301.6257,nan,nan,nan,0.9265,-0.3763,0.0000,0.3763,0.9265,-0.0000,-0.0000,0.0000,1.0000,0.0000,0.0000,0.0000,51.5177,-20.9281,0.0000,-10153.3327,-1291.8277,-268.7081,nan,nan,nan,0.8932,-0.4476,-0.0431,0.0385,-0.0193,0.9991,90.000,nan,nan,nan,0.0000,0.0000,0.0000,nan,nan,nan,-10153.3327,-1291.8277,-268.7081,-10153.3327,-1291.8277,-268.7081,12.000,1,nan,nan
4.3980,99.8667,0,-9873.0420,-1431.1972,-301.6257,nan,nan,nan,0.9265,-0.3763,0.0000,0.3763,0.9265,-0.0000,-0.0000,0.0000,1.0000,0.0000,0.0000,0.0000,51.5184,-20.9268,0.0000,-10151.5849,-1292.5491,-268.7081,nan,nan,nan,0.8932,-0.4476,-0.0431,0.0385,-0.0193,0.9991,90.000,nan,nan,nan,0.0000,0.0000,0.0000,nan,nan,nan,-10151.5849,-1292.5491,-268.7081,-10151.5849,-1292.5491,-268.7081,12.000,1,nan,nan
4.4250,99.8833,0,-9872.1834,-1431.5460,-301.6257,nan,nan,nan,0.9265,-0.3763,0.0000,0.3763,0.9265,-0.0000,-0.0000,0.0000,1.0000,0.0000,0.0000,0.0000,51.5186,-20.9265,0.0000,-10150.7861,-1292.8784,-268.7081,nan,nan,nan,0.8932,-0.4476,-0.0431,0.0385,-0.0193,0.9991,90.000,nan,nan,nan,0.0000,0.0000,0.0000,nan,nan,nan,-10150.7861,-1292.8784,-268.7081,-10150.7861,-1292.8784,-268.7081,12.000,1,nan,nan
4.4510,99.9167,0,-9870.4661,-1432.2435,-301.6257,nan,nan,nan,0.9265,-0.3763,0.0000,0.3763,0.9265,-0.0000,-0.0000,0.0000,1.0000,0.0000,0.0000,0.0000,51.5186,-20.9265,0.0000,-10149.0336,-1293.5994,-268.7081,nan,nan,nan,0.8932,-0.4476,-0.0431,0.0385,-0.0193,0.9991,90.000,nan,nan,nan,0.0000,0.0000,0.0000,nan,nan,nan,-10149.0336,-1293.5994,-268.7081,-10149.0336,-1293.5994,-268.7081,12.000,1,nan,nan
4.4770,99.9500,0,-9868.7488,-1432.9411,-301.6257,nan,nan,nan,0.9265,-0.3763,0.0000,0.3763,0.9265,-0.0000,-0.0000,0.0000,1.0000,0.0000,0.0000,0.0000,51.5186,-20.9265,0.0000,-10147.2871,-1294.3166,-268.7081,nan,nan,nan,0.8932,-0.4476,-0.0431,0.0385,-0.0193,0.9991,90.000,nan,nan,nan,0.0000,0.0000,0.0000,nan,nan,nan,-10147.2871,-1294.3166,-268.7081,-10147.2871,-1294.3166,-268.7081,12.000,1,nan,nan
4.5040,99.9667,0,-9867.8902,-1433.2899,-301.6257,nan,nan,nan,0.9265,-0.3763,0.0000,0.3763,0.9265,-0.0000,-0.0000,0.0000,1.0000,0.0000,0.0000,0.0000,51.5186,-20.9265,0.0000,-10146.4888,-1294.6442,-268.7081,nan,nan,nan,0.8932,-0.4476,-0.0431,0.0385,-0.0193,0.9991,90.000,nan,nan,nan,0.0000,0.0000,0.0000,nan,nan,nan,-10146.4888,-1294.6442,-268.7081,-10146.4888,-1294.6442,-268.7081,12.000,1,nan,nan
4.5310,100.0000,0,-9866.1729,-1433.9874,-301.6257,nan,nan,nan,0.9265,-0.3763,0.0000,0.3763,0.9265,-0.0000,-0.0000,0.0000,1.0000,0.0000,0.0000,0.0000,51.5186,-20.9265,0.0000,-10144.7371,-1295.3620,-268.7081,nan,nan,nan,0.8932,-0.4476,-0.0431,0.0385,-0.0193,0.9991,90.000,nan,nan,nan,0.0000,0.0000,0.0000,nan,nan,nan,-10144.7371,-1295.3620,-268.7081,-10144.7371,-1295.3620,-268.7081,12.000,1,nan,nan
4.5570,100.0167,0,-9865.3142,-1434.3362,-301.6257,nan,nan,nan,0.9265,-0.3763,0.0000,0.3763,0.9265,-0.0000,-0.0000,0.0000,1.0000,0.0000,0.0000,0.0000,51.5186,-20.9265,0.0000,-10143.9367,-1295.6898,-268.7081,nan,nan,nan,0.8932,-0.4476,-0.0431,0.0385,-0.0193,0.9991,90.000,nan,nan,nan,0.0000,0.0000,0.0000,nan,nan,nan,-10143.9367,-1295.6898,-268.7081,-10143.9367,-1295.6898,-268.7081,12.000,1,nan,nan
4.5830,100.0500,0,-9863.5969,-1435.0337,-301.6257,nan,nan,nan,0.9265,-0.3763,0.0000,0.3763,0.9265,-0.0000,-0.0000,0.0000,1.0000,0.0000,0.0000,0.0000,51.5186,-20.9265,0.0000,-10142.1810,-1296.4079,-268.7081,nan,nan,nan,0.8932,-0.4476,-0.0431,0.0385,-0.0193,0.9991,90.000,nan,nan,nan,0.0000,0.0000,0.0000,nan,nan,nan,-10142.1810,-1296.4079,-268.7081,-10142.1810,-1296.4079,-268.7081,12.000,1,nan,nan
4.6090,100.0667,0,-9862.7383,-1435.3825,-301.6257,nan,nan,nan,0.9265,-0.3763,0.0000,0.3763,0.9265,-0.0000,-0.0000,0.0000,1.0000,0.0000,0.0000,0.0000,51.5186,-20.9265,0.0000,-10141.3790,-1296.7358,-268.7081,nan,nan,nan,0.8932,-0.4476,-0.0431,0.0385,-0.0193,0.9991,90.000,nan,nan,nan,0.0000,0.0000,0.0000,nan,nan,nan,-10141.3790,-1296.7358,-268.7081,-10141.3790,-1296.7358,-268.7081,12.000,1,nan,nan
4.6360,100.1000,0,-9861.0210,-1436.0800,-301.6257,nan,nan,nan,0.9265,-0.3763,0.0000,0.3763,0.9265,-0.0000,-0.0000,0.0000,1.0000,0.0000,0.0000,0.0000,51.5186,-20.9265,0.0000,-10139.6203,-1297.4541,-268.7081,nan,nan,nan,0.8932,-0.4476,-0.0431,0.0385,-0.0193,0.9991,90.000,nan,nan,nan,0.0000,0.0000,0.0000,nan,nan,nan,-10139.6203,-1297.4541,-268.7081,-10139.6203,-1297.4541,-268.7081,12.000,1,nan,nan
4.6650,100.1333,0,-9859.3037,-1436.7776,-301.6257,nan,nan,nan,0.9265,-0.3763,0.0000,0.3763,0.9265,-0.0000,-0.0000,0.0000,1.0000,0.0000,0.0000,0.0000,51.5186,-20.9265,0.0000,-10137.8687,-1298.1690,-268.7081,nan,nan,nan,0.8932,-0.4476,-0.0431,0.0385,-0.0193,0.9991,90.000,nan,nan,nan,0.0000,0.0000,0.0000,nan,nan,nan,-10137.8687,-1298.1690,-268.7081,-10137.8687,-1298.1690,-268.7081,12.000,1,nan,nan
4.6900,100.1500,0,-9858.4451,-1437.1264,-301.6257,nan,nan,nan,0.9265,-0.3763,0.0000,0.3763,0.9265,-0.0000,-0.0000,0.0000,1.0000,0.0000,0.0000,0.0000,51.5186,-20.9265,0.0000,-10137.0683,-1298.4956,-268.7081,nan,nan,nan,0.8932,-0.4476,-0.0431,0.0385,-0.0193,0.9991,90.000,nan,nan,nan,0.0000,0.0000,0.0000,nan,nan,nan,-10137.0683,-1298.4956,-268.7081,-10137.0683,-1298.4956,-268.7081,12.000,1,nan,nan
4.7190,100.1833,0,-9856.7278,-1437.8239,-301.6257,nan,nan,nan,0.9265,-0.3763,0.0000,0.3763,0.9265,-0.0000,-0.0000,0.0000,1.0000,0.0000,0.0000,0.0000,51.5186,-20.9265,0.0000,-10135.3127,-1299.2115,-268.7081,nan,nan,nan,0.8932,-0.4476,-0.0431,0.0385,-0.0193,0.9991,90.000,nan,nan,nan,0.0000,0.0000,0.0000,nan,nan,nan,-10135.3127,-1299.2115,-268.7081,-10135.3127,-1299.2115,-268.7081,12.000,1,nan,nan
4.7460,100.2167,0,-9855.0105,-1438.5215,-301.6257,nan,nan,nan,0.9265,-0.3763,0.0000,0.3763,0.9265,-0.0000,-0.0000,0.0000,1.0000,0.0000,0.0000,0.0000,51.5186,-20.9265,0.0000,-10133.5637,-1299.9243,-268.7081,nan,nan,nan,0.8932,-0.4476,-0.0431,0.0385,-0.0193,0.9991,90.000,nan,nan,nan,0.0000,0.0000,0.0000,nan,nan,nan,-10133.5637,-1299.9243,-268.7081,-10133.5637,-1299.9243,-268.7081,12.000,1,nan,nan
4.7720,100.2333,0,-9854.1519,-1438.8702,-301.6257,nan,nan,nan,0.9265,-0.3763,0.0000,0.3763,0.9265,-0.0000,-0.0000,0.0000,1.0000,0.0000,0.0000,0.0000,51.5186,-20.9265,0.0000,-10132.7643,-1300.2499,-268.7081,nan,nan,nan,0.8932,-0.4476,-0.0431,0.0385,-0.0193,0.9991,90.000,nan,nan,nan,0.0000,0.0000,0.0000,nan,nan,nan,-10132.7643,-1300.2499,-268.7081,-10132.7643,-1300.2499,-268.7081,12.000,1,nan,nan
4.7980,100.2667,0,-9852.4346,-1439.5678,-301.6257,nan,nan,nan,0.9265,-0.3763,0.0000,0.3763,0.9265,-0.0000,-0.0000,0.0000,1.0000,0.0000,0.0000,0.0000,51.5186,-20.9265,0.0000,-10131.0106,-1300.9642,-268.7081,nan,nan,nan,0.8932,-0.4476,-0.0431,0.0385,-0.0193,0.9991,90.000,nan,nan,nan,0.0000,0.0000,0.0000,nan,nan,nan,-10131.0106,-1300.9642,-268.7081,-10131.0106,-1300.9642,-268.7081,12.000,1,nan,nan
4.8250,100.2833,0,-9851.5759,-1439.9166,-301.6257,nan,nan,nan,0.9265,-0.3763,0.0000,0.3763,0.9265,-0.0000,-0.0000,0.0000,1.0000,0.0000,0.0000,0.0000,51.5186,-20.9265,0.0000,-10130.2093,-1301.2904,-268.7081,nan,nan,nan,0.8932,-0.4476,-0.0431,0.0385,-0.0193,0.9991,90.000,nan,nan,nan,0.0000,0.0000,0.0000,nan,nan,nan,-10130.2093,-1301.2904,-268.7081,-10130.2093,-1301.2904,-268.7081,12.000,1,nan,nan
4.8510,100.3167,0,-9849.8586,-1440.6141,-301.6257,nan,nan,nan,0.9265,-0.3763,0.0000,0.3763,0.9265,-0.0000,-0.0000,0.0000,1.0000,0.0000,0.0000,0.0000,51.5186,-20.9265,0.0000,-10128.4520,-1302.0057,-268.7081,nan,nan,nan,0.8932,-0.4476,-0.0431,0.0385,-0.0193,0.9991,90.000,nan,nan,nan,0.0000,0.0000,0.0000,nan,nan,nan,-10128.4520,-1302.0057,-268.7081,-10128.4520,-1302.0057,-268.7081,12.000,1,nan,nan
4.8790,100.3500,0,-9848.1414,-1441.3117,-301.6257,nan,nan,nan,0.9265,-0.3763,0.0000,0.3763,0.9265,-0.0000,-0.0000,0.0000,1.0000,0.0000,0.0000,0.0000,51.5186,-20.9265,0.0000,-10126.7016,-1302.7180,-268.7081,nan,nan,nan,0.8932,-0.4476,-0.0431,0.0385,-0.0193,0.9991,90.000,nan,nan,nan,0.0000,0.0000,0.0000,nan,nan,nan,-10126.7016,-1302.7180,-268.7081,-10126.7016,-1302.7180,-268.7081,12.000,1,nan,nan
4.9030,100.3667,0,-9847.2827,-1441.6604,-301.6257,nan,nan,nan,0.9265,-0.3763,0.0000,0.3763,0.9265,-0.0000,-0.0000,0.0000,1.0000,0.0000,0.0000,0.0000,51.5186,-20.9265,0.0000,-10125.9017,-1303.0435,-268.7081,nan,nan,nan,0.8932,-0.4476,-0.0431,0.0385,-0.0193,0.9991,90.000,nan,nan,nan,0.0000,0.0000,0.0000,nan,nan,nan,-10125.9017,-1303.0435,-268.7081,-10125.9017,-1303.0435,-268.7081,12.000,1,nan,nan
4.9300,100.4000,0,-9845.5654,-1442.3580,-301.6257,nan,nan,nan,0.9265,-0.3763,0.0000,0.3763,0.9265,-0.0000,-0.0000,0.0000,1.0000,0.0000,0.0000,0.0000,51.5186,-20.9265,0.0000,-10124.1469,-1303.7573,-268.7081,nan,nan,nan,0.8932,-0.4476,-0.0431,0.0385,-0.0193,0.9991,90.000,nan,nan,nan,0.0000,0.0000,0.0000,nan,nan,nan,-10124.1469,-1303.7573,-268.7081,-10124.1469,-1303.7573,-268.7081,12.000,1,nan,nan
4.9560,100.4167,0,-9844.7068,-1442.7068,-301.6257,nan,nan,nan,0.9265,-0.3763,0.0000,0.3763,0.9265,-0.0000,-0.0000,0.0000,1.0000,0.0000,0.0000,0.0000,51.5186,-20.9265,0.0000,-10123.3452,-1304.0833,-268.7081,nan,nan,nan,0.8932,-0.4476,-0.0431,0.0385,-0.0193,0.9991,90.000,nan,nan,nan,0.0000,0.0000,0.0000,nan,nan,nan,-10123.3452,-1304.0833,-268.7081,-10123.3452,-1304.0833,-268.7081,12.000,1,nan,nan
4.9830,100.4500,0,-9842.9895,-1443.4043,-301.6257,nan,nan,nan,0.9265,-0.3763,0.0000,0.3763,0.9265,-0.0000,-0.0000,0.0000,1.0000,0.0000,0.0000,0.0000,51.5186,-20.9265,0.0000,-10121.5871,-1304.7983,-268.7081,nan,nan,nan,0.8932,-0.4476,-0.0431,0.0385,-0.0193,0.9991,90.000,nan,nan,nan,0.0000,0.0000,0.0000,nan,nan,nan,-10121.5871,-1304.7983,-268.7081,-10121.5871,-1304.7983,-268.7081,12.000,1,nan,nan
5.0100,100.4667,0,-9842.1309,-1443.7531,-301.6257,nan,nan,nan,0.9265,-0.3763,0.0000,0.3763,0.9265,-0.0000,-0.0000,0.0000,1.0000,0.0000,0.0000,0.0000,51.5186,-20.9265,0.0000,-10120.7841,-1305.1248,-268.7081,nan,nan,nan,0.8932,-0.4476,-0.0431,0.0385,-0.0193,0.9991,90.000,nan,nan,nan,0.0000,0.0000,0.0000,nan,nan,nan,-10120.7841,-1305.1248,-268.7081,-10120.7841,-1305.1248,-268.7081,12.000,1,nan,nan
5.0380,100.5000,0,-9840.4136,-1444.4506,-301.6257,nan,nan,nan,0.9265,-0.3763,0.0000,0.3763,0.9265,-0.0000,-0.0000,0.0000,1.0000,0.0000,0.0000,0.0000,51.5186,-20.9265,0.0000,-10119.0235,-1305.8406,-268.7081,nan,nan,nan,0.8932,-0.4476,-0.0431,0.0385,-0.0193,0.9991,90.000,nan,nan,nan,0.0000,0.0000,0.0000,nan,nan,nan,-10119.0235,-1305.8406,-268.7081,-10119.0235,-1305.8406,-268.7081,12.000,1,nan,nan
5.0640,100.5333,0,-9838.6963,-1445.1482,-301.6257,nan,nan,nan,0.9265,-0.3763,0.0000,0.3763,0.9265,-0.0000,-0.0000,0.0000,1.0000,0.0000,0.0000,0.0000,51.5186,-20.9265,0.0000,-10117.2703,-1306.5533,-268.7081,nan,nan,nan,0.8932,-0.4476,-0.0431,0.0385,-0.0193,0.9991,90.000,nan,nan,nan,0.0000,0.0000,0.0000,nan,nan,nan,-10117.2703,-1306.5533,-268.7081,-10117.2703,-1306.5533,-268.7081,12.000,1,nan,nan
5.0910,100.5500,0,-9837.8376,-1445.4970,-301.6257,nan,nan,nan,0.9265,-0.3763,0.0000,0.3763,0.9265,-0.0000,-0.0000,0.0000,1.0000,0.0000,0.0000,0.0000,51.5186,-20.9265,0.0000,-10116.4692,-1306.8789,-268.7081,nan,nan,nan,0.8932,-0.4476,-0.0431,0.0385,-0.0193,0.9991,90.000,nan,nan,nan,0.0000,0.0000,0.0000,nan,nan,nan,-10116.4692,-1306.8789,-268.7081,-10116.4692,-1306.8789,-268.7081,12.000,1,nan,nan
5.1180,100.5833,0,-9836.1204,-1446.1945,-301.6257,nan,nan,nan,0.9265,-0.3763,0.0000,0.3763,0.9265,-0.0000,-0.0000,0.0000,1.0000,0.0000,0.0000,0.0000,51.5186,-20.9265,0.0000,-10114.7124,-1307.5930,-268.7081,nan,nan,nan,0.8932,-0.4476,-0.0431,0.0385,-0.0193,0.9991,90.000,nan,nan,nan,0.0000,0.0000,0.0000,nan,nan,nan,-10114.7124,-1307.5930,-268.7081,-10114.7124,-1307.5930,-268.7081,12.000,1,nan,nan
5.1450,100.6167,0,-9834.4031,-1446.8921,-301.6257,nan,nan,nan,0.9265,-0.3763,0.0000,0.3763,0.9265,-0.0000,-0.0000,0.0000,1.0000,0.0000,0.0000,0.0000,51.5186,-20.9265,0.0000,-10112.9622,-1308.3043,-268.7081,nan,nan,nan,0.8932,-0.4476,-0.0431,0.0385,-0.0193,0.9991,90.000,nan,nan,nan,0.0000,0.0000,0.0000,nan,nan,nan,-10112.9622,-1308.3043,-268.7081,-10112.9622,-1308.3043,-268.7081,12.000,1,nan,nan
5.1710,100.6333,0,-9833.5444,-1447.2408,-301.6257,nan,nan,nan,0.9265,-0.3763,0.0000,0.3763,0.9265,-0.0000,-0.0000,0.0000,1.0000,0.0000,0.0000,0.0000,51.5186,-20.9265,0.0000,-10112.1624,-1308.6293,-268.7081,nan,nan,nan,0.8932,-0.4476,-0.0431,0.0385,-0.0193,0.9991,90.000,nan,nan,nan,0.0000,0.0000,0.0000,nan,nan,nan,-10112.1624,-1308.6293,-268.7081,-10112.1624,-1308.6293,-268.7081,12.000,1,nan,nan
5.1980,100.6667,0,-9831.8271,-1447.9384,-301.6257,nan,nan,nan,0.9265,-0.3763,0.0000,0.3763,0.9265,-0.0000,-0.0000,0.0000,1.0000,0.0000,0.0000,0.0000,51.5186,-20.9265,0.0000,-10110.4079,-1309.3423,-268.7081,nan,nan,nan,0.8932,-0.4476,-0.0431,0.0385,-0.0193,0.9991,90.000,nan,nan,nan,0.0000,0.0000,0.0000,nan,nan,nan,-10110.4079,-1309.3423,-268.7081,-10110.4079,-1309.3423,-268.7081,12.000,1,nan,nan
5.2240,100.6833,0,-9830.9685,-1448.2872,-301.6257,nan,nan,nan,0.9265,-0.3763,0.0000,0.3763,0.9265,-0.0000,-0.0000,0.0000,1.0000,0.0000,0.0000,0.0000,51.5186,-20.9265,0.0000,-10109.6062,-1309.6681,-268.7081,nan,nan,nan,0.8932,-0.4476,-0.0431,0.0385,-0.0193,0.9991,90.000,nan,nan,nan,0.0000,0.0000,0.0000,nan,nan,nan,-10109.6062,-1309.6681,-268.7081,-10109.6062,-1309.6681,-268.7081,12.000,1,nan,nan
5.2520,100.7167,0,-9829.3046,-1448.9603,-301.6257,nan,nan,nan,0.9270,-0.3750,0.0000,0.3750,0.9270,-0.0000,-0.0000,0.0000,1.0000,0.0000,0.0000,0.0000,51.1983,-20.7801,0.0000,-10107.8574,-1310.3783,-268.7081,nan,nan,nan,0.8932,-0.4476,-0.0431,0.0385,-0.0193,0.9991,90.000,nan,nan,nan,0.0000,0.0000,0.0000,nan,nan,nan,-10107.8574,-1310.3783,-268.7081,-10107.8574,-1310.3783,-268.7081,12.000,1,nan,nan
5.2780,100.7500,0,-9827.6407,-1449.6335,-301.6257,nan,nan,nan,0.9270,-0.3750,0.0000,0.3750,0.9270,-0.0000,-0.0000,0.0000,1.0000,0.0000,0.0000,0.0000,50.8140,-20.6044,0.0000,-10106.1231,-1311.0822,-268.7081,nan,nan,nan,0.8932,-0.4476,-0.0431,0.0385,-0.0193,0.9991,90.000,nan,nan,nan,0.0000,0.0000,0.0000,nan,nan,nan,-10106.1231,-1311.0822,-268.7081,-10106.1231,-1311.0822,-268.7081,12.000,1,nan,nan
5.3030,100.7667,0,-9826.8087,-1449.9700,-301.6257,nan,nan,nan,0.9270,-0.3750,0.0000,0.3750,0.9270,-0.0000,-0.0000,0.0000,1.0000,0.0000,0.0000,0.0000,50.4168,-20.4228,0.0000,-10105.3319,-1311.4033,-268.7081,nan,nan,nan,0.8932,-0.4476,-0.0431,0.0385,-0.0193,0.9991,90.000,nan,nan,nan,0.0000,0.0000,0.0000,nan,nan,nan,-10105.3319,-1311.4033,-268.7081,-10105.3319,-1311.4033,-268.7081,12.000,1,nan,nan
5.3310,100.8000,0,-9825.1448,-1450.6432,-301.6257,nan,nan,nan,0.9270,-0.3750,0.0000,0.3750,0.9270,-0.0000,-0.0000,0.0000,1.0000,0.0000,0.0000,0.0000,50.0171,-20.2401,0.0000,-10103.6027,-1312.1047,-268.7081,nan,nan,nan,0.8932,-0.4476,-0.0431,0.0385,-0.0193,0.9991,90.000,nan,nan,nan,0.0000,0.0000,0.0000,nan,nan,nan,-10103.6027,-1312.1047,-268.7081,-10103.6027,-1312.1047,-268.7081,12.000,1,nan,nan
5.3580,100.8167,0,-9824.3129,-1450.9797,-301.6257,nan,nan,nan,0.9270,-0.3750,0.0000,0.3750,0.9270,-0.0000,-0.0000,0.0000,1.0000,0.0000,0.0000,0.0000,49.9371,-20.2035,0.0000,-10102.8136,-1312.4247,-268.7081,nan,nan,nan,0.8932,-0.4476,-0.0431,0.0385,-0.0193,0.9991,90.000,nan,nan,nan,0.0000,0.0000,0.0000,nan,nan,nan,-10102.8136,-1312.4247,-268.7081,-10102.8136,-1312.4247,-268.7081,12.000,1,nan,nan
5.3840,100.8500,0,-9822.6490,-1451.6529,-301.6257,nan,nan,nan,0.9270,-0.3750,0.0000,0.3750,0.9270,-0.0000,-0.0000,0.0000,1.0000,0.0000,0.0000,0.0000,49.9212,-20.1962,0.0000,-10101.0881,-1313.1243,-268.7081,nan,nan,nan,0.8932,-0.4476,-0.0431,0.0385,-0.0193,0.9991,90.000,nan,nan,nan,0.0000,0.0000,0.0000,nan,nan,nan,-10101.0881,-1313.1243,-268.7081,-10101.0881,-1313.1243,-268.7081,12.000,1,nan,nan
5.4110,100.8833,0,-9820.9851,-1452.3260,-301.6257,nan,nan,nan,0.9270,-0.3750,0.0000,0.3750,0.9270,-0.0000,-0.0000,0.0000,1.0000,0.0000,0.0000,0.0000,49.9180,-20.1948,0.0000,-10099.3732,-1313.8194,-268.7081,nan,nan,nan,0.8932,-0.4476,-0.0431,0.0385,-0.0193,0.9991,90.000,nan,nan,nan,0.0000,0.0000,0.0000,nan,nan,nan,-10099.3732,-1313.8194,-268.7081,-10099.3732,-1313.8194,-268.7081,12.000,1,nan,nan
5.4350,100.9000,0,-9820.1531,-1452.6626,-301.6257,nan,nan,nan,0.9270,-0.3750,0.0000,0.3750,0.9270,-0.0000,-0.0000,0.0000,1.0000,0.0000,0.0000,0.0000,49.9173,-20.1945,0.0000,-10098.5899,-1314.1368,-268.7081,nan,nan,nan,0.8932,-0.4476,-0.0431,0.0385,-0.0193,0.9991,90.000,nan,nan,nan,0.0000,0.0000,0.0000,nan,nan,nan,-10098.5899,-1314.1368,-268.7081,-10098.5899,-1314.1368,-268.7081,12.000,1,nan,nan
5.4630,100.9333,0,-9818.4892,-1453.3358,-301.6257,nan,nan,nan,0.9270,-0.3750,0.0000,0.3750,0.9270,-0.0000,-0.0000,0.0000,1.0000,0.0000,0.0000,0.0000,49.9172,-20.1944,0.0000,-10096.8753,-1314.8314,-268.7081,nan,nan,nan,0.8932,-0.4476,-0.0431,0.0385,-0.0193,0.9991,90.000,nan,nan,nan,0.0000,0.0000,0.0000,nan,nan,nan,-10096.8753,-1314.8314,-268.7081,-10096.8753,-1314.8314,-268.7081,12.000,1,nan,nan
5.4890,100.9500,0,-9817.6572,-1453.6723,-301.6257,nan,nan,nan,0.9270,-0.3750,0.0000,0.3750,0.9270,-0.0000,-0.0000,0.0000,1.0000,0.0000,0.0000,0.0000,49.9172,-20.1944,0.0000,-10096.0923,-1315.1486,-268.7081,nan,nan,nan,0.8932,-0.4476,-0.0431,0.0385,-0.0193,0.9991,90.000,nan,nan,nan,0.0000,0.0000,0.0000,nan,nan,nan,-10096.0923,-1315.1486,-268.7081,-10096.0923,-1315.1486,-268.7081,12.000,1,nan,nan
5.5150,100.9833,0,-9815.9933,-1454.3455,-301.6257,nan,nan,nan,0.9270,-0.3750,0.0000,0.3750,0.9270,-0.0000,-0.0000,0.0000,1.0000,0.0000,0.0000,0.0000,49.9172,-20.1944,0.0000,-10094.3780,-1315.8430,-268.7081,nan,nan,nan,0.8932,-0.4476,-0.0431,0.0385,-0.0193,0.9991,90.000,nan,nan,nan,0.0000,0.0000,0.0000,nan,nan,nan,-10094.3780,-1315.8430,-268.7081,-10094.3780,-1315.8430,-268.7081,12.000,1,nan,nan
5.5410,101.0000,0,-9815.1614,-1454.6821,-301.6257,nan,nan,nan,0.9270,-0.3750,0.0000,0.3750,0.9270,-0.0000,-0.0000,0.0000,1.0000,0.0000,0.0000,0.0000,49.9172,-20.1944,0.0000,-10093.5951,-1316.1601,-268.7081,nan,nan,nan,0.8932,-0.4476,-0.0431,0.0385,-0.0193,0.9991,90.000,nan,nan,nan,0.0000,0.0000,0.0000,nan,nan,nan,-10093.5951,-1316.1601,-268.7081,-10093.5951,-1316.1601,-268.7081,12.000,1,nan,nan
5.5670,101.0333,0,-9813.4975,-1455.3552,-301.6257,nan,nan,nan,0.9270,-0.3750,0.0000,0.3750,0.9270,-0.0000,-0.0000,0.0000,1.0000,0.0000,0.0000,0.0000,49.9172,-20.1944,0.0000,-10091.8811,-1316.8541,-268.7081,nan,nan,nan,0.8932,-0.4476,-0.0431,0.0385,-0.0193,0.9991,90.000,nan,nan,nan,0.0000,0.0000,0.0000,nan,nan,nan,-10091.8811,-1316.8541,-268.7081,-10091.8811,-1316.8541,-268.7081,12.000,1,nan,nan
5.5930,101.0667,0,-9811.8336,-1456.0283,-301.6257,nan,nan,nan,0.9270,-0.3750,0.0000,0.3750,0.9270,-0.0000,-0.0000,0.0000,1.0000,0.0000,0.0000,0.0000,49.9172,-20.1944,0.0000,-10090.1755,-1317.5447,-268.7081,nan,nan,nan,0.8932,-0.4476,-0.0431,0.0385,-0.0193,0.9991,90.000,nan,nan,nan,0.0000,0.0000,0.0000,nan,nan,nan,-10090.1755,-1317.5447,-268.7081,-10090.1755,-1317.5447,-268.7081,12.000,1,nan,nan
5.6200,101.0833,0,-9811.0016,-1456.3649,-301.6257,nan,nan,nan,0.9270,-0.3750,0.0000,0.3750,0.9270,-0.0000,-0.0000,0.0000,1.0000,0.0000,0.0000,0.0000,49.9172,-20.1944,0.0000,-10089.3962,-1317.8602,-268.7081,nan,nan,nan,0.8932,-0.4476,-0.0431,0.0385,-0.0193,0.9991,90.000,nan,nan,nan,0.0000,0.0000,0.0000,nan,nan,nan,-10089.3962,-1317.8602,-268.7081,-10089.3962,-1317.8602,-268.7081,12.000,1,nan,nan
5.6460,101.1167,0,-9809.3377,-1457.0381,-301.6257,nan,nan,nan,0.9270,-0.3750,0.0000,0.3750,0.9270,-0.0000,-0.0000,0.0000,1.0000,0.0000,0.0000,0.0000,49.9172,-20.1944,0.0000,-10087.6888,-1318.5514,-268.7081,nan,nan,nan,0.8932,-0.4476,-0.0431,0.0385,-0.0193,0.9991,90.000,nan,nan,nan,0.0000,0.0000,0.0000,nan,nan,nan,-10087.6888,-1318.5514,-268.7081,-10087.6888,-1318.5514,-268.7081,12.000,1,nan,nan
5.6720,101.1333,0,-9808.5058,-1457.3746,-301.6257,nan,nan,nan,0.9270,-0.3750,0.0000,0.3750,0.9270,-0.0000,-0.0000,0.0000,1.0000,0.0000,0.0000,0.0000,49.9172,-20.1944,0.0000,-10086.9087,-1318.8672,-268.7081,nan,nan,nan,0.8932,-0.4476,-0.0431,0.0385,-0.0193,0.9991,90.000,nan,nan,nan,0.0000,0.0000,0.0000,nan,nan,nan,-10086.9087,-1318.8672,-268.7081,-10086.9087,-1318.8672,-268.7081,12.000,1,nan,nan
5.6990,101.1667,0,-9806.8419,-1458.0478,-301.6257,nan,nan,nan,0.9270,-0.3750,0.0000,0.3750,0.9270,-0.0000,-0.0000,0.0000,1.0000,0.0000,0.0000,0.0000,49.9172,-20.1944,0.0000,-10085.1999,-1319.5588,-268.7081,nan,nan,nan,0.8932,-0.4476,-0.0431,0.0385,-0.0193,0.9991,90.000,nan,nan,nan,0.0000,0.0000,0.0000,nan,nan,nan,-10085.1999,-1319.5588,-268.7081,-10085.1999,-1319.5588,-268.7081,12.000,1,nan,nan
5.7270,101.1833,0,-9806.0099,-1458.3844,-301.6257,nan,nan,nan,0.9270,-0.3750,0.0000,0.3750,0.9270,-0.0000,-0.0000,0.0000,1.0000,0.0000,0.0000,0.0000,49.9172,-20.1944,0.0000,-10084.4192,-1319.8748,-268.7081,nan,nan,nan,0.8932,-0.4476,-0.0431,0.0385,-0.0193,0.9991,90.000,nan,nan,nan,0.0000,0.0000,0.0000,nan,nan,nan,-10084.4192,-1319.8748,-268.7081,-10084.4192,-1319.8748,-268.7081,12.000,1,nan,nan
5.7540,101.2167,0,-9804.3460,-1459.0575,-301.6257,nan,nan,nan,0.9270,-0.3750,0.0000,0.3750,0.9270,-0.0000,-0.0000,0.0000,1.0000,0.0000,0.0000,0.0000,49.9172,-20.1944,0.0000,-10082.7093,-1320.5668,-268.7081,nan,nan,nan,0.8932,-0.4476,-0.0431,0.0385,-0.0193,0.9991,90.000,nan,nan,nan,0.0000,0.0000,0.0000,nan,nan,nan,-10082.7093,-1320.5668,-268.7081,-10082.7093,-1320.5668,-268.7081,12.000,1,nan,nan
5.7800,101.2500,0,-9802.6821,-1459.7307,-301.6257,nan,nan,nan,0.9270,-0.3750,0.0000,0.3750,0.9270,-0.0000,-0.0000,0.0000,1.0000,0.0000,0.0000,0.0000,49.9172,-20.1944,0.0000,-10081.0073,-1321.2557,-268.7081,nan,nan,nan,0.8932,-0.4476,-0.0431,0.0385,-0.0193,0.9991,90.000,nan,nan,nan,0.0000,0.0000,0.0000,nan,nan,nan,-10081.0073,-1321.2557,-268.7081,-10081.0073,-1321.2557,-268.7081,12.000,1,nan,nan
5.8060,101.2667,0,-9801.8501,-1460.0672,-301.6257,nan,nan,nan,0.9270,-0.3750,0.0000,0.3750,0.9270,-0.0000,-0.0000,0.0000,1.0000,0.0000,0.0000,0.0000,49.9172,-20.1944,0.0000,-10080.2293,-1321.5705,-268.7081,nan,nan,nan,0.8932,-0.4476,-0.0431,0.0385,-0.0193,0.9991,90.000,nan,nan,nan,0.0000,0.0000,0.0000,nan,nan,nan,-10080.2293,-1321.5705,-268.7081,-10080.2293,-1321.5705,-268.7081,12.000,1,nan,nan
5.8330,101.3000,0,-9800.1862,-1460.7404,-301.6257,nan,nan,nan,0.9270,-0.3750,0.0000,0.3750,0.9270,-0.0000,-0.0000,0.0000,1.0000,0.0000,0.0000,0.0000,49.9172,-20.1944,0.0000,-10078.5246,-1322.2604,-268.7081,nan,nan,nan,0.8932,-0.4476,-0.0431,0.0385,-0.0193,0.9991,90.000,nan,nan,nan,0.0000,0.0000,0.0000,nan,nan,nan,-10078.5246,-1322.2604,-268.7081,-10078.5246,-1322.2604,-268.7081,12.000,1,nan,nan
5.8580,101.3167,0,-9799.3543,-1461.0769,-301.6257,nan,nan,nan,0.9270,-0.3750,0.0000,0.3750,0.9270,-0.0000,-0.0000,0.0000,1.0000,0.0000,0.0000,0.0000,49.9172,-20.1944,0.0000,-10077.7455,-1322.5756,-268.7081,nan,nan,nan,0.8932,-0.4476,-0.0431,0.0385,-0.0193,0.9991,90.000,nan,nan,nan,0.0000,0.0000,0.0000,nan,nan,nan,-10077.7455,-1322.5756,-268.7081,-10077.7455,-1322.5756,-268.7081,12.000,1,nan,nan
5.8860,101.3500,0,-9797.6904,-1461.7501,-301.6257,nan,nan,nan,0.9270,-0.3750,0.0000,0.3750,0.9270,-0.0000,-0.0000,0.0000,1.0000,0.0000,0.0000,0.0000,49.9172,-20.1944,0.0000,-10076.0387,-1323.2663,-268.7081,nan,nan,nan,0.8932,-0.4476,-0.0431,0.0385,-0.0193,0.9991,90.000,nan,nan,nan,0.0000,0.0000,0.0000,nan,nan,nan,-10076.0387,-1323.2663,-268.7081,-10076.0387,-1323.2663,-268.7081,12.000,1,nan,nan
5.9130,101.3833,0,-9796.0265,-1462.4232,-301.6257,nan,nan,nan,0.9270,-0.3750,0.0000,0.3750,0.9270,-0.0000,-0.0000,0.0000,1.0000,0.0000,0.0000,0.0000,49.9172,-20.1944,0.0000,-10074.3392,-1323.9540,-268.7081,nan,nan,nan,0.8932,-0.4476,-0.0431,0.0385,-0.0193,0.9991,90.000,nan,nan,nan,0.0000,0.0000,0.0000,nan,nan,nan,-10074.3392,-1323.9540,-268.7081,-10074.3392,-1323.9540,-268.7081,12.000,1,nan,nan
5.9390,101.4000,0,-9795.1945,-1462.7598,-301.6257,nan,nan,nan,0.9270,-0.3750,0.0000,0.3750,0.9270,-0.0000,-0.0000,0.0000,1.0000,0.0000,0.0000,0.0000,49.9172,-20.1944,0.0000,-10073.5623,-1324.2683,-268.7081,nan,nan,nan,0.8932,-0.4476,-0.0431,0.0385,-0.0193,0.9991,90.000,nan,nan,nan,0.0000,0.0000,0.0000,nan,nan,nan,-10073.5623,-1324.2683,-268.7081,-10073.5623,-1324.2683,-268.7081,12.000,1,nan,nan
5.9650,101.4333,0,-9793.5306,-1463.4330,-301.6257,nan,nan,nan,0.9270,-0.3750,0.0000,0.3750,0.9270,-0.0000,-0.0000,0.0000,1.0000,0.0000,0.0000,0.0000,49.9172,-20.1944,0.0000,-10071.8595,-1324.9573,-268.7081,nan,nan,nan,0.8932,-0.4476,-0.0431,0.0385,-0.0193,0.9991,90.000,nan,nan,nan,0.0000,0.0000,0.0000,nan,nan,nan,-10071.8595,-1324.9573,-268.7081,-10071.8595,-1324.9573,-268.7081,12.000,1,nan,nan
5.9930,101.4500,0,-9792.6987,-1463.7695,-301.6257,nan,nan,nan,0.9270,-0.3750,0.0000,0.3750,0.9270,-0.0000,-0.0000,0.0000,1.0000,0.0000,0.0000,0.0000,49.9172,-20.1944,0.0000,-10071.0812,-1325.2722,-268.7081,nan,nan,nan,0.8932,-0.4476,-0.0431,0.0385,-0.0193,0.9991,90.000,nan,nan,nan,0.0000,0.0000,0.0000,nan,nan,nan,-10071.0812,-1325.2722,-268.7081,-10071.0812,-1325.2722,-268.7081,12.000,1,nan,nan
6.0210,101.4833,0,-9791.0348,-1464.4427,-301.6257,nan,nan,nan,0.9270,-0.3750,0.0000,0.3750,0.9270,-0.0000,-0.0000,0.0000,1.0000,0.0000,0.0000,0.0000,49.9172,-20.1944,0.0000,-10069.3759,-1325.9622,-268.7081,nan,nan,nan,0.8932,-0.4476,-0.0431,0.0385,-0.0193,0.9991,90.000,nan,nan,nan,0.0000,0.0000,0.0000,nan,nan,nan,-10069.3759,-1325.9622,-268.7081,-10069.3759,-1325.9622,-268.7081,12.000,1,nan,nan
6.0480,101.5167,0,-9789.3709,-1465.1158,-301.6257,nan,nan,nan,0.9270,-0.3750,0.0000,0.3750,0.9270,-0.0000,-0.0000,0.0000,1.0000,0.0000,0.0000,0.0000,49.9172,-20.1944,0.0000,-10067.6776,-1326.6494,-268.7081,nan,nan,nan,0.8932,-0.4476,-0.0431,0.0385,-0.0193,0.9991,90.000,nan,nan,nan,0.0000,0.0000,0.0000,nan,nan,nan,-10067.6776,-1326.6494,-268.7081,-10067.6776,-1326.6494,-268.7081,12.000,1,nan,nan
6.0730,101.5333,0,-9788.5389,-1465.4524,-301.6257,nan,nan,nan,0.9270,-0.3750,0.0000,0.3750,0.9270,-0.0000,-0.0000,0.0000,1.0000,0.0000,0.0000,0.0000,49.9172,-20.1944,0.0000,-10066.9012,-1326.9635,-268.7081,nan,nan,nan,0.8932,-0.4476,-0.0431,0.0385,-0.0193,0.9991,90.000,nan,nan,nan,0.0000,0.0000,0.0000,nan,nan,nan,-10066.9012,-1326.9635,-268.7081,-10066.9012,-1326.9635,-268.7081,12.000,1,nan,nan
6.1000,101.5667,0,-9786.8750,-1466.1255,-301.6257,nan,nan,nan,0.9270,-0.3750,0.0000,0.3750,0.9270,-0.0000,-0.0000,0.0000,1.0000,0.0000,0.0000,0.0000,49.9172,-20.1944,0.0000,-10065.1993,-1327.6521,-268.7081,nan,nan,nan,0.8932,-0.4476,-0.0431,0.0385,-0.0193,0.9991,90.000,nan,nan,nan,0.0000,0.0000,0.0000,nan,nan,nan,-10065.1993,-1327.6521,-268.7081,-10065.1993,-1327.6521,-268.7081,12.000,1,nan,nan
6.1280,101.5833,0,-9786.0430,-1466.4621,-301.6257,nan,nan,nan,0.9270,-0.3750,0.0000,0.3750,0.9270,-0.0000,-0.0000,0.0000,1.0000,0.0000,0.0000,0.0000,49.9172,-20.1944,0.0000,-10064.4214,-1327.9668,-268.7081,nan,nan,nan,0.8932,-0.4476,-0.0431,0.0385,-0.0193,0.9991,90.000,nan,nan,nan,0.0000,0.0000,0.0000,nan,nan,nan,-10064.4214,-1327.9668,-268.7081,-10064.4214,-1327.9668,-268.7081,12.000,1,nan,nan
6.1540,101.6167,0,-9784.3791,-1467.1353,-301.6257,nan,nan,nan,0.9270,-0.3750,0.0000,0.3750,0.9270,-0.0000,-0.0000,0.0000,1.0000,0.0000,0.0000,0.0000,49.9172,-20.1944,0.0000,-10062.7168,-1328.6564,-268.7081,nan,nan,nan,0.8932,-0.4476,-0.0431,0.0385,-0.0193,0.9991,90.000,nan,nan,nan,0.0000,0.0000,0.0000,nan,nan,nan,-10062.7168,-1328.6564,-268.7081,-10062.7168,-1328.6564,-268.7081,12.000,1,nan,nan
6.1800,101.6500,0,-9782.7152,-1467.8084,-301.6257,nan,nan,nan,0.9270,-0.3750,0.0000,0.3750,0.9270,-0.0000,-0.0000,0.0000,1.0000,0.0000,0.0000,0.0000,49.9172,-20.1944,0.0000,-10061.0191,-1329.3433,-268.7081,nan,nan,nan,0.8932,-0.4476,-0.0431,0.0385,-0.0193,0.9991,90.000,nan,nan,nan,0.0000,0.0000,0.0000,nan,nan,nan,-10061.0191,-1329.3433,-268.7081,-10061.0191,-1329.3433,-268.7081,12.000,1,nan,nan
6.2060,101.6667,0,-9781.8833,-1468.1450,-301.6257,nan,nan,nan,0.9270,-0.3750,0.0000,0.3750,0.9270,-0.0000,-0.0000,0.0000,1.0000,0.0000,0.0000,0.0000,49.9172,-20.1944,0.0000,-10060.2429,-1329.6573,-268.7081,nan,nan,nan,0.8932,-0.4476,-0.0431,0.0385,-0.0193,0.9991,90.000,nan,nan,nan,0.0000,0.0000,0.0000,nan,nan,nan,-10060.2429,-1329.6573,-268.7081,-10060.2429,-1329.6573,-268.7081,12.000,1,nan,nan
6.2330,101.7000,0,-9780.2194,-1468.8181,-301.6257,nan,nan,nan,0.9270,-0.3750,0.0000,0.3750,0.9270,-0.0000,-0.0000,0.0000,1.0000,0.0000,0.0000,0.0000,49.9172,-20.1944,0.0000,-10058.5415,-1330.3457,-268.7081,nan,nan,nan,0.8932,-0.4476,-0.0431,0.0385,-0.0193,0.9991,90.000,nan,nan,nan,0.0000,0.0000,0.0000,nan,nan,nan,-10058.5415,-1330.3457,-268.7081,-10058.5415,-1330.3457,-268.7081,12.000,1,nan,nan
6.2650,101.7167,0,-9779.3874,-1469.1547,-301.6257,nan,nan,nan,0.9270,-0.3750,0.0000,0.3750,0.9270,-0.0000,-0.0000,0.0000,1.0000,0.0000,0.0000,0.0000,49.9172,-20.1944,0.0000,-10057.7638,-1330.6603,-268.7081,nan,nan,nan,0.8932,-0.4476,-0.0431,0.0385,-0.0193,0.9991,90.000,nan,nan,nan,0.0000,0.0000,0.0000,nan,nan,nan,-10057.7638,-1330.6603,-268.7081,-10057.7638,-1330.6603,-268.7081,12.000,1,nan,nan
6.2900,101.7500,0,-9777.7235,-1469.8278,-301.6257,nan,nan,nan,0.9270,-0.3750,0.0000,0.3750,0.9270,-0.0000,-0.0000,0.0000,1.0000,0.0000,0.0000,0.0000,49.9172,-20.1944,0.0000,-10056.0595,-1331.3498,-268.7081,nan,nan,nan,0.8932,-0.4476,-0.0431,0.0385,-0.0193,0.9991,90.000,nan,nan,nan,0.0000,0.0000,0.0000,nan,nan,nan,-10056.0595,-1331.3498,-268.7081,-10056.0595,-1331.3498,-268.7081,12.000,1,nan,nan
6.3170,101.7833,0,-9776.0596,-1470.5010,-301.6257,nan,nan,nan,0.9270,-0.3750,0.0000,0.3750,0.9270,-0.0000,-0.0000,0.0000,1.0000,0.0000,0.0000,0.0000,49.9172,-20.1944,0.0000,-10054.3621,-1332.0366,-268.7081,nan,nan,nan,0.8932,-0.4476,-0.0431,0.0385,-0.0193,0.9991,90.000,nan,nan,nan,0.0000,0.0000,0.0000,nan,nan,nan,-10054.3621,-1332.0366,-268.7081,-10054.3621,-1332.0366,-268.7081,12.000,1,nan,nan
6.3440,101.8000,0,-9775.2277,-1470.8376,-301.6257,nan,nan,nan,0.9270,-0.3750,0.0000,0.3750,0.9270,-0.0000,-0.0000,0.0000,1.0000,0.0000,0.0000,0.0000,49.9172,-20.1944,0.0000,-10053.5860,-1332.3505,-268.7081,nan,nan,nan,0.8932,-0.4476,-0.0431,0.0385,-0.0193,0.9991,90.000,nan,nan,nan,0.0000,0.0000,0.0000,nan,nan,nan,-10053.5860,-1332.3505,-268.7081,-10053.5860,-1332.3505,-268.7081,12.000,1,nan,nan
6.3700,101.8333,0,-9773.5637,-1471.5107,-301.6257,nan,nan,nan,0.9270,-0.3750,0.0000,0.3750,0.9270,-0.0000,-0.0000,0.0000,1.0000,0.0000,0.0000,0.0000,49.9172,-20.1944,0.0000,-10051.8848,-1333.0388,-268.7081,nan,nan,nan,0.8932,-0.4476,-0.0431,0.0385,-0.0193,0.9991,90.000,nan,nan,nan,0.0000,0.0000,0.0000,nan,nan,nan,-10051.8848,-1333.0388,-268.7081,-10051.8848,-1333.0388,-268.7081,12.000,1,nan,nan
6.3960,101.8667,0,-9771.8998,-1472.1839,-301.6257,nan,nan,nan,0.9270,-0.3750,0.0000,0.3750,0.9270,-0.0000,-0.0000,0.0000,1.0000,0.0000,0.0000,0.0000,49.9172,-20.1944,0.0000,-10050.1899,-1333.7245,-268.7081,nan,nan,nan,0.8932,-0.4476,-0.0431,0.0385,-0.0193,0.9991,90.000,nan,nan,nan,0.0000,0.0000,0.0000,nan,nan,nan,-10050.1899,-1333.7245,-268.7081,-10050.1899,-1333.7245,-268.7081,12.000,1,nan,nan
6.4220,101.8833,0,-9771.0679,-1472.5204,-301.6257,nan,nan,nan,0.9270,-0.3750,0.0000,0.3750,0.9270,-0.0000,-0.0000,0.0000,1.0000,0.0000,0.0000,0.0000,49.9172,-20.1944,0.0000,-10049.4149,-1334.0380,-268.7081,nan,nan,nan,0.8932,-0.4476,-0.0431,0.0385,-0.0193,0.9991,90.000,nan,nan,nan,0.0000,0.0000,0.0000,nan,nan,nan,-10049.4149,-1334.0380,-268.7081,-10049.4149,-1334.0380,-268.7081,12.000,1,nan,nan
6.4490,101.9167,0,-9769.4040,-1473.1936,-301.6257,nan,nan,nan,0.9270,-0.3750,0.0000,0.3750,0.9270,-0.0000,-0.0000,0.0000,1.0000,0.0000,0.0000,0.0000,49.9172,-20.1944,0.0000,-10047.7156,-1334.7255,-268.7081,nan,nan,nan,0.8932,-0.4476,-0.0431,0.0385,-0.0193,0.9991,90.000,nan,nan,nan,0.0000,0.0000,0.0000,nan,nan,nan,-10047.7156,-1334.7255,-268.7081,-10047.7156,-1334.7255,-268.7081,12.000,1,nan,nan
6.4750,101.9333,0,-9768.5720,-1473.5302,-301.6257,nan,nan,nan,0.9270,-0.3750,0.0000,0.3750,0.9270,-0.0000,-0.0000,0.0000,1.0000,0.0000,0.0000,0.0000,49.9172,-20.1944,0.0000,-10046.9388,-1335.0398,-268.7081,nan,nan,nan,0.8932,-0.4476,-0.0431,0.0385,-0.0193,0.9991,90.000,nan,nan,nan,0.0000,0.0000,0.0000,nan,nan,nan,-10046.9388,-1335.0398,-268.7081,-10046.9388,-1335.0398,-268.7081,12.000,1,nan,nan
6.5020,101.9667,0,-9766.9081,-1474.2033,-301.6257,nan,nan,nan,0.9270,-0.3750,0.0000,0.3750,0.9270,-0.0000,-0.0000,0.0000,1.0000,0.0000,0.0000,0.0000,49.9172,-20.1944,0.0000,-10045.2361,-1335.7286,-268.7081,nan,nan,nan,0.8932,-0.4476,-0.0431,0.0385,-0.0193,0.9991,90.000,nan,nan,nan,0.0000,0.0000,0.0000,nan,nan,nan,-10045.2361,-1335.7286,-268.7081,-10045.2361,-1335.7286,-268.7081,12.000,1,nan,nan
6.5280,102.0000,0,-9765.2442,-1474.8764,-301.6257,nan,nan,nan,0.9270,-0.3750,0.0000,0.3750,0.9270,-0.0000,-0.0000,0.0000,1.0000,0.0000,0.0000,0.0000,49.9172,-20.1944,0.0000,-10043.5401,-1336.4148,-268.7081,nan,nan,nan,0.8932,-0.4476,-0.0431,0.0385,-0.0193,0.9991,90.000,nan,nan,nan,0.0000,0.0000,0.0000,nan,nan,nan,-10043.5401,-1336.4148,-268.7081,-10043.5401,-1336.4148,-268.7081,12.000,1,nan,nan
6.5540,102.0167,0,-9764.4123,-1475.2130,-301.6257,nan,nan,nan,0.9270,-0.3750,0.0000,0.3750,0.9270,-0.0000,-0.0000,0.0000,1.0000,0.0000,0.0000,0.0000,49.9172,-20.1944,0.0000,-10042.7646,-1336.7285,-268.7081,nan,nan,nan,0.8932,-0.4476,-0.0431,0.0385,-0.0193,0.9991,90.000,nan,nan,nan,0.0000,0.0000,0.0000,nan,nan,nan,-10042.7646,-1336.7285,-268.7081,-10042.7646,-1336.7285,-268.7081,12.000,1,nan,nan
6.5800,102.0500,0,-9762.7484,-1475.8862,-301.6257,nan,nan,nan,0.9270,-0.3750,0.0000,0.3750,0.9270,-0.0000,-0.0000,0.0000,1.0000,0.0000,0.0000,0.0000,49.9172,-20.1944,0.0000,-10041.0644,-1337.4164,-268.7081,nan,nan,nan,0.8932,-0.4476,-0.0431,0.0385,-0.0193,0.9991,90.000,nan,nan,nan,0.0000,0.0000,0.0000,nan,nan,nan,-10041.0644,-1337.4164,-268.7081,-10041.0644,-1337.4164,-268.7081,12.000,1,nan,nan
6.6070,102.0667,0,-9761.9164,-1476.2227,-301.6257,nan,nan,nan,0.9270,-0.3750,0.0000,0.3750,0.9270,-0.0000,-0.0000,0.0000,1.0000,0.0000,0.0000,0.0000,49.9172,-20.1944,0.0000,-10040.2872,-1337.7308,-268.7081,nan,nan,nan,0.8932,-0.4476,-0.0431,0.0385,-0.0193,0.9991,90.000,nan,nan,nan,0.0000,0.0000,0.0000,nan,nan,nan,-10040.2872,-1337.7308,-268.7081,-10040.2872,-1337.7308,-268.7081,12.000,1,nan,nan
6.6340,102.1000,0,-9760.2924,-1476.8777,-301.6257,nan,nan,nan,0.9274,-0.3741,0.0000,0.3741,0.9274,-0.0000,-0.0000,0.0000,1.0000,0.0000,0.0000,0.0000,49.6778,-20.0853,0.0000,-10038.5906,-1338.4168,-268.7081,nan,nan,nan,0.8932,-0.4476,-0.0431,0.0385,-0.0193,0.9991,90.000,nan,nan,nan,0.0000,0.0000,0.0000,nan,nan,nan,-10038.5906,-1338.4168,-268.7081,-10038.5906,-1338.4168,-268.7081,12.000,1,nan,nan
6.6600,102.1167,0,-9759.4804,-1477.2052,-301.6257,nan,nan,nan,0.9274,-0.3741,0.0000,0.3741,0.9274,-0.0000,-0.0000,0.0000,1.0000,0.0000,0.0000,0.0000,49.3905,-19.9544,0.0000,-10037.8166,-1338.7298,-268.7081,nan,nan,nan,0.8932,-0.4476,-0.0431,0.0385,-0.0193,0.9991,90.000,nan,nan,nan,0.0000,0.0000,0.0000,nan,nan,nan,-10037.8166,-1338.7298,-268.7081,-10037.8166,-1338.7298,-268.7081,12.000,1,nan,nan
6.6860,102.1500,0,-9757.8564,-1477.8601,-301.6257,nan,nan,nan,0.9274,-0.3741,0.0000,0.3741,0.9274,-0.0000,-0.0000,0.0000,1.0000,0.0000,0.0000,0.0000,49.0937,-19.8191,0.0000,-10036.1259,-1339.4131,-268.7081,nan,nan,nan,0.8932,-0.4476,-0.0431,0.0385,-0.0193,0.9991,90.000,nan,nan,nan,0.0000,0.0000,0.0000,nan,nan,nan,-10036.1259,-1339.4131,-268.7081,-10036.1259,-1339.4131,-268.7081,12.000,1,nan,nan
6.7130,102.1833,0,-9756.2324,-1478.5151,-301.6257,nan,nan,nan,0.9274,-0.3741,0.0000,0.3741,0.9274,-0.0000,-0.0000,0.0000,1.0000,0.0000,0.0000,0.0000,48.7949,-19.6829,0.0000,-10034.4465,-1340.0917,-268.7081,nan,nan,nan,0.8932,-0.4476,-0.0431,0.0385,-0.0193,0.9991,90.000,nan,nan,nan,0.0000,0.0000,0.0000,nan,nan,nan,-10034.4465,-1340.0917,-268.7081,-10034.4465,-1340.0917,-268.7081,12.000,1,nan,nan
6.7400,102.2000,0,-9755.4204,-1478.8426,-301.6257,nan,nan,nan,0.9274,-0.3741,0.0000,0.3741,0.9274,-0.0000,-0.0000,0.0000,1.0000,0.0000,0.0000,0.0000,48.7352,-19.6557,0.0000,-10033.6795,-1340.4016,-268.7081,nan,nan,nan,0.8932,-0.4476,-0.0431,0.0385,-0.0193,0.9991,90.000,nan,nan,nan,0.0000,0.0000,0.0000,nan,nan,nan,-10033.6795,-1340.4016,-268.7081,-10033.6795,-1340.4016,-268.7081,12.000,1,nan,nan
6.7680,102.2333,0,-9753.7964,-1479.4976,-301.6257,nan,nan,nan,0.9274,-0.3741,0.0000,0.3741,0.9274,-0.0000,-0.0000,0.0000,1.0000,0.0000,0.0000,0.0000,48.7232,-19.6502,0.0000,-10032.0019,-1341.0792,-268.7081,nan,nan,nan,0.8932,-0.4476,-0.0431,0.0385,-0.0193,0.9991,90.000,nan,nan,nan,0.0000,0.0000,0.0000,nan,nan,nan,-10032.0019,-1341.0792,-268.7081,-10032.0019,-1341.0792,-268.7081,12.000,1,nan,nan
6.7940,102.2667,0,-9752.1724,-1480.1525,-301.6257,nan,nan,nan,0.9274,-0.3741,0.0000,0.3741,0.9274,-0.0000,-0.0000,0.0000,1.0000,0.0000,0.0000,0.0000,48.7208,-19.6491,0.0000,-10030.3333,-1341.7530,-268.7081,nan,nan,nan,0.8932,-0.4476,-0.0431,0.0385,-0.0193,0.9991,90.000,nan,nan,nan,0.0000,0.0000,0.0000,nan,nan,nan,-10030.3333,-1341.7530,-268.7081,-10030.3333,-1341.7530,-268.7081,12.000,1,nan,nan
6.8210,102.2833,0,-9751.3604,-1480.4800,-301.6257,nan,nan,nan,0.9274,-0.3741,0.0000,0.3741,0.9274,-0.0000,-0.0000,0.0000,1.0000,0.0000,0.0000,0.0000,48.7204,-19.6489,0.0000,-10029.5708,-1342.0609,-268.7081,nan,nan,nan,0.8932,-0.4476,-0.0431,0.0385,-0.0193,0.9991,90.000,nan,nan,nan,0.0000,0.0000,0.0000,nan,nan,nan,-10029.5708,-1342.0609,-268.7081,-10029.5708,-1342.0609,-268.7081,12.000,1,nan,nan
6.8470,102.3167,0,-9749.7363,-1481.1350,-301.6257,nan,nan,nan,0.9274,-0.3741,0.0000,0.3741,0.9274,-0.0000,-0.0000,0.0000,1.0000,0.0000,0.0000,0.0000,48.7203,-19.6489,0.0000,-10027.9014,-1342.7348,-268.7081,nan,nan,nan,0.8932,-0.4476,-0.0431,0.0385,-0.0193,0.9991,90.000,nan,nan,nan,0.0000,0.0000,0.0000,nan,nan,nan,-10027.9014,-1342.7348,-268.7081,-10027.9014,-1342.7348,-268.7081,12.000,1,nan,nan
6.8730,102.3333,0,-9748.9243,-1481.4624,-301.6257,nan,nan,nan,0.9274,-0.3741,0.0000,0.3741,0.9274,-0.0000,-0.0000,0.0000,1.0000,0.0000,0.0000,0.0000,48.7203,-19.6489,0.0000,-10027.1385,-1343.0428,-268.7081,nan,nan,nan,0.8932,-0.4476,-0.0431,0.0385,-0.0193,0.9991,90.000,nan,nan,nan,0.0000,0.0000,0.0000,nan,nan,nan,-10027.1385,-1343.0428,-268.7081,-10027.1385,-1343.0428,-268.7081,12.000,1,nan,nan
6.9000,102.3667,0,-9747.3003,-1482.1174,-301.6257,nan,nan,nan,0.9274,-0.3741,0.0000,0.3741,0.9274,-0.0000,-0.0000,0.0000,1.0000,0.0000,0.0000,0.0000,48.7203,-19.6489,0.0000,-10025.4685,-1343.7169,-268.7081,nan,nan,nan,0.8932,-0.4476,-0.0431,0.0385,-0.0193,0.9991,90.000,nan,nan,nan,0.0000,0.0000,0.0000,nan,nan,nan,-10025.4685,-1343.7169,-268.7081,-10025.4685,-1343.7169,-268.7081,12.000,1,nan,nan
6.9250,102.3833,0,-9746.4883,-1482.4449,-301.6257,nan,nan,nan,0.9274,-0.3741,0.0000,0.3741,0.9274,-0.0000,-0.0000,0.0000,1.0000,0.0000,0.0000,0.0000,48.7203,-19.6489,0.0000,-10024.7053,-1344.0249,-268.7081,nan,nan,nan,0.8932,-0.4476,-0.0431,0.0385,-0.0193,0.9991,90.000,nan,nan,nan,0.0000,0.0000,0.0000,nan,nan,nan,-10024.7053,-1344.0249,-268.7081,-10024.7053,-1344.0249,-268.7081,12.000,1,nan,nan
6.9510,102.4167,0,-9744.8643,-1483.0998,-301.6257,nan,nan,nan,0.9274,-0.3741,0.0000,0.3741,0.9274,-0.0000,-0.0000,0.0000,1.0000,0.0000,0.0000,0.0000,48.7203,-19.6489,0.0000,-10023.0348,-1344.6991,-268.7081,nan,nan,nan,0.8932,-0.4476,-0.0431,0.0385,-0.0193,0.9991,90.000,nan,nan,nan,0.0000,0.0000,0.0000,nan,nan,nan,-10023.0348,-1344.6991,-268.7081,-10023.0348,-1344.6991,-268.7081,12.000,1,nan,nan
6.9770,102.4500,0,-9743.2403,-1483.7548,-301.6257,nan,nan,nan,0.9274,-0.3741,0.0000,0.3741,0.9274,-0.0000,-0.0000,0.0000,1.0000,0.0000,0.0000,0.0000,48.7203,-19.6489,0.0000,-10021.3722,-1345.3700,-268.7081,nan,nan,nan,0.8932,-0.4476,-0.0431,0.0385,-0.0193,0.9991,90.000,nan,nan,nan,0.0000,0.0000,0.0000,nan,nan,nan,-10021.3722,-1345.3700,-268.7081,-10021.3722,-1345.3700,-268.7081,12.000,1,nan,nan
7.0040,102.4667,0,-9742.4283,-1484.0823,-301.6257,nan,nan,nan,0.9274,-0.3741,0.0000,0.3741,0.9274,-0.0000,-0.0000,0.0000,1.0000,0.0000,0.0000,0.0000,48.7203,-19.6489,0.0000,-10020.6121,-1345.6767,-268.7081,nan,nan,nan,0.8932,-0.4476,-0.0431,0.0385,-0.0193,0.9991,90.000,nan,nan,nan,0.0000,0.0000,0.0000,nan,nan,nan,-10020.6121,-1345.6767,-268.7081,-10020.6121,-1345.6767,-268.7081,12.000,1,nan,nan
7.0310,102.5000,0,-9740.8043,-1484.7373,-301.6257,nan,nan,nan,0.9274,-0.3741,0.0000,0.3741,0.9274,-0.0000,-0.0000,0.0000,1.0000,0.0000,0.0000,0.0000,48.7203,-19.6489,0.0000,-10018.9472,-1346.3484,-268.7081,nan,nan,nan,0.8932,-0.4476,-0.0431,0.0385,-0.0193,0.9991,90.000,nan,nan,nan,0.0000,0.0000,0.0000,nan,nan,nan,-10018.9472,-1346.3484,-268.7081,-10018.9472,-1346.3484,-268.7081,12.000,1,nan,nan
7.0570,102.5167,0,-9739.9923,-1485.0647,-301.6257,nan,nan,nan,0.9274,-0.3741,0.0000,0.3741,0.9274,-0.0000,-0.0000,0.0000,1.0000,0.0000,0.0000,0.0000,48.7203,-19.6489,0.0000,-10018.1861,-1346.6555,-268.7081,nan,nan,nan,0.8932,-0.4476,-0.0431,0.0385,-0.0193,0.9991,90.000,nan,nan,nan,0.0000,0.0000,0.0000,nan,nan,nan,-10018.1861,-1346.6555,-268.7081,-10018.1861,-1346.6555,-268.7081,12.000,1,nan,nan
7.0840,102.5500,0,-9738.3683,-1485.7197,-301.6257,nan,nan,nan,0.9274,-0.3741,0.0000,0.3741,0.9274,-0.0000,-0.0000,0.0000,1.0000,0.0000,0.0000,0.0000,48.7203,-19.6489,0.0000,-10016.5196,-1347.3279,-268.7081,nan,nan,nan,0.8932,-0.4476,-0.0431,0.0385,-0.0193,0.9991,90.000,nan,nan,nan,0.0000,0.0000,0.0000,nan,nan,nan,-10016.5196,-1347.3279,-268.7081,-10016.5196,-1347.3279,-268.7081,12.000,1,nan,nan
7.1100,102.5833,0,-9736.7443,-1486.3747,-301.6257,nan,nan,nan,0.9274,-0.3741,0.0000,0.3741,0.9274,-0.0000,-0.0000,0.0000,1.0000,0.0000,0.0000,0.0000,48.7203,-19.6489,0.0000,-10014.8602,-1347.9973,-268.7081,nan,nan,nan,0.8932,-0.4476,-0.0431,0.0385,-0.0193,0.9991,90.000,nan,nan,nan,0.0000,0.0000,0.0000,nan,nan,nan,-10014.8602,-1347.9973,-268.7081,-10014.8602,-1347.9973,-268.7081,12.000,1,nan,nan
7.1360,102.6000,0,-9735.9323,-1486.7021,-301.6257,nan,nan,nan,0.9274,-0.3741,0.0000,0.3741,0.9274,-0.0000,-0.0000,0.0000,1.0000,0.0000,0.0000,0.0000,48.7203,-19.6489,0.0000,-10014.1014,-1348.3034,-268.7081,nan,nan,nan,0.8932,-0.4476,-0.0431,0.0385,-0.0193,0.9991,90.000,nan,nan,nan,0.0000,0.0000,0.0000,nan,nan,nan,-10014.1014,-1348.3034,-268.7081,-10014.1014,-1348.3034,-268.7081,12.000,1,nan,nan
7.1630,102.6333,0,-9734.3083,-1487.3571,-301.6257,nan,nan,nan,0.9274,-0.3741,0.0000,0.3741,0.9274,-0.0000,-0.0000,0.0000,1.0000,0.0000,0.0000,0.0000,48.7203,-19.6489,0.0000,-10012.4390,-1348.9740,-268.7081,nan,nan,nan,0.8932,-0.4476,-0.0431,0.0385,-0.0193,0.9991,90.000,nan,nan,nan,0.0000,0.0000,0.0000,nan,nan,nan,-10012.4390,-1348.9740,-268.7081,-10012.4390,-1348.9740,-268.7081,12.000,1,nan,nan
7.1900,102.6500,0,-9733.4963,-1487.6846,-301.6257,nan,nan,nan,0.9274,-0.3741,0.0000,0.3741,0.9274,-0.0000,-0.0000,0.0000,1.0000,0.0000,0.0000,0.0000,48.7203,-19.6489,0.0000,-10011.6790,-1349.2806,-268.7081,nan,nan,nan,0.8932,-0.4476,-0.0431,0.0385,-0.0193,0.9991,90.000,nan,nan,nan,0.0000,0.0000,0.0000,nan,nan,nan,-10011.6790,-1349.2806,-268.7081,-10011.6790,-1349.2806,-268.7081,12.000,1,nan,nan
7.2160,102.6833,0,-9731.8723,-1488.3395,-301.6257,nan,nan,nan,0.9274,-0.3741,0.0000,0.3741,0.9274,-0.0000,-0.0000,0.0000,1.0000,0.0000,0.0000,0.0000,48.7203,-19.6489,0.0000,-10010.0143,-1349.9521,-268.7081,nan,nan,nan,0.8932,-0.4476,-0.0431,0.0385,-0.0193,0.9991,90.000,nan,nan,nan,0.0000,0.0000,0.0000,nan,nan,nan,-10010.0143,-1349.9521,-268.7081,-10010.0143,-1349.9521,-268.7081,12.000,1,nan,nan
7.2410,102.7000,0,-9731.0603,-1488.6670,-301.6257,nan,nan,nan,0.9274,-0.3741,0.0000,0.3741,0.9274,-0.0000,-0.0000,0.0000,1.0000,0.0000,0.0000,0.0000,48.7203,-19.6489,0.0000,-10009.2533,-1350.2591,-268.7081,nan,nan,nan,0.8932,-0.4476,-0.0431,0.0385,-0.0193,0.9991,90.000,nan,nan,nan,0.0000,0.0000,0.0000,nan,nan,nan,-10009.2533,-1350.2591,-268.7081,-10009.2533,-1350.2591,-268.7081,12.000,1,nan,nan
7.2680,102.7333,0,-9729.4362,-1489.3220,-301.6257,nan,nan,nan,0.9274,-0.3741,0.0000,0.3741,0.9274,-0.0000,-0.0000,0.0000,1.0000,0.0000,0.0000,0.0000,48.7203,-19.6489,0.0000,-10007.5869,-1350.9313,-268.7081,nan,nan,nan,0.8932,-0.4476,-0.0431,0.0385,-0.0193,0.9991,90.000,nan,nan,nan,0.0000,0.0000,0.0000,nan,nan,nan,-10007.5869,-1350.9313,-268.7081,-10007.5869,-1350.9313,-268.7081,12.000,1,nan,nan
7.2950,102.7667,0,-9727.8122,-1489.9770,-301.6257,nan,nan,nan,0.9274,-0.3741,0.0000,0.3741,0.9274,-0.0000,-0.0000,0.0000,1.0000,0.0000,0.0000,0.0000,48.7203,-19.6489,0.0000,-10005.9276,-1351.6005,-268.7081,nan,nan,nan,0.8932,-0.4476,-0.0431,0.0385,-0.0193,0.9991,90.000,nan,nan,nan,0.0000,0.0000,0.0000,nan,nan,nan,-10005.9276,-1351.6005,-268.7081,-10005.9276,-1351.6005,-268.7081,12.000,1,nan,nan
7.3210,102.7833,0,-9727.0002,-1490.3044,-301.6257,nan,nan,nan,0.9274,-0.3741,0.0000,0.3741,0.9274,-0.0000,-0.0000,0.0000,1.0000,0.0000,0.0000,0.0000,48.7203,-19.6489,0.0000,-10005.1689,-1351.9066,-268.7081,nan,nan,nan,0.8932,-0.4476,-0.0431,0.0385,-0.0193,0.9991,90.000,nan,nan,nan,0.0000,0.0000,0.0000,nan,nan,nan,-10005.1689,-1351.9066,-268.7081,-10005.1689,-1351.9066,-268.7081,12.000,1,nan,nan
7.3490,102.8167,0,-9725.3762,-1490.9594,-301.6257,nan,nan,nan,0.9274,-0.3741,0.0000,0.3741,0.9274,-0.0000,-0.0000,0.0000,1.0000,0.0000,0.0000,0.0000,48.7203,-19.6489,0.0000,-10003.5066,-1352.5771,-268.7081,nan,nan,nan,0.8932,-0.4476,-0.0431,0.0385,-0.0193,0.9991,90.000,nan,nan,nan,0.0000,0.0000,0.0000,nan,nan,nan,-10003.5066,-1352.5771,-268.7081,-10003.5066,-1352.5771,-268.7081,12.000,1,nan,nan
7.3760,102.8333,0,-9724.5642,-1491.2869,-301.6257,nan,nan,nan,0.9274,-0.3741,0.0000,0.3741,0.9274,-0.0000,-0.0000,0.0000,1.0000,0.0000,0.0000,0.0000,48.7203,-19.6489,0.0000,-10002.7466,-1352.8836,-268.7081,nan,nan,nan,0.8932,-0.4476,-0.0431,0.0385,-0.0193,0.9991,90.000,nan,nan,nan,0.0000,0.0000,0.0000,nan,nan,nan,-10002.7466,-1352.8836,-268.7081,-10002.7466,-1352.8836,-268.7081,12.000,1,nan,nan
7.4030,102.8667,0,-9722.9402,-1491.9418,-301.6257,nan,nan,nan,0.9274,-0.3741,0.0000,0.3741,0.9274,-0.0000,-0.0000,0.0000,1.0000,0.0000,0.0000,0.0000,48.7203,-19.6489,0.0000,-10001.0820,-1353.5550,-268.7081,nan,nan,nan,0.8932,-0.4476,-0.0431,0.0385,-0.0193,0.9991,90.000,nan,nan,nan,0.0000,0.0000,0.0000,nan,nan,nan,-10001.0820,-1353.5550,-268.7081,-10001.0820,-1353.5550,-268.7081,12.000,1,nan,nan
7.4280,102.9000,0,-9721.3162,-1492.5968,-301.6257,nan,nan,nan,0.9274,-0.3741,0.0000,0.3741,0.9274,-0.0000,-0.0000,0.0000,1.0000,0.0000,0.0000,0.0000,48.7203,-19.6489,0.0000,-9999.4242,-1354.2236,-268.7081,nan,nan,nan,0.8932,-0.4476,-0.0431,0.0385,-0.0193,0.9991,90.000,nan,nan,nan,0.0000,0.0000,0.0000,nan,nan,nan,-9999.4242,-1354.2236,-268.7081,-9999.4242,-1354.2236,-268.7081,12.000,1,nan,nan
7.4550,102.9167,0,-9720.5042,-1492.9243,-301.6257,nan,nan,nan,0.9274,-0.3741,0.0000,0.3741,0.9274,-0.0000,-0.0000,0.0000,1.0000,0.0000,0.0000,0.0000,48.7203,-19.6489,0.0000,-9998.6660,-1354.5294,-268.7081,nan,nan,nan,0.8932,-0.4476,-0.0431,0.0385,-0.0193,0.9991,90.000,nan,nan,nan,0.0000,0.0000,0.0000,nan,nan,nan,-9998.6660,-1354.5294,-268.7081,-9998.6660,-1354.5294,-268.7081,12.000,1,nan,nan
7.4830,102.9500,0,-9718.8802,-1493.5792,-301.6257,nan,nan,nan,0.9274,-0.3741,0.0000,0.3741,0.9274,-0.0000,-0.0000,0.0000,1.0000,0.0000,0.0000,0.0000,48.7203,-19.6489,0.0000,-9997.0049,-1355.1994,-268.7081,nan,nan,nan,0.8932,-0.4476,-0.0431,0.0385,-0.0193,0.9991,90.000,nan,nan,nan,0.0000,0.0000,0.0000,nan,nan,nan,-9997.0049,-1355.1994,-268.7081,-9997.0049,-1355.1994,-268.7081,12.000,1,nan,nan
7.5090,102.9667,0,-9718.0682,-1493.9067,-301.6257,nan,nan,nan,0.9274,-0.3741,0.0000,0.3741,0.9274,-0.0000,-0.0000,0.0000,1.0000,0.0000,0.0000,0.0000,48.7203,-19.6489,0.0000,-9996.2454,-1355.5057,-268.7081,nan,nan,nan,0.8932,-0.4476,-0.0431,0.0385,-0.0193,0.9991,90.000,nan,nan,nan,0.0000,0.0000,0.0000,nan,nan,nan,-9996.2454,-1355.5057,-268.7081,-9996.2454,-1355.5057,-268.7081,12.000,1,nan,nan
7.5360,103.0000,0,-9716.4442,-1494.5617,-301.6257,nan,nan,nan,0.9274,-0.3741,0.0000,0.3741,0.9274,-0.0000,-0.0000,0.0000,1.0000,0.0000,0.0000,0.0000,48.7203,-19.6489,0.0000,-9994.5816,-1356.1768,-268.7081,nan,nan,nan,0.8932,-0.4476,-0.0431,0.0385,-0.0193,0.9991,90.000,nan,nan,nan,0.0000,0.0000,0.0000,nan,nan,nan,-9994.5816,-1356.1768,-268.7081,-9994.5816,-1356.1768,-268.7081,12.000,1,nan,nan
7.5620,103.0333,0,-9714.8202,-1495.2166,-301.6257,nan,nan,nan,0.9274,-0.3741,0.0000,0.3741,0.9274,-0.0000,-0.0000,0.0000,1.0000,0.0000,0.0000,0.0000,48.7203,-19.6489,0.0000,-9992.9246,-1356.8451,-268.7081,nan,nan,nan,0.8932,-0.4476,-0.0431,0.0385,-0.0193,0.9991,90.000,nan,nan,nan,0.0000,0.0000,0.0000,nan,nan,nan,-9992.9246,-1356.8451,-268.7081,-9992.9246,-1356.8451,-268.7081,12.000,1,nan,nan
7.5880,103.0500,0,-9714.0082,-1495.5441,-301.6257,nan,nan,nan,0.9274,-0.3741,0.0000,0.3741,0.9274,-0.0000,-0.0000,0.0000,1.0000,0.0000,0.0000,0.0000,48.7203,-19.6489,0.0000,-9992.1667,-1357.1507,-268.7081,nan,nan,nan,0.8932,-0.4476,-0.0431,0.0385,-0.0193,0.9991,90.000,nan,nan,nan,0.0000,0.0000,0.0000,nan,nan,nan,-9992.1667,-1357.1507,-268.7081,-9992.1667,-1357.1507,-268.7081,12.000,1,nan,nan
7.6150,103.0833,0,-9712.3842,-1496.1991,-301.6257,nan,nan,nan,0.9274,-0.3741,0.0000,0.3741,0.9274,-0.0000,-0.0000,0.0000,1.0000,0.0000,0.0000,0.0000,48.7203,-19.6489,0.0000,-9990.5061,-1357.8205,-268.7081,nan,nan,nan,0.8932,-0.4476,-0.0431,0.0385,-0.0193,0.9991,90.000,nan,nan,nan,0.0000,0.0000,0.0000,nan,nan,nan,-9990.5061,-1357.8205,-268.7081,-9990.5061,-1357.8205,-268.7081,12.000,1,nan,nan
7.6420,103.1000,0,-9711.5721,-1496.5266,-301.6257,nan,nan,nan,0.9274,-0.3741,0.0000,0.3741,0.9274,-0.0000,-0.0000,0.0000,1.0000,0.0000,0.0000,0.0000,48.7203,-19.6489,0.0000,-9989.7468,-1358.1267,-268.7081,nan,nan,nan,0.8932,-0.4476,-0.0431,0.0385,-0.0193,0.9991,90.000,nan,nan,nan,0.0000,0.0000,0.0000,nan,nan,nan,-9989.7468,-1358.1267,-268.7081,-9989.7468,-1358.1267,-268.7081,12.000,1,nan,nan
7.6670,103.1333,0,-9709.9481,-1497.1815,-301.6257,nan,nan,nan,0.9274,-0.3741,0.0000,0.3741,0.9274,-0.0000,-0.0000,0.0000,1.0000,0.0000,0.0000,0.0000,48.7203,-19.6489,0.0000,-9988.0835,-1358.7975,-268.7081,nan,nan,nan,0.8932,-0.4476,-0.0431,0.0385,-0.0193,0.9991,90.000,nan,nan,nan,0.0000,0.0000,0.0000,nan,nan,nan,-9988.0835,-1358.7975,-268.7081,-9988.0835,-1358.7975,-268.7081,12.000,1,nan,nan
7.6920,103.1667,0,-9708.3241,-1497.8365,-301.6257,nan,nan,nan,0.9274,-0.3741,0.0000,0.3741,0.9274,-0.0000,-0.0000,0.0000,1.0000,0.0000,0.0000,0.0000,48.7203,-19.6489,0.0000,-9986.4268,-1359.4657,-268.7081,nan,nan,nan,0.8932,-0.4476,-0.0431,0.0385,-0.0193,0.9991,90.000,nan,nan,nan,0.0000,0.0000,0.0000,nan,nan,nan,-9986.4268,-1359.4657,-268.7081,-9986.4268,-1359.4657,-268.7081,12.000,1,nan,nan
7.7190,103.1833,0,-9707.5121,-1498.1640,-301.6257,nan,nan,nan,0.9274,-0.3741,0.0000,0.3741,0.9274,-0.0000,-0.0000,0.0000,1.0000,0.0000,0.0000,0.0000,48.7203,-19.6489,0.0000,-9985.6691,-1359.7713,-268.7081,nan,nan,nan,0.8932,-0.4476,-0.0431,0.0385,-0.0193,0.9991,90.000,nan,nan,nan,0.0000,0.0000,0.0000,nan,nan,nan,-9985.6691,-1359.7713,-268.7081,-9985.6691,-1359.7713,-268.7081,12.000,1,nan,nan
7.7470,103.2167,0,-9705.8881,-1498.8189,-301.6257,nan,nan,nan,0.9274,-0.3741,0.0000,0.3741,0.9274,-0.0000,-0.0000,0.0000,1.0000,0.0000,0.0000,0.0000,48.7203,-19.6489,0.0000,-9984.0088,-1360.4409,-268.7081,nan,nan,nan,0.8932,-0.4476,-0.0431,0.0385,-0.0193,0.9991,90.000,nan,nan,nan,0.0000,0.0000,0.0000,nan,nan,nan,-9984.0088,-1360.4409,-268.7081,-9984.0088,-1360.4409,-268.7081,12.000,1,nan,nan
7.7720,103.2333,0,-9705.0761,-1499.1464,-301.6257,nan,nan,nan,0.9274,-0.3741,0.0000,0.3741,0.9274,-0.0000,-0.0000,0.0000,1.0000,0.0000,0.0000,0.0000,48.7203,-19.6489,0.0000,-9983.2496,-1360.7471,-268.7081,nan,nan,nan,0.8932,-0.4476,-0.0431,0.0385,-0.0193,0.9991,90.000,nan,nan,nan,0.0000,0.0000,0.0000,nan,nan,nan,-9983.2496,-1360.7471,-268.7081,-9983.2496,-1360.7471,-268.7081,12.000,1,nan,nan
7.7990,103.2667,0,-9703.4521,-1499.8014,-301.6257,nan,nan,nan,0.9274,-0.3741,0.0000,0.3741,0.9274,-0.0000,-0.0000,0.0000,1.0000,0.0000,0.0000,0.0000,48.7203,-19.6489,0.0000,-9981.5865,-1361.4178,-268.7081,nan,nan,nan,0.8932,-0.4476,-0.0431,0.0385,-0.0193,0.9991,90.000,nan,nan,nan,0.0000,0.0000,0.0000,nan,nan,nan,-9981.5865,-1361.4178,-268.7081,-9981.5865,-1361.4178,-268.7081,12.000,1,nan,nan
7.8250,103.2833,0,-9702.6401,-1500.1289,-301.6257,nan,nan,nan,0.9274,-0.3741,0.0000,0.3741,0.9274,-0.0000,-0.0000,0.0000,1.0000,0.0000,0.0000,0.0000,48.7203,-19.6489,0.0000,-9980.8262,-1361.7245,-268.7081,nan,nan,nan,0.8932,-0.4476,-0.0431,0.0385,-0.0193,0.9991,90.000,nan,nan,nan,0.0000,0.0000,0.0000,nan,nan,nan,-9980.8262,-1361.7245,-268.7081,-9980.8262,-1361.7245,-268.7081,12.000,1,nan,nan
7.8510,103.3167,0,-9701.0161,-1500.7838,-301.6257,nan,nan,nan,0.9274,-0.3741,0.0000,0.3741,0.9274,-0.0000,-0.0000,0.0000,1.0000,0.0000,0.0000,0.0000,48.7203,-19.6489,0.0000,-9979.1609,-1362.3961,-268.7081,nan,nan,nan,0.8932,-0.4476,-0.0431,0.0385,-0.0193,0.9991,90.000,nan,nan,nan,0.0000,0.0000,0.0000,nan,nan,nan,-9979.1609,-1362.3961,-268.7081,-9979.1609,-1362.3961,-268.7081,12.000,1,nan,nan
7.8780,103.3500,0,-9699.3921,-1501.4388,-301.6257,nan,nan,nan,0.9274,-0.3741,0.0000,0.3741,0.9274,-0.0000,-0.0000,0.0000,1.0000,0.0000,0.0000,0.0000,48.7203,-19.6489,0.0000,-9977.5026,-1363.0649,-268.7081,nan,nan,nan,0.8932,-0.4476,-0.0431,0.0385,-0.0193,0.9991,90.000,nan,nan,nan,0.0000,0.0000,0.0000,nan,nan,nan,-9977.5026,-1363.0649,-268.7081,-9977.5026,-1363.0649,-268.7081,12.000,1,nan,nan
7.9040,103.3667,0,-9698.5801,-1501.7663,-301.6257,nan,nan,nan,0.9274,-0.3741,0.0000,0.3741,0.9274,-0.0000,-0.0000,0.0000,1.0000,0.0000,0.0000,0.0000,48.7203,-19.6489,0.0000,-9976.7443,-1363.3707,-268.7081,nan,nan,nan,0.8932,-0.4476,-0.0431,0.0385,-0.0193,0.9991,90.000,nan,nan,nan,0.0000,0.0000,0.0000,nan,nan,nan,-9976.7443,-1363.3707,-268.7081,-9976.7443,-1363.3707,-268.7081,12.000,1,nan,nan
7.9290,103.4000,0,-9696.9561,-1502.4212,-301.6257,nan,nan,nan,0.9274,-0.3741,0.0000,0.3741,0.9274,-0.0000,-0.0000,0.0000,1.0000,0.0000,0.0000,0.0000,48.7203,-19.6489,0.0000,-9975.0827,-1364.0408,-268.7081,nan,nan,nan,0.8932,-0.4476,-0.0431,0.0385,-0.0193,0.9991,90.000,nan,nan,nan,0.0000,0.0000,0.0000,nan,nan,nan,-9975.0827,-1364.0408,-268.7081,-9975.0827,-1364.0408,-268.7081,12.000,1,nan,nan
7.9550,103.4167,0,-9696.1441,-1502.7487,-301.6257,nan,nan,nan,0.9274,-0.3741,0.0000,0.3741,0.9274,-0.0000,-0.0000,0.0000,1.0000,0.0000,0.0000,0.0000,48.7203,-19.6489,0.0000,-9974.3230,-1364.3472,-268.7081,nan,nan,nan,0.8932,-0.4476,-0.0431,0.0385,-0.0193,0.9991,90.000,nan,nan,nan,0.0000,0.0000,0.0000,nan,nan,nan,-9974.3230,-1364.3472,-268.7081,-9974.3230,-1364.3472,-268.7081,12.000,1,nan,nan
7.9810,103.4500,0,-9694.5201,-1503.4037,-301.6257,nan,nan,nan,0.9274,-0.3741,0.0000,0.3741,0.9274,-0.0000,-0.0000,0.0000,1.0000,0.0000,0.0000,0.0000,48.7203,-19.6489,0.0000,-9972.6590,-1365.0183,-268.7081,nan,nan,nan,0.8932,-0.4476,-0.0431,0.0385,-0.0193,0.9991,90.000,nan,nan,nan,0.0000,0.0000,0.0000,nan,nan,nan,-9972.6590,-1365.0183,-268.7081,-9972.6590,-1365.0183,-268.7081,12.000,1,nan,nan
8.0090,103.4667,0,-9693.7081,-1503.7312,-301.6257,nan,nan,nan,0.9274,-0.3741,0.0000,0.3741,0.9274,-0.0000,-0.0000,0.0000,1.0000,0.0000,0.0000,0.0000,48.7203,-19.6489,0.0000,-9971.8983,-1365.3251,-268.7081,nan,nan,nan,0.8932,-0.4476,-0.0431,0.0385,-0.0193,0.9991,90.000,nan,nan,nan,0.0000,0.0000,0.0000,nan,nan,nan,-9971.8983,-1365.3251,-268.7081,-9971.8983,-1365.3251,-268.7081,12.000,1,nan,nan
8.0350,103.5000,0,-9692.0840,-1504.3861,-301.6257,nan,nan,nan,0.9274,-0.3741,0.0000,0.3741,0.9274,-0.0000,-0.0000,0.0000,1.0000,0.0000,0.0000,0.0000,48.7203,-19.6489,0.0000,-9970.2324,-1365.9970,-268.7081,nan,nan,nan,0.8932,-0.4476,-0.0431,0.0385,-0.0193,0.9991,90.000,nan,nan,nan,0.0000,0.0000,0.0000,nan,nan,nan,-9970.2324,-1365.9970,-268.7081,-9970.2324,-1365.9970,-268.7081,12.000,1,nan,nan
8.0600,103.5333,0,-9690.4600,-1505.0411,-301.6257,nan,nan,nan,0.9274,-0.3741,0.0000,0.3741,0.9274,-0.0000,-0.0000,0.0000,1.0000,0.0000,0.0000,0.0000,48.7203,-19.6489,0.0000,-9968.5735,-1366.6660,-268.7081,nan,nan,nan,0.8932,-0.4476,-0.0431,0.0385,-0.0193,0.9991,90.000,nan,nan,nan,0.0000,0.0000,0.0000,nan,nan,nan,-9968.5735,-1366.6660,-268.7081,-9968.5735,-1366.6660,-268.7081,12.000,1,nan,nan
8.0870,103.5500,0,-9689.6480,-1505.3686,-301.6257,nan,nan,nan,0.9274,-0.3741,0.0000,0.3741,0.9274,-0.0000,-0.0000,0.0000,1.0000,0.0000,0.0000,0.0000,48.7203,-19.6489,0.0000,-9967.8149,-1366.9720,-268.7081,nan,nan,nan,0.8932,-0.4476,-0.0431,0.0385,-0.0193,0.9991,90.000,nan,nan,nan,0.0000,0.0000,0.0000,nan,nan,nan,-9967.8149,-1366.9720,-268.7081,-9967.8149,-1366.9720,-268.7081,12.000,1,nan,nan
8.1140,103.5833,0,-9688.0240,-1506.0235,-301.6257,nan,nan,nan,0.9274,-0.3741,0.0000,0.3741,0.9274,-0.0000,-0.0000,0.0000,1.0000,0.0000,0.0000,0.0000,48.7203,-19.6489,0.0000,-9966.1529,-1367.6422,-268.7081,nan,nan,nan,0.8932,-0.4476,-0.0431,0.0385,-0.0193,0.9991,90.000,nan,nan,nan,0.0000,0.0000,0.0000,nan,nan,nan,-9966.1529,-1367.6422,-268.7081,-9966.1529,-1367.6422,-268.7081,12.000,1,nan,nan
8.1390,103.6000,0,-9687.2120,-1506.3510,-301.6257,nan,nan,nan,0.9274,-0.3741,0.0000,0.3741,0.9274,-0.0000,-0.0000,0.0000,1.0000,0.0000,0.0000,0.0000,48.7203,-19.6489,0.0000,-9965.3930,-1367.9487,-268.7081,nan,nan,nan,0.8932,-0.4476,-0.0431,0.0385,-0.0193,0.9991,90.000,nan,nan,nan,0.0000,0.0000,0.0000,nan,nan,nan,-9965.3930,-1367.9487,-268.7081,-9965.3930,-1367.9487,-268.7081,12.000,1,nan,nan
8.1650,103.6333,0,-9685.5880,-1507.0060,-301.6257,nan,nan,nan,0.9274,-0.3741,0.0000,0.3741,0.9274,-0.0000,-0.0000,0.0000,1.0000,0.0000,0.0000,0.0000,48.7203,-19.6489,0.0000,-9963.7286,-1368.6199,-268.7081,nan,nan,nan,0.8932,-0.4476,-0.0431,0.0385,-0.0193,0.9991,90.000,nan,nan,nan,0.0000,0.0000,0.0000,nan,nan,nan,-9963.7286,-1368.6199,-268.7081,-9963.7286,-1368.6199,-268.7081,12.000,1,nan,nan
8.1910,103.6500,0,-9684.7760,-1507.3335,-301.6257,nan,nan,nan,0.9274,-0.3741,0.0000,0.3741,0.9274,-0.0000,-0.0000,0.0000,1.0000,0.0000,0.0000,0.0000,48.7203,-19.6489,0.0000,-9962.9678,-1368.9268,-268.7081,nan,nan,nan,0.8932,-0.4476,-0.0431,0.0385,-0.0193,0.9991,90.000,nan,nan,nan,0.0000,0.0000,0.0000,nan,nan,nan,-9962.9678,-1368.9268,-268.7081,-9962.9678,-1368.9268,-268.7081,12.000,1,nan,nan
8.2180,103.6833,0,-9683.1520,-1507.9884,-301.6257,nan,nan,nan,0.9274,-0.3741,0.0000,0.3741,0.9274,-0.0000,-0.0000,0.0000,1.0000,0.0000,0.0000,0.0000,48.7203,-19.6489,0.0000,-9961.3016,-1369.5988,-268.7081,nan,nan,nan,0.8932,-0.4476,-0.0431,0.0385,-0.0193,0.9991,90.000,nan,nan,nan,0.0000,0.0000,0.0000,nan,nan,nan,-9961.3016,-1369.5988,-268.7081,-9961.3016,-1369.5988,-268.7081,12.000,1,nan,nan
8.2430,103.7167,0,-9681.5280,-1508.6434,-301.6257,nan,nan,nan,0.9274,-0.3741,0.0000,0.3741,0.9274,-0.0000,-0.0000,0.0000,1.0000,0.0000,0.0000,0.0000,48.7203,-19.6489,0.0000,-9959.6425,-1370.2679,-268.7081,nan,nan,nan,0.8932,-0.4476,-0.0431,0.0385,-0.0193,0.9991,90.000,nan,nan,nan,0.0000,0.0000,0.0000,nan,nan,nan,-9959.6425,-1370.2679,-268.7081,-9959.6425,-1370.2679,-268.7081,12.000,1,nan,nan
8.2700,103.7333,0,-9680.7160,-1508.9709,-301.6257,nan,nan,nan,0.9274,-0.3741,0.0000,0.3741,0.9274,-0.0000,-0.0000,0.0000,1.0000,0.0000,0.0000,0.0000,48.7203,-19.6489,0.0000,-9958.8838,-1370.5739,-268.7081,nan,nan,nan,0.8932,-0.4476,-0.0431,0.0385,-0.0193,0.9991,90.000,nan,nan,nan,0.0000,0.0000,0.0000,nan,nan,nan,-9958.8838,-1370.5739,-268.7081,-9958.8838,-1370.5739,-268.7081,12.000,1,nan,nan
8.2960,103.7667,0,-9679.0920,-1509.6258,-301.6257,nan,nan,nan,0.9274,-0.3741,0.0000,0.3741,0.9274,-0.0000,-0.0000,0.0000,1.0000,0.0000,0.0000,0.0000,48.7203,-19.6489,0.0000,-9957.2217,-1371.2442,-268.7081,nan,nan,nan,0.8932,-0.4476,-0.0431,0.0385,-0.0193,0.9991,90.000,nan,nan,nan,0.0000,0.0000,0.0000,nan,nan,nan,-9957.2217,-1371.2442,-268.7081,-9957.2217,-1371.2442,-268.7081,12.000,1,nan,nan
8.3220,103.7833,0,-9678.2800,-1509.9533,-301.6257,nan,nan,nan,0.9274,-0.3741,0.0000,0.3741,0.9274,-0.0000,-0.0000,0.0000,1.0000,0.0000,0.0000,0.0000,48.7203,-19.6489,0.0000,-9956.4617,-1371.5507,-268.7081,nan,nan,nan,0.8932,-0.4476,-0.0431,0.0385,-0.0193,0.9991,90.000,nan,nan,nan,0.0000,0.0000,0.0000,nan,nan,nan,-9956.4617,-1371.5507,-268.7081,-9956.4617,-1371.5507,-268.7081,12.000,1,nan,nan
8.3470,103.8167,0,-9676.6560,-1510.6083,-301.6257,nan,nan,nan,0.9274,-0.3741,0.0000,0.3741,0.9274,-0.0000,-0.0000,0.0000,1.0000,0.0000,0.0000,0.0000,48.7203,-19.6489,0.0000,-9954.7972,-1372.2220,-268.7081,nan,nan,nan,0.8932,-0.4476,-0.0431,0.0385,-0.0193,0.9991,90.000,nan,nan,nan,0.0000,0.0000,0.0000,nan,nan,nan,-9954.7972,-1372.2220,-268.7081,-9954.7972,-1372.2220,-268.7081,12.000,1,nan,nan
8.3740,103.8333,0,-9675.8440,-1510.9357,-301.6257,nan,nan,nan,0.9274,-0.3741,0.0000,0.3741,0.9274,-0.0000,-0.0000,0.0000,1.0000,0.0000,0.0000,0.0000,48.7203,-19.6489,0.0000,-9954.0363,-1372.5289,-268.7081,nan,nan,nan,0.8932,-0.4476,-0.0431,0.0385,-0.0193,0.9991,90.000,nan,nan,nan,0.0000,0.0000,0.0000,nan,nan,nan,-9954.0363,-1372.5289,-268.7081,-9954.0363,-1372.5289,-268.7081,12.000,1,nan,nan
8.4000,103.8667,0,-9674.2200,-1511.5907,-301.6257,nan,nan,nan,0.9274,-0.3741,0.0000,0.3741,0.9274,-0.0000,-0.0000,0.0000,1.0000,0.0000,0.0000,0.0000,48.7203,-19.6489,0.0000,-9952.3700,-1373.2009,-268.7081,nan,nan,nan,0.8932,-0.4476,-0.0431,0.0385,-0.0193,0.9991,90.000,nan,nan,nan,0.0000,0.0000,0.0000,nan,nan,nan,-9952.3700,-1373.2009,-268.7081,-9952.3700,-1373.2009,-268.7081,12.000,1,nan,nan
8.4270,103.8833,0,-9673.4080,-1511.9182,-301.6257,nan,nan,nan,0.9274,-0.3741,0.0000,0.3741,0.9274,-0.0000,-0.0000,0.0000,1.0000,0.0000,0.0000,0.0000,48.7203,-19.6489,0.0000,-9951.6084,-1373.5081,-268.7081,nan,nan,nan,0.8932,-0.4476,-0.0431,0.0385,-0.0193,0.9991,90.000,nan,nan,nan,0.0000,0.0000,0.0000,nan,nan,nan,-9951.6084,-1373.5081,-268.7081,-9951.6084,-1373.5081,-268.7081,12.000,1,nan,nan
8.4540,103.9167,0,-9671.7839,-1512.5732,-301.6257,nan,nan,nan,0.9274,-0.3741,0.0000,0.3741,0.9274,-0.0000,-0.0000,0.0000,1.0000,0.0000,0.0000,0.0000,48.7203,-19.6489,0.0000,-9949.9407,-1374.1806,-268.7081,nan,nan,nan,0.8932,-0.4476,-0.0431,0.0385,-0.0193,0.9991,90.000,nan,nan,nan,0.0000,0.0000,0.0000,nan,nan,nan,-9949.9407,-1374.1806,-268.7081,-9949.9407,-1374.1806,-268.7081,12.000,1,nan,nan
8.4800,103.9500,0,-9670.1599,-1513.2281,-301.6257,nan,nan,nan,0.9274,-0.3741,0.0000,0.3741,0.9274,-0.0000,-0.0000,0.0000,1.0000,0.0000,0.0000,0.0000,48.7203,-19.6489,0.0000,-9948.2804,-1374.8502,-268.7081,nan,nan,nan,0.8932,-0.4476,-0.0431,0.0385,-0.0193,0.9991,90.000,nan,nan,nan,0.0000,0.0000,0.0000,nan,nan,nan,-9948.2804,-1374.8502,-268.7081,-9948.2804,-1374.8502,-268.7081,12.000,1,nan,nan
8.5070,103.9667,0,-9669.3479,-1513.5556,-301.6257,nan,nan,nan,0.9274,-0.3741,0.0000,0.3741,0.9274,-0.0000,-0.0000,0.0000,1.0000,0.0000,0.0000,0.0000,48.7203,-19.6489,0.0000,-9947.5213,-1375.1564,-268.7081,nan,nan,nan,0.8932,-0.4476,-0.0431,0.0385,-0.0193,0.9991,90.000,nan,nan,nan,0.0000,0.0000,0.0000,nan,nan,nan,-9947.5213,-1375.1564,-268.7081,-9947.5213,-1375.1564,-268.7081,12.000,1,nan,nan
8.5330,104.0000,0,-9667.7239,-1514.2106,-301.6257,nan,nan,nan,0.9274,-0.3741,0.0000,0.3741,0.9274,-0.0000,-0.0000,0.0000,1.0000,0.0000,0.0000,0.0000,48.7203,-19.6489,0.0000,-9945.8582,-1375.8271,-268.7081,nan,nan,nan,0.8932,-0.4476,-0.0431,0.0385,-0.0193,0.9991,90.000,nan,nan,nan,0.0000,0.0000,0.0000,nan,nan,nan,-9945.8582,-1375.8271,-268.7081,-9945.8582,-1375.8271,-268.7081,12.000,1,nan,nan
8.5590,104.0167,0,-9666.9119,-1514.5380,-301.6257,nan,nan,nan,0.9274,-0.3741,0.0000,0.3741,0.9274,-0.0000,-0.0000,0.0000,1.0000,0.0000,0.0000,0.0000,48.7203,-19.6489,0.0000,-9945.0978,-1376.1338,-268.7081,nan,nan,nan,0.8932,-0.4476,-0.0431,0.0385,-0.0193,0.9991,90.000,nan,nan,nan,0.0000,0.0000,0.0000,nan,nan,nan,-9945.0978,-1376.1338,-268.7081,-9945.0978,-1376.1338,-268.7081,12.000,1,nan,nan
8.5850,104.0500,0,-9665.2879,-1515.1930,-301.6257,nan,nan,nan,0.9274,-0.3741,0.0000,0.3741,0.9274,-0.0000,-0.0000,0.0000,1.0000,0.0000,0.0000,0.0000,48.7203,-19.6489,0.0000,-9943.4326,-1376.8053,-268.7081,nan,nan,nan,0.8932,-0.4476,-0.0431,0.0385,-0.0193,0.9991,90.000,nan,nan,nan,0.0000,0.0000,0.0000,nan,nan,nan,-9943.4326,-1376.8053,-268.7081,-9943.4326,-1376.8053,-268.7081,12.000,1,nan,nan
8.6100,104.0833,0,-9663.6639,-1515.8480,-301.6257,nan,nan,nan,0.9274,-0.3741,0.0000,0.3741,0.9274,-0.0000,-0.0000,0.0000,1.0000,0.0000,0.0000,0.0000,48.7203,-19.6489,0.0000,-9941.7744,-1377.4741,-268.7081,nan,nan,nan,0.8932,-0.4476,-0.0431,0.0385,-0.0193,0.9991,90.000,nan,nan,nan,0.0000,0.0000,0.0000,nan,nan,nan,-9941.7744,-1377.4741,-268.7081,-9941.7744,-1377.4741,-268.7081,12.000,1,nan,nan
8.6400,104.1000,0,-9662.8519,-1516.1754,-301.6257,nan,nan,nan,0.9274,-0.3741,0.0000,0.3741,0.9274,-0.0000,-0.0000,0.0000,1.0000,0.0000,0.0000,0.0000,48.7203,-19.6489,0.0000,-9941.0160,-1377.7800,-268.7081,nan,nan,nan,0.8932,-0.4476,-0.0431,0.0385,-0.0193,0.9991,90.000,nan,nan,nan,0.0000,0.0000,0.0000,nan,nan,nan,-9941.0160,-1377.7800,-268.7081,-9941.0160,-1377.7800,-268.7081,12.000,1,nan,nan
8.6640,104.1333,0,-9661.2279,-1516.8304,-301.6257,nan,nan,nan,0.9274,-0.3741,0.0000,0.3741,0.9274,-0.0000,-0.0000,0.0000,1.0000,0.0000,0.0000,0.0000,48.7203,-19.6489,0.0000,-9939.3545,-1378.4501,-268.7081,nan,nan,nan,0.8932,-0.4476,-0.0431,0.0385,-0.0193,0.9991,90.000,nan,nan,nan,0.0000,0.0000,0.0000,nan,nan,nan,-9939.3545,-1378.4501,-268.7081,-9939.3545,-1378.4501,-268.7081,12.000,1,nan,nan
8.6900,104.1500,0,-9660.4159,-1517.1579,-301.6257,nan,nan,nan,0.9274,-0.3741,0.0000,0.3741,0.9274,-0.0000,-0.0000,0.0000,1.0000,0.0000,0.0000,0.0000,48.7203,-19.6489,0.0000,-9938.5948,-1378.7564,-268.7081,nan,nan,nan,0.8932,-0.4476,-0.0431,0.0385,-0.0193,0.9991,90.000,nan,nan,nan,0.0000,0.0000,0.0000,nan,nan,nan,-9938.5948,-1378.7564,-268.7081,-9938.5948,-1378.7564,-268.7081,12.000,1,nan,nan
8.7170,104.1833,0,-9658.7919,-1517.8129,-301.6257,nan,nan,nan,0.9274,-0.3741,0.0000,0.3741,0.9274,-0.0000,-0.0000,0.0000,1.0000,0.0000,0.0000,0.0000,48.7203,-19.6489,0.0000,-9936.9308,-1379.4275,-268.7081,nan,nan,nan,0.8932,-0.4476,-0.0431,0.0385,-0.0193,0.9991,90.000,nan,nan,nan,0.0000,0.0000,0.0000,nan,nan,nan,-9936.9308,-1379.4275,-268.7081,-9936.9308,-1379.4275,-268.7081,12.000,1,nan,nan
8.7460,104.2000,0,-9657.9799,-1518.1403,-301.6257,nan,nan,nan,0.9274,-0.3741,0.0000,0.3741,0.9274,-0.0000,-0.0000,0.0000,1.0000,0.0000,0.0000,0.0000,48.7203,-19.6489,0.0000,-9936.1701,-1379.7343,-268.7081,nan,nan,nan,0.8932,-0.4476,-0.0431,0.0385,-0.0193,0.9991,90.000,nan,nan,nan,0.0000,0.0000,0.0000,nan,nan,nan,-9936.1701,-1379.7343,-268.7081,-9936.1701,-1379.7343,-268.7081,12.000,1,nan,nan
8.7720,104.2333,0,-9656.3559,-1518.7953,-301.6257,nan,nan,nan,0.9274,-0.3741,0.0000,0.3741,0.9274,-0.0000,-0.0000,0.0000,1.0000,0.0000,0.0000,0.0000,48.7203,-19.6489,0.0000,-9934.5041,-1380.4062,-268.7081,nan,nan,nan,0.8932,-0.4476,-0.0431,0.0385,-0.0193,0.9991,90.000,nan,nan,nan,0.0000,0.0000,0.0000,nan,nan,nan,-9934.5041,-1380.4062,-268.7081,-9934.5041,-1380.4062,-268.7081,12.000,1,nan,nan
8.7990,104.2667,0,-9654.7319,-1519.4503,-301.6257,nan,nan,nan,0.9274,-0.3741,0.0000,0.3741,0.9274,-0.0000,-0.0000,0.0000,1.0000,0.0000,0.0000,0.0000,48.7203,-19.6489,0.0000,-9932.8453,-1381.0752,-268.7081,nan,nan,nan,0.8932,-0.4476,-0.0431,0.0385,-0.0193,0.9991,90.000,nan,nan,nan,0.0000,0.0000,0.0000,nan,nan,nan,-9932.8453,-1381.0752,-268.7081,-9932.8453,-1381.0752,-268.7081,12.000,1,nan,nan
8.8240,104.2833,0,-9653.9198,-1519.7777,-301.6257,nan,nan,nan,0.9274,-0.3741,0.0000,0.3741,0.9274,-0.0000,-0.0000,0.0000,1.0000,0.0000,0.0000,0.0000,48.7203,-19.6489,0.0000,-9932.0867,-1381.3812,-268.7081,nan,nan,nan,0.8932,-0.4476,-0.0431,0.0385,-0.0193,0.9991,90.000,nan,nan,nan,0.0000,0.0000,0.0000,nan,nan,nan,-9932.0867,-1381.3812,-268.7081,-9932.0867,-1381.3812,-268.7081,12.000,1,nan,nan
8.8510,104.3167,0,-9652.2958,-1520.4327,-301.6257,nan,nan,nan,0.9274,-0.3741,0.0000,0.3741,0.9274,-0.0000,-0.0000,0.0000,1.0000,0.0000,0.0000,0.0000,48.7203,-19.6489,0.0000,-9930.4247,-1382.0514,-268.7081,nan,nan,nan,0.8932,-0.4476,-0.0431,0.0385,-0.0193,0.9991,90.000,nan,nan,nan,0.0000,0.0000,0.0000,nan,nan,nan,-9930.4247,-1382.0514,-268.7081,-9930.4247,-1382.0514,-268.7081,12.000,1,nan,nan
8.8800,104.3500,0,-9650.7251,-1521.0635,-301.6257,nan,nan,nan,0.9280,-0.3727,0.0000,0.3727,0.9280,-0.0000,-0.0000,0.0000,1.0000,0.0000,0.0000,0.0000,48.4009,-19.5038,0.0000,-9928.7781,-1382.7151,-268.7081,nan,nan,nan,0.8932,-0.4476,-0.0431,0.0385,-0.0193,0.9991,90.000,nan,nan,nan,0.0000,0.0000,0.0000,nan,nan,nan,-9928.7781,-1382.7151,-268.7081,-9928.7781,-1382.7151,-268.7081,12.000,1,nan,nan
8.9040,104.3667,0,-9649.9663,-1521.3668,-301.6257,nan,nan,nan,0.9285,-0.3712,0.0000,0.3712,0.9285,-0.0000,-0.0000,0.0000,1.0000,0.0000,0.0000,0.0000,47.6983,-19.1851,0.0000,-9928.0289,-1383.0169,-268.7081,nan,nan,nan,0.8932,-0.4476,-0.0431,0.0385,-0.0193,0.9991,90.000,nan,nan,nan,0.0000,0.0000,0.0000,nan,nan,nan,-9928.0289,-1383.0169,-268.7081,-9928.0289,-1383.0169,-268.7081,12.000,1,nan,nan
8.9300,104.4000,0,-9648.4487,-1521.9735,-301.6257,nan,nan,nan,0.9285,-0.3712,0.0000,0.3712,0.9285,-0.0000,-0.0000,0.0000,1.0000,0.0000,0.0000,0.0000,46.9189,-18.8317,0.0000,-9926.4025,-1383.6715,-268.7081,nan,nan,nan,0.8932,-0.4476,-0.0431,0.0385,-0.0193,0.9991,90.000,nan,nan,nan,0.0000,0.0000,0.0000,nan,nan,nan,-9926.4025,-1383.6715,-268.7081,-9926.4025,-1383.6715,-268.7081,12.000,1,nan,nan
8.9550,104.4167,0,-9647.6900,-1522.2768,-301.6257,nan,nan,nan,0.9285,-0.3712,0.0000,0.3712,0.9285,-0.0000,-0.0000,0.0000,1.0000,0.0000,0.0000,0.0000,46.1243,-18.4713,0.0000,-9925.6616,-1383.9695,-268.7081,nan,nan,nan,0.8932,-0.4476,-0.0431,0.0385,-0.0193,0.9991,90.000,nan,nan,nan,0.0000,0.0000,0.0000,nan,nan,nan,-9925.6616,-1383.9695,-268.7081,-9925.6616,-1383.9695,-268.7081,12.000,1,nan,nan
8.9830,104.4500,0,-9646.1724,-1522.8835,-301.6257,nan,nan,nan,0.9285,-0.3712,0.0000,0.3712,0.9285,-0.0000,-0.0000,0.0000,1.0000,0.0000,0.0000,0.0000,45.6459,-18.2546,0.0000,-9924.0505,-1384.6170,-268.7081,nan,nan,nan,0.8932,-0.4476,-0.0431,0.0385,-0.0193,0.9991,90.000,nan,nan,nan,0.0000,0.0000,0.0000,nan,nan,nan,-9924.0505,-1384.6170,-268.7081,-9924.0505,-1384.6170,-268.7081,12.000,1,nan,nan
9.0090,104.4667,0,-9645.4137,-1523.1869,-301.6257,nan,nan,nan,0.9285,-0.3712,0.0000,0.3712,0.9285,-0.0000,-0.0000,0.0000,1.0000,0.0000,0.0000,0.0000,45.5502,-18.2112,0.0000,-9923.3159,-1384.9122,-268.7081,nan,nan,nan,0.8932,-0.4476,-0.0431,0.0385,-0.0193,0.9991,90.000,nan,nan,nan,0.0000,0.0000,0.0000,nan,nan,nan,-9923.3159,-1384.9122,-268.7081,-9923.3159,-1384.9122,-268.7081,12.000,1,nan,nan
9.0360,104.5000,0,-9643.8961,-1523.7935,-301.6257,nan,nan,nan,0.9285,-0.3712,0.0000,0.3712,0.9285,-0.0000,-0.0000,0.0000,1.0000,0.0000,0.0000,0.0000,45.5310,-18.2026,0.0000,-9921.7164,-1385.5544,-268.7081,nan,nan,nan,0.8932,-0.4476,-0.0431,0.0385,-0.0193,0.9991,90.000,nan,nan,nan,0.0000,0.0000,0.0000,nan,nan,nan,-9921.7164,-1385.5544,-268.7081,-9921.7164,-1385.5544,-268.7081,12.000,1,nan,nan
9.0620,104.5333,0,-9642.3786,-1524.4002,-301.6257,nan,nan,nan,0.9285,-0.3712,0.0000,0.3712,0.9285,-0.0000,-0.0000,0.0000,1.0000,0.0000,0.0000,0.0000,45.5272,-18.2008,0.0000,-9920.1307,-1386.1907,-268.7081,nan,nan,nan,0.8932,-0.4476,-0.0431,0.0385,-0.0193,0.9991,90.000,nan,nan,nan,0.0000,0.0000,0.0000,nan,nan,nan,-9920.1307,-1386.1907,-268.7081,-9920.1307,-1386.1907,-268.7081,12.000,1,nan,nan
9.0890,104.5500,0,-9641.6198,-1524.7036,-301.6257,nan,nan,nan,0.9285,-0.3712,0.0000,0.3712,0.9285,-0.0000,-0.0000,0.0000,1.0000,0.0000,0.0000,0.0000,45.5265,-18.2005,0.0000,-9919.4065,-1386.4812,-268.7081,nan,nan,nan,0.8932,-0.4476,-0.0431,0.0385,-0.0193,0.9991,90.000,nan,nan,nan,0.0000,0.0000,0.0000,nan,nan,nan,-9919.4065,-1386.4812,-268.7081,-9919.4065,-1386.4812,-268.7081,12.000,1,nan,nan
9.1160,104.5833,0,-9640.1023,-1525.3102,-301.6257,nan,nan,nan,0.9285,-0.3712,0.0000,0.3712,0.9285,-0.0000,-0.0000,0.0000,1.0000,0.0000,0.0000,0.0000,45.5263,-18.2004,0.0000,-9917.8265,-1387.1148,-268.7081,nan,nan,nan,0.8932,-0.4476,-0.0431,0.0385,-0.0193,0.9991,90.000,nan,nan,nan,0.0000,0.0000,0.0000,nan,nan,nan,-9917.8265,-1387.1148,-268.7081,-9917.8265,-1387.1148,-268.7081,12.000,1,nan,nan
9.1410,104.6000,0,-9640.1023,-1525.3102,-301.6257,nan,nan,nan,0.9285,-0.3712,0.0000,0.3712,0.9285,-0.0000,-0.0000,0.0000,1.0000,0.0000,0.0000,0.0000,36.4210,-14.5603,0.0000,-9917.1665,-1387.3794,-268.7081,nan,nan,nan,0.8932,-0.4476,-0.0431,0.0385,-0.0193,0.9991,90.000,nan,nan,nan,0.0000,0.0000,0.0000,nan,nan,nan,-9917.1665,-1387.3794,-268.7081,-9917.1665,-1387.3794,-268.7081,12.000,0,nan,nan
9.1660,104.6333,0,-9640.1023,-1525.3102,-301.6257,nan,nan,nan,0.9285,-0.3712,0.0000,0.3712,0.9285,-0.0000,-0.0000,0.0000,1.0000,0.0000,0.0000,0.0000,25.4947,-10.1922,0.0000,-9915.9530,-1387.8660,-268.7081,nan,nan,nan,0.8932,-0.4476,-0.0431,0.0385,-0.0193,0.9991,90.000,nan,nan,nan,0.0000,0.0000,0.0000,nan,nan,nan,-9915.9530,-1387.8660,-268.7081,-9915.9530,-1387.8660,-268.7081,12.000,0,nan,nan
9.1920,104.6500,0,-9640.1023,-1525.3102,-301.6257,nan,nan,nan,0.9285,-0.3712,0.0000,0.3712,0.9285,-0.0000,-0.0000,0.0000,1.0000,0.0000,0.0000,0.0000,14.2042,-5.6785,0.0000,-9915.4420,-1388.0709,-268.7081,nan,nan,nan,0.8932,-0.4476,-0.0431,0.0385,-0.0193,0.9991,90.000,nan,nan,nan,0.0000,0.0000,0.0000,nan,nan,nan,-9915.4420,-1388.0709,-268.7081,-9915.4420,-1388.0709,-268.7081,12.000,0,nan,nan
9.2180,104.6833,0,-9640.1023,-1525.3102,-301.6257,nan,nan,nan,0.9285,-0.3712,0.0000,0.3712,0.9285,-0.0000,-0.0000,0.0000,1.0000,0.0000,0.0000,0.0000,2.8408,-1.1357,0.0000,-9914.4988,-1388.4492,-268.7081,nan,nan,nan,0.8932,-0.4476,-0.0431,0.0385,-0.0193,0.9991,90.000,nan,nan,nan,0.0000,0.0000,0.0000,nan,nan,nan,-9914.4988,-1388.4492,-268.7081,-9914.4988,-1388.4492,-268.7081,12.000,0,nan,nan
9.2440,104.7167,0,-9640.1023,-1525.3102,-301.6257,nan,nan,nan,0.9285,-0.3712,0.0000,0.3712,0.9285,-0.0000,-0.0000,0.0000,1.0000,0.0000,0.0000,0.0000,0.5682,-0.2271,0.0000,-9913.6983,-1388.7701,-268.7081,nan,nan,nan,0.8932,-0.4476,-0.0431,0.0385,-0.0193,0.9991,90.000,nan,nan,nan,0.0000,0.0000,0.0000,nan,nan,nan,-9913.6983,-1388.7701,-268.7081,-9913.6983,-1388.7701,-268.7081,12.000,0,nan,nan
9.2700,104.7333,0,-9640.1023,-1525.3102,-301.6257,nan,nan,nan,0.9285,-0.3712,0.0000,0.3712,0.9285,-0.0000,-0.0000,0.0000,1.0000,0.0000,0.0000,0.0000,0.1136,-0.0454,0.0000,-9913.3570,-1388.9070,-268.7081,nan,nan,nan,0.8932,-0.4476,-0.0431,0.0385,-0.0193,0.9991,90.000,nan,nan,nan,0.0000,0.0000,0.0000,nan,nan,nan,-9913.3570,-1388.9070,-268.7081,-9913.3570,-1388.9070,-268.7081,12.000,0,nan,nan
9.2950,104.7667,0,-9640.1023,-1525.3102,-301.6257,nan,nan,nan,0.9285,-0.3712,0.0000,0.3712,0.9285,-0.0000,-0.0000,0.0000,1.0000,0.0000,0.0000,0.0000,0.0227,-0.0091,0.0000,-9912.7237,-1389.1609,-268.7081,nan,nan,nan,0.8932,-0.4476,-0.0431,0.0385,-0.0193,0.9991,90.000,nan,nan,nan,0.0000,0.0000,0.0000,nan,nan,nan,-9912.7237,-1389.1609,-268.7081,-9912.7237,-1389.1609,-268.7081,12.000,0,nan,nan
9.3220,104.7833,0,-9640.1023,-1525.3102,-301.6257,nan,nan,nan,0.9285,-0.3712,0.0000,0.3712,0.9285,-0.0000,-0.0000,0.0000,1.0000,0.0000,0.0000,0.0000,0.0045,-0.0018,0.0000,-9912.4519,-1389.2699,-268.7081,nan,nan,nan,0.8932,-0.4476,-0.0431,0.0385,-0.0193,0.9991,90.000,nan,nan,nan,0.0000,0.0000,0.0000,nan,nan,nan,-9912.4519,-1389.2699,-268.7081,-9912.4519,-1389.2699,-268.7081,12.000,0,nan,nan
9.3490,104.8167,0,-9640.1023,-1525.3102,-301.6257,nan,nan,nan,0.9285,-0.3712,0.0000,0.3712,0.9285,-0.0000,-0.0000,0.0000,1.0000,0.0000,0.0000,0.0000,0.0009,-0.0004,0.0000,-9911.9462,-1389.4727,-268.7081,nan,nan,nan,0.8932,-0.4476,-0.0431,0.0385,-0.0193,0.9991,90.000,nan,nan,nan,0.0000,0.0000,0.0000,nan,nan,nan,-9911.9462,-1389.4727,-268.7081,-9911.9462,-1389.4727,-268.7081,12.000,0,nan,nan
9.3740,104.8333,0,-9640.1023,-1525.3102,-301.6257,nan,nan,nan,0.9285,-0.3712,0.0000,0.3712,0.9285,-0.0000,-0.0000,0.0000,1.0000,0.0000,0.0000,0.0000,0.0002,-0.0001,0.0000,-9911.7279,-1389.5602,-268.7081,nan,nan,nan,0.8932,-0.4476,-0.0431,0.0385,-0.0193,0.9991,90.000,nan,nan,nan,0.0000,0.0000,0.0000,nan,nan,nan,-9911.7279,-1389.5602,-268.7081,-9911.7279,-1389.5602,-268.7081,12.000,0,nan,nan
9.4010,104.8667,0,-9640.1023,-1525.3102,-301.6257,nan,nan,nan,0.9285,-0.3712,0.0000,0.3712,0.9285,-0.0000,-0.0000,0.0000,1.0000,0.0000,0.0000,0.0000,0.0000,-0.0000,0.0000,-9911.3205,-1389.7236,-268.7081,nan,nan,nan,0.8932,-0.4476,-0.0431,0.0385,-0.0193,0.9991,90.000,nan,nan,nan,0.0000,0.0000,0.0000,nan,nan,nan,-9911.3205,-1389.7236,-268.7081,-9911.3205,-1389.7236,-268.7081,12.000,0,nan,nan
9.4280,104.8833,0,-9640.1023,-1525.3102,-301.6257,nan,nan,nan,0.9285,-0.3712,0.0000,0.3712,0.9285,-0.0000,-0.0000,0.0000,1.0000,0.0000,0.0000,0.0000,0.0000,-0.0000,0.0000,-9911.1436,-1389.7945,-268.7081,nan,nan,nan,0.8932,-0.4476,-0.0431,0.0385,-0.0193,0.9991,90.000,nan,nan,nan,0.0000,0.0000,0.0000,nan,nan,nan,-9911.1436,-1389.7945,-268.7081,-9911.1436,-1389.7945,-268.7081,12.000,0,nan,nan
9.4550,104.9167,0,-9640.1023,-1525.3102,-301.6257,nan,nan,nan,0.9285,-0.3712,0.0000,0.3712,0.9285,-0.0000,-0.0000,0.0000,1.0000,0.0000,0.0000,0.0000,0.0000,-0.0000,0.0000,-9910.8129,-1389.9271,-268.7081,nan,nan,nan,0.8932,-0.4476,-0.0431,0.0385,-0.0193,0.9991,90.000,nan,nan,nan,0.0000,0.0000,0.0000,nan,nan,nan,-9910.8129,-1389.9271,-268.7081,-9910.8129,-1389.9271,-268.7081,12.000,0,nan,nan
9.4810,104.9500,0,-9640.1023,-1525.3102,-301.6257,nan,nan,nan,0.9285,-0.3712,0.0000,0.3712,0.9285,-0.0000,-0.0000,0.0000,1.0000,0.0000,0.0000,0.0000,0.0000,-0.0000,0.0000,-9910.5242,-1390.0429,-268.7081,nan,nan,nan,0.8932,-0.4476,-0.0431,0.0385,-0.0193,0.9991,90.000,nan,nan,nan,0.0000,0.0000,0.0000,nan,nan,nan,-9910.5242,-1390.0429,-268.7081,-9910.5242,-1390.0429,-268.7081,12.000,0,nan,nan
9.5080,104.9667,0,-9640.1023,-1525.3102,-301.6257,nan,nan,nan,0.9285,-0.3712,0.0000,0.3712,0.9285,-0.0000,-0.0000,0.0000,1.0000,0.0000,0.0000,0.0000,0.0000,-0.0000,0.0000,-9910.3978,-1390.0935,-268.7081,nan,nan,nan,0.8932,-0.4476,-0.0431,0.0385,-0.0193,0.9991,90.000,nan,nan,nan,0.0000,0.0000,0.0000,nan,nan,nan,-9910.3978,-1390.0935,-268.7081,-9910.3978,-1390.0935,-268.7081,12.000,0,nan,nan
9.5320,105.0000,0,-9640.1023,-1525.3102,-301.6257,nan,nan,nan,0.9285,-0.3712,0.0000,0.3712,0.9285,-0.0000,-0.0000,0.0000,1.0000,0.0000,0.0000,0.0000,0.0000,-0.0000,0.0000,-9910.1606,-1390.1887,-268.7081,nan,nan,nan,0.8932,-0.4476,-0.0431,0.0385,-0.0193,0.9991,90.000,nan,nan,nan,0.0000,0.0000,0.0000,nan,nan,nan,-9910.1606,-1390.1887,-268.7081,-9910.1606,-1390.1887,-268.7081,12.000,0,nan,nan
9.5580,105.0167,0,-9640.1023,-1525.3102,-301.6257,nan,nan,nan,0.9285,-0.3712,0.0000,0.3712,0.9285,-0.0000,-0.0000,0.0000,1.0000,0.0000,0.0000,0.0000,0.0000,-0.0000,0.0000,-9910.0563,-1390.2305,-268.7081,nan,nan,nan,0.8932,-0.4476,-0.0431,0.0385,-0.0193,0.9991,90.000,nan,nan,nan,0.0000,0.0000,0.0000,nan,nan,nan,-9910.0563,-1390.2305,-268.7081,-9910.0563,-1390.2305,-268.7081,12.000,0,nan,nan
9.5860,105.0500,0,-9640.1023,-1525.3102,-301.6257,nan,nan,nan,0.9285,-0.3712,0.0000,0.3712,0.9285,-0.0000,-0.0000,0.0000,1.0000,0.0000,0.0000,0.0000,0.0000,-0.0000,0.0000,-9909.8600,-1390.3092,-268.7081,nan,nan,nan,0.8932,-0.4476,-0.0431,0.0385,-0.0193,0.9991,90.000,nan,nan,nan,0.0000,0.0000,0.0000,nan,nan,nan,-9909.8600,-1390.3092,-268.7081,-9909.8600,-1390.3092,-268.7081,12.000,0,nan,nan
9.6120,105.0833,0,-9640.1023,-1525.3102,-301.6257,nan,nan,nan,0.9285,-0.3712,0.0000,0.3712,0.9285,-0.0000,-0.0000,0.0000,1.0000,0.0000,0.0000,0.0000,0.0000,-0.0000,0.0000,-9909.6867,-1390.3787,-268.7081,nan,nan,nan,0.8932,-0.4476,-0.0431,0.0385,-0.0193,0.9991,90.000,nan,nan,nan,0.0000,0.0000,0.0000,nan,nan,nan,-9909.6867,-1390.3787,-268.7081,-9909.6867,-1390.3787,-268.7081,12.000,0,nan,nan
9.6380,105.1000,0,-9640.1023,-1525.3102,-301.6257,nan,nan,nan,0.9285,-0.3712,0.0000,0.3712,0.9285,-0.0000,-0.0000,0.0000,1.0000,0.0000,0.0000,0.0000,0.0000,-0.0000,0.0000,-9909.6100,-1390.4095,-268.7081,nan,nan,nan,0.8932,-0.4476,-0.0431,0.0385,-0.0193,0.9991,90.000,nan,nan,nan,0.0000,0.0000,0.0000,nan,nan,nan,-9909.6100,-1390.4095,-268.7081,-9909.6100,-1390.4095,-268.7081,12.000,0,nan,nan
9.6630,105.1333,0,-9640.1023,-1525.3102,-301.6257,nan,nan,nan,0.9285,-0.3712,0.0000,0.3712,0.9285,-0.0000,-0.0000,0.0000,1.0000,0.0000,0.0000,0.0000,0.0000,-0.0000,0.0000,-9909.4652,-1390.4675,-268.7081,nan,nan,nan,0.8932,-0.4476,-0.0431,0.0385,-0.0193,0.9991,90.000,nan,nan,nan,0.0000,0.0000,0.0000,nan,nan,nan,-9909.4652,-1390.4675,-268.7081,-9909.4652,-1390.4675,-268.7081,12.000,0,nan,nan
9.6890,105.1500,0,-9640.1023,-1525.3102,-301.6257,nan,nan,nan,0.9285,-0.3712,0.0000,0.3712,0.9285,-0.0000,-0.0000,0.0000,1.0000,0.0000,0.0000,0.0000,0.0000,-0.0000,0.0000,-9909.4008,-1390.4933,-268.7081,nan,nan,nan,0.8932,-0.4476,-0.0431,0.0385,-0.0193,0.9991,90.000,nan,nan,nan,0.0000,0.0000,0.0000,nan,nan,nan,-9909.4008,-1390.4933,-268.7081,-9909.4008,-1390.4933,-268.7081,12.000,0,nan,nan
9.7160,105.1833,0,-9640.1023,-1525.3102,-301.6257,nan,nan,nan,0.9285,-0.3712,0.0000,0.3712,0.9285,-0.0000,-0.0000,0.0000,1.0000,0.0000,0.0000,0.0000,0.0000,-0.0000,0.0000,-9909.2791,-1390.5421,-268.7081,nan,nan,nan,0.8932,-0.4476,-0.0431,0.0385,-0.0193,0.9991,90.000,nan,nan,nan,0.0000,0.0000,0.0000,nan,nan,nan,-9909.2791,-1390.5421,-268.7081,-9909.2791,-1390.5421,-268.7081,12.000,0,nan,nan
9.7420,105.2000,0,-9640.1023,-1525.3102,-301.6257,nan,nan,nan,0.9285,-0.3712,0.0000,0.3712,0.9285,-0.0000,-0.0000,0.0000,1.0000,0.0000,0.0000,0.0000,0.0000,-0.0000,0.0000,-9909.2249,-1390.5639,-268.7081,nan,nan,nan,0.8932,-0.4476,-0.0431,0.0385,-0.0193,0.9991,90.000,nan,nan,nan,0.0000,0.0000,0.0000,nan,nan,nan,-9909.2249,-1390.5639,-268.7081,-9909.2249,-1390.5639,-268.7081,12.000,0,nan,nan
9.7680,105.2333,0,-9640.1023,-1525.3102,-301.6257,nan,nan,nan,0.9285,-0.3712,0.0000,0.3712,0.9285,-0.0000,-0.0000,0.0000,1.0000,0.0000,0.0000,0.0000,0.0000,-0.0000,0.0000,-9909.1221,-1390.6051,-268.7081,nan,nan,nan,0.8932,-0.4476,-0.0431,0.0385,-0.0193,0.9991,90.000,nan,nan,nan,0.0000,0.0000,0.0000,nan,nan,nan,-9909.1221,-1390.6051,-268.7081,-9909.1221,-1390.6051,-268.7081,12.000,0,nan,nan
9.7930,105.2667,0,-9640.1023,-1525.3102,-301.6257,nan,nan,nan,0.9285,-0.3712,0.0000,0.3712,0.9285,-0.0000,-0.0000,0.0000,1.0000,0.0000,0.0000,0.0000,0.0000,-0.0000,0.0000,-9909.0301,-1390.6420,-268.7081,nan,nan,nan,0.8932,-0.4476,-0.0431,0.0385,-0.0193,0.9991,90.000,nan,nan,nan,0.0000,0.0000,0.0000,nan,nan,nan,-9909.0301,-1390.6420,-268.7081,-9909.0301,-1390.6420,-268.7081,12.000,0,nan,nan
9.8180,105.2833,0,-9640.1023,-1525.3102,-301.6257,nan,nan,nan,0.9285,-0.3712,0.0000,0.3712,0.9285,-0.0000,-0.0000,0.0000,1.0000,0.0000,0.0000,0.0000,0.0000,-0.0000,0.0000,-9908.9889,-1390.6585,-268.7081,nan,nan,nan,0.8932,-0.4476,-0.0431,0.0385,-0.0193,0.9991,90.000,nan,nan,nan,0.0000,0.0000,0.0000,nan,nan,nan,-9908.9889,-1390.6585,-268.7081,-9908.9889,-1390.6585,-268.7081,12.000,0,nan,nan
9.8450,105.3167,0,-9640.1023,-1525.3102,-301.6257,nan,nan,nan,0.9285,-0.3712,0.0000,0.3712,0.9285,-0.0000,-0.0000,0.0000,1.0000,0.0000,0.0000,0.0000,0.0000,-0.0000,0.0000,-9908.9106,-1390.6899,-268.7081,nan,nan,nan,0.8932,-0.4476,-0.0431,0.0385,-0.0193,0.9991,90.000,nan,nan,nan,0.0000,0.0000,0.0000,nan,nan,nan,-9908.9106,-1390.6899,-268.7081,-9908.9106,-1390.6899,-268.7081,12.000,0,nan,nan
9.8710,105.3333,0,-9640.1023,-1525.3102,-301.6257,nan,nan,nan,0.9285,-0.3712,0.0000,0.3712,0.9285,-0.0000,-0.0000,0.0000,1.0000,0.0000,0.0000,0.0000,0.0000,-0.0000,0.0000,-9908.8754,-1390.7040,-268.7081,nan,nan,nan,0.8932,-0.4476,-0.0431,0.0385,-0.0193,0.9991,90.000,nan,nan,nan,0.0000,0.0000,0.0000,nan,nan,nan,-9908.8754,-1390.7040,-268.7081,-9908.8754,-1390.7040,-268.7081,12.000,0,nan,nan
9.9020,105.3667,0,-9640.1023,-1525.3102,-301.6257,nan,nan,nan,0.9285,-0.3712,0.0000,0.3712,0.9285,-0.0000,-0.0000,0.0000,1.0000,0.0000,0.0000,0.0000,0.0000,-0.0000,0.0000,-9908.8085,-1390.7309,-268.7081,nan,nan,nan,0.8932,-0.4476,-0.0431,0.0385,-0.0193,0.9991,90.000,nan,nan,nan,0.0000,0.0000,0.0000,nan,nan,nan,-9908.8085,-1390.7309,-268.7081,-9908.8085,-1390.7309,-268.7081,12.000,0,nan,nan
9.9290,105.4000,0,-9640.1023,-1525.3102,-301.6257,nan,nan,nan,0.9285,-0.3712,0.0000,0.3712,0.9285,-0.0000,-0.0000,0.0000,1.0000,0.0000,0.0000,0.0000,0.0000,-0.0000,0.0000,-9908.7481,-1390.7551,-268.7081,nan,nan,nan,0.8932,-0.4476,-0.0431,0.0385,-0.0193,0.9991,90.000,nan,nan,nan,0.0000,0.0000,0.0000,nan,nan,nan,-9908.7481,-1390.7551,-268.7081,-9908.7481,-1390.7551,-268.7081,12.000,0,nan,nan
9.9550,105.4167,0,-9640.1023,-1525.3102,-301.6257,nan,nan,nan,0.9285,-0.3712,0.0000,0.3712,0.9285,-0.0000,-0.0000,0.0000,1.0000,0.0000,0.0000,0.0000,0.0000,-0.0000,0.0000,-9908.7208,-1390.7660,-268.7081,nan,nan,nan,0.8932,-0.4476,-0.0431,0.0385,-0.0193,0.9991,90.000,nan,nan,nan,0.0000,0.0000,0.0000,nan,nan,nan,-9908.7208,-1390.7660,-268.7081,-9908.7208,-1390.7660,-268.7081,12.000,0,nan,nan
9.9800,105.4500,0,-9640.1023,-1525.3102,-301.6257,nan,nan,nan,0.9285,-0.3712,0.0000,0.3712,0.9285,-0.0000,-0.0000,0.0000,1.0000,0.0000,0.0000,0.0000,0.0000,-0.0000,0.0000,-9908.6688,-1390.7869,-268.7081,nan,nan,nan,0.8932,-0.4476,-0.0431,0.0385,-0.0193,0.9991,90.000,nan,nan,nan,0.0000,0.0000,0.0000,nan,nan,nan,-9908.6688,-1390.7869,-268.7081,-9908.6688,-1390.7869,-268.7081,12.000,0,nan,nan
10.0070,105.4667,0,-9640.1023,-1525.3102,-301.6257,nan,nan,nan,0.9285,-0.3712,0.0000,0.3712,0.9285,-0.0000,-0.0000,0.0000,1.0000,0.0000,0.0000,0.0000,0.0000,-0.0000,0.0000,-9908.6452,-1390.7963,-268.7081,nan,nan,nan,0.8932,-0.4476,-0.0431,0.0385,-0.0193,0.9991,90.000,nan,nan,nan,0.0000,0.0000,0.0000,nan,nan,nan,-9908.6452,-1390.7963,-268.7081,-9908.6452,-1390.7963,-268.7081,12.000,0,nan,nan
10.0310,105.5000,0,-9640.1023,-1525.3102,-301.6257,nan,nan,nan,0.9285,-0.3712,0.0000,0.3712,0.9285,-0.0000,-0.0000,0.0000,1.0000,0.0000,0.0000,0.0000,0.0000,-0.0000,0.0000,-9908.6003,-1390.8143,-268.7081,nan,nan,nan,0.8932,-0.4476,-0.0431,0.0385,-0.0193,0.9991,90.000,nan,nan,nan,0.0000,0.0000,0.0000,nan,nan,nan,-9908.6003,-1390.8143,-268.7081,-9908.6003,-1390.8143,-268.7081,12.000,0,nan,nan
10.0580,105.5167,0,-9640.1023,-1525.3102,-301.6257,nan,nan,nan,0.9285,-0.3712,0.0000,0.3712,0.9285,-0.0000,-0.0000,0.0000,1.0000,0.0000,0.0000,0.0000,0.0000,-0.0000,0.0000,-9908.5799,-1390.8225,-268.7081,nan,nan,nan,0.8932,-0.4476,-0.0431,0.0385,-0.0193,0.9991,90.000,nan,nan,nan,0.0000,0.0000,0.0000,nan,nan,nan,-9908.5799,-1390.8225,-268.7081,-9908.5799,-1390.8225,-268.7081,12.000,0,nan,nan
10.0840,105.5500,0,-9640.1023,-1525.3102,-301.6257,nan,nan,nan,0.9285,-0.3712,0.0000,0.3712,0.9285,-0.0000,-0.0000,0.0000,1.0000,0.0000,0.0000,0.0000,0.0000,-0.0000,0.0000,-9908.5410,-1390.8381,-268.7081,nan,nan,nan,0.8932,-0.4476,-0.0431,0.0385,-0.0193,0.9991,90.000,nan,nan,nan,0.0000,0.0000,0.0000,nan,nan,nan,-9908.5410,-1390.8381,-268.7081,-9908.5410,-1390.8381,-268.7081,12.000,0,nan,nan
10.1100,105.5667,0,-9640.1023,-1525.3102,-301.6257,nan,nan,nan,0.9285,-0.3712,0.0000,0.3712,0.9285,-0.0000,-0.0000,0.0000,1.0000,0.0000,0.0000,0.0000,0.0000,-0.0000,0.0000,-9908.5232,-1390.8452,-268.7081,nan,nan,nan,0.8932,-0.4476,-0.0431,0.0385,-0.0193,0.9991,90.000,nan,nan,nan,0.0000,0.0000,0.0000,nan,nan,nan,-9908.5232,-1390.8452,-268.7081,-9908.5232,-1390.8452,-268.7081,12.000,0,nan,nan
10.1360,105.6000,0,-9640.1023,-1525.3102,-301.6257,nan,nan,nan,0.9285,-0.3712,0.0000,0.3712,0.9285,-0.0000,-0.0000,0.0000,1.0000,0.0000,0.0000,0.0000,0.0000,-0.0000,0.0000,-9908.4893,-1390.8588,-268.7081,nan,nan,nan,0.8932,-0.4476,-0.0431,0.0385,-0.0193,0.9991,90.000,nan,nan,nan,0.0000,0.0000,0.0000,nan,nan,nan,-9908.4893,-1390.8588,-268.7081,-9908.4893,-1390.8588,-268.7081,12.000,0,nan,nan
10.1620,105.6333,0,-9640.1023,-1525.3102,-301.6257,nan,nan,nan,0.9285,-0.3712,0.0000,0.3712,0.9285,-0.0000,-0.0000,0.0000,1.0000,0.0000,0.0000,0.0000,0.0000,-0.0000,0.0000,-9908.4584,-1390.8713,-268.7081,nan,nan,nan,0.8932,-0.4476,-0.0431,0.0385,-0.0193,0.9991,90.000,nan,nan,nan,0.0000,0.0000,0.0000,nan,nan,nan,-9908.4584,-1390.8713,-268.7081,-9908.4584,-1390.8713,-268.7081,12.000,0,nan,nan
10.1880,105.6500,0,-9640.1023,-1525.3102,-301.6257,nan,nan,nan,0.9285,-0.3712,0.0000,0.3712,0.9285,-0.0000,-0.0000,0.0000,1.0000,0.0000,0.0000,0.0000,0.0000,-0.0000,0.0000,-9908.4442,-1390.8769,-268.7081,nan,nan,nan,0.8932,-0.4476,-0.0431,0.0385,-0.0193,0.9991,90.000,nan,nan,nan,0.0000,0.0000,0.0000,nan,nan,nan,-9908.4442,-1390.8769,-268.7081,-9908.4442,-1390.8769,-268.7081,12.000,0,nan,nan
10.2130,105.6833,0,-9640.1023,-1525.3102,-301.6257,nan,nan,nan,0.9285,-0.3712,0.0000,0.3712,0.9285,-0.0000,-0.0000,0.0000,1.0000,0.0000,0.0000,0.0000,0.0000,-0.0000,0.0000,-9908.4172,-1390.8878,-268.7081,nan,nan,nan,0.8932,-0.4476,-0.0431,0.0385,-0.0193,0.9991,90.000,nan,nan,nan,0.0000,0.0000,0.0000,nan,nan,nan,-9908.4172,-1390.8878,-268.7081,-9908.4172,-1390.8878,-268.7081,12.000,0,nan,nan
10.2400,105.7000,0,-9640.1023,-1525.3102,-301.6257,nan,nan,nan,0.9285,-0.3712,0.0000,0.3712,0.9285,-0.0000,-0.0000,0.0000,1.0000,0.0000,0.0000,0.0000,0.0000,-0.0000,0.0000,-9908.4048,-1390.8927,-268.7081,nan,nan,nan,0.8932,-0.4476,-0.0431,0.0385,-0.0193,0.9991,90.000,nan,nan,nan,0.0000,0.0000,0.0000,nan,nan,nan,-9908.4048,-1390.8927,-268.7081,-9908.4048,-1390.8927,-268.7081,12.000,0,nan,nan
10.2670,105.7333,0,-9640.1023,-1525.3102,-301.6257,nan,nan,nan,0.9285,-0.3712,0.0000,0.3712,0.9285,-0.0000,-0.0000,0.0000,1.0000,0.0000,0.0000,0.0000,0.0000,-0.0000,0.0000,-9908.3810,-1390.9023,-268.7081,nan,nan,nan,0.8932,-0.4476,-0.0431,0.0385,-0.0193,0.9991,90.000,nan,nan,nan,0.0000,0.0000,0.0000,nan,nan,nan,-9908.3810,-1390.9023,-268.7081,-9908.3810,-1390.9023,-268.7081,12.000,0,nan,nan
10.2920,105.7500,0,-9640.1023,-1525.3102,-301.6257,nan,nan,nan,0.9285,-0.3712,0.0000,0.3712,0.9285,-0.0000,-0.0000,0.0000,1.0000,0.0000,0.0000,0.0000,0.0000,-0.0000,0.0000,-9908.3701,-1390.9066,-268.7081,nan,nan,nan,0.8932,-0.4476,-0.0431,0.0385,-0.0193,0.9991,90.000,nan,nan,nan,0.0000,0.0000,0.0000,nan,nan,nan,-9908.3701,-1390.9066,-268.7081,-9908.3701,-1390.9066,-268.7081,12.000,0,nan,nan
10.3180,105.7833,0,-9640.1023,-1525.3102,-301.6257,nan,nan,nan,0.9285,-0.3712,0.0000,0.3712,0.9285,-0.0000,-0.0000,0.0000,1.0000,0.0000,0.0000,0.0000,0.0000,-0.0000,0.0000,-9908.3492,-1390.9150,-268.7081,nan,nan,nan,0.8932,-0.4476,-0.0431,0.0385,-0.0193,0.9991,90.000,nan,nan,nan,0.0000,0.0000,0.0000,nan,nan,nan,-9908.3492,-1390.9150,-268.7081,-9908.3492,-1390.9150,-268.7081,12.000,0,nan,nan
10.3440,105.8167,0,-9640.1023,-1525.3102,-301.6257,nan,nan,nan,0.9285,-0.3712,0.0000,0.3712,0.9285,-0.0000,-0.0000,0.0000,1.0000,0.0000,0.0000,0.0000,0.0000,-0.0000,0.0000,-9908.3300,-1390.9227,-268.7081,nan,nan,nan,0.8932,-0.4476,-0.0431,0.0385,-0.0193,0.9991,90.000,nan,nan,nan,0.0000,0.0000,0.0000,nan,nan,nan,-9908.3300,-1390.9227,-268.7081,-9908.3300,-1390.9227,-268.7081,12.000,0,nan,nan
10.3700,105.8333,0,-9640.1023,-1525.3102,-301.6257,nan,nan,nan,0.9285,-0.3712,0.0000,0.3712,0.9285,-0.0000,-0.0000,0.0000,1.0000,0.0000,0.0000,0.0000,0.0000,-0.0000,0.0000,-9908.3211,-1390.9263,-268.7081,nan,nan,nan,0.8932,-0.4476,-0.0431,0.0385,-0.0193,0.9991,90.000,nan,nan,nan,0.0000,0.0000,0.0000,nan,nan,nan,-9908.3211,-1390.9263,-268.7081,-9908.3211,-1390.9263,-268.7081,12.000,0,nan,nan
10.3960,105.8667,0,-9640.1023,-1525.3102,-301.6257,nan,nan,nan,0.9285,-0.3712,0.0000,0.3712,0.9285,-0.0000,-0.0000,0.0000,1.0000,0.0000,0.0000,0.0000,0.0000,-0.0000,0.0000,-9908.3041,-1390.9331,-268.7081,nan,nan,nan,0.8932,-0.4476,-0.0431,0.0385,-0.0193,0.9991,90.000,nan,nan,nan,0.0000,0.0000,0.0000,nan,nan,nan,-9908.3041,-1390.9331,-268.7081,-9908.3041,-1390.9331,-268.7081,12.000,0,nan,nan
10.4210,105.8833,0,-9640.1023,-1525.3102,-301.6257,nan,nan,nan,0.9285,-0.3712,0.0000,0.3712,0.9285,-0.0000,-0.0000,0.0000,1.0000,0.0000,0.0000,0.0000,0.0000,-0.0000,0.0000,-9908.2963,-1390.9362,-268.7081,nan,nan,nan,0.8932,-0.4476,-0.0431,0.0385,-0.0193,0.9991,90.000,nan,nan,nan,0.0000,0.0000,0.0000,nan,nan,nan,-9908.2963,-1390.9362,-268.7081,-9908.2963,-1390.9362,-268.7081,12.000,0,nan,nan
10.4470,105.9167,0,-9640.1023,-1525.3102,-301.6257,nan,nan,nan,0.9285,-0.3712,0.0000,0.3712,0.9285,-0.0000,-0.0000,0.0000,1.0000,0.0000,0.0000,0.0000,0.0000,-0.0000,0.0000,-9908.2812,-1390.9423,-268.7081,nan,nan,nan,0.8932,-0.4476,-0.0431,0.0385,-0.0193,0.9991,90.000,nan,nan,nan,0.0000,0.0000,0.0000,nan,nan,nan,-9908.2812,-1390.9423,-268.7081,-9908.2812,-1390.9423,-268.7081,12.000,0,nan,nan
10.4740,105.9333,0,-9640.1023,-1525.3102,-301.6257,nan,nan,nan,0.9285,-0.3712,0.0000,0.3712,0.9285,-0.0000,-0.0000,0.0000,1.0000,0.0000,0.0000,0.0000,0.0000,-0.0000,0.0000,-9908.2743,-1390.9451,-268.7081,nan,nan,nan,0.8932,-0.4476,-0.0431,0.0385,-0.0193,0.9991,90.000,nan,nan,nan,0.0000,0.0000,0.0000,nan,nan,nan,-9908.2743,-1390.9451,-268.7081,-9908.2743,-1390.9451,-268.7081,12.000,0,nan,nan
10.4990,105.9667,0,-9640.1023,-1525.3102,-301.6257,nan,nan,nan,0.9285,-0.3712,0.0000,0.3712,0.9285,-0.0000,-0.0000,0.0000,1.0000,0.0000,0.0000,0.0000,0.0000,-0.0000,0.0000,-9908.2609,-1390.9504,-268.7081,nan,nan,nan,0.8932,-0.4476,-0.0431,0.0385,-0.0193,0.9991,90.000,nan,nan,nan,0.0000,0.0000,0.0000,nan,nan,nan,-9908.2609,-1390.9504,-268.7081,-9908.2609,-1390.9504,-268.7081,12.000,0,nan,nan
10.5250,105.9833,0,-9640.1023,-1525.3102,-301.6257,nan,nan,nan,0.9285,-0.3712,0.0000,0.3712,0.9285,-0.0000,-0.0000,0.0000,1.0000,0.0000,0.0000,0.0000,0.0000,-0.0000,0.0000,-9908.2547,-1390.9529,-268.7081,nan,nan,nan,0.8932,-0.4476,-0.0431,0.0385,-0.0193,0.9991,90.000,nan,nan,nan,0.0000,0.0000,0.0000,nan,nan,nan,-9908.2547,-1390.9529,-268.7081,-9908.2547,-1390.9529,-268.7081,12.000,0,nan,nan
10.5520,106.0167,0,-9640.1023,-1525.3102,-301.6257,nan,nan,nan,0.9285,-0.3712,0.0000,0.3712,0.9285,-0.0000,-0.0000,0.0000,1.0000,0.0000,0.0000,0.0000,0.0000,-0.0000,0.0000,-9908.2428,-1390.9577,-268.7081,nan,nan,nan,0.8932,-0.4476,-0.0431,0.0385,-0.0193,0.9991,90.000,nan,nan,nan,0.0000,0.0000,0.0000,nan,nan,nan,-9908.2428,-1390.9577,-268.7081,-9908.2428,-1390.9577,-268.7081,12.000,0,nan,nan
10.5790,106.0500,0,-9640.1023,-1525.3102,-301.6257,nan,nan,nan,0.9285,-0.3712,0.0000,0.3712,0.9285,-0.0000,-0.0000,0.0000,1.0000,0.0000,0.0000,0.0000,0.0000,-0.0000,0.0000,-9908.2317,-1390.9621,-268.7081,nan,nan,nan,0.8932,-0.4476,-0.0431,0.0385,-0.0193,0.9991,90.000,nan,nan,nan,0.0000,0.0000,0.0000,nan,nan,nan,-9908.2317,-1390.9621,-268.7081,-9908.2317,-1390.9621,-268.7081,12.000,0,nan,nan
10.6050,106.0667,0,-9640.1023,-1525.3102,-301.6257,nan,nan,nan,0.9285,-0.3712,0.0000,0.3712,0.9285,-0.0000,-0.0000,0.0000,1.0000,0.0000,0.0000,0.0000,0.0000,-0.0000,0.0000,-9908.2266,-1390.9642,-268.7081,nan,nan,nan,0.8932,-0.4476,-0.0431,0.0385,-0.0193,0.9991,90.000,nan,nan,nan,0.0000,0.0000,0.0000,nan,nan,nan,-9908.2266,-1390.9642,-268.7081,-9908.2266,-1390.9642,-268.7081,12.000,0,nan,nan
10.6300,106.1000,0,-9640.1023,-1525.3102,-301.6257,nan,nan,nan,0.9285,-0.3712,0.0000,0.3712,0.9285,-0.0000,-0.0000,0.0000,1.0000,0.0000,0.0000,0.0000,0.0000,-0.0000,0.0000,-9908.2167,-1390.9682,-268.7081,nan,nan,nan,0.8932,-0.4476,-0.0431,0.0385,-0.0193,0.9991,90.000,nan,nan,nan,0.0000,0.0000,0.0000,nan,nan,nan,-9908.2167,-1390.9682,-268.7081,-9908.2167,-1390.9682,-268.7081,12.000,0,nan,nan
10.6560,106.1167,0,-9640.1023,-1525.3102,-301.6257,nan,nan,nan,0.9285,-0.3712,0.0000,0.3712,0.9285,-0.0000,-0.0000,0.0000,1.0000,0.0000,0.0000,0.0000,0.0000,-0.0000,0.0000,-9908.2121,-1390.9700,-268.7081,nan,nan,nan,0.8932,-0.4476,-0.0431,0.0385,-0.0193,0.9991,90.000,nan,nan,nan,0.0000,0.0000,0.0000,nan,nan,nan,-9908.2121,-1390.9700,-268.7081,-9908.2121,-1390.9700,-268.7081,12.000,0,nan,nan
10.6820,106.1500,0,-9640.1023,-1525.3102,-301.6257,nan,nan,nan,0.9285,-0.3712,0.0000,0.3712,0.9285,-0.0000,-0.0000,0.0000,1.0000,0.0000,0.0000,0.0000,0.0000,-0.0000,0.0000,-9908.2033,-1390.9735,-268.7081,nan,nan,nan,0.8932,-0.4476,-0.0431,0.0385,-0.0193,0.9991,90.000,nan,nan,nan,0.0000,0.0000,0.0000,nan,nan,nan,-9908.2033,-1390.9735,-268.7081,-9908.2033,-1390.9735,-268.7081,12.000,0,nan,nan
10.7070,106.1667,0,-9640.1023,-1525.3102,-301.6257,nan,nan,nan,0.9285,-0.3712,0.0000,0.3712,0.9285,-0.0000,-0.0000,0.0000,1.0000,0.0000,0.0000,0.0000,0.0000,-0.0000,0.0000,-9908.1992,-1390.9752,-268.7081,nan,nan,nan,0.8932,-0.4476,-0.0431,0.0385,-0.0193,0.9991,90.000,nan,nan,nan,0.0000,0.0000,0.0000,nan,nan,nan,-9908.1992,-1390.9752,-268.7081,-9908.1992,-1390.9752,-268.7081,12.000,0,nan,nan
10.7330,106.2000,0,-9640.1023,-1525.3102,-301.6257,nan,nan,nan,0.9285,-0.3712,0.0000,0.3712,0.9285,-0.0000,-0.0000,0.0000,1.0000,0.0000,0.0000,0.0000,0.0000,-0.0000,0.0000,-9908.1912,-1390.9784,-268.7081,nan,nan,nan,0.8932,-0.4476,-0.0431,0.0385,-0.0193,0.9991,90.000,nan,nan,nan,0.0000,0.0000,0.0000,nan,nan,nan,-9908.1912,-1390.9784,-268.7081,-9908.1912,-1390.9784,-268.7081,12.000,0,nan,nan
10.7590,106.2167,0,-9640.1023,-1525.3102,-301.6257,nan,nan,nan,0.9285,-0.3712,0.0000,0.3712,0.9285,-0.0000,-0.0000,0.0000,1.0000,0.0000,0.0000,0.0000,0.0000,-0.0000,0.0000,-9908.1875,-1390.9799,-268.7081,nan,nan,nan,0.8932,-0.4476,-0.0431,0.0385,-0.0193,0.9991,90.000,nan,nan,nan,0.0000,0.0000,0.0000,nan,nan,nan,-9908.1875,-1390.9799,-268.7081,-9908.1875,-1390.9799,-268.7081,12.000,0,nan,nan
10.7860,106.2500,0,-9640.1023,-1525.3102,-301.6257,nan,nan,nan,0.9285,-0.3712,0.0000,0.3712,0.9285,-0.0000,-0.0000,0.0000,1.0000,0.0000,0.0000,0.0000,0.0000,-0.0000,0.0000,-9908.1804,-1390.9827,-268.7081,nan,nan,nan,0.8932,-0.4476,-0.0431,0.0385,-0.0193,0.9991,90.000,nan,nan,nan,0.0000,0.0000,0.0000,nan,nan,nan,-9908.1804,-1390.9827,-268.7081,-9908.1804,-1390.9827,-268.7081,12.000,0,nan,nan
10.8110,106.2833,0,-9640.1023,-1525.3102,-301.6257,nan,nan,nan,0.9285,-0.3712,0.0000,0.3712,0.9285,-0.0000,-0.0000,0.0000,1.0000,0.0000,0.0000,0.0000,0.0000,-0.0000,0.0000,-9908.1737,-1390.9854,-268.7081,nan,nan,nan,0.8932,-0.4476,-0.0431,0.0385,-0.0193,0.9991,90.000,nan,nan,nan,0.0000,0.0000,0.0000,nan,nan,nan,-9908.1737,-1390.9854,-268.7081,-9908.1737,-1390.9854,-268.7081,12.000,0,nan,nan
10.8370,106.3000,0,-9640.1023,-1525.3102,-301.6257,nan,nan,nan,0.9285,-0.3712,0.0000,0.3712,0.9285,-0.0000,-0.0000,0.0000,1.0000,0.0000,0.0000,0.0000,0.0000,-0.0000,0.0000,-9908.1706,-1390.9866,-268.7081,nan,nan,nan,0.8932,-0.4476,-0.0431,0.0385,-0.0193,0.9991,90.000,nan,nan,nan,0.0000,0.0000,0.0000,nan,nan,nan,-9908.1706,-1390.9866,-268.7081,-9908.1706,-1390.9866,-268.7081,12.000,0,nan,nan
10.8640,106.3333,0,-9640.1023,-1525.3102,-301.6257,nan,nan,nan,0.9285,-0.3712,0.0000,0.3712,0.9285,-0.0000,-0.0000,0.0000,1.0000,0.0000,0.0000,0.0000,0.0000,-0.0000,0.0000,-9908.1646,-1390.9890,-268.7081,nan,nan,nan,0.8932,-0.4476,-0.0431,0.0385,-0.0193,0.9991,90.000,nan,nan,nan,0.0000,0.0000,0.0000,nan,nan,nan,-9908.1646,-1390.9890,-268.7081,-9908.1646,-1390.9890,-268.7081,12.000,0,nan,nan
10.8900,106.3500,0,-9640.1023,-1525.3102,-301.6257,nan,nan,nan,0.9285,-0.3712,0.0000,0.3712,0.9285,-0.0000,-0.0000,0.0000,1.0000,0.0000,0.0000,0.0000,0.0000,-0.0000,0.0000,-9908.1618,-1390.9902,-268.7081,nan,nan,nan,0.8932,-0.4476,-0.0431,0.0385,-0.0193,0.9991,90.000,nan,nan,nan,0.0000,0.0000,0.0000,nan,nan,nan,-9908.1618,-1390.9902,-268.7081,-9908.1618,-1390.9902,-268.7081,12.000,0,nan,nan
10.9160,106.3833,0,-9640.1023,-1525.3102,-301.6257,nan,nan,nan,0.9285,-0.3712,0.0000,0.3712,0.9285,-0.0000,-0.0000,0.0000,1.0000,0.0000,0.0000,0.0000,0.0000,-0.0000,0.0000,-9908.1564,-1390.9924,-268.7081,nan,nan,nan,0.8932,-0.4476,-0.0431,0.0385,-0.0193,0.9991,90.000,nan,nan,nan,0.0000,0.0000,0.0000,nan,nan,nan,-9908.1564,-1390.9924,-268.7081,-9908.1564,-1390.9924,-268.7081,12.000,0,nan,nan
10.9440,106.4000,0,-9640.1023,-1525.3102,-301.6257,nan,nan,nan,0.9285,-0.3712,0.0000,0.3712,0.9285,-0.0000,-0.0000,0.0000,1.0000,0.0000,0.0000,0.0000,0.0000,-0.0000,0.0000,-9908.1538,-1390.9934,-268.7081,nan,nan,nan,0.8932,-0.4476,-0.0431,0.0385,-0.0193,0.9991,90.000,nan,nan,nan,0.0000,0.0000,0.0000,nan,nan,nan,-9908.1538,-1390.9934,-268.7081,-9908.1538,-1390.9934,-268.7081,12.000,0,nan,nan
10.9690,106.4333,0,-9640.1023,-1525.3102,-301.6257,nan,nan,nan,0.9285,-0.3712,0.0000,0.3712,0.9285,-0.0000,-0.0000,0.0000,1.0000,0.0000,0.0000,0.0000,0.0000,-0.0000,0.0000,-9908.1489,-1390.9953,-268.7081,nan,nan,nan,0.8932,-0.4476,-0.0431,0.0385,-0.0193,0.9991,90.000,nan,nan,nan,0.0000,0.0000,0.0000,nan,nan,nan,-9908.1489,-1390.9953,-268.7081,-9908.1489,-1390.9953,-268.7081,12.000,0,nan,nan
10.9950,106.4667,0,-9640.1023,-1525.3102,-301.6257,nan,nan,nan,0.9285,-0.3712,0.0000,0.3712,0.9285,-0.0000,-0.0000,0.0000,1.0000,0.0000,0.0000,0.0000,0.0000,-0.0000,0.0000,-9908.1443,-1390.9972,-268.7081,nan,nan,nan,0.8932,-0.4476,-0.0431,0.0385,-0.0193,0.9991,90.000,nan,nan,nan,0.0000,0.0000,0.0000,nan,nan,nan,-9908.1443,-1390.9972,-268.7081,-9908.1443,-1390.9972,-268.7081,12.000,0,nan,nan
11.0200,106.4833,0,-9640.1023,-1525.3102,-301.6257,nan,nan,nan,0.9285,-0.3712,0.0000,0.3712,0.9285,-0.0000,-0.0000,0.0000,1.0000,0.0000,0.0000,0.0000,0.0000,-0.0000,0.0000,-9908.1421,-1390.9981,-268.7081,nan,nan,nan,0.8932,-0.4476,-0.0431,0.0385,-0.0193,0.9991,90.000,nan,nan,nan,0.0000,0.0000,0.0000,nan,nan,nan,-9908.1421,-1390.9981,-268.7081,-9908.1421,-1390.9981,-268.7081,12.000,0,nan,nan
11.0460,106.5167,0,-9640.1023,-1525.3102,-301.6257,nan,nan,nan,0.9285,-0.3712,0.0000,0.3712,0.9285,-0.0000,-0.0000,0.0000,1.0000,0.0000,0.0000,0.0000,0.0000,-0.0000,0.0000,-9908.1379,-1390.9997,-268.7081,nan,nan,nan,0.8932,-0.4476,-0.0431,0.0385,-0.0193,0.9991,90.000,nan,nan,nan,0.0000,0.0000,0.0000,nan,nan,nan,-9908.1379,-1390.9997,-268.7081,-9908.1379,-1390.9997,-268.7081,12.000,0,nan,nan
11.0730,106.5333,0,-9640.1023,-1525.3102,-301.6257,nan,nan,nan,0.9285,-0.3712,0.0000,0.3712,0.9285,-0.0000,-0.0000,0.0000,1.0000,0.0000,0.0000,0.0000,0.0000,-0.0000,0.0000,-9908.1360,-1391.0005,-268.7081,nan,nan,nan,0.8932,-0.4476,-0.0431,0.0385,-0.0193,0.9991,90.000,nan,nan,nan,0.0000,0.0000,0.0000,nan,nan,nan,-9908.1360,-1391.0005,-268.7081,-9908.1360,-1391.0005,-268.7081,12.000,0,nan,nan
11.0970,106.5667,0,-9640.1023,-1525.3102,-301.6257,nan,nan,nan,0.9285,-0.3712,0.0000,0.3712,0.9285,-0.0000,-0.0000,0.0000,1.0000,0.0000,0.0000,0.0000,0.0000,-0.0000,0.0000,-9908.1322,-1391.0020,-268.7081,nan,nan,nan,0.8932,-0.4476,-0.0431,0.0385,-0.0193,0.9991,90.000,nan,nan,nan,0.0000,0.0000,0.0000,nan,nan,nan,-9908.1322,-1391.0020,-268.7081,-9908.1322,-1391.0020,-268.7081,12.000,0,nan,nan
11.1220,106.5833,0,-9640.1023,-1525.3102,-301.6257,nan,nan,nan,0.9285,-0.3712,0.0000,0.3712,0.9285,-0.0000,-0.0000,0.0000,1.0000,0.0000,0.0000,0.0000,0.0000,-0.0000,0.0000,-9908.1304,-1391.0028,-268.7081,nan,nan,nan,0.8932,-0.4476,-0.0431,0.0385,-0.0193,0.9991,90.000,nan,nan,nan,0.0000,0.0000,0.0000,nan,nan,nan,-9908.1304,-1391.0028,-268.7081,-9908.1304,-1391.0028,-268.7081,12.000,0,nan,nan
11.1500,106.6167,0,-9640.1023,-1525.3102,-301.6257,nan,nan,nan,0.9285,-0.3712,0.0000,0.3712,0.9285,-0.0000,-0.0000,0.0000,1.0000,0.0000,0.0000,0.0000,0.0000,-0.0000,0.0000,-9908.1269,-1391.0042,-268.7081,nan,nan,nan,0.8932,-0.4476,-0.0431,0.0385,-0.0193,0.9991,90.000,nan,nan,nan,0.0000,0.0000,0.0000,nan,nan,nan,-9908.1269,-1391.0042,-268.7081,-9908.1269,-1391.0042,-268.7081,12.000,0,nan,nan
11.1750,106.6333,0,-9640.1023,-1525.3102,-301.6257,nan,nan,nan,0.9285,-0.3712,0.0000,0.3712,0.9285,-0.0000,-0.0000,0.0000,1.0000,0.0000,0.0000,0.0000,0.0000,-0.0000,0.0000,-9908.1253,-1391.0048,-268.7081,nan,nan,nan,0.8932,-0.4476,-0.0431,0.0385,-0.0193,0.9991,90.000,nan,nan,nan,0.0000,0.0000,0.0000,nan,nan,nan,-9908.1253,-1391.0048,-268.7081,-9908.1253,-1391.0048,-268.7081,12.000,0,nan,nan
11.2010,106.6667,0,-9640.1023,-1525.3102,-301.6257,nan,nan,nan,0.9285,-0.3712,0.0000,0.3712,0.9285,-0.0000,-0.0000,0.0000,1.0000,0.0000,0.0000,0.0000,0.0000,-0.0000,0.0000,-9908.1221,-1391.0061,-268.7081,nan,nan,nan,0.8932,-0.4476,-0.0431,0.0385,-0.0193,0.9991,90.000,nan,nan,nan,0.0000,0.0000,0.0000,nan,nan,nan,-9908.1221,-1391.0061,-268.7081,-9908.1221,-1391.0061,-268.7081,12.000,0,nan,nan
11.2260,106.7000,0,-9640.1023,-1525.3102,-301.6257,nan,nan,nan,0.9285,-0.3712,0.0000,0.3712,0.9285,-0.0000,-0.0000,0.0000,1.0000,0.0000,0.0000,0.0000,0.0000,-0.0000,0.0000,-9908.1192,-1391.0073,-268.7081,nan,nan,nan,0.8932,-0.4476,-0.0431,0.0385,-0.0193,0.9991,90.000,nan,nan,nan,0.0000,0.0000,0.0000,nan,nan,nan,-9908.1192,-1391.0073,-268.7081,-9908.1192,-1391.0073,-268.7081,12.000,0,nan,nan
11.2530,106.7167,0,-9640.1023,-1525.3102,-301.6257,nan,nan,nan,0.9285,-0.3712,0.0000,0.3712,0.9285,-0.0000,-0.0000,0.0000,1.0000,0.0000,0.0000,0.0000,0.0000,-0.0000,0.0000,-9908.1178,-1391.0078,-268.7081,nan,nan,nan,0.8932,-0.4476,-0.0431,0.0385,-0.0193,0.9991,90.000,nan,nan,nan,0.0000,0.0000,0.0000,nan,nan,nan,-9908.1178,-1391.0078,-268.7081,-9908.1178,-1391.0078,-268.7081,12.000,0,nan,nan
11.2780,106.7500,0,-9640.1023,-1525.3102,-301.6257,nan,nan,nan,0.9285,-0.3712,0.0000,0.3712,0.9285,-0.0000,-0.0000,0.0000,1.0000,0.0000,0.0000,0.0000,0.0000,-0.0000,0.0000,-9908.1150,-1391.0089,-268.7081,nan,nan,nan,0.8932,-0.4476,-0.0431,0.0385,-0.0193,0.9991,90.000,nan,nan,nan,0.0000,0.0000,0.0000,nan,nan,nan,-9908.1150,-1391.0089,-268.7081,-9908.1150,-1391.0089,-268.7081,12.000,0,nan,nan
11.3040,106.7667,0,-9640.1023,-1525.3102,-301.6257,nan,nan,nan,0.9285,-0.3712,0.0000,0.3712,0.9285,-0.0000,-0.0000,0.0000,1.0000,0.0000,0.0000,0.0000,0.0000,-0.0000,0.0000,-9908.1138,-1391.0094,-268.7081,nan,nan,nan,0.8932,-0.4476,-0.0431,0.0385,-0.0193,0.9991,90.000,nan,nan,nan,0.0000,0.0000,0.0000,nan,nan,nan,-9908.1138,-1391.0094,-268.7081,-9908.1138,-1391.0094,-268.7081,12.000,0,nan,nan
11.3290,106.8000,0,-9640.1023,-1525.3102,-301.6257,nan,nan,nan,0.9285,-0.3712,0.0000,0.3712,0.9285,-0.0000,-0.0000,0.0000,1.0000,0.0000,0.0000,0.0000,0.0000,-0.0000,0.0000,-9908.1113,-1391.0104,-268.7081,nan,nan,nan,0.8932,-0.4476,-0.0431,0.0385,-0.0193,0.9991,90.000,nan,nan,nan,0.0000,0.0000,0.0000,nan,nan,nan,-9908.1113,-1391.0104,-268.7081,-9908.1113,-1391.0104,-268.7081,12.000,0,nan,nan
11.3550,106.8167,0,-9640.1023,-1525.3102,-301.6257,nan,nan,nan,0.9285,-0.3712,0.0000,0.3712,0.9285,-0.0000,-0.0000,0.0000,1.0000,0.0000,0.0000,0.0000,0.0000,-0.0000,0.0000,-9908.1101,-1391.0109,-268.7081,nan,nan,nan,0.8932,-0.4476,-0.0431,0.0385,-0.0193,0.9991,90.000,nan,nan,nan,0.0000,0.0000,0.0000,nan,nan,nan,-9908.1101,-1391.0109,-268.7081,-9908.1101,-1391.0109,-268.7081,12.000,0,nan,nan
11.3820,106.8500,0,-9640.1023,-1525.3102,-301.6257,nan,nan,nan,0.9285,-0.3712,0.0000,0.3712,0.9285,-0.0000,-0.0000,0.0000,1.0000,0.0000,0.0000,0.0000,0.0000,-0.0000,0.0000,-9908.1078,-1391.0118,-268.7081,nan,nan,nan,0.8932,-0.4476,-0.0431,0.0385,-0.0193,0.9991,90.000,nan,nan,nan,0.0000,0.0000,0.0000,nan,nan,nan,-9908.1078,-1391.0118,-268.7081,-9908.1078,-1391.0118,-268.7081,12.000,0,nan,nan
11.4060,106.8667,0,-9640.1023,-1525.3102,-301.6257,nan,nan,nan,0.9285,-0.3712,0.0000,0.3712,0.9285,-0.0000,-0.0000,0.0000,1.0000,0.0000,0.0000,0.0000,0.0000,-0.0000,0.0000,-9908.1067,-1391.0122,-268.7081,nan,nan,nan,0.8932,-0.4476,-0.0431,0.0385,-0.0193,0.9991,90.000,nan,nan,nan,0.0000,0.0000,0.0000,nan,nan,nan,-9908.1067,-1391.0122,-268.7081,-9908.1067,-1391.0122,-268.7081,12.000,0,nan,nan
11.4330,106.9000,0,-9640.1023,-1525.3102,-301.6257,nan,nan,nan,0.9285,-0.3712,0.0000,0.3712,0.9285,-0.0000,-0.0000,0.0000,1.0000,0.0000,0.0000,0.0000,0.0000,-0.0000,0.0000,-9908.1046,-1391.0131,-268.7081,nan,nan,nan,0.8932,-0.4476,-0.0431,0.0385,-0.0193,0.9991,90.000,nan,nan,nan,0.0000,0.0000,0.0000,nan,nan,nan,-9908.1046,-1391.0131,-268.7081,-9908.1046,-1391.0131,-268.7081,12.000,0,nan,nan
11.4590,106.9167,0,-9640.1023,-1525.3102,-301.6257,nan,nan,nan,0.9285,-0.3712,0.0000,0.3712,0.9285,-0.0000,-0.0000,0.0000,1.0000,0.0000,0.0000,0.0000,0.0000,-0.0000,0.0000,-9908.1037,-1391.0135,-268.7081,nan,nan,nan,0.8932,-0.4476,-0.0431,0.0385,-0.0193,0.9991,90.000,nan,nan,nan,0.0000,0.0000,0.0000,nan,nan,nan,-9908.1037,-1391.0135,-268.7081,-9908.1037,-1391.0135,-268.7081,12.000,0,nan,nan
11.4850,106.9500,0,-9640.1023,-1525.3102,-301.6257,nan,nan,nan,0.9285,-0.3712,0.0000,0.3712,0.9285,-0.0000,-0.0000,0.0000,1.0000,0.0000,0.0000,0.0000,0.0000,-0.0000,0.0000,-9908.1017,-1391.0143,-268.7081,nan,nan,nan,0.8932,-0.4476,-0.0431,0.0385,-0.0193,0.9991,90.000,nan,nan,nan,0.0000,0.0000,0.0000,nan,nan,nan,-9908.1017,-1391.0143,-268.7081,-9908.1017,-1391.0143,-268.7081,12.000,0,nan,nan
11.5110,106.9833,0,-9640.1023,-1525.3102,-301.6257,nan,nan,nan,0.9285,-0.3712,0.0000,0.3712,0.9285,-0.0000,-0.0000,0.0000,1.0000,0.0000,0.0000,0.0000,0.0000,-0.0000,0.0000,-9908.0999,-1391.0150,-268.7081,nan,nan,nan,0.8932,-0.4476,-0.0431,0.0385,-0.0193,0.9991,90.000,nan,nan,nan,0.0000,0.0000,0.0000,nan,nan,nan,-9908.0999,-1391.0150,-268.7081,-9908.0999,-1391.0150,-268.7081,12.000,0,nan,nan
11.5360,107.0000,0,-9640.1023,-1525.3102,-301.6257,nan,nan,nan,0.9285,-0.3712,0.0000,0.3712,0.9285,-0.0000,-0.0000,0.0000,1.0000,0.0000,0.0000,0.0000,0.0000,-0.0000,0.0000,-9908.0991,-1391.0153,-268.7081,nan,nan,nan,0.8932,-0.4476,-0.0431,0.0385,-0.0193,0.9991,90.000,nan,nan,nan,0.0000,0.0000,0.0000,nan,nan,nan,-9908.0991,-1391.0153,-268.7081,-9908.0991,-1391.0153,-268.7081,12.000,0,nan,nan
11.5610,107.0333,0,-9640.1023,-1525.3102,-301.6257,nan,nan,nan,0.9285,-0.3712,0.0000,0.3712,0.9285,-0.0000,-0.0000,0.0000,1.0000,0.0000,0.0000,0.0000,0.0000,-0.0000,0.0000,-9908.0974,-1391.0160,-268.7081,nan,nan,nan,0.8932,-0.4476,-0.0431,0.0385,-0.0193,0.9991,90.000,nan,nan,nan,0.0000,0.0000,0.0000,nan,nan,nan,-9908.0974,-1391.0160,-268.7081,-9908.0974,-1391.0160,-268.7081,12.000,0,nan,nan
11.5880,107.0500,0,-9640.1023,-1525.3102,-301.6257,nan,nan,nan,0.9285,-0.3712,0.0000,0.3712,0.9285,-0.0000,-0.0000,0.0000,1.0000,0.0000,0.0000,0.0000,0.0000,-0.0000,0.0000,-9908.0966,-1391.0163,-268.7081,nan,nan,nan,0.8932,-0.4476,-0.0431,0.0385,-0.0193,0.9991,90.000,nan,nan,nan,0.0000,0.0000,0.0000,nan,nan,nan,-9908.0966,-1391.0163,-268.7081,-9908.0966,-1391.0163,-268.7081,12.000,0,nan,nan
11.6140,107.0833,0,-9640.1023,-1525.3102,-301.6257,nan,nan,nan,0.9285,-0.3712,0.0000,0.3712,0.9285,-0.0000,-0.0000,0.0000,1.0000,0.0000,0.0000,0.0000,0.0000,-0.0000,0.0000,-9908.0950,-1391.0169,-268.7081,nan,nan,nan,0.8932,-0.4476,-0.0431,0.0385,-0.0193,0.9991,90.000,nan,nan,nan,0.0000,0.0000,0.0000,nan,nan,nan,-9908.0950,-1391.0169,-268.7081,-9908.0950,-1391.0169,-268.7081,12.000,0,nan,nan
11.6380,107.1000,0,-9640.1023,-1525.3102,-301.6257,nan,nan,nan,0.9285,-0.3712,0.0000,0.3712,0.9285,-0.0000,-0.0000,0.0000,1.0000,0.0000,0.0000,0.0000,0.0000,-0.0000,0.0000,-9908.0943,-1391.0172,-268.7081,nan,nan,nan,0.8932,-0.4476,-0.0431,0.0385,-0.0193,0.9991,90.000,nan,nan,nan,0.0000,0.0000,0.0000,nan,nan,nan,-9908.0943,-1391.0172,-268.7081,-9908.0943,-1391.0172,-268.7081,12.000,0,nan,nan
11.6640,107.1333,0,-9640.1023,-1525.3102,-301.6257,nan,nan,nan,0.9285,-0.3712,0.0000,0.3712,0.9285,-0.0000,-0.0000,0.0000,1.0000,0.0000,0.0000,0.0000,0.0000,-0.0000,0.0000,-9908.0929,-1391.0178,-268.7081,nan,nan,nan,0.8932,-0.4476,-0.0431,0.0385,-0.0193,0.9991,90.000,nan,nan,nan,0.0000,0.0000,0.0000,nan,nan,nan,-9908.0929,-1391.0178,-268.7081,-9908.0929,-1391.0178,-268.7081,12.000,0,nan,nan
11.6910,107.1500,0,-9640.1023,-1525.3102,-301.6257,nan,nan,nan,0.9285,-0.3712,0.0000,0.3712,0.9285,-0.0000,-0.0000,0.0000,1.0000,0.0000,0.0000,0.0000,0.0000,-0.0000,0.0000,-9908.0922,-1391.0181,-268.7081,nan,nan,nan,0.8932,-0.4476,-0.0431,0.0385,-0.0193,0.9991,90.000,nan,nan,nan,0.0000,0.0000,0.0000,nan,nan,nan,-9908.0922,-1391.0181,-268.7081,-9908.0922,-1391.0181,-268.7081,12.000,0,nan,nan
11.7180,107.1833,0,-9640.1023,-1525.3102,-301.6257,nan,nan,nan,0.9285,-0.3712,0.0000,0.3712,0.9285,-0.0000,-0.0000,0.0000,1.0000,0.0000,0.0000,0.0000,0.0000,-0.0000,0.0000,-9908.0909,-1391.0186,-268.7081,nan,nan,nan,0.8932,-0.4476,-0.0431,0.0385,-0.0193,0.9991,90.000,nan,nan,nan,0.0000,0.0000,0.0000,nan,nan,nan,-9908.0909,-1391.0186,-268.7081,-9908.0909,-1391.0186,-268.7081,12.000,0,nan,nan
11.7430,107.2167,0,-9640.1023,-1525.3102,-301.6257,nan,nan,nan,0.9285,-0.3712,0.0000,0.3712,0.9285,-0.0000,-0.0000,0.0000,1.0000,0.0000,0.0000,0.0000,0.0000,-0.0000,0.0000,-9908.0896,-1391.0191,-268.7081,nan,nan,nan,0.8932,-0.4476,-0.0431,0.0385,-0.0193,0.9991,90.000,nan,nan,nan,0.0000,0.0000,0.0000,nan,nan,nan,-9908.0896,-1391.0191,-268.7081,-9908.0896,-1391.0191,-268.7081,12.000,0,nan,nan
11.7690,107.2333,0,-9640.1023,-1525.3102,-301.6257,nan,nan,nan,0.9285,-0.3712,0.0000,0.3712,0.9285,-0.0000,-0.0000,0.0000,1.0000,0.0000,0.0000,0.0000,0.0000,-0.0000,0.0000,-9908.0890,-1391.0193,-268.7081,nan,nan,nan,0.8932,-0.4476,-0.0431,0.0385,-0.0193,0.9991,90.000,nan,nan,nan,0.0000,0.0000,0.0000,nan,nan,nan,-9908.0890,-1391.0193,-268.7081,-9908.0890,-1391.0193,-268.7081,12.000,0,nan,nan
11.7950,107.2667,0,-9640.1023,-1525.3102,-301.6257,nan,nan,nan,0.9285,-0.3712,0.0000,0.3712,0.9285,-0.0000,-0.0000,0.0000,1.0000,0.0000,0.0000,0.0000,0.0000,-0.0000,0.0000,-9908.0879,-1391.0198,-268.7081,nan,nan,nan,0.8932,-0.4476,-0.0431,0.0385,-0.0193,0.9991,90.000,nan,nan,nan,0.0000,0.0000,0.0000,nan,nan,nan,-9908.0879,-1391.0198,-268.7081,-9908.0879,-1391.0198,-268.7081,12.000,0,nan,nan
11.8220,107.2833,0,-9640.1023,-1525.3102,-301.6257,nan,nan,nan,0.9285,-0.3712,0.0000,0.3712,0.9285,-0.0000,-0.0000,0.0000,1.0000,0.0000,0.0000,0.0000,0.0000,-0.0000,0.0000,-9908.0873,-1391.0200,-268.7081,nan,nan,nan,0.8932,-0.4476,-0.0431,0.0385,-0.0193,0.9991,90.000,nan,nan,nan,0.0000,0.0000,0.0000,nan,nan,nan,-9908.0873,-1391.0200,-268.7081,-9908.0873,-1391.0200,-268.7081,12.000,0,nan,nan
11.8480,107.3167,0,-9640.1023,-1525.3102,-301.6257,nan,nan,nan,0.9285,-0.3712,0.0000,0.3712,0.9285,-0.0000,-0.0000,0.0000,1.0000,0.0000,0.0000,0.0000,0.0000,-0.0000,0.0000,-9908.0863,-1391.0205,-268.7081,nan,nan,nan,0.8932,-0.4476,-0.0431,0.0385,-0.0193,0.9991,90.000,nan,nan,nan,0.0000,0.0000,0.0000,nan,nan,nan,-9908.0863,-1391.0205,-268.7081,-9908.0863,-1391.0205,-268.7081,12.000,0,nan,nan
11.8740,107.3333,0,-9640.1023,-1525.3102,-301.6257,nan,nan,nan,0.9285,-0.3712,0.0000,0.3712,0.9285,-0.0000,-0.0000,0.0000,1.0000,0.0000,0.0000,0.0000,0.0000,-0.0000,0.0000,-9908.0858,-1391.0207,-268.7081,nan,nan,nan,0.8932,-0.4476,-0.0431,0.0385,-0.0193,0.9991,90.000,nan,nan,nan,0.0000,0.0000,0.0000,nan,nan,nan,-9908.0858,-1391.0207,-268.7081,-9908.0858,-1391.0207,-268.7081,12.000,0,nan,nan
11.8990,107.3667,0,-9640.1023,-1525.3102,-301.6257,nan,nan,nan,0.9285,-0.3712,0.0000,0.3712,0.9285,-0.0000,-0.0000,0.0000,1.0000,0.0000,0.0000,0.0000,0.0000,-0.0000,0.0000,-9908.0848,-1391.0211,-268.7081,nan,nan,nan,0.8932,-0.4476,-0.0431,0.0385,-0.0193,0.9991,90.000,nan,nan,nan,0.0000,0.0000,0.0000,nan,nan,nan,-9908.0848,-1391.0211,-268.7081,-9908.0848,-1391.0211,-268.7081,12.000,0,nan,nan
11.9260,107.3833,0,-9640.1023,-1525.3102,-301.6257,nan,nan,nan,0.9285,-0.3712,0.0000,0.3712,0.9285,-0.0000,-0.0000,0.0000,1.0000,0.0000,0.0000,0.0000,0.0000,-0.0000,0.0000,-9908.0843,-1391.0213,-268.7081,nan,nan,nan,0.8932,-0.4476,-0.0431,0.0385,-0.0193,0.9991,90.000,nan,nan,nan,0.0000,0.0000,0.0000,nan,nan,nan,-9908.0843,-1391.0213,-268.7081,-9908.0843,-1391.0213,-268.7081,12.000,0,nan,nan
11.9530,107.4167,0,-9640.1023,-1525.3102,-301.6257,nan,nan,nan,0.9285,-0.3712,0.0000,0.3712,0.9285,-0.0000,-0.0000,0.0000,1.0000,0.0000,0.0000,0.0000,0.0000,-0.0000,0.0000,-9908.0834,-1391.0216,-268.7081,nan,nan,nan,0.8932,-0.4476,-0.0431,0.0385,-0.0193,0.9991,90.000,nan,nan,nan,0.0000,0.0000,0.0000,nan,nan,nan,-9908.0834,-1391.0216,-268.7081,-9908.0834,-1391.0216,-268.7081,12.000,0,nan,nan
11.9830,107.4500,0,-9640.1023,-1525.3102,-301.6257,nan,nan,nan,0.9285,-0.3712,0.0000,0.3712,0.9285,-0.0000,-0.0000,0.0000,1.0000,0.0000,0.0000,0.0000,0.0000,-0.0000,0.0000,-9908.0825,-1391.0220,-268.7081,nan,nan,nan,0.8932,-0.4476,-0.0431,0.0385,-0.0193,0.9991,90.000,nan,nan,nan,0.0000,0.0000,0.0000,nan,nan,nan,-9908.0825,-1391.0220,-268.7081,-9908.0825,-1391.0220,-268.7081,12.000,0,nan,nan
12.0090,107.4667,0,-9640.1023,-1525.3102,-301.6257,nan,nan,nan,0.9285,-0.3712,0.0000,0.3712,0.9285,-0.0000,-0.0000,0.0000,1.0000,0.0000,0.0000,0.0000,0.0000,-0.0000,0.0000,-9908.0821,-1391.0221,-268.7081,nan,nan,nan,0.8932,-0.4476,-0.0431,0.0385,-0.0193,0.9991,90.000,nan,nan,nan,0.0000,0.0000,0.0000,nan,nan,nan,-9908.0821,-1391.0221,-268.7081,-9908.0821,-1391.0221,-268.7081,12.000,0,nan,nan
12.0360,107.5000,0,-9640.1023,-1525.3102,-301.6257,nan,nan,nan,0.9285,-0.3712,0.0000,0.3712,0.9285,-0.0000,-0.0000,0.0000,1.0000,0.0000,0.0000,0.0000,0.0000,-0.0000,0.0000,-9908.0813,-1391.0225,-268.7081,nan,nan,nan,0.8932,-0.4476,-0.0431,0.0385,-0.0193,0.9991,90.000,nan,nan,nan,0.0000,0.0000,0.0000,nan,nan,nan,-9908.0813,-1391.0225,-268.7081,-9908.0813,-1391.0225,-268.7081,12.000,0,nan,nan
12.0610,107.5333,0,-9640.1023,-1525.3102,-301.6257,nan,nan,nan,0.9285,-0.3712,0.0000,0.3712,0.9285,-0.0000,-0.0000,0.0000,1.0000,0.0000,0.0000,0.0000,0.0000,-0.0000,0.0000,-9908.0805,-1391.0228,-268.7081,nan,nan,nan,0.8932,-0.4476,-0.0431,0.0385,-0.0193,0.9991,90.000,nan,nan,nan,0.0000,0.0000,0.0000,nan,nan,nan,-9908.0805,-1391.0228,-268.7081,-9908.0805,-1391.0228,-268.7081,12.000,0,nan,nan
12.0870,107.5500,0,-9640.1023,-1525.3102,-301.6257,nan,nan,nan,0.9285,-0.3712,0.0000,0.3712,0.9285,-0.0000,-0.0000,0.0000,1.0000,0.0000,0.0000,0.0000,0.0000,-0.0000,0.0000,-9908.0801,-1391.0229,-268.7081,nan,nan,nan,0.8932,-0.4476,-0.0431,0.0385,-0.0193,0.9991,90.000,nan,nan,nan,0.0000,0.0000,0.0000,nan,nan,nan,-9908.0801,-1391.0229,-268.7081,-9908.0801,-1391.0229,-268.7081,12.000,0,nan,nan
12.1140,107.5833,0,-9640.1023,-1525.3102,-301.6257,nan,nan,nan,0.9285,-0.3712,0.0000,0.3712,0.9285,-0.0000,-0.0000,0.0000,1.0000,0.0000,0.0000,0.0000,0.0000,-0.0000,0.0000,-9908.0794,-1391.0232,-268.7081,nan,nan,nan,0.8932,-0.4476,-0.0431,0.0385,-0.0193,0.9991,90.000,nan,nan,nan,0.0000,0.0000,0.0000,nan,nan,nan,-9908.0794,-1391.0232,-268.7081,-9908.0794,-1391.0232,-268.7081,12.000,0,nan,nan
12.1400,107.6000,0,-9640.1023,-1525.3102,-301.6257,nan,nan,nan,0.9285,-0.3712,0.0000,0.3712,0.9285,-0.0000,-0.0000,0.0000,1.0000,0.0000,0.0000,0.0000,0.0000,-0.0000,0.0000,-9908.0790,-1391.0234,-268.7081,nan,nan,nan,0.8932,-0.4476,-0.0431,0.0385,-0.0193,0.9991,90.000,nan,nan,nan,0.0000,0.0000,0.0000,nan,nan,nan,-9908.0790,-1391.0234,-268.7081,-9908.0790,-1391.0234,-268.7081,12.000,0,nan,nan
12.1660,107.6333,0,-9640.1023,-1525.3102,-301.6257,nan,nan,nan,0.9285,-0.3712,0.0000,0.3712,0.9285,-0.0000,-0.0000,0.0000,1.0000,0.0000,0.0000,0.0000,0.0000,-0.0000,0.0000,-9908.0784,-1391.0236,-268.7081,nan,nan,nan,0.8932,-0.4476,-0.0431,0.0385,-0.0193,0.9991,90.000,nan,nan,nan,0.0000,0.0000,0.0000,nan,nan,nan,-9908.0784,-1391.0236,-268.7081,-9908.0784,-1391.0236,-268.7081,12.000,0,nan,nan
12.1910,107.6500,0,-9640.1023,-1525.3102,-301.6257,nan,nan,nan,0.9285,-0.3712,0.0000,0.3712,0.9285,-0.0000,-0.0000,0.0000,1.0000,0.0000,0.0000,0.0000,0.0000,-0.0000,0.0000,-9908.0780,-1391.0238,-268.7081,nan,nan,nan,0.8932,-0.4476,-0.0431,0.0385,-0.0193,0.9991,90.000,nan,nan,nan,0.0000,0.0000,0.0000,nan,nan,nan,-9908.0780,-1391.0238,-268.7081,-9908.0780,-1391.0238,-268.7081,12.000,0,nan,nan
12.2170,107.6833,0,-9640.1023,-1525.3102,-301.6257,nan,nan,nan,0.9285,-0.3712,0.0000,0.3712,0.9285,-0.0000,-0.0000,0.0000,1.0000,0.0000,0.0000,0.0000,0.0000,-0.0000,0.0000,-9908.0774,-1391.0240,-268.7081,nan,nan,nan,0.8932,-0.4476,-0.0431,0.0385,-0.0193,0.9991,90.000,nan,nan,nan,0.0000,0.0000,0.0000,nan,nan,nan,-9908.0774,-1391.0240,-268.7081,-9908.0774,-1391.0240,-268.7081,12.000,0,nan,nan
12.2430,107.7000,0,-9640.1023,-1525.3102,-301.6257,nan,nan,nan,0.9285,-0.3712,0.0000,0.3712,0.9285,-0.0000,-0.0000,0.0000,1.0000,0.0000,0.0000,0.0000,0.0000,-0.0000,0.0000,-9908.0771,-1391.0241,-268.7081,nan,nan,nan,0.8932,-0.4476,-0.0431,0.0385,-0.0193,0.9991,90.000,nan,nan,nan,0.0000,0.0000,0.0000,nan,nan,nan,-9908.0771,-1391.0241,-268.7081,-9908.0771,-1391.0241,-268.7081,12.000,0,nan,nan
12.2680,107.7333,0,-9640.1023,-1525.3102,-301.6257,nan,nan,nan,0.9285,-0.3712,0.0000,0.3712,0.9285,-0.0000,-0.0000,0.0000,1.0000,0.0000,0.0000,0.0000,0.0000,-0.0000,0.0000,-9908.0765,-1391.0244,-268.7081,nan,nan,nan,0.8932,-0.4476,-0.0431,0.0385,-0.0193,0.9991,90.000,nan,nan,nan,0.0000,0.0000,0.0000,nan,nan,nan,-9908.0765,-1391.0244,-268.7081,-9908.0765,-1391.0244,-268.7081,12.000,0,nan,nan
12.2950,107.7667,0,-9640.1023,-1525.3102,-301.6257,nan,nan,nan,0.9285,-0.3712,0.0000,0.3712,0.9285,-0.0000,-0.0000,0.0000,1.0000,0.0000,0.0000,0.0000,0.0000,-0.0000,0.0000,-9908.0760,-1391.0246,-268.7081,nan,nan,nan,0.8932,-0.4476,-0.0431,0.0385,-0.0193,0.9991,90.000,nan,nan,nan,0.0000,0.0000,0.0000,nan,nan,nan,-9908.0760,-1391.0246,-268.7081,-9908.0760,-1391.0246,-268.7081,12.000,0,nan,nan
12.3210,107.7833,0,-9640.1023,-1525.3102,-301.6257,nan,nan,nan,0.9285,-0.3712,0.0000,0.3712,0.9285,-0.0000,-0.0000,0.0000,1.0000,0.0000,0.0000,0.0000,0.0000,-0.0000,0.0000,-9908.0757,-1391.0247,-268.7081,nan,nan,nan,0.8932,-0.4476,-0.0431,0.0385,-0.0193,0.9991,90.000,nan,nan,nan,0.0000,0.0000,0.0000,nan,nan,nan,-9908.0757,-1391.0247,-268.7081,-9908.0757,-1391.0247,-268.7081,12.000,0,nan,nan
12.3460,107.8167,0,-9640.1023,-1525.3102,-301.6257,nan,nan,nan,0.9285,-0.3712,0.0000,0.3712,0.9285,-0.0000,-0.0000,0.0000,1.0000,0.0000,0.0000,0.0000,0.0000,-0.0000,0.0000,-9908.0752,-1391.0249,-268.7081,nan,nan,nan,0.8932,-0.4476,-0.0431,0.0385,-0.0193,0.9991,90.000,nan,nan,nan,0.0000,0.0000,0.0000,nan,nan,nan,-9908.0752,-1391.0249,-268.7081,-9908.0752,-1391.0249,-268.7081,12.000,0,nan,nan
12.3720,107.8333,0,-9640.1023,-1525.3102,-301.6257,nan,nan,nan,0.9285,-0.3712,0.0000,0.3712,0.9285,-0.0000,-0.0000,0.0000,1.0000,0.0000,0.0000,0.0000,0.0000,-0.0000,0.0000,-9908.0749,-1391.0250,-268.7081,nan,nan,nan,0.8932,-0.4476,-0.0431,0.0385,-0.0193,0.9991,90.000,nan,nan,nan,0.0000,0.0000,0.0000,nan,nan,nan,-9908.0749,-1391.0250,-268.7081,-9908.0749,-1391.0250,-268.7081,12.000,0,nan,nan
12.3980,107.8667,0,-9640.1023,-1525.3102,-301.6257,nan,nan,nan,0.9285,-0.3712,0.0000,0.3712,0.9285,-0.0000,-0.0000,0.0000,1.0000,0.0000,0.0000,0.0000,0.0000,-0.0000,0.0000,-9908.0744,-1391.0252,-268.7081,nan,nan,nan,0.8932,-0.4476,-0.0431,0.0385,-0.0193,0.9991,90.000,nan,nan,nan,0.0000,0.0000,0.0000,nan,nan,nan,-9908.0744,-1391.0252,-268.7081,-9908.0744,-1391.0252,-268.7081,12.000,0,nan,nan
12.4250,107.8833,0,-9640.1023,-1525.3102,-301.6257,nan,nan,nan,0.9285,-0.3712,0.0000,0.3712,0.9285,-0.0000,-0.0000,0.0000,1.0000,0.0000,0.0000,0.0000,0.0000,-0.0000,0.0000,-9908.0742,-1391.0253,-268.7081,nan,nan,nan,0.8932,-0.4476,-0.0431,0.0385,-0.0193,0.9991,90.000,nan,nan,nan,0.0000,0.0000,0.0000,nan,nan,nan,-9908.0742,-1391.0253,-268.7081,-9908.0742,-1391.0253,-268.7081,12.000,0,nan,nan
12.4500,107.9167,0,-9640.1023,-1525.3102,-301.6257,nan,nan,nan,0.9285,-0.3712,0.0000,0.3712,0.9285,-0.0000,-0.0000,0.0000,1.0000,0.0000,0.0000,0.0000,0.0000,-0.0000,0.0000,-9908.0737,-1391.0255,-268.7081,nan,nan,nan,0.8932,-0.4476,-0.0431,0.0385,-0.0193,0.9991,90.000,nan,nan,nan,0.0000,0.0000,0.0000,nan,nan,nan,-9908.0737,-1391.0255,-268.7081,-9908.0737,-1391.0255,-268.7081,12.000,0,nan,nan
12.4760,107.9333,0,-9640.1023,-1525.3102,-301.6257,nan,nan,nan,0.9285,-0.3712,0.0000,0.3712,0.9285,-0.0000,-0.0000,0.0000,1.0000,0.0000,0.0000,0.0000,0.0000,-0.0000,0.0000,-9908.0735,-1391.0256,-268.7081,nan,nan,nan,0.8932,-0.4476,-0.0431,0.0385,-0.0193,0.9991,90.000,nan,nan,nan,0.0000,0.0000,0.0000,nan,nan,nan,-9908.0735,-1391.0256,-268.7081,-9908.0735,-1391.0256,-268.7081,12.000,0,nan,nan
12.5030,107.9667,0,-9640.1023,-1525.3102,-301.6257,nan,nan,nan,0.9285,-0.3712,0.0000,0.3712,0.9285,-0.0000,-0.0000,0.0000,1.0000,0.0000,0.0000,0.0000,0.0000,-0.0000,0.0000,-9908.0731,-1391.0257,-268.7081,nan,nan,nan,0.8932,-0.4476,-0.0431,0.0385,-0.0193,0.9991,90.000,nan,nan,nan,0.0000,0.0000,0.0000,nan,nan,nan,-9908.0731,-1391.0257,-268.7081,-9908.0731,-1391.0257,-268.7081,12.000,0,nan,nan
12.5300,108.0000,0,-9640.1023,-1525.3102,-301.6257,nan,nan,nan,0.9285,-0.3712,0.0000,0.3712,0.9285,-0.0000,-0.0000,0.0000,1.0000,0.0000,0.0000,0.0000,0.0000,-0.0000,0.0000,-9908.0727,-1391.0259,-268.7081,nan,nan,nan,0.8932,-0.4476,-0.0431,0.0385,-0.0193,0.9991,90.000,nan,nan,nan,0.0000,0.0000,0.0000,nan,nan,nan,-9908.0727,-1391.0259,-268.7081,-9908.0727,-1391.0259,-268.7081,12.000,0,nan,nan
12.5550,108.0167,0,-9640.1023,-1525.3102,-301.6257,nan,nan,nan,0.9285,-0.3712,0.0000,0.3712,0.9285,-0.0000,-0.0000,0.0000,1.0000,0.0000,0.0000,0.0000,0.0000,-0.0000,0.0000,-9908.0725,-1391.0260,-268.7081,nan,nan,nan,0.8932,-0.4476,-0.0431,0.0385,-0.0193,0.9991,90.000,nan,nan,nan,0.0000,0.0000,0.0000,nan,nan,nan,-9908.0725,-1391.0260,-268.7081,-9908.0725,-1391.0260,-268.7081,12.000,0,nan,nan
12.5800,108.0500,0,-9640.1023,-1525.3102,-301.6257,nan,nan,nan,0.9285,-0.3712,0.0000,0.3712,0.9285,-0.0000,-0.0000,0.0000,1.0000,0.0000,0.0000,0.0000,0.0000,-0.0000,0.0000,-9908.0721,-1391.0261,-268.7081,nan,nan,nan,0.8932,-0.4476,-0.0431,0.0385,-0.0193,0.9991,90.000,nan,nan,nan,0.0000,0.0000,0.0000,nan,nan,nan,-9908.0721,-1391.0261,-268.7081,-9908.0721,-1391.0261,-268.7081,12.000,0,nan,nan
12.6070,108.0667,0,-9640.1023,-1525.3102,-301.6257,nan,nan,nan,0.9285,-0.3712,0.0000,0.3712,0.9285,-0.0000,-0.0000,0.0000,1.0000,0.0000,0.0000,0.0000,0.0000,-0.0000,0.0000,-9908.0719,-1391.0262,-268.7081,nan,nan,nan,0.8932,-0.4476,-0.0431,0.0385,-0.0193,0.9991,90.000,nan,nan,nan,0.0000,0.0000,0.0000,nan,nan,nan,-9908.0719,-1391.0262,-268.7081,-9908.0719,-1391.0262,-268.7081,12.000,0,nan,nan
12.6320,108.1000,0,-9640.1023,-1525.3102,-301.6257,nan,nan,nan,0.9285,-0.3712,0.0000,0.3712,0.9285,-0.0000,-0.0000,0.0000,1.0000,0.0000,0.0000,0.0000,0.0000,-0.0000,0.0000,-9908.0715,-1391.0264,-268.7081,nan,nan,nan,0.8932,-0.4476,-0.0431,0.0385,-0.0193,0.9991,90.000,nan,nan,nan,0.0000,0.0000,0.0000,nan,nan,nan,-9908.0715,-1391.0264,-268.7081,-9908.0715,-1391.0264,-268.7081,12.000,0,nan,nan
12.6590,108.1167,0,-9640.1023,-1525.3102,-301.6257,nan,nan,nan,0.9285,-0.3712,0.0000,0.3712,0.9285,-0.0000,-0.0000,0.0000,1.0000,0.0000,0.0000,0.0000,0.0000,-0.0000,0.0000,-9908.0714,-1391.0264,-268.7081,nan,nan,nan,0.8932,-0.4476,-0.0431,0.0385,-0.0193,0.9991,90.000,nan,nan,nan,0.0000,0.0000,0.0000,nan,nan,nan,-9908.0714,-1391.0264,-268.7081,-9908.0714,-1391.0264,-268.7081,12.000,0,nan,nan
12.6840,108.1500,0,-9640.1023,-1525.3102,-301.6257,nan,nan,nan,0.9285,-0.3712,0.0000,0.3712,0.9285,-0.0000,-0.0000,0.0000,1.0000,0.0000,0.0000,0.0000,0.0000,-0.0000,0.0000,-9908.0710,-1391.0266,-268.7081,nan,nan,nan,0.8932,-0.4476,-0.0431,0.0385,-0.0193,0.9991,90.000,nan,nan,nan,0.0000,0.0000,0.0000,nan,nan,nan,-9908.0710,-1391.0266,-268.7081,-9908.0710,-1391.0266,-268.7081,12.000,0,nan,nan
12.7100,108.1667,0,-9640.1023,-1525.3102,-301.6257,nan,nan,nan,0.9285,-0.3712,0.0000,0.3712,0.9285,-0.0000,-0.0000,0.0000,1.0000,0.0000,0.0000,0.0000,0.0000,-0.0000,0.0000,-9908.0709,-1391.0266,-268.7081,nan,nan,nan,0.8932,-0.4476,-0.0431,0.0385,-0.0193,0.9991,90.000,nan,nan,nan,0.0000,0.0000,0.0000,nan,nan,nan,-9908.0709,-1391.0266,-268.7081,-9908.0709,-1391.0266,-268.7081,12.000,0,nan,nan
12.7360,108.2000,0,-9640.1023,-1525.3102,-301.6257,nan,nan,nan,0.9285,-0.3712,0.0000,0.3712,0.9285,-0.0000,-0.0000,0.0000,1.0000,0.0000,0.0000,0.0000,0.0000,-0.0000,0.0000,-9908.0705,-1391.0268,-268.7081,nan,nan,nan,0.8932,-0.4476,-0.0431,0.0385,-0.0193,0.9991,90.000,nan,nan,nan,0.0000,0.0000,0.0000,nan,nan,nan,-9908.0705,-1391.0268,-268.7081,-9908.0705,-1391.0268,-268.7081,12.000,0,nan,nan
12.7610,108.2333,0,-9640.1023,-1525.3102,-301.6257,nan,nan,nan,0.9285,-0.3712,0.0000,0.3712,0.9285,-0.0000,-0.0000,0.0000,1.0000,0.0000,0.0000,0.0000,0.0000,-0.0000,0.0000,-9908.0702,-1391.0269,-268.7081,nan,nan,nan,0.8932,-0.4476,-0.0431,0.0385,-0.0193,0.9991,90.000,nan,nan,nan,0.0000,0.0000,0.0000,nan,nan,nan,-9908.0702,-1391.0269,-268.7081,-9908.0702,-1391.0269,-268.7081,12.000,0,nan,nan
12.7880,108.2500,0,-9640.1023,-1525.3102,-301.6257,nan,nan,nan,0.9285,-0.3712,0.0000,0.3712,0.9285,-0.0000,-0.0000,0.0000,1.0000,0.0000,0.0000,0.0000,0.0000,-0.0000,0.0000,-9908.0701,-1391.0269,-268.7081,nan,nan,nan,0.8932,-0.4476,-0.0431,0.0385,-0.0193,0.9991,90.000,nan,nan,nan,0.0000,0.0000,0.0000,nan,nan,nan,-9908.0701,-1391.0269,-268.7081,-9908.0701,-1391.0269,-268.7081,12.000,0,nan,nan
12.8140,108.2833,0,-9640.1023,-1525.3102,-301.6257,nan,nan,nan,0.9285,-0.3712,0.0000,0.3712,0.9285,-0.0000,-0.0000,0.0000,1.0000,0.0000,0.0000,0.0000,0.0000,-0.0000,0.0000,-9908.0698,-1391.0271,-268.7081,nan,nan,nan,0.8932,-0.4476,-0.0431,0.0385,-0.0193,0.9991,90.000,nan,nan,nan,0.0000,0.0000,0.0000,nan,nan,nan,-9908.0698,-1391.0271,-268.7081,-9908.0698,-1391.0271,-268.7081,12.000,0,nan,nan
12.8400,108.3000,0,-9640.1023,-1525.3102,-301.6257,nan,nan,nan,0.9285,-0.3712,0.0000,0.3712,0.9285,-0.0000,-0.0000,0.0000,1.0000,0.0000,0.0000,0.0000,0.0000,-0.0000,0.0000,-9908.0697,-1391.0271,-268.7081,nan,nan,nan,0.8932,-0.4476,-0.0431,0.0385,-0.0193,0.9991,90.000,nan,nan,nan,0.0000,0.0000,0.0000,nan,nan,nan,-9908.0697,-1391.0271,-268.7081,-9908.0697,-1391.0271,-268.7081,12.000,0,nan,nan
12.8650,108.3333,0,-9640.1023,-1525.3102,-301.6257,nan,nan,nan,0.9285,-0.3712,0.0000,0.3712,0.9285,-0.0000,-0.0000,0.0000,1.0000,0.0000,0.0000,0.0000,0.0000,-0.0000,0.0000,-9908.0694,-1391.0272,-268.7081,nan,nan,nan,0.8932,-0.4476,-0.0431,0.0385,-0.0193,0.9991,90.000,nan,nan,nan,0.0000,0.0000,0.0000,nan,nan,nan,-9908.0694,-1391.0272,-268.7081,-9908.0694,-1391.0272,-268.7081,12.000,0,nan,nan
12.8920,108.3500,0,-9640.1023,-1525.3102,-301.6257,nan,nan,nan,0.9285,-0.3712,0.0000,0.3712,0.9285,-0.0000,-0.0000,0.0000,1.0000,0.0000,0.0000,0.0000,0.0000,-0.0000,0.0000,-9908.0692,-1391.0273,-268.7081,nan,nan,nan,0.8932,-0.4476,-0.0431,0.0385,-0.0193,0.9991,90.000,nan,nan,nan,0.0000,0.0000,0.0000,nan,nan,nan,-9908.0692,-1391.0273,-268.7081,-9908.0692,-1391.0273,-268.7081,12.000,0,nan,nan
12.9180,108.3833,0,-9640.1023,-1525.3102,-301.6257,nan,nan,nan,0.9285,-0.3712,0.0000,0.3712,0.9285,-0.0000,-0.0000,0.0000,1.0000,0.0000,0.0000,0.0000,0.0000,-0.0000,0.0000,-9908.0690,-1391.0274,-268.7081,nan,nan,nan,0.8932,-0.4476,-0.0431,0.0385,-0.0193,0.9991,90.000,nan,nan,nan,0.0000,0.0000,0.0000,nan,nan,nan,-9908.0690,-1391.0274,-268.7081,-9908.0690,-1391.0274,-268.7081,12.000,0,nan,nan
12.9450,108.4167,0,-9640.1023,-1525.3102,-301.6257,nan,nan,nan,0.9285,-0.3712,0.0000,0.3712,0.9285,-0.0000,-0.0000,0.0000,1.0000,0.0000,0.0000,0.0000,0.0000,-0.0000,0.0000,-9908.0687,-1391.0275,-268.7081,nan,nan,nan,0.8932,-0.4476,-0.0431,0.0385,-0.0193,0.9991,90.000,nan,nan,nan,0.0000,0.0000,0.0000,nan,nan,nan,-9908.0687,-1391.0275,-268.7081,-9908.0687,-1391.0275,-268.7081,12.000,0,nan,nan
12.9710,108.4333,0,-9640.1023,-1525.3102,-301.6257,nan,nan,nan,0.9285,-0.3712,0.0000,0.3712,0.9285,-0.0000,-0.0000,0.0000,1.0000,0.0000,0.0000,0.0000,0.0000,-0.0000,0.0000,-9908.0686,-1391.0275,-268.7081,nan,nan,nan,0.8932,-0.4476,-0.0431,0.0385,-0.0193,0.9991,90.000,nan,nan,nan,0.0000,0.0000,0.0000,nan,nan,nan,-9908.0686,-1391.0275,-268.7081,-9908.0686,-1391.0275,-268.7081,12.000,0,nan,nan
12.9960,108.4667,0,-9640.1023,-1525.3102,-301.6257,nan,nan,nan,0.9285,-0.3712,0.0000,0.3712,0.9285,-0.0000,-0.0000,0.0000,1.0000,0.0000,0.0000,0.0000,0.0000,-0.0000,0.0000,-9908.0684,-1391.0276,-268.7081,nan,nan,nan,0.8932,-0.4476,-0.0431,0.0385,-0.0193,0.9991,90.000,nan,nan,nan,0.0000,0.0000,0.0000,nan,nan,nan,-9908.0684,-1391.0276,-268.7081,-9908.0684,-1391.0276,-268.7081,12.000,0,nan,nan
13.0230,108.4833,0,-9640.1023,-1525.3102,-301.6257,nan,nan,nan,0.9285,-0.3712,0.0000,0.3712,0.9285,-0.0000,-0.0000,0.0000,1.0000,0.0000,0.0000,0.0000,0.0000,-0.0000,0.0000,-9908.0683,-1391.0277,-268.7081,nan,nan,nan,0.8932,-0.4476,-0.0431,0.0385,-0.0193,0.9991,90.000,nan,nan,nan,0.0000,0.0000,0.0000,nan,nan,nan,-9908.0683,-1391.0277,-268.7081,-9908.0683,-1391.0277,-268.7081,12.000,0,nan,nan
13.0490,108.5167,0,-9640.1023,-1525.3102,-301.6257,nan,nan,nan,0.9285,-0.3712,0.0000,0.3712,0.9285,-0.0000,-0.0000,0.0000,1.0000,0.0000,0.0000,0.0000,0.0000,-0.0000,0.0000,-9908.0681,-1391.0278,-268.7081,nan,nan,nan,0.8932,-0.4476,-0.0431,0.0385,-0.0193,0.9991,90.000,nan,nan,nan,0.0000,0.0000,0.0000,nan,nan,nan,-9908.0681,-1391.0278,-268.7081,-9908.0681,-1391.0278,-268.7081,12.000,0,nan,nan
13.0740,108.5333,0,-9640.1023,-1525.3102,-301.6257,nan,nan,nan,0.9285,-0.3712,0.0000,0.3712,0.9285,-0.0000,-0.0000,0.0000,1.0000,0.0000,0.0000,0.0000,0.0000,-0.0000,0.0000,-9908.0680,-1391.0278,-268.7081,nan,nan,nan,0.8932,-0.4476,-0.0431,0.0385,-0.0193,0.9991,90.000,nan,nan,nan,0.0000,0.0000,0.0000,nan,nan,nan,-9908.0680,-1391.0278,-268.7081,-9908.0680,-1391.0278,-268.7081,12.000,0,nan,nan
13.1010,108.5667,0,-9640.1023,-1525.3102,-301.6257,nan,nan,nan,0.9285,-0.3712,0.0000,0.3712,0.9285,-0.0000,-0.0000,0.0000,1.0000,0.0000,0.0000,0.0000,0.0000,-0.0000,0.0000,-9908.0678,-1391.0279,-268.7081,nan,nan,nan,0.8932,-0.4476,-0.0431,0.0385,-0.0193,0.9991,90.000,nan,nan,nan,0.0000,0.0000,0.0000,nan,nan,nan,-9908.0678,-1391.0279,-268.7081,-9908.0678,-1391.0279,-268.7081,12.000,0,nan,nan
13.1260,108.5833,0,-9640.1023,-1525.3102,-301.6257,nan,nan,nan,0.9285,-0.3712,0.0000,0.3712,0.9285,-0.0000,-0.0000,0.0000,1.0000,0.0000,0.0000,0.0000,0.0000,-0.0000,0.0000,-9908.0678,-1391.0279,-268.7081,nan,nan,nan,0.8932,-0.4476,-0.0431,0.0385,-0.0193,0.9991,90.000,nan,nan,nan,0.0000,0.0000,0.0000,nan,nan,nan,-9908.0678,-1391.0279,-268.7081,-9908.0678,-1391.0279,-268.7081,12.000,0,nan,nan
13.1520,108.6167,0,-9640.1023,-1525.3102,-301.6257,nan,nan,nan,0.9285,-0.3712,0.0000,0.3712,0.9285,-0.0000,-0.0000,0.0000,1.0000,0.0000,0.0000,0.0000,0.0000,-0.0000,0.0000,-9908.0675,-1391.0280,-268.7081,nan,nan,nan,0.8932,-0.4476,-0.0431,0.0385,-0.0193,0.9991,90.000,nan,nan,nan,0.0000,0.0000,0.0000,nan,nan,nan,-9908.0675,-1391.0280,-268.7081,-9908.0675,-1391.0280,-268.7081,12.000,0,nan,nan
13.1770,108.6500,0,-9640.1023,-1525.3102,-301.6257,nan,nan,nan,0.9285,-0.3712,0.0000,0.3712,0.9285,-0.0000,-0.0000,0.0000,1.0000,0.0000,0.0000,0.0000,0.0000,-0.0000,0.0000,-9908.0673,-1391.0281,-268.7081,nan,nan,nan,0.8932,-0.4476,-0.0431,0.0385,-0.0193,0.9991,90.000,nan,nan,nan,0.0000,0.0000,0.0000,nan,nan,nan,-9908.0673,-1391.0281,-268.7081,-9908.0673,-1391.0281,-268.7081,12.000,0,nan,nan
13.2040,108.6667,0,-9640.1023,-1525.3102,-301.6257,nan,nan,nan,0.9285,-0.3712,0.0000,0.3712,0.9285,-0.0000,-0.0000,0.0000,1.0000,0.0000,0.0000,0.0000,0.0000,-0.0000,0.0000,-9908.0673,-1391.0281,-268.7081,nan,nan,nan,0.8932,-0.4476,-0.0431,0.0385,-0.0193,0.9991,90.000,nan,nan,nan,0.0000,0.0000,0.0000,nan,nan,nan,-9908.0673,-1391.0281,-268.7081,-9908.0673,-1391.0281,-268.7081,12.000,0,nan,nan
13.2300,108.7000,0,-9640.1023,-1525.3102,-301.6257,nan,nan,nan,0.9285,-0.3712,0.0000,0.3712,0.9285,-0.0000,-0.0000,0.0000,1.0000,0.0000,0.0000,0.0000,0.0000,-0.0000,0.0000,-9908.0670,-1391.0282,-268.7081,nan,nan,nan,0.8932,-0.4476,-0.0431,0.0385,-0.0193,0.9991,90.000,nan,nan,nan,0.0000,0.0000,0.0000,nan,nan,nan,-9908.0670,-1391.0282,-268.7081,-9908.0670,-1391.0282,-268.7081,12.000,0,nan,nan
13.2570,108.7167,0,-9640.1023,-1525.3102,-301.6257,nan,nan,nan,0.9285,-0.3712,0.0000,0.3712,0.9285,-0.0000,-0.0000,0.0000,1.0000,0.0000,0.0000,0.0000,0.0000,-0.0000,0.0000,-9908.0670,-1391.0282,-268.7081,nan,nan,nan,0.8932,-0.4476,-0.0431,0.0385,-0.0193,0.9991,90.000,nan,nan,nan,0.0000,0.0000,0.0000,nan,nan,nan,-9908.0670,-1391.0282,-268.7081,-9908.0670,-1391.0282,-268.7081,12.000,0,nan,nan
13.2820,108.7500,0,-9640.1023,-1525.3102,-301.6257,nan,nan,nan,0.9285,-0.3712,0.0000,0.3712,0.9285,-0.0000,-0.0000,0.0000,1.0000,0.0000,0.0000,0.0000,0.0000,-0.0000,0.0000,-9908.0667,-1391.0283,-268.7081,nan,nan,nan,0.8932,-0.4476,-0.0431,0.0385,-0.0193,0.9991,90.000,nan,nan,nan,0.0000,0.0000,0.0000,nan,nan,nan,-9908.0667,-1391.0283,-268.7081,-9908.0667,-1391.0283,-268.7081,12.000,0,nan,nan
13.3090,108.7667,0,-9640.1023,-1525.3102,-301.6257,nan,nan,nan,0.9285,-0.3712,0.0000,0.3712,0.9285,-0.0000,-0.0000,0.0000,1.0000,0.0000,0.0000,0.0000,0.0000,-0.0000,0.0000,-9908.0667,-1391.0283,-268.7081,nan,nan,nan,0.8932,-0.4476,-0.0431,0.0385,-0.0193,0.9991,90.000,nan,nan,nan,0.0000,0.0000,0.0000,nan,nan,nan,-9908.0667,-1391.0283,-268.7081,-9908.0667,-1391.0283,-268.7081,12.000,0,nan,nan
13.3360,108.8000,0,-9640.1023,-1525.3102,-301.6257,nan,nan,nan,0.9285,-0.3712,0.0000,0.3712,0.9285,-0.0000,-0.0000,0.0000,1.0000,0.0000,0.0000,0.0000,0.0000,-0.0000,0.0000,-9908.0665,-1391.0284,-268.7081,nan,nan,nan,0.8932,-0.4476,-0.0431,0.0385,-0.0193,0.9991,90.000,nan,nan,nan,0.0000,0.0000,0.0000,nan,nan,nan,-9908.0665,-1391.0284,-268.7081,-9908.0665,-1391.0284,-268.7081,12.000,0,nan,nan
13.3620,108.8333,0,-9640.1023,-1525.3102,-301.6257,nan,nan,nan,0.9285,-0.3712,0.0000,0.3712,0.9285,-0.0000,-0.0000,0.0000,1.0000,0.0000,0.0000,0.0000,0.0000,-0.0000,0.0000,-9908.0664,-1391.0284,-268.7081,nan,nan,nan,0.8932,-0.4476,-0.0431,0.0385,-0.0193,0.9991,90.000,nan,nan,nan,0.0000,0.0000,0.0000,nan,nan,nan,-9908.0664,-1391.0284,-268.7081,-9908.0664,-1391.0284,-268.7081,12.000,0,nan,nan
13.3880,108.8500,0,-9640.1023,-1525.3102,-301.6257,nan,nan,nan,0.9285,-0.3712,0.0000,0.3712,0.9285,-0.0000,-0.0000,0.0000,1.0000,0.0000,0.0000,0.0000,0.0000,-0.0000,0.0000,-9908.0664,-1391.0284,-268.7081,nan,nan,nan,0.8932,-0.4476,-0.0431,0.0385,-0.0193,0.9991,90.000,nan,nan,nan,0.0000,0.0000,0.0000,nan,nan,nan,-9908.0664,-1391.0284,-268.7081,-9908.0664,-1391.0284,-268.7081,12.000,0,nan,nan
13.4140,108.8833,0,-9640.1023,-1525.3102,-301.6257,nan,nan,nan,0.9285,-0.3712,0.0000,0.3712,0.9285,-0.0000,-0.0000,0.0000,1.0000,0.0000,0.0000,0.0000,0.0000,-0.0000,0.0000,-9908.0661,-1391.0285,-268.7081,nan,nan,nan,0.8932,-0.4476,-0.0431,0.0385,-0.0193,0.9991,90.000,nan,nan,nan,0.0000,0.0000,0.0000,nan,nan,nan,-9908.0661,-1391.0285,-268.7081,-9908.0661,-1391.0285,-268.7081,12.000,0,nan,nan
13.4410,108.9000,0,-9640.1023,-1525.3102,-301.6257,nan,nan,nan,0.9285,-0.3712,0.0000,0.3712,0.9285,-0.0000,-0.0000,0.0000,1.0000,0.0000,0.0000,0.0000,0.0000,-0.0000,0.0000,-9908.0661,-1391.0285,-268.7081,nan,nan,nan,0.8932,-0.4476,-0.0431,0.0385,-0.0193,0.9991,90.000,nan,nan,nan,0.0000,0.0000,0.0000,nan,nan,nan,-9908.0661,-1391.0285,-268.7081,-9908.0661,-1391.0285,-268.7081,12.000,0,nan,nan
13.4680,108.9333,0,-9640.1023,-1525.3102,-301.6257,nan,nan,nan,0.9285,-0.3712,0.0000,0.3712,0.9285,-0.0000,-0.0000,0.0000,1.0000,0.0000,0.0000,0.0000,0.0000,-0.0000,0.0000,-9908.0659,-1391.0286,-268.7081,nan,nan,nan,0.8932,-0.4476,-0.0431,0.0385,-0.0193,0.9991,90.000,nan,nan,nan,0.0000,0.0000,0.0000,nan,nan,nan,-9908.0659,-1391.0286,-268.7081,-9908.0659,-1391.0286,-268.7081,12.000,0,nan,nan
13.4930,108.9667,0,-9640.1023,-1525.3102,-301.6257,nan,nan,nan,0.9285,-0.3712,0.0000,0.3712,0.9285,-0.0000,-0.0000,0.0000,1.0000,0.0000,0.0000,0.0000,0.0000,-0.0000,0.0000,-9908.0658,-1391.0287,-268.7081,nan,nan,nan,0.8932,-0.4476,-0.0431,0.0385,-0.0193,0.9991,90.000,nan,nan,nan,0.0000,0.0000,0.0000,nan,nan,nan,-9908.0658,-1391.0287,-268.7081,-9908.0658,-1391.0287,-268.7081,12.000,0,nan,nan
13.5190,108.9833,0,-9640.1023,-1525.3102,-301.6257,nan,nan,nan,0.9285,-0.3712,0.0000,0.3712,0.9285,-0.0000,-0.0000,0.0000,1.0000,0.0000,0.0000,0.0000,0.0000,-0.0000,0.0000,-9908.0658,-1391.0287,-268.7081,nan,nan,nan,0.8932,-0.4476,-0.0431,0.0385,-0.0193,0.9991,90.000,nan,nan,nan,0.0000,0.0000,0.0000,nan,nan,nan,-9908.0658,-1391.0287,-268.7081,-9908.0658,-1391.0287,-268.7081,12.000,0,nan,nan
13.5450,109.0167,0,-9640.1023,-1525.3102,-301.6257,nan,nan,nan,0.9285,-0.3712,0.0000,0.3712,0.9285,-0.0000,-0.0000,0.0000,1.0000,0.0000,0.0000,0.0000,0.0000,-0.0000,0.0000,-9908.0656,-1391.0287,-268.7081,nan,nan,nan,0.8932,-0.4476,-0.0431,0.0385,-0.0193,0.9991,90.000,nan,nan,nan,0.0000,0.0000,0.0000,nan,nan,nan,-9908.0656,-1391.0287,-268.7081,-9908.0656,-1391.0287,-268.7081,12.000,0,nan,nan
13.5710,109.0333,0,-9640.1023,-1525.3102,-301.6257,nan,nan,nan,0.9285,-0.3712,0.0000,0.3712,0.9285,-0.0000,-0.0000,0.0000,1.0000,0.0000,0.0000,0.0000,0.0000,-0.0000,0.0000,-9908.0656,-1391.0287,-268.7081,nan,nan,nan,0.8932,-0.4476,-0.0431,0.0385,-0.0193,0.9991,90.000,nan,nan,nan,0.0000,0.0000,0.0000,nan,nan,nan,-9908.0656,-1391.0287,-268.7081,-9908.0656,-1391.0287,-268.7081,12.000,0,nan,nan
13.5980,109.0667,0,-9640.1023,-1525.3102,-301.6257,nan,nan,nan,0.9285,-0.3712,0.0000,0.3712,0.9285,-0.0000,-0.0000,0.0000,1.0000,0.0000,0.0000,0.0000,0.0000,-0.0000,0.0000,-9908.0654,-1391.0288,-268.7081,nan,nan,nan,0.8932,-0.4476,-0.0431,0.0385,-0.0193,0.9991,90.000,nan,nan,nan,0.0000,0.0000,0.0000,nan,nan,nan,-9908.0654,-1391.0288,-268.7081,-9908.0654,-1391.0288,-268.7081,12.000,0,nan,nan
13.6230,109.0833,0,-9640.1023,-1525.3102,-301.6257,nan,nan,nan,0.9285,-0.3712,0.0000,0.3712,0.9285,-0.0000,-0.0000,0.0000,1.0000,0.0000,0.0000,0.0000,0.0000,-0.0000,0.0000,-9908.0654,-1391.0288,-268.7081,nan,nan,nan,0.8932,-0.4476,-0.0431,0.0385,-0.0193,0.9991,90.000,nan,nan,nan,0.0000,0.0000,0.0000,nan,nan,nan,-9908.0654,-1391.0288,-268.7081,-9908.0654,-1391.0288,-268.7081,12.000,0,nan,nan
13.6540,109.1167,0,-9640.1023,-1525.3102,-301.6257,nan,nan,nan,0.9285,-0.3712,0.0000,0.3712,0.9285,-0.0000,-0.0000,0.0000,1.0000,0.0000,0.0000,0.0000,0.0000,-0.0000,0.0000,-9908.0653,-1391.0289,-268.7081,nan,nan,nan,0.8932,-0.4476,-0.0431,0.0385,-0.0193,0.9991,90.000,nan,nan,nan,0.0000,0.0000,0.0000,nan,nan,nan,-9908.0653,-1391.0289,-268.7081,-9908.0653,-1391.0289,-268.7081,12.000,0,nan,nan
13.6780,109.1500,0,-9640.1023,-1525.3102,-301.6257,nan,nan,nan,0.9285,-0.3712,0.0000,0.3712,0.9285,-0.0000,-0.0000,0.0000,1.0000,0.0000,0.0000,0.0000,0.0000,-0.0000,0.0000,-9908.0651,-1391.0289,-268.7081,nan,nan,nan,0.8932,-0.4476,-0.0431,0.0385,-0.0193,0.9991,90.000,nan,nan,nan,0.0000,0.0000,0.0000,nan,nan,nan,-9908.0651,-1391.0289,-268.7081,-9908.0651,-1391.0289,-268.7081,12.000,0,nan,nan
13.7060,109.1667,0,-9640.1023,-1525.3102,-301.6257,nan,nan,nan,0.9285,-0.3712,0.0000,0.3712,0.9285,-0.0000,-0.0000,0.0000,1.0000,0.0000,0.0000,0.0000,0.0000,-0.0000,0.0000,-9908.0651,-1391.0289,-268.7081,nan,nan,nan,0.8932,-0.4476,-0.0431,0.0385,-0.0193,0.9991,90.000,nan,nan,nan,0.0000,0.0000,0.0000,nan,nan,nan,-9908.0651,-1391.0289,-268.7081,-9908.0651,-1391.0289,-268.7081,12.000,0,nan,nan
13.7320,109.2000,0,-9640.1023,-1525.3102,-301.6257,nan,nan,nan,0.9285,-0.3712,0.0000,0.3712,0.9285,-0.0000,-0.0000,0.0000,1.0000,0.0000,0.0000,0.0000,0.0000,-0.0000,0.0000,-9908.0650,-1391.0290,-268.7081,nan,nan,nan,0.8932,-0.4476,-0.0431,0.0385,-0.0193,0.9991,90.000,nan,nan,nan,0.0000,0.0000,0.0000,nan,nan,nan,-9908.0650,-1391.0290,-268.7081,-9908.0650,-1391.0290,-268.7081,12.000,0,nan,nan
13.7590,109.2167,0,-9640.1023,-1525.3102,-301.6257,nan,nan,nan,0.9285,-0.3712,0.0000,0.3712,0.9285,-0.0000,-0.0000,0.0000,1.0000,0.0000,0.0000,0.0000,0.0000,-0.0000,0.0000,-9908.0650,-1391.0290,-268.7081,nan,nan,nan,0.8932,-0.4476,-0.0431,0.0385,-0.0193,0.9991,90.000,nan,nan,nan,0.0000,0.0000,0.0000,nan,nan,nan,-9908.0650,-1391.0290,-268.7081,-9908.0650,-1391.0290,-268.7081,12.000,0,nan,nan
13.7840,109.2500,0,-9640.1023,-1525.3102,-301.6257,nan,nan,nan,0.9285,-0.3712,0.0000,0.3712,0.9285,-0.0000,-0.0000,0.0000,1.0000,0.0000,0.0000,0.0000,0.0000,-0.0000,0.0000,-9908.0648,-1391.0291,-268.7081,nan,nan,nan,0.8932,-0.4476,-0.0431,0.0385,-0.0193,0.9991,90.000,nan,nan,nan,0.0000,0.0000,0.0000,nan,nan,nan,-9908.0648,-1391.0291,-268.7081,-9908.0648,-1391.0291,-268.7081,12.000,0,nan,nan
13.8100,109.2833,0,-9640.1023,-1525.3102,-301.6257,nan,nan,nan,0.9285,-0.3712,0.0000,0.3712,0.9285,-0.0000,-0.0000,0.0000,1.0000,0.0000,0.0000,0.0000,0.0000,-0.0000,0.0000,-9908.0648,-1391.0291,-268.7081,nan,nan,nan,0.8932,-0.4476,-0.0431,0.0385,-0.0193,0.9991,90.000,nan,nan,nan,0.0000,0.0000,0.0000,nan,nan,nan,-9908.0648,-1391.0291,-268.7081,-9908.0648,-1391.0291,-268.7081,12.000,0,nan,nan
13.8370,109.3000,0,-9640.1023,-1525.3102,-301.6257,nan,nan,nan,0.9285,-0.3712,0.0000,0.3712,0.9285,-0.0000,-0.0000,0.0000,1.0000,0.0000,0.0000,0.0000,0.0000,-0.0000,0.0000,-9908.0647,-1391.0291,-268.7081,nan,nan,nan,0.8932,-0.4476,-0.0431,0.0385,-0.0193,0.9991,90.000,nan,nan,nan,0.0000,0.0000,0.0000,nan,nan,nan,-9908.0647,-1391.0291,-268.7081,-9908.0647,-1391.0291,-268.7081,12.000,0,nan,nan
13.8630,109.3333,0,-9640.1023,-1525.3102,-301.6257,nan,nan,nan,0.9285,-0.3712,0.0000,0.3712,0.9285,-0.0000,-0.0000,0.0000,1.0000,0.0000,0.0000,0.0000,0.0000,-0.0000,0.0000,-9908.0647,-1391.0291,-268.7081,nan,nan,nan,0.8932,-0.4476,-0.0431,0.0385,-0.0193,0.9991,90.000,nan,nan,nan,0.0000,0.0000,0.0000,nan,nan,nan,-9908.0647,-1391.0291,-268.7081,-9908.0647,-1391.0291,-268.7081,12.000,0,nan,nan
13.8900,109.3500,0,-9640.1023,-1525.3102,-301.6257,nan,nan,nan,0.9285,-0.3712,0.0000,0.3712,0.9285,-0.0000,-0.0000,0.0000,1.0000,0.0000,0.0000,0.0000,0.0000,-0.0000,0.0000,-9908.0646,-1391.0292,-268.7081,nan,nan,nan,0.8932,-0.4476,-0.0431,0.0385,-0.0193,0.9991,90.000,nan,nan,nan,0.0000,0.0000,0.0000,nan,nan,nan,-9908.0646,-1391.0292,-268.7081,-9908.0646,-1391.0292,-268.7081,12.000,0,nan,nan
13.9160,109.3833,0,-9640.1023,-1525.3102,-301.6257,nan,nan,nan,0.9285,-0.3712,0.0000,0.3712,0.9285,-0.0000,-0.0000,0.0000,1.0000,0.0000,0.0000,0.0000,0.0000,-0.0000,0.0000,-9908.0646,-1391.0292,-268.7081,nan,nan,nan,0.8932,-0.4476,-0.0431,0.0385,-0.0193,0.9991,90.000,nan,nan,nan,0.0000,0.0000,0.0000,nan,nan,nan,-9908.0646,-1391.0292,-268.7081,-9908.0646,-1391.0292,-268.7081,12.000,0,nan,nan
13.9410,109.4000,0,-9640.1023,-1525.3102,-301.6257,nan,nan,nan,0.9285,-0.3712,0.0000,0.3712,0.9285,-0.0000,-0.0000,0.0000,1.0000,0.0000,0.0000,0.0000,0.0000,-0.0000,0.0000,-9908.0644,-1391.0292,-268.7081,nan,nan,nan,0.8932,-0.4476,-0.0431,0.0385,-0.0193,0.9991,90.000,nan,nan,nan,0.0000,0.0000,0.0000,nan,nan,nan,-9908.0644,-1391.0292,-268.7081,-9908.0644,-1391.0292,-268.7081,12.000,0,nan,nan
13.9680,109.4333,0,-9640.1023,-1525.3102,-301.6257,nan,nan,nan,0.9285,-0.3712,0.0000,0.3712,0.9285,-0.0000,-0.0000,0.0000,1.0000,0.0000,0.0000,0.0000,0.0000,-0.0000,0.0000,-9908.0644,-1391.0292,-268.7081,nan,nan,nan,0.8932,-0.4476,-0.0431,0.0385,-0.0193,0.9991,90.000,nan,nan,nan,0.0000,0.0000,0.0000,nan,nan,nan,-9908.0644,-1391.0292,-268.7081,-9908.0644,-1391.0292,-268.7081,12.000,0,nan,nan
13.9950,109.4667,0,-9640.1023,-1525.3102,-301.6257,nan,nan,nan,0.9285,-0.3712,0.0000,0.3712,0.9285,-0.0000,-0.0000,0.0000,1.0000,0.0000,0.0000,0.0000,0.0000,-0.0000,0.0000,-9908.0643,-1391.0293,-268.7081,nan,nan,nan,0.8932,-0.4476,-0.0431,0.0385,-0.0193,0.9991,90.000,nan,nan,nan,0.0000,0.0000,0.0000,nan,nan,nan,-9908.0643,-1391.0293,-268.7081,-9908.0643,-1391.0293,-268.7081,12.000,0,nan,nan
14.0210,109.4833,0,-9640.1023,-1525.3102,-301.6257,nan,nan,nan,0.9285,-0.3712,0.0000,0.3712,0.9285,-0.0000,-0.0000,0.0000,1.0000,0.0000,0.0000,0.0000,0.0000,-0.0000,0.0000,-9908.0643,-1391.0293,-268.7081,nan,nan,nan,0.8932,-0.4476,-0.0431,0.0385,-0.0193,0.9991,90.000,nan,nan,nan,0.0000,0.0000,0.0000,nan,nan,nan,-9908.0643,-1391.0293,-268.7081,-9908.0643,-1391.0293,-268.7081,12.000,0,nan,nan
14.0460,109.5167,0,-9640.1023,-1525.3102,-301.6257,nan,nan,nan,0.9285,-0.3712,0.0000,0.3712,0.9285,-0.0000,-0.0000,0.0000,1.0000,0.0000,0.0000,0.0000,0.0000,-0.0000,0.0000,-9908.0642,-1391.0293,-268.7081,nan,nan,nan,0.8932,-0.4476,-0.0431,0.0385,-0.0193,0.9991,90.000,nan,nan,nan,0.0000,0.0000,0.0000,nan,nan,nan,-9908.0642,-1391.0293,-268.7081,-9908.0642,-1391.0293,-268.7081,12.000,0,nan,nan
14.0730,109.5333,0,-9640.1023,-1525.3102,-301.6257,nan,nan,nan,0.9285,-0.3712,0.0000,0.3712,0.9285,-0.0000,-0.0000,0.0000,1.0000,0.0000,0.0000,0.0000,0.0000,-0.0000,0.0000,-9908.0642,-1391.0293,-268.7081,nan,nan,nan,0.8932,-0.4476,-0.0431,0.0385,-0.0193,0.9991,90.000,nan,nan,nan,0.0000,0.0000,0.0000,nan,nan,nan,-9908.0642,-1391.0293,-268.7081,-9908.0642,-1391.0293,-268.7081,12.000,0,nan,nan
14.0990,109.5667,0,-9640.1023,-1525.3102,-301.6257,nan,nan,nan,0.9285,-0.3712,0.0000,0.3712,0.9285,-0.0000,-0.0000,0.0000,1.0000,0.0000,0.0000,0.0000,0.0000,-0.0000,0.0000,-9908.0640,-1391.0294,-268.7081,nan,nan,nan,0.8932,-0.4476,-0.0431,0.0385,-0.0193,0.9991,90.000,nan,nan,nan,0.0000,0.0000,0.0000,nan,nan,nan,-9908.0640,-1391.0294,-268.7081,-9908.0640,-1391.0294,-268.7081,12.000,0,nan,nan
14.1260,109.5833,0,-9640.1023,-1525.3102,-301.6257,nan,nan,nan,0.9285,-0.3712,0.0000,0.3712,0.9285,-0.0000,-0.0000,0.0000,1.0000,0.0000,0.0000,0.0000,0.0000,-0.0000,0.0000,-9908.0640,-1391.0294,-268.7081,nan,nan,nan,0.8932,-0.4476,-0.0431,0.0385,-0.0193,0.9991,90.000,nan,nan,nan,0.0000,0.0000,0.0000,nan,nan,nan,-9908.0640,-1391.0294,-268.7081,-9908.0640,-1391.0294,-268.7081,12.000,0,nan,nan
14.1510,109.6167,0,-9640.1023,-1525.3102,-301.6257,nan,nan,nan,0.9285,-0.3712,0.0000,0.3712,0.9285,-0.0000,-0.0000,0.0000,1.0000,0.0000,0.0000,0.0000,0.0000,-0.0000,0.0000,-9908.0639,-1391.0294,-268.7081,nan,nan,nan,0.8932,-0.4476,-0.0431,0.0385,-0.0193,0.9991,90.000,nan,nan,nan,0.0000,0.0000,0.0000,nan,nan,nan,-9908.0639,-1391.0294,-268.7081,-9908.0639,-1391.0294,-268.7081,12.000,0,nan,nan
14.1770,109.6500,0,-9640.1023,-1525.3102,-301.6257,nan,nan,nan,0.9285,-0.3712,0.0000,0.3712,0.9285,-0.0000,-0.0000,0.0000,1.0000,0.0000,0.0000,0.0000,0.0000,-0.0000,0.0000,-9908.0639,-1391.0294,-268.7081,nan,nan,nan,0.8932,-0.4476,-0.0431,0.0385,-0.0193,0.9991,90.000,nan,nan,nan,0.0000,0.0000,0.0000,nan,nan,nan,-9908.0639,-1391.0294,-268.7081,-9908.0639,-1391.0294,-268.7081,12.000,0,nan,nan
14.2040,109.6667,0,-9640.1023,-1525.3102,-301.6257,nan,nan,nan,0.9285,-0.3712,0.0000,0.3712,0.9285,-0.0000,-0.0000,0.0000,1.0000,0.0000,0.0000,0.0000,0.0000,-0.0000,0.0000,-9908.0639,-1391.0294,-268.7081,nan,nan,nan,0.8932,-0.4476,-0.0431,0.0385,-0.0193,0.9991,90.000,nan,nan,nan,0.0000,0.0000,0.0000,nan,nan,nan,-9908.0639,-1391.0294,-268.7081,-9908.0639,-1391.0294,-268.7081,12.000,0,nan,nan
14.2290,109.7000,0,-9640.1023,-1525.3102,-301.6257,nan,nan,nan,0.9285,-0.3712,0.0000,0.3712,0.9285,-0.0000,-0.0000,0.0000,1.0000,0.0000,0.0000,0.0000,0.0000,-0.0000,0.0000,-9908.0638,-1391.0295,-268.7081,nan,nan,nan,0.8932,-0.4476,-0.0431,0.0385,-0.0193,0.9991,90.000,nan,nan,nan,0.0000,0.0000,0.0000,nan,nan,nan,-9908.0638,-1391.0295,-268.7081,-9908.0638,-1391.0295,-268.7081,12.000,0,nan,nan
14.2540,109.7167,0,-9640.1023,-1525.3102,-301.6257,nan,nan,nan,0.9285,-0.3712,0.0000,0.3712,0.9285,-0.0000,-0.0000,0.0000,1.0000,0.0000,0.0000,0.0000,0.0000,-0.0000,0.0000,-9908.0638,-1391.0295,-268.7081,nan,nan,nan,0.8932,-0.4476,-0.0431,0.0385,-0.0193,0.9991,90.000,nan,nan,nan,0.0000,0.0000,0.0000,nan,nan,nan,-9908.0638,-1391.0295,-268.7081,-9908.0638,-1391.0295,-268.7081,12.000,0,nan,nan
14.2810,109.7500,0,-9640.1023,-1525.3102,-301.6257,nan,nan,nan,0.9285,-0.3712,0.0000,0.3712,0.9285,-0.0000,-0.0000,0.0000,1.0000,0.0000,0.0000,0.0000,0.0000,-0.0000,0.0000,-9908.0638,-1391.0295,-268.7081,nan,nan,nan,0.8932,-0.4476,-0.0431,0.0385,-0.0193,0.9991,90.000,nan,nan,nan,0.0000,0.0000,0.0000,nan,nan,nan,-9908.0638,-1391.0295,-268.7081,-9908.0638,-1391.0295,-268.7081,12.000,0,nan,nan
14.3070,109.7667,0,-9640.1023,-1525.3102,-301.6257,nan,nan,nan,0.9285,-0.3712,0.0000,0.3712,0.9285,-0.0000,-0.0000,0.0000,1.0000,0.0000,0.0000,0.0000,0.0000,-0.0000,0.0000,-9908.0637,-1391.0295,-268.7081,nan,nan,nan,0.8932,-0.4476,-0.0431,0.0385,-0.0193,0.9991,90.000,nan,nan,nan,0.0000,0.0000,0.0000,nan,nan,nan,-9908.0637,-1391.0295,-268.7081,-9908.0637,-1391.0295,-268.7081,12.000,0,nan,nan
14.3330,109.8000,0,-9640.1023,-1525.3102,-301.6257,nan,nan,nan,0.9285,-0.3712,0.0000,0.3712,0.9285,-0.0000,-0.0000,0.0000,1.0000,0.0000,0.0000,0.0000,0.0000,-0.0000,0.0000,-9908.0637,-1391.0295,-268.7081,nan,nan,nan,0.8932,-0.4476,-0.0431,0.0385,-0.0193,0.9991,90.000,nan,nan,nan,0.0000,0.0000,0.0000,nan,nan,nan,-9908.0637,-1391.0295,-268.7081,-9908.0637,-1391.0295,-268.7081,12.000,0,nan,nan
14.3580,109.8167,0,-9640.1023,-1525.3102,-301.6257,nan,nan,nan,0.9285,-0.3712,0.0000,0.3712,0.9285,-0.0000,-0.0000,0.0000,1.0000,0.0000,0.0000,0.0000,0.0000,-0.0000,0.0000,-9908.0637,-1391.0295,-268.7081,nan,nan,nan,0.8932,-0.4476,-0.0431,0.0385,-0.0193,0.9991,90.000,nan,nan,nan,0.0000,0.0000,0.0000,nan,nan,nan,-9908.0637,-1391.0295,-268.7081,-9908.0637,-1391.0295,-268.7081,12.000,0,nan,nan
14.3850,109.8500,0,-9640.1023,-1525.3102,-301.6257,nan,nan,nan,0.9285,-0.3712,0.0000,0.3712,0.9285,-0.0000,-0.0000,0.0000,1.0000,0.0000,0.0000,0.0000,0.0000,-0.0000,0.0000,-9908.0635,-1391.0296,-268.7081,nan,nan,nan,0.8932,-0.4476,-0.0431,0.0385,-0.0193,0.9991,90.000,nan,nan,nan,0.0000,0.0000,0.0000,nan,nan,nan,-9908.0635,-1391.0296,-268.7081,-9908.0635,-1391.0296,-268.7081,12.000,0,nan,nan
14.4110,109.8833,0,-9640.1023,-1525.3102,-301.6257,nan,nan,nan,0.9285,-0.3712,0.0000,0.3712,0.9285,-0.0000,-0.0000,0.0000,1.0000,0.0000,0.0000,0.0000,0.0000,-0.0000,0.0000,-9908.0635,-1391.0296,-268.7081,nan,nan,nan,0.8932,-0.4476,-0.0431,0.0385,-0.0193,0.9991,90.000,nan,nan,nan,0.0000,0.0000,0.0000,nan,nan,nan,-9908.0635,-1391.0296,-268.7081,-9908.0635,-1391.0296,-268.7081,12.000,0,nan,nan
14.4370,109.9000,0,-9640.1023,-1525.3102,-301.6257,nan,nan,nan,0.9285,-0.3712,0.0000,0.3712,0.9285,-0.0000,-0.0000,0.0000,1.0000,0.0000,0.0000,0.0000,0.0000,-0.0000,0.0000,-9908.0635,-1391.0296,-268.7081,nan,nan,nan,0.8932,-0.4476,-0.0431,0.0385,-0.0193,0.9991,90.000,nan,nan,nan,0.0000,0.0000,0.0000,nan,nan,nan,-9908.0635,-1391.0296,-268.7081,-9908.0635,-1391.0296,-268.7081,12.000,0,nan,nan
14.4620,109.9333,0,-9640.1023,-1525.3102,-301.6257,nan,nan,nan,0.9285,-0.3712,0.0000,0.3712,0.9285,-0.0000,-0.0000,0.0000,1.0000,0.0000,0.0000,0.0000,0.0000,-0.0000,0.0000,-9908.0634,-1391.0296,-268.7081,nan,nan,nan,0.8932,-0.4476,-0.0431,0.0385,-0.0193,0.9991,90.000,nan,nan,nan,0.0000,0.0000,0.0000,nan,nan,nan,-9908.0634,-1391.0296,-268.7081,-9908.0634,-1391.0296,-268.7081,12.000,0,nan,nan
14.4890,109.9500,0,-9640.1023,-1525.3102,-301.6257,nan,nan,nan,0.9285,-0.3712,0.0000,0.3712,0.9285,-0.0000,-0.0000,0.0000,1.0000,0.0000,0.0000,0.0000,0.0000,-0.0000,0.0000,-9908.0634,-1391.0296,-268.7081,nan,nan,nan,0.8932,-0.4476,-0.0431,0.0385,-0.0193,0.9991,90.000,nan,nan,nan,0.0000,0.0000,0.0000,nan,nan,nan,-9908.0634,-1391.0296,-268.7081,-9908.0634,-1391.0296,-268.7081,12.000,0,nan,nan
14.5160,109.9833,0,-9640.1023,-1525.3102,-301.6257,nan,nan,nan,0.9285,-0.3712,0.0000,0.3712,0.9285,-0.0000,-0.0000,0.0000,1.0000,0.0000,0.0000,0.0000,0.0000,-0.0000,0.0000,-9908.0634,-1391.0296,-268.7081,nan,nan,nan,0.8932,-0.4476,-0.0431,0.0385,-0.0193,0.9991,90.000,nan,nan,nan,0.0000,0.0000,0.0000,nan,nan,nan,-9908.0634,-1391.0296,-268.7081,-9908.0634,-1391.0296,-268.7081,12.000,0,nan,nan
14.5400,110.0000,0,-9640.1023,-1525.3102,-301.6257,nan,nan,nan,0.9285,-0.3712,0.0000,0.3712,0.9285,-0.0000,-0.0000,0.0000,1.0000,0.0000,0.0000,0.0000,0.0000,-0.0000,0.0000,-9908.0634,-1391.0296,-268.7081,nan,nan,nan,0.8932,-0.4476,-0.0431,0.0385,-0.0193,0.9991,90.000,nan,nan,nan,0.0000,0.0000,0.0000,nan,nan,nan,-9908.0634,-1391.0296,-268.7081,-9908.0634,-1391.0296,-268.7081,12.000,0,nan,nan
14.5660,110.0333,0,-9640.1023,-1525.3102,-301.6257,nan,nan,nan,0.9285,-0.3712,0.0000,0.3712,0.9285,-0.0000,-0.0000,0.0000,1.0000,0.0000,0.0000,0.0000,0.0000,-0.0000,0.0000,-9908.0632,-1391.0297,-268.7081,nan,nan,nan,0.8932,-0.4476,-0.0431,0.0385,-0.0193,0.9991,90.000,nan,nan,nan,0.0000,0.0000,0.0000,nan,nan,nan,-9908.0632,-1391.0297,-268.7081,-9908.0632,-1391.0297,-268.7081,12.000,0,nan,nan
14.5950,110.0500,0,-9640.1023,-1525.3102,-301.6257,nan,nan,nan,0.9285,-0.3712,0.0000,0.3712,0.9285,-0.0000,-0.0000,0.0000,1.0000,0.0000,0.0000,0.0000,0.0000,-0.0000,0.0000,-9908.0632,-1391.0297,-268.7081,nan,nan,nan,0.8932,-0.4476,-0.0431,0.0385,-0.0193,0.9991,90.000,nan,nan,nan,0.0000,0.0000,0.0000,nan,nan,nan,-9908.0632,-1391.0297,-268.7081,-9908.0632,-1391.0297,-268.7081,12.000,0,nan,nan
14.6210,110.0833,0,-9640.1023,-1525.3102,-301.6257,nan,nan,nan,0.9285,-0.3712,0.0000,0.3712,0.9285,-0.0000,-0.0000,0.0000,1.0000,0.0000,0.0000,0.0000,0.0000,-0.0000,0.0000,-9908.0632,-1391.0297,-268.7081,nan,nan,nan,0.8932,-0.4476,-0.0431,0.0385,-0.0193,0.9991,90.000,nan,nan,nan,0.0000,0.0000,0.0000,nan,nan,nan,-9908.0632,-1391.0297,-268.7081,-9908.0632,-1391.0297,-268.7081,12.000,0,nan,nan
14.6460,110.1167,0,-9640.1023,-1525.3102,-301.6257,nan,nan,nan,0.9285,-0.3712,0.0000,0.3712,0.9285,-0.0000,-0.0000,0.0000,1.0000,0.0000,0.0000,0.0000,0.0000,-0.0000,0.0000,-9908.0631,-1391.0297,-268.7081,nan,nan,nan,0.8932,-0.4476,-0.0431,0.0385,-0.0193,0.9991,90.000,nan,nan,nan,0.0000,0.0000,0.0000,nan,nan,nan,-9908.0631,-1391.0297,-268.7081,-9908.0631,-1391.0297,-268.7081,12.000,0,nan,nan
14.6720,110.1333,0,-9640.1023,-1525.3102,-301.6257,nan,nan,nan,0.9285,-0.3712,0.0000,0.3712,0.9285,-0.0000,-0.0000,0.0000,1.0000,0.0000,0.0000,0.0000,0.0000,-0.0000,0.0000,-9908.0631,-1391.0297,-268.7081,nan,nan,nan,0.8932,-0.4476,-0.0431,0.0385,-0.0193,0.9991,90.000,nan,nan,nan,0.0000,0.0000,0.0000,nan,nan,nan,-9908.0631,-1391.0297,-268.7081,-9908.0631,-1391.0297,-268.7081,12.000,0,nan,nan
14.6990,110.1667,0,-9640.1023,-1525.3102,-301.6257,nan,nan,nan,0.9285,-0.3712,0.0000,0.3712,0.9285,-0.0000,-0.0000,0.0000,1.0000,0.0000,0.0000,0.0000,0.0000,-0.0000,0.0000,-9908.0631,-1391.0297,-268.7081,nan,nan,nan,0.8932,-0.4476,-0.0431,0.0385,-0.0193,0.9991,90.000,nan,nan,nan,0.0000,0.0000,0.0000,nan,nan,nan,-9908.0631,-1391.0297,-268.7081,-9908.0631,-1391.0297,-268.7081,12.000,0,nan,nan
14.7270,110.1833,0,-9640.1023,-1525.3102,-301.6257,nan,nan,nan,0.9285,-0.3712,0.0000,0.3712,0.9285,-0.0000,-0.0000,0.0000,1.0000,0.0000,0.0000,0.0000,0.0000,-0.0000,0.0000,-9908.0631,-1391.0297,-268.7081,nan,nan,nan,0.8932,-0.4476,-0.0431,0.0385,-0.0193,0.9991,90.000,nan,nan,nan,0.0000,0.0000,0.0000,nan,nan,nan,-9908.0631,-1391.0297,-268.7081,-9908.0631,-1391.0297,-268.7081,12.000,0,nan,nan
14.7560,110.2167,0,-9640.1023,-1525.3102,-301.6257,nan,nan,nan,0.9285,-0.3712,0.0000,0.3712,0.9285,-0.0000,-0.0000,0.0000,1.0000,0.0000,0.0000,0.0000,0.0000,-0.0000,0.0000,-9908.0630,-1391.0298,-268.7081,nan,nan,nan,0.8932,-0.4476,-0.0431,0.0385,-0.0193,0.9991,90.000,nan,nan,nan,0.0000,0.0000,0.0000,nan,nan,nan,-9908.0630,-1391.0298,-268.7081,-9908.0630,-1391.0298,-268.7081,12.000,0,nan,nan
14.7790,110.2500,0,-9640.1023,-1525.3102,-301.6257,nan,nan,nan,0.9285,-0.3712,0.0000,0.3712,0.9285,-0.0000,-0.0000,0.0000,1.0000,0.0000,0.0000,0.0000,0.0000,-0.0000,0.0000,-9908.0630,-1391.0298,-268.7081,nan,nan,nan,0.8932,-0.4476,-0.0431,0.0385,-0.0193,0.9991,90.000,nan,nan,nan,0.0000,0.0000,0.0000,nan,nan,nan,-9908.0630,-1391.0298,-268.7081,-9908.0630,-1391.0298,-268.7081,12.000,0,nan,nan
14.8050,110.2667,0,-9640.1023,-1525.3102,-301.6257,nan,nan,nan,0.9285,-0.3712,0.0000,0.3712,0.9285,-0.0000,-0.0000,0.0000,1.0000,0.0000,0.0000,0.0000,0.0000,-0.0000,0.0000,-9908.0630,-1391.0298,-268.7081,nan,nan,nan,0.8932,-0.4476,-0.0431,0.0385,-0.0193,0.9991,90.000,nan,nan,nan,0.0000,0.0000,0.0000,nan,nan,nan,-9908.0630,-1391.0298,-268.7081,-9908.0630,-1391.0298,-268.7081,12.000,0,nan,nan
14.8300,110.3000,0,-9640.1023,-1525.3102,-301.6257,nan,nan,nan,0.9285,-0.3712,0.0000,0.3712,0.9285,-0.0000,-0.0000,0.0000,1.0000,0.0000,0.0000,0.0000,0.0000,-0.0000,0.0000,-9908.0630,-1391.0298,-268.7081,nan,nan,nan,0.8932,-0.4476,-0.0431,0.0385,-0.0193,0.9991,90.000,nan,nan,nan,0.0000,0.0000,0.0000,nan,nan,nan,-9908.0630,-1391.0298,-268.7081,-9908.0630,-1391.0298,-268.7081,12.000,0,nan,nan
14.8580,110.3167,0,-9640.1023,-1525.3102,-301.6257,nan,nan,nan,0.9285,-0.3712,0.0000,0.3712,0.9285,-0.0000,-0.0000,0.0000,1.0000,0.0000,0.0000,0.0000,0.0000,-0.0000,0.0000,-9908.0629,-1391.0298,-268.7081,nan,nan,nan,0.8932,-0.4476,-0.0431,0.0385,-0.0193,0.9991,90.000,nan,nan,nan,0.0000,0.0000,0.0000,nan,nan,nan,-9908.0629,-1391.0298,-268.7081,-9908.0629,-1391.0298,-268.7081,12.000,0,nan,nan
14.8830,110.3500,0,-9640.1023,-1525.3102,-301.6257,nan,nan,nan,0.9285,-0.3712,0.0000,0.3712,0.9285,-0.0000,-0.0000,0.0000,1.0000,0.0000,0.0000,0.0000,0.0000,-0.0000,0.0000,-9908.0629,-1391.0298,-268.7081,nan,nan,nan,0.8932,-0.4476,-0.0431,0.0385,-0.0193,0.9991,90.000,nan,nan,nan,0.0000,0.0000,0.0000,nan,nan,nan,-9908.0629,-1391.0298,-268.7081,-9908.0629,-1391.0298,-268.7081,12.000,0,nan,nan
14.9100,110.3667,0,-9640.1023,-1525.3102,-301.6257,nan,nan,nan,0.9285,-0.3712,0.0000,0.3712,0.9285,-0.0000,-0.0000,0.0000,1.0000,0.0000,0.0000,0.0000,0.0000,-0.0000,0.0000,-9908.0629,-1391.0298,-268.7081,nan,nan,nan,0.8932,-0.4476,-0.0431,0.0385,-0.0193,0.9991,90.000,nan,nan,nan,0.0000,0.0000,0.0000,nan,nan,nan,-9908.0629,-1391.0298,-268.7081,-9908.0629,-1391.0298,-268.7081,12.000,0,nan,nan
14.9360,110.4000,0,-9640.1023,-1525.3102,-301.6257,nan,nan,nan,0.9285,-0.3712,0.0000,0.3712,0.9285,-0.0000,-0.0000,0.0000,1.0000,0.0000,0.0000,0.0000,0.0000,-0.0000,0.0000,-9908.0629,-1391.0298,-268.7081,nan,nan,nan,0.8932,-0.4476,-0.0431,0.0385,-0.0193,0.9991,90.000,nan,nan,nan,0.0000,0.0000,0.0000,nan,nan,nan,-9908.0629,-1391.0298,-268.7081,-9908.0629,-1391.0298,-268.7081,12.000,0,nan,nan
14.9630,110.4333,0,-9640.1023,-1525.3102,-301.6257,nan,nan,nan,0.9285,-0.3712,0.0000,0.3712,0.9285,-0.0000,-0.0000,0.0000,1.0000,0.0000,0.0000,0.0000,0.0000,-0.0000,0.0000,-9908.0628,-1391.0299,-268.7081,nan,nan,nan,0.8932,-0.4476,-0.0431,0.0385,-0.0193,0.9991,90.000,nan,nan,nan,0.0000,0.0000,0.0000,nan,nan,nan,-9908.0628,-1391.0299,-268.7081,-9908.0628,-1391.0299,-268.7081,12.000,0,nan,nan
14.9890,110.4500,0,-9640.1023,-1525.3102,-301.6257,nan,nan,nan,0.9285,-0.3712,0.0000,0.3712,0.9285,-0.0000,-0.0000,0.0000,1.0000,0.0000,0.0000,0.0000,0.0000,-0.0000,0.0000,-9908.0628,-1391.0299,-268.7081,nan,nan,nan,0.8932,-0.4476,-0.0431,0.0385,-0.0193,0.9991,90.000,nan,nan,nan,0.0000,0.0000,0.0000,nan,nan,nan,-9908.0628,-1391.0299,-268.7081,-9908.0628,-1391.0299,-268.7081,12.000,0,nan,nan
15.0160,110.4833,0,-9640.1023,-1525.3102,-301.6257,nan,nan,nan,0.9285,-0.3712,0.0000,0.3712,0.9285,-0.0000,-0.0000,0.0000,1.0000,0.0000,0.0000,0.0000,0.0000,-0.0000,0.0000,-9908.0628,-1391.0299,-268.7081,nan,nan,nan,0.8932,-0.4476,-0.0431,0.0385,-0.0193,0.9991,90.000,nan,nan,nan,0.0000,0.0000,0.0000,nan,nan,nan,-9908.0628,-1391.0299,-268.7081,-9908.0628,-1391.0299,-268.7081,12.000,0,nan,nan
15.0420,110.5000,0,-9640.1023,-1525.3102,-301.6257,nan,nan,nan,0.9285,-0.3712,0.0000,0.3712,0.9285,-0.0000,-0.0000,0.0000,1.0000,0.0000,0.0000,0.0000,0.0000,-0.0000,0.0000,-9908.0628,-1391.0299,-268.7081,nan,nan,nan,0.8932,-0.4476,-0.0431,0.0385,-0.0193,0.9991,90.000,nan,nan,nan,0.0000,0.0000,0.0000,nan,nan,nan,-9908.0628,-1391.0299,-268.7081,-9908.0628,-1391.0299,-268.7081,12.000,0,nan,nan
15.0670,110.5333,0,-9640.1023,-1525.3102,-301.6257,nan,nan,nan,0.9285,-0.3712,0.0000,0.3712,0.9285,-0.0000,-0.0000,0.0000,1.0000,0.0000,0.0000,0.0000,0.0000,-0.0000,0.0000,-9908.0628,-1391.0299,-268.7081,nan,nan,nan,0.8932,-0.4476,-0.0431,0.0385,-0.0193,0.9991,90.000,nan,nan,nan,0.0000,0.0000,0.0000,nan,nan,nan,-9908.0628,-1391.0299,-268.7081,-9908.0628,-1391.0299,-268.7081,12.000,0,nan,nan
15.0940,110.5667,0,-9640.1023,-1525.3102,-301.6257,nan,nan,nan,0.9285,-0.3712,0.0000,0.3712,0.9285,-0.0000,-0.0000,0.0000,1.0000,0.0000,0.0000,0.0000,0.0000,-0.0000,0.0000,-9908.0626,-1391.0299,-268.7081,nan,nan,nan,0.8932,-0.4476,-0.0431,0.0385,-0.0193,0.9991,90.000,nan,nan,nan,0.0000,0.0000,0.0000,nan,nan,nan,-9908.0626,-1391.0299,-268.7081,-9908.0626,-1391.0299,-268.7081,12.000,0,nan,nan
15.1210,110.5833,0,-9640.1023,-1525.3102,-301.6257,nan,nan,nan,0.9285,-0.3712,0.0000,0.3712,0.9285,-0.0000,-0.0000,0.0000,1.0000,0.0000,0.0000,0.0000,0.0000,-0.0000,0.0000,-9908.0626,-1391.0299,-268.7081,nan,nan,nan,0.8932,-0.4476,-0.0431,0.0385,-0.0193,0.9991,90.000,nan,nan,nan,0.0000,0.0000,0.0000,nan,nan,nan,-9908.0626,-1391.0299,-268.7081,-9908.0626,-1391.0299,-268.7081,12.000,0,nan,nan
15.1480,110.6167,0,-9640.1023,-1525.3102,-301.6257,nan,nan,nan,0.9285,-0.3712,0.0000,0.3712,0.9285,-0.0000,-0.0000,0.0000,1.0000,0.0000,0.0000,0.0000,0.0000,-0.0000,0.0000,-9908.0626,-1391.0299,-268.7081,nan,nan,nan,0.8932,-0.4476,-0.0431,0.0385,-0.0193,0.9991,90.000,nan,nan,nan,0.0000,0.0000,0.0000,nan,nan,nan,-9908.0626,-1391.0299,-268.7081,-9908.0626,-1391.0299,-268.7081,12.000,0,nan,nan
15.1740,110.6333,0,-9640.1023,-1525.3102,-301.6257,nan,nan,nan,0.9285,-0.3712,0.0000,0.3712,0.9285,-0.0000,-0.0000,0.0000,1.0000,0.0000,0.0000,0.0000,0.0000,-0.0000,0.0000,-9908.0626,-1391.0299,-268.7081,nan,nan,nan,0.8932,-0.4476,-0.0431,0.0385,-0.0193,0.9991,90.000,nan,nan,nan,0.0000,0.0000,0.0000,nan,nan,nan,-9908.0626,-1391.0299,-268.7081,-9908.0626,-1391.0299,-268.7081,12.000,0,nan,nan
15.1990,110.6667,0,-9640.1023,-1525.3102,-301.6257,nan,nan,nan,0.9285,-0.3712,0.0000,0.3712,0.9285,-0.0000,-0.0000,0.0000,1.0000,0.0000,0.0000,0.0000,0.0000,-0.0000,0.0000,-9908.0626,-1391.0299,-268.7081,nan,nan,nan,0.8932,-0.4476,-0.0431,0.0385,-0.0193,0.9991,90.000,nan,nan,nan,0.0000,0.0000,0.0000,nan,nan,nan,-9908.0626,-1391.0299,-268.7081,-9908.0626,-1391.0299,-268.7081,12.000,0,nan,nan
15.2260,110.6833,0,-9640.1023,-1525.3102,-301.6257,nan,nan,nan,0.9285,-0.3712,0.0000,0.3712,0.9285,-0.0000,-0.0000,0.0000,1.0000,0.0000,0.0000,0.0000,0.0000,-0.0000,0.0000,-9908.0626,-1391.0299,-268.7081,nan,nan,nan,0.8932,-0.4476,-0.0431,0.0385,-0.0193,0.9991,90.000,nan,nan,nan,0.0000,0.0000,0.0000,nan,nan,nan,-9908.0626,-1391.0299,-268.7081,-9908.0626,-1391.0299,-268.7081,12.000,0,nan,nan
15.2540,110.7167,0,-9640.1023,-1525.3102,-301.6257,nan,nan,nan,0.9285,-0.3712,0.0000,0.3712,0.9285,-0.0000,-0.0000,0.0000,1.0000,0.0000,0.0000,0.0000,0.0000,-0.0000,0.0000,-9908.0625,-1391.0300,-268.7081,nan,nan,nan,0.8932,-0.4476,-0.0431,0.0385,-0.0193,0.9991,90.000,nan,nan,nan,0.0000,0.0000,0.0000,nan,nan,nan,-9908.0625,-1391.0300,-268.7081,-9908.0625,-1391.0300,-268.7081,12.000,0,nan,nan
15.2800,110.7500,0,-9640.1023,-1525.3102,-301.6257,nan,nan,nan,0.9285,-0.3712,0.0000,0.3712,0.9285,-0.0000,-0.0000,0.0000,1.0000,0.0000,0.0000,0.0000,0.0000,-0.0000,0.0000,-9908.0625,-1391.0300,-268.7081,nan,nan,nan,0.8932,-0.4476,-0.0431,0.0385,-0.0193,0.9991,90.000,nan,nan,nan,0.0000,0.0000,0.0000,nan,nan,nan,-9908.0625,-1391.0300,-268.7081,-9908.0625,-1391.0300,-268.7081,12.000,0,nan,nan
15.3050,110.7667,0,-9640.1023,-1525.3102,-301.6257,nan,nan,nan,0.9285,-0.3712,0.0000,0.3712,0.9285,-0.0000,-0.0000,0.0000,1.0000,0.0000,0.0000,0.0000,0.0000,-0.0000,0.0000,-9908.0625,-1391.0300,-268.7081,nan,nan,nan,0.8932,-0.4476,-0.0431,0.0385,-0.0193,0.9991,90.000,nan,nan,nan,0.0000,0.0000,0.0000,nan,nan,nan,-9908.0625,-1391.0300,-268.7081,-9908.0625,-1391.0300,-268.7081,12.000,0,nan,nan
15.3320,110.8000,0,-9640.1023,-1525.3102,-301.6257,nan,nan,nan,0.9285,-0.3712,0.0000,0.3712,0.9285,-0.0000,-0.0000,0.0000,1.0000,0.0000,0.0000,0.0000,0.0000,-0.0000,0.0000,-9908.0625,-1391.0300,-268.7081,nan,nan,nan,0.8932,-0.4476,-0.0431,0.0385,-0.0193,0.9991,90.000,nan,nan,nan,0.0000,0.0000,0.0000,nan,nan,nan,-9908.0625,-1391.0300,-268.7081,-9908.0625,-1391.0300,-268.7081,12.000,0,nan,nan
15.3580,110.8167,0,-9640.1023,-1525.3102,-301.6257,nan,nan,nan,0.9285,-0.3712,0.0000,0.3712,0.9285,-0.0000,-0.0000,0.0000,1.0000,0.0000,0.0000,0.0000,0.0000,-0.0000,0.0000,-9908.0625,-1391.0300,-268.7081,nan,nan,nan,0.8932,-0.4476,-0.0431,0.0385,-0.0193,0.9991,90.000,nan,nan,nan,0.0000,0.0000,0.0000,nan,nan,nan,-9908.0625,-1391.0300,-268.7081,-9908.0625,-1391.0300,-268.7081,12.000,0,nan,nan
15.3850,110.8500,0,-9640.1023,-1525.3102,-301.6257,nan,nan,nan,0.9285,-0.3712,0.0000,0.3712,0.9285,-0.0000,-0.0000,0.0000,1.0000,0.0000,0.0000,0.0000,0.0000,-0.0000,0.0000,-9908.0625,-1391.0300,-268.7081,nan,nan,nan,0.8932,-0.4476,-0.0431,0.0385,-0.0193,0.9991,90.000,nan,nan,nan,0.0000,0.0000,0.0000,nan,nan,nan,-9908.0625,-1391.0300,-268.7081,-9908.0625,-1391.0300,-268.7081,12.000,0,nan,nan
15.4100,110.8833,0,-9640.1023,-1525.3102,-301.6257,nan,nan,nan,0.9285,-0.3712,0.0000,0.3712,0.9285,-0.0000,-0.0000,0.0000,1.0000,0.0000,0.0000,0.0000,0.0000,-0.0000,0.0000,-9908.0624,-1391.0300,-268.7081,nan,nan,nan,0.8932,-0.4476,-0.0431,0.0385,-0.0193,0.9991,90.000,nan,nan,nan,0.0000,0.0000,0.0000,nan,nan,nan,-9908.0624,-1391.0300,-268.7081,-9908.0624,-1391.0300,-268.7081,12.000,0,nan,nan
15.4370,110.9000,0,-9640.1023,-1525.3102,-301.6257,nan,nan,nan,0.9285,-0.3712,0.0000,0.3712,0.9285,-0.0000,-0.0000,0.0000,1.0000,0.0000,0.0000,0.0000,0.0000,-0.0000,0.0000,-9908.0624,-1391.0300,-268.7081,nan,nan,nan,0.8932,-0.4476,-0.0431,0.0385,-0.0193,0.9991,90.000,nan,nan,nan,0.0000,0.0000,0.0000,nan,nan,nan,-9908.0624,-1391.0300,-268.7081,-9908.0624,-1391.0300,-268.7081,12.000,0,nan,nan
15.4630,110.9333,0,-9640.1023,-1525.3102,-301.6257,nan,nan,nan,0.9285,-0.3712,0.0000,0.3712,0.9285,-0.0000,-0.0000,0.0000,1.0000,0.0000,0.0000,0.0000,0.0000,-0.0000,0.0000,-9908.0624,-1391.0300,-268.7081,nan,nan,nan,0.8932,-0.4476,-0.0431,0.0385,-0.0193,0.9991,90.000,nan,nan,nan,0.0000,0.0000,0.0000,nan,nan,nan,-9908.0624,-1391.0300,-268.7081,-9908.0624,-1391.0300,-268.7081,12.000,0,nan,nan
15.4900,110.9500,0,-9640.1023,-1525.3102,-301.6257,nan,nan,nan,0.9285,-0.3712,0.0000,0.3712,0.9285,-0.0000,-0.0000,0.0000,1.0000,0.0000,0.0000,0.0000,0.0000,-0.0000,0.0000,-9908.0624,-1391.0300,-268.7081,nan,nan,nan,0.8932,-0.4476,-0.0431,0.0385,-0.0193,0.9991,90.000,nan,nan,nan,0.0000,0.0000,0.0000,nan,nan,nan,-9908.0624,-1391.0300,-268.7081,-9908.0624,-1391.0300,-268.7081,12.000,0,nan,nan
15.5170,110.9833,0,-9640.1023,-1525.3102,-301.6257,nan,nan,nan,0.9285,-0.3712,0.0000,0.3712,0.9285,-0.0000,-0.0000,0.0000,1.0000,0.0000,0.0000,0.0000,0.0000,-0.0000,0.0000,-9908.0624,-1391.0300,-268.7081,nan,nan,nan,0.8932,-0.4476,-0.0431,0.0385,-0.0193,0.9991,90.000,nan,nan,nan,0.0000,0.0000,0.0000,nan,nan,nan,-9908.0624,-1391.0300,-268.7081,-9908.0624,-1391.0300,-268.7081,12.000,0,nan,nan
15.5430,111.0167,0,-9640.1023,-1525.3102,-301.6257,nan,nan,nan,0.9285,-0.3712,0.0000,0.3712,0.9285,-0.0000,-0.0000,0.0000,1.0000,0.0000,0.0000,0.0000,0.0000,-0.0000,0.0000,-9908.0624,-1391.0300,-268.7081,nan,nan,nan,0.8932,-0.4476,-0.0431,0.0385,-0.0193,0.9991,90.000,nan,nan,nan,0.0000,0.0000,0.0000,nan,nan,nan,-9908.0624,-1391.0300,-268.7081,-9908.0624,-1391.0300,-268.7081,12.000,0,nan,nan
15.5690,111.0333,0,-9640.1023,-1525.3102,-301.6257,nan,nan,nan,0.9285,-0.3712,0.0000,0.3712,0.9285,-0.0000,-0.0000,0.0000,1.0000,0.0000,0.0000,0.0000,0.0000,-0.0000,0.0000,-9908.0624,-1391.0300,-268.7081,nan,nan,nan,0.8932,-0.4476,-0.0431,0.0385,-0.0193,0.9991,90.000,nan,nan,nan,0.0000,0.0000,0.0000,nan,nan,nan,-9908.0624,-1391.0300,-268.7081,-9908.0624,-1391.0300,-268.7081,12.000,0,nan,nan
15.5940,111.0667,0,-9640.1023,-1525.3102,-301.6257,nan,nan,nan,0.9285,-0.3712,0.0000,0.3712,0.9285,-0.0000,-0.0000,0.0000,1.0000,0.0000,0.0000,0.0000,0.0000,-0.0000,0.0000,-9908.0623,-1391.0301,-268.7081,nan,nan,nan,0.8932,-0.4476,-0.0431,0.0385,-0.0193,0.9991,90.000,nan,nan,nan,0.0000,0.0000,0.0000,nan,nan,nan,-9908.0623,-1391.0301,-268.7081,-9908.0623,-1391.0301,-268.7081,12.000,0,nan,nan
15.6210,111.0833,0,-9640.1023,-1525.3102,-301.6257,nan,nan,nan,0.9285,-0.3712,0.0000,0.3712,0.9285,-0.0000,-0.0000,0.0000,1.0000,0.0000,0.0000,0.0000,0.0000,-0.0000,0.0000,-9908.0623,-1391.0301,-268.7081,nan,nan,nan,0.8932,-0.4476,-0.0431,0.0385,-0.0193,0.9991,90.000,nan,nan,nan,0.0000,0.0000,0.0000,nan,nan,nan,-9908.0623,-1391.0301,-268.7081,-9908.0623,-1391.0301,-268.7081,12.000,0,nan,nan
15.6460,111.1167,0,-9640.1023,-1525.3102,-301.6257,nan,nan,nan,0.9285,-0.3712,0.0000,0.3712,0.9285,-0.0000,-0.0000,0.0000,1.0000,0.0000,0.0000,0.0000,0.0000,-0.0000,0.0000,-9908.0623,-1391.0301,-268.7081,nan,nan,nan,0.8932,-0.4476,-0.0431,0.0385,-0.0193,0.9991,90.000,nan,nan,nan,0.0000,0.0000,0.0000,nan,nan,nan,-9908.0623,-1391.0301,-268.7081,-9908.0623,-1391.0301,-268.7081,12.000,0,nan,nan
15.6720,111.1333,0,-9640.1023,-1525.3102,-301.6257,nan,nan,nan,0.9285,-0.3712,0.0000,0.3712,0.9285,-0.0000,-0.0000,0.0000,1.0000,0.0000,0.0000,0.0000,0.0000,-0.0000,0.0000,-9908.0623,-1391.0301,-268.7081,nan,nan,nan,0.8932,-0.4476,-0.0431,0.0385,-0.0193,0.9991,90.000,nan,nan,nan,0.0000,0.0000,0.0000,nan,nan,nan,-9908.0623,-1391.0301,-268.7081,-9908.0623,-1391.0301,-268.7081,12.000,0,nan,nan
15.6980,111.1667,0,-9640.1023,-1525.3102,-301.6257,nan,nan,nan,0.9285,-0.3712,0.0000,0.3712,0.9285,-0.0000,-0.0000,0.0000,1.0000,0.0000,0.0000,0.0000,0.0000,-0.0000,0.0000,-9908.0623,-1391.0301,-268.7081,nan,nan,nan,0.8932,-0.4476,-0.0431,0.0385,-0.0193,0.9991,90.000,nan,nan,nan,0.0000,0.0000,0.0000,nan,nan,nan,-9908.0623,-1391.0301,-268.7081,-9908.0623,-1391.0301,-268.7081,12.000,0,nan,nan
15.7250,111.1833,0,-9640.1023,-1525.3102,-301.6257,nan,nan,nan,0.9285,-0.3712,0.0000,0.3712,0.9285,-0.0000,-0.0000,0.0000,1.0000,0.0000,0.0000,0.0000,0.0000,-0.0000,0.0000,-9908.0623,-1391.0301,-268.7081,nan,nan,nan,0.8932,-0.4476,-0.0431,0.0385,-0.0193,0.9991,90.000,nan,nan,nan,0.0000,0.0000,0.0000,nan,nan,nan,-9908.0623,-1391.0301,-268.7081,-9908.0623,-1391.0301,-268.7081,12.000,0,nan,nan
15.7520,111.2167,0,-9640.1023,-1525.3102,-301.6257,nan,nan,nan,0.9285,-0.3712,0.0000,0.3712,0.9285,-0.0000,-0.0000,0.0000,1.0000,0.0000,0.0000,0.0000,0.0000,-0.0000,0.0000,-9908.0623,-1391.0301,-268.7081,nan,nan,nan,0.8932,-0.4476,-0.0431,0.0385,-0.0193,0.9991,90.000,nan,nan,nan,0.0000,0.0000,0.0000,nan,nan,nan,-9908.0623,-1391.0301,-268.7081,-9908.0623,-1391.0301,-268.7081,12.000,0,nan,nan
15.7780,111.2500,0,-9640.1023,-1525.3102,-301.6257,nan,nan,nan,0.9285,-0.3712,0.0000,0.3712,0.9285,-0.0000,-0.0000,0.0000,1.0000,0.0000,0.0000,0.0000,0.0000,-0.0000,0.0000,-9908.0622,-1391.0301,-268.7081,nan,nan,nan,0.8932,-0.4476,-0.0431,0.0385,-0.0193,0.9991,90.000,nan,nan,nan,0.0000,0.0000,0.0000,nan,nan,nan,-9908.0622,-1391.0301,-268.7081,-9908.0622,-1391.0301,-268.7081,12.000,0,nan,nan
15.8030,111.2667,0,-9640.1023,-1525.3102,-301.6257,nan,nan,nan,0.9285,-0.3712,0.0000,0.3712,0.9285,-0.0000,-0.0000,0.0000,1.0000,0.0000,0.0000,0.0000,0.0000,-0.0000,0.0000,-9908.0622,-1391.0301,-268.7081,nan,nan,nan,0.8932,-0.4476,-0.0431,0.0385,-0.0193,0.9991,90.000,nan,nan,nan,0.0000,0.0000,0.0000,nan,nan,nan,-9908.0622,-1391.0301,-268.7081,-9908.0622,-1391.0301,-268.7081,12.000,0,nan,nan
15.8290,111.3000,0,-9640.1023,-1525.3102,-301.6257,nan,nan,nan,0.9285,-0.3712,0.0000,0.3712,0.9285,-0.0000,-0.0000,0.0000,1.0000,0.0000,0.0000,0.0000,0.0000,-0.0000,0.0000,-9908.0622,-1391.0301,-268.7081,nan,nan,nan,0.8932,-0.4476,-0.0431,0.0385,-0.0193,0.9991,90.000,nan,nan,nan,0.0000,0.0000,0.0000,nan,nan,nan,-9908.0622,-1391.0301,-268.7081,-9908.0622,-1391.0301,-268.7081,12.000,0,nan,nan
15.8560,111.3167,0,-9640.1023,-1525.3102,-301.6257,nan,nan,nan,0.9285,-0.3712,0.0000,0.3712,0.9285,-0.0000,-0.0000,0.0000,1.0000,0.0000,0.0000,0.0000,0.0000,-0.0000,0.0000,-9908.0622,-1391.0301,-268.7081,nan,nan,nan,0.8932,-0.4476,-0.0431,0.0385,-0.0193,0.9991,90.000,nan,nan,nan,0.0000,0.0000,0.0000,nan,nan,nan,-9908.0622,-1391.0301,-268.7081,-9908.0622,-1391.0301,-268.7081,12.000,0,nan,nan
15.8820,111.3500,0,-9640.1023,-1525.3102,-301.6257,nan,nan,nan,0.9285,-0.3712,0.0000,0.3712,0.9285,-0.0000,-0.0000,0.0000,1.0000,0.0000,0.0000,0.0000,0.0000,-0.0000,0.0000,-9908.0622,-1391.0301,-268.7081,nan,nan,nan,0.8932,-0.4476,-0.0431,0.0385,-0.0193,0.9991,90.000,nan,nan,nan,0.0000,0.0000,0.0000,nan,nan,nan,-9908.0622,-1391.0301,-268.7081,-9908.0622,-1391.0301,-268.7081,12.000,0,nan,nan
15.9080,111.3667,0,-9640.1023,-1525.3102,-301.6257,nan,nan,nan,0.9285,-0.3712,0.0000,0.3712,0.9285,-0.0000,-0.0000,0.0000,1.0000,0.0000,0.0000,0.0000,0.0000,-0.0000,0.0000,-9908.0622,-1391.0301,-268.7081,nan,nan,nan,0.8932,-0.4476,-0.0431,0.0385,-0.0193,0.9991,90.000,nan,nan,nan,0.0000,0.0000,0.0000,nan,nan,nan,-9908.0622,-1391.0301,-268.7081,-9908.0622,-1391.0301,-268.7081,12.000,0,nan,nan
15.9330,111.4000,0,-9640.1023,-1525.3102,-301.6257,nan,nan,nan,0.9285,-0.3712,0.0000,0.3712,0.9285,-0.0000,-0.0000,0.0000,1.0000,0.0000,0.0000,0.0000,0.0000,-0.0000,0.0000,-9908.0622,-1391.0301,-268.7081,nan,nan,nan,0.8932,-0.4476,-0.0431,0.0385,-0.0193,0.9991,90.000,nan,nan,nan,0.0000,0.0000,0.0000,nan,nan,nan,-9908.0622,-1391.0301,-268.7081,-9908.0622,-1391.0301,-268.7081,12.000,0,nan,nan
15.9590,111.4167,0,-9640.1023,-1525.3102,-301.6257,nan,nan,nan,0.9285,-0.3712,0.0000,0.3712,0.9285,-0.0000,-0.0000,0.0000,1.0000,0.0000,0.0000,0.0000,0.0000,-0.0000,0.0000,-9908.0622,-1391.0301,-268.7081,nan,nan,nan,0.8932,-0.4476,-0.0431,0.0385,-0.0193,0.9991,90.000,nan,nan,nan,0.0000,0.0000,0.0000,nan,nan,nan,-9908.0622,-1391.0301,-268.7081,-9908.0622,-1391.0301,-268.7081,12.000,0,nan,nan
15.9860,111.4500,0,-9640.1023,-1525.3102,-301.6257,nan,nan,nan,0.9285,-0.3712,0.0000,0.3712,0.9285,-0.0000,-0.0000,0.0000,1.0000,0.0000,0.0000,0.0000,0.0000,-0.0000,0.0000,-9908.0622,-1391.0301,-268.7081,nan,nan,nan,0.8932,-0.4476,-0.0431,0.0385,-0.0193,0.9991,90.000,nan,nan,nan,0.0000,0.0000,0.0000,nan,nan,nan,-9908.0622,-1391.0301,-268.7081,-9908.0622,-1391.0301,-268.7081,12.000,0,nan,nan
16.0100,111.4833,0,-9640.1023,-1525.3102,-301.6257,nan,nan,nan,0.9285,-0.3712,0.0000,0.3712,0.9285,-0.0000,-0.0000,0.0000,1.0000,0.0000,0.0000,0.0000,0.0000,-0.0000,0.0000,-9908.0621,-1391.0302,-268.7081,nan,nan,nan,0.8932,-0.4476,-0.0431,0.0385,-0.0193,0.9991,90.000,nan,nan,nan,0.0000,0.0000,0.0000,nan,nan,nan,-9908.0621,-1391.0302,-268.7081,-9908.0621,-1391.0302,-268.7081,12.000,0,nan,nan
16.0380,111.5000,0,-9640.1023,-1525.3102,-301.6257,nan,nan,nan,0.9285,-0.3712,0.0000,0.3712,0.9285,-0.0000,-0.0000,0.0000,1.0000,0.0000,0.0000,0.0000,0.0000,-0.0000,0.0000,-9908.0621,-1391.0302,-268.7081,nan,nan,nan,0.8932,-0.4476,-0.0431,0.0385,-0.0193,0.9991,90.000,nan,nan,nan,0.0000,0.0000,0.0000,nan,nan,nan,-9908.0621,-1391.0302,-268.7081,-9908.0621,-1391.0302,-268.7081,12.000,0,nan,nan
16.0650,111.5333,0,-9640.1023,-1525.3102,-301.6257,nan,nan,nan,0.9285,-0.3712,0.0000,0.3712,0.9285,-0.0000,-0.0000,0.0000,1.0000,0.0000,0.0000,0.0000,0.0000,-0.0000,0.0000,-9908.0621,-1391.0302,-268.7081,nan,nan,nan,0.8932,-0.4476,-0.0431,0.0385,-0.0193,0.9991,90.000,nan,nan,nan,0.0000,0.0000,0.0000,nan,nan,nan,-9908.0621,-1391.0302,-268.7081,-9908.0621,-1391.0302,-268.7081,12.000,0,nan,nan
16.0910,111.5500,0,-9640.1023,-1525.3102,-301.6257,nan,nan,nan,0.9285,-0.3712,0.0000,0.3712,0.9285,-0.0000,-0.0000,0.0000,1.0000,0.0000,0.0000,0.0000,0.0000,-0.0000,0.0000,-9908.0621,-1391.0302,-268.7081,nan,nan,nan,0.8932,-0.4476,-0.0431,0.0385,-0.0193,0.9991,90.000,nan,nan,nan,0.0000,0.0000,0.0000,nan,nan,nan,-9908.0621,-1391.0302,-268.7081,-9908.0621,-1391.0302,-268.7081,12.000,0,nan,nan
16.1160,111.5833,0,-9640.1023,-1525.3102,-301.6257,nan,nan,nan,0.9285,-0.3712,0.0000,0.3712,0.9285,-0.0000,-0.0000,0.0000,1.0000,0.0000,0.0000,0.0000,0.0000,-0.0000,0.0000,-9908.0621,-1391.0302,-268.7081,nan,nan,nan,0.8932,-0.4476,-0.0431,0.0385,-0.0193,0.9991,90.000,nan,nan,nan,0.0000,0.0000,0.0000,nan,nan,nan,-9908.0621,-1391.0302,-268.7081,-9908.0621,-1391.0302,-268.7081,12.000,0,nan,nan
16.1430,111.6000,0,-9640.1023,-1525.3102,-301.6257,nan,nan,nan,0.9285,-0.3712,0.0000,0.3712,0.9285,-0.0000,-0.0000,0.0000,1.0000,0.0000,0.0000,0.0000,0.0000,-0.0000,0.0000,-9908.0621,-1391.0302,-268.7081,nan,nan,nan,0.8932,-0.4476,-0.0431,0.0385,-0.0193,0.9991,90.000,nan,nan,nan,0.0000,0.0000,0.0000,nan,nan,nan,-9908.0621,-1391.0302,-268.7081,-9908.0621,-1391.0302,-268.7081,12.000,0,nan,nan
16.1690,111.6333,0,-9640.1023,-1525.3102,-301.6257,nan,nan,nan,0.9285,-0.3712,0.0000,0.3712,0.9285,-0.0000,-0.0000,0.0000,1.0000,0.0000,0.0000,0.0000,0.0000,-0.0000,0.0000,-9908.0621,-1391.0302,-268.7081,nan,nan,nan,0.8932,-0.4476,-0.0431,0.0385,-0.0193,0.9991,90.000,nan,nan,nan,0.0000,0.0000,0.0000,nan,nan,nan,-9908.0621,-1391.0302,-268.7081,-9908.0621,-1391.0302,-268.7081,12.000,0,nan,nan
16.1950,111.6667,0,-9640.1023,-1525.3102,-301.6257,nan,nan,nan,0.9285,-0.3712,0.0000,0.3712,0.9285,-0.0000,-0.0000,0.0000,1.0000,0.0000,0.0000,0.0000,0.0000,-0.0000,0.0000,-9908.0621,-1391.0302,-268.7081,nan,nan,nan,0.8932,-0.4476,-0.0431,0.0385,-0.0193,0.9991,90.000,nan,nan,nan,0.0000,0.0000,0.0000,nan,nan,nan,-9908.0621,-1391.0302,-268.7081,-9908.0621,-1391.0302,-268.7081,12.000,0,nan,nan
16.2210,111.6833,0,-9640.1023,-1525.3102,-301.6257,nan,nan,nan,0.9285,-0.3712,0.0000,0.3712,0.9285,-0.0000,-0.0000,0.0000,1.0000,0.0000,0.0000,0.0000,0.0000,-0.0000,0.0000,-9908.0621,-1391.0302,-268.7081,nan,nan,nan,0.8932,-0.4476,-0.0431,0.0385,-0.0193,0.9991,90.000,nan,nan,nan,0.0000,0.0000,0.0000,nan,nan,nan,-9908.0621,-1391.0302,-268.7081,-9908.0621,-1391.0302,-268.7081,12.000,0,nan,nan
16.2470,111.7167,0,-9640.1023,-1525.3102,-301.6257,nan,nan,nan,0.9285,-0.3712,0.0000,0.3712,0.9285,-0.0000,-0.0000,0.0000,1.0000,0.0000,0.0000,0.0000,0.0000,-0.0000,0.0000,-9908.0621,-1391.0302,-268.7081,nan,nan,nan,0.8932,-0.4476,-0.0431,0.0385,-0.0193,0.9991,90.000,nan,nan,nan,0.0000,0.0000,0.0000,nan,nan,nan,-9908.0621,-1391.0302,-268.7081,-9908.0621,-1391.0302,-268.7081,12.000,0,nan,nan
16.2750,111.7333,0,-9640.1023,-1525.3102,-301.6257,nan,nan,nan,0.9285,-0.3712,0.0000,0.3712,0.9285,-0.0000,-0.0000,0.0000,1.0000,0.0000,0.0000,0.0000,0.0000,-0.0000,0.0000,-9908.0621,-1391.0302,-268.7081,nan,nan,nan,0.8932,-0.4476,-0.0431,0.0385,-0.0193,0.9991,90.000,nan,nan,nan,0.0000,0.0000,0.0000,nan,nan,nan,-9908.0621,-1391.0302,-268.7081,-9908.0621,-1391.0302,-268.7081,12.000,0,nan,nan
16.3010,111.7667,0,-9640.1023,-1525.3102,-301.6257,nan,nan,nan,0.9285,-0.3712,0.0000,0.3712,0.9285,-0.0000,-0.0000,0.0000,1.0000,0.0000,0.0000,0.0000,0.0000,-0.0000,0.0000,-9908.0620,-1391.0302,-268.7081,nan,nan,nan,0.8932,-0.4476,-0.0431,0.0385,-0.0193,0.9991,90.000,nan,nan,nan,0.0000,0.0000,0.0000,nan,nan,nan,-9908.0620,-1391.0302,-268.7081,-9908.0620,-1391.0302,-268.7081,12.000,0,nan,nan
16.3270,111.8000,0,-9640.1023,-1525.3102,-301.6257,nan,nan,nan,0.9285,-0.3712,0.0000,0.3712,0.9285,-0.0000,-0.0000,0.0000,1.0000,0.0000,0.0000,0.0000,0.0000,-0.0000,0.0000,-9908.0620,-1391.0302,-268.7081,nan,nan,nan,0.8932,-0.4476,-0.0431,0.0385,-0.0193,0.9991,90.000,nan,nan,nan,0.0000,0.0000,0.0000,nan,nan,nan,-9908.0620,-1391.0302,-268.7081,-9908.0620,-1391.0302,-268.7081,12.000,0,nan,nan
16.3520,111.8167,0,-9640.1023,-1525.3102,-301.6257,nan,nan,nan,0.9285,-0.3712,0.0000,0.3712,0.9285,-0.0000,-0.0000,0.0000,1.0000,0.0000,0.0000,0.0000,0.0000,-0.0000,0.0000,-9908.0620,-1391.0302,-268.7081,nan,nan,nan,0.8932,-0.4476,-0.0431,0.0385,-0.0193,0.9991,90.000,nan,nan,nan,0.0000,0.0000,0.0000,nan,nan,nan,-9908.0620,-1391.0302,-268.7081,-9908.0620,-1391.0302,-268.7081,12.000,0,nan,nan
16.3780,111.8500,0,-9640.1023,-1525.3102,-301.6257,nan,nan,nan,0.9285,-0.3712,0.0000,0.3712,0.9285,-0.0000,-0.0000,0.0000,1.0000,0.0000,0.0000,0.0000,0.0000,-0.0000,0.0000,-9908.0620,-1391.0302,-268.7081,nan,nan,nan,0.8932,-0.4476,-0.0431,0.0385,-0.0193,0.9991,90.000,nan,nan,nan,0.0000,0.0000,0.0000,nan,nan,nan,-9908.0620,-1391.0302,-268.7081,-9908.0620,-1391.0302,-268.7081,12.000,0,nan,nan
16.4060,111.8667,0,-9640.1023,-1525.3102,-301.6257,nan,nan,nan,0.9285,-0.3712,0.0000,0.3712,0.9285,-0.0000,-0.0000,0.0000,1.0000,0.0000,0.0000,0.0000,0.0000,-0.0000,0.0000,-9908.0620,-1391.0302,-268.7081,nan,nan,nan,0.8932,-0.4476,-0.0431,0.0385,-0.0193,0.9991,90.000,nan,nan,nan,0.0000,0.0000,0.0000,nan,nan,nan,-9908.0620,-1391.0302,-268.7081,-9908.0620,-1391.0302,-268.7081,12.000,0,nan,nan
16.4320,111.9000,0,-9640.1023,-1525.3102,-301.6257,nan,nan,nan,0.9285,-0.3712,0.0000,0.3712,0.9285,-0.0000,-0.0000,0.0000,1.0000,0.0000,0.0000,0.0000,0.0000,-0.0000,0.0000,-9908.0620,-1391.0302,-268.7081,nan,nan,nan,0.8932,-0.4476,-0.0431,0.0385,-0.0193,0.9991,90.000,nan,nan,nan,0.0000,0.0000,0.0000,nan,nan,nan,-9908.0620,-1391.0302,-268.7081,-9908.0620,-1391.0302,-268.7081,12.000,0,nan,nan
16.4570,111.9167,0,-9640.1023,-1525.3102,-301.6257,nan,nan,nan,0.9285,-0.3712,0.0000,0.3712,0.9285,-0.0000,-0.0000,0.0000,1.0000,0.0000,0.0000,0.0000,0.0000,-0.0000,0.0000,-9908.0620,-1391.0302,-268.7081,nan,nan,nan,0.8932,-0.4476,-0.0431,0.0385,-0.0193,0.9991,90.000,nan,nan,nan,0.0000,0.0000,0.0000,nan,nan,nan,-9908.0620,-1391.0302,-268.7081,-9908.0620,-1391.0302,-268.7081,12.000,0,nan,nan
16.4830,111.9500,0,-9640.1023,-1525.3102,-301.6257,nan,nan,nan,0.9285,-0.3712,0.0000,0.3712,0.9285,-0.0000,-0.0000,0.0000,1.0000,0.0000,0.0000,0.0000,0.0000,-0.0000,0.0000,-9908.0620,-1391.0302,-268.7081,nan,nan,nan,0.8932,-0.4476,-0.0431,0.0385,-0.0193,0.9991,90.000,nan,nan,nan,0.0000,0.0000,0.0000,nan,nan,nan,-9908.0620,-1391.0302,-268.7081,-9908.0620,-1391.0302,-268.7081,12.000,0,nan,nan
16.5100,111.9667,0,-9640.1023,-1525.3102,-301.6257,nan,nan,nan,0.9285,-0.3712,0.0000,0.3712,0.9285,-0.0000,-0.0000,0.0000,1.0000,0.0000,0.0000,0.0000,0.0000,-0.0000,0.0000,-9908.0620,-1391.0302,-268.7081,nan,nan,nan,0.8932,-0.4476,-0.0431,0.0385,-0.0193,0.9991,90.000,nan,nan,nan,0.0000,0.0000,0.0000,nan,nan,nan,-9908.0620,-1391.0302,-268.7081,-9908.0620,-1391.0302,-268.7081,12.000,0,nan,nan
16.5370,112.0000,0,-9640.1023,-1525.3102,-301.6257,nan,nan,nan,0.9285,-0.3712,0.0000,0.3712,0.9285,-0.0000,-0.0000,0.0000,1.0000,0.0000,0.0000,0.0000,0.0000,-0.0000,0.0000,-9908.0620,-1391.0302,-268.7081,nan,nan,nan,0.8932,-0.4476,-0.0431,0.0385,-0.0193,0.9991,90.000,nan,nan,nan,0.0000,0.0000,0.0000,nan,nan,nan,-9908.0620,-1391.0302,-268.7081,-9908.0620,-1391.0302,-268.7081,12.000,0,nan,nan
16.5630,112.0333,0,-9640.1023,-1525.3102,-301.6257,nan,nan,nan,0.9285,-0.3712,0.0000,0.3712,0.9285,-0.0000,-0.0000,0.0000,1.0000,0.0000,0.0000,0.0000,0.0000,-0.0000,0.0000,-9908.0620,-1391.0302,-268.7081,nan,nan,nan,0.8932,-0.4476,-0.0431,0.0385,-0.0193,0.9991,90.000,nan,nan,nan,0.0000,0.0000,0.0000,nan,nan,nan,-9908.0620,-1391.0302,-268.7081,-9908.0620,-1391.0302,-268.7081,12.000,0,nan,nan
16.5880,112.0500,0,-9640.1023,-1525.3102,-301.6257,nan,nan,nan,0.9285,-0.3712,0.0000,0.3712,0.9285,-0.0000,-0.0000,0.0000,1.0000,0.0000,0.0000,0.0000,0.0000,-0.0000,0.0000,-9908.0620,-1391.0302,-268.7081,nan,nan,nan,0.8932,-0.4476,-0.0431,0.0385,-0.0193,0.9991,90.000,nan,nan,nan,0.0000,0.0000,0.0000,nan,nan,nan,-9908.0620,-1391.0302,-268.7081,-9908.0620,-1391.0302,-268.7081,12.000,0,nan,nan
16.6140,112.0833,0,-9640.1023,-1525.3102,-301.6257,nan,nan,nan,0.9285,-0.3712,0.0000,0.3712,0.9285,-0.0000,-0.0000,0.0000,1.0000,0.0000,0.0000,0.0000,0.0000,-0.0000,0.0000,-9908.0620,-1391.0302,-268.7081,nan,nan,nan,0.8932,-0.4476,-0.0431,0.0385,-0.0193,0.9991,90.000,nan,nan,nan,0.0000,0.0000,0.0000,nan,nan,nan,-9908.0620,-1391.0302,-268.7081,-9908.0620,-1391.0302,-268.7081,12.000,0,nan,nan
16.6410,112.1000,0,-9640.1023,-1525.3102,-301.6257,nan,nan,nan,0.9285,-0.3712,0.0000,0.3712,0.9285,-0.0000,-0.0000,0.0000,1.0000,0.0000,0.0000,0.0000,0.0000,-0.0000,0.0000,-9908.0619,-1391.0302,-268.7081,nan,nan,nan,0.8932,-0.4476,-0.0431,0.0385,-0.0193,0.9991,90.000,nan,nan,nan,0.0000,0.0000,0.0000,nan,nan,nan,-9908.0619,-1391.0302,-268.7081,-9908.0619,-1391.0302,-268.7081,12.000,0,nan,nan
16.6680,112.1333,0,-9640.1023,-1525.3102,-301.6257,nan,nan,nan,0.9285,-0.3712,0.0000,0.3712,0.9285,-0.0000,-0.0000,0.0000,1.0000,0.0000,0.0000,0.0000,0.0000,-0.0000,0.0000,-9908.0619,-1391.0302,-268.7081,nan,nan,nan,0.8932,-0.4476,-0.0431,0.0385,-0.0193,0.9991,90.000,nan,nan,nan,0.0000,0.0000,0.0000,nan,nan,nan,-9908.0619,-1391.0302,-268.7081,-9908.0619,-1391.0302,-268.7081,12.000,0,nan,nan
16.6920,112.1667,0,-9640.1023,-1525.3102,-301.6257,nan,nan,nan,0.9285,-0.3712,0.0000,0.3712,0.9285,-0.0000,-0.0000,0.0000,1.0000,0.0000,0.0000,0.0000,0.0000,-0.0000,0.0000,-9908.0619,-1391.0302,-268.7081,nan,nan,nan,0.8932,-0.4476,-0.0431,0.0385,-0.0193,0.9991,90.000,nan,nan,nan,0.0000,0.0000,0.0000,nan,nan,nan,-9908.0619,-1391.0302,-268.7081,-9908.0619,-1391.0302,-268.7081,12.000,0,nan,nan
16.7190,112.1833,0,-9640.1023,-1525.3102,-301.6257,nan,nan,nan,0.9285,-0.3712,0.0000,0.3712,0.9285,-0.0000,-0.0000,0.0000,1.0000,0.0000,0.0000,0.0000,0.0000,-0.0000,0.0000,-9908.0619,-1391.0302,-268.7081,nan,nan,nan,0.8932,-0.4476,-0.0431,0.0385,-0.0193,0.9991,90.000,nan,nan,nan,0.0000,0.0000,0.0000,nan,nan,nan,-9908.0619,-1391.0302,-268.7081,-9908.0619,-1391.0302,-268.7081,12.000,0,nan,nan
16.7470,112.2167,0,-9640.1023,-1525.3102,-301.6257,nan,nan,nan,0.9285,-0.3712,0.0000,0.3712,0.9285,-0.0000,-0.0000,0.0000,1.0000,0.0000,0.0000,0.0000,0.0000,-0.0000,0.0000,-9908.0619,-1391.0302,-268.7081,nan,nan,nan,0.8932,-0.4476,-0.0431,0.0385,-0.0193,0.9991,90.000,nan,nan,nan,0.0000,0.0000,0.0000,nan,nan,nan,-9908.0619,-1391.0302,-268.7081,-9908.0619,-1391.0302,-268.7081,12.000,0,nan,nan
16.7720,112.2333,0,-9640.1023,-1525.3102,-301.6257,nan,nan,nan,0.9285,-0.3712,0.0000,0.3712,0.9285,-0.0000,-0.0000,0.0000,1.0000,0.0000,0.0000,0.0000,0.0000,-0.0000,0.0000,-9908.0619,-1391.0302,-268.7081,nan,nan,nan,0.8932,-0.4476,-0.0431,0.0385,-0.0193,0.9991,90.000,nan,nan,nan,0.0000,0.0000,0.0000,nan,nan,nan,-9908.0619,-1391.0302,-268.7081,-9908.0619,-1391.0302,-268.7081,12.000,0,nan,nan
16.7970,112.2667,0,-9640.1023,-1525.3102,-301.6257,nan,nan,nan,0.9285,-0.3712,0.0000,0.3712,0.9285,-0.0000,-0.0000,0.0000,1.0000,0.0000,0.0000,0.0000,0.0000,-0.0000,0.0000,-9908.0619,-1391.0302,-268.7081,nan,nan,nan,0.8932,-0.4476,-0.0431,0.0385,-0.0193,0.9991,90.000,nan,nan,nan,0.0000,0.0000,0.0000,nan,nan,nan,-9908.0619,-1391.0302,-268.7081,-9908.0619,-1391.0302,-268.7081,12.000,0,nan,nan
16.8230,112.2833,0,-9640.1023,-1525.3102,-301.6257,nan,nan,nan,0.9285,-0.3712,0.0000,0.3712,0.9285,-0.0000,-0.0000,0.0000,1.0000,0.0000,0.0000,0.0000,0.0000,-0.0000,0.0000,-9908.0619,-1391.0302,-268.7081,nan,nan,nan,0.8932,-0.4476,-0.0431,0.0385,-0.0193,0.9991,90.000,nan,nan,nan,0.0000,0.0000,0.0000,nan,nan,nan,-9908.0619,-1391.0302,-268.7081,-9908.0619,-1391.0302,-268.7081,12.000,0,nan,nan
16.8490,112.3167,0,-9640.1023,-1525.3102,-301.6257,nan,nan,nan,0.9285,-0.3712,0.0000,0.3712,0.9285,-0.0000,-0.0000,0.0000,1.0000,0.0000,0.0000,0.0000,0.0000,-0.0000,0.0000,-9908.0619,-1391.0302,-268.7081,nan,nan,nan,0.8932,-0.4476,-0.0431,0.0385,-0.0193,0.9991,90.000,nan,nan,nan,0.0000,0.0000,0.0000,nan,nan,nan,-9908.0619,-1391.0302,-268.7081,-9908.0619,-1391.0302,-268.7081,12.000,0,nan,nan
16.8740,112.3333,0,-9640.1023,-1525.3102,-301.6257,nan,nan,nan,0.9285,-0.3712,0.0000,0.3712,0.9285,-0.0000,-0.0000,0.0000,1.0000,0.0000,0.0000,0.0000,0.0000,-0.0000,0.0000,-9908.0619,-1391.0302,-268.7081,nan,nan,nan,0.8932,-0.4476,-0.0431,0.0385,-0.0193,0.9991,90.000,nan,nan,nan,0.0000,0.0000,0.0000,nan,nan,nan,-9908.0619,-1391.0302,-268.7081,-9908.0619,-1391.0302,-268.7081,12.000,0,nan,nan
16.9000,112.3667,0,-9640.1023,-1525.3102,-301.6257,nan,nan,nan,0.9285,-0.3712,0.0000,0.3712,0.9285,-0.0000,-0.0000,0.0000,1.0000,0.0000,0.0000,0.0000,0.0000,-0.0000,0.0000,-9908.0619,-1391.0302,-268.7081,nan,nan,nan,0.8932,-0.4476,-0.0431,0.0385,-0.0193,0.9991,90.000,nan,nan,nan,0.0000,0.0000,0.0000,nan,nan,nan,-9908.0619,-1391.0302,-268.7081,-9908.0619,-1391.0302,-268.7081,12.000,0,nan,nan
16.9280,112.3833,0,-9640.1023,-1525.3102,-301.6257,nan,nan,nan,0.9285,-0.3712,0.0000,0.3712,0.9285,-0.0000,-0.0000,0.0000,1.0000,0.0000,0.0000,0.0000,0.0000,-0.0000,0.0000,-9908.0619,-1391.0302,-268.7081,nan,nan,nan,0.8932,-0.4476,-0.0431,0.0385,-0.0193,0.9991,90.000,nan,nan,nan,0.0000,0.0000,0.0000,nan,nan,nan,-9908.0619,-1391.0302,-268.7081,-9908.0619,-1391.0302,-268.7081,12.000,0,nan,nan
16.9530,112.4167,0,-9640.1023,-1525.3102,-301.6257,nan,nan,nan,0.9285,-0.3712,0.0000,0.3712,0.9285,-0.0000,-0.0000,0.0000,1.0000,0.0000,0.0000,0.0000,0.0000,-0.0000,0.0000,-9908.0619,-1391.0302,-268.7081,nan,nan,nan,0.8932,-0.4476,-0.0431,0.0385,-0.0193,0.9991,90.000,nan,nan,nan,0.0000,0.0000,0.0000,nan,nan,nan,-9908.0619,-1391.0302,-268.7081,-9908.0619,-1391.0302,-268.7081,12.000,0,nan,nan
16.9790,112.4500,0,-9640.1023,-1525.3102,-301.6257,nan,nan,nan,0.9285,-0.3712,0.0000,0.3712,0.9285,-0.0000,-0.0000,0.0000,1.0000,0.0000,0.0000,0.0000,0.0000,-0.0000,0.0000,-9908.0619,-1391.0302,-268.7081,nan,nan,nan,0.8932,-0.4476,-0.0431,0.0385,-0.0193,0.9991,90.000,nan,nan,nan,0.0000,0.0000,0.0000,nan,nan,nan,-9908.0619,-1391.0302,-268.7081,-9908.0619,-1391.0302,-268.7081,12.000,0,nan,nan
17.0060,112.4667,0,-9640.1023,-1525.3102,-301.6257,nan,nan,nan,0.9285,-0.3712,0.0000,0.3712,0.9285,-0.0000,-0.0000,0.0000,1.0000,0.0000,0.0000,0.0000,0.0000,-0.0000,0.0000,-9908.0619,-1391.0302,-268.7081,nan,nan,nan,0.8932,-0.4476,-0.0431,0.0385,-0.0193,0.9991,90.000,nan,nan,nan,0.0000,0.0000,0.0000,nan,nan,nan,-9908.0619,-1391.0302,-268.7081,-9908.0619,-1391.0302,-268.7081,12.000,0,nan,nan
17.0320,112.5000,0,-9640.1023,-1525.3102,-301.6257,nan,nan,nan,0.9285,-0.3712,0.0000,0.3712,0.9285,-0.0000,-0.0000,0.0000,1.0000,0.0000,0.0000,0.0000,0.0000,-0.0000,0.0000,-9908.0619,-1391.0302,-268.7081,nan,nan,nan,0.8932,-0.4476,-0.0431,0.0385,-0.0193,0.9991,90.000,nan,nan,nan,0.0000,0.0000,0.0000,nan,nan,nan,-9908.0619,-1391.0302,-268.7081,-9908.0619,-1391.0302,-268.7081,12.000,0,nan,nan
17.0590,112.5167,0,-9640.1023,-1525.3102,-301.6257,nan,nan,nan,0.9285,-0.3712,0.0000,0.3712,0.9285,-0.0000,-0.0000,0.0000,1.0000,0.0000,0.0000,0.0000,0.0000,-0.0000,0.0000,-9908.0618,-1391.0303,-268.7081,nan,nan,nan,0.8932,-0.4476,-0.0431,0.0385,-0.0193,0.9991,90.000,nan,nan,nan,0.0000,0.0000,0.0000,nan,nan,nan,-9908.0618,-1391.0303,-268.7081,-9908.0618,-1391.0303,-268.7081,12.000,0,nan,nan
17.0840,112.5500,0,-9640.1023,-1525.3102,-301.6257,nan,nan,nan,0.9285,-0.3712,0.0000,0.3712,0.9285,-0.0000,-0.0000,0.0000,1.0000,0.0000,0.0000,0.0000,0.0000,-0.0000,0.0000,-9908.0618,-1391.0303,-268.7081,nan,nan,nan,0.8932,-0.4476,-0.0431,0.0385,-0.0193,0.9991,90.000,nan,nan,nan,0.0000,0.0000,0.0000,nan,nan,nan,-9908.0618,-1391.0303,-268.7081,-9908.0618,-1391.0303,-268.7081,12.000,0,nan,nan
17.1110,112.5833,0,-9640.1023,-1525.3102,-301.6257,nan,nan,nan,0.9285,-0.3712,0.0000,0.3712,0.9285,-0.0000,-0.0000,0.0000,1.0000,0.0000,0.0000,0.0000,0.0000,-0.0000,0.0000,-9908.0618,-1391.0303,-268.7081,nan,nan,nan,0.8932,-0.4476,-0.0431,0.0385,-0.0193,0.9991,90.000,nan,nan,nan,0.0000,0.0000,0.0000,nan,nan,nan,-9908.0618,-1391.0303,-268.7081,-9908.0618,-1391.0303,-268.7081,12.000,0,nan,nan
17.1360,112.6000,0,-9640.1023,-1525.3102,-301.6257,nan,nan,nan,0.9285,-0.3712,0.0000,0.3712,0.9285,-0.0000,-0.0000,0.0000,1.0000,0.0000,0.0000,0.0000,0.0000,-0.0000,0.0000,-9908.0618,-1391.0303,-268.7081,nan,nan,nan,0.8932,-0.4476,-0.0431,0.0385,-0.0193,0.9991,90.000,nan,nan,nan,0.0000,0.0000,0.0000,nan,nan,nan,-9908.0618,-1391.0303,-268.7081,-9908.0618,-1391.0303,-268.7081,12.000,0,nan,nan
17.1630,112.6333,0,-9640.1023,-1525.3102,-301.6257,nan,nan,nan,0.9285,-0.3712,0.0000,0.3712,0.9285,-0.0000,-0.0000,0.0000,1.0000,0.0000,0.0000,0.0000,0.0000,-0.0000,0.0000,-9908.0618,-1391.0303,-268.7081,nan,nan,nan,0.8932,-0.4476,-0.0431,0.0385,-0.0193,0.9991,90.000,nan,nan,nan,0.0000,0.0000,0.0000,nan,nan,nan,-9908.0618,-1391.0303,-268.7081,-9908.0618,-1391.0303,-268.7081,12.000,0,nan,nan
17.1900,112.6500,0,-9640.1023,-1525.3102,-301.6257,nan,nan,nan,0.9285,-0.3712,0.0000,0.3712,0.9285,-0.0000,-0.0000,0.0000,1.0000,0.0000,0.0000,0.0000,0.0000,-0.0000,0.0000,-9908.0618,-1391.0303,-268.7081,nan,nan,nan,0.8932,-0.4476,-0.0431,0.0385,-0.0193,0.9991,90.000,nan,nan,nan,0.0000,0.0000,0.0000,nan,nan,nan,-9908.0618,-1391.0303,-268.7081,-9908.0618,-1391.0303,-268.7081,12.000,0,nan,nan
17.2160,112.6833,0,-9640.1023,-1525.3102,-301.6257,nan,nan,nan,0.9285,-0.3712,0.0000,0.3712,0.9285,-0.0000,-0.0000,0.0000,1.0000,0.0000,0.0000,0.0000,0.0000,-0.0000,0.0000,-9908.0618,-1391.0303,-268.7081,nan,nan,nan,0.8932,-0.4476,-0.0431,0.0385,-0.0193,0.9991,90.000,nan,nan,nan,0.0000,0.0000,0.0000,nan,nan,nan,-9908.0618,-1391.0303,-268.7081,-9908.0618,-1391.0303,-268.7081,12.000,0,nan,nan
17.2410,112.7000,0,-9640.1023,-1525.3102,-301.6257,nan,nan,nan,0.9285,-0.3712,0.0000,0.3712,0.9285,-0.0000,-0.0000,0.0000,1.0000,0.0000,0.0000,0.0000,0.0000,-0.0000,0.0000,-9908.0618,-1391.0303,-268.7081,nan,nan,nan,0.8932,-0.4476,-0.0431,0.0385,-0.0193,0.9991,90.000,nan,nan,nan,0.0000,0.0000,0.0000,nan,nan,nan,-9908.0618,-1391.0303,-268.7081,-9908.0618,-1391.0303,-268.7081,12.000,0,nan,nan
17.2680,112.7333,0,-9640.1023,-1525.3102,-301.6257,nan,nan,nan,0.9285,-0.3712,0.0000,0.3712,0.9285,-0.0000,-0.0000,0.0000,1.0000,0.0000,0.0000,0.0000,0.0000,-0.0000,0.0000,-9908.0618,-1391.0303,-268.7081,nan,nan,nan,0.8932,-0.4476,-0.0431,0.0385,-0.0193,0.9991,90.000,nan,nan,nan,0.0000,0.0000,0.0000,nan,nan,nan,-9908.0618,-1391.0303,-268.7081,-9908.0618,-1391.0303,-268.7081,12.000,0,nan,nan
17.2960,112.7667,0,-9640.1023,-1525.3102,-301.6257,nan,nan,nan,0.9285,-0.3712,0.0000,0.3712,0.9285,-0.0000,-0.0000,0.0000,1.0000,0.0000,0.0000,0.0000,0.0000,-0.0000,0.0000,-9908.0618,-1391.0303,-268.7081,nan,nan,nan,0.8932,-0.4476,-0.0431,0.0385,-0.0193,0.9991,90.000,nan,nan,nan,0.0000,0.0000,0.0000,nan,nan,nan,-9908.0618,-1391.0303,-268.7081,-9908.0618,-1391.0303,-268.7081,12.000,0,nan,nan
17.3210,112.7833,0,-9640.1023,-1525.3102,-301.6257,nan,nan,nan,0.9285,-0.3712,0.0000,0.3712,0.9285,-0.0000,-0.0000,0.0000,1.0000,0.0000,0.0000,0.0000,0.0000,-0.0000,0.0000,-9908.0618,-1391.0303,-268.7081,nan,nan,nan,0.8932,-0.4476,-0.0431,0.0385,-0.0193,0.9991,90.000,nan,nan,nan,0.0000,0.0000,0.0000,nan,nan,nan,-9908.0618,-1391.0303,-268.7081,-9908.0618,-1391.0303,-268.7081,12.000,0,nan,nan
17.3470,112.8167,0,-9640.1023,-1525.3102,-301.6257,nan,nan,nan,0.9285,-0.3712,0.0000,0.3712,0.9285,-0.0000,-0.0000,0.0000,1.0000,0.0000,0.0000,0.0000,0.0000,-0.0000,0.0000,-9908.0618,-1391.0303,-268.7081,nan,nan,nan,0.8932,-0.4476,-0.0431,0.0385,-0.0193,0.9991,90.000,nan,nan,nan,0.0000,0.0000,0.0000,nan,nan,nan,-9908.0618,-1391.0303,-268.7081,-9908.0618,-1391.0303,-268.7081,12.000,0,nan,nan
17.3720,112.8333,0,-9640.1023,-1525.3102,-301.6257,nan,nan,nan,0.9285,-0.3712,0.0000,0.3712,0.9285,-0.0000,-0.0000,0.0000,1.0000,0.0000,0.0000,0.0000,0.0000,-0.0000,0.0000,-9908.0618,-1391.0303,-268.7081,nan,nan,nan,0.8932,-0.4476,-0.0431,0.0385,-0.0193,0.9991,90.000,nan,nan,nan,0.0000,0.0000,0.0000,nan,nan,nan,-9908.0618,-1391.0303,-268.7081,-9908.0618,-1391.0303,-268.7081,12.000,0,nan,nan
17.3990,112.8667,0,-9640.1023,-1525.3102,-301.6257,nan,nan,nan,0.9285,-0.3712,0.0000,0.3712,0.9285,-0.0000,-0.0000,0.0000,1.0000,0.0000,0.0000,0.0000,0.0000,-0.0000,0.0000,-9908.0618,-1391.0303,-268.7081,nan,nan,nan,0.8932,-0.4476,-0.0431,0.0385,-0.0193,0.9991,90.000,nan,nan,nan,0.0000,0.0000,0.0000,nan,nan,nan,-9908.0618,-1391.0303,-268.7081,-9908.0618,-1391.0303,-268.7081,12.000,0,nan,nan
17.4250,112.8833,0,-9640.1023,-1525.3102,-301.6257,nan,nan,nan,0.9285,-0.3712,0.0000,0.3712,0.9285,-0.0000,-0.0000,0.0000,1.0000,0.0000,0.0000,0.0000,0.0000,-0.0000,0.0000,-9908.0618,-1391.0303,-268.7081,nan,nan,nan,0.8932,-0.4476,-0.0431,0.0385,-0.0193,0.9991,90.000,nan,nan,nan,0.0000,0.0000,0.0000,nan,nan,nan,-9908.0618,-1391.0303,-268.7081,-9908.0618,-1391.0303,-268.7081,12.000,0,nan,nan
17.4520,112.9167,0,-9640.1023,-1525.3102,-301.6257,nan,nan,nan,0.9285,-0.3712,0.0000,0.3712,0.9285,-0.0000,-0.0000,0.0000,1.0000,0.0000,0.0000,0.0000,0.0000,-0.0000,0.0000,-9908.0618,-1391.0303,-268.7081,nan,nan,nan,0.8932,-0.4476,-0.0431,0.0385,-0.0193,0.9991,90.000,nan,nan,nan,0.0000,0.0000,0.0000,nan,nan,nan,-9908.0618,-1391.0303,-268.7081,-9908.0618,-1391.0303,-268.7081,12.000,0,nan,nan
17.4780,112.9500,0,-9640.1023,-1525.3102,-301.6257,nan,nan,nan,0.9285,-0.3712,0.0000,0.3712,0.9285,-0.0000,-0.0000,0.0000,1.0000,0.0000,0.0000,0.0000,0.0000,-0.0000,0.0000,-9908.0618,-1391.0303,-268.7081,nan,nan,nan,0.8932,-0.4476,-0.0431,0.0385,-0.0193,0.9991,90.000,nan,nan,nan,0.0000,0.0000,0.0000,nan,nan,nan,-9908.0618,-1391.0303,-268.7081,-9908.0618,-1391.0303,-268.7081,12.000,0,nan,nan
17.5040,112.9667,0,-9640.1023,-1525.3102,-301.6257,nan,nan,nan,0.9285,-0.3712,0.0000,0.3712,0.9285,-0.0000,-0.0000,0.0000,1.0000,0.0000,0.0000,0.0000,0.0000,-0.0000,0.0000,-9908.0618,-1391.0303,-268.7081,nan,nan,nan,0.8932,-0.4476,-0.0431,0.0385,-0.0193,0.9991,90.000,nan,nan,nan,0.0000,0.0000,0.0000,nan,nan,nan,-9908.0618,-1391.0303,-268.7081,-9908.0618,-1391.0303,-268.7081,12.000,0,nan,nan
17.5320,113.0000,0,-9640.1023,-1525.3102,-301.6257,nan,nan,nan,0.9285,-0.3712,0.0000,0.3712,0.9285,-0.0000,-0.0000,0.0000,1.0000,0.0000,0.0000,0.0000,0.0000,-0.0000,0.0000,-9908.0618,-1391.0303,-268.7081,nan,nan,nan,0.8932,-0.4476,-0.0431,0.0385,-0.0193,0.9991,90.000,nan,nan,nan,0.0000,0.0000,0.0000,nan,nan,nan,-9908.0618,-1391.0303,-268.7081,-9908.0618,-1391.0303,-268.7081,12.000,0,nan,nan
17.5590,113.0167,0,-9640.1023,-1525.3102,-301.6257,nan,nan,nan,0.9285,-0.3712,0.0000,0.3712,0.9285,-0.0000,-0.0000,0.0000,1.0000,0.0000,0.0000,0.0000,0.0000,-0.0000,0.0000,-9908.0618,-1391.0303,-268.7081,nan,nan,nan,0.8932,-0.4476,-0.0431,0.0385,-0.0193,0.9991,90.000,nan,nan,nan,0.0000,0.0000,0.0000,nan,nan,nan,-9908.0618,-1391.0303,-268.7081,-9908.0618,-1391.0303,-268.7081,12.000,0,nan,nan
17.5850,113.0500,0,-9640.1023,-1525.3102,-301.6257,nan,nan,nan,0.9285,-0.3712,0.0000,0.3712,0.9285,-0.0000,-0.0000,0.0000,1.0000,0.0000,0.0000,0.0000,0.0000,-0.0000,0.0000,-9908.0618,-1391.0303,-268.7081,nan,nan,nan,0.8932,-0.4476,-0.0431,0.0385,-0.0193,0.9991,90.000,nan,nan,nan,0.0000,0.0000,0.0000,nan,nan,nan,-9908.0618,-1391.0303,-268.7081,-9908.0618,-1391.0303,-268.7081,12.000,0,nan,nan
17.6100,113.0833,0,-9640.1023,-1525.3102,-301.6257,nan,nan,nan,0.9285,-0.3712,0.0000,0.3712,0.9285,-0.0000,-0.0000,0.0000,1.0000,0.0000,0.0000,0.0000,0.0000,-0.0000,0.0000,-9908.0617,-1391.0303,-268.7081,nan,nan,nan,0.8932,-0.4476,-0.0431,0.0385,-0.0193,0.9991,90.000,nan,nan,nan,0.0000,0.0000,0.0000,nan,nan,nan,-9908.0617,-1391.0303,-268.7081,-9908.0617,-1391.0303,-268.7081,12.000,0,nan,nan
