t,game_t,marker,pawn_x,pawn_y,pawn_z,pawn_pitch,pawn_yaw,pawn_roll,pawn_fwd_x,pawn_fwd_y,pawn_fwd_z,pawn_right_x,pawn_right_y,pawn_right_z,pawn_up_x,pawn_up_y,pawn_up_z,vel_x,vel_y,vel_z,fvel_x,fvel_y,fvel_z,cam_x,cam_y,cam_z,cam_pitch,cam_yaw,cam_roll,cam_fwd_x,cam_fwd_y,cam_fwd_z,cam_up_x,cam_up_y,cam_up_z,fov,ctrl_pitch,ctrl_yaw,ctrl_roll,camctrl_x,camctrl_y,camctrl_z,camctrl_pitch,camctrl_yaw,camctrl_roll,pivot_x,pivot_y,pivot_z,cine_x,cine_y,cine_z,focal,move_mode,running,in_air
0.0250,118.8500,0,-9640.1023,-1525.3102,-301.6257,nan,nan,nan,0.9285,-0.3712,0.0000,0.3712,0.9285,-0.0000,-0.0000,0.0000,1.0000,0.0000,0.0000,0.0000,0.0000,0.0000,0.0000,-9908.0615,-1391.0304,-268.7081,nan,nan,nan,0.8932,-0.4476,-0.0431,0.0385,-0.0193,0.9991,90.000,nan,nan,nan,0.0000,0.0000,0.0000,nan,nan,nan,-9908.0615,-1391.0304,-268.7081,-9908.0615,-1391.0304,-268.7081,12.000,0,nan,nan
0.0520,118.8833,0,-9640.1023,-1525.3102,-301.6257,nan,nan,nan,0.9285,-0.3712,0.0000,0.3712,0.9285,-0.0000,-0.0000,0.0000,1.0000,0.0000,0.0000,0.0000,0.0000,0.0000,0.0000,-9908.0615,-1391.0304,-268.7081,nan,nan,nan,0.8932,-0.4476,-0.0431,0.0385,-0.0193,0.9991,90.000,nan,nan,nan,0.0000,0.0000,0.0000,nan,nan,nan,-9908.0615,-1391.0304,-268.7081,-9908.0615,-1391.0304,-268.7081,12.000,0,nan,nan
0.0780,118.9000,0,-9640.1023,-1525.3102,-301.6257,nan,nan,nan,0.9285,-0.3712,0.0000,0.3712,0.9285,-0.0000,-0.0000,0.0000,1.0000,0.0000,0.0000,0.0000,0.0000,0.0000,0.0000,-9908.0615,-1391.0304,-268.7081,nan,nan,nan,0.8932,-0.4476,-0.0431,0.0385,-0.0193,0.9991,90.000,nan,nan,nan,0.0000,0.0000,0.0000,nan,nan,nan,-9908.0615,-1391.0304,-268.7081,-9908.0615,-1391.0304,-268.7081,12.000,0,nan,nan
0.1040,118.9333,0,-9640.1023,-1525.3102,-301.6257,nan,nan,nan,0.9285,-0.3712,0.0000,0.3712,0.9285,-0.0000,-0.0000,0.0000,1.0000,0.0000,0.0000,0.0000,0.0000,0.0000,0.0000,-9908.0615,-1391.0304,-268.7081,nan,nan,nan,0.8932,-0.4476,-0.0431,0.0385,-0.0193,0.9991,90.000,nan,nan,nan,0.0000,0.0000,0.0000,nan,nan,nan,-9908.0615,-1391.0304,-268.7081,-9908.0615,-1391.0304,-268.7081,12.000,0,nan,nan
0.1300,118.9500,0,-9640.1023,-1525.3102,-301.6257,nan,nan,nan,0.9285,-0.3712,0.0000,0.3712,0.9285,-0.0000,-0.0000,0.0000,1.0000,0.0000,0.0000,0.0000,0.0000,0.0000,0.0000,-9908.0615,-1391.0304,-268.7081,nan,nan,nan,0.8932,-0.4476,-0.0431,0.0385,-0.0193,0.9991,90.000,nan,nan,nan,0.0000,0.0000,0.0000,nan,nan,nan,-9908.0615,-1391.0304,-268.7081,-9908.0615,-1391.0304,-268.7081,12.000,0,nan,nan
0.1540,118.9833,0,-9640.1023,-1525.3102,-301.6257,nan,nan,nan,0.9285,-0.3712,0.0000,0.3712,0.9285,-0.0000,-0.0000,0.0000,1.0000,0.0000,0.0000,0.0000,0.0000,0.0000,0.0000,-9908.0615,-1391.0304,-268.7081,nan,nan,nan,0.8932,-0.4476,-0.0431,0.0385,-0.0193,0.9991,90.000,nan,nan,nan,0.0000,0.0000,0.0000,nan,nan,nan,-9908.0615,-1391.0304,-268.7081,-9908.0615,-1391.0304,-268.7081,12.000,0,nan,nan
0.1800,119.0000,0,-9640.1023,-1525.3102,-301.6257,nan,nan,nan,0.9285,-0.3712,0.0000,0.3712,0.9285,-0.0000,-0.0000,0.0000,1.0000,0.0000,0.0000,0.0000,0.0000,0.0000,0.0000,-9908.0615,-1391.0304,-268.7081,nan,nan,nan,0.8932,-0.4476,-0.0431,0.0385,-0.0193,0.9991,90.000,nan,nan,nan,0.0000,0.0000,0.0000,nan,nan,nan,-9908.0615,-1391.0304,-268.7081,-9908.0615,-1391.0304,-268.7081,12.000,0,nan,nan
0.2050,119.0333,0,-9640.1023,-1525.3102,-301.6257,nan,nan,nan,0.9285,-0.3712,0.0000,0.3712,0.9285,-0.0000,-0.0000,0.0000,1.0000,0.0000,0.0000,0.0000,0.0000,0.0000,0.0000,-9908.0615,-1391.0304,-268.7081,nan,nan,nan,0.8932,-0.4476,-0.0431,0.0385,-0.0193,0.9991,90.000,nan,nan,nan,0.0000,0.0000,0.0000,nan,nan,nan,-9908.0615,-1391.0304,-268.7081,-9908.0615,-1391.0304,-268.7081,12.000,0,nan,nan
0.2290,119.0500,0,-9640.1023,-1525.3102,-301.6257,nan,nan,nan,0.9285,-0.3712,0.0000,0.3712,0.9285,-0.0000,-0.0000,0.0000,1.0000,0.0000,0.0000,0.0000,0.0000,0.0000,0.0000,-9908.0615,-1391.0304,-268.7081,nan,nan,nan,0.8932,-0.4476,-0.0431,0.0385,-0.0193,0.9991,90.000,nan,nan,nan,0.0000,0.0000,0.0000,nan,nan,nan,-9908.0615,-1391.0304,-268.7081,-9908.0615,-1391.0304,-268.7081,12.000,0,nan,nan
0.2560,119.0833,0,-9640.1023,-1525.3102,-301.6257,nan,nan,nan,0.9285,-0.3712,0.0000,0.3712,0.9285,-0.0000,-0.0000,0.0000,1.0000,0.0000,0.0000,0.0000,0.0000,0.0000,0.0000,-9908.0615,-1391.0304,-268.7081,nan,nan,nan,0.8932,-0.4476,-0.0431,0.0385,-0.0193,0.9991,90.000,nan,nan,nan,0.0000,0.0000,0.0000,nan,nan,nan,-9908.0615,-1391.0304,-268.7081,-9908.0615,-1391.0304,-268.7081,12.000,0,nan,nan
0.2810,119.1000,0,-9640.1023,-1525.3102,-301.6257,nan,nan,nan,0.9285,-0.3712,0.0000,0.3712,0.9285,-0.0000,-0.0000,0.0000,1.0000,0.0000,0.0000,0.0000,0.0000,0.0000,0.0000,-9908.0615,-1391.0304,-268.7081,nan,nan,nan,0.8932,-0.4476,-0.0431,0.0385,-0.0193,0.9991,90.000,nan,nan,nan,0.0000,0.0000,0.0000,nan,nan,nan,-9908.0615,-1391.0304,-268.7081,-9908.0615,-1391.0304,-268.7081,12.000,0,nan,nan
0.3070,119.1333,0,-9640.1023,-1525.3102,-301.6257,nan,nan,nan,0.9285,-0.3712,0.0000,0.3712,0.9285,-0.0000,-0.0000,0.0000,1.0000,0.0000,0.0000,0.0000,0.0000,0.0000,0.0000,-9908.0615,-1391.0304,-268.7081,nan,nan,nan,0.8932,-0.4476,-0.0431,0.0385,-0.0193,0.9991,90.000,nan,nan,nan,0.0000,0.0000,0.0000,nan,nan,nan,-9908.0615,-1391.0304,-268.7081,-9908.0615,-1391.0304,-268.7081,12.000,0,nan,nan
0.3350,119.1500,0,-9640.1023,-1525.3102,-301.6257,nan,nan,nan,0.9285,-0.3712,0.0000,0.3712,0.9285,-0.0000,-0.0000,0.0000,1.0000,0.0000,0.0000,0.0000,0.0000,0.0000,0.0000,-9908.0615,-1391.0304,-268.7081,nan,nan,nan,0.8932,-0.4476,-0.0431,0.0385,-0.0193,0.9991,90.000,nan,nan,nan,0.0000,0.0000,0.0000,nan,nan,nan,-9908.0615,-1391.0304,-268.7081,-9908.0615,-1391.0304,-268.7081,12.000,0,nan,nan
0.3590,119.1833,0,-9640.1023,-1525.3102,-301.6257,nan,nan,nan,0.9285,-0.3712,0.0000,0.3712,0.9285,-0.0000,-0.0000,0.0000,1.0000,0.0000,0.0000,0.0000,0.0000,0.0000,0.0000,-9908.0615,-1391.0304,-268.7081,nan,nan,nan,0.8932,-0.4476,-0.0431,0.0385,-0.0193,0.9991,90.000,nan,nan,nan,0.0000,0.0000,0.0000,nan,nan,nan,-9908.0615,-1391.0304,-268.7081,-9908.0615,-1391.0304,-268.7081,12.000,0,nan,nan
0.3830,119.2167,0,-9640.1023,-1525.3102,-301.6257,nan,nan,nan,0.9285,-0.3712,0.0000,0.3712,0.9285,-0.0000,-0.0000,0.0000,1.0000,0.0000,0.0000,0.0000,0.0000,0.0000,0.0000,-9908.0615,-1391.0304,-268.7081,nan,nan,nan,0.8932,-0.4476,-0.0431,0.0385,-0.0193,0.9991,90.000,nan,nan,nan,0.0000,0.0000,0.0000,nan,nan,nan,-9908.0615,-1391.0304,-268.7081,-9908.0615,-1391.0304,-268.7081,12.000,0,nan,nan
0.4090,119.2333,0,-9640.1023,-1525.3102,-301.6257,nan,nan,nan,0.9285,-0.3712,0.0000,0.3712,0.9285,-0.0000,-0.0000,0.0000,1.0000,0.0000,0.0000,0.0000,0.0000,0.0000,0.0000,-9908.0615,-1391.0304,-268.7081,nan,nan,nan,0.8932,-0.4476,-0.0431,0.0385,-0.0193,0.9991,90.000,nan,nan,nan,0.0000,0.0000,0.0000,nan,nan,nan,-9908.0615,-1391.0304,-268.7081,-9908.0615,-1391.0304,-268.7081,12.000,0,nan,nan
0.4340,119.2667,0,-9640.1023,-1525.3102,-301.6257,nan,nan,nan,0.9285,-0.3712,0.0000,0.3712,0.9285,-0.0000,-0.0000,0.0000,1.0000,0.0000,0.0000,0.0000,0.0000,0.0000,0.0000,-9908.0615,-1391.0304,-268.7081,nan,nan,nan,0.8932,-0.4476,-0.0431,0.0385,-0.0193,0.9991,90.000,nan,nan,nan,0.0000,0.0000,0.0000,nan,nan,nan,-9908.0615,-1391.0304,-268.7081,-9908.0615,-1391.0304,-268.7081,12.000,0,nan,nan
0.4600,119.2833,0,-9640.1023,-1525.3102,-301.6257,nan,nan,nan,0.9285,-0.3712,0.0000,0.3712,0.9285,-0.0000,-0.0000,0.0000,1.0000,0.0000,0.0000,0.0000,0.0000,0.0000,0.0000,-9908.0615,-1391.0304,-268.7081,nan,nan,nan,0.8932,-0.4476,-0.0431,0.0385,-0.0193,0.9991,90.000,nan,nan,nan,0.0000,0.0000,0.0000,nan,nan,nan,-9908.0615,-1391.0304,-268.7081,-9908.0615,-1391.0304,-268.7081,12.000,0,nan,nan
0.4870,119.3167,0,-9640.1023,-1525.3102,-301.6257,nan,nan,nan,0.9285,-0.3712,0.0000,0.3712,0.9285,-0.0000,-0.0000,0.0000,1.0000,0.0000,0.0000,0.0000,0.0000,0.0000,0.0000,-9908.0615,-1391.0304,-268.7081,nan,nan,nan,0.8932,-0.4476,-0.0431,0.0385,-0.0193,0.9991,90.000,nan,nan,nan,0.0000,0.0000,0.0000,nan,nan,nan,-9908.0615,-1391.0304,-268.7081,-9908.0615,-1391.0304,-268.7081,12.000,0,nan,nan
0.5120,119.3333,0,-9640.1023,-1525.3102,-301.6257,nan,nan,nan,0.9285,-0.3712,0.0000,0.3712,0.9285,-0.0000,-0.0000,0.0000,1.0000,0.0000,0.0000,0.0000,0.0000,0.0000,0.0000,-9908.0615,-1391.0304,-268.7081,nan,nan,nan,0.8932,-0.4476,-0.0431,0.0385,-0.0193,0.9991,90.000,nan,nan,nan,0.0000,0.0000,0.0000,nan,nan,nan,-9908.0615,-1391.0304,-268.7081,-9908.0615,-1391.0304,-268.7081,12.000,0,nan,nan
0.5370,119.3667,0,-9640.1023,-1525.3102,-301.6257,nan,nan,nan,0.9285,-0.3712,0.0000,0.3712,0.9285,-0.0000,-0.0000,0.0000,1.0000,0.0000,0.0000,0.0000,0.0000,0.0000,0.0000,-9908.0615,-1391.0304,-268.7081,nan,nan,nan,0.8932,-0.4476,-0.0431,0.0385,-0.0193,0.9991,90.000,nan,nan,nan,0.0000,0.0000,0.0000,nan,nan,nan,-9908.0615,-1391.0304,-268.7081,-9908.0615,-1391.0304,-268.7081,12.000,0,nan,nan
0.5620,119.3833,0,-9640.1023,-1525.3102,-301.6257,nan,nan,nan,0.9285,-0.3712,0.0000,0.3712,0.9285,-0.0000,-0.0000,0.0000,1.0000,0.0000,0.0000,0.0000,0.0000,0.0000,0.0000,-9908.0615,-1391.0304,-268.7081,nan,nan,nan,0.8932,-0.4476,-0.0431,0.0385,-0.0193,0.9991,90.000,nan,nan,nan,0.0000,0.0000,0.0000,nan,nan,nan,-9908.0615,-1391.0304,-268.7081,-9908.0615,-1391.0304,-268.7081,12.000,0,nan,nan
0.5870,119.4167,0,-9640.1023,-1525.3102,-301.6257,nan,nan,nan,0.9285,-0.3712,0.0000,0.3712,0.9285,-0.0000,-0.0000,0.0000,1.0000,0.0000,0.0000,0.0000,0.0000,0.0000,0.0000,-9908.0615,-1391.0304,-268.7081,nan,nan,nan,0.8932,-0.4476,-0.0431,0.0385,-0.0193,0.9991,90.000,nan,nan,nan,0.0000,0.0000,0.0000,nan,nan,nan,-9908.0615,-1391.0304,-268.7081,-9908.0615,-1391.0304,-268.7081,12.000,0,nan,nan
0.6130,119.4333,0,-9640.1023,-1525.3102,-301.6257,nan,nan,nan,0.9285,-0.3712,0.0000,0.3712,0.9285,-0.0000,-0.0000,0.0000,1.0000,0.0000,0.0000,0.0000,0.0000,0.0000,0.0000,-9908.0615,-1391.0304,-268.7081,nan,nan,nan,0.8932,-0.4476,-0.0431,0.0385,-0.0193,0.9991,90.000,nan,nan,nan,0.0000,0.0000,0.0000,nan,nan,nan,-9908.0615,-1391.0304,-268.7081,-9908.0615,-1391.0304,-268.7081,12.000,0,nan,nan
0.6380,119.4667,0,-9640.1023,-1525.3102,-301.6257,nan,nan,nan,0.9285,-0.3712,0.0000,0.3712,0.9285,-0.0000,-0.0000,0.0000,1.0000,0.0000,0.0000,0.0000,0.0000,0.0000,0.0000,-9908.0615,-1391.0304,-268.7081,nan,nan,nan,0.8932,-0.4476,-0.0431,0.0385,-0.0193,0.9991,90.000,nan,nan,nan,0.0000,0.0000,0.0000,nan,nan,nan,-9908.0615,-1391.0304,-268.7081,-9908.0615,-1391.0304,-268.7081,12.000,0,nan,nan
0.6630,119.4833,0,-9640.1023,-1525.3102,-301.6257,nan,nan,nan,0.9285,-0.3712,0.0000,0.3712,0.9285,-0.0000,-0.0000,0.0000,1.0000,0.0000,0.0000,0.0000,0.0000,0.0000,0.0000,-9908.0615,-1391.0304,-268.7081,nan,nan,nan,0.8932,-0.4476,-0.0431,0.0385,-0.0193,0.9991,90.000,nan,nan,nan,0.0000,0.0000,0.0000,nan,nan,nan,-9908.0615,-1391.0304,-268.7081,-9908.0615,-1391.0304,-268.7081,12.000,0,nan,nan
0.6900,119.5167,0,-9640.1023,-1525.3102,-301.6257,nan,nan,nan,0.9285,-0.3712,0.0000,0.3712,0.9285,-0.0000,-0.0000,0.0000,1.0000,0.0000,0.0000,0.0000,0.0000,0.0000,0.0000,-9908.0615,-1391.0304,-268.7081,nan,nan,nan,0.8932,-0.4476,-0.0431,0.0385,-0.0193,0.9991,90.000,nan,nan,nan,0.0000,0.0000,0.0000,nan,nan,nan,-9908.0615,-1391.0304,-268.7081,-9908.0615,-1391.0304,-268.7081,12.000,0,nan,nan
0.7140,119.5333,0,-9640.1023,-1525.3102,-301.6257,nan,nan,nan,0.9285,-0.3712,0.0000,0.3712,0.9285,-0.0000,-0.0000,0.0000,1.0000,0.0000,0.0000,0.0000,0.0000,0.0000,0.0000,-9908.0615,-1391.0304,-268.7081,nan,nan,nan,0.8932,-0.4476,-0.0431,0.0385,-0.0193,0.9991,90.000,nan,nan,nan,0.0000,0.0000,0.0000,nan,nan,nan,-9908.0615,-1391.0304,-268.7081,-9908.0615,-1391.0304,-268.7081,12.000,0,nan,nan
0.7400,119.5667,0,-9640.1023,-1525.3102,-301.6257,nan,nan,nan,0.9285,-0.3712,0.0000,0.3712,0.9285,-0.0000,-0.0000,0.0000,1.0000,0.0000,0.0000,0.0000,0.0000,0.0000,0.0000,-9908.0615,-1391.0304,-268.7081,nan,nan,nan,0.8932,-0.4476,-0.0431,0.0385,-0.0193,0.9991,90.000,nan,nan,nan,0.0000,0.0000,0.0000,nan,nan,nan,-9908.0615,-1391.0304,-268.7081,-9908.0615,-1391.0304,-268.7081,12.000,0,nan,nan
0.7660,119.5833,0,-9640.1023,-1525.3102,-301.6257,nan,nan,nan,0.9285,-0.3712,0.0000,0.3712,0.9285,-0.0000,-0.0000,0.0000,1.0000,0.0000,0.0000,0.0000,0.0000,0.0000,0.0000,-9908.0615,-1391.0304,-268.7081,nan,nan,nan,0.8932,-0.4476,-0.0431,0.0385,-0.0193,0.9991,90.000,nan,nan,nan,0.0000,0.0000,0.0000,nan,nan,nan,-9908.0615,-1391.0304,-268.7081,-9908.0615,-1391.0304,-268.7081,12.000,0,nan,nan
0.7900,119.6167,0,-9640.1023,-1525.3102,-301.6257,nan,nan,nan,0.9285,-0.3712,0.0000,0.3712,0.9285,-0.0000,-0.0000,0.0000,1.0000,0.0000,0.0000,0.0000,0.0000,0.0000,0.0000,-9908.0615,-1391.0304,-268.7081,nan,nan,nan,0.8932,-0.4476,-0.0431,0.0385,-0.0193,0.9991,90.000,nan,nan,nan,0.0000,0.0000,0.0000,nan,nan,nan,-9908.0615,-1391.0304,-268.7081,-9908.0615,-1391.0304,-268.7081,12.000,0,nan,nan
0.8160,119.6333,0,-9640.1023,-1525.3102,-301.6257,nan,nan,nan,0.9285,-0.3712,0.0000,0.3712,0.9285,-0.0000,-0.0000,0.0000,1.0000,0.0000,0.0000,0.0000,0.0000,0.0000,0.0000,-9908.0615,-1391.0304,-268.7081,nan,nan,nan,0.8932,-0.4476,-0.0431,0.0385,-0.0193,0.9991,90.000,nan,nan,nan,0.0000,0.0000,0.0000,nan,nan,nan,-9908.0615,-1391.0304,-268.7081,-9908.0615,-1391.0304,-268.7081,12.000,0,nan,nan
0.8420,119.6667,0,-9640.1023,-1525.3102,-301.6257,nan,nan,nan,0.9285,-0.3712,0.0000,0.3712,0.9285,-0.0000,-0.0000,0.0000,1.0000,0.0000,0.0000,0.0000,0.0000,0.0000,0.0000,-9908.0615,-1391.0304,-268.7081,nan,nan,nan,0.8932,-0.4476,-0.0431,0.0385,-0.0193,0.9991,90.000,nan,nan,nan,0.0000,0.0000,0.0000,nan,nan,nan,-9908.0615,-1391.0304,-268.7081,-9908.0615,-1391.0304,-268.7081,12.000,0,nan,nan
0.8670,119.7000,0,-9640.1023,-1525.3102,-301.6257,nan,nan,nan,0.9285,-0.3712,0.0000,0.3712,0.9285,-0.0000,-0.0000,0.0000,1.0000,0.0000,0.0000,0.0000,0.0000,0.0000,0.0000,-9908.0615,-1391.0304,-268.7081,nan,nan,nan,0.8932,-0.4476,-0.0431,0.0385,-0.0193,0.9991,90.000,nan,nan,nan,0.0000,0.0000,0.0000,nan,nan,nan,-9908.0615,-1391.0304,-268.7081,-9908.0615,-1391.0304,-268.7081,12.000,0,nan,nan
0.8930,119.7167,0,-9640.1023,-1525.3102,-301.6257,nan,nan,nan,0.9285,-0.3712,0.0000,0.3712,0.9285,-0.0000,-0.0000,0.0000,1.0000,0.0000,0.0000,0.0000,0.0000,0.0000,0.0000,-9908.0615,-1391.0304,-268.7081,nan,nan,nan,0.8932,-0.4476,-0.0431,0.0385,-0.0193,0.9991,90.000,nan,nan,nan,0.0000,0.0000,0.0000,nan,nan,nan,-9908.0615,-1391.0304,-268.7081,-9908.0615,-1391.0304,-268.7081,12.000,0,nan,nan
0.9170,119.7500,0,-9640.1023,-1525.3102,-301.6257,nan,nan,nan,0.9285,-0.3712,0.0000,0.3712,0.9285,-0.0000,-0.0000,0.0000,1.0000,0.0000,0.0000,0.0000,0.0000,0.0000,0.0000,-9908.0615,-1391.0304,-268.7081,nan,nan,nan,0.8932,-0.4476,-0.0431,0.0385,-0.0193,0.9991,90.000,nan,nan,nan,0.0000,0.0000,0.0000,nan,nan,nan,-9908.0615,-1391.0304,-268.7081,-9908.0615,-1391.0304,-268.7081,12.000,0,nan,nan
0.9430,119.7667,0,-9640.1023,-1525.3102,-301.6257,nan,nan,nan,0.9285,-0.3712,0.0000,0.3712,0.9285,-0.0000,-0.0000,0.0000,1.0000,0.0000,0.0000,0.0000,0.0000,0.0000,0.0000,-9908.0615,-1391.0304,-268.7081,nan,nan,nan,0.8932,-0.4476,-0.0431,0.0385,-0.0193,0.9991,90.000,nan,nan,nan,0.0000,0.0000,0.0000,nan,nan,nan,-9908.0615,-1391.0304,-268.7081,-9908.0615,-1391.0304,-268.7081,12.000,0,nan,nan
0.9690,119.8000,0,-9640.1023,-1525.3102,-301.6257,nan,nan,nan,0.9285,-0.3712,0.0000,0.3712,0.9285,-0.0000,-0.0000,0.0000,1.0000,0.0000,0.0000,0.0000,0.0000,0.0000,0.0000,-9908.0615,-1391.0304,-268.7081,nan,nan,nan,0.8932,-0.4476,-0.0431,0.0385,-0.0193,0.9991,90.000,nan,nan,nan,0.0000,0.0000,0.0000,nan,nan,nan,-9908.0615,-1391.0304,-268.7081,-9908.0615,-1391.0304,-268.7081,12.000,0,nan,nan
0.9940,119.8167,0,-9640.1023,-1525.3102,-301.6257,nan,nan,nan,0.9285,-0.3712,0.0000,0.3712,0.9285,-0.0000,-0.0000,0.0000,1.0000,0.0000,0.0000,0.0000,0.0000,0.0000,0.0000,-9908.0615,-1391.0304,-268.7081,nan,nan,nan,0.8932,-0.4476,-0.0431,0.0385,-0.0193,0.9991,90.000,nan,nan,nan,0.0000,0.0000,0.0000,nan,nan,nan,-9908.0615,-1391.0304,-268.7081,-9908.0615,-1391.0304,-268.7081,12.000,0,nan,nan
1.0200,119.8500,0,-9640.1023,-1525.3102,-301.6257,nan,nan,nan,0.9285,-0.3712,0.0000,0.3712,0.9285,-0.0000,-0.0000,0.0000,1.0000,0.0000,0.0000,0.0000,0.0000,0.0000,0.0000,-9908.0615,-1391.0304,-268.7081,nan,nan,nan,0.8932,-0.4476,-0.0431,0.0385,-0.0193,0.9991,90.000,nan,nan,nan,0.0000,0.0000,0.0000,nan,nan,nan,-9908.0615,-1391.0304,-268.7081,-9908.0615,-1391.0304,-268.7081,12.000,0,nan,nan
1.0460,119.8667,0,-9640.1023,-1525.3102,-301.6257,nan,nan,nan,0.9285,-0.3712,0.0000,0.3712,0.9285,-0.0000,-0.0000,0.0000,1.0000,0.0000,0.0000,0.0000,0.0000,0.0000,0.0000,-9908.0615,-1391.0304,-268.7081,nan,nan,nan,0.8932,-0.4476,-0.0431,0.0385,-0.0193,0.9991,90.000,nan,nan,nan,0.0000,0.0000,0.0000,nan,nan,nan,-9908.0615,-1391.0304,-268.7081,-9908.0615,-1391.0304,-268.7081,12.000,0,nan,nan
1.0720,119.9000,0,-9640.1023,-1525.3102,-301.6257,nan,nan,nan,0.9285,-0.3712,0.0000,0.3712,0.9285,-0.0000,-0.0000,0.0000,1.0000,0.0000,0.0000,0.0000,0.0000,0.0000,0.0000,-9908.0615,-1391.0304,-268.7081,nan,nan,nan,0.8932,-0.4476,-0.0431,0.0385,-0.0193,0.9991,90.000,nan,nan,nan,0.0000,0.0000,0.0000,nan,nan,nan,-9908.0615,-1391.0304,-268.7081,-9908.0615,-1391.0304,-268.7081,12.000,0,nan,nan
1.0970,119.9167,0,-9640.1023,-1525.3102,-301.6257,nan,nan,nan,0.9285,-0.3712,0.0000,0.3712,0.9285,-0.0000,-0.0000,0.0000,1.0000,0.0000,0.0000,0.0000,0.0000,0.0000,0.0000,-9908.0615,-1391.0304,-268.7081,nan,nan,nan,0.8932,-0.4476,-0.0431,0.0385,-0.0193,0.9991,90.000,nan,nan,nan,0.0000,0.0000,0.0000,nan,nan,nan,-9908.0615,-1391.0304,-268.7081,-9908.0615,-1391.0304,-268.7081,12.000,0,nan,nan
1.1230,119.9500,0,-9640.1023,-1525.3102,-301.6257,nan,nan,nan,0.9285,-0.3712,0.0000,0.3712,0.9285,-0.0000,-0.0000,0.0000,1.0000,0.0000,0.0000,0.0000,0.0000,0.0000,0.0000,-9908.0615,-1391.0304,-268.7081,nan,nan,nan,0.8932,-0.4476,-0.0431,0.0385,-0.0193,0.9991,90.000,nan,nan,nan,0.0000,0.0000,0.0000,nan,nan,nan,-9908.0615,-1391.0304,-268.7081,-9908.0615,-1391.0304,-268.7081,12.000,0,nan,nan
1.1500,119.9667,0,-9640.1023,-1525.3102,-301.6257,nan,nan,nan,0.9285,-0.3712,0.0000,0.3712,0.9285,-0.0000,-0.0000,0.0000,1.0000,0.0000,0.0000,0.0000,0.0000,0.0000,0.0000,-9908.0615,-1391.0304,-268.7081,nan,nan,nan,0.8932,-0.4476,-0.0431,0.0385,-0.0193,0.9991,90.000,nan,nan,nan,0.0000,0.0000,0.0000,nan,nan,nan,-9908.0615,-1391.0304,-268.7081,-9908.0615,-1391.0304,-268.7081,12.000,0,nan,nan
1.1750,120.0000,0,-9640.1023,-1525.3102,-301.6257,nan,nan,nan,0.9285,-0.3712,0.0000,0.3712,0.9285,-0.0000,-0.0000,0.0000,1.0000,0.0000,0.0000,0.0000,0.0000,0.0000,0.0000,-9908.0615,-1391.0304,-268.7081,nan,nan,nan,0.8932,-0.4476,-0.0431,0.0385,-0.0193,0.9991,90.000,nan,nan,nan,0.0000,0.0000,0.0000,nan,nan,nan,-9908.0615,-1391.0304,-268.7081,-9908.0615,-1391.0304,-268.7081,12.000,0,nan,nan
1.2000,120.0333,0,-9640.1023,-1525.3102,-301.6257,nan,nan,nan,0.9285,-0.3712,0.0000,0.3712,0.9285,-0.0000,-0.0000,0.0000,1.0000,0.0000,0.0000,0.0000,0.0000,0.0000,0.0000,-9908.0615,-1391.0304,-268.7081,nan,nan,nan,0.8932,-0.4476,-0.0431,0.0385,-0.0193,0.9991,90.000,nan,nan,nan,0.0000,0.0000,0.0000,nan,nan,nan,-9908.0615,-1391.0304,-268.7081,-9908.0615,-1391.0304,-268.7081,12.000,0,nan,nan
1.2270,120.0500,0,-9640.1023,-1525.3102,-301.6257,nan,nan,nan,0.9285,-0.3712,0.0000,0.3712,0.9285,-0.0000,-0.0000,0.0000,1.0000,0.0000,0.0000,0.0000,0.0000,0.0000,0.0000,-9908.0615,-1391.0304,-268.7081,nan,nan,nan,0.8932,-0.4476,-0.0431,0.0385,-0.0193,0.9991,90.000,nan,nan,nan,0.0000,0.0000,0.0000,nan,nan,nan,-9908.0615,-1391.0304,-268.7081,-9908.0615,-1391.0304,-268.7081,12.000,0,nan,nan
1.2530,120.0833,0,-9640.1023,-1525.3102,-301.6257,nan,nan,nan,0.9285,-0.3712,0.0000,0.3712,0.9285,-0.0000,-0.0000,0.0000,1.0000,0.0000,0.0000,0.0000,0.0000,0.0000,0.0000,-9908.0615,-1391.0304,-268.7081,nan,nan,nan,0.8932,-0.4476,-0.0431,0.0385,-0.0193,0.9991,90.000,nan,nan,nan,0.0000,0.0000,0.0000,nan,nan,nan,-9908.0615,-1391.0304,-268.7081,-9908.0615,-1391.0304,-268.7081,12.000,0,nan,nan
1.2780,120.1000,0,-9640.1023,-1525.3102,-301.6257,nan,nan,nan,0.9285,-0.3712,0.0000,0.3712,0.9285,-0.0000,-0.0000,0.0000,1.0000,0.0000,0.0000,0.0000,0.0000,0.0000,0.0000,-9908.0615,-1391.0304,-268.7081,nan,nan,nan,0.8932,-0.4476,-0.0431,0.0385,-0.0193,0.9991,90.000,nan,nan,nan,0.0000,0.0000,0.0000,nan,nan,nan,-9908.0615,-1391.0304,-268.7081,-9908.0615,-1391.0304,-268.7081,12.000,0,nan,nan
1.3040,120.1333,0,-9640.1023,-1525.3102,-301.6257,nan,nan,nan,0.9285,-0.3712,0.0000,0.3712,0.9285,-0.0000,-0.0000,0.0000,1.0000,0.0000,0.0000,0.0000,0.0000,0.0000,0.0000,-9908.0615,-1391.0304,-268.7081,nan,nan,nan,0.8932,-0.4476,-0.0431,0.0385,-0.0193,0.9991,90.000,nan,nan,nan,0.0000,0.0000,0.0000,nan,nan,nan,-9908.0615,-1391.0304,-268.7081,-9908.0615,-1391.0304,-268.7081,12.000,0,nan,nan
1.3300,120.1500,0,-9640.1023,-1525.3102,-301.6257,nan,nan,nan,0.9285,-0.3712,0.0000,0.3712,0.9285,-0.0000,-0.0000,0.0000,1.0000,0.0000,0.0000,0.0000,0.0000,0.0000,0.0000,-9908.0615,-1391.0304,-268.7081,nan,nan,nan,0.8932,-0.4476,-0.0431,0.0385,-0.0193,0.9991,90.000,nan,nan,nan,0.0000,0.0000,0.0000,nan,nan,nan,-9908.0615,-1391.0304,-268.7081,-9908.0615,-1391.0304,-268.7081,12.000,0,nan,nan
1.3550,120.1833,0,-9640.1023,-1525.3102,-301.6257,nan,nan,nan,0.9285,-0.3712,0.0000,0.3712,0.9285,-0.0000,-0.0000,0.0000,1.0000,0.0000,0.0000,0.0000,0.0000,0.0000,0.0000,-9908.0615,-1391.0304,-268.7081,nan,nan,nan,0.8932,-0.4476,-0.0431,0.0385,-0.0193,0.9991,90.000,nan,nan,nan,0.0000,0.0000,0.0000,nan,nan,nan,-9908.0615,-1391.0304,-268.7081,-9908.0615,-1391.0304,-268.7081,12.000,0,nan,nan
1.3810,120.2000,0,-9640.1023,-1525.3102,-301.6257,nan,nan,nan,0.9285,-0.3712,0.0000,0.3712,0.9285,-0.0000,-0.0000,0.0000,1.0000,0.0000,0.0000,0.0000,0.0000,0.0000,0.0000,-9908.0615,-1391.0304,-268.7081,nan,nan,nan,0.8932,-0.4476,-0.0431,0.0385,-0.0193,0.9991,90.000,nan,nan,nan,0.0000,0.0000,0.0000,nan,nan,nan,-9908.0615,-1391.0304,-268.7081,-9908.0615,-1391.0304,-268.7081,12.000,0,nan,nan
1.4080,120.2333,0,-9640.1023,-1525.3102,-301.6257,nan,nan,nan,0.9285,-0.3712,0.0000,0.3712,0.9285,-0.0000,-0.0000,0.0000,1.0000,0.0000,0.0000,0.0000,0.0000,0.0000,0.0000,-9908.0615,-1391.0304,-268.7081,nan,nan,nan,0.8932,-0.4476,-0.0431,0.0385,-0.0193,0.9991,90.000,nan,nan,nan,0.0000,0.0000,0.0000,nan,nan,nan,-9908.0615,-1391.0304,-268.7081,-9908.0615,-1391.0304,-268.7081,12.000,0,nan,nan
1.4370,120.2667,0,-9640.1023,-1525.3102,-301.6257,nan,nan,nan,0.9285,-0.3712,0.0000,0.3712,0.9285,-0.0000,-0.0000,0.0000,1.0000,0.0000,0.0000,0.0000,0.0000,0.0000,0.0000,-9908.0615,-1391.0304,-268.7081,nan,nan,nan,0.8932,-0.4476,-0.0431,0.0385,-0.0193,0.9991,90.000,nan,nan,nan,0.0000,0.0000,0.0000,nan,nan,nan,-9908.0615,-1391.0304,-268.7081,-9908.0615,-1391.0304,-268.7081,12.000,0,nan,nan
1.4640,120.2833,0,-9640.1023,-1525.3102,-301.6257,nan,nan,nan,0.9285,-0.3712,0.0000,0.3712,0.9285,-0.0000,-0.0000,0.0000,1.0000,0.0000,0.0000,0.0000,0.0000,0.0000,0.0000,-9908.0615,-1391.0304,-268.7081,nan,nan,nan,0.8932,-0.4476,-0.0431,0.0385,-0.0193,0.9991,90.000,nan,nan,nan,0.0000,0.0000,0.0000,nan,nan,nan,-9908.0615,-1391.0304,-268.7081,-9908.0615,-1391.0304,-268.7081,12.000,0,nan,nan
1.4900,120.3167,0,-9640.1023,-1525.3102,-301.6257,nan,nan,nan,0.9285,-0.3712,0.0000,0.3712,0.9285,-0.0000,-0.0000,0.0000,1.0000,0.0000,0.0000,0.0000,0.0000,0.0000,0.0000,-9908.0615,-1391.0304,-268.7081,nan,nan,nan,0.8932,-0.4476,-0.0431,0.0385,-0.0193,0.9991,90.000,nan,nan,nan,0.0000,0.0000,0.0000,nan,nan,nan,-9908.0615,-1391.0304,-268.7081,-9908.0615,-1391.0304,-268.7081,12.000,0,nan,nan
1.5140,120.3333,0,-9640.1023,-1525.3102,-301.6257,nan,nan,nan,0.9285,-0.3712,0.0000,0.3712,0.9285,-0.0000,-0.0000,0.0000,1.0000,0.0000,0.0000,0.0000,0.0000,0.0000,0.0000,-9908.0615,-1391.0304,-268.7081,nan,nan,nan,0.8932,-0.4476,-0.0431,0.0385,-0.0193,0.9991,90.000,nan,nan,nan,0.0000,0.0000,0.0000,nan,nan,nan,-9908.0615,-1391.0304,-268.7081,-9908.0615,-1391.0304,-268.7081,12.000,0,nan,nan
1.5400,120.3667,0,-9640.1023,-1525.3102,-301.6257,nan,nan,nan,0.9285,-0.3712,0.0000,0.3712,0.9285,-0.0000,-0.0000,0.0000,1.0000,0.0000,0.0000,0.0000,0.0000,0.0000,0.0000,-9908.0615,-1391.0304,-268.7081,nan,nan,nan,0.8932,-0.4476,-0.0431,0.0385,-0.0193,0.9991,90.000,nan,nan,nan,0.0000,0.0000,0.0000,nan,nan,nan,-9908.0615,-1391.0304,-268.7081,-9908.0615,-1391.0304,-268.7081,12.000,0,nan,nan
1.5660,120.3833,0,-9640.1023,-1525.3102,-301.6257,nan,nan,nan,0.9285,-0.3712,0.0000,0.3712,0.9285,-0.0000,-0.0000,0.0000,1.0000,0.0000,0.0000,0.0000,0.0000,0.0000,0.0000,-9908.0615,-1391.0304,-268.7081,nan,nan,nan,0.8932,-0.4476,-0.0431,0.0385,-0.0193,0.9991,90.000,nan,nan,nan,0.0000,0.0000,0.0000,nan,nan,nan,-9908.0615,-1391.0304,-268.7081,-9908.0615,-1391.0304,-268.7081,12.000,0,nan,nan
1.5900,120.4167,0,-9640.1023,-1525.3102,-301.6257,nan,nan,nan,0.9285,-0.3712,0.0000,0.3712,0.9285,-0.0000,-0.0000,0.0000,1.0000,0.0000,0.0000,0.0000,0.0000,0.0000,0.0000,-9908.0615,-1391.0304,-268.7081,nan,nan,nan,0.8932,-0.4476,-0.0431,0.0385,-0.0193,0.9991,90.000,nan,nan,nan,0.0000,0.0000,0.0000,nan,nan,nan,-9908.0615,-1391.0304,-268.7081,-9908.0615,-1391.0304,-268.7081,12.000,0,nan,nan
1.6170,120.4500,0,-9640.1023,-1525.3102,-301.6257,nan,nan,nan,0.9285,-0.3712,0.0000,0.3712,0.9285,-0.0000,-0.0000,0.0000,1.0000,0.0000,0.0000,0.0000,0.0000,0.0000,0.0000,-9908.0615,-1391.0304,-268.7081,nan,nan,nan,0.8932,-0.4476,-0.0431,0.0385,-0.0193,0.9991,90.000,nan,nan,nan,0.0000,0.0000,0.0000,nan,nan,nan,-9908.0615,-1391.0304,-268.7081,-9908.0615,-1391.0304,-268.7081,12.000,0,nan,nan
1.6420,120.4667,0,-9640.1023,-1525.3102,-301.6257,nan,nan,nan,0.9285,-0.3712,0.0000,0.3712,0.9285,-0.0000,-0.0000,0.0000,1.0000,0.0000,0.0000,0.0000,0.0000,0.0000,0.0000,-9908.0615,-1391.0304,-268.7081,nan,nan,nan,0.8932,-0.4476,-0.0431,0.0385,-0.0193,0.9991,90.000,nan,nan,nan,0.0000,0.0000,0.0000,nan,nan,nan,-9908.0615,-1391.0304,-268.7081,-9908.0615,-1391.0304,-268.7081,12.000,0,nan,nan
1.6680,120.5000,0,-9640.1023,-1525.3102,-301.6257,nan,nan,nan,0.9285,-0.3712,0.0000,0.3712,0.9285,-0.0000,-0.0000,0.0000,1.0000,0.0000,0.0000,0.0000,0.0000,0.0000,0.0000,-9908.0615,-1391.0304,-268.7081,nan,nan,nan,0.8932,-0.4476,-0.0431,0.0385,-0.0193,0.9991,90.000,nan,nan,nan,0.0000,0.0000,0.0000,nan,nan,nan,-9908.0615,-1391.0304,-268.7081,-9908.0615,-1391.0304,-268.7081,12.000,0,nan,nan
1.6930,120.5167,0,-9640.1023,-1525.3102,-301.6257,nan,nan,nan,0.9285,-0.3712,0.0000,0.3712,0.9285,-0.0000,-0.0000,0.0000,1.0000,0.0000,0.0000,0.0000,0.0000,0.0000,0.0000,-9908.0615,-1391.0304,-268.7081,nan,nan,nan,0.8932,-0.4476,-0.0431,0.0385,-0.0193,0.9991,90.000,nan,nan,nan,0.0000,0.0000,0.0000,nan,nan,nan,-9908.0615,-1391.0304,-268.7081,-9908.0615,-1391.0304,-268.7081,12.000,0,nan,nan
1.7190,120.5500,0,-9640.1023,-1525.3102,-301.6257,nan,nan,nan,0.9285,-0.3712,0.0000,0.3712,0.9285,-0.0000,-0.0000,0.0000,1.0000,0.0000,0.0000,0.0000,0.0000,0.0000,0.0000,-9908.0615,-1391.0304,-268.7081,nan,nan,nan,0.8932,-0.4476,-0.0431,0.0385,-0.0193,0.9991,90.000,nan,nan,nan,0.0000,0.0000,0.0000,nan,nan,nan,-9908.0615,-1391.0304,-268.7081,-9908.0615,-1391.0304,-268.7081,12.000,0,nan,nan
1.7450,120.5667,0,-9640.1023,-1525.3102,-301.6257,nan,nan,nan,0.9285,-0.3712,0.0000,0.3712,0.9285,-0.0000,-0.0000,0.0000,1.0000,0.0000,0.0000,0.0000,0.0000,0.0000,0.0000,-9908.0615,-1391.0304,-268.7081,nan,nan,nan,0.8932,-0.4476,-0.0431,0.0385,-0.0193,0.9991,90.000,nan,nan,nan,0.0000,0.0000,0.0000,nan,nan,nan,-9908.0615,-1391.0304,-268.7081,-9908.0615,-1391.0304,-268.7081,12.000,0,nan,nan
1.7700,120.6000,0,-9640.1023,-1525.3102,-301.6257,nan,nan,nan,0.9285,-0.3712,0.0000,0.3712,0.9285,-0.0000,-0.0000,0.0000,1.0000,0.0000,0.0000,0.0000,0.0000,0.0000,0.0000,-9908.0615,-1391.0304,-268.7081,nan,nan,nan,0.8932,-0.4476,-0.0431,0.0385,-0.0193,0.9991,90.000,nan,nan,nan,0.0000,0.0000,0.0000,nan,nan,nan,-9908.0615,-1391.0304,-268.7081,-9908.0615,-1391.0304,-268.7081,12.000,0,nan,nan
1.7960,120.6167,0,-9640.1023,-1525.3102,-301.6257,nan,nan,nan,0.9285,-0.3712,0.0000,0.3712,0.9285,-0.0000,-0.0000,0.0000,1.0000,0.0000,0.0000,0.0000,0.0000,0.0000,0.0000,-9908.0615,-1391.0304,-268.7081,nan,nan,nan,0.8932,-0.4476,-0.0431,0.0385,-0.0193,0.9991,90.000,nan,nan,nan,0.0000,0.0000,0.0000,nan,nan,nan,-9908.0615,-1391.0304,-268.7081,-9908.0615,-1391.0304,-268.7081,12.000,0,nan,nan
1.8200,120.6500,0,-9640.1023,-1525.3102,-301.6257,nan,nan,nan,0.9285,-0.3712,0.0000,0.3712,0.9285,-0.0000,-0.0000,0.0000,1.0000,0.0000,0.0000,0.0000,0.0000,0.0000,0.0000,-9908.0615,-1391.0304,-268.7081,nan,nan,nan,0.8932,-0.4476,-0.0431,0.0385,-0.0193,0.9991,90.000,nan,nan,nan,0.0000,0.0000,0.0000,nan,nan,nan,-9908.0615,-1391.0304,-268.7081,-9908.0615,-1391.0304,-268.7081,12.000,0,nan,nan
1.8460,120.6667,0,-9640.1023,-1525.3102,-301.6257,nan,nan,nan,0.9285,-0.3712,0.0000,0.3712,0.9285,-0.0000,-0.0000,0.0000,1.0000,0.0000,0.0000,0.0000,0.0000,0.0000,0.0000,-9908.0615,-1391.0304,-268.7081,nan,nan,nan,0.8932,-0.4476,-0.0431,0.0385,-0.0193,0.9991,90.000,nan,nan,nan,0.0000,0.0000,0.0000,nan,nan,nan,-9908.0615,-1391.0304,-268.7081,-9908.0615,-1391.0304,-268.7081,12.000,0,nan,nan
1.8710,120.7000,0,-9640.1023,-1525.3102,-301.6257,nan,nan,nan,0.9285,-0.3712,0.0000,0.3712,0.9285,-0.0000,-0.0000,0.0000,1.0000,0.0000,0.0000,0.0000,0.0000,0.0000,0.0000,-9908.0615,-1391.0304,-268.7081,nan,nan,nan,0.8932,-0.4476,-0.0431,0.0385,-0.0193,0.9991,90.000,nan,nan,nan,0.0000,0.0000,0.0000,nan,nan,nan,-9908.0615,-1391.0304,-268.7081,-9908.0615,-1391.0304,-268.7081,12.000,0,nan,nan
1.8960,120.7167,0,-9640.1023,-1525.3102,-301.6257,nan,nan,nan,0.9285,-0.3712,0.0000,0.3712,0.9285,-0.0000,-0.0000,0.0000,1.0000,0.0000,0.0000,0.0000,0.0000,0.0000,0.0000,-9908.0615,-1391.0304,-268.7081,nan,nan,nan,0.8932,-0.4476,-0.0431,0.0385,-0.0193,0.9991,90.000,nan,nan,nan,0.0000,0.0000,0.0000,nan,nan,nan,-9908.0615,-1391.0304,-268.7081,-9908.0615,-1391.0304,-268.7081,12.000,0,nan,nan
1.9230,120.7500,0,-9640.1023,-1525.3102,-301.6257,nan,nan,nan,0.9285,-0.3712,0.0000,0.3712,0.9285,-0.0000,-0.0000,0.0000,1.0000,0.0000,0.0000,0.0000,0.0000,0.0000,0.0000,-9908.0615,-1391.0304,-268.7081,nan,nan,nan,0.8932,-0.4476,-0.0431,0.0385,-0.0193,0.9991,90.000,nan,nan,nan,0.0000,0.0000,0.0000,nan,nan,nan,-9908.0615,-1391.0304,-268.7081,-9908.0615,-1391.0304,-268.7081,12.000,0,nan,nan
1.9490,120.7667,0,-9640.1023,-1525.3102,-301.6257,nan,nan,nan,0.9285,-0.3712,0.0000,0.3712,0.9285,-0.0000,-0.0000,0.0000,1.0000,0.0000,0.0000,0.0000,0.0000,0.0000,0.0000,-9908.0615,-1391.0304,-268.7081,nan,nan,nan,0.8932,-0.4476,-0.0431,0.0385,-0.0193,0.9991,90.000,nan,nan,nan,0.0000,0.0000,0.0000,nan,nan,nan,-9908.0615,-1391.0304,-268.7081,-9908.0615,-1391.0304,-268.7081,12.000,0,nan,nan
1.9740,120.8000,0,-9640.1023,-1525.3102,-301.6257,nan,nan,nan,0.9285,-0.3712,0.0000,0.3712,0.9285,-0.0000,-0.0000,0.0000,1.0000,0.0000,0.0000,0.0000,0.0000,0.0000,0.0000,-9908.0615,-1391.0304,-268.7081,nan,nan,nan,0.8932,-0.4476,-0.0431,0.0385,-0.0193,0.9991,90.000,nan,nan,nan,0.0000,0.0000,0.0000,nan,nan,nan,-9908.0615,-1391.0304,-268.7081,-9908.0615,-1391.0304,-268.7081,12.000,0,nan,nan
1.9990,120.8333,0,-9640.1023,-1525.3102,-301.6257,nan,nan,nan,0.9285,-0.3712,0.0000,0.3712,0.9285,-0.0000,-0.0000,0.0000,1.0000,0.0000,0.0000,0.0000,0.0000,0.0000,0.0000,-9908.0615,-1391.0304,-268.7081,nan,nan,nan,0.8932,-0.4476,-0.0431,0.0385,-0.0193,0.9991,90.000,nan,nan,nan,0.0000,0.0000,0.0000,nan,nan,nan,-9908.0615,-1391.0304,-268.7081,-9908.0615,-1391.0304,-268.7081,12.000,0,nan,nan
2.0250,120.8500,0,-9640.1023,-1525.3102,-301.6257,nan,nan,nan,0.9285,-0.3712,0.0000,0.3712,0.9285,-0.0000,-0.0000,0.0000,1.0000,0.0000,0.0000,0.0000,0.0000,0.0000,0.0000,-9908.0615,-1391.0304,-268.7081,nan,nan,nan,0.8932,-0.4476,-0.0431,0.0385,-0.0193,0.9991,90.000,nan,nan,nan,0.0000,0.0000,0.0000,nan,nan,nan,-9908.0615,-1391.0304,-268.7081,-9908.0615,-1391.0304,-268.7081,12.000,0,nan,nan
2.0520,120.8833,0,-9640.1023,-1525.3102,-301.6257,nan,nan,nan,0.9285,-0.3712,0.0000,0.3712,0.9285,-0.0000,-0.0000,0.0000,1.0000,0.0000,0.0000,0.0000,0.0000,0.0000,0.0000,-9908.0615,-1391.0304,-268.7081,nan,nan,nan,0.8932,-0.4476,-0.0431,0.0385,-0.0193,0.9991,90.000,nan,nan,nan,0.0000,0.0000,0.0000,nan,nan,nan,-9908.0615,-1391.0304,-268.7081,-9908.0615,-1391.0304,-268.7081,12.000,0,nan,nan
2.0780,120.9000,0,-9640.1023,-1525.3102,-301.6257,nan,nan,nan,0.9285,-0.3712,0.0000,0.3712,0.9285,-0.0000,-0.0000,0.0000,1.0000,0.0000,0.0000,0.0000,0.0000,0.0000,0.0000,-9908.0615,-1391.0304,-268.7081,nan,nan,nan,0.8932,-0.4476,-0.0431,0.0385,-0.0193,0.9991,90.000,nan,nan,nan,0.0000,0.0000,0.0000,nan,nan,nan,-9908.0615,-1391.0304,-268.7081,-9908.0615,-1391.0304,-268.7081,12.000,0,nan,nan
2.1020,120.9333,0,-9640.1023,-1525.3102,-301.6257,nan,nan,nan,0.9285,-0.3712,0.0000,0.3712,0.9285,-0.0000,-0.0000,0.0000,1.0000,0.0000,0.0000,0.0000,0.0000,0.0000,0.0000,-9908.0615,-1391.0304,-268.7081,nan,nan,nan,0.8932,-0.4476,-0.0431,0.0385,-0.0193,0.9991,90.000,nan,nan,nan,0.0000,0.0000,0.0000,nan,nan,nan,-9908.0615,-1391.0304,-268.7081,-9908.0615,-1391.0304,-268.7081,12.000,0,nan,nan
2.1290,120.9500,0,-9640.1023,-1525.3102,-301.6257,nan,nan,nan,0.9285,-0.3712,0.0000,0.3712,0.9285,-0.0000,-0.0000,0.0000,1.0000,0.0000,0.0000,0.0000,0.0000,0.0000,0.0000,-9908.0615,-1391.0304,-268.7081,nan,nan,nan,0.8932,-0.4476,-0.0431,0.0385,-0.0193,0.9991,90.000,nan,nan,nan,0.0000,0.0000,0.0000,nan,nan,nan,-9908.0615,-1391.0304,-268.7081,-9908.0615,-1391.0304,-268.7081,12.000,0,nan,nan
2.1550,120.9833,0,-9640.1023,-1525.3102,-301.6257,nan,nan,nan,0.9285,-0.3712,0.0000,0.3712,0.9285,-0.0000,-0.0000,0.0000,1.0000,0.0000,0.0000,0.0000,0.0000,0.0000,0.0000,-9908.0615,-1391.0304,-268.7081,nan,nan,nan,0.8932,-0.4476,-0.0431,0.0385,-0.0193,0.9991,90.000,nan,nan,nan,0.0000,0.0000,0.0000,nan,nan,nan,-9908.0615,-1391.0304,-268.7081,-9908.0615,-1391.0304,-268.7081,12.000,0,nan,nan
2.1790,121.0000,0,-9640.1023,-1525.3102,-301.6257,nan,nan,nan,0.9285,-0.3712,0.0000,0.3712,0.9285,-0.0000,-0.0000,0.0000,1.0000,0.0000,0.0000,0.0000,0.0000,0.0000,0.0000,-9908.0615,-1391.0304,-268.7081,nan,nan,nan,0.8932,-0.4476,-0.0431,0.0385,-0.0193,0.9991,90.000,nan,nan,nan,0.0000,0.0000,0.0000,nan,nan,nan,-9908.0615,-1391.0304,-268.7081,-9908.0615,-1391.0304,-268.7081,12.000,0,nan,nan
2.2050,121.0333,0,-9640.1023,-1525.3102,-301.6257,nan,nan,nan,0.9285,-0.3712,0.0000,0.3712,0.9285,-0.0000,-0.0000,0.0000,1.0000,0.0000,0.0000,0.0000,0.0000,0.0000,0.0000,-9908.0615,-1391.0304,-268.7081,nan,nan,nan,0.8932,-0.4476,-0.0431,0.0385,-0.0193,0.9991,90.000,nan,nan,nan,0.0000,0.0000,0.0000,nan,nan,nan,-9908.0615,-1391.0304,-268.7081,-9908.0615,-1391.0304,-268.7081,12.000,0,nan,nan
2.2320,121.0500,0,-9640.1023,-1525.3102,-301.6257,nan,nan,nan,0.9285,-0.3712,0.0000,0.3712,0.9285,-0.0000,-0.0000,0.0000,1.0000,0.0000,0.0000,0.0000,0.0000,0.0000,0.0000,-9908.0615,-1391.0304,-268.7081,nan,nan,nan,0.8932,-0.4476,-0.0431,0.0385,-0.0193,0.9991,90.000,nan,nan,nan,0.0000,0.0000,0.0000,nan,nan,nan,-9908.0615,-1391.0304,-268.7081,-9908.0615,-1391.0304,-268.7081,12.000,0,nan,nan
2.2570,121.0833,0,-9640.1023,-1525.3102,-301.6257,nan,nan,nan,0.9285,-0.3712,0.0000,0.3712,0.9285,-0.0000,-0.0000,0.0000,1.0000,0.0000,0.0000,0.0000,0.0000,0.0000,0.0000,-9908.0615,-1391.0304,-268.7081,nan,nan,nan,0.8932,-0.4476,-0.0431,0.0385,-0.0193,0.9991,90.000,nan,nan,nan,0.0000,0.0000,0.0000,nan,nan,nan,-9908.0615,-1391.0304,-268.7081,-9908.0615,-1391.0304,-268.7081,12.000,0,nan,nan
2.2830,121.1000,0,-9640.1023,-1525.3102,-301.6257,nan,nan,nan,0.9285,-0.3712,0.0000,0.3712,0.9285,-0.0000,-0.0000,0.0000,1.0000,0.0000,0.0000,0.0000,0.0000,0.0000,0.0000,-9908.0615,-1391.0304,-268.7081,nan,nan,nan,0.8932,-0.4476,-0.0431,0.0385,-0.0193,0.9991,90.000,nan,nan,nan,0.0000,0.0000,0.0000,nan,nan,nan,-9908.0615,-1391.0304,-268.7081,-9908.0615,-1391.0304,-268.7081,12.000,0,nan,nan
2.3090,121.1333,0,-9640.1023,-1525.3102,-301.6257,nan,nan,nan,0.9285,-0.3712,0.0000,0.3712,0.9285,-0.0000,-0.0000,0.0000,1.0000,0.0000,0.0000,0.0000,0.0000,0.0000,0.0000,-9908.0615,-1391.0304,-268.7081,nan,nan,nan,0.8932,-0.4476,-0.0431,0.0385,-0.0193,0.9991,90.000,nan,nan,nan,0.0000,0.0000,0.0000,nan,nan,nan,-9908.0615,-1391.0304,-268.7081,-9908.0615,-1391.0304,-268.7081,12.000,0,nan,nan
2.3350,121.1667,0,-9640.1023,-1525.3102,-301.6257,nan,nan,nan,0.9285,-0.3712,0.0000,0.3712,0.9285,-0.0000,-0.0000,0.0000,1.0000,0.0000,0.0000,0.0000,0.0000,0.0000,0.0000,-9908.0615,-1391.0304,-268.7081,nan,nan,nan,0.8932,-0.4476,-0.0431,0.0385,-0.0193,0.9991,90.000,nan,nan,nan,0.0000,0.0000,0.0000,nan,nan,nan,-9908.0615,-1391.0304,-268.7081,-9908.0615,-1391.0304,-268.7081,12.000,0,nan,nan
2.3610,121.1833,0,-9640.1023,-1525.3102,-301.6257,nan,nan,nan,0.9285,-0.3712,0.0000,0.3712,0.9285,-0.0000,-0.0000,0.0000,1.0000,0.0000,0.0000,0.0000,0.0000,0.0000,0.0000,-9908.0615,-1391.0304,-268.7081,nan,nan,nan,0.8932,-0.4476,-0.0431,0.0385,-0.0193,0.9991,90.000,nan,nan,nan,0.0000,0.0000,0.0000,nan,nan,nan,-9908.0615,-1391.0304,-268.7081,-9908.0615,-1391.0304,-268.7081,12.000,0,nan,nan
2.3870,121.2167,0,-9640.1023,-1525.3102,-301.6257,nan,nan,nan,0.9285,-0.3712,0.0000,0.3712,0.9285,-0.0000,-0.0000,0.0000,1.0000,0.0000,0.0000,0.0000,0.0000,0.0000,0.0000,-9908.0615,-1391.0304,-268.7081,nan,nan,nan,0.8932,-0.4476,-0.0431,0.0385,-0.0193,0.9991,90.000,nan,nan,nan,0.0000,0.0000,0.0000,nan,nan,nan,-9908.0615,-1391.0304,-268.7081,-9908.0615,-1391.0304,-268.7081,12.000,0,nan,nan
2.4120,121.2333,0,-9640.1023,-1525.3102,-301.6257,nan,nan,nan,0.9285,-0.3712,0.0000,0.3712,0.9285,-0.0000,-0.0000,0.0000,1.0000,0.0000,0.0000,0.0000,0.0000,0.0000,0.0000,-9908.0615,-1391.0304,-268.7081,nan,nan,nan,0.8932,-0.4476,-0.0431,0.0385,-0.0193,0.9991,90.000,nan,nan,nan,0.0000,0.0000,0.0000,nan,nan,nan,-9908.0615,-1391.0304,-268.7081,-9908.0615,-1391.0304,-268.7081,12.000,0,nan,nan
2.4380,121.2667,0,-9640.1023,-1525.3102,-301.6257,nan,nan,nan,0.9285,-0.3712,0.0000,0.3712,0.9285,-0.0000,-0.0000,0.0000,1.0000,0.0000,0.0000,0.0000,0.0000,0.0000,0.0000,-9908.0615,-1391.0304,-268.7081,nan,nan,nan,0.8932,-0.4476,-0.0431,0.0385,-0.0193,0.9991,90.000,nan,nan,nan,0.0000,0.0000,0.0000,nan,nan,nan,-9908.0615,-1391.0304,-268.7081,-9908.0615,-1391.0304,-268.7081,12.000,0,nan,nan
2.4640,121.2833,0,-9640.1023,-1525.3102,-301.6257,nan,nan,nan,0.9285,-0.3712,0.0000,0.3712,0.9285,-0.0000,-0.0000,0.0000,1.0000,0.0000,0.0000,0.0000,0.0000,0.0000,0.0000,-9908.0615,-1391.0304,-268.7081,nan,nan,nan,0.8932,-0.4476,-0.0431,0.0385,-0.0193,0.9991,90.000,nan,nan,nan,0.0000,0.0000,0.0000,nan,nan,nan,-9908.0615,-1391.0304,-268.7081,-9908.0615,-1391.0304,-268.7081,12.000,0,nan,nan
2.4890,121.3167,0,-9640.1023,-1525.3102,-301.6257,nan,nan,nan,0.9285,-0.3712,0.0000,0.3712,0.9285,-0.0000,-0.0000,0.0000,1.0000,0.0000,0.0000,0.0000,0.0000,0.0000,0.0000,-9908.0615,-1391.0304,-268.7081,nan,nan,nan,0.8932,-0.4476,-0.0431,0.0385,-0.0193,0.9991,90.000,nan,nan,nan,0.0000,0.0000,0.0000,nan,nan,nan,-9908.0615,-1391.0304,-268.7081,-9908.0615,-1391.0304,-268.7081,12.000,0,nan,nan
2.5150,121.3333,0,-9640.1023,-1525.3102,-301.6257,nan,nan,nan,0.9285,-0.3712,0.0000,0.3712,0.9285,-0.0000,-0.0000,0.0000,1.0000,0.0000,0.0000,0.0000,0.0000,0.0000,0.0000,-9908.0615,-1391.0304,-268.7081,nan,nan,nan,0.8932,-0.4476,-0.0431,0.0385,-0.0193,0.9991,90.000,nan,nan,nan,0.0000,0.0000,0.0000,nan,nan,nan,-9908.0615,-1391.0304,-268.7081,-9908.0615,-1391.0304,-268.7081,12.000,0,nan,nan
2.5410,121.3667,0,-9640.1023,-1525.3102,-301.6257,nan,nan,nan,0.9285,-0.3712,0.0000,0.3712,0.9285,-0.0000,-0.0000,0.0000,1.0000,0.0000,0.0000,0.0000,0.0000,0.0000,0.0000,-9908.0615,-1391.0304,-268.7081,nan,nan,nan,0.8932,-0.4476,-0.0431,0.0385,-0.0193,0.9991,90.000,nan,nan,nan,0.0000,0.0000,0.0000,nan,nan,nan,-9908.0615,-1391.0304,-268.7081,-9908.0615,-1391.0304,-268.7081,12.000,0,nan,nan
2.5660,121.4000,0,-9640.1023,-1525.3102,-301.6257,nan,nan,nan,0.9285,-0.3712,0.0000,0.3712,0.9285,-0.0000,-0.0000,0.0000,1.0000,0.0000,0.0000,0.0000,0.0000,0.0000,0.0000,-9908.0615,-1391.0304,-268.7081,nan,nan,nan,0.8932,-0.4476,-0.0431,0.0385,-0.0193,0.9991,90.000,nan,nan,nan,0.0000,0.0000,0.0000,nan,nan,nan,-9908.0615,-1391.0304,-268.7081,-9908.0615,-1391.0304,-268.7081,12.000,0,nan,nan
2.5910,121.4167,0,-9640.1023,-1525.3102,-301.6257,nan,nan,nan,0.9285,-0.3712,0.0000,0.3712,0.9285,-0.0000,-0.0000,0.0000,1.0000,0.0000,0.0000,0.0000,0.0000,0.0000,0.0000,-9908.0615,-1391.0304,-268.7081,nan,nan,nan,0.8932,-0.4476,-0.0431,0.0385,-0.0193,0.9991,90.000,nan,nan,nan,0.0000,0.0000,0.0000,nan,nan,nan,-9908.0615,-1391.0304,-268.7081,-9908.0615,-1391.0304,-268.7081,12.000,0,nan,nan
2.6180,121.4500,0,-9640.1023,-1525.3102,-301.6257,nan,nan,nan,0.9285,-0.3712,0.0000,0.3712,0.9285,-0.0000,-0.0000,0.0000,1.0000,0.0000,0.0000,0.0000,0.0000,0.0000,0.0000,-9908.0615,-1391.0304,-268.7081,nan,nan,nan,0.8932,-0.4476,-0.0431,0.0385,-0.0193,0.9991,90.000,nan,nan,nan,0.0000,0.0000,0.0000,nan,nan,nan,-9908.0615,-1391.0304,-268.7081,-9908.0615,-1391.0304,-268.7081,12.000,0,nan,nan
2.6440,121.4667,0,-9640.1023,-1525.3102,-301.6257,nan,nan,nan,0.9285,-0.3712,0.0000,0.3712,0.9285,-0.0000,-0.0000,0.0000,1.0000,0.0000,0.0000,0.0000,0.0000,0.0000,0.0000,-9908.0615,-1391.0304,-268.7081,nan,nan,nan,0.8932,-0.4476,-0.0431,0.0385,-0.0193,0.9991,90.000,nan,nan,nan,0.0000,0.0000,0.0000,nan,nan,nan,-9908.0615,-1391.0304,-268.7081,-9908.0615,-1391.0304,-268.7081,12.000,0,nan,nan
2.6690,121.5000,0,-9640.1023,-1525.3102,-301.6257,nan,nan,nan,0.9285,-0.3712,0.0000,0.3712,0.9285,-0.0000,-0.0000,0.0000,1.0000,0.0000,0.0000,0.0000,0.0000,0.0000,0.0000,-9908.0615,-1391.0304,-268.7081,nan,nan,nan,0.8932,-0.4476,-0.0431,0.0385,-0.0193,0.9991,90.000,nan,nan,nan,0.0000,0.0000,0.0000,nan,nan,nan,-9908.0615,-1391.0304,-268.7081,-9908.0615,-1391.0304,-268.7081,12.000,0,nan,nan
2.6950,121.5167,0,-9640.1023,-1525.3102,-301.6257,nan,nan,nan,0.9285,-0.3712,0.0000,0.3712,0.9285,-0.0000,-0.0000,0.0000,1.0000,0.0000,0.0000,0.0000,0.0000,0.0000,0.0000,-9908.0615,-1391.0304,-268.7081,nan,nan,nan,0.8932,-0.4476,-0.0431,0.0385,-0.0193,0.9991,90.000,nan,nan,nan,0.0000,0.0000,0.0000,nan,nan,nan,-9908.0615,-1391.0304,-268.7081,-9908.0615,-1391.0304,-268.7081,12.000,0,nan,nan
2.7210,121.5500,0,-9640.1023,-1525.3102,-301.6257,nan,nan,nan,0.9285,-0.3712,0.0000,0.3712,0.9285,-0.0000,-0.0000,0.0000,1.0000,0.0000,0.0000,0.0000,0.0000,0.0000,0.0000,-9908.0615,-1391.0304,-268.7081,nan,nan,nan,0.8932,-0.4476,-0.0431,0.0385,-0.0193,0.9991,90.000,nan,nan,nan,0.0000,0.0000,0.0000,nan,nan,nan,-9908.0615,-1391.0304,-268.7081,-9908.0615,-1391.0304,-268.7081,12.000,0,nan,nan
2.7470,121.5667,0,-9640.1023,-1525.3102,-301.6257,nan,nan,nan,0.9285,-0.3712,0.0000,0.3712,0.9285,-0.0000,-0.0000,0.0000,1.0000,0.0000,0.0000,0.0000,0.0000,0.0000,0.0000,-9908.0615,-1391.0304,-268.7081,nan,nan,nan,0.8932,-0.4476,-0.0431,0.0385,-0.0193,0.9991,90.000,nan,nan,nan,0.0000,0.0000,0.0000,nan,nan,nan,-9908.0615,-1391.0304,-268.7081,-9908.0615,-1391.0304,-268.7081,12.000,0,nan,nan
2.7720,121.6000,0,-9640.1023,-1525.3102,-301.6257,nan,nan,nan,0.9285,-0.3712,0.0000,0.3712,0.9285,-0.0000,-0.0000,0.0000,1.0000,0.0000,0.0000,0.0000,0.0000,0.0000,0.0000,-9908.0615,-1391.0304,-268.7081,nan,nan,nan,0.8932,-0.4476,-0.0431,0.0385,-0.0193,0.9991,90.000,nan,nan,nan,0.0000,0.0000,0.0000,nan,nan,nan,-9908.0615,-1391.0304,-268.7081,-9908.0615,-1391.0304,-268.7081,12.000,0,nan,nan
2.7980,121.6167,0,-9640.1023,-1525.3102,-301.6257,nan,nan,nan,0.9285,-0.3712,0.0000,0.3712,0.9285,-0.0000,-0.0000,0.0000,1.0000,0.0000,0.0000,0.0000,0.0000,0.0000,0.0000,-9908.0615,-1391.0304,-268.7081,nan,nan,nan,0.8932,-0.4476,-0.0431,0.0385,-0.0193,0.9991,90.000,nan,nan,nan,0.0000,0.0000,0.0000,nan,nan,nan,-9908.0615,-1391.0304,-268.7081,-9908.0615,-1391.0304,-268.7081,12.000,0,nan,nan
2.8240,121.6500,0,-9640.1023,-1525.3102,-301.6257,nan,nan,nan,0.9285,-0.3712,0.0000,0.3712,0.9285,-0.0000,-0.0000,0.0000,1.0000,0.0000,0.0000,0.0000,0.0000,0.0000,0.0000,-9908.0615,-1391.0304,-268.7081,nan,nan,nan,0.8932,-0.4476,-0.0431,0.0385,-0.0193,0.9991,90.000,nan,nan,nan,0.0000,0.0000,0.0000,nan,nan,nan,-9908.0615,-1391.0304,-268.7081,-9908.0615,-1391.0304,-268.7081,12.000,0,nan,nan
2.8500,121.6667,0,-9640.1023,-1525.3102,-301.6257,nan,nan,nan,0.9285,-0.3712,0.0000,0.3712,0.9285,-0.0000,-0.0000,0.0000,1.0000,0.0000,0.0000,0.0000,0.0000,0.0000,0.0000,-9908.0615,-1391.0304,-268.7081,nan,nan,nan,0.8932,-0.4476,-0.0431,0.0385,-0.0193,0.9991,90.000,nan,nan,nan,0.0000,0.0000,0.0000,nan,nan,nan,-9908.0615,-1391.0304,-268.7081,-9908.0615,-1391.0304,-268.7081,12.000,0,nan,nan
2.8750,121.7000,0,-9640.1023,-1525.3102,-301.6257,nan,nan,nan,0.9285,-0.3712,0.0000,0.3712,0.9285,-0.0000,-0.0000,0.0000,1.0000,0.0000,0.0000,0.0000,0.0000,0.0000,0.0000,-9908.0615,-1391.0304,-268.7081,nan,nan,nan,0.8932,-0.4476,-0.0431,0.0385,-0.0193,0.9991,90.000,nan,nan,nan,0.0000,0.0000,0.0000,nan,nan,nan,-9908.0615,-1391.0304,-268.7081,-9908.0615,-1391.0304,-268.7081,12.000,0,nan,nan
2.9020,121.7333,0,-9640.1023,-1525.3102,-301.6257,nan,nan,nan,0.9285,-0.3712,0.0000,0.3712,0.9285,-0.0000,-0.0000,0.0000,1.0000,0.0000,0.0000,0.0000,0.0000,0.0000,0.0000,-9908.0615,-1391.0304,-268.7081,nan,nan,nan,0.8932,-0.4476,-0.0431,0.0385,-0.0193,0.9991,90.000,nan,nan,nan,0.0000,0.0000,0.0000,nan,nan,nan,-9908.0615,-1391.0304,-268.7081,-9908.0615,-1391.0304,-268.7081,12.000,0,nan,nan
2.9290,121.7500,0,-9640.1023,-1525.3102,-301.6257,nan,nan,nan,0.9285,-0.3712,0.0000,0.3712,0.9285,-0.0000,-0.0000,0.0000,1.0000,0.0000,0.0000,0.0000,0.0000,0.0000,0.0000,-9908.0615,-1391.0304,-268.7081,nan,nan,nan,0.8932,-0.4476,-0.0431,0.0385,-0.0193,0.9991,90.000,nan,nan,nan,0.0000,0.0000,0.0000,nan,nan,nan,-9908.0615,-1391.0304,-268.7081,-9908.0615,-1391.0304,-268.7081,12.000,0,nan,nan
2.9560,121.7833,0,-9640.1023,-1525.3102,-301.6257,nan,nan,nan,0.9285,-0.3712,0.0000,0.3712,0.9285,-0.0000,-0.0000,0.0000,1.0000,0.0000,0.0000,0.0000,0.0000,0.0000,0.0000,-9908.0615,-1391.0304,-268.7081,nan,nan,nan,0.8932,-0.4476,-0.0431,0.0385,-0.0193,0.9991,90.000,nan,nan,nan,0.0000,0.0000,0.0000,nan,nan,nan,-9908.0615,-1391.0304,-268.7081,-9908.0615,-1391.0304,-268.7081,12.000,0,nan,nan
2.9840,121.8000,0,-9640.1023,-1525.3102,-301.6257,nan,nan,nan,0.9285,-0.3712,0.0000,0.3712,0.9285,-0.0000,-0.0000,0.0000,1.0000,0.0000,0.0000,0.0000,0.0000,0.0000,0.0000,-9908.0615,-1391.0304,-268.7081,nan,nan,nan,0.8932,-0.4476,-0.0431,0.0385,-0.0193,0.9991,90.000,nan,nan,nan,0.0000,0.0000,0.0000,nan,nan,nan,-9908.0615,-1391.0304,-268.7081,-9908.0615,-1391.0304,-268.7081,12.000,0,nan,nan
3.0100,121.8333,0,-9640.1023,-1525.3102,-301.6257,nan,nan,nan,0.9285,-0.3712,0.0000,0.3712,0.9285,-0.0000,-0.0000,0.0000,1.0000,0.0000,0.0000,0.0000,0.0000,0.0000,0.0000,-9908.0615,-1391.0304,-268.7081,nan,nan,nan,0.8932,-0.4476,-0.0431,0.0385,-0.0193,0.9991,90.000,nan,nan,nan,0.0000,0.0000,0.0000,nan,nan,nan,-9908.0615,-1391.0304,-268.7081,-9908.0615,-1391.0304,-268.7081,12.000,0,nan,nan
3.0350,121.8667,0,-9640.1023,-1525.3102,-301.6257,nan,nan,nan,0.9285,-0.3712,0.0000,0.3712,0.9285,-0.0000,-0.0000,0.0000,1.0000,0.0000,0.0000,0.0000,0.0000,0.0000,0.0000,-9908.0615,-1391.0304,-268.7081,nan,nan,nan,0.8932,-0.4476,-0.0431,0.0385,-0.0193,0.9991,90.000,nan,nan,nan,0.0000,0.0000,0.0000,nan,nan,nan,-9908.0615,-1391.0304,-268.7081,-9908.0615,-1391.0304,-268.7081,12.000,0,nan,nan
3.0610,121.8833,0,-9640.1023,-1525.3102,-301.6257,nan,nan,nan,0.9285,-0.3712,0.0000,0.3712,0.9285,-0.0000,-0.0000,0.0000,1.0000,0.0000,0.0000,0.0000,0.0000,0.0000,0.0000,-9908.0615,-1391.0304,-268.7081,nan,nan,nan,0.8932,-0.4476,-0.0431,0.0385,-0.0193,0.9991,90.000,nan,nan,nan,0.0000,0.0000,0.0000,nan,nan,nan,-9908.0615,-1391.0304,-268.7081,-9908.0615,-1391.0304,-268.7081,12.000,0,nan,nan
3.0870,121.9167,0,-9640.1023,-1525.3102,-301.6257,nan,nan,nan,0.9285,-0.3712,0.0000,0.3712,0.9285,-0.0000,-0.0000,0.0000,1.0000,0.0000,0.0000,0.0000,0.0000,0.0000,0.0000,-9908.0615,-1391.0304,-268.7081,nan,nan,nan,0.8932,-0.4476,-0.0431,0.0385,-0.0193,0.9991,90.000,nan,nan,nan,0.0000,0.0000,0.0000,nan,nan,nan,-9908.0615,-1391.0304,-268.7081,-9908.0615,-1391.0304,-268.7081,12.000,0,nan,nan
3.1120,121.9333,0,-9640.1023,-1525.3102,-301.6257,nan,nan,nan,0.9285,-0.3712,0.0000,0.3712,0.9285,-0.0000,-0.0000,0.0000,1.0000,0.0000,0.0000,0.0000,0.0000,0.0000,0.0000,-9908.0615,-1391.0304,-268.7081,nan,nan,nan,0.8932,-0.4476,-0.0431,0.0385,-0.0193,0.9991,90.000,nan,nan,nan,0.0000,0.0000,0.0000,nan,nan,nan,-9908.0615,-1391.0304,-268.7081,-9908.0615,-1391.0304,-268.7081,12.000,0,nan,nan
3.1380,121.9667,0,-9640.1023,-1525.3102,-301.6257,nan,nan,nan,0.9285,-0.3712,0.0000,0.3712,0.9285,-0.0000,-0.0000,0.0000,1.0000,0.0000,0.0000,0.0000,0.0000,0.0000,0.0000,-9908.0615,-1391.0304,-268.7081,nan,nan,nan,0.8932,-0.4476,-0.0431,0.0385,-0.0193,0.9991,90.000,nan,nan,nan,0.0000,0.0000,0.0000,nan,nan,nan,-9908.0615,-1391.0304,-268.7081,-9908.0615,-1391.0304,-268.7081,12.000,0,nan,nan
3.1640,121.9833,0,-9640.1023,-1525.3102,-301.6257,nan,nan,nan,0.9285,-0.3712,0.0000,0.3712,0.9285,-0.0000,-0.0000,0.0000,1.0000,0.0000,0.0000,0.0000,0.0000,0.0000,0.0000,-9908.0615,-1391.0304,-268.7081,nan,nan,nan,0.8932,-0.4476,-0.0431,0.0385,-0.0193,0.9991,90.000,nan,nan,nan,0.0000,0.0000,0.0000,nan,nan,nan,-9908.0615,-1391.0304,-268.7081,-9908.0615,-1391.0304,-268.7081,12.000,0,nan,nan
3.1890,122.0167,0,-9640.1023,-1525.3102,-301.6257,nan,nan,nan,0.9285,-0.3712,0.0000,0.3712,0.9285,-0.0000,-0.0000,0.0000,1.0000,0.0000,0.0000,0.0000,0.0000,0.0000,0.0000,-9908.0615,-1391.0304,-268.7081,nan,nan,nan,0.8932,-0.4476,-0.0431,0.0385,-0.0193,0.9991,90.000,nan,nan,nan,0.0000,0.0000,0.0000,nan,nan,nan,-9908.0615,-1391.0304,-268.7081,-9908.0615,-1391.0304,-268.7081,12.000,0,nan,nan
3.2140,122.0333,0,-9640.1023,-1525.3102,-301.6257,nan,nan,nan,0.9285,-0.3712,0.0000,0.3712,0.9285,-0.0000,-0.0000,0.0000,1.0000,0.0000,0.0000,0.0000,0.0000,0.0000,0.0000,-9908.0615,-1391.0304,-268.7081,nan,nan,nan,0.8932,-0.4476,-0.0431,0.0385,-0.0193,0.9991,90.000,nan,nan,nan,0.0000,0.0000,0.0000,nan,nan,nan,-9908.0615,-1391.0304,-268.7081,-9908.0615,-1391.0304,-268.7081,12.000,0,nan,nan
3.2400,122.0667,0,-9640.1023,-1525.3102,-301.6257,nan,nan,nan,0.9285,-0.3712,0.0000,0.3712,0.9285,-0.0000,-0.0000,0.0000,1.0000,0.0000,0.0000,0.0000,0.0000,0.0000,0.0000,-9908.0615,-1391.0304,-268.7081,nan,nan,nan,0.8932,-0.4476,-0.0431,0.0385,-0.0193,0.9991,90.000,nan,nan,nan,0.0000,0.0000,0.0000,nan,nan,nan,-9908.0615,-1391.0304,-268.7081,-9908.0615,-1391.0304,-268.7081,12.000,0,nan,nan
3.2650,122.0833,0,-9640.1023,-1525.3102,-301.6257,nan,nan,nan,0.9285,-0.3712,0.0000,0.3712,0.9285,-0.0000,-0.0000,0.0000,1.0000,0.0000,0.0000,0.0000,0.0000,0.0000,0.0000,-9908.0615,-1391.0304,-268.7081,nan,nan,nan,0.8932,-0.4476,-0.0431,0.0385,-0.0193,0.9991,90.000,nan,nan,nan,0.0000,0.0000,0.0000,nan,nan,nan,-9908.0615,-1391.0304,-268.7081,-9908.0615,-1391.0304,-268.7081,12.000,0,nan,nan
3.2910,122.1167,0,-9640.1023,-1525.3102,-301.6257,nan,nan,nan,0.9285,-0.3712,0.0000,0.3712,0.9285,-0.0000,-0.0000,0.0000,1.0000,0.0000,0.0000,0.0000,0.0000,0.0000,0.0000,-9908.0615,-1391.0304,-268.7081,nan,nan,nan,0.8932,-0.4476,-0.0431,0.0385,-0.0193,0.9991,90.000,nan,nan,nan,0.0000,0.0000,0.0000,nan,nan,nan,-9908.0615,-1391.0304,-268.7081,-9908.0615,-1391.0304,-268.7081,12.000,0,nan,nan
3.3170,122.1500,0,-9640.1023,-1525.3102,-301.6257,nan,nan,nan,0.9285,-0.3712,0.0000,0.3712,0.9285,-0.0000,-0.0000,0.0000,1.0000,0.0000,0.0000,0.0000,0.0000,0.0000,0.0000,-9908.0615,-1391.0304,-268.7081,nan,nan,nan,0.8932,-0.4476,-0.0431,0.0385,-0.0193,0.9991,90.000,nan,nan,nan,0.0000,0.0000,0.0000,nan,nan,nan,-9908.0615,-1391.0304,-268.7081,-9908.0615,-1391.0304,-268.7081,12.000,0,nan,nan
3.3410,122.1667,0,-9640.1023,-1525.3102,-301.6257,nan,nan,nan,0.9285,-0.3712,0.0000,0.3712,0.9285,-0.0000,-0.0000,0.0000,1.0000,0.0000,0.0000,0.0000,0.0000,0.0000,0.0000,-9908.0615,-1391.0304,-268.7081,nan,nan,nan,0.8932,-0.4476,-0.0431,0.0385,-0.0193,0.9991,90.000,nan,nan,nan,0.0000,0.0000,0.0000,nan,nan,nan,-9908.0615,-1391.0304,-268.7081,-9908.0615,-1391.0304,-268.7081,12.000,0,nan,nan
3.3670,122.2000,0,-9640.1023,-1525.3102,-301.6257,nan,nan,nan,0.9285,-0.3712,0.0000,0.3712,0.9285,-0.0000,-0.0000,0.0000,1.0000,0.0000,0.0000,0.0000,0.0000,0.0000,0.0000,-9908.0615,-1391.0304,-268.7081,nan,nan,nan,0.8932,-0.4476,-0.0431,0.0385,-0.0193,0.9991,90.000,nan,nan,nan,0.0000,0.0000,0.0000,nan,nan,nan,-9908.0615,-1391.0304,-268.7081,-9908.0615,-1391.0304,-268.7081,12.000,0,nan,nan
3.3940,122.2167,0,-9640.1023,-1525.3102,-301.6257,nan,nan,nan,0.9285,-0.3712,0.0000,0.3712,0.9285,-0.0000,-0.0000,0.0000,1.0000,0.0000,0.0000,0.0000,0.0000,0.0000,0.0000,-9908.0615,-1391.0304,-268.7081,nan,nan,nan,0.8932,-0.4476,-0.0431,0.0385,-0.0193,0.9991,90.000,nan,nan,nan,0.0000,0.0000,0.0000,nan,nan,nan,-9908.0615,-1391.0304,-268.7081,-9908.0615,-1391.0304,-268.7081,12.000,0,nan,nan
3.4200,122.2500,0,-9640.1023,-1525.3102,-301.6257,nan,nan,nan,0.9285,-0.3712,0.0000,0.3712,0.9285,-0.0000,-0.0000,0.0000,1.0000,0.0000,0.0000,0.0000,0.0000,0.0000,0.0000,-9908.0615,-1391.0304,-268.7081,nan,nan,nan,0.8932,-0.4476,-0.0431,0.0385,-0.0193,0.9991,90.000,nan,nan,nan,0.0000,0.0000,0.0000,nan,nan,nan,-9908.0615,-1391.0304,-268.7081,-9908.0615,-1391.0304,-268.7081,12.000,0,nan,nan
3.4450,122.2667,0,-9640.7812,-1525.0429,-301.6257,nan,nan,nan,0.9779,-0.2089,0.0000,0.2089,0.9779,-0.0000,-0.0000,0.0000,1.0000,0.0000,0.0000,0.0000,-8.1472,3.2086,0.0000,-9908.1344,-1391.0017,-268.7081,nan,nan,nan,0.8932,-0.4476,-0.0431,0.0385,-0.0193,0.9991,90.000,nan,nan,nan,0.0000,0.0000,0.0000,nan,nan,nan,-9908.1344,-1391.0017,-268.7081,-9908.1344,-1391.0017,-268.7081,12.000,1,nan,nan
3.4720,122.3000,0,-9645.7077,-1523.2119,-301.6257,nan,nan,nan,0.9662,0.2579,0.0000,-0.2579,0.9662,-0.0000,-0.0000,0.0000,1.0000,0.0000,0.0000,0.0000,-39.3359,14.8362,0.0000,-9909.9911,-1390.3071,-268.7081,nan,nan,nan,0.8932,-0.4476,-0.0431,0.0385,-0.0193,0.9991,90.000,nan,nan,nan,0.0000,0.0000,0.0000,nan,nan,nan,-9909.9911,-1390.3071,-268.7081,-9909.9911,-1390.3071,-268.7081,12.000,1,nan,nan
3.4980,122.3167,0,-9648.5181,-1522.1622,-301.6257,nan,nan,nan,0.8793,0.4763,0.0000,-0.4763,0.8793,-0.0000,-0.0000,0.0000,1.0000,0.0000,0.0000,0.0000,-79.2979,29.7584,0.0000,-9911.1570,-1389.8712,-268.7081,nan,nan,nan,0.8932,-0.4476,-0.0431,0.0385,-0.0193,0.9991,90.000,nan,nan,nan,0.0000,0.0000,0.0000,nan,nan,nan,-9911.1570,-1389.8712,-268.7081,-9911.1570,-1389.8712,-268.7081,12.000,1,nan,nan
3.5230,122.3500,0,-9654.1388,-1520.0627,-301.6257,nan,nan,nan,0.5672,0.8236,-0.0000,-0.8236,0.5672,-0.0000,-0.0000,0.0000,1.0000,0.0000,0.0000,0.0000,-121.0145,45.3395,0.0000,-9914.3483,-1388.6788,-268.7081,nan,nan,nan,0.8932,-0.4476,-0.0431,0.0385,-0.0193,0.9991,90.000,nan,nan,nan,0.0000,0.0000,0.0000,nan,nan,nan,-9914.3483,-1388.6788,-268.7081,-9914.3483,-1388.6788,-268.7081,12.000,1,nan,nan
3.5500,122.3667,0,-9656.9492,-1519.0130,-301.6257,nan,nan,nan,0.3593,0.9332,-0.0000,-0.9332,0.3593,-0.0000,-0.0000,0.0000,1.0000,0.0000,0.0000,0.0000,-154.9349,57.8438,0.0000,-9915.9103,-1388.0951,-268.7081,nan,nan,nan,0.8932,-0.4476,-0.0431,0.0385,-0.0193,0.9991,90.000,nan,nan,nan,0.0000,0.0000,0.0000,nan,nan,nan,-9915.9103,-1388.0951,-268.7081,-9915.9103,-1388.0951,-268.7081,12.000,1,nan,nan
3.5760,122.4000,0,-9662.5819,-1516.9461,-301.6257,nan,nan,nan,-0.1035,0.9946,-0.0000,-0.9946,-0.1035,-0.0000,-0.0000,0.0000,1.0000,0.0000,0.0000,0.0000,-165.9563,61.7601,0.0000,-9919.7107,-1386.6849,-268.7081,nan,nan,nan,0.8932,-0.4476,-0.0431,0.0385,-0.0193,0.9991,90.000,nan,nan,nan,0.0000,0.0000,0.0000,nan,nan,nan,-9919.7107,-1386.6849,-268.7081,-9919.7107,-1386.6849,-268.7081,12.000,1,nan,nan
3.6050,122.4333,0,-9668.2147,-1514.8792,-301.6257,nan,nan,nan,-0.5438,0.8392,-0.0000,-0.8392,-0.5438,-0.0000,-0.0000,0.0000,1.0000,0.0000,0.0000,0.0000,-168.2328,62.3480,0.0000,-9923.7907,-1385.1768,-268.7081,nan,nan,nan,0.8932,-0.4476,-0.0431,0.0385,-0.0193,0.9991,90.000,nan,nan,nan,0.0000,0.0000,0.0000,nan,nan,nan,-9923.7907,-1385.1768,-268.7081,-9923.7907,-1385.1768,-268.7081,12.000,1,nan,nan
3.6300,122.4500,0,-9671.0310,-1513.8458,-301.6257,nan,nan,nan,-0.7247,0.6891,-0.0000,-0.6891,-0.7247,0.0000,-0.0000,0.0000,1.0000,0.0000,0.0000,0.0000,-168.7604,62.2704,0.0000,-9925.7354,-1384.4589,-268.7081,nan,nan,nan,0.8932,-0.4476,-0.0431,0.0385,-0.0193,0.9991,90.000,nan,nan,nan,0.0000,0.0000,0.0000,nan,nan,nan,-9925.7354,-1384.4589,-268.7081,-9925.7354,-1384.4589,-268.7081,12.000,1,nan,nan
3.6550,122.4833,0,-9676.6638,-1511.7789,-301.6257,nan,nan,nan,-0.9388,0.3445,-0.0000,-0.3445,-0.9388,0.0000,-0.0000,0.0000,1.0000,0.0000,0.0000,0.0000,-168.9382,62.0596,0.0000,-9930.1666,-1382.8260,-268.7081,nan,nan,nan,0.8932,-0.4476,-0.0431,0.0385,-0.0193,0.9991,90.000,nan,nan,nan,0.0000,0.0000,0.0000,nan,nan,nan,-9930.1666,-1382.8260,-268.7081,-9930.1666,-1382.8260,-268.7081,12.000,1,nan,nan
3.6810,122.5000,0,-9679.4802,-1510.7454,-301.6257,nan,nan,nan,-0.9388,0.3445,-0.0000,-0.3445,-0.9388,0.0000,-0.0000,0.0000,1.0000,0.0000,0.0000,0.0000,-168.9738,62.0174,0.0000,-9932.2666,-1382.0527,-268.7081,nan,nan,nan,0.8932,-0.4476,-0.0431,0.0385,-0.0193,0.9991,90.000,nan,nan,nan,0.0000,0.0000,0.0000,nan,nan,nan,-9932.2666,-1382.0527,-268.7081,-9932.2666,-1382.0527,-268.7081,12.000,1,nan,nan
3.7080,122.5333,0,-9685.1129,-1508.6785,-301.6257,nan,nan,nan,-0.9388,0.3445,-0.0000,-0.3445,-0.9388,0.0000,-0.0000,0.0000,1.0000,0.0000,0.0000,0.0000,-168.9809,62.0090,0.0000,-9936.9630,-1380.3250,-268.7081,nan,nan,nan,0.8932,-0.4476,-0.0431,0.0385,-0.0193,0.9991,90.000,nan,nan,nan,0.0000,0.0000,0.0000,nan,nan,nan,-9936.9630,-1380.3250,-268.7081,-9936.9630,-1380.3250,-268.7081,12.000,1,nan,nan
3.7340,122.5667,0,-9690.7457,-1506.6116,-301.6257,nan,nan,nan,-0.9388,0.3445,-0.0000,-0.3445,-0.9388,0.0000,-0.0000,0.0000,1.0000,0.0000,0.0000,0.0000,-168.9823,62.0073,0.0000,-9941.7852,-1378.5522,-268.7081,nan,nan,nan,0.8932,-0.4476,-0.0431,0.0385,-0.0193,0.9991,90.000,nan,nan,nan,0.0000,0.0000,0.0000,nan,nan,nan,-9941.7852,-1378.5522,-268.7081,-9941.7852,-1378.5522,-268.7081,12.000,1,nan,nan
3.7610,122.5833,0,-9693.5621,-1505.5782,-301.6257,nan,nan,nan,-0.9388,0.3445,-0.0000,-0.3445,-0.9388,0.0000,-0.0000,0.0000,1.0000,0.0000,0.0000,0.0000,-168.9826,62.0070,0.0000,-9944.0603,-1377.7160,-268.7081,nan,nan,nan,0.8932,-0.4476,-0.0431,0.0385,-0.0193,0.9991,90.000,nan,nan,nan,0.0000,0.0000,0.0000,nan,nan,nan,-9944.0603,-1377.7160,-268.7081,-9944.0603,-1377.7160,-268.7081,12.000,1,nan,nan
3.7870,122.6167,0,-9699.1948,-1503.5113,-301.6257,nan,nan,nan,-0.9388,0.3445,-0.0000,-0.3445,-0.9388,0.0000,-0.0000,0.0000,1.0000,0.0000,0.0000,0.0000,-168.9827,62.0069,0.0000,-9949.0603,-1375.8790,-268.7081,nan,nan,nan,0.8932,-0.4476,-0.0431,0.0385,-0.0193,0.9991,90.000,nan,nan,nan,0.0000,0.0000,0.0000,nan,nan,nan,-9949.0603,-1375.8790,-268.7081,-9949.0603,-1375.8790,-268.7081,12.000,1,nan,nan
3.8150,122.6333,0,-9702.0112,-1502.4778,-301.6257,nan,nan,nan,-0.9388,0.3445,-0.0000,-0.3445,-0.9388,0.0000,-0.0000,0.0000,1.0000,0.0000,0.0000,0.0000,-168.9827,62.0069,0.0000,-9951.4157,-1375.0138,-268.7081,nan,nan,nan,0.8932,-0.4476,-0.0431,0.0385,-0.0193,0.9991,90.000,nan,nan,nan,0.0000,0.0000,0.0000,nan,nan,nan,-9951.4157,-1375.0138,-268.7081,-9951.4157,-1375.0138,-268.7081,12.000,1,nan,nan
3.8410,122.6667,0,-9707.6440,-1500.4109,-301.6257,nan,nan,nan,-0.9388,0.3445,-0.0000,-0.3445,-0.9388,0.0000,-0.0000,0.0000,1.0000,0.0000,0.0000,0.0000,-168.9827,62.0069,0.0000,-9956.5567,-1373.1258,-268.7081,nan,nan,nan,0.8932,-0.4476,-0.0431,0.0385,-0.0193,0.9991,90.000,nan,nan,nan,0.0000,0.0000,0.0000,nan,nan,nan,-9956.5567,-1373.1258,-268.7081,-9956.5567,-1373.1258,-268.7081,12.000,1,nan,nan
3.8670,122.7000,0,-9713.2767,-1498.3440,-301.6257,nan,nan,nan,-0.9388,0.3445,-0.0000,-0.3445,-0.9388,0.0000,-0.0000,0.0000,1.0000,0.0000,0.0000,0.0000,-168.9827,62.0069,0.0000,-9961.7601,-1371.2152,-268.7081,nan,nan,nan,0.8932,-0.4476,-0.0431,0.0385,-0.0193,0.9991,90.000,nan,nan,nan,0.0000,0.0000,0.0000,nan,nan,nan,-9961.7601,-1371.2152,-268.7081,-9961.7601,-1371.2152,-268.7081,12.000,1,nan,nan
3.8930,122.7167,0,-9716.0931,-1497.3106,-301.6257,nan,nan,nan,-0.9388,0.3445,-0.0000,-0.3445,-0.9388,0.0000,-0.0000,0.0000,1.0000,0.0000,0.0000,0.0000,-168.9827,62.0069,0.0000,-9964.2078,-1370.3166,-268.7081,nan,nan,nan,0.8932,-0.4476,-0.0431,0.0385,-0.0193,0.9991,90.000,nan,nan,nan,0.0000,0.0000,0.0000,nan,nan,nan,-9964.2078,-1370.3166,-268.7081,-9964.2078,-1370.3166,-268.7081,12.000,1,nan,nan
3.9180,122.7500,0,-9721.7258,-1495.2437,-301.6257,nan,nan,nan,-0.9388,0.3445,-0.0000,-0.3445,-0.9388,0.0000,-0.0000,0.0000,1.0000,0.0000,0.0000,0.0000,-168.9827,62.0069,0.0000,-9969.5116,-1368.3695,-268.7081,nan,nan,nan,0.8932,-0.4476,-0.0431,0.0385,-0.0193,0.9991,90.000,nan,nan,nan,0.0000,0.0000,0.0000,nan,nan,nan,-9969.5116,-1368.3695,-268.7081,-9969.5116,-1368.3695,-268.7081,12.000,1,nan,nan
3.9450,122.7667,0,-9724.5422,-1494.2102,-301.6257,nan,nan,nan,-0.9388,0.3445,-0.0000,-0.3445,-0.9388,0.0000,-0.0000,0.0000,1.0000,0.0000,0.0000,0.0000,-168.9827,62.0069,0.0000,-9972.0050,-1367.4543,-268.7081,nan,nan,nan,0.8932,-0.4476,-0.0431,0.0385,-0.0193,0.9991,90.000,nan,nan,nan,0.0000,0.0000,0.0000,nan,nan,nan,-9972.0050,-1367.4543,-268.7081,-9972.0050,-1367.4543,-268.7081,12.000,1,nan,nan
3.9710,122.8000,0,-9730.1750,-1492.1433,-301.6257,nan,nan,nan,-0.9388,0.3445,-0.0000,-0.3445,-0.9388,0.0000,-0.0000,0.0000,1.0000,0.0000,0.0000,0.0000,-168.9827,62.0069,0.0000,-9977.3899,-1365.4777,-268.7081,nan,nan,nan,0.8932,-0.4476,-0.0431,0.0385,-0.0193,0.9991,90.000,nan,nan,nan,0.0000,0.0000,0.0000,nan,nan,nan,-9977.3899,-1365.4777,-268.7081,-9977.3899,-1365.4777,-268.7081,12.000,1,nan,nan
3.9980,122.8167,0,-9732.9914,-1491.1099,-301.6257,nan,nan,nan,-0.9388,0.3445,-0.0000,-0.3445,-0.9388,0.0000,-0.0000,0.0000,1.0000,0.0000,0.0000,0.0000,-168.9827,62.0069,0.0000,-9979.9202,-1364.5490,-268.7081,nan,nan,nan,0.8932,-0.4476,-0.0431,0.0385,-0.0193,0.9991,90.000,nan,nan,nan,0.0000,0.0000,0.0000,nan,nan,nan,-9979.9202,-1364.5490,-268.7081,-9979.9202,-1364.5490,-268.7081,12.000,1,nan,nan
4.0250,122.8500,0,-9738.6241,-1489.0430,-301.6257,nan,nan,nan,-0.9388,0.3445,-0.0000,-0.3445,-0.9388,0.0000,-0.0000,0.0000,1.0000,0.0000,0.0000,0.0000,-168.9827,62.0069,0.0000,-9985.3709,-1362.5485,-268.7081,nan,nan,nan,0.8932,-0.4476,-0.0431,0.0385,-0.0193,0.9991,90.000,nan,nan,nan,0.0000,0.0000,0.0000,nan,nan,nan,-9985.3709,-1362.5485,-268.7081,-9985.3709,-1362.5485,-268.7081,12.000,1,nan,nan
4.0520,122.8833,0,-9744.2569,-1486.9761,-301.6257,nan,nan,nan,-0.9388,0.3445,-0.0000,-0.3445,-0.9388,0.0000,-0.0000,0.0000,1.0000,0.0000,0.0000,0.0000,-168.9827,62.0069,0.0000,-9990.8438,-1360.5399,-268.7081,nan,nan,nan,0.8932,-0.4476,-0.0431,0.0385,-0.0193,0.9991,90.000,nan,nan,nan,0.0000,0.0000,0.0000,nan,nan,nan,-9990.8438,-1360.5399,-268.7081,-9990.8438,-1360.5399,-268.7081,12.000,1,nan,nan
4.0780,122.9000,0,-9747.0733,-1485.9427,-301.6257,nan,nan,nan,-0.9388,0.3445,-0.0000,-0.3445,-0.9388,0.0000,-0.0000,0.0000,1.0000,0.0000,0.0000,0.0000,-168.9827,62.0069,0.0000,-9993.4145,-1359.5965,-268.7081,nan,nan,nan,0.8932,-0.4476,-0.0431,0.0385,-0.0193,0.9991,90.000,nan,nan,nan,0.0000,0.0000,0.0000,nan,nan,nan,-9993.4145,-1359.5965,-268.7081,-9993.4145,-1359.5965,-268.7081,12.000,1,nan,nan
4.1040,122.9333,0,-9752.7060,-1483.8758,-301.6257,nan,nan,nan,-0.9388,0.3445,-0.0000,-0.3445,-0.9388,0.0000,-0.0000,0.0000,1.0000,0.0000,0.0000,0.0000,-168.9827,62.0069,0.0000,-9998.9369,-1357.5699,-268.7081,nan,nan,nan,0.8932,-0.4476,-0.0431,0.0385,-0.0193,0.9991,90.000,nan,nan,nan,0.0000,0.0000,0.0000,nan,nan,nan,-9998.9369,-1357.5699,-268.7081,-9998.9369,-1357.5699,-268.7081,12.000,1,nan,nan
4.1310,122.9500,0,-9755.5754,-1483.0002,-301.6257,nan,nan,nan,-0.9565,0.2919,-0.0000,-0.2919,-0.9565,0.0000,-0.0000,0.0000,1.0000,0.0000,0.0000,0.0000,-169.6188,60.1122,0.0000,-10001.5359,-1356.6348,-268.7081,nan,nan,nan,0.8932,-0.4476,-0.0431,0.0385,-0.0193,0.9991,90.000,nan,nan,nan,0.0000,0.0000,0.0000,nan,nan,nan,-10001.5359,-1356.6348,-268.7081,-10001.5359,-1356.6348,-268.7081,12.000,1,nan,nan
4.1580,122.9833,0,-9761.3255,-1481.2865,-301.6257,nan,nan,nan,-0.9583,0.2856,-0.0000,-0.2856,-0.9583,0.0000,-0.0000,0.0000,1.0000,0.0000,0.0000,0.0000,-170.4500,57.6139,0.0000,-10007.1329,-1354.6928,-268.7081,nan,nan,nan,0.8932,-0.4476,-0.0431,0.0385,-0.0193,0.9991,90.000,nan,nan,nan,0.0000,0.0000,0.0000,nan,nan,nan,-10007.1329,-1354.6928,-268.7081,-10007.1329,-1354.6928,-268.7081,12.000,1,nan,nan
4.1830,123.0167,0,-9767.0852,-1479.6056,-301.6257,nan,nan,nan,-0.9600,0.2801,-0.0000,-0.2801,-0.9600,0.0000,-0.0000,0.0000,1.0000,0.0000,0.0000,0.0000,-171.3781,54.7982,0.0000,-10012.7573,-1352.8053,-268.7081,nan,nan,nan,0.8932,-0.4476,-0.0431,0.0385,-0.0193,0.9991,90.000,nan,nan,nan,0.0000,0.0000,0.0000,nan,nan,nan,-10012.7573,-1352.8053,-268.7081,-10012.7573,-1352.8053,-268.7081,12.000,1,nan,nan
4.2100,123.0333,0,-9769.9660,-1478.7682,-301.6257,nan,nan,nan,-0.9602,0.2791,-0.0000,-0.2791,-0.9602,0.0000,-0.0000,0.0000,1.0000,0.0000,0.0000,0.0000,-172.3362,51.8828,0.0000,-10015.4018,-1351.9314,-268.7081,nan,nan,nan,0.8932,-0.4476,-0.0431,0.0385,-0.0193,0.9991,90.000,nan,nan,nan,0.0000,0.0000,0.0000,nan,nan,nan,-10015.4018,-1351.9314,-268.7081,-10015.4018,-1351.9314,-268.7081,12.000,1,nan,nan
4.2360,123.0667,0,-9775.7275,-1477.0934,-301.6257,nan,nan,nan,-0.9602,0.2791,-0.0000,-0.2791,-0.9602,0.0000,-0.0000,0.0000,1.0000,0.0000,0.0000,0.0000,-172.6641,50.8422,0.0000,-10021.0802,-1350.1009,-268.7081,nan,nan,nan,0.8932,-0.4476,-0.0431,0.0385,-0.0193,0.9991,90.000,nan,nan,nan,0.0000,0.0000,0.0000,nan,nan,nan,-10021.0802,-1350.1009,-268.7081,-10021.0802,-1350.1009,-268.7081,12.000,1,nan,nan
4.2620,123.0833,0,-9778.6082,-1476.2559,-301.6257,nan,nan,nan,-0.9602,0.2791,-0.0000,-0.2791,-0.9602,0.0000,-0.0000,0.0000,1.0000,0.0000,0.0000,0.0000,-172.7982,50.4011,0.0000,-10023.7485,-1349.2503,-268.7081,nan,nan,nan,0.8932,-0.4476,-0.0431,0.0385,-0.0193,0.9991,90.000,nan,nan,nan,0.0000,0.0000,0.0000,nan,nan,nan,-10023.7485,-1349.2503,-268.7081,-10023.7485,-1349.2503,-268.7081,12.000,1,nan,nan
4.2880,123.1167,0,-9784.3697,-1474.5811,-301.6257,nan,nan,nan,-0.9602,0.2791,-0.0000,-0.2791,-0.9602,0.0000,-0.0000,0.0000,1.0000,0.0000,0.0000,0.0000,-172.8356,50.2767,0.0000,-10029.4685,-1347.4593,-268.7081,nan,nan,nan,0.8932,-0.4476,-0.0431,0.0385,-0.0193,0.9991,90.000,nan,nan,nan,0.0000,0.0000,0.0000,nan,nan,nan,-10029.4685,-1347.4593,-268.7081,-10029.4685,-1347.4593,-268.7081,12.000,1,nan,nan
4.3150,123.1333,0,-9787.2505,-1473.7437,-301.6257,nan,nan,nan,-0.9602,0.2791,-0.0000,-0.2791,-0.9602,0.0000,-0.0000,0.0000,1.0000,0.0000,0.0000,0.0000,-172.8431,50.2518,0.0000,-10032.1552,-1346.6247,-268.7081,nan,nan,nan,0.8932,-0.4476,-0.0431,0.0385,-0.0193,0.9991,90.000,nan,nan,nan,0.0000,0.0000,0.0000,nan,nan,nan,-10032.1552,-1346.6247,-268.7081,-10032.1552,-1346.6247,-268.7081,12.000,1,nan,nan
4.3390,123.1667,0,-9793.0120,-1472.0688,-301.6257,nan,nan,nan,-0.9602,0.2791,-0.0000,-0.2791,-0.9602,0.0000,-0.0000,0.0000,1.0000,0.0000,0.0000,0.0000,-172.8446,50.2469,0.0000,-10037.8916,-1344.8658,-268.7081,nan,nan,nan,0.8932,-0.4476,-0.0431,0.0385,-0.0193,0.9991,90.000,nan,nan,nan,0.0000,0.0000,0.0000,nan,nan,nan,-10037.8916,-1344.8658,-268.7081,-10037.8916,-1344.8658,-268.7081,12.000,1,nan,nan
4.3660,123.1833,0,-9795.8990,-1471.2534,-301.6257,nan,nan,nan,-0.9623,0.2718,-0.0000,-0.2718,-0.9623,0.0000,-0.0000,0.0000,1.0000,0.0000,0.0000,0.0000,-172.9205,49.9821,0.0000,-10040.5945,-1344.0443,-268.7081,nan,nan,nan,0.8932,-0.4476,-0.0431,0.0385,-0.0193,0.9991,90.000,nan,nan,nan,0.0000,0.0000,0.0000,nan,nan,nan,-10040.5945,-1344.0443,-268.7081,-10040.5945,-1344.0443,-268.7081,12.000,1,nan,nan
4.3920,123.2167,0,-9801.7269,-1469.8267,-301.6257,nan,nan,nan,-0.9713,0.2378,-0.0000,-0.2378,-0.9713,0.0000,-0.0000,0.0000,1.0000,0.0000,0.0000,0.0000,-173.3342,48.4399,0.0000,-10046.3538,-1342.3621,-268.7081,nan,nan,nan,0.8932,-0.4476,-0.0431,0.0385,-0.0193,0.9991,90.000,nan,nan,nan,0.0000,0.0000,0.0000,nan,nan,nan,-10046.3538,-1342.3621,-268.7081,-10046.3538,-1342.3621,-268.7081,12.000,1,nan,nan
4.4190,123.2500,0,-9807.5707,-1468.4664,-301.6257,nan,nan,nan,-0.9740,0.2267,-0.0000,-0.2267,-0.9740,0.0000,-0.0000,0.0000,1.0000,0.0000,0.0000,0.0000,-173.9106,46.2440,0.0000,-10052.1313,-1340.7431,-268.7081,nan,nan,nan,0.8932,-0.4476,-0.0431,0.0385,-0.0193,0.9991,90.000,nan,nan,nan,0.0000,0.0000,0.0000,nan,nan,nan,-10052.1313,-1340.7431,-268.7081,-10052.1313,-1340.7431,-268.7081,12.000,1,nan,nan
4.4450,123.2667,0,-9810.4964,-1467.8029,-301.6257,nan,nan,nan,-0.9752,0.2212,-0.0000,-0.2212,-0.9752,0.0000,-0.0000,0.0000,1.0000,0.0000,0.0000,0.0000,-174.5652,43.7184,0.0000,-10054.8650,-1339.9933,-268.7081,nan,nan,nan,0.8932,-0.4476,-0.0431,0.0385,-0.0193,0.9991,90.000,nan,nan,nan,0.0000,0.0000,0.0000,nan,nan,nan,-10054.8650,-1339.9933,-268.7081,-10054.8650,-1339.9933,-268.7081,12.000,1,nan,nan
4.4720,123.3000,0,-9816.3478,-1466.4757,-301.6257,nan,nan,nan,-0.9752,0.2212,-0.0000,-0.2212,-0.9752,0.0000,-0.0000,0.0000,1.0000,0.0000,0.0000,0.0000,-175.1598,41.3907,0.0000,-10060.6651,-1338.4573,-268.7081,nan,nan,nan,0.8932,-0.4476,-0.0431,0.0385,-0.0193,0.9991,90.000,nan,nan,nan,0.0000,0.0000,0.0000,nan,nan,nan,-10060.6651,-1338.4573,-268.7081,-10060.6651,-1338.4573,-268.7081,12.000,1,nan,nan
4.4990,123.3167,0,-9819.2735,-1465.8122,-301.6257,nan,nan,nan,-0.9752,0.2212,-0.0000,-0.2212,-0.9752,0.0000,-0.0000,0.0000,1.0000,0.0000,0.0000,0.0000,-175.4196,40.3281,0.0000,-10063.4177,-1337.7398,-268.7081,nan,nan,nan,0.8932,-0.4476,-0.0431,0.0385,-0.0193,0.9991,90.000,nan,nan,nan,0.0000,0.0000,0.0000,nan,nan,nan,-10063.4177,-1337.7398,-268.7081,-10063.4177,-1337.7398,-268.7081,12.000,1,nan,nan
4.5320,123.3500,0,-9825.1249,-1464.4850,-301.6257,nan,nan,nan,-0.9752,0.2212,-0.0000,-0.2212,-0.9752,0.0000,-0.0000,0.0000,1.0000,0.0000,0.0000,0.0000,-175.5172,39.9168,0.0000,-10069.2331,-1336.2628,-268.7081,nan,nan,nan,0.8932,-0.4476,-0.0431,0.0385,-0.0193,0.9991,90.000,nan,nan,nan,0.0000,0.0000,0.0000,nan,nan,nan,-10069.2331,-1336.2628,-268.7081,-10069.2331,-1336.2628,-268.7081,12.000,1,nan,nan
4.5570,123.3833,0,-9830.9762,-1463.1579,-301.6257,nan,nan,nan,-0.9752,0.2212,-0.0000,-0.2212,-0.9752,0.0000,-0.0000,0.0000,1.0000,0.0000,0.0000,0.0000,-175.5367,39.8345,0.0000,-10075.0558,-1334.8151,-268.7081,nan,nan,nan,0.8932,-0.4476,-0.0431,0.0385,-0.0193,0.9991,90.000,nan,nan,nan,0.0000,0.0000,0.0000,nan,nan,nan,-10075.0558,-1334.8151,-268.7081,-10075.0558,-1334.8151,-268.7081,12.000,1,nan,nan
4.5830,123.4167,0,-9836.8276,-1461.8308,-301.6257,nan,nan,nan,-0.9752,0.2212,-0.0000,-0.2212,-0.9752,0.0000,-0.0000,0.0000,1.0000,0.0000,0.0000,0.0000,-175.5406,39.8180,0.0000,-10080.8844,-1333.3910,-268.7081,nan,nan,nan,0.8932,-0.4476,-0.0431,0.0385,-0.0193,0.9991,90.000,nan,nan,nan,0.0000,0.0000,0.0000,nan,nan,nan,-10080.8844,-1333.3910,-268.7081,-10080.8844,-1333.3910,-268.7081,12.000,1,nan,nan
4.6100,123.4333,0,-9839.7533,-1461.1672,-301.6257,nan,nan,nan,-0.9752,0.2212,-0.0000,-0.2212,-0.9752,0.0000,-0.0000,0.0000,1.0000,0.0000,0.0000,0.0000,-175.5414,39.8147,0.0000,-10083.6580,-1332.7187,-268.7081,nan,nan,nan,0.8932,-0.4476,-0.0431,0.0385,-0.0193,0.9991,90.000,nan,nan,nan,0.0000,0.0000,0.0000,nan,nan,nan,-10083.6580,-1332.7187,-268.7081,-10083.6580,-1332.7187,-268.7081,12.000,1,nan,nan
4.6370,123.4667,0,-9845.6047,-1459.8401,-301.6257,nan,nan,nan,-0.9752,0.2212,-0.0000,-0.2212,-0.9752,0.0000,-0.0000,0.0000,1.0000,0.0000,0.0000,0.0000,-175.5416,39.8141,0.0000,-10089.4931,-1331.3219,-268.7081,nan,nan,nan,0.8932,-0.4476,-0.0431,0.0385,-0.0193,0.9991,90.000,nan,nan,nan,0.0000,0.0000,0.0000,nan,nan,nan,-10089.4931,-1331.3219,-268.7081,-10089.4931,-1331.3219,-268.7081,12.000,1,nan,nan
4.6640,123.4833,0,-9848.5304,-1459.1765,-301.6257,nan,nan,nan,-0.9752,0.2212,-0.0000,-0.2212,-0.9752,0.0000,-0.0000,0.0000,1.0000,0.0000,0.0000,0.0000,-175.5416,39.8140,0.0000,-10092.2783,-1330.6591,-268.7081,nan,nan,nan,0.8932,-0.4476,-0.0431,0.0385,-0.0193,0.9991,90.000,nan,nan,nan,0.0000,0.0000,0.0000,nan,nan,nan,-10092.2783,-1330.6591,-268.7081,-10092.2783,-1330.6591,-268.7081,12.000,1,nan,nan
4.6890,123.5167,0,-9854.3818,-1457.8494,-301.6257,nan,nan,nan,-0.9752,0.2212,-0.0000,-0.2212,-0.9752,0.0000,-0.0000,0.0000,1.0000,0.0000,0.0000,0.0000,-175.5416,39.8139,0.0000,-10098.1181,-1329.2819,-268.7081,nan,nan,nan,0.8932,-0.4476,-0.0431,0.0385,-0.0193,0.9991,90.000,nan,nan,nan,0.0000,0.0000,0.0000,nan,nan,nan,-10098.1181,-1329.2819,-268.7081,-10098.1181,-1329.2819,-268.7081,12.000,1,nan,nan
4.7160,123.5333,0,-9857.3075,-1457.1858,-301.6257,nan,nan,nan,-0.9752,0.2212,-0.0000,-0.2212,-0.9752,0.0000,-0.0000,0.0000,1.0000,0.0000,0.0000,0.0000,-175.5416,39.8139,0.0000,-10100.9134,-1328.6254,-268.7081,nan,nan,nan,0.8932,-0.4476,-0.0431,0.0385,-0.0193,0.9991,90.000,nan,nan,nan,0.0000,0.0000,0.0000,nan,nan,nan,-10100.9134,-1328.6254,-268.7081,-10100.9134,-1328.6254,-268.7081,12.000,1,nan,nan
4.7430,123.5667,0,-9863.1589,-1455.8587,-301.6257,nan,nan,nan,-0.9752,0.2212,-0.0000,-0.2212,-0.9752,0.0000,-0.0000,0.0000,1.0000,0.0000,0.0000,0.0000,-175.5416,39.8139,0.0000,-10106.7565,-1327.2623,-268.7081,nan,nan,nan,0.8932,-0.4476,-0.0431,0.0385,-0.0193,0.9991,90.000,nan,nan,nan,0.0000,0.0000,0.0000,nan,nan,nan,-10106.7565,-1327.2623,-268.7081,-10106.7565,-1327.2623,-268.7081,12.000,1,nan,nan
4.7700,123.6000,0,-9869.0103,-1454.5316,-301.6257,nan,nan,nan,-0.9752,0.2212,-0.0000,-0.2212,-0.9752,0.0000,-0.0000,0.0000,1.0000,0.0000,0.0000,0.0000,-175.5416,39.8139,0.0000,-10112.6012,-1325.9061,-268.7081,nan,nan,nan,0.8932,-0.4476,-0.0431,0.0385,-0.0193,0.9991,90.000,nan,nan,nan,0.0000,0.0000,0.0000,nan,nan,nan,-10112.6012,-1325.9061,-268.7081,-10112.6012,-1325.9061,-268.7081,12.000,1,nan,nan
4.7980,123.6167,0,-9871.9360,-1453.8680,-301.6257,nan,nan,nan,-0.9752,0.2212,-0.0000,-0.2212,-0.9752,0.0000,-0.0000,0.0000,1.0000,0.0000,0.0000,0.0000,-175.5416,39.8139,0.0000,-10115.4064,-1325.2568,-268.7081,nan,nan,nan,0.8932,-0.4476,-0.0431,0.0385,-0.0193,0.9991,90.000,nan,nan,nan,0.0000,0.0000,0.0000,nan,nan,nan,-10115.4064,-1325.2568,-268.7081,-10115.4064,-1325.2568,-268.7081,12.000,1,nan,nan
4.8240,123.6500,0,-9877.7873,-1452.5409,-301.6257,nan,nan,nan,-0.9752,0.2212,-0.0000,-0.2212,-0.9752,0.0000,-0.0000,0.0000,1.0000,0.0000,0.0000,0.0000,-175.5416,39.8139,0.0000,-10121.2530,-1323.9087,-268.7081,nan,nan,nan,0.8932,-0.4476,-0.0431,0.0385,-0.0193,0.9991,90.000,nan,nan,nan,0.0000,0.0000,0.0000,nan,nan,nan,-10121.2530,-1323.9087,-268.7081,-10121.2530,-1323.9087,-268.7081,12.000,1,nan,nan
4.8470,123.6667,0,-9880.7130,-1451.8773,-301.6257,nan,nan,nan,-0.9752,0.2212,-0.0000,-0.2212,-0.9752,0.0000,-0.0000,0.0000,1.0000,0.0000,0.0000,0.0000,-175.5416,39.8139,0.0000,-10124.0661,-1323.2611,-268.7081,nan,nan,nan,0.8932,-0.4476,-0.0431,0.0385,-0.0193,0.9991,90.000,nan,nan,nan,0.0000,0.0000,0.0000,nan,nan,nan,-10124.0661,-1323.2611,-268.7081,-10124.0661,-1323.2611,-268.7081,12.000,1,nan,nan
4.8730,123.7000,0,-9886.5644,-1450.5502,-301.6257,nan,nan,nan,-0.9752,0.2212,-0.0000,-0.2212,-0.9752,0.0000,-0.0000,0.0000,1.0000,0.0000,0.0000,0.0000,-175.5416,39.8139,0.0000,-10129.9141,-1321.9189,-268.7081,nan,nan,nan,0.8932,-0.4476,-0.0431,0.0385,-0.0193,0.9991,90.000,nan,nan,nan,0.0000,0.0000,0.0000,nan,nan,nan,-10129.9141,-1321.9189,-268.7081,-10129.9141,-1321.9189,-268.7081,12.000,1,nan,nan
4.9060,123.7167,0,-9889.4901,-1449.8866,-301.6257,nan,nan,nan,-0.9752,0.2212,-0.0000,-0.2212,-0.9752,0.0000,-0.0000,0.0000,1.0000,0.0000,0.0000,0.0000,-175.5416,39.8139,0.0000,-10132.7346,-1321.2723,-268.7081,nan,nan,nan,0.8932,-0.4476,-0.0431,0.0385,-0.0193,0.9991,90.000,nan,nan,nan,0.0000,0.0000,0.0000,nan,nan,nan,-10132.7346,-1321.2723,-268.7081,-10132.7346,-1321.2723,-268.7081,12.000,1,nan,nan
4.9330,123.7500,0,-9895.3415,-1448.5595,-301.6257,nan,nan,nan,-0.9752,0.2212,-0.0000,-0.2212,-0.9752,0.0000,-0.0000,0.0000,1.0000,0.0000,0.0000,0.0000,-175.5416,39.8139,0.0000,-10138.5835,-1319.9343,-268.7081,nan,nan,nan,0.8932,-0.4476,-0.0431,0.0385,-0.0193,0.9991,90.000,nan,nan,nan,0.0000,0.0000,0.0000,nan,nan,nan,-10138.5835,-1319.9343,-268.7081,-10138.5835,-1319.9343,-268.7081,12.000,1,nan,nan
4.9600,123.7833,0,-9901.1929,-1447.2323,-301.6257,nan,nan,nan,-0.9752,0.2212,-0.0000,-0.2212,-0.9752,0.0000,-0.0000,0.0000,1.0000,0.0000,0.0000,0.0000,-175.5416,39.8139,0.0000,-10144.4329,-1318.5983,-268.7081,nan,nan,nan,0.8932,-0.4476,-0.0431,0.0385,-0.0193,0.9991,90.000,nan,nan,nan,0.0000,0.0000,0.0000,nan,nan,nan,-10144.4329,-1318.5983,-268.7081,-10144.4329,-1318.5983,-268.7081,12.000,1,nan,nan
4.9870,123.8167,0,-9907.0443,-1445.9052,-301.6257,nan,nan,nan,-0.9752,0.2212,-0.0000,-0.2212,-0.9752,0.0000,-0.0000,0.0000,1.0000,0.0000,0.0000,0.0000,-175.5416,39.8139,0.0000,-10150.2826,-1317.2640,-268.7081,nan,nan,nan,0.8932,-0.4476,-0.0431,0.0385,-0.0193,0.9991,90.000,nan,nan,nan,0.0000,0.0000,0.0000,nan,nan,nan,-10150.2826,-1317.2640,-268.7081,-10150.2826,-1317.2640,-268.7081,12.000,1,nan,nan
5.0140,123.8333,0,-9909.9700,-1445.2417,-301.6257,nan,nan,nan,-0.9752,0.2212,-0.0000,-0.2212,-0.9752,0.0000,-0.0000,0.0000,1.0000,0.0000,0.0000,0.0000,-175.5416,39.8139,0.0000,-10153.1103,-1316.6194,-268.7081,nan,nan,nan,0.8932,-0.4476,-0.0431,0.0385,-0.0193,0.9991,90.000,nan,nan,nan,0.0000,0.0000,0.0000,nan,nan,nan,-10153.1103,-1316.6194,-268.7081,-10153.1103,-1316.6194,-268.7081,12.000,1,nan,nan
5.0410,123.8667,0,-9915.8214,-1443.9145,-301.6257,nan,nan,nan,-0.9752,0.2212,-0.0000,-0.2212,-0.9752,0.0000,-0.0000,0.0000,1.0000,0.0000,0.0000,0.0000,-175.5416,39.8139,0.0000,-10158.9605,-1315.2871,-268.7081,nan,nan,nan,0.8932,-0.4476,-0.0431,0.0385,-0.0193,0.9991,90.000,nan,nan,nan,0.0000,0.0000,0.0000,nan,nan,nan,-10158.9605,-1315.2871,-268.7081,-10158.9605,-1315.2871,-268.7081,12.000,1,nan,nan
5.0680,123.9000,0,-9921.6727,-1442.5874,-301.6257,nan,nan,nan,-0.9752,0.2212,-0.0000,-0.2212,-0.9752,0.0000,-0.0000,0.0000,1.0000,0.0000,0.0000,0.0000,-175.5416,39.8139,0.0000,-10164.8110,-1313.9558,-268.7081,nan,nan,nan,0.8932,-0.4476,-0.0431,0.0385,-0.0193,0.9991,90.000,nan,nan,nan,0.0000,0.0000,0.0000,nan,nan,nan,-10164.8110,-1313.9558,-268.7081,-10164.8110,-1313.9558,-268.7081,12.000,1,nan,nan
5.0960,123.9167,0,-9924.5984,-1441.9238,-301.6257,nan,nan,nan,-0.9752,0.2212,-0.0000,-0.2212,-0.9752,0.0000,-0.0000,0.0000,1.0000,0.0000,0.0000,0.0000,-175.5416,39.8139,0.0000,-10167.6449,-1313.3111,-268.7081,nan,nan,nan,0.8932,-0.4476,-0.0431,0.0385,-0.0193,0.9991,90.000,nan,nan,nan,0.0000,0.0000,0.0000,nan,nan,nan,-10167.6449,-1313.3111,-268.7081,-10167.6449,-1313.3111,-268.7081,12.000,1,nan,nan
5.1220,123.9500,0,-9930.4498,-1440.5967,-301.6257,nan,nan,nan,-0.9752,0.2212,-0.0000,-0.2212,-0.9752,0.0000,-0.0000,0.0000,1.0000,0.0000,0.0000,0.0000,-175.5416,39.8139,0.0000,-10173.4956,-1311.9810,-268.7081,nan,nan,nan,0.8932,-0.4476,-0.0431,0.0385,-0.0193,0.9991,90.000,nan,nan,nan,0.0000,0.0000,0.0000,nan,nan,nan,-10173.4956,-1311.9810,-268.7081,-10173.4956,-1311.9810,-268.7081,12.000,1,nan,nan
5.1490,123.9667,0,-9933.3755,-1439.9331,-301.6257,nan,nan,nan,-0.9752,0.2212,-0.0000,-0.2212,-0.9752,0.0000,-0.0000,0.0000,1.0000,0.0000,0.0000,0.0000,-175.5416,39.8139,0.0000,-10176.3353,-1311.3355,-268.7081,nan,nan,nan,0.8932,-0.4476,-0.0431,0.0385,-0.0193,0.9991,90.000,nan,nan,nan,0.0000,0.0000,0.0000,nan,nan,nan,-10176.3353,-1311.3355,-268.7081,-10176.3353,-1311.3355,-268.7081,12.000,1,nan,nan
5.1760,124.0000,0,-9939.2269,-1438.6060,-301.6257,nan,nan,nan,-0.9752,0.2212,-0.0000,-0.2212,-0.9752,0.0000,-0.0000,0.0000,1.0000,0.0000,0.0000,0.0000,-175.5416,39.8139,0.0000,-10182.1862,-1310.0062,-268.7081,nan,nan,nan,0.8932,-0.4476,-0.0431,0.0385,-0.0193,0.9991,90.000,nan,nan,nan,0.0000,0.0000,0.0000,nan,nan,nan,-10182.1862,-1310.0062,-268.7081,-10182.1862,-1310.0062,-268.7081,12.000,1,nan,nan
5.2030,124.0333,0,-9945.0783,-1437.2789,-301.6257,nan,nan,nan,-0.9752,0.2212,-0.0000,-0.2212,-0.9752,0.0000,-0.0000,0.0000,1.0000,0.0000,0.0000,0.0000,-175.5416,39.8139,0.0000,-10188.0372,-1308.6773,-268.7081,nan,nan,nan,0.8932,-0.4476,-0.0431,0.0385,-0.0193,0.9991,90.000,nan,nan,nan,0.0000,0.0000,0.0000,nan,nan,nan,-10188.0372,-1308.6773,-268.7081,-10188.0372,-1308.6773,-268.7081,12.000,1,nan,nan
5.2300,124.0500,0,-9948.0040,-1436.6153,-301.6257,nan,nan,nan,-0.9752,0.2212,-0.0000,-0.2212,-0.9752,0.0000,-0.0000,0.0000,1.0000,0.0000,0.0000,0.0000,-175.5416,39.8139,0.0000,-10190.8822,-1308.0312,-268.7081,nan,nan,nan,0.8932,-0.4476,-0.0431,0.0385,-0.0193,0.9991,90.000,nan,nan,nan,0.0000,0.0000,0.0000,nan,nan,nan,-10190.8822,-1308.0312,-268.7081,-10190.8822,-1308.0312,-268.7081,12.000,1,nan,nan
5.2570,124.0833,0,-9953.8656,-1435.2882,-301.7259,nan,nan,nan,-0.9753,0.2209,-0.0000,-0.2209,-0.9753,0.0000,-0.0000,0.0000,1.0000,0.0000,0.0000,0.0000,-175.6029,39.8139,-0.6009,-10196.7439,-1306.7008,-268.7271,nan,nan,nan,0.8932,-0.4476,-0.0431,0.0385,-0.0193,0.9991,90.000,nan,nan,nan,0.0000,0.0000,0.0000,nan,nan,nan,-10196.7439,-1306.7008,-268.7271,-10196.7439,-1306.7008,-268.7271,12.000,1,nan,nan
5.2850,124.1000,0,-9956.8017,-1434.7109,-301.9409,nan,nan,nan,-0.9786,0.1929,-0.0717,-0.1924,-0.9812,-0.0141,-0.0730,0.0000,0.9973,0.0000,0.0000,0.0000,-175.7398,38.7783,-3.3010,-10199.6780,-1306.0767,-268.7619,nan,nan,nan,0.8932,-0.4476,-0.0431,0.0385,-0.0193,0.9991,90.000,nan,nan,nan,0.0000,0.0000,0.0000,nan,nan,nan,-10199.6780,-1306.0767,-268.7619,-10199.6780,-1306.0767,-268.7619,12.000,1,nan,nan
5.3110,124.1333,0,-9962.6738,-1433.5564,-302.3709,nan,nan,nan,-0.9787,0.1924,-0.0717,-0.1919,-0.9813,-0.0141,-0.0730,0.0000,0.9973,0.0000,0.0000,0.0000,-175.8918,37.5355,-6.4210,-10205.5487,-1304.8452,-268.8968,nan,nan,nan,0.8932,-0.4476,-0.0431,0.0385,-0.0193,0.9991,90.000,nan,nan,nan,0.0000,0.0000,0.0000,nan,nan,nan,-10205.5487,-1304.8452,-268.8968,-10205.5487,-1304.8452,-268.8968,12.000,1,nan,nan
5.3370,124.1667,0,-9968.5460,-1432.4019,-302.8008,nan,nan,nan,-0.9787,0.1924,-0.0717,-0.1919,-0.9813,-0.0141,-0.0730,0.0000,0.9973,0.0000,0.0000,0.0000,-176.0468,36.2512,-9.6250,-10211.4208,-1303.6273,-269.0851,nan,nan,nan,0.8932,-0.4476,-0.0431,0.0385,-0.0193,0.9991,90.000,nan,nan,nan,0.0000,0.0000,0.0000,nan,nan,nan,-10211.4208,-1303.6273,-269.0851,-10211.4208,-1303.6273,-269.0851,12.000,1,nan,nan
5.3640,124.1833,0,-9971.4821,-1431.8246,-303.0158,nan,nan,nan,-0.9787,0.1924,-0.0717,-0.1919,-0.9813,-0.0141,-0.0730,0.0000,0.9973,0.0000,0.0000,0.0000,-176.1410,34.9587,-12.2449,-10214.3571,-1303.0215,-269.1914,nan,nan,nan,0.8932,-0.4476,-0.0431,0.0385,-0.0193,0.9991,90.000,nan,nan,nan,0.0000,0.0000,0.0000,nan,nan,nan,-10214.3571,-1303.0215,-269.1914,-10214.3571,-1303.0215,-269.1914,12.000,1,nan,nan
5.3910,124.2167,0,-9977.3563,-1430.6824,-303.2495,nan,nan,nan,-0.9790,0.1908,-0.0717,-0.1903,-0.9816,-0.0139,-0.0730,0.0000,0.9973,0.0000,0.0000,0.0000,-176.1724,34.6264,-11.5905,-10220.2210,-1301.8243,-269.4073,nan,nan,nan,0.8932,-0.4476,-0.0431,0.0385,-0.0193,0.9991,90.000,nan,nan,nan,0.0000,0.0000,0.0000,nan,nan,nan,-10220.2210,-1301.8243,-269.4073,-10220.2210,-1301.8243,-269.4073,12.000,1,nan,nan
5.4180,124.2500,0,-9983.2804,-1429.7335,-303.1800,nan,nan,nan,-0.9877,0.1557,0.0114,-0.1561,-0.9851,-0.0721,-0.0000,-0.0730,0.9973,0.0000,0.0000,0.0000,-176.4902,33.3265,-8.4628,-10226.1448,-1300.8866,-269.5808,nan,nan,nan,0.8932,-0.4476,-0.0431,0.0385,-0.0193,0.9991,90.000,nan,nan,nan,0.0000,0.0000,0.0000,nan,nan,nan,-10226.1448,-1300.8866,-269.5808,-10226.1448,-1300.8866,-269.5808,12.000,1,nan,nan
5.4440,124.2667,0,-9986.2593,-1429.2463,-303.3182,nan,nan,nan,-0.9875,0.1573,0.0115,-0.1577,-0.9848,-0.0721,-0.0000,-0.0730,0.9973,0.0000,0.0000,0.0000,-177.0685,31.9850,-6.9163,-10229.0335,-1300.4277,-269.6707,nan,nan,nan,0.8932,-0.4476,-0.0431,0.0385,-0.0193,0.9991,90.000,nan,nan,nan,0.0000,0.0000,0.0000,nan,nan,nan,-10229.0335,-1300.4277,-269.6707,-10229.0335,-1300.4277,-269.6707,12.000,1,nan,nan
5.4720,124.3000,0,-9992.1794,-1428.5381,-303.9899,nan,nan,nan,-0.9866,0.1188,-0.1119,-0.1095,-0.9903,-0.0859,-0.1210,-0.0725,0.9900,0.0000,0.0000,0.0000,-177.4717,29.0390,-8.0569,-10234.9683,-1299.5922,-269.9542,nan,nan,nan,0.8932,-0.4476,-0.0431,0.0385,-0.0193,0.9991,90.000,nan,nan,nan,0.0000,0.0000,0.0000,nan,nan,nan,-10234.9683,-1299.5922,-269.9542,-10234.9683,-1299.5922,-269.9542,12.000,1,nan,nan
5.5000,124.3167,0,-9995.1395,-1428.1840,-304.3257,nan,nan,nan,-0.9867,0.1181,-0.1119,-0.1088,-0.9904,-0.0858,-0.1210,-0.0725,0.9900,0.0000,0.0000,0.0000,-177.8274,25.8459,-10.9133,-10237.9356,-1299.1806,-270.1148,nan,nan,nan,0.8932,-0.4476,-0.0431,0.0385,-0.0193,0.9991,90.000,nan,nan,nan,0.0000,0.0000,0.0000,nan,nan,nan,-10237.9356,-1299.1806,-270.1148,-10237.9356,-1299.1806,-270.1148,12.000,1,nan,nan
5.5270,124.3500,0,-10001.0595,-1427.4757,-304.9973,nan,nan,nan,-0.9867,0.1181,-0.1119,-0.1088,-0.9904,-0.0858,-0.1210,-0.0725,0.9900,0.0000,0.0000,0.0000,-177.8746,23.7631,-15.9314,-10243.8692,-1298.3774,-270.4982,nan,nan,nan,0.8932,-0.4476,-0.0431,0.0385,-0.0193,0.9991,90.000,nan,nan,nan,0.0000,0.0000,0.0000,nan,nan,nan,-10243.8692,-1298.3774,-270.4982,-10243.8692,-1298.3774,-270.4982,12.000,1,nan,nan
5.5550,124.3833,0,-10006.9723,-1426.7888,-305.8533,nan,nan,nan,-0.9873,0.1121,-0.1125,-0.1028,-0.9911,-0.0851,-0.1210,-0.0725,0.9900,0.0000,0.0000,0.0000,-177.6132,21.6223,-20.4114,-10249.8132,-1297.5930,-270.9664,nan,nan,nan,0.8932,-0.4476,-0.0431,0.0385,-0.0193,0.9991,90.000,nan,nan,nan,0.0000,0.0000,0.0000,nan,nan,nan,-10249.8132,-1297.5930,-270.9664,-10249.8132,-1297.5930,-270.9664,12.000,1,nan,nan
5.5830,124.4000,0,-10009.8866,-1426.3611,-306.4228,nan,nan,nan,-0.9757,0.1410,-0.1675,-0.1355,-0.9898,-0.0442,-0.1721,-0.0204,0.9849,0.0000,0.0000,0.0000,-177.0111,22.0769,-24.1122,-10252.7629,-1297.1148,-271.2327,nan,nan,nan,0.8932,-0.4476,-0.0431,0.0385,-0.0193,0.9991,90.000,nan,nan,nan,0.0000,0.0000,0.0000,nan,nan,nan,-10252.7629,-1297.1148,-271.2327,-10252.7629,-1297.1148,-271.2327,12.000,1,nan,nan
5.6100,124.4333,0,-10015.6732,-1425.5552,-307.4677,nan,nan,nan,-0.9724,0.1356,-0.1900,-0.1331,-0.9908,-0.0260,-0.1918,0.0000,0.9814,0.0000,0.0000,0.0000,-176.0901,22.7541,-27.0920,-10258.5839,-1296.1353,-271.8514,nan,nan,nan,0.8932,-0.4476,-0.0431,0.0385,-0.0193,0.9991,90.000,nan,nan,nan,0.0000,0.0000,0.0000,nan,nan,nan,-10258.5839,-1296.1353,-271.8514,-10258.5839,-1296.1353,-271.8514,12.000,1,nan,nan
5.6370,124.4667,0,-10021.4333,-1423.7436,-306.6011,nan,nan,nan,-0.9510,0.3060,-0.0453,-0.3048,-0.9519,-0.0314,-0.0527,-0.0160,0.9985,0.0000,0.0000,0.0000,-174.9459,29.5094,-18.4584,-10264.5565,-1294.9449,-272.2005,nan,nan,nan,0.8932,-0.4476,-0.0431,0.0385,-0.0193,0.9991,90.000,nan,nan,nan,0.0000,0.0000,0.0000,nan,nan,nan,-10264.5565,-1294.9449,-272.2005,-10264.5565,-1294.9449,-272.2005,12.000,1,nan,nan
5.6640,124.4833,0,-10024.3982,-1423.3814,-306.3501,nan,nan,nan,-0.9812,0.1922,-0.0163,-0.1913,-0.9805,-0.0455,-0.0247,-0.0415,0.9988,0.0000,0.0000,0.0000,-174.8186,31.0865,-8.5836,-10267.4317,-1294.4355,-272.3281,nan,nan,nan,0.8932,-0.4476,-0.0431,0.0385,-0.0193,0.9991,90.000,nan,nan,nan,0.0000,0.0000,0.0000,nan,nan,nan,-10267.4317,-1294.4355,-272.3281,-10267.4317,-1294.4355,-272.3281,12.000,1,nan,nan
5.6900,124.5167,0,-10030.3009,-1422.5801,-305.7047,nan,nan,nan,-0.9880,0.1352,0.0753,-0.1409,-0.9870,-0.0767,0.0639,-0.0864,0.9942,0.0000,0.0000,0.0000,-175.2387,31.0772,4.0983,-10273.3427,-1293.5537,-272.4431,nan,nan,nan,0.8932,-0.4476,-0.0431,0.0385,-0.0193,0.9991,90.000,nan,nan,nan,0.0000,0.0000,0.0000,nan,nan,nan,-10273.3427,-1293.5537,-272.4431,-10273.3427,-1293.5537,-272.4431,12.000,1,nan,nan
5.7150,124.5333,0,-10033.2239,-1421.9628,-305.3486,nan,nan,nan,-0.9703,0.2058,0.1270,-0.2124,-0.9763,-0.0408,0.1156,-0.0666,0.9911,0.0000,0.0000,0.0000,-175.6791,33.6479,17.1778,-10276.0567,-1293.0712,-272.4608,nan,nan,nan,0.8932,-0.4476,-0.0431,0.0385,-0.0193,0.9991,90.000,nan,nan,nan,0.0000,0.0000,0.0000,nan,nan,nan,-10276.0567,-1293.0712,-272.4608,-10276.0567,-1293.0712,-272.4608,12.000,1,nan,nan
5.7430,124.5667,0,-10038.9888,-1420.6965,-304.2075,nan,nan,nan,-0.9707,0.2124,0.1120,-0.2131,-0.9770,0.0055,0.1105,-0.0186,0.9937,0.0000,0.0000,0.0000,-175.7963,30.8903,21.4400,-10281.8522,-1291.8015,-272.2497,nan,nan,nan,0.8932,-0.4476,-0.0431,0.0385,-0.0193,0.9991,90.000,nan,nan,nan,0.0000,0.0000,0.0000,nan,nan,nan,-10281.8522,-1291.8015,-272.2497,-10281.8522,-1291.8015,-272.2497,12.000,1,nan,nan
5.7690,124.6000,0,-10044.8905,-1419.3952,-304.8700,nan,nan,nan,-0.9718,0.2172,0.0917,-0.2168,-0.9761,0.0147,0.0927,-0.0056,0.9957,0.0000,0.0000,0.0000,-175.6516,33.7989,15.3053,-10287.7680,-1290.4671,-272.2069,nan,nan,nan,0.8932,-0.4476,-0.0431,0.0385,-0.0193,0.9991,90.000,nan,nan,nan,0.0000,0.0000,0.0000,nan,nan,nan,-10287.7680,-1290.4671,-272.2069,-10287.7680,-1290.4671,-272.2069,12.000,1,nan,nan
5.7950,124.6167,0,-10047.1208,-1417.3416,-304.7574,nan,nan,nan,-0.8900,0.4408,0.1169,-0.4294,-0.8963,0.1109,0.1537,0.0485,0.9869,0.0000,0.0000,0.0000,-166.9701,54.2166,11.5574,-10290.3779,-1289.5652,-272.1955,nan,nan,nan,0.8932,-0.4476,-0.0431,0.0385,-0.0193,0.9991,90.000,nan,nan,nan,0.0000,0.0000,0.0000,nan,nan,nan,-10290.3779,-1289.5652,-272.1955,-10290.3779,-1289.5652,-272.1955,12.000,1,nan,nan
5.8210,124.6500,0,-10051.8754,-1413.7058,-304.9172,nan,nan,nan,-0.7760,0.6291,0.0453,-0.5935,-0.7527,0.2850,0.2134,0.1943,0.9574,0.0000,0.0000,0.0000,-158.6848,72.7068,5.5752,-10295.4853,-1286.7213,-272.3283,nan,nan,nan,0.8932,-0.4476,-0.0431,0.0385,-0.0193,0.9991,90.000,nan,nan,nan,0.0000,0.0000,0.0000,nan,nan,nan,-10295.4853,-1286.7213,-272.3283,-10295.4853,-1286.7213,-272.3283,12.000,1,nan,nan
5.8500,124.6667,0,-10054.8437,-1413.1994,-304.7821,nan,nan,nan,-0.8585,0.5054,0.0867,-0.4766,-0.8488,0.2289,0.1893,0.1552,0.9696,0.0000,0.0000,0.0000,-158.0576,74.8843,-0.8454,-10297.9913,-1285.5599,-272.3437,nan,nan,nan,0.8932,-0.4476,-0.0431,0.0385,-0.0193,0.9991,90.000,nan,nan,nan,0.0000,0.0000,0.0000,nan,nan,nan,-10297.9913,-1285.5599,-272.3437,-10297.9913,-1285.5599,-272.3437,12.000,1,nan,nan
5.8760,124.7000,0,-10060.7824,-1412.6222,-305.1957,nan,nan,nan,-0.9403,0.3229,0.1071,-0.3048,-0.9395,0.1566,0.1512,0.1146,0.9818,0.0000,0.0000,0.0000,-158.1545,70.9750,-0.6365,-10303.5704,-1283.6462,-272.4036,nan,nan,nan,0.8932,-0.4476,-0.0431,0.0385,-0.0193,0.9991,90.000,nan,nan,nan,0.0000,0.0000,0.0000,nan,nan,nan,-10303.5704,-1283.6462,-272.4036,-10303.5704,-1283.6462,-272.4036,12.000,1,nan,nan
5.9020,124.7333,0,-10066.7459,-1411.3546,-305.1603,nan,nan,nan,-0.9641,0.2305,0.1317,-0.2184,-0.9707,0.1001,0.1509,0.0677,0.9862,0.0000,0.0000,0.0000,-167.1909,53.1555,-1.7341,-10309.3456,-1282.0183,-272.4272,nan,nan,nan,0.8932,-0.4476,-0.0431,0.0385,-0.0193,0.9991,90.000,nan,nan,nan,0.0000,0.0000,0.0000,nan,nan,nan,-10309.3456,-1282.0183,-272.4272,-10309.3456,-1282.0183,-272.4272,12.000,1,nan,nan
5.9300,124.7500,0,-10069.6771,-1410.7523,-305.2467,nan,nan,nan,-0.9698,0.2176,0.1104,-0.2079,-0.9738,0.0925,0.1276,0.0668,0.9896,0.0000,0.0000,0.0000,-175.6455,35.0050,-2.0309,-10312.0389,-1281.2982,-272.4387,nan,nan,nan,0.8932,-0.4476,-0.0431,0.0385,-0.0193,0.9991,90.000,nan,nan,nan,0.0000,0.0000,0.0000,nan,nan,nan,-10312.0389,-1281.2982,-272.4387,-10312.0389,-1281.2982,-272.4387,12.000,1,nan,nan
5.9580,124.7833,0,-10075.3314,-1409.4235,-304.1627,nan,nan,nan,-0.9723,0.2243,0.0663,-0.2193,-0.9727,0.0757,0.0814,0.0590,0.9949,0.0000,0.0000,0.0000,-175.6431,33.2704,2.7915,-10317.7707,-1279.8789,-272.2274,nan,nan,nan,0.8932,-0.4476,-0.0431,0.0385,-0.0193,0.9991,90.000,nan,nan,nan,0.0000,0.0000,0.0000,nan,nan,nan,-10317.7707,-1279.8789,-272.2274,-10317.7707,-1279.8789,-272.2274,12.000,1,nan,nan
5.9860,124.8167,0,-10080.9843,-1407.1449,-303.4239,nan,nan,nan,-0.9306,0.3521,0.1002,-0.3429,-0.9342,0.0982,0.1282,0.0570,0.9901,0.0000,0.0000,0.0000,-173.9268,43.1323,10.6709,-10323.6419,-1278.2053,-271.9148,nan,nan,nan,0.8932,-0.4476,-0.0431,0.0385,-0.0193,0.9991,90.000,nan,nan,nan,0.0000,0.0000,0.0000,nan,nan,nan,-10323.6419,-1278.2053,-271.9148,-10323.6419,-1278.2053,-271.9148,12.000,1,nan,nan
6.0120,124.8333,0,-10083.8357,-1406.5052,-303.0678,nan,nan,nan,-0.9372,0.3399,0.0788,-0.3327,-0.9386,0.0913,0.1049,0.0593,0.9927,0.0000,0.0000,0.0000,-172.0204,45.1759,16.3069,-10326.3059,-1277.4725,-271.7493,nan,nan,nan,0.8932,-0.4476,-0.0431,0.0385,-0.0193,0.9991,90.000,nan,nan,nan,0.0000,0.0000,0.0000,nan,nan,nan,-10326.3059,-1277.4725,-271.7493,-10326.3059,-1277.4725,-271.7493,12.000,1,nan,nan
6.0400,124.8667,0,-10089.4291,-1404.9902,-301.5220,nan,nan,nan,-0.9574,0.2530,0.1391,-0.2462,-0.9671,0.0645,0.1508,0.0276,0.9882,0.0000,0.0000,0.0000,-170.0247,47.4460,27.7458,-10331.9818,-1275.9935,-271.1611,nan,nan,nan,0.8932,-0.4476,-0.0431,0.0385,-0.0193,0.9991,90.000,nan,nan,nan,0.0000,0.0000,0.0000,nan,nan,nan,-10331.9818,-1275.9935,-271.1611,-10331.9818,-1275.9935,-271.1611,12.000,1,nan,nan
6.0670,124.8833,0,-10092.4025,-1404.4743,-301.0875,nan,nan,nan,-0.9726,0.1615,0.1673,-0.1601,-0.9869,0.0219,0.1686,-0.0055,0.9857,0.0000,0.0000,0.0000,-171.3811,46.1186,28.7437,-10334.6819,-1275.3792,-270.8691,nan,nan,nan,0.8932,-0.4476,-0.0431,0.0385,-0.0193,0.9991,90.000,nan,nan,nan,0.0000,0.0000,0.0000,nan,nan,nan,-10334.6819,-1275.3792,-270.8691,-10334.6819,-1275.3792,-270.8691,12.000,1,nan,nan
6.0920,124.9167,0,-10098.3317,-1403.6921,-301.9087,nan,nan,nan,-0.9816,0.1394,0.1306,-0.1419,-0.9898,-0.0100,0.1278,-0.0284,0.9914,0.0000,0.0000,0.0000,-173.3103,36.8749,19.5826,-10340.5594,-1274.2868,-270.5240,nan,nan,nan,0.8932,-0.4476,-0.0431,0.0385,-0.0193,0.9991,90.000,nan,nan,nan,0.0000,0.0000,0.0000,nan,nan,nan,-10340.5594,-1274.2868,-270.5240,-10340.5594,-1274.2868,-270.5240,12.000,1,nan,nan
6.1190,124.9500,0,-10102.0311,-1399.1834,-303.0966,nan,nan,nan,-0.8941,0.4283,0.1305,-0.4170,-0.9027,0.1056,0.1631,0.0400,0.9858,0.0000,0.0000,0.0000,-161.6753,54.4011,6.3506,-10345.8904,-1272.2122,-270.5116,nan,nan,nan,0.8932,-0.4476,-0.0431,0.0385,-0.0193,0.9991,90.000,nan,nan,nan,0.0000,0.0000,0.0000,nan,nan,nan,-10345.8904,-1272.2122,-270.5116,-10345.8904,-1272.2122,-270.5116,12.000,1,nan,nan
6.1450,124.9667,0,-10104.8778,-1398.5761,-302.7034,nan,nan,nan,-0.9070,0.4047,0.1168,-0.3967,-0.9139,0.0857,0.1415,0.0314,0.9894,0.0000,0.0000,0.0000,-159.9485,56.1042,-0.8525,-10348.4067,-1271.3208,-270.4579,nan,nan,nan,0.8932,-0.4476,-0.0431,0.0385,-0.0193,0.9991,90.000,nan,nan,nan,0.0000,0.0000,0.0000,nan,nan,nan,-10348.4067,-1271.3208,-270.4579,-10348.4067,-1271.3208,-270.4579,12.000,1,nan,nan
6.1720,125.0000,0,-10108.5624,-1393.9694,-303.5255,nan,nan,nan,-0.8365,0.5396,0.0949,-0.5241,-0.8386,0.1485,0.1597,0.0745,0.9843,0.0000,0.0000,0.0000,-146.0288,77.8941,-12.4394,-10353.4805,-1268.6493,-270.5522,nan,nan,nan,0.8932,-0.4476,-0.0431,0.0385,-0.0193,0.9991,90.000,nan,nan,nan,0.0000,0.0000,0.0000,nan,nan,nan,-10353.4805,-1268.6493,-270.5522,-10353.4805,-1268.6493,-270.5522,12.000,1,nan,nan
6.1980,125.0167,0,-10111.5200,-1393.7402,-303.9593,nan,nan,nan,-0.8565,0.5089,0.0855,-0.4973,-0.8583,0.1270,0.1380,0.0662,0.9882,0.0000,0.0000,0.0000,-143.1619,80.3088,-15.0348,-10355.9581,-1267.5284,-270.6295,nan,nan,nan,0.8932,-0.4476,-0.0431,0.0385,-0.0193,0.9991,90.000,nan,nan,nan,0.0000,0.0000,0.0000,nan,nan,nan,-10355.9581,-1267.5284,-270.6295,-10355.9581,-1267.5284,-270.6295,12.000,1,nan,nan
6.2250,125.0500,0,-10117.4427,-1393.2390,-304.7988,nan,nan,nan,-0.8875,0.4566,0.0619,-0.4509,-0.8883,0.0867,0.0946,0.0490,0.9943,0.0000,0.0000,0.0000,-155.9279,56.7473,-13.4635,-10361.5317,-1265.5967,-270.9057,nan,nan,nan,0.8932,-0.4476,-0.0431,0.0385,-0.0193,0.9991,90.000,nan,nan,nan,0.0000,0.0000,0.0000,nan,nan,nan,-10361.5317,-1265.5967,-270.9057,-10361.5317,-1265.5967,-270.9057,12.000,1,nan,nan
6.2530,125.0833,0,-10123.2157,-1392.6887,-303.9351,nan,nan,nan,-0.9084,0.4171,0.0294,-0.4152,-0.9081,0.0540,0.0492,0.0369,0.9981,0.0000,0.0000,0.0000,-158.9586,48.0490,-12.6856,-10367.1526,-1264.0424,-270.9351,nan,nan,nan,0.8932,-0.4476,-0.0431,0.0385,-0.0193,0.9991,90.000,nan,nan,nan,0.0000,0.0000,0.0000,nan,nan,nan,-10367.1526,-1264.0424,-270.9351,-10367.1526,-1264.0424,-270.9351,12.000,1,nan,nan
6.2780,125.1000,0,-10126.1647,-1392.0838,-303.4823,nan,nan,nan,-0.9121,0.4065,0.0532,-0.4042,-0.9133,0.0492,0.0686,0.0234,0.9974,0.0000,0.0000,0.0000,-172.8458,25.9274,-2.1638,-10369.8839,-1263.3268,-270.9012,nan,nan,nan,0.8932,-0.4476,-0.0431,0.0385,-0.0193,0.9991,90.000,nan,nan,nan,0.0000,0.0000,0.0000,nan,nan,nan,-10369.8839,-1263.3268,-270.9012,-10369.8839,-1263.3268,-270.9012,12.000,1,nan,nan
6.3060,125.1333,0,-10131.7419,-1391.2469,-302.7077,nan,nan,nan,-0.9217,0.3850,0.0480,-0.3854,-0.9228,0.0013,0.0448,-0.0173,0.9988,0.0000,0.0000,0.0000,-173.5948,23.7747,9.7936,-10375.4043,-1262.1788,-270.6935,nan,nan,nan,0.8932,-0.4476,-0.0431,0.0385,-0.0193,0.9991,90.000,nan,nan,nan,0.0000,0.0000,0.0000,nan,nan,nan,-10375.4043,-1262.1788,-270.6935,-10375.4043,-1262.1788,-270.6935,12.000,1,nan,nan
6.3330,125.1500,0,-10133.5976,-1390.5869,-302.5487,nan,nan,nan,-0.9260,0.3741,0.0500,-0.3733,-0.9274,0.0242,0.0554,0.0038,0.9985,0.0000,0.0000,0.0000,-160.4768,28.2563,19.1305,-10377.4287,-1261.6980,-270.6101,nan,nan,nan,0.8932,-0.4476,-0.0431,0.0385,-0.0193,0.9991,90.000,nan,nan,nan,0.0000,0.0000,0.0000,nan,nan,nan,-10377.4287,-1261.6980,-270.6101,-10377.4287,-1261.6980,-270.6101,12.000,1,nan,nan
6.3600,125.1833,0,-10133.5976,-1390.5869,-302.5487,nan,nan,nan,-0.9227,0.3796,0.0670,-0.3559,-0.9056,0.2307,0.1482,0.1890,0.9707,0.0000,0.0000,0.0000,-123.2154,25.8509,15.8157,-10380.7753,-1260.2477,-270.5479,nan,nan,nan,0.8932,-0.4476,-0.0431,0.0385,-0.0193,0.9991,90.000,nan,nan,nan,0.0000,0.0000,0.0000,nan,nan,nan,-10380.7753,-1260.2477,-270.5479,-10380.7753,-1260.2477,-270.5479,12.000,0,nan,nan
6.3870,125.2167,0,-10133.5976,-1390.5869,-302.5487,nan,nan,nan,-0.9232,0.3782,0.0685,-0.3521,-0.9036,0.2438,0.1541,0.2009,0.9674,0.0000,0.0000,0.0000,-80.3748,18.1114,9.7190,-10383.4790,-1259.0318,-270.5075,nan,nan,nan,0.8932,-0.4476,-0.0431,0.0385,-0.0193,0.9991,90.000,nan,nan,nan,0.0000,0.0000,0.0000,nan,nan,nan,-10383.4790,-1259.0318,-270.5075,-10383.4790,-1259.0318,-270.5075,12.000,0,nan,nan
6.4140,125.2333,0,-10133.5976,-1390.5869,-302.5487,nan,nan,nan,-0.9232,0.3782,0.0685,-0.3521,-0.9036,0.2438,0.1541,0.2009,0.9674,0.0000,0.0000,0.0000,-38.3433,11.5418,3.8520,-10384.5870,-1258.5335,-270.4909,nan,nan,nan,0.8932,-0.4476,-0.0431,0.0385,-0.0193,0.9991,90.000,nan,nan,nan,0.0000,0.0000,0.0000,nan,nan,nan,-10384.5870,-1258.5335,-270.4909,-10384.5870,-1258.5335,-270.4909,12.000,0,nan,nan
6.4390,125.2667,0,-10131.5155,-1391.1139,-302.7750,nan,nan,nan,-0.6627,0.7472,-0.0496,-0.7329,-0.6334,0.2483,0.1541,0.2009,0.9674,0.0000,0.0000,0.0000,4.8243,-0.8537,-0.5876,-10386.2545,-1257.7258,-270.4935,nan,nan,nan,0.8932,-0.4476,-0.0431,0.0385,-0.0193,0.9991,90.000,nan,nan,nan,0.0000,0.0000,0.0000,nan,nan,nan,-10386.2545,-1257.7258,-270.4935,-10386.2545,-1257.7258,-270.4935,12.000,1,nan,nan
6.4670,125.2833,0,-10129.2468,-1391.7892,-303.0761,nan,nan,nan,-0.4761,0.8709,-0.1222,-0.8640,-0.4373,0.2496,0.1640,0.2244,0.9606,0.0000,0.0000,0.0000,40.6820,-11.4364,-5.0889,-10387.2417,-1257.1204,-270.5518,nan,nan,nan,0.8932,-0.4476,-0.0431,0.0385,-0.0193,0.9991,90.000,nan,nan,nan,0.0000,0.0000,0.0000,nan,nan,nan,-10387.2417,-1257.1204,-270.5518,-10387.2417,-1257.1204,-270.5518,12.000,1,nan,nan
6.4930,125.3167,0,-10123.5738,-1393.5903,-303.9433,nan,nan,nan,-0.0272,0.9783,-0.2052,-0.9651,0.0278,0.2606,0.2606,0.2051,0.9434,0.0000,0.0000,0.0000,81.8915,-24.3592,-11.1918,-10386.7549,-1256.1103,-271.4002,nan,nan,nan,0.8932,-0.4476,-0.0431,0.0385,-0.0193,0.9991,90.000,nan,nan,nan,0.0000,0.0000,0.0000,nan,nan,nan,-10386.7549,-1256.1103,-271.4002,-10386.7549,-1256.1103,-271.4002,12.000,1,nan,nan
6.5200,125.3500,0,-10117.7541,-1393.6590,-304.8598,nan,nan,nan,0.4640,0.8756,-0.1345,-0.8505,0.4828,0.2085,0.2475,0.0177,0.9687,0.0000,0.0000,0.0000,125.0516,-27.3563,-17.9118,-10384.6198,-1257.1493,-271.8162,nan,nan,nan,0.8932,-0.4476,-0.0431,0.0385,-0.0193,0.9991,90.000,nan,nan,nan,0.0000,0.0000,0.0000,nan,nan,nan,-10384.6198,-1257.1493,-271.8162,-10384.6198,-1257.1493,-271.8162,12.000,1,nan,nan
6.5460,125.3667,0,-10114.7986,-1393.3763,-304.4165,nan,nan,nan,0.6619,0.7408,-0.1146,-0.7319,0.6717,0.1149,0.1621,0.0079,0.9867,0.0000,0.0000,0.0000,156.6567,-21.4011,-12.5777,-10383.6064,-1257.5048,-271.8059,nan,nan,nan,0.8932,-0.4476,-0.0431,0.0385,-0.0193,0.9991,90.000,nan,nan,nan,0.0000,0.0000,0.0000,nan,nan,nan,-10383.6064,-1257.5048,-271.8059,-10383.6064,-1257.5048,-271.8059,12.000,1,nan,nan
6.5730,125.4000,0,-10108.8908,-1392.8503,-303.5240,nan,nan,nan,0.9342,0.3565,0.0143,-0.3567,0.9340,0.0181,-0.0069,-0.0220,0.9997,0.0000,0.0000,0.0000,171.2001,-8.9503,-2.5428,-10381.2234,-1258.0470,-271.3759,nan,nan,nan,0.8932,-0.4476,-0.0431,0.0385,-0.0193,0.9991,90.000,nan,nan,nan,0.0000,0.0000,0.0000,nan,nan,nan,-10381.2234,-1258.0470,-271.3759,-10381.2234,-1258.0470,-271.3759,12.000,1,nan,nan
6.6000,125.4167,0,-10105.9528,-1392.5690,-302.9797,nan,nan,nan,0.9874,0.1259,0.0964,-0.1288,0.9914,0.0245,-0.0925,-0.0366,0.9950,0.0000,0.0000,0.0000,175.3270,7.7210,11.1985,-10380.1600,-1258.2366,-271.1394,nan,nan,nan,0.8932,-0.4476,-0.0431,0.0385,-0.0193,0.9991,90.000,nan,nan,nan,0.0000,0.0000,0.0000,nan,nan,nan,-10380.1600,-1258.2366,-271.1394,-10380.1600,-1258.2366,-271.1394,12.000,1,nan,nan
6.6250,125.4500,0,-10099.8928,-1392.0594,-302.8334,nan,nan,nan,0.9838,0.0808,0.1599,-0.0846,0.9963,0.0172,-0.1579,-0.0304,0.9870,0.0000,0.0000,0.0000,177.5939,14.5254,20.3242,-10377.1833,-1258.2858,-270.8260,nan,nan,nan,0.8932,-0.4476,-0.0431,0.0385,-0.0193,0.9991,90.000,nan,nan,nan,0.0000,0.0000,0.0000,nan,nan,nan,-10377.1833,-1258.2858,-270.8260,-10377.1833,-1258.2858,-270.8260,12.000,1,nan,nan
6.6520,125.4833,0,-10093.9012,-1392.0022,-302.6276,nan,nan,nan,0.9991,0.0097,0.0414,-0.0111,0.9993,0.0344,-0.0411,-0.0349,0.9985,0.0000,0.0000,0.0000,178.5313,12.8370,18.0642,-10373.3116,-1258.3216,-270.5358,nan,nan,nan,0.8932,-0.4476,-0.0431,0.0385,-0.0193,0.9991,90.000,nan,nan,nan,0.0000,0.0000,0.0000,nan,nan,nan,-10373.3116,-1258.3216,-270.5358,-10373.3116,-1258.3216,-270.5358,12.000,1,nan,nan
6.6790,125.5000,0,-10091.0503,-1391.4749,-302.0673,nan,nan,nan,0.9768,0.2062,0.0573,-0.2109,0.9730,0.0942,-0.0363,-0.1041,0.9939,0.0000,0.0000,0.0000,177.4831,15.6712,18.9810,-10371.4816,-1258.4506,-270.3654,nan,nan,nan,0.8932,-0.4476,-0.0431,0.0385,-0.0193,0.9991,90.000,nan,nan,nan,0.0000,0.0000,0.0000,nan,nan,nan,-10371.4816,-1258.4506,-270.3654,-10371.4816,-1258.4506,-270.3654,12.000,1,nan,nan
6.7060,125.5333,0,-10084.8883,-1391.0861,-301.3700,nan,nan,nan,0.9779,0.0787,0.1935,-0.0832,0.9964,0.0151,-0.1916,-0.0309,0.9810,0.0000,0.0000,0.0000,178.9892,15.1957,16.8160,-10367.4273,-1258.1692,-269.9456,nan,nan,nan,0.8932,-0.4476,-0.0431,0.0385,-0.0193,0.9991,90.000,nan,nan,nan,0.0000,0.0000,0.0000,nan,nan,nan,-10367.4273,-1258.1692,-269.9456,-10367.4273,-1258.1692,-269.9456,12.000,1,nan,nan
6.7330,125.5500,0,-10082.0030,-1391.8680,-301.9686,nan,nan,nan,0.9863,-0.0879,0.1395,0.0849,0.9960,0.0271,-0.1414,-0.0149,0.9898,0.0000,0.0000,0.0000,177.5536,2.6600,8.3231,-10365.4463,-1258.1309,-269.8520,nan,nan,nan,0.8932,-0.4476,-0.0431,0.0385,-0.0193,0.9991,90.000,nan,nan,nan,0.0000,0.0000,0.0000,nan,nan,nan,-10365.4463,-1258.1309,-269.8520,-10365.4463,-1258.1309,-269.8520,12.000,1,nan,nan
6.7590,125.5833,0,-10077.0386,-1393.9845,-305.0468,nan,nan,nan,0.9609,-0.2625,0.0880,0.2602,0.9649,0.0371,-0.0946,-0.0128,0.9954,0.0000,0.0000,0.0000,171.1029,-12.8892,-13.0798,-10360.8130,-1258.5877,-270.4434,nan,nan,nan,0.8932,-0.4476,-0.0431,0.0385,-0.0193,0.9991,90.000,nan,nan,nan,0.0000,0.0000,0.0000,nan,nan,nan,-10360.8130,-1258.5877,-270.4434,-10360.8130,-1258.5877,-270.4434,12.000,1,nan,nan
6.7850,125.6167,0,-10072.0985,-1396.9591,-304.9615,nan,nan,nan,0.7792,-0.6206,-0.0883,0.6220,0.7829,-0.0136,0.0776,-0.0443,0.9960,0.0000,0.0000,0.0000,165.2423,-40.1748,-23.5720,-10356.0369,-1259.6536,-270.8032,nan,nan,nan,0.8932,-0.4476,-0.0431,0.0385,-0.0193,0.9991,90.000,nan,nan,nan,0.0000,0.0000,0.0000,nan,nan,nan,-10356.0369,-1259.6536,-270.8032,-10356.0369,-1259.6536,-270.8032,12.000,1,nan,nan
6.8120,125.6333,0,-10069.1381,-1397.4536,-304.6934,nan,nan,nan,0.8782,-0.4769,-0.0358,0.4776,0.8785,0.0136,0.0250,-0.0291,0.9993,0.0000,0.0000,0.0000,162.6238,-53.8984,-26.6368,-10353.7355,-1260.1392,-270.9201,nan,nan,nan,0.8932,-0.4476,-0.0431,0.0385,-0.0193,0.9991,90.000,nan,nan,nan,0.0000,0.0000,0.0000,nan,nan,nan,-10353.7355,-1260.1392,-270.9201,-10353.7355,-1260.1392,-270.9201,12.000,1,nan,nan
6.8390,125.6667,0,-10063.1348,-1398.1138,-305.6769,nan,nan,nan,0.8937,-0.4486,-0.0082,0.4484,0.8923,0.0533,-0.0166,-0.0513,0.9985,0.0000,0.0000,0.0000,163.4970,-51.2213,-25.9692,-10348.6642,-1261.2121,-271.3448,nan,nan,nan,0.8932,-0.4476,-0.0431,0.0385,-0.0193,0.9991,90.000,nan,nan,nan,0.0000,0.0000,0.0000,nan,nan,nan,-10348.6642,-1261.2121,-271.3448,-10348.6642,-1261.2121,-271.3448,12.000,1,nan,nan
6.8660,125.6833,0,-10060.2668,-1398.9914,-305.6119,nan,nan,nan,0.8989,-0.4382,-0.0009,0.4381,0.8984,0.0308,-0.0127,-0.0280,0.9995,0.0000,0.0000,0.0000,168.3015,-48.5181,-6.5858,-10346.3197,-1261.6837,-271.5026,nan,nan,nan,0.8932,-0.4476,-0.0431,0.0385,-0.0193,0.9991,90.000,nan,nan,nan,0.0000,0.0000,0.0000,nan,nan,nan,-10346.3197,-1261.6837,-271.5026,-10346.3197,-1261.6837,-271.5026,12.000,1,nan,nan
6.8910,125.7167,0,-10054.5268,-1400.7735,-305.7023,nan,nan,nan,0.9089,-0.4168,0.0120,0.4169,0.9088,-0.0147,-0.0048,0.0184,0.9998,0.0000,0.0000,0.0000,174.0618,-40.8226,-3.7637,-10341.1353,-1262.6538,-271.7834,nan,nan,nan,0.8932,-0.4476,-0.0431,0.0385,-0.0193,0.9991,90.000,nan,nan,nan,0.0000,0.0000,0.0000,nan,nan,nan,-10341.1353,-1262.6538,-271.7834,-10341.1353,-1262.6538,-271.7834,12.000,1,nan,nan
6.9200,125.7500,0,-10048.8043,-1402.5619,-306.0980,nan,nan,nan,0.9556,-0.2943,-0.0152,0.2925,0.9535,-0.0733,0.0361,0.0656,0.9972,0.0000,0.0000,0.0000,174.0235,-44.0800,-8.7902,-10335.7721,-1263.5763,-272.0940,nan,nan,nan,0.8932,-0.4476,-0.0431,0.0385,-0.0193,0.9991,90.000,nan,nan,nan,0.0000,0.0000,0.0000,nan,nan,nan,-10335.7721,-1263.5763,-272.0940,-10335.7721,-1263.5763,-272.0940,12.000,1,nan,nan
6.9460,125.7667,0,-10046.0995,-1403.8577,-306.1686,nan,nan,nan,0.9175,-0.3974,-0.0139,0.3937,0.9127,-0.1098,0.0563,0.0953,0.9939,0.0000,0.0000,0.0000,170.4536,-56.3199,-4.7413,-10333.2425,-1264.0300,-272.2357,nan,nan,nan,0.8932,-0.4476,-0.0431,0.0385,-0.0193,0.9991,90.000,nan,nan,nan,0.0000,0.0000,0.0000,nan,nan,nan,-10333.2425,-1264.0300,-272.2357,-10333.2425,-1264.0300,-272.2357,12.000,1,nan,nan
6.9730,125.8000,0,-10040.7850,-1406.6246,-306.1139,nan,nan,nan,0.8849,-0.4656,-0.0111,0.4582,0.8746,-0.1583,0.0834,0.1350,0.9873,0.0000,0.0000,0.0000,167.2103,-64.8382,-4.3838,-10327.7743,-1265.2034,-272.4894,nan,nan,nan,0.8932,-0.4476,-0.0431,0.0385,-0.0193,0.9991,90.000,nan,nan,nan,0.0000,0.0000,0.0000,nan,nan,nan,-10327.7743,-1265.2034,-272.4894,-10327.7743,-1265.2034,-272.4894,12.000,1,nan,nan
6.9990,125.8167,0,-10037.8900,-1407.4336,-306.0091,nan,nan,nan,0.9117,-0.4108,-0.0113,0.4056,0.9039,-0.1360,0.0661,0.1194,0.9906,0.0000,0.0000,0.0000,166.8609,-65.5561,-2.5122,-10325.2225,-1265.8140,-272.5760,nan,nan,nan,0.8932,-0.4476,-0.0431,0.0385,-0.0193,0.9991,90.000,nan,nan,nan,0.0000,0.0000,0.0000,nan,nan,nan,-10325.2225,-1265.8140,-272.5760,-10325.2225,-1265.8140,-272.5760,12.000,1,nan,nan
7.0270,125.8500,0,-10032.1417,-1409.1429,-306.0708,nan,nan,nan,0.9579,-0.2869,0.0026,0.2869,0.9579,-0.0056,-0.0009,0.0062,1.0000,0.0000,0.0000,0.0000,166.9459,-65.2256,-0.1339,-10319.9606,-1267.6850,-272.6971,nan,nan,nan,0.8932,-0.4476,-0.0431,0.0385,-0.0193,0.9991,90.000,nan,nan,nan,0.0000,0.0000,0.0000,nan,nan,nan,-10319.9606,-1267.6850,-272.6971,-10319.9606,-1267.6850,-272.6971,12.000,1,nan,nan
7.0550,125.8833,0,-10026.4381,-1411.0119,-305.9215,nan,nan,nan,0.9501,-0.3109,0.0258,0.3117,0.9494,-0.0380,-0.0127,0.0442,0.9989,0.0000,0.0000,0.0000,168.7270,-60.8234,2.0845,-10314.6453,-1269.3994,-272.7660,nan,nan,nan,0.8932,-0.4476,-0.0431,0.0385,-0.0193,0.9991,90.000,nan,nan,nan,0.0000,0.0000,0.0000,nan,nan,nan,-10314.6453,-1269.3994,-272.7660,-10314.6453,-1269.3994,-272.7660,12.000,1,nan,nan
7.0820,125.9000,0,-10023.5814,-1411.9593,-306.0996,nan,nan,nan,0.9498,-0.3129,-0.0007,0.3127,0.9493,-0.0329,0.0109,0.0311,0.9995,0.0000,0.0000,0.0000,171.4765,-54.7107,0.0630,-10312.1057,-1270.2334,-272.8124,nan,nan,nan,0.8932,-0.4476,-0.0431,0.0385,-0.0193,0.9991,90.000,nan,nan,nan,0.0000,0.0000,0.0000,nan,nan,nan,-10312.1057,-1270.2334,-272.8124,-10312.1057,-1270.2334,-272.8124,12.000,1,nan,nan
7.1090,125.9333,0,-10017.8251,-1413.5991,-306.7211,nan,nan,nan,0.9597,-0.2722,-0.0702,0.2740,0.9616,0.0173,0.0628,-0.0359,0.9974,0.0000,0.0000,0.0000,171.8248,-53.6197,-5.3280,-10306.5207,-1272.2188,-273.0238,nan,nan,nan,0.8932,-0.4476,-0.0431,0.0385,-0.0193,0.9991,90.000,nan,nan,nan,0.0000,0.0000,0.0000,nan,nan,nan,-10306.5207,-1272.2188,-273.0238,-10306.5207,-1272.2188,-273.0238,12.000,1,nan,nan
7.1350,125.9667,0,-10012.4101,-1415.9214,-306.9160,nan,nan,nan,0.9021,-0.4040,-0.1518,0.3945,0.9145,-0.0900,0.1752,0.0213,0.9843,0.0000,0.0000,0.0000,169.8949,-57.0792,-7.2056,-10300.8843,-1273.9289,-273.2686,nan,nan,nan,0.8932,-0.4476,-0.0431,0.0385,-0.0193,0.9991,90.000,nan,nan,nan,0.0000,0.0000,0.0000,nan,nan,nan,-10300.8843,-1273.9289,-273.2686,-10300.8843,-1273.9289,-273.2686,12.000,1,nan,nan
7.1620,125.9833,0,-10009.5315,-1416.5516,-306.3534,nan,nan,nan,0.9629,-0.2448,-0.1136,0.2409,0.9694,-0.0474,0.1218,0.0183,0.9924,0.0000,0.0000,0.0000,169.8304,-54.1201,-1.7255,-10298.1916,-1274.7605,-273.3019,nan,nan,nan,0.8932,-0.4476,-0.0431,0.0385,-0.0193,0.9991,90.000,nan,nan,nan,0.0000,0.0000,0.0000,nan,nan,nan,-10298.1916,-1274.7605,-273.3019,-10298.1916,-1274.7605,-273.3019,12.000,1,nan,nan
7.1880,126.0167,0,-10003.7743,-1417.8120,-305.2282,nan,nan,nan,0.9765,-0.2137,0.0288,0.2139,0.9769,-0.0037,-0.0273,0.0097,0.9996,0.0000,0.0000,0.0000,170.0804,-49.7215,8.2586,-10292.8110,-1276.5416,-273.0978,nan,nan,nan,0.8932,-0.4476,-0.0431,0.0385,-0.0193,0.9991,90.000,nan,nan,nan,0.0000,0.0000,0.0000,nan,nan,nan,-10292.8110,-1276.5416,-273.0978,-10292.8110,-1276.5416,-273.0978,12.000,1,nan,nan
7.2150,126.0333,0,-10000.8957,-1418.4422,-304.6656,nan,nan,nan,0.9723,-0.2110,0.1007,0.2104,0.9775,0.0163,-0.1019,0.0054,0.9948,0.0000,0.0000,0.0000,170.1359,-46.5657,20.7356,-10290.3820,-1277.3743,-272.9598,nan,nan,nan,0.8932,-0.4476,-0.0431,0.0385,-0.0193,0.9991,90.000,nan,nan,nan,0.0000,0.0000,0.0000,nan,nan,nan,-10290.3820,-1277.3743,-272.9598,-10290.3820,-1277.3743,-272.9598,12.000,1,nan,nan
7.2420,126.0667,0,-9995.0971,-1419.7128,-303.7002,nan,nan,nan,0.9590,-0.2124,0.1874,0.2085,0.9772,0.0407,-0.1918,0.0000,0.9814,0.0000,0.0000,0.0000,172.4482,-39.6239,30.1929,-10285.3085,-1279.1148,-272.5698,nan,nan,nan,0.8932,-0.4476,-0.0431,0.0385,-0.0193,0.9991,90.000,nan,nan,nan,0.0000,0.0000,0.0000,nan,nan,nan,-10285.3085,-1279.1148,-272.5698,-10285.3085,-1279.1148,-272.5698,12.000,1,nan,nan
7.2680,126.1000,0,-9989.2284,-1420.7855,-303.0615,nan,nan,nan,0.9785,-0.1764,0.1067,0.1669,0.9816,0.0923,-0.1210,-0.0725,0.9900,0.0000,0.0000,0.0000,173.5795,-37.1095,29.1653,-10279.9684,-1280.9518,-272.1073,nan,nan,nan,0.8932,-0.4476,-0.0431,0.0385,-0.0193,0.9991,90.000,nan,nan,nan,0.0000,0.0000,0.0000,nan,nan,nan,-10279.9684,-1280.9518,-272.1073,-10279.9684,-1280.9518,-272.1073,12.000,1,nan,nan
7.2950,126.1167,0,-9986.2941,-1421.3219,-302.7422,nan,nan,nan,0.9781,-0.1788,0.1064,0.1693,0.9812,0.0925,-0.1210,-0.0725,0.9900,0.0000,0.0000,0.0000,174.4746,-35.4806,26.0408,-10277.4453,-1281.7684,-271.8817,nan,nan,nan,0.8932,-0.4476,-0.0431,0.0385,-0.0193,0.9991,90.000,nan,nan,nan,0.0000,0.0000,0.0000,nan,nan,nan,-10277.4453,-1281.7684,-271.8817,-10277.4453,-1281.7684,-271.8817,12.000,1,nan,nan
7.3200,126.1500,0,-9980.3428,-1422.3554,-302.6397,nan,nan,nan,0.9782,-0.1783,0.1065,0.1688,0.9813,0.0925,-0.1210,-0.0725,0.9900,0.0000,0.0000,0.0000,175.8180,-33.7933,19.2798,-10271.9050,-1283.3766,-271.4754,nan,nan,nan,0.8932,-0.4476,-0.0431,0.0385,-0.0193,0.9991,90.000,nan,nan,nan,0.0000,0.0000,0.0000,nan,nan,nan,-10271.9050,-1283.3766,-271.4754,-10271.9050,-1283.3766,-271.4754,12.000,1,nan,nan
7.3470,126.1667,0,-9977.4159,-1423.0116,-302.6878,nan,nan,nan,0.9730,-0.2242,0.0555,0.2190,0.9718,0.0873,-0.0735,-0.0728,0.9946,0.0000,0.0000,0.0000,176.4187,-33.7071,11.5584,-10269.2521,-1284.0977,-271.3063,nan,nan,nan,0.8932,-0.4476,-0.0431,0.0385,-0.0193,0.9991,90.000,nan,nan,nan,0.0000,0.0000,0.0000,nan,nan,nan,-10269.2521,-1284.0977,-271.3063,-10269.2521,-1284.0977,-271.3063,12.000,1,nan,nan
7.3740,126.2000,0,-9971.5620,-1424.3240,-302.7839,nan,nan,nan,0.9755,-0.2195,-0.0161,0.2201,0.9729,0.0712,0.0000,-0.0730,0.9973,0.0000,0.0000,0.0000,176.4503,-35.1280,5.6055,-10263.4361,-1285.5467,-271.0350,nan,nan,nan,0.8932,-0.4476,-0.0431,0.0385,-0.0193,0.9991,90.000,nan,nan,nan,0.0000,0.0000,0.0000,nan,nan,nan,-10263.4361,-1285.5467,-271.0350,-10263.4361,-1285.5467,-271.0350,12.000,1,nan,nan
7.4020,126.2333,0,-9965.7236,-1425.6418,-302.5942,nan,nan,nan,0.9761,-0.2168,-0.0159,0.2174,0.9735,0.0713,0.0000,-0.0730,0.9973,0.0000,0.0000,0.0000,176.2746,-36.8825,1.7211,-10257.6245,-1286.9679,-270.7801,nan,nan,nan,0.8932,-0.4476,-0.0431,0.0385,-0.0193,0.9991,90.000,nan,nan,nan,0.0000,0.0000,0.0000,nan,nan,nan,-10257.6245,-1286.9679,-270.7801,-10257.6245,-1286.9679,-270.7801,12.000,1,nan,nan
7.4290,126.2500,0,-9962.8286,-1426.3993,-302.3822,nan,nan,nan,0.9669,-0.2511,0.0447,0.2497,0.9677,0.0337,-0.0517,-0.0214,0.9984,0.0000,0.0000,0.0000,175.2725,-40.1219,2.8731,-10254.9102,-1287.5548,-270.6450,nan,nan,nan,0.8932,-0.4476,-0.0431,0.0385,-0.0193,0.9991,90.000,nan,nan,nan,0.0000,0.0000,0.0000,nan,nan,nan,-10254.9102,-1287.5548,-270.6450,-10254.9102,-1287.5548,-270.6450,12.000,1,nan,nan
7.4550,126.2833,0,-9957.0385,-1427.9142,-301.9582,nan,nan,nan,0.9651,-0.2523,0.0707,0.2516,0.9677,0.0184,-0.0730,-0.0000,0.9973,0.0000,0.0000,0.0000,174.6892,-41.9845,6.2241,-10249.1528,-1288.7850,-270.3312,nan,nan,nan,0.8932,-0.4476,-0.0431,0.0385,-0.0193,0.9991,90.000,nan,nan,nan,0.0000,0.0000,0.0000,nan,nan,nan,-10249.1528,-1288.7850,-270.3312,-10249.1528,-1288.7850,-270.3312,12.000,1,nan,nan
7.4830,126.3000,0,-9954.1434,-1428.6716,-301.7462,nan,nan,nan,0.9651,-0.2523,0.0707,0.2516,0.9677,0.0184,-0.0730,-0.0000,0.9973,0.0000,0.0000,0.0000,174.1897,-43.5719,10.0148,-10246.4529,-1289.3766,-270.1783,nan,nan,nan,0.8932,-0.4476,-0.0431,0.0385,-0.0193,0.9991,90.000,nan,nan,nan,0.0000,0.0000,0.0000,nan,nan,nan,-10246.4529,-1289.3766,-270.1783,-10246.4529,-1289.3766,-270.1783,12.000,1,nan,nan
7.5090,126.3333,0,-9948.3209,-1430.1865,-301.6257,nan,nan,nan,0.9651,-0.2523,0.0707,0.2516,0.9677,0.0184,-0.0730,-0.0000,0.9973,0.0000,0.0000,0.0000,173.9953,-45.0720,10.3577,-10240.6531,-1290.6956,-269.8921,nan,nan,nan,0.8932,-0.4476,-0.0431,0.0385,-0.0193,0.9991,90.000,nan,nan,nan,0.0000,0.0000,0.0000,nan,nan,nan,-10240.6531,-1290.6956,-269.8921,-10240.6531,-1290.6956,-269.8921,12.000,1,nan,nan
7.5350,126.3667,0,-9942.5626,-1431.8726,-301.6257,nan,nan,nan,0.9595,-0.2817,0.0000,0.2817,0.9595,0.0000,-0.0000,-0.0000,1.0000,0.0000,0.0000,0.0000,173.7651,-46.3994,7.8823,-10234.8087,-1292.0335,-269.6624,nan,nan,nan,0.8932,-0.4476,-0.0431,0.0385,-0.0193,0.9991,90.000,nan,nan,nan,0.0000,0.0000,0.0000,nan,nan,nan,-10234.8087,-1292.0335,-269.6624,-10234.8087,-1292.0335,-269.6624,12.000,1,nan,nan
7.5620,126.3833,0,-9939.6835,-1432.7157,-301.6257,nan,nan,nan,0.9597,-0.2811,0.0000,0.2811,0.9597,0.0000,-0.0000,-0.0000,1.0000,0.0000,0.0000,0.0000,173.5276,-47.6922,4.8433,-10232.0131,-1292.6923,-269.5642,nan,nan,nan,0.8932,-0.4476,-0.0431,0.0385,-0.0193,0.9991,90.000,nan,nan,nan,0.0000,0.0000,0.0000,nan,nan,nan,-10232.0131,-1292.6923,-269.5642,-10232.0131,-1292.6923,-269.5642,12.000,1,nan,nan
7.5890,126.4167,0,-9933.9253,-1434.4018,-301.6257,nan,nan,nan,0.9597,-0.2811,0.0000,0.2811,0.9597,0.0000,-0.0000,-0.0000,1.0000,0.0000,0.0000,0.0000,173.2888,-48.9782,1.6916,-10226.1898,-1294.1283,-269.3987,nan,nan,nan,0.8932,-0.4476,-0.0431,0.0385,-0.0193,0.9991,90.000,nan,nan,nan,0.0000,0.0000,0.0000,nan,nan,nan,-10226.1898,-1294.1283,-269.3987,-10226.1898,-1294.1283,-269.3987,12.000,1,nan,nan
7.6160,126.4333,0,-9931.0462,-1435.2449,-301.6257,nan,nan,nan,0.9597,-0.2811,0.0000,0.2811,0.9597,0.0000,-0.0000,-0.0000,1.0000,0.0000,0.0000,0.0000,172.8548,-50.2627,0.3383,-10223.3969,-1294.8307,-269.3278,nan,nan,nan,0.8932,-0.4476,-0.0431,0.0385,-0.0193,0.9991,90.000,nan,nan,nan,0.0000,0.0000,0.0000,nan,nan,nan,-10223.3969,-1294.8307,-269.3278,-10223.3969,-1294.8307,-269.3278,12.000,1,nan,nan
7.6420,126.4667,0,-9925.2880,-1436.9310,-301.6257,nan,nan,nan,0.9597,-0.2811,0.0000,0.2811,0.9597,0.0000,-0.0000,-0.0000,1.0000,0.0000,0.0000,0.0000,172.7680,-50.5196,0.0677,-10217.5903,-1296.3369,-269.2084,nan,nan,nan,0.8932,-0.4476,-0.0431,0.0385,-0.0193,0.9991,90.000,nan,nan,nan,0.0000,0.0000,0.0000,nan,nan,nan,-10217.5903,-1296.3369,-269.2084,-10217.5903,-1296.3369,-269.2084,12.000,1,nan,nan
7.6690,126.5000,0,-9919.5298,-1438.6172,-301.6257,nan,nan,nan,0.9597,-0.2811,0.0000,0.2811,0.9597,0.0000,-0.0000,-0.0000,1.0000,0.0000,0.0000,0.0000,172.7506,-50.5710,0.0135,-10211.7923,-1297.8779,-269.1121,nan,nan,nan,0.8932,-0.4476,-0.0431,0.0385,-0.0193,0.9991,90.000,nan,nan,nan,0.0000,0.0000,0.0000,nan,nan,nan,-10211.7923,-1297.8779,-269.1121,-10211.7923,-1297.8779,-269.1121,12.000,1,nan,nan
7.6950,126.5167,0,-9916.6507,-1439.4602,-301.6257,nan,nan,nan,0.9597,-0.2811,0.0000,0.2811,0.9597,0.0000,-0.0000,-0.0000,1.0000,0.0000,0.0000,0.0000,172.7471,-50.5813,0.0027,-10209.0039,-1298.6270,-269.0706,nan,nan,nan,0.8932,-0.4476,-0.0431,0.0385,-0.0193,0.9991,90.000,nan,nan,nan,0.0000,0.0000,0.0000,nan,nan,nan,-10209.0039,-1298.6270,-269.0706,-10209.0039,-1298.6270,-269.0706,12.000,1,nan,nan
7.7220,126.5500,0,-9910.8925,-1441.1464,-301.6257,nan,nan,nan,0.9597,-0.2811,0.0000,0.2811,0.9597,0.0000,-0.0000,-0.0000,1.0000,0.0000,0.0000,0.0000,172.7464,-50.5834,0.0005,-10203.2165,-1300.2085,-269.0010,nan,nan,nan,0.8932,-0.4476,-0.0431,0.0385,-0.0193,0.9991,90.000,nan,nan,nan,0.0000,0.0000,0.0000,nan,nan,nan,-10203.2165,-1300.2085,-269.0010,-10203.2165,-1300.2085,-269.0010,12.000,1,nan,nan
7.7500,126.5667,0,-9908.0134,-1441.9894,-301.6257,nan,nan,nan,0.9597,-0.2811,0.0000,0.2811,0.9597,0.0000,-0.0000,-0.0000,1.0000,0.0000,0.0000,0.0000,172.7463,-50.5838,0.0001,-10200.4262,-1300.9768,-268.9710,nan,nan,nan,0.8932,-0.4476,-0.0431,0.0385,-0.0193,0.9991,90.000,nan,nan,nan,0.0000,0.0000,0.0000,nan,nan,nan,-10200.4262,-1300.9768,-268.9710,-10200.4262,-1300.9768,-268.9710,12.000,1,nan,nan
7.7770,126.6000,0,-9902.2552,-1443.6755,-301.6257,nan,nan,nan,0.9597,-0.2811,0.0000,0.2811,0.9597,0.0000,-0.0000,-0.0000,1.0000,0.0000,0.0000,0.0000,172.7463,-50.5839,0.0000,-10194.6466,-1302.5873,-268.9207,nan,nan,nan,0.8932,-0.4476,-0.0431,0.0385,-0.0193,0.9991,90.000,nan,nan,nan,0.0000,0.0000,0.0000,nan,nan,nan,-10194.6466,-1302.5873,-268.9207,-10194.6466,-1302.5873,-268.9207,12.000,1,nan,nan
7.8030,126.6333,0,-9896.4970,-1445.3617,-301.6257,nan,nan,nan,0.9597,-0.2811,0.0000,0.2811,0.9597,0.0000,-0.0000,-0.0000,1.0000,0.0000,0.0000,0.0000,172.7463,-50.5839,0.0000,-10188.8710,-1304.2124,-268.8801,nan,nan,nan,0.8932,-0.4476,-0.0431,0.0385,-0.0193,0.9991,90.000,nan,nan,nan,0.0000,0.0000,0.0000,nan,nan,nan,-10188.8710,-1304.2124,-268.8801,-10188.8710,-1304.2124,-268.8801,12.000,1,nan,nan
7.8300,126.6500,0,-9893.6179,-1446.2047,-301.6257,nan,nan,nan,0.9597,-0.2811,0.0000,0.2811,0.9597,0.0000,-0.0000,-0.0000,1.0000,0.0000,0.0000,0.0000,172.7463,-50.5839,0.0000,-10186.0797,-1305.0011,-268.8625,nan,nan,nan,0.8932,-0.4476,-0.0431,0.0385,-0.0193,0.9991,90.000,nan,nan,nan,0.0000,0.0000,0.0000,nan,nan,nan,-10186.0797,-1305.0011,-268.8625,-10186.0797,-1305.0011,-268.8625,12.000,1,nan,nan
7.8570,126.6833,0,-9887.8597,-1447.8909,-301.6257,nan,nan,nan,0.9597,-0.2811,0.0000,0.2811,0.9597,0.0000,-0.0000,-0.0000,1.0000,0.0000,0.0000,0.0000,172.7463,-50.5839,0.0000,-10180.3088,-1306.6431,-268.8330,nan,nan,nan,0.8932,-0.4476,-0.0431,0.0385,-0.0193,0.9991,90.000,nan,nan,nan,0.0000,0.0000,0.0000,nan,nan,nan,-10180.3088,-1306.6431,-268.8330,-10180.3088,-1306.6431,-268.8330,12.000,1,nan,nan
7.8850,126.7000,0,-9884.9806,-1448.7339,-301.6257,nan,nan,nan,0.9597,-0.2811,0.0000,0.2811,0.9597,0.0000,-0.0000,-0.0000,1.0000,0.0000,0.0000,0.0000,172.7463,-50.5839,0.0000,-10177.5137,-1307.4408,-268.8203,nan,nan,nan,0.8932,-0.4476,-0.0431,0.0385,-0.0193,0.9991,90.000,nan,nan,nan,0.0000,0.0000,0.0000,nan,nan,nan,-10177.5137,-1307.4408,-268.8203,-10177.5137,-1307.4408,-268.8203,12.000,1,nan,nan
7.9120,126.7333,0,-9879.2223,-1450.4201,-301.6257,nan,nan,nan,0.9597,-0.2811,0.0000,0.2811,0.9597,0.0000,-0.0000,-0.0000,1.0000,0.0000,0.0000,0.0000,172.7463,-50.5839,0.0000,-10171.7462,-1309.0950,-268.7989,nan,nan,nan,0.8932,-0.4476,-0.0431,0.0385,-0.0193,0.9991,90.000,nan,nan,nan,0.0000,0.0000,0.0000,nan,nan,nan,-10171.7462,-1309.0950,-268.7989,-10171.7462,-1309.0950,-268.7989,12.000,1,nan,nan
7.9400,126.7667,0,-9873.4641,-1452.1062,-301.6257,nan,nan,nan,0.9597,-0.2811,0.0000,0.2811,0.9597,0.0000,-0.0000,-0.0000,1.0000,0.0000,0.0000,0.0000,172.7463,-50.5839,0.0000,-10165.9805,-1310.7552,-268.7817,nan,nan,nan,0.8932,-0.4476,-0.0431,0.0385,-0.0193,0.9991,90.000,nan,nan,nan,0.0000,0.0000,0.0000,nan,nan,nan,-10165.9805,-1310.7552,-268.7817,-10165.9805,-1310.7552,-268.7817,12.000,1,nan,nan
7.9670,126.7833,0,-9870.5850,-1452.9493,-301.6257,nan,nan,nan,0.9597,-0.2811,0.0000,0.2811,0.9597,0.0000,-0.0000,-0.0000,1.0000,0.0000,0.0000,0.0000,172.7463,-50.5839,0.0000,-10163.1822,-1311.5624,-268.7742,nan,nan,nan,0.8932,-0.4476,-0.0431,0.0385,-0.0193,0.9991,90.000,nan,nan,nan,0.0000,0.0000,0.0000,nan,nan,nan,-10163.1822,-1311.5624,-268.7742,-10163.1822,-1311.5624,-268.7742,12.000,1,nan,nan
7.9940,126.8167,0,-9864.8268,-1454.6354,-301.6257,nan,nan,nan,0.9597,-0.2811,0.0000,0.2811,0.9597,0.0000,-0.0000,-0.0000,1.0000,0.0000,0.0000,0.0000,172.7463,-50.5839,0.0000,-10157.4185,-1313.2297,-268.7616,nan,nan,nan,0.8932,-0.4476,-0.0431,0.0385,-0.0193,0.9991,90.000,nan,nan,nan,0.0000,0.0000,0.0000,nan,nan,nan,-10157.4185,-1313.2297,-268.7616,-10157.4185,-1313.2297,-268.7616,12.000,1,nan,nan
8.0220,126.8500,0,-9859.0686,-1456.3215,-301.6257,nan,nan,nan,0.9597,-0.2811,0.0000,0.2811,0.9597,0.0000,-0.0000,-0.0000,1.0000,0.0000,0.0000,0.0000,172.7463,-50.5839,0.0000,-10151.6559,-1314.9006,-268.7515,nan,nan,nan,0.8932,-0.4476,-0.0431,0.0385,-0.0193,0.9991,90.000,nan,nan,nan,0.0000,0.0000,0.0000,nan,nan,nan,-10151.6559,-1314.9006,-268.7515,-10151.6559,-1314.9006,-268.7515,12.000,1,nan,nan
8.0490,126.8667,0,-9856.1895,-1457.1646,-301.6257,nan,nan,nan,0.9597,-0.2811,0.0000,0.2811,0.9597,0.0000,-0.0000,-0.0000,1.0000,0.0000,0.0000,0.0000,172.7463,-50.5839,0.0000,-10148.8537,-1315.7140,-268.7471,nan,nan,nan,0.8932,-0.4476,-0.0431,0.0385,-0.0193,0.9991,90.000,nan,nan,nan,0.0000,0.0000,0.0000,nan,nan,nan,-10148.8537,-1315.7140,-268.7471,-10148.8537,-1315.7140,-268.7471,12.000,1,nan,nan
8.0760,126.9000,0,-9850.4313,-1458.8507,-301.6257,nan,nan,nan,0.9597,-0.2811,0.0000,0.2811,0.9597,0.0000,-0.0000,-0.0000,1.0000,0.0000,0.0000,0.0000,172.7463,-50.5839,0.0000,-10143.0923,-1317.3891,-268.7397,nan,nan,nan,0.8932,-0.4476,-0.0431,0.0385,-0.0193,0.9991,90.000,nan,nan,nan,0.0000,0.0000,0.0000,nan,nan,nan,-10143.0923,-1317.3891,-268.7397,-10143.0923,-1317.3891,-268.7397,12.000,1,nan,nan
8.1040,126.9333,0,-9844.6731,-1460.5368,-301.6257,nan,nan,nan,0.9597,-0.2811,0.0000,0.2811,0.9597,0.0000,-0.0000,-0.0000,1.0000,0.0000,0.0000,0.0000,172.7463,-50.5839,0.0000,-10137.3315,-1319.0662,-268.7337,nan,nan,nan,0.8932,-0.4476,-0.0431,0.0385,-0.0193,0.9991,90.000,nan,nan,nan,0.0000,0.0000,0.0000,nan,nan,nan,-10137.3315,-1319.0662,-268.7337,-10137.3315,-1319.0662,-268.7337,12.000,1,nan,nan
8.1320,126.9500,0,-9841.7940,-1461.3799,-301.6257,nan,nan,nan,0.9597,-0.2811,0.0000,0.2811,0.9597,0.0000,-0.0000,-0.0000,1.0000,0.0000,0.0000,0.0000,172.7463,-50.5839,0.0000,-10134.5253,-1319.8837,-268.7311,nan,nan,nan,0.8932,-0.4476,-0.0431,0.0385,-0.0193,0.9991,90.000,nan,nan,nan,0.0000,0.0000,0.0000,nan,nan,nan,-10134.5253,-1319.8837,-268.7311,-10134.5253,-1319.8837,-268.7311,12.000,1,nan,nan
8.1600,126.9833,0,-9836.0358,-1463.0660,-301.6257,nan,nan,nan,0.9597,-0.2811,0.0000,0.2811,0.9597,0.0000,-0.0000,-0.0000,1.0000,0.0000,0.0000,0.0000,172.7463,-50.5839,0.0000,-10128.7652,-1321.5633,-268.7268,nan,nan,nan,0.8932,-0.4476,-0.0431,0.0385,-0.0193,0.9991,90.000,nan,nan,nan,0.0000,0.0000,0.0000,nan,nan,nan,-10128.7652,-1321.5633,-268.7268,-10128.7652,-1321.5633,-268.7268,12.000,1,nan,nan
8.1850,127.0167,0,-9830.2776,-1464.7522,-301.6257,nan,nan,nan,0.9597,-0.2811,0.0000,0.2811,0.9597,0.0000,-0.0000,-0.0000,1.0000,0.0000,0.0000,0.0000,172.7463,-50.5839,0.0000,-10123.0054,-1323.2442,-268.7232,nan,nan,nan,0.8932,-0.4476,-0.0431,0.0385,-0.0193,0.9991,90.000,nan,nan,nan,0.0000,0.0000,0.0000,nan,nan,nan,-10123.0054,-1323.2442,-268.7232,-10123.0054,-1323.2442,-268.7232,12.000,1,nan,nan
8.2120,127.0333,0,-9827.3985,-1465.5952,-301.6257,nan,nan,nan,0.9597,-0.2811,0.0000,0.2811,0.9597,0.0000,-0.0000,-0.0000,1.0000,0.0000,0.0000,0.0000,172.7463,-50.5839,0.0000,-10120.1952,-1324.0646,-268.7217,nan,nan,nan,0.8932,-0.4476,-0.0431,0.0385,-0.0193,0.9991,90.000,nan,nan,nan,0.0000,0.0000,0.0000,nan,nan,nan,-10120.1952,-1324.0646,-268.7217,-10120.1952,-1324.0646,-268.7217,12.000,1,nan,nan
8.2380,127.0667,0,-9821.6403,-1467.2814,-301.6257,nan,nan,nan,0.9597,-0.2811,0.0000,0.2811,0.9597,0.0000,-0.0000,-0.0000,1.0000,0.0000,0.0000,0.0000,172.7463,-50.5839,0.0000,-10114.4359,-1325.7469,-268.7191,nan,nan,nan,0.8932,-0.4476,-0.0431,0.0385,-0.0193,0.9991,90.000,nan,nan,nan,0.0000,0.0000,0.0000,nan,nan,nan,-10114.4359,-1325.7469,-268.7191,-10114.4359,-1325.7469,-268.7191,12.000,1,nan,nan
8.2640,127.0833,0,-9818.7611,-1468.1244,-301.6257,nan,nan,nan,0.9597,-0.2811,0.0000,0.2811,0.9597,0.0000,-0.0000,-0.0000,1.0000,0.0000,0.0000,0.0000,172.7463,-50.5839,0.0000,-10111.6216,-1326.5691,-268.7180,nan,nan,nan,0.8932,-0.4476,-0.0431,0.0385,-0.0193,0.9991,90.000,nan,nan,nan,0.0000,0.0000,0.0000,nan,nan,nan,-10111.6216,-1326.5691,-268.7180,-10111.6216,-1326.5691,-268.7180,12.000,1,nan,nan
8.2900,127.1167,0,-9813.0029,-1469.8105,-301.6257,nan,nan,nan,0.9597,-0.2811,0.0000,0.2811,0.9597,0.0000,-0.0000,-0.0000,1.0000,0.0000,0.0000,0.0000,172.7463,-50.5839,0.0000,-10105.8626,-1328.2525,-268.7162,nan,nan,nan,0.8932,-0.4476,-0.0431,0.0385,-0.0193,0.9991,90.000,nan,nan,nan,0.0000,0.0000,0.0000,nan,nan,nan,-10105.8626,-1328.2525,-268.7162,-10105.8626,-1328.2525,-268.7162,12.000,1,nan,nan
8.3170,127.1333,0,-9810.1238,-1470.6536,-301.6257,nan,nan,nan,0.9597,-0.2811,0.0000,0.2811,0.9597,0.0000,-0.0000,-0.0000,1.0000,0.0000,0.0000,0.0000,172.7463,-50.5839,0.0000,-10103.0444,-1329.0763,-268.7153,nan,nan,nan,0.8932,-0.4476,-0.0431,0.0385,-0.0193,0.9991,90.000,nan,nan,nan,0.0000,0.0000,0.0000,nan,nan,nan,-10103.0444,-1329.0763,-268.7153,-10103.0444,-1329.0763,-268.7153,12.000,1,nan,nan
8.3440,127.1667,0,-9804.3656,-1472.3397,-301.6257,nan,nan,nan,0.9597,-0.2811,0.0000,0.2811,0.9597,0.0000,-0.0000,-0.0000,1.0000,0.0000,0.0000,0.0000,172.7463,-50.5839,0.0000,-10097.2856,-1330.7604,-268.7140,nan,nan,nan,0.8932,-0.4476,-0.0431,0.0385,-0.0193,0.9991,90.000,nan,nan,nan,0.0000,0.0000,0.0000,nan,nan,nan,-10097.2856,-1330.7604,-268.7140,-10097.2856,-1330.7604,-268.7140,12.000,1,nan,nan
8.3680,127.2000,0,-9798.6074,-1474.0259,-301.6257,nan,nan,nan,0.9597,-0.2811,0.0000,0.2811,0.9597,0.0000,-0.0000,-0.0000,1.0000,0.0000,0.0000,0.0000,172.7463,-50.5839,0.0000,-10091.5269,-1332.4449,-268.7129,nan,nan,nan,0.8932,-0.4476,-0.0431,0.0385,-0.0193,0.9991,90.000,nan,nan,nan,0.0000,0.0000,0.0000,nan,nan,nan,-10091.5269,-1332.4449,-268.7129,-10091.5269,-1332.4449,-268.7129,12.000,1,nan,nan
8.3960,127.2167,0,-9795.7283,-1474.8689,-301.6257,nan,nan,nan,0.9597,-0.2811,0.0000,0.2811,0.9597,0.0000,-0.0000,-0.0000,1.0000,0.0000,0.0000,0.0000,172.7463,-50.5839,0.0000,-10088.7052,-1333.2704,-268.7124,nan,nan,nan,0.8932,-0.4476,-0.0431,0.0385,-0.0193,0.9991,90.000,nan,nan,nan,0.0000,0.0000,0.0000,nan,nan,nan,-10088.7052,-1333.2704,-268.7124,-10088.7052,-1333.2704,-268.7124,12.000,1,nan,nan
8.4220,127.2500,0,-9789.9701,-1476.5551,-301.6257,nan,nan,nan,0.9597,-0.2811,0.0000,0.2811,0.9597,0.0000,-0.0000,-0.0000,1.0000,0.0000,0.0000,0.0000,172.7463,-50.5839,0.0000,-10082.9467,-1334.9553,-268.7116,nan,nan,nan,0.8932,-0.4476,-0.0431,0.0385,-0.0193,0.9991,90.000,nan,nan,nan,0.0000,0.0000,0.0000,nan,nan,nan,-10082.9467,-1334.9553,-268.7116,-10082.9467,-1334.9553,-268.7116,12.000,1,nan,nan
8.4490,127.2667,0,-9787.0910,-1477.3981,-301.6257,nan,nan,nan,0.9597,-0.2811,0.0000,0.2811,0.9597,0.0000,-0.0000,-0.0000,1.0000,0.0000,0.0000,0.0000,172.7463,-50.5839,0.0000,-10080.1215,-1335.7820,-268.7112,nan,nan,nan,0.8932,-0.4476,-0.0431,0.0385,-0.0193,0.9991,90.000,nan,nan,nan,0.0000,0.0000,0.0000,nan,nan,nan,-10080.1215,-1335.7820,-268.7112,-10080.1215,-1335.7820,-268.7112,12.000,1,nan,nan
8.4750,127.3000,0,-9781.3328,-1479.0843,-301.6257,nan,nan,nan,0.9597,-0.2811,0.0000,0.2811,0.9597,0.0000,-0.0000,-0.0000,1.0000,0.0000,0.0000,0.0000,172.7463,-50.5839,0.0000,-10074.3630,-1337.4672,-268.7106,nan,nan,nan,0.8932,-0.4476,-0.0431,0.0385,-0.0193,0.9991,90.000,nan,nan,nan,0.0000,0.0000,0.0000,nan,nan,nan,-10074.3630,-1337.4672,-268.7106,-10074.3630,-1337.4672,-268.7106,12.000,1,nan,nan
8.5020,127.3333,0,-9775.5746,-1480.7704,-301.6257,nan,nan,nan,0.9597,-0.2811,0.0000,0.2811,0.9597,0.0000,-0.0000,-0.0000,1.0000,0.0000,0.0000,0.0000,172.7463,-50.5839,0.0000,-10068.6046,-1339.1527,-268.7102,nan,nan,nan,0.8932,-0.4476,-0.0431,0.0385,-0.0193,0.9991,90.000,nan,nan,nan,0.0000,0.0000,0.0000,nan,nan,nan,-10068.6046,-1339.1527,-268.7102,-10068.6046,-1339.1527,-268.7102,12.000,1,nan,nan
8.5290,127.3500,0,-9772.6955,-1481.6135,-301.6257,nan,nan,nan,0.9597,-0.2811,0.0000,0.2811,0.9597,0.0000,-0.0000,-0.0000,1.0000,0.0000,0.0000,0.0000,172.7463,-50.5839,0.0000,-10065.7762,-1339.9805,-268.7100,nan,nan,nan,0.8932,-0.4476,-0.0431,0.0385,-0.0193,0.9991,90.000,nan,nan,nan,0.0000,0.0000,0.0000,nan,nan,nan,-10065.7762,-1339.9805,-268.7100,-10065.7762,-1339.9805,-268.7100,12.000,1,nan,nan
8.5550,127.3833,0,-9766.9373,-1483.2996,-301.6257,nan,nan,nan,0.9597,-0.2811,0.0000,0.2811,0.9597,0.0000,-0.0000,-0.0000,1.0000,0.0000,0.0000,0.0000,172.7463,-50.5839,0.0000,-10060.0179,-1341.6661,-268.7096,nan,nan,nan,0.8932,-0.4476,-0.0431,0.0385,-0.0193,0.9991,90.000,nan,nan,nan,0.0000,0.0000,0.0000,nan,nan,nan,-10060.0179,-1341.6661,-268.7096,-10060.0179,-1341.6661,-268.7096,12.000,1,nan,nan
8.5820,127.4000,0,-9764.0582,-1484.1426,-301.6257,nan,nan,nan,0.9597,-0.2811,0.0000,0.2811,0.9597,0.0000,-0.0000,-0.0000,1.0000,0.0000,0.0000,0.0000,172.7463,-50.5839,0.0000,-10057.1864,-1342.4950,-268.7095,nan,nan,nan,0.8932,-0.4476,-0.0431,0.0385,-0.0193,0.9991,90.000,nan,nan,nan,0.0000,0.0000,0.0000,nan,nan,nan,-10057.1864,-1342.4950,-268.7095,-10057.1864,-1342.4950,-268.7095,12.000,1,nan,nan
8.6100,127.4333,0,-9758.3000,-1485.8288,-301.6257,nan,nan,nan,0.9597,-0.2811,0.0000,0.2811,0.9597,0.0000,-0.0000,-0.0000,1.0000,0.0000,0.0000,0.0000,172.7463,-50.5839,0.0000,-10051.4281,-1344.1807,-268.7092,nan,nan,nan,0.8932,-0.4476,-0.0431,0.0385,-0.0193,0.9991,90.000,nan,nan,nan,0.0000,0.0000,0.0000,nan,nan,nan,-10051.4281,-1344.1807,-268.7092,-10051.4281,-1344.1807,-268.7092,12.000,1,nan,nan
8.6390,127.4667,0,-9752.5417,-1487.5149,-301.6257,nan,nan,nan,0.9597,-0.2811,0.0000,0.2811,0.9597,0.0000,-0.0000,-0.0000,1.0000,0.0000,0.0000,0.0000,172.7463,-50.5839,0.0000,-10045.6698,-1345.8666,-268.7090,nan,nan,nan,0.8932,-0.4476,-0.0431,0.0385,-0.0193,0.9991,90.000,nan,nan,nan,0.0000,0.0000,0.0000,nan,nan,nan,-10045.6698,-1345.8666,-268.7090,-10045.6698,-1345.8666,-268.7090,12.000,1,nan,nan
8.6630,127.4833,0,-9749.6626,-1488.3580,-301.6257,nan,nan,nan,0.9597,-0.2811,0.0000,0.2811,0.9597,0.0000,-0.0000,-0.0000,1.0000,0.0000,0.0000,0.0000,172.7463,-50.5839,0.0000,-10042.8355,-1346.6964,-268.7089,nan,nan,nan,0.8932,-0.4476,-0.0431,0.0385,-0.0193,0.9991,90.000,nan,nan,nan,0.0000,0.0000,0.0000,nan,nan,nan,-10042.8355,-1346.6964,-268.7089,-10042.8355,-1346.6964,-268.7089,12.000,1,nan,nan
8.6890,127.5167,0,-9743.9044,-1490.0441,-301.6257,nan,nan,nan,0.9597,-0.2811,0.0000,0.2811,0.9597,0.0000,-0.0000,-0.0000,1.0000,0.0000,0.0000,0.0000,172.7463,-50.5839,0.0000,-10037.0772,-1348.3823,-268.7088,nan,nan,nan,0.8932,-0.4476,-0.0431,0.0385,-0.0193,0.9991,90.000,nan,nan,nan,0.0000,0.0000,0.0000,nan,nan,nan,-10037.0772,-1348.3823,-268.7088,-10037.0772,-1348.3823,-268.7088,12.000,1,nan,nan
8.7160,127.5333,0,-9741.0253,-1490.8872,-301.6257,nan,nan,nan,0.9597,-0.2811,0.0000,0.2811,0.9597,0.0000,-0.0000,-0.0000,1.0000,0.0000,0.0000,0.0000,172.7463,-50.5839,0.0000,-10034.2402,-1349.2129,-268.7087,nan,nan,nan,0.8932,-0.4476,-0.0431,0.0385,-0.0193,0.9991,90.000,nan,nan,nan,0.0000,0.0000,0.0000,nan,nan,nan,-10034.2402,-1349.2129,-268.7087,-10034.2402,-1349.2129,-268.7087,12.000,1,nan,nan
8.7440,127.5667,0,-9735.2671,-1492.5733,-301.6257,nan,nan,nan,0.9597,-0.2811,0.0000,0.2811,0.9597,0.0000,-0.0000,-0.0000,1.0000,0.0000,0.0000,0.0000,172.7463,-50.5839,0.0000,-10028.4820,-1350.8989,-268.7086,nan,nan,nan,0.8932,-0.4476,-0.0431,0.0385,-0.0193,0.9991,90.000,nan,nan,nan,0.0000,0.0000,0.0000,nan,nan,nan,-10028.4820,-1350.8989,-268.7086,-10028.4820,-1350.8989,-268.7086,12.000,1,nan,nan
8.7700,127.6000,0,-9729.5089,-1494.2594,-301.6257,nan,nan,nan,0.9597,-0.2811,0.0000,0.2811,0.9597,0.0000,-0.0000,-0.0000,1.0000,0.0000,0.0000,0.0000,172.7463,-50.5839,0.0000,-10022.7237,-1352.5849,-268.7085,nan,nan,nan,0.8932,-0.4476,-0.0431,0.0385,-0.0193,0.9991,90.000,nan,nan,nan,0.0000,0.0000,0.0000,nan,nan,nan,-10022.7237,-1352.5849,-268.7085,-10022.7237,-1352.5849,-268.7085,12.000,1,nan,nan
8.7970,127.6167,0,-9726.6298,-1495.1025,-301.6257,nan,nan,nan,0.9597,-0.2811,0.0000,0.2811,0.9597,0.0000,-0.0000,-0.0000,1.0000,0.0000,0.0000,0.0000,172.7463,-50.5839,0.0000,-10019.8841,-1353.4163,-268.7084,nan,nan,nan,0.8932,-0.4476,-0.0431,0.0385,-0.0193,0.9991,90.000,nan,nan,nan,0.0000,0.0000,0.0000,nan,nan,nan,-10019.8841,-1353.4163,-268.7084,-10019.8841,-1353.4163,-268.7084,12.000,1,nan,nan
8.8240,127.6500,0,-9720.8716,-1496.7886,-301.6257,nan,nan,nan,0.9597,-0.2811,0.0000,0.2811,0.9597,0.0000,-0.0000,-0.0000,1.0000,0.0000,0.0000,0.0000,172.7463,-50.5839,0.0000,-10014.1259,-1355.1023,-268.7084,nan,nan,nan,0.8932,-0.4476,-0.0431,0.0385,-0.0193,0.9991,90.000,nan,nan,nan,0.0000,0.0000,0.0000,nan,nan,nan,-10014.1259,-1355.1023,-268.7084,-10014.1259,-1355.1023,-268.7084,12.000,1,nan,nan
8.8500,127.6833,0,-9715.1134,-1498.4747,-301.6257,nan,nan,nan,0.9597,-0.2811,0.0000,0.2811,0.9597,0.0000,-0.0000,-0.0000,1.0000,0.0000,0.0000,0.0000,172.7463,-50.5839,0.0000,-10008.3677,-1356.7884,-268.7083,nan,nan,nan,0.8932,-0.4476,-0.0431,0.0385,-0.0193,0.9991,90.000,nan,nan,nan,0.0000,0.0000,0.0000,nan,nan,nan,-10008.3677,-1356.7884,-268.7083,-10008.3677,-1356.7884,-268.7083,12.000,1,nan,nan
8.8780,127.7000,0,-9712.2343,-1499.3178,-301.6257,nan,nan,nan,0.9597,-0.2811,0.0000,0.2811,0.9597,0.0000,-0.0000,-0.0000,1.0000,0.0000,0.0000,0.0000,172.7463,-50.5839,0.0000,-10005.5257,-1357.6205,-268.7083,nan,nan,nan,0.8932,-0.4476,-0.0431,0.0385,-0.0193,0.9991,90.000,nan,nan,nan,0.0000,0.0000,0.0000,nan,nan,nan,-10005.5257,-1357.6205,-268.7083,-10005.5257,-1357.6205,-268.7083,12.000,1,nan,nan
8.9030,127.7333,0,-9706.4761,-1501.0039,-301.6257,nan,nan,nan,0.9597,-0.2811,0.0000,0.2811,0.9597,0.0000,-0.0000,-0.0000,1.0000,0.0000,0.0000,0.0000,172.7463,-50.5839,0.0000,-9999.7675,-1359.3066,-268.7083,nan,nan,nan,0.8932,-0.4476,-0.0431,0.0385,-0.0193,0.9991,90.000,nan,nan,nan,0.0000,0.0000,0.0000,nan,nan,nan,-9999.7675,-1359.3066,-268.7083,-9999.7675,-1359.3066,-268.7083,12.000,1,nan,nan
8.9320,127.7500,0,-9703.5970,-1501.8470,-301.6257,nan,nan,nan,0.9597,-0.2811,0.0000,0.2811,0.9597,0.0000,-0.0000,-0.0000,1.0000,0.0000,0.0000,0.0000,172.7463,-50.5839,0.0000,-9996.9233,-1360.1394,-268.7082,nan,nan,nan,0.8932,-0.4476,-0.0431,0.0385,-0.0193,0.9991,90.000,nan,nan,nan,0.0000,0.0000,0.0000,nan,nan,nan,-9996.9233,-1360.1394,-268.7082,-9996.9233,-1360.1394,-268.7082,12.000,1,nan,nan
8.9560,127.7833,0,-9697.8388,-1503.5331,-301.6257,nan,nan,nan,0.9597,-0.2811,0.0000,0.2811,0.9597,0.0000,-0.0000,-0.0000,1.0000,0.0000,0.0000,0.0000,172.7463,-50.5839,0.0000,-9991.1651,-1361.8255,-268.7082,nan,nan,nan,0.8932,-0.4476,-0.0431,0.0385,-0.0193,0.9991,90.000,nan,nan,nan,0.0000,0.0000,0.0000,nan,nan,nan,-9991.1651,-1361.8255,-268.7082,-9991.1651,-1361.8255,-268.7082,12.000,1,nan,nan
8.9820,127.8000,0,-9694.9597,-1504.3762,-301.6257,nan,nan,nan,0.9597,-0.2811,0.0000,0.2811,0.9597,0.0000,-0.0000,-0.0000,1.0000,0.0000,0.0000,0.0000,172.7463,-50.5839,0.0000,-9988.3188,-1362.6589,-268.7082,nan,nan,nan,0.8932,-0.4476,-0.0431,0.0385,-0.0193,0.9991,90.000,nan,nan,nan,0.0000,0.0000,0.0000,nan,nan,nan,-9988.3188,-1362.6589,-268.7082,-9988.3188,-1362.6589,-268.7082,12.000,1,nan,nan
9.0090,127.8333,0,-9689.2014,-1506.0623,-301.6257,nan,nan,nan,0.9597,-0.2811,0.0000,0.2811,0.9597,0.0000,-0.0000,-0.0000,1.0000,0.0000,0.0000,0.0000,172.7463,-50.5839,0.0000,-9982.5606,-1364.3450,-268.7082,nan,nan,nan,0.8932,-0.4476,-0.0431,0.0385,-0.0193,0.9991,90.000,nan,nan,nan,0.0000,0.0000,0.0000,nan,nan,nan,-9982.5606,-1364.3450,-268.7082,-9982.5606,-1364.3450,-268.7082,12.000,1,nan,nan
9.0350,127.8667,0,-9683.4432,-1507.7485,-301.6257,nan,nan,nan,0.9597,-0.2811,0.0000,0.2811,0.9597,0.0000,-0.0000,-0.0000,1.0000,0.0000,0.0000,0.0000,172.7463,-50.5839,0.0000,-9976.8024,-1366.0311,-268.7082,nan,nan,nan,0.8932,-0.4476,-0.0431,0.0385,-0.0193,0.9991,90.000,nan,nan,nan,0.0000,0.0000,0.0000,nan,nan,nan,-9976.8024,-1366.0311,-268.7082,-9976.8024,-1366.0311,-268.7082,12.000,1,nan,nan
9.0620,127.8833,0,-9680.5641,-1508.5915,-301.6257,nan,nan,nan,0.9597,-0.2811,0.0000,0.2811,0.9597,0.0000,-0.0000,-0.0000,1.0000,0.0000,0.0000,0.0000,172.7463,-50.5839,0.0000,-9973.9541,-1366.8651,-268.7082,nan,nan,nan,0.8932,-0.4476,-0.0431,0.0385,-0.0193,0.9991,90.000,nan,nan,nan,0.0000,0.0000,0.0000,nan,nan,nan,-9973.9541,-1366.8651,-268.7082,-9973.9541,-1366.8651,-268.7082,12.000,1,nan,nan
9.0880,127.9167,0,-9674.8059,-1510.2776,-301.6257,nan,nan,nan,0.9597,-0.2811,0.0000,0.2811,0.9597,0.0000,-0.0000,-0.0000,1.0000,0.0000,0.0000,0.0000,172.7463,-50.5839,0.0000,-9968.1959,-1368.5512,-268.7081,nan,nan,nan,0.8932,-0.4476,-0.0431,0.0385,-0.0193,0.9991,90.000,nan,nan,nan,0.0000,0.0000,0.0000,nan,nan,nan,-9968.1959,-1368.5512,-268.7081,-9968.1959,-1368.5512,-268.7081,12.000,1,nan,nan
9.1150,127.9333,0,-9671.9268,-1511.1207,-301.6257,nan,nan,nan,0.9597,-0.2811,0.0000,0.2811,0.9597,0.0000,-0.0000,-0.0000,1.0000,0.0000,0.0000,0.0000,172.7463,-50.5839,0.0000,-9965.3457,-1369.3858,-268.7081,nan,nan,nan,0.8932,-0.4476,-0.0431,0.0385,-0.0193,0.9991,90.000,nan,nan,nan,0.0000,0.0000,0.0000,nan,nan,nan,-9965.3457,-1369.3858,-268.7081,-9965.3457,-1369.3858,-268.7081,12.000,1,nan,nan
9.1510,127.9667,0,-9666.1686,-1512.8068,-301.6257,nan,nan,nan,0.9597,-0.2811,0.0000,0.2811,0.9597,0.0000,-0.0000,-0.0000,1.0000,0.0000,0.0000,0.0000,172.7463,-50.5839,0.0000,-9959.5875,-1371.0719,-268.7081,nan,nan,nan,0.8932,-0.4476,-0.0431,0.0385,-0.0193,0.9991,90.000,nan,nan,nan,0.0000,0.0000,0.0000,nan,nan,nan,-9959.5875,-1371.0719,-268.7081,-9959.5875,-1371.0719,-268.7081,12.000,1,nan,nan
9.1760,128.0000,0,-9660.4104,-1514.4930,-301.6257,nan,nan,nan,0.9597,-0.2811,0.0000,0.2811,0.9597,0.0000,-0.0000,-0.0000,1.0000,0.0000,0.0000,0.0000,172.7463,-50.5839,0.0000,-9953.8293,-1372.7581,-268.7081,nan,nan,nan,0.8932,-0.4476,-0.0431,0.0385,-0.0193,0.9991,90.000,nan,nan,nan,0.0000,0.0000,0.0000,nan,nan,nan,-9953.8293,-1372.7581,-268.7081,-9953.8293,-1372.7581,-268.7081,12.000,1,nan,nan
9.2030,128.0333,0,-9654.6522,-1516.1791,-301.6257,nan,nan,nan,0.9597,-0.2811,0.0000,0.2811,0.9597,0.0000,-0.0000,-0.0000,1.0000,0.0000,0.0000,0.0000,172.7463,-50.5839,0.0000,-9948.0711,-1374.4442,-268.7081,nan,nan,nan,0.8932,-0.4476,-0.0431,0.0385,-0.0193,0.9991,90.000,nan,nan,nan,0.0000,0.0000,0.0000,nan,nan,nan,-9948.0711,-1374.4442,-268.7081,-9948.0711,-1374.4442,-268.7081,12.000,1,nan,nan
9.2290,128.0500,0,-9651.7731,-1517.0222,-301.6257,nan,nan,nan,0.9597,-0.2811,0.0000,0.2811,0.9597,0.0000,-0.0000,-0.0000,1.0000,0.0000,0.0000,0.0000,172.7463,-50.5839,0.0000,-9945.2192,-1375.2793,-268.7081,nan,nan,nan,0.8932,-0.4476,-0.0431,0.0385,-0.0193,0.9991,90.000,nan,nan,nan,0.0000,0.0000,0.0000,nan,nan,nan,-9945.2192,-1375.2793,-268.7081,-9945.2192,-1375.2793,-268.7081,12.000,1,nan,nan
9.2560,128.0833,0,-9646.0149,-1518.7083,-301.6257,nan,nan,nan,0.9597,-0.2811,0.0000,0.2811,0.9597,0.0000,-0.0000,-0.0000,1.0000,0.0000,0.0000,0.0000,172.7463,-50.5839,0.0000,-9939.4610,-1376.9654,-268.7081,nan,nan,nan,0.8932,-0.4476,-0.0431,0.0385,-0.0193,0.9991,90.000,nan,nan,nan,0.0000,0.0000,0.0000,nan,nan,nan,-9939.4610,-1376.9654,-268.7081,-9939.4610,-1376.9654,-268.7081,12.000,1,nan,nan
9.2830,128.1000,0,-9643.1358,-1519.5514,-301.6257,nan,nan,nan,0.9597,-0.2811,0.0000,0.2811,0.9597,0.0000,-0.0000,-0.0000,1.0000,0.0000,0.0000,0.0000,172.7463,-50.5839,0.0000,-9936.6074,-1377.8010,-268.7081,nan,nan,nan,0.8932,-0.4476,-0.0431,0.0385,-0.0193,0.9991,90.000,nan,nan,nan,0.0000,0.0000,0.0000,nan,nan,nan,-9936.6074,-1377.8010,-268.7081,-9936.6074,-1377.8010,-268.7081,12.000,1,nan,nan
9.3080,128.1333,0,-9637.3776,-1521.2375,-301.6257,nan,nan,nan,0.9597,-0.2811,0.0000,0.2811,0.9597,0.0000,-0.0000,-0.0000,1.0000,0.0000,0.0000,0.0000,172.7463,-50.5839,0.0000,-9930.8492,-1379.4871,-268.7081,nan,nan,nan,0.8932,-0.4476,-0.0431,0.0385,-0.0193,0.9991,90.000,nan,nan,nan,0.0000,0.0000,0.0000,nan,nan,nan,-9930.8492,-1379.4871,-268.7081,-9930.8492,-1379.4871,-268.7081,12.000,1,nan,nan
9.3340,128.1667,0,-9631.6193,-1522.9236,-301.6257,nan,nan,nan,0.9597,-0.2811,0.0000,0.2811,0.9597,0.0000,-0.0000,-0.0000,1.0000,0.0000,0.0000,0.0000,172.7463,-50.5839,0.0000,-9925.0910,-1381.1732,-268.7081,nan,nan,nan,0.8932,-0.4476,-0.0431,0.0385,-0.0193,0.9991,90.000,nan,nan,nan,0.0000,0.0000,0.0000,nan,nan,nan,-9925.0910,-1381.1732,-268.7081,-9925.0910,-1381.1732,-268.7081,12.000,1,nan,nan
9.3610,128.1833,0,-9628.7402,-1523.7667,-301.6257,nan,nan,nan,0.9597,-0.2811,0.0000,0.2811,0.9597,0.0000,-0.0000,-0.0000,1.0000,0.0000,0.0000,0.0000,172.7463,-50.5839,0.0000,-9922.2359,-1382.0092,-268.7081,nan,nan,nan,0.8932,-0.4476,-0.0431,0.0385,-0.0193,0.9991,90.000,nan,nan,nan,0.0000,0.0000,0.0000,nan,nan,nan,-9922.2359,-1382.0092,-268.7081,-9922.2359,-1382.0092,-268.7081,12.000,1,nan,nan
9.3880,128.2167,0,-9622.9820,-1525.4528,-301.6257,nan,nan,nan,0.9597,-0.2811,0.0000,0.2811,0.9597,0.0000,-0.0000,-0.0000,1.0000,0.0000,0.0000,0.0000,172.7463,-50.5839,0.0000,-9916.4777,-1383.6954,-268.7081,nan,nan,nan,0.8932,-0.4476,-0.0431,0.0385,-0.0193,0.9991,90.000,nan,nan,nan,0.0000,0.0000,0.0000,nan,nan,nan,-9916.4777,-1383.6954,-268.7081,-9916.4777,-1383.6954,-268.7081,12.000,1,nan,nan
9.4150,128.2333,0,-9620.1029,-1526.2959,-301.6257,nan,nan,nan,0.9597,-0.2811,0.0000,0.2811,0.9597,0.0000,-0.0000,-0.0000,1.0000,0.0000,0.0000,0.0000,172.7463,-50.5839,0.0000,-9913.6212,-1384.5318,-268.7081,nan,nan,nan,0.8932,-0.4476,-0.0431,0.0385,-0.0193,0.9991,90.000,nan,nan,nan,0.0000,0.0000,0.0000,nan,nan,nan,-9913.6212,-1384.5318,-268.7081,-9913.6212,-1384.5318,-268.7081,12.000,1,nan,nan
9.4420,128.2667,0,-9614.3447,-1527.9820,-301.6257,nan,nan,nan,0.9597,-0.2811,0.0000,0.2811,0.9597,0.0000,-0.0000,-0.0000,1.0000,0.0000,0.0000,0.0000,172.7463,-50.5839,0.0000,-9907.8630,-1386.2179,-268.7081,nan,nan,nan,0.8932,-0.4476,-0.0431,0.0385,-0.0193,0.9991,90.000,nan,nan,nan,0.0000,0.0000,0.0000,nan,nan,nan,-9907.8630,-1386.2179,-268.7081,-9907.8630,-1386.2179,-268.7081,12.000,1,nan,nan
9.4670,128.3000,0,-9608.5865,-1529.6681,-301.6257,nan,nan,nan,0.9597,-0.2811,0.0000,0.2811,0.9597,0.0000,-0.0000,-0.0000,1.0000,0.0000,0.0000,0.0000,172.7463,-50.5839,0.0000,-9902.1048,-1387.9041,-268.7081,nan,nan,nan,0.8932,-0.4476,-0.0431,0.0385,-0.0193,0.9991,90.000,nan,nan,nan,0.0000,0.0000,0.0000,nan,nan,nan,-9902.1048,-1387.9041,-268.7081,-9902.1048,-1387.9041,-268.7081,12.000,1,nan,nan
9.4930,128.3167,0,-9605.7074,-1530.5112,-301.6257,nan,nan,nan,0.9597,-0.2811,0.0000,0.2811,0.9597,0.0000,-0.0000,-0.0000,1.0000,0.0000,0.0000,0.0000,172.7463,-50.5839,0.0000,-9899.2469,-1388.7409,-268.7081,nan,nan,nan,0.8932,-0.4476,-0.0431,0.0385,-0.0193,0.9991,90.000,nan,nan,nan,0.0000,0.0000,0.0000,nan,nan,nan,-9899.2469,-1388.7409,-268.7081,-9899.2469,-1388.7409,-268.7081,12.000,1,nan,nan
9.5200,128.3500,0,-9599.9492,-1532.1973,-301.6257,nan,nan,nan,0.9597,-0.2811,0.0000,0.2811,0.9597,0.0000,-0.0000,-0.0000,1.0000,0.0000,0.0000,0.0000,172.7463,-50.5839,0.0000,-9893.4887,-1390.4271,-268.7081,nan,nan,nan,0.8932,-0.4476,-0.0431,0.0385,-0.0193,0.9991,90.000,nan,nan,nan,0.0000,0.0000,0.0000,nan,nan,nan,-9893.4887,-1390.4271,-268.7081,-9893.4887,-1390.4271,-268.7081,12.000,1,nan,nan
9.5470,128.3667,0,-9597.0701,-1533.0404,-301.6257,nan,nan,nan,0.9597,-0.2811,0.0000,0.2811,0.9597,0.0000,-0.0000,-0.0000,1.0000,0.0000,0.0000,0.0000,172.7463,-50.5839,0.0000,-9890.6295,-1391.2643,-268.7081,nan,nan,nan,0.8932,-0.4476,-0.0431,0.0385,-0.0193,0.9991,90.000,nan,nan,nan,0.0000,0.0000,0.0000,nan,nan,nan,-9890.6295,-1391.2643,-268.7081,-9890.6295,-1391.2643,-268.7081,12.000,1,nan,nan
9.5750,128.4000,0,-9591.3119,-1534.7265,-301.6257,nan,nan,nan,0.9597,-0.2811,0.0000,0.2811,0.9597,0.0000,-0.0000,-0.0000,1.0000,0.0000,0.0000,0.0000,172.7463,-50.5839,0.0000,-9884.8713,-1392.9504,-268.7081,nan,nan,nan,0.8932,-0.4476,-0.0431,0.0385,-0.0193,0.9991,90.000,nan,nan,nan,0.0000,0.0000,0.0000,nan,nan,nan,-9884.8713,-1392.9504,-268.7081,-9884.8713,-1392.9504,-268.7081,12.000,1,nan,nan
9.6000,128.4333,0,-9585.5537,-1536.4127,-301.6257,nan,nan,nan,0.9597,-0.2811,0.0000,0.2811,0.9597,0.0000,-0.0000,-0.0000,1.0000,0.0000,0.0000,0.0000,172.7463,-50.5839,0.0000,-9879.1131,-1394.6365,-268.7081,nan,nan,nan,0.8932,-0.4476,-0.0431,0.0385,-0.0193,0.9991,90.000,nan,nan,nan,0.0000,0.0000,0.0000,nan,nan,nan,-9879.1131,-1394.6365,-268.7081,-9879.1131,-1394.6365,-268.7081,12.000,1,nan,nan
9.6270,128.4500,0,-9582.6746,-1537.2557,-301.6257,nan,nan,nan,0.9597,-0.2811,0.0000,0.2811,0.9597,0.0000,-0.0000,-0.0000,1.0000,0.0000,0.0000,0.0000,172.7463,-50.5839,0.0000,-9876.2527,-1395.4741,-268.7081,nan,nan,nan,0.8932,-0.4476,-0.0431,0.0385,-0.0193,0.9991,90.000,nan,nan,nan,0.0000,0.0000,0.0000,nan,nan,nan,-9876.2527,-1395.4741,-268.7081,-9876.2527,-1395.4741,-268.7081,12.000,1,nan,nan
9.6580,128.4833,0,-9576.9164,-1538.9418,-301.6257,nan,nan,nan,0.9597,-0.2811,0.0000,0.2811,0.9597,0.0000,-0.0000,-0.0000,1.0000,0.0000,0.0000,0.0000,172.7463,-50.5839,0.0000,-9870.4945,-1397.1602,-268.7081,nan,nan,nan,0.8932,-0.4476,-0.0431,0.0385,-0.0193,0.9991,90.000,nan,nan,nan,0.0000,0.0000,0.0000,nan,nan,nan,-9870.4945,-1397.1602,-268.7081,-9870.4945,-1397.1602,-268.7081,12.000,1,nan,nan
9.6820,128.5167,0,-9571.1582,-1540.6280,-301.6257,nan,nan,nan,0.9597,-0.2811,0.0000,0.2811,0.9597,0.0000,-0.0000,-0.0000,1.0000,0.0000,0.0000,0.0000,172.7463,-50.5839,0.0000,-9864.7363,-1398.8464,-268.7081,nan,nan,nan,0.8932,-0.4476,-0.0431,0.0385,-0.0193,0.9991,90.000,nan,nan,nan,0.0000,0.0000,0.0000,nan,nan,nan,-9864.7363,-1398.8464,-268.7081,-9864.7363,-1398.8464,-268.7081,12.000,1,nan,nan
9.7090,128.5333,0,-9568.2790,-1541.4710,-301.6257,nan,nan,nan,0.9597,-0.2811,0.0000,0.2811,0.9597,0.0000,-0.0000,-0.0000,1.0000,0.0000,0.0000,0.0000,172.7463,-50.5839,0.0000,-9861.8748,-1399.6843,-268.7081,nan,nan,nan,0.8932,-0.4476,-0.0431,0.0385,-0.0193,0.9991,90.000,nan,nan,nan,0.0000,0.0000,0.0000,nan,nan,nan,-9861.8748,-1399.6843,-268.7081,-9861.8748,-1399.6843,-268.7081,12.000,1,nan,nan
9.7330,128.5667,0,-9562.5208,-1543.1572,-301.6257,nan,nan,nan,0.9597,-0.2811,0.0000,0.2811,0.9597,0.0000,-0.0000,-0.0000,1.0000,0.0000,0.0000,0.0000,172.7463,-50.5839,0.0000,-9856.1166,-1401.3704,-268.7081,nan,nan,nan,0.8932,-0.4476,-0.0431,0.0385,-0.0193,0.9991,90.000,nan,nan,nan,0.0000,0.0000,0.0000,nan,nan,nan,-9856.1166,-1401.3704,-268.7081,-9856.1166,-1401.3704,-268.7081,12.000,1,nan,nan
9.7550,128.5833,0,-9559.6417,-1544.0002,-301.6257,nan,nan,nan,0.9597,-0.2811,0.0000,0.2811,0.9597,0.0000,-0.0000,-0.0000,1.0000,0.0000,0.0000,0.0000,172.7463,-50.5839,0.0000,-9853.2541,-1402.2086,-268.7081,nan,nan,nan,0.8932,-0.4476,-0.0431,0.0385,-0.0193,0.9991,90.000,nan,nan,nan,0.0000,0.0000,0.0000,nan,nan,nan,-9853.2541,-1402.2086,-268.7081,-9853.2541,-1402.2086,-268.7081,12.000,1,nan,nan
9.7840,128.6000,0,-9556.7626,-1544.8433,-301.6257,nan,nan,nan,0.9597,-0.2811,0.0000,0.2811,0.9597,0.0000,-0.0000,-0.0000,1.0000,0.0000,0.0000,0.0000,172.7463,-50.5839,0.0000,-9850.3905,-1403.0471,-268.7081,nan,nan,nan,0.8932,-0.4476,-0.0431,0.0385,-0.0193,0.9991,90.000,nan,nan,nan,0.0000,0.0000,0.0000,nan,nan,nan,-9850.3905,-1403.0471,-268.7081,-9850.3905,-1403.0471,-268.7081,12.000,1,nan,nan
9.8110,128.6333,0,-9551.0044,-1546.5294,-301.6257,nan,nan,nan,0.9597,-0.2811,0.0000,0.2811,0.9597,0.0000,-0.0000,-0.0000,1.0000,0.0000,0.0000,0.0000,172.7463,-50.5839,0.0000,-9844.6323,-1404.7333,-268.7081,nan,nan,nan,0.8932,-0.4476,-0.0431,0.0385,-0.0193,0.9991,90.000,nan,nan,nan,0.0000,0.0000,0.0000,nan,nan,nan,-9844.6323,-1404.7333,-268.7081,-9844.6323,-1404.7333,-268.7081,12.000,1,nan,nan
9.8370,128.6667,0,-9545.2462,-1548.2156,-301.6257,nan,nan,nan,0.9597,-0.2811,0.0000,0.2811,0.9597,0.0000,-0.0000,-0.0000,1.0000,0.0000,0.0000,0.0000,172.7463,-50.5839,0.0000,-9838.8741,-1406.4194,-268.7081,nan,nan,nan,0.8932,-0.4476,-0.0431,0.0385,-0.0193,0.9991,90.000,nan,nan,nan,0.0000,0.0000,0.0000,nan,nan,nan,-9838.8741,-1406.4194,-268.7081,-9838.8741,-1406.4194,-268.7081,12.000,1,nan,nan
9.8630,128.6833,0,-9542.3671,-1549.0586,-301.6257,nan,nan,nan,0.9597,-0.2811,0.0000,0.2811,0.9597,0.0000,-0.0000,-0.0000,1.0000,0.0000,0.0000,0.0000,172.7463,-50.5839,0.0000,-9836.0096,-1407.2582,-268.7081,nan,nan,nan,0.8932,-0.4476,-0.0431,0.0385,-0.0193,0.9991,90.000,nan,nan,nan,0.0000,0.0000,0.0000,nan,nan,nan,-9836.0096,-1407.2582,-268.7081,-9836.0096,-1407.2582,-268.7081,12.000,1,nan,nan
9.8950,128.7167,0,-9536.6089,-1550.7447,-301.6257,nan,nan,nan,0.9597,-0.2811,0.0000,0.2811,0.9597,0.0000,-0.0000,-0.0000,1.0000,0.0000,0.0000,0.0000,172.7463,-50.5839,0.0000,-9830.2514,-1408.9443,-268.7081,nan,nan,nan,0.8932,-0.4476,-0.0431,0.0385,-0.0193,0.9991,90.000,nan,nan,nan,0.0000,0.0000,0.0000,nan,nan,nan,-9830.2514,-1408.9443,-268.7081,-9830.2514,-1408.9443,-268.7081,12.000,1,nan,nan
9.9230,128.7500,0,-9530.8507,-1552.4309,-301.6257,nan,nan,nan,0.9597,-0.2811,0.0000,0.2811,0.9597,0.0000,-0.0000,-0.0000,1.0000,0.0000,0.0000,0.0000,172.7463,-50.5839,0.0000,-9824.4932,-1410.6304,-268.7081,nan,nan,nan,0.8932,-0.4476,-0.0431,0.0385,-0.0193,0.9991,90.000,nan,nan,nan,0.0000,0.0000,0.0000,nan,nan,nan,-9824.4932,-1410.6304,-268.7081,-9824.4932,-1410.6304,-268.7081,12.000,1,nan,nan
9.9500,128.7667,0,-9527.9716,-1553.2739,-301.6257,nan,nan,nan,0.9597,-0.2811,0.0000,0.2811,0.9597,0.0000,-0.0000,-0.0000,1.0000,0.0000,0.0000,0.0000,172.7463,-50.5839,0.0000,-9821.6278,-1411.4695,-268.7081,nan,nan,nan,0.8932,-0.4476,-0.0431,0.0385,-0.0193,0.9991,90.000,nan,nan,nan,0.0000,0.0000,0.0000,nan,nan,nan,-9821.6278,-1411.4695,-268.7081,-9821.6278,-1411.4695,-268.7081,12.000,1,nan,nan
9.9760,128.8000,0,-9522.2134,-1554.9601,-301.6257,nan,nan,nan,0.9597,-0.2811,0.0000,0.2811,0.9597,0.0000,-0.0000,-0.0000,1.0000,0.0000,0.0000,0.0000,172.7463,-50.5839,0.0000,-9815.8696,-1413.1556,-268.7081,nan,nan,nan,0.8932,-0.4476,-0.0431,0.0385,-0.0193,0.9991,90.000,nan,nan,nan,0.0000,0.0000,0.0000,nan,nan,nan,-9815.8696,-1413.1556,-268.7081,-9815.8696,-1413.1556,-268.7081,12.000,1,nan,nan
10.0020,128.8333,0,-9516.4552,-1556.6462,-301.6257,nan,nan,nan,0.9597,-0.2811,0.0000,0.2811,0.9597,0.0000,-0.0000,-0.0000,1.0000,0.0000,0.0000,0.0000,172.7463,-50.5839,0.0000,-9810.1114,-1414.8417,-268.7081,nan,nan,nan,0.8932,-0.4476,-0.0431,0.0385,-0.0193,0.9991,90.000,nan,nan,nan,0.0000,0.0000,0.0000,nan,nan,nan,-9810.1114,-1414.8417,-268.7081,-9810.1114,-1414.8417,-268.7081,12.000,1,nan,nan
10.0280,128.8500,0,-9513.5761,-1557.4893,-301.6257,nan,nan,nan,0.9597,-0.2811,0.0000,0.2811,0.9597,0.0000,-0.0000,-0.0000,1.0000,0.0000,0.0000,0.0000,172.7463,-50.5839,0.0000,-9807.2452,-1415.6810,-268.7081,nan,nan,nan,0.8932,-0.4476,-0.0431,0.0385,-0.0193,0.9991,90.000,nan,nan,nan,0.0000,0.0000,0.0000,nan,nan,nan,-9807.2452,-1415.6810,-268.7081,-9807.2452,-1415.6810,-268.7081,12.000,1,nan,nan
10.0550,128.8833,0,-9507.8179,-1559.1754,-301.6257,nan,nan,nan,0.9597,-0.2811,0.0000,0.2811,0.9597,0.0000,-0.0000,-0.0000,1.0000,0.0000,0.0000,0.0000,172.7463,-50.5839,0.0000,-9801.4870,-1417.3672,-268.7081,nan,nan,nan,0.8932,-0.4476,-0.0431,0.0385,-0.0193,0.9991,90.000,nan,nan,nan,0.0000,0.0000,0.0000,nan,nan,nan,-9801.4870,-1417.3672,-268.7081,-9801.4870,-1417.3672,-268.7081,12.000,1,nan,nan
10.0800,128.9000,0,-9504.9387,-1560.0185,-301.6257,nan,nan,nan,0.9597,-0.2811,0.0000,0.2811,0.9597,0.0000,-0.0000,-0.0000,1.0000,0.0000,0.0000,0.0000,172.7463,-50.5839,0.0000,-9798.6200,-1418.2067,-268.7081,nan,nan,nan,0.8932,-0.4476,-0.0431,0.0385,-0.0193,0.9991,90.000,nan,nan,nan,0.0000,0.0000,0.0000,nan,nan,nan,-9798.6200,-1418.2067,-268.7081,-9798.6200,-1418.2067,-268.7081,12.000,1,nan,nan
10.1060,128.9333,0,-9499.1805,-1561.7046,-301.6257,nan,nan,nan,0.9597,-0.2811,0.0000,0.2811,0.9597,0.0000,-0.0000,-0.0000,1.0000,0.0000,0.0000,0.0000,172.7463,-50.5839,0.0000,-9792.8618,-1419.8928,-268.7081,nan,nan,nan,0.8932,-0.4476,-0.0431,0.0385,-0.0193,0.9991,90.000,nan,nan,nan,0.0000,0.0000,0.0000,nan,nan,nan,-9792.8618,-1419.8928,-268.7081,-9792.8618,-1419.8928,-268.7081,12.000,1,nan,nan
10.1320,128.9500,0,-9496.3014,-1562.5477,-301.6257,nan,nan,nan,0.9597,-0.2811,0.0000,0.2811,0.9597,0.0000,-0.0000,-0.0000,1.0000,0.0000,0.0000,0.0000,172.7463,-50.5839,0.0000,-9789.9941,-1420.7325,-268.7081,nan,nan,nan,0.8932,-0.4476,-0.0431,0.0385,-0.0193,0.9991,90.000,nan,nan,nan,0.0000,0.0000,0.0000,nan,nan,nan,-9789.9941,-1420.7325,-268.7081,-9789.9941,-1420.7325,-268.7081,12.000,1,nan,nan
10.1590,128.9833,0,-9490.5432,-1564.2338,-301.6257,nan,nan,nan,0.9597,-0.2811,0.0000,0.2811,0.9597,0.0000,-0.0000,-0.0000,1.0000,0.0000,0.0000,0.0000,172.7463,-50.5839,0.0000,-9784.2359,-1422.4186,-268.7081,nan,nan,nan,0.8932,-0.4476,-0.0431,0.0385,-0.0193,0.9991,90.000,nan,nan,nan,0.0000,0.0000,0.0000,nan,nan,nan,-9784.2359,-1422.4186,-268.7081,-9784.2359,-1422.4186,-268.7081,12.000,1,nan,nan
10.1870,129.0167,0,-9484.7850,-1565.9199,-301.6257,nan,nan,nan,0.9597,-0.2811,0.0000,0.2811,0.9597,0.0000,-0.0000,-0.0000,1.0000,0.0000,0.0000,0.0000,172.7463,-50.5839,0.0000,-9778.4777,-1424.1048,-268.7081,nan,nan,nan,0.8932,-0.4476,-0.0431,0.0385,-0.0193,0.9991,90.000,nan,nan,nan,0.0000,0.0000,0.0000,nan,nan,nan,-9778.4777,-1424.1048,-268.7081,-9778.4777,-1424.1048,-268.7081,12.000,1,nan,nan
10.2130,129.0333,0,-9481.9059,-1566.7630,-301.6257,nan,nan,nan,0.9597,-0.2811,0.0000,0.2811,0.9597,0.0000,-0.0000,-0.0000,1.0000,0.0000,0.0000,0.0000,172.7463,-50.5839,0.0000,-9775.6093,-1424.9447,-268.7081,nan,nan,nan,0.8932,-0.4476,-0.0431,0.0385,-0.0193,0.9991,90.000,nan,nan,nan,0.0000,0.0000,0.0000,nan,nan,nan,-9775.6093,-1424.9447,-268.7081,-9775.6093,-1424.9447,-268.7081,12.000,1,nan,nan
10.2400,129.0667,0,-9476.1477,-1568.4491,-301.6257,nan,nan,nan,0.9597,-0.2811,0.0000,0.2811,0.9597,0.0000,-0.0000,-0.0000,1.0000,0.0000,0.0000,0.0000,172.7463,-50.5839,0.0000,-9769.8511,-1426.6308,-268.7081,nan,nan,nan,0.8932,-0.4476,-0.0431,0.0385,-0.0193,0.9991,90.000,nan,nan,nan,0.0000,0.0000,0.0000,nan,nan,nan,-9769.8511,-1426.6308,-268.7081,-9769.8511,-1426.6308,-268.7081,12.000,1,nan,nan
10.2660,129.0833,0,-9473.2686,-1569.2922,-301.6257,nan,nan,nan,0.9597,-0.2811,0.0000,0.2811,0.9597,0.0000,-0.0000,-0.0000,1.0000,0.0000,0.0000,0.0000,172.7463,-50.5839,0.0000,-9766.9821,-1427.4709,-268.7081,nan,nan,nan,0.8932,-0.4476,-0.0431,0.0385,-0.0193,0.9991,90.000,nan,nan,nan,0.0000,0.0000,0.0000,nan,nan,nan,-9766.9821,-1427.4709,-268.7081,-9766.9821,-1427.4709,-268.7081,12.000,1,nan,nan
10.2910,129.1167,0,-9467.5104,-1570.9783,-301.6257,nan,nan,nan,0.9597,-0.2811,0.0000,0.2811,0.9597,0.0000,-0.0000,-0.0000,1.0000,0.0000,0.0000,0.0000,172.7463,-50.5839,0.0000,-9761.2238,-1429.1571,-268.7081,nan,nan,nan,0.8932,-0.4476,-0.0431,0.0385,-0.0193,0.9991,90.000,nan,nan,nan,0.0000,0.0000,0.0000,nan,nan,nan,-9761.2238,-1429.1571,-268.7081,-9761.2238,-1429.1571,-268.7081,12.000,1,nan,nan
10.3180,129.1500,0,-9461.7522,-1572.6644,-301.6257,nan,nan,nan,0.9597,-0.2811,0.0000,0.2811,0.9597,0.0000,-0.0000,-0.0000,1.0000,0.0000,0.0000,0.0000,172.7463,-50.5839,0.0000,-9755.4656,-1430.8432,-268.7081,nan,nan,nan,0.8932,-0.4476,-0.0431,0.0385,-0.0193,0.9991,90.000,nan,nan,nan,0.0000,0.0000,0.0000,nan,nan,nan,-9755.4656,-1430.8432,-268.7081,-9755.4656,-1430.8432,-268.7081,12.000,1,nan,nan
10.3440,129.1667,0,-9458.8731,-1573.5075,-301.6257,nan,nan,nan,0.9597,-0.2811,0.0000,0.2811,0.9597,0.0000,-0.0000,-0.0000,1.0000,0.0000,0.0000,0.0000,172.7463,-50.5839,0.0000,-9752.5960,-1431.6835,-268.7081,nan,nan,nan,0.8932,-0.4476,-0.0431,0.0385,-0.0193,0.9991,90.000,nan,nan,nan,0.0000,0.0000,0.0000,nan,nan,nan,-9752.5960,-1431.6835,-268.7081,-9752.5960,-1431.6835,-268.7081,12.000,1,nan,nan
10.3710,129.2000,0,-9453.1149,-1575.1936,-301.6257,nan,nan,nan,0.9597,-0.2811,0.0000,0.2811,0.9597,0.0000,-0.0000,-0.0000,1.0000,0.0000,0.0000,0.0000,172.7463,-50.5839,0.0000,-9746.8378,-1433.3696,-268.7081,nan,nan,nan,0.8932,-0.4476,-0.0431,0.0385,-0.0193,0.9991,90.000,nan,nan,nan,0.0000,0.0000,0.0000,nan,nan,nan,-9746.8378,-1433.3696,-268.7081,-9746.8378,-1433.3696,-268.7081,12.000,1,nan,nan
10.3970,129.2167,0,-9450.2358,-1576.0367,-301.6257,nan,nan,nan,0.9597,-0.2811,0.0000,0.2811,0.9597,0.0000,-0.0000,-0.0000,1.0000,0.0000,0.0000,0.0000,172.7463,-50.5839,0.0000,-9743.9676,-1434.2101,-268.7081,nan,nan,nan,0.8932,-0.4476,-0.0431,0.0385,-0.0193,0.9991,90.000,nan,nan,nan,0.0000,0.0000,0.0000,nan,nan,nan,-9743.9676,-1434.2101,-268.7081,-9743.9676,-1434.2101,-268.7081,12.000,1,nan,nan
10.4230,129.2500,0,-9444.4776,-1577.7228,-301.6257,nan,nan,nan,0.9597,-0.2811,0.0000,0.2811,0.9597,0.0000,-0.0000,-0.0000,1.0000,0.0000,0.0000,0.0000,172.7463,-50.5839,0.0000,-9738.2094,-1435.8962,-268.7081,nan,nan,nan,0.8932,-0.4476,-0.0431,0.0385,-0.0193,0.9991,90.000,nan,nan,nan,0.0000,0.0000,0.0000,nan,nan,nan,-9738.2094,-1435.8962,-268.7081,-9738.2094,-1435.8962,-268.7081,12.000,1,nan,nan
10.4490,129.2667,0,-9441.5984,-1578.5659,-301.6257,nan,nan,nan,0.9597,-0.2811,0.0000,0.2811,0.9597,0.0000,-0.0000,-0.0000,1.0000,0.0000,0.0000,0.0000,172.7463,-50.5839,0.0000,-9735.3386,-1436.7368,-268.7081,nan,nan,nan,0.8932,-0.4476,-0.0431,0.0385,-0.0193,0.9991,90.000,nan,nan,nan,0.0000,0.0000,0.0000,nan,nan,nan,-9735.3386,-1436.7368,-268.7081,-9735.3386,-1436.7368,-268.7081,12.000,1,nan,nan
10.4750,129.3000,0,-9435.8402,-1580.2520,-301.6257,nan,nan,nan,0.9597,-0.2811,0.0000,0.2811,0.9597,0.0000,-0.0000,-0.0000,1.0000,0.0000,0.0000,0.0000,172.7463,-50.5839,0.0000,-9729.5804,-1438.4230,-268.7081,nan,nan,nan,0.8932,-0.4476,-0.0431,0.0385,-0.0193,0.9991,90.000,nan,nan,nan,0.0000,0.0000,0.0000,nan,nan,nan,-9729.5804,-1438.4230,-268.7081,-9729.5804,-1438.4230,-268.7081,12.000,1,nan,nan
10.5010,129.3333,0,-9430.0820,-1581.9381,-301.6257,nan,nan,nan,0.9597,-0.2811,0.0000,0.2811,0.9597,0.0000,-0.0000,-0.0000,1.0000,0.0000,0.0000,0.0000,172.7463,-50.5839,0.0000,-9723.8222,-1440.1091,-268.7081,nan,nan,nan,0.8932,-0.4476,-0.0431,0.0385,-0.0193,0.9991,90.000,nan,nan,nan,0.0000,0.0000,0.0000,nan,nan,nan,-9723.8222,-1440.1091,-268.7081,-9723.8222,-1440.1091,-268.7081,12.000,1,nan,nan
10.5270,129.3500,0,-9427.2029,-1582.7812,-301.6257,nan,nan,nan,0.9597,-0.2811,0.0000,0.2811,0.9597,0.0000,-0.0000,-0.0000,1.0000,0.0000,0.0000,0.0000,172.7463,-50.5839,0.0000,-9720.9510,-1440.9499,-268.7081,nan,nan,nan,0.8932,-0.4476,-0.0431,0.0385,-0.0193,0.9991,90.000,nan,nan,nan,0.0000,0.0000,0.0000,nan,nan,nan,-9720.9510,-1440.9499,-268.7081,-9720.9510,-1440.9499,-268.7081,12.000,1,nan,nan
10.5540,129.3833,0,-9421.4447,-1584.4673,-301.6257,nan,nan,nan,0.9597,-0.2811,0.0000,0.2811,0.9597,0.0000,-0.0000,-0.0000,1.0000,0.0000,0.0000,0.0000,172.7463,-50.5839,0.0000,-9715.1928,-1442.6360,-268.7081,nan,nan,nan,0.8932,-0.4476,-0.0431,0.0385,-0.0193,0.9991,90.000,nan,nan,nan,0.0000,0.0000,0.0000,nan,nan,nan,-9715.1928,-1442.6360,-268.7081,-9715.1928,-1442.6360,-268.7081,12.000,1,nan,nan
10.5800,129.4000,0,-9418.5656,-1585.3104,-301.6257,nan,nan,nan,0.9597,-0.2811,0.0000,0.2811,0.9597,0.0000,-0.0000,-0.0000,1.0000,0.0000,0.0000,0.0000,172.7463,-50.5839,0.0000,-9712.3210,-1443.4769,-268.7081,nan,nan,nan,0.8932,-0.4476,-0.0431,0.0385,-0.0193,0.9991,90.000,nan,nan,nan,0.0000,0.0000,0.0000,nan,nan,nan,-9712.3210,-1443.4769,-268.7081,-9712.3210,-1443.4769,-268.7081,12.000,1,nan,nan
10.6060,129.4333,0,-9412.8074,-1586.9965,-301.6257,nan,nan,nan,0.9597,-0.2811,0.0000,0.2811,0.9597,0.0000,-0.0000,-0.0000,1.0000,0.0000,0.0000,0.0000,172.7463,-50.5839,0.0000,-9706.5628,-1445.1630,-268.7081,nan,nan,nan,0.8932,-0.4476,-0.0431,0.0385,-0.0193,0.9991,90.000,nan,nan,nan,0.0000,0.0000,0.0000,nan,nan,nan,-9706.5628,-1445.1630,-268.7081,-9706.5628,-1445.1630,-268.7081,12.000,1,nan,nan
10.6340,129.4500,0,-9409.9283,-1587.8396,-301.6257,nan,nan,nan,0.9597,-0.2811,0.0000,0.2811,0.9597,0.0000,-0.0000,-0.0000,1.0000,0.0000,0.0000,0.0000,172.7463,-50.5839,0.0000,-9703.6907,-1446.0040,-268.7081,nan,nan,nan,0.8932,-0.4476,-0.0431,0.0385,-0.0193,0.9991,90.000,nan,nan,nan,0.0000,0.0000,0.0000,nan,nan,nan,-9703.6907,-1446.0040,-268.7081,-9703.6907,-1446.0040,-268.7081,12.000,1,nan,nan
10.6590,129.4833,0,-9404.1701,-1589.5257,-301.6257,nan,nan,nan,0.9597,-0.2811,0.0000,0.2811,0.9597,0.0000,-0.0000,-0.0000,1.0000,0.0000,0.0000,0.0000,172.7463,-50.5839,0.0000,-9697.9325,-1447.6902,-268.7081,nan,nan,nan,0.8932,-0.4476,-0.0431,0.0385,-0.0193,0.9991,90.000,nan,nan,nan,0.0000,0.0000,0.0000,nan,nan,nan,-9697.9325,-1447.6902,-268.7081,-9697.9325,-1447.6902,-268.7081,12.000,1,nan,nan
10.6860,129.5167,0,-9398.4119,-1591.2118,-301.6257,nan,nan,nan,0.9597,-0.2811,0.0000,0.2811,0.9597,0.0000,-0.0000,-0.0000,1.0000,0.0000,0.0000,0.0000,172.7463,-50.5839,0.0000,-9692.1742,-1449.3763,-268.7081,nan,nan,nan,0.8932,-0.4476,-0.0431,0.0385,-0.0193,0.9991,90.000,nan,nan,nan,0.0000,0.0000,0.0000,nan,nan,nan,-9692.1742,-1449.3763,-268.7081,-9692.1742,-1449.3763,-268.7081,12.000,1,nan,nan
10.7120,129.5333,0,-9395.5328,-1592.0549,-301.6257,nan,nan,nan,0.9597,-0.2811,0.0000,0.2811,0.9597,0.0000,-0.0000,-0.0000,1.0000,0.0000,0.0000,0.0000,172.7463,-50.5839,0.0000,-9689.3017,-1450.2175,-268.7081,nan,nan,nan,0.8932,-0.4476,-0.0431,0.0385,-0.0193,0.9991,90.000,nan,nan,nan,0.0000,0.0000,0.0000,nan,nan,nan,-9689.3017,-1450.2175,-268.7081,-9689.3017,-1450.2175,-268.7081,12.000,1,nan,nan
10.7380,129.5667,0,-9389.7746,-1593.7410,-301.6257,nan,nan,nan,0.9597,-0.2811,0.0000,0.2811,0.9597,0.0000,-0.0000,-0.0000,1.0000,0.0000,0.0000,0.0000,172.7463,-50.5839,0.0000,-9683.5435,-1451.9036,-268.7081,nan,nan,nan,0.8932,-0.4476,-0.0431,0.0385,-0.0193,0.9991,90.000,nan,nan,nan,0.0000,0.0000,0.0000,nan,nan,nan,-9683.5435,-1451.9036,-268.7081,-9683.5435,-1451.9036,-268.7081,12.000,1,nan,nan
10.7640,129.5833,0,-9386.8955,-1594.5841,-301.6257,nan,nan,nan,0.9597,-0.2811,0.0000,0.2811,0.9597,0.0000,-0.0000,-0.0000,1.0000,0.0000,0.0000,0.0000,172.7463,-50.5839,0.0000,-9680.6705,-1452.7449,-268.7081,nan,nan,nan,0.8932,-0.4476,-0.0431,0.0385,-0.0193,0.9991,90.000,nan,nan,nan,0.0000,0.0000,0.0000,nan,nan,nan,-9680.6705,-1452.7449,-268.7081,-9680.6705,-1452.7449,-268.7081,12.000,1,nan,nan
10.7900,129.6167,0,-9386.8955,-1594.5841,-301.6257,nan,nan,nan,0.9597,-0.2811,0.0000,0.2811,0.9597,0.0000,-0.0000,-0.0000,1.0000,0.0000,0.0000,0.0000,138.1970,-40.4671,0.0000,-9676.4607,-1453.9776,-268.7081,nan,nan,nan,0.8932,-0.4476,-0.0431,0.0385,-0.0193,0.9991,90.000,nan,nan,nan,0.0000,0.0000,0.0000,nan,nan,nan,-9676.4607,-1453.9776,-268.7081,-9676.4607,-1453.9776,-268.7081,12.000,0,nan,nan
10.8180,129.6333,0,-9386.8955,-1594.5841,-301.6257,nan,nan,nan,0.9597,-0.2811,0.0000,0.2811,0.9597,0.0000,-0.0000,-0.0000,1.0000,0.0000,0.0000,0.0000,96.7379,-28.3270,0.0000,-9674.7606,-1454.4754,-268.7081,nan,nan,nan,0.8932,-0.4476,-0.0431,0.0385,-0.0193,0.9991,90.000,nan,nan,nan,0.0000,0.0000,0.0000,nan,nan,nan,-9674.7606,-1454.4754,-268.7081,-9674.7606,-1454.4754,-268.7081,12.000,0,nan,nan
10.8400,129.6667,0,-9386.8955,-1594.5841,-301.6257,nan,nan,nan,0.9597,-0.2811,0.0000,0.2811,0.9597,0.0000,-0.0000,-0.0000,1.0000,0.0000,0.0000,0.0000,53.8968,-15.7822,0.0000,-9671.6790,-1455.3778,-268.7081,nan,nan,nan,0.8932,-0.4476,-0.0431,0.0385,-0.0193,0.9991,90.000,nan,nan,nan,0.0000,0.0000,0.0000,nan,nan,nan,-9671.6790,-1455.3778,-268.7081,-9671.6790,-1455.3778,-268.7081,12.000,0,nan,nan
10.8650,129.6833,0,-9386.8955,-1594.5841,-301.6257,nan,nan,nan,0.9597,-0.2811,0.0000,0.2811,0.9597,0.0000,-0.0000,-0.0000,1.0000,0.0000,0.0000,0.0000,10.7794,-3.1564,0.0000,-9670.4198,-1455.7465,-268.7081,nan,nan,nan,0.8932,-0.4476,-0.0431,0.0385,-0.0193,0.9991,90.000,nan,nan,nan,0.0000,0.0000,0.0000,nan,nan,nan,-9670.4198,-1455.7465,-268.7081,-9670.4198,-1455.7465,-268.7081,12.000,0,nan,nan
10.8910,129.7167,0,-9386.8955,-1594.5841,-301.6257,nan,nan,nan,0.9597,-0.2811,0.0000,0.2811,0.9597,0.0000,-0.0000,-0.0000,1.0000,0.0000,0.0000,0.0000,2.1559,-0.6313,0.0000,-9668.1259,-1456.4182,-268.7081,nan,nan,nan,0.8932,-0.4476,-0.0431,0.0385,-0.0193,0.9991,90.000,nan,nan,nan,0.0000,0.0000,0.0000,nan,nan,nan,-9668.1259,-1456.4182,-268.7081,-9668.1259,-1456.4182,-268.7081,12.000,0,nan,nan
10.9170,129.7500,0,-9386.8955,-1594.5841,-301.6257,nan,nan,nan,0.9597,-0.2811,0.0000,0.2811,0.9597,0.0000,-0.0000,-0.0000,1.0000,0.0000,0.0000,0.0000,0.4312,-0.1263,0.0000,-9666.2314,-1456.9729,-268.7081,nan,nan,nan,0.8932,-0.4476,-0.0431,0.0385,-0.0193,0.9991,90.000,nan,nan,nan,0.0000,0.0000,0.0000,nan,nan,nan,-9666.2314,-1456.9729,-268.7081,-9666.2314,-1456.9729,-268.7081,12.000,0,nan,nan
10.9440,129.7667,0,-9386.8955,-1594.5841,-301.6257,nan,nan,nan,0.9597,-0.2811,0.0000,0.2811,0.9597,0.0000,-0.0000,-0.0000,1.0000,0.0000,0.0000,0.0000,0.0862,-0.0253,0.0000,-9665.4440,-1457.2035,-268.7081,nan,nan,nan,0.8932,-0.4476,-0.0431,0.0385,-0.0193,0.9991,90.000,nan,nan,nan,0.0000,0.0000,0.0000,nan,nan,nan,-9665.4440,-1457.2035,-268.7081,-9665.4440,-1457.2035,-268.7081,12.000,0,nan,nan
10.9710,129.8000,0,-9386.8955,-1594.5841,-301.6257,nan,nan,nan,0.9597,-0.2811,0.0000,0.2811,0.9597,0.0000,-0.0000,-0.0000,1.0000,0.0000,0.0000,0.0000,0.0172,-0.0051,0.0000,-9663.9990,-1457.6266,-268.7081,nan,nan,nan,0.8932,-0.4476,-0.0431,0.0385,-0.0193,0.9991,90.000,nan,nan,nan,0.0000,0.0000,0.0000,nan,nan,nan,-9663.9990,-1457.6266,-268.7081,-9663.9990,-1457.6266,-268.7081,12.000,0,nan,nan
10.9960,129.8167,0,-9386.8955,-1594.5841,-301.6257,nan,nan,nan,0.9597,-0.2811,0.0000,0.2811,0.9597,0.0000,-0.0000,-0.0000,1.0000,0.0000,0.0000,0.0000,0.0034,-0.0010,0.0000,-9663.3932,-1457.8040,-268.7081,nan,nan,nan,0.8932,-0.4476,-0.0431,0.0385,-0.0193,0.9991,90.000,nan,nan,nan,0.0000,0.0000,0.0000,nan,nan,nan,-9663.3932,-1457.8040,-268.7081,-9663.3932,-1457.8040,-268.7081,12.000,0,nan,nan
11.0210,129.8500,0,-9386.8955,-1594.5841,-301.6257,nan,nan,nan,0.9597,-0.2811,0.0000,0.2811,0.9597,0.0000,-0.0000,-0.0000,1.0000,0.0000,0.0000,0.0000,0.0007,-0.0002,0.0000,-9662.2772,-1458.1308,-268.7081,nan,nan,nan,0.8932,-0.4476,-0.0431,0.0385,-0.0193,0.9991,90.000,nan,nan,nan,0.0000,0.0000,0.0000,nan,nan,nan,-9662.2772,-1458.1308,-268.7081,-9662.2772,-1458.1308,-268.7081,12.000,0,nan,nan
11.0480,129.8667,0,-9386.8955,-1594.5841,-301.6257,nan,nan,nan,0.9597,-0.2811,0.0000,0.2811,0.9597,0.0000,-0.0000,-0.0000,1.0000,0.0000,0.0000,0.0000,0.0001,-0.0000,0.0000,-9661.8055,-1458.2689,-268.7081,nan,nan,nan,0.8932,-0.4476,-0.0431,0.0385,-0.0193,0.9991,90.000,nan,nan,nan,0.0000,0.0000,0.0000,nan,nan,nan,-9661.8055,-1458.2689,-268.7081,-9661.8055,-1458.2689,-268.7081,12.000,0,nan,nan
11.0760,129.9000,0,-9386.8955,-1594.5841,-301.6257,nan,nan,nan,0.9597,-0.2811,0.0000,0.2811,0.9597,0.0000,-0.0000,-0.0000,1.0000,0.0000,0.0000,0.0000,0.0000,-0.0000,0.0000,-9660.9337,-1458.5242,-268.7081,nan,nan,nan,0.8932,-0.4476,-0.0431,0.0385,-0.0193,0.9991,90.000,nan,nan,nan,0.0000,0.0000,0.0000,nan,nan,nan,-9660.9337,-1458.5242,-268.7081,-9660.9337,-1458.5242,-268.7081,12.000,0,nan,nan
11.1010,129.9333,0,-9386.8955,-1594.5841,-301.6257,nan,nan,nan,0.9597,-0.2811,0.0000,0.2811,0.9597,0.0000,-0.0000,-0.0000,1.0000,0.0000,0.0000,0.0000,0.0000,-0.0000,0.0000,-9660.1913,-1458.7416,-268.7081,nan,nan,nan,0.8932,-0.4476,-0.0431,0.0385,-0.0193,0.9991,90.000,nan,nan,nan,0.0000,0.0000,0.0000,nan,nan,nan,-9660.1913,-1458.7416,-268.7081,-9660.1913,-1458.7416,-268.7081,12.000,0,nan,nan
11.1250,129.9500,0,-9386.8955,-1594.5841,-301.6257,nan,nan,nan,0.9597,-0.2811,0.0000,0.2811,0.9597,0.0000,-0.0000,-0.0000,1.0000,0.0000,0.0000,0.0000,0.0000,-0.0000,0.0000,-9659.8739,-1458.8346,-268.7081,nan,nan,nan,0.8932,-0.4476,-0.0431,0.0385,-0.0193,0.9991,90.000,nan,nan,nan,0.0000,0.0000,0.0000,nan,nan,nan,-9659.8739,-1458.8346,-268.7081,-9659.8739,-1458.8346,-268.7081,12.000,0,nan,nan
11.1520,129.9833,0,-9386.8955,-1594.5841,-301.6257,nan,nan,nan,0.9597,-0.2811,0.0000,0.2811,0.9597,0.0000,-0.0000,-0.0000,1.0000,0.0000,0.0000,0.0000,0.0000,-0.0000,0.0000,-9659.2840,-1459.0073,-268.7081,nan,nan,nan,0.8932,-0.4476,-0.0431,0.0385,-0.0193,0.9991,90.000,nan,nan,nan,0.0000,0.0000,0.0000,nan,nan,nan,-9659.2840,-1459.0073,-268.7081,-9659.2840,-1459.0073,-268.7081,12.000,0,nan,nan
11.1780,130.0000,0,-9386.8955,-1594.5841,-301.6257,nan,nan,nan,0.9597,-0.2811,0.0000,0.2811,0.9597,0.0000,-0.0000,-0.0000,1.0000,0.0000,0.0000,0.0000,0.0000,-0.0000,0.0000,-9659.0301,-1459.0816,-268.7081,nan,nan,nan,0.8932,-0.4476,-0.0431,0.0385,-0.0193,0.9991,90.000,nan,nan,nan,0.0000,0.0000,0.0000,nan,nan,nan,-9659.0301,-1459.0816,-268.7081,-9659.0301,-1459.0816,-268.7081,12.000,0,nan,nan
11.2030,130.0333,0,-9386.8955,-1594.5841,-301.6257,nan,nan,nan,0.9597,-0.2811,0.0000,0.2811,0.9597,0.0000,-0.0000,-0.0000,1.0000,0.0000,0.0000,0.0000,0.0000,-0.0000,0.0000,-9658.5571,-1459.2201,-268.7081,nan,nan,nan,0.8932,-0.4476,-0.0431,0.0385,-0.0193,0.9991,90.000,nan,nan,nan,0.0000,0.0000,0.0000,nan,nan,nan,-9658.5571,-1459.2201,-268.7081,-9658.5571,-1459.2201,-268.7081,12.000,0,nan,nan
11.2290,130.0500,0,-9386.8955,-1594.5841,-301.6257,nan,nan,nan,0.9597,-0.2811,0.0000,0.2811,0.9597,0.0000,-0.0000,-0.0000,1.0000,0.0000,0.0000,0.0000,0.0000,-0.0000,0.0000,-9658.3524,-1459.2801,-268.7081,nan,nan,nan,0.8932,-0.4476,-0.0431,0.0385,-0.0193,0.9991,90.000,nan,nan,nan,0.0000,0.0000,0.0000,nan,nan,nan,-9658.3524,-1459.2801,-268.7081,-9658.3524,-1459.2801,-268.7081,12.000,0,nan,nan
11.2560,130.0833,0,-9386.8955,-1594.5841,-301.6257,nan,nan,nan,0.9597,-0.2811,0.0000,0.2811,0.9597,0.0000,-0.0000,-0.0000,1.0000,0.0000,0.0000,0.0000,0.0000,-0.0000,0.0000,-9657.9700,-1459.3921,-268.7081,nan,nan,nan,0.8932,-0.4476,-0.0431,0.0385,-0.0193,0.9991,90.000,nan,nan,nan,0.0000,0.0000,0.0000,nan,nan,nan,-9657.9700,-1459.3921,-268.7081,-9657.9700,-1459.3921,-268.7081,12.000,0,nan,nan
11.2820,130.1000,0,-9386.8955,-1594.5841,-301.6257,nan,nan,nan,0.9597,-0.2811,0.0000,0.2811,0.9597,0.0000,-0.0000,-0.0000,1.0000,0.0000,0.0000,0.0000,0.0000,-0.0000,0.0000,-9657.8036,-1459.4408,-268.7081,nan,nan,nan,0.8932,-0.4476,-0.0431,0.0385,-0.0193,0.9991,90.000,nan,nan,nan,0.0000,0.0000,0.0000,nan,nan,nan,-9657.8036,-1459.4408,-268.7081,-9657.8036,-1459.4408,-268.7081,12.000,0,nan,nan
11.3070,130.1333,0,-9386.8955,-1594.5841,-301.6257,nan,nan,nan,0.9597,-0.2811,0.0000,0.2811,0.9597,0.0000,-0.0000,-0.0000,1.0000,0.0000,0.0000,0.0000,0.0000,-0.0000,0.0000,-9657.4919,-1459.5320,-268.7081,nan,nan,nan,0.8932,-0.4476,-0.0431,0.0385,-0.0193,0.9991,90.000,nan,nan,nan,0.0000,0.0000,0.0000,nan,nan,nan,-9657.4919,-1459.5320,-268.7081,-9657.4919,-1459.5320,-268.7081,12.000,0,nan,nan
11.3330,130.1667,0,-9386.8955,-1594.5841,-301.6257,nan,nan,nan,0.9597,-0.2811,0.0000,0.2811,0.9597,0.0000,-0.0000,-0.0000,1.0000,0.0000,0.0000,0.0000,0.0000,-0.0000,0.0000,-9657.2194,-1459.6118,-268.7081,nan,nan,nan,0.8932,-0.4476,-0.0431,0.0385,-0.0193,0.9991,90.000,nan,nan,nan,0.0000,0.0000,0.0000,nan,nan,nan,-9657.2194,-1459.6118,-268.7081,-9657.2194,-1459.6118,-268.7081,12.000,0,nan,nan
11.3600,130.1833,0,-9386.8955,-1594.5841,-301.6257,nan,nan,nan,0.9597,-0.2811,0.0000,0.2811,0.9597,0.0000,-0.0000,-0.0000,1.0000,0.0000,0.0000,0.0000,0.0000,-0.0000,0.0000,-9657.0999,-1459.6468,-268.7081,nan,nan,nan,0.8932,-0.4476,-0.0431,0.0385,-0.0193,0.9991,90.000,nan,nan,nan,0.0000,0.0000,0.0000,nan,nan,nan,-9657.0999,-1459.6468,-268.7081,-9657.0999,-1459.6468,-268.7081,12.000,0,nan,nan
11.3860,130.2167,0,-9386.8955,-1594.5841,-301.6257,nan,nan,nan,0.9597,-0.2811,0.0000,0.2811,0.9597,0.0000,-0.0000,-0.0000,1.0000,0.0000,0.0000,0.0000,0.0000,-0.0000,0.0000,-9656.8752,-1459.7126,-268.7081,nan,nan,nan,0.8932,-0.4476,-0.0431,0.0385,-0.0193,0.9991,90.000,nan,nan,nan,0.0000,0.0000,0.0000,nan,nan,nan,-9656.8752,-1459.7126,-268.7081,-9656.8752,-1459.7126,-268.7081,12.000,0,nan,nan
11.4130,130.2333,0,-9386.8955,-1594.5841,-301.6257,nan,nan,nan,0.9597,-0.2811,0.0000,0.2811,0.9597,0.0000,-0.0000,-0.0000,1.0000,0.0000,0.0000,0.0000,0.0000,-0.0000,0.0000,-9656.7762,-1459.7416,-268.7081,nan,nan,nan,0.8932,-0.4476,-0.0431,0.0385,-0.0193,0.9991,90.000,nan,nan,nan,0.0000,0.0000,0.0000,nan,nan,nan,-9656.7762,-1459.7416,-268.7081,-9656.7762,-1459.7416,-268.7081,12.000,0,nan,nan
11.4380,130.2667,0,-9386.8955,-1594.5841,-301.6257,nan,nan,nan,0.9597,-0.2811,0.0000,0.2811,0.9597,0.0000,-0.0000,-0.0000,1.0000,0.0000,0.0000,0.0000,0.0000,-0.0000,0.0000,-9656.5898,-1459.7962,-268.7081,nan,nan,nan,0.8932,-0.4476,-0.0431,0.0385,-0.0193,0.9991,90.000,nan,nan,nan,0.0000,0.0000,0.0000,nan,nan,nan,-9656.5898,-1459.7962,-268.7081,-9656.5898,-1459.7962,-268.7081,12.000,0,nan,nan
11.4650,130.2833,0,-9386.8955,-1594.5841,-301.6257,nan,nan,nan,0.9597,-0.2811,0.0000,0.2811,0.9597,0.0000,-0.0000,-0.0000,1.0000,0.0000,0.0000,0.0000,0.0000,-0.0000,0.0000,-9656.5074,-1459.8203,-268.7081,nan,nan,nan,0.8932,-0.4476,-0.0431,0.0385,-0.0193,0.9991,90.000,nan,nan,nan,0.0000,0.0000,0.0000,nan,nan,nan,-9656.5074,-1459.8203,-268.7081,-9656.5074,-1459.8203,-268.7081,12.000,0,nan,nan
11.4910,130.3167,0,-9386.8955,-1594.5841,-301.6257,nan,nan,nan,0.9597,-0.2811,0.0000,0.2811,0.9597,0.0000,-0.0000,-0.0000,1.0000,0.0000,0.0000,0.0000,0.0000,-0.0000,0.0000,-9656.3518,-1459.8659,-268.7081,nan,nan,nan,0.8932,-0.4476,-0.0431,0.0385,-0.0193,0.9991,90.000,nan,nan,nan,0.0000,0.0000,0.0000,nan,nan,nan,-9656.3518,-1459.8659,-268.7081,-9656.3518,-1459.8659,-268.7081,12.000,0,nan,nan
11.5160,130.3500,0,-9386.8955,-1594.5841,-301.6257,nan,nan,nan,0.9597,-0.2811,0.0000,0.2811,0.9597,0.0000,-0.0000,-0.0000,1.0000,0.0000,0.0000,0.0000,0.0000,-0.0000,0.0000,-9656.2137,-1459.9063,-268.7081,nan,nan,nan,0.8932,-0.4476,-0.0431,0.0385,-0.0193,0.9991,90.000,nan,nan,nan,0.0000,0.0000,0.0000,nan,nan,nan,-9656.2137,-1459.9063,-268.7081,-9656.2137,-1459.9063,-268.7081,12.000,0,nan,nan
11.5410,130.3667,0,-9386.8955,-1594.5841,-301.6257,nan,nan,nan,0.9597,-0.2811,0.0000,0.2811,0.9597,0.0000,-0.0000,-0.0000,1.0000,0.0000,0.0000,0.0000,0.0000,-0.0000,0.0000,-9656.1522,-1459.9243,-268.7081,nan,nan,nan,0.8932,-0.4476,-0.0431,0.0385,-0.0193,0.9991,90.000,nan,nan,nan,0.0000,0.0000,0.0000,nan,nan,nan,-9656.1522,-1459.9243,-268.7081,-9656.1522,-1459.9243,-268.7081,12.000,0,nan,nan
11.5670,130.4000,0,-9386.8955,-1594.5841,-301.6257,nan,nan,nan,0.9597,-0.2811,0.0000,0.2811,0.9597,0.0000,-0.0000,-0.0000,1.0000,0.0000,0.0000,0.0000,0.0000,-0.0000,0.0000,-9656.0358,-1459.9584,-268.7081,nan,nan,nan,0.8932,-0.4476,-0.0431,0.0385,-0.0193,0.9991,90.000,nan,nan,nan,0.0000,0.0000,0.0000,nan,nan,nan,-9656.0358,-1459.9584,-268.7081,-9656.0358,-1459.9584,-268.7081,12.000,0,nan,nan
11.5920,130.4167,0,-9386.8955,-1594.5841,-301.6257,nan,nan,nan,0.9597,-0.2811,0.0000,0.2811,0.9597,0.0000,-0.0000,-0.0000,1.0000,0.0000,0.0000,0.0000,0.0000,-0.0000,0.0000,-9655.9839,-1459.9736,-268.7081,nan,nan,nan,0.8932,-0.4476,-0.0431,0.0385,-0.0193,0.9991,90.000,nan,nan,nan,0.0000,0.0000,0.0000,nan,nan,nan,-9655.9839,-1459.9736,-268.7081,-9655.9839,-1459.9736,-268.7081,12.000,0,nan,nan
11.6180,130.4500,0,-9386.8955,-1594.5841,-301.6257,nan,nan,nan,0.9597,-0.2811,0.0000,0.2811,0.9597,0.0000,-0.0000,-0.0000,1.0000,0.0000,0.0000,0.0000,0.0000,-0.0000,0.0000,-9655.8854,-1460.0025,-268.7081,nan,nan,nan,0.8932,-0.4476,-0.0431,0.0385,-0.0193,0.9991,90.000,nan,nan,nan,0.0000,0.0000,0.0000,nan,nan,nan,-9655.8854,-1460.0025,-268.7081,-9655.8854,-1460.0025,-268.7081,12.000,0,nan,nan
11.6450,130.4667,0,-9386.8955,-1594.5841,-301.6257,nan,nan,nan,0.9597,-0.2811,0.0000,0.2811,0.9597,0.0000,-0.0000,-0.0000,1.0000,0.0000,0.0000,0.0000,0.0000,-0.0000,0.0000,-9655.8412,-1460.0154,-268.7081,nan,nan,nan,0.8932,-0.4476,-0.0431,0.0385,-0.0193,0.9991,90.000,nan,nan,nan,0.0000,0.0000,0.0000,nan,nan,nan,-9655.8412,-1460.0154,-268.7081,-9655.8412,-1460.0154,-268.7081,12.000,0,nan,nan
11.6710,130.5000,0,-9386.8955,-1594.5841,-301.6257,nan,nan,nan,0.9597,-0.2811,0.0000,0.2811,0.9597,0.0000,-0.0000,-0.0000,1.0000,0.0000,0.0000,0.0000,0.0000,-0.0000,0.0000,-9655.7575,-1460.0399,-268.7081,nan,nan,nan,0.8932,-0.4476,-0.0431,0.0385,-0.0193,0.9991,90.000,nan,nan,nan,0.0000,0.0000,0.0000,nan,nan,nan,-9655.7575,-1460.0399,-268.7081,-9655.7575,-1460.0399,-268.7081,12.000,0,nan,nan
11.6970,130.5167,0,-9386.8955,-1594.5841,-301.6257,nan,nan,nan,0.9597,-0.2811,0.0000,0.2811,0.9597,0.0000,-0.0000,-0.0000,1.0000,0.0000,0.0000,0.0000,0.0000,-0.0000,0.0000,-9655.7198,-1460.0509,-268.7081,nan,nan,nan,0.8932,-0.4476,-0.0431,0.0385,-0.0193,0.9991,90.000,nan,nan,nan,0.0000,0.0000,0.0000,nan,nan,nan,-9655.7198,-1460.0509,-268.7081,-9655.7198,-1460.0509,-268.7081,12.000,0,nan,nan
11.7220,130.5500,0,-9386.8955,-1594.5841,-301.6257,nan,nan,nan,0.9597,-0.2811,0.0000,0.2811,0.9597,0.0000,-0.0000,-0.0000,1.0000,0.0000,0.0000,0.0000,0.0000,-0.0000,0.0000,-9655.6483,-1460.0719,-268.7081,nan,nan,nan,0.8932,-0.4476,-0.0431,0.0385,-0.0193,0.9991,90.000,nan,nan,nan,0.0000,0.0000,0.0000,nan,nan,nan,-9655.6483,-1460.0719,-268.7081,-9655.6483,-1460.0719,-268.7081,12.000,0,nan,nan
11.7480,130.5667,0,-9386.8955,-1594.5841,-301.6257,nan,nan,nan,0.9597,-0.2811,0.0000,0.2811,0.9597,0.0000,-0.0000,-0.0000,1.0000,0.0000,0.0000,0.0000,0.0000,-0.0000,0.0000,-9655.6160,-1460.0813,-268.7081,nan,nan,nan,0.8932,-0.4476,-0.0431,0.0385,-0.0193,0.9991,90.000,nan,nan,nan,0.0000,0.0000,0.0000,nan,nan,nan,-9655.6160,-1460.0813,-268.7081,-9655.6160,-1460.0813,-268.7081,12.000,0,nan,nan
11.7730,130.6000,0,-9386.8955,-1594.5841,-301.6257,nan,nan,nan,0.9597,-0.2811,0.0000,0.2811,0.9597,0.0000,-0.0000,-0.0000,1.0000,0.0000,0.0000,0.0000,0.0000,-0.0000,0.0000,-9655.5547,-1460.0993,-268.7081,nan,nan,nan,0.8932,-0.4476,-0.0431,0.0385,-0.0193,0.9991,90.000,nan,nan,nan,0.0000,0.0000,0.0000,nan,nan,nan,-9655.5547,-1460.0993,-268.7081,-9655.5547,-1460.0993,-268.7081,12.000,0,nan,nan
11.8000,130.6167,0,-9386.8955,-1594.5841,-301.6257,nan,nan,nan,0.9597,-0.2811,0.0000,0.2811,0.9597,0.0000,-0.0000,-0.0000,1.0000,0.0000,0.0000,0.0000,0.0000,-0.0000,0.0000,-9655.5269,-1460.1074,-268.7081,nan,nan,nan,0.8932,-0.4476,-0.0431,0.0385,-0.0193,0.9991,90.000,nan,nan,nan,0.0000,0.0000,0.0000,nan,nan,nan,-9655.5269,-1460.1074,-268.7081,-9655.5269,-1460.1074,-268.7081,12.000,0,nan,nan
11.8260,130.6500,0,-9386.8955,-1594.5841,-301.6257,nan,nan,nan,0.9597,-0.2811,0.0000,0.2811,0.9597,0.0000,-0.0000,-0.0000,1.0000,0.0000,0.0000,0.0000,0.0000,-0.0000,0.0000,-9655.4741,-1460.1229,-268.7081,nan,nan,nan,0.8932,-0.4476,-0.0431,0.0385,-0.0193,0.9991,90.000,nan,nan,nan,0.0000,0.0000,0.0000,nan,nan,nan,-9655.4741,-1460.1229,-268.7081,-9655.4741,-1460.1229,-268.7081,12.000,0,nan,nan
11.8510,130.6833,0,-9386.8955,-1594.5841,-301.6257,nan,nan,nan,0.9597,-0.2811,0.0000,0.2811,0.9597,0.0000,-0.0000,-0.0000,1.0000,0.0000,0.0000,0.0000,0.0000,-0.0000,0.0000,-9655.4261,-1460.1369,-268.7081,nan,nan,nan,0.8932,-0.4476,-0.0431,0.0385,-0.0193,0.9991,90.000,nan,nan,nan,0.0000,0.0000,0.0000,nan,nan,nan,-9655.4261,-1460.1369,-268.7081,-9655.4261,-1460.1369,-268.7081,12.000,0,nan,nan
11.8780,130.7000,0,-9386.8955,-1594.5841,-301.6257,nan,nan,nan,0.9597,-0.2811,0.0000,0.2811,0.9597,0.0000,-0.0000,-0.0000,1.0000,0.0000,0.0000,0.0000,0.0000,-0.0000,0.0000,-9655.4044,-1460.1433,-268.7081,nan,nan,nan,0.8932,-0.4476,-0.0431,0.0385,-0.0193,0.9991,90.000,nan,nan,nan,0.0000,0.0000,0.0000,nan,nan,nan,-9655.4044,-1460.1433,-268.7081,-9655.4044,-1460.1433,-268.7081,12.000,0,nan,nan
11.9040,130.7333,0,-9386.8955,-1594.5841,-301.6257,nan,nan,nan,0.9597,-0.2811,0.0000,0.2811,0.9597,0.0000,-0.0000,-0.0000,1.0000,0.0000,0.0000,0.0000,0.0000,-0.0000,0.0000,-9655.3629,-1460.1555,-268.7081,nan,nan,nan,0.8932,-0.4476,-0.0431,0.0385,-0.0193,0.9991,90.000,nan,nan,nan,0.0000,0.0000,0.0000,nan,nan,nan,-9655.3629,-1460.1555,-268.7081,-9655.3629,-1460.1555,-268.7081,12.000,0,nan,nan
11.9290,130.7500,0,-9386.8955,-1594.5841,-301.6257,nan,nan,nan,0.9597,-0.2811,0.0000,0.2811,0.9597,0.0000,-0.0000,-0.0000,1.0000,0.0000,0.0000,0.0000,0.0000,-0.0000,0.0000,-9655.3440,-1460.1610,-268.7081,nan,nan,nan,0.8932,-0.4476,-0.0431,0.0385,-0.0193,0.9991,90.000,nan,nan,nan,0.0000,0.0000,0.0000,nan,nan,nan,-9655.3440,-1460.1610,-268.7081,-9655.3440,-1460.1610,-268.7081,12.000,0,nan,nan
11.9550,130.7833,0,-9386.8955,-1594.5841,-301.6257,nan,nan,nan,0.9597,-0.2811,0.0000,0.2811,0.9597,0.0000,-0.0000,-0.0000,1.0000,0.0000,0.0000,0.0000,0.0000,-0.0000,0.0000,-9655.3079,-1460.1716,-268.7081,nan,nan,nan,0.8932,-0.4476,-0.0431,0.0385,-0.0193,0.9991,90.000,nan,nan,nan,0.0000,0.0000,0.0000,nan,nan,nan,-9655.3079,-1460.1716,-268.7081,-9655.3079,-1460.1716,-268.7081,12.000,0,nan,nan
11.9810,130.8000,0,-9386.8955,-1594.5841,-301.6257,nan,nan,nan,0.9597,-0.2811,0.0000,0.2811,0.9597,0.0000,-0.0000,-0.0000,1.0000,0.0000,0.0000,0.0000,0.0000,-0.0000,0.0000,-9655.2914,-1460.1764,-268.7081,nan,nan,nan,0.8932,-0.4476,-0.0431,0.0385,-0.0193,0.9991,90.000,nan,nan,nan,0.0000,0.0000,0.0000,nan,nan,nan,-9655.2914,-1460.1764,-268.7081,-9655.2914,-1460.1764,-268.7081,12.000,0,nan,nan
12.0060,130.8333,0,-9386.8955,-1594.5841,-301.6257,nan,nan,nan,0.9597,-0.2811,0.0000,0.2811,0.9597,0.0000,-0.0000,-0.0000,1.0000,0.0000,0.0000,0.0000,0.0000,-0.0000,0.0000,-9655.2599,-1460.1856,-268.7081,nan,nan,nan,0.8932,-0.4476,-0.0431,0.0385,-0.0193,0.9991,90.000,nan,nan,nan,0.0000,0.0000,0.0000,nan,nan,nan,-9655.2599,-1460.1856,-268.7081,-9655.2599,-1460.1856,-268.7081,12.000,0,nan,nan
12.0330,130.8500,0,-9386.8955,-1594.5841,-301.6257,nan,nan,nan,0.9597,-0.2811,0.0000,0.2811,0.9597,0.0000,-0.0000,-0.0000,1.0000,0.0000,0.0000,0.0000,0.0000,-0.0000,0.0000,-9655.2455,-1460.1898,-268.7081,nan,nan,nan,0.8932,-0.4476,-0.0431,0.0385,-0.0193,0.9991,90.000,nan,nan,nan,0.0000,0.0000,0.0000,nan,nan,nan,-9655.2455,-1460.1898,-268.7081,-9655.2455,-1460.1898,-268.7081,12.000,0,nan,nan
12.0580,130.8833,0,-9386.8955,-1594.5841,-301.6257,nan,nan,nan,0.9597,-0.2811,0.0000,0.2811,0.9597,0.0000,-0.0000,-0.0000,1.0000,0.0000,0.0000,0.0000,0.0000,-0.0000,0.0000,-9655.2179,-1460.1979,-268.7081,nan,nan,nan,0.8932,-0.4476,-0.0431,0.0385,-0.0193,0.9991,90.000,nan,nan,nan,0.0000,0.0000,0.0000,nan,nan,nan,-9655.2179,-1460.1979,-268.7081,-9655.2179,-1460.1979,-268.7081,12.000,0,nan,nan
12.0840,130.9167,0,-9386.8955,-1594.5841,-301.6257,nan,nan,nan,0.9597,-0.2811,0.0000,0.2811,0.9597,0.0000,-0.0000,-0.0000,1.0000,0.0000,0.0000,0.0000,0.0000,-0.0000,0.0000,-9655.1927,-1460.2053,-268.7081,nan,nan,nan,0.8932,-0.4476,-0.0431,0.0385,-0.0193,0.9991,90.000,nan,nan,nan,0.0000,0.0000,0.0000,nan,nan,nan,-9655.1927,-1460.2053,-268.7081,-9655.1927,-1460.2053,-268.7081,12.000,0,nan,nan
12.1100,130.9333,0,-9386.8955,-1594.5841,-301.6257,nan,nan,nan,0.9597,-0.2811,0.0000,0.2811,0.9597,0.0000,-0.0000,-0.0000,1.0000,0.0000,0.0000,0.0000,0.0000,-0.0000,0.0000,-9655.1811,-1460.2087,-268.7081,nan,nan,nan,0.8932,-0.4476,-0.0431,0.0385,-0.0193,0.9991,90.000,nan,nan,nan,0.0000,0.0000,0.0000,nan,nan,nan,-9655.1811,-1460.2087,-268.7081,-9655.1811,-1460.2087,-268.7081,12.000,0,nan,nan
12.1360,130.9667,0,-9386.8955,-1594.5841,-301.6257,nan,nan,nan,0.9597,-0.2811,0.0000,0.2811,0.9597,0.0000,-0.0000,-0.0000,1.0000,0.0000,0.0000,0.0000,0.0000,-0.0000,0.0000,-9655.1589,-1460.2152,-268.7081,nan,nan,nan,0.8932,-0.4476,-0.0431,0.0385,-0.0193,0.9991,90.000,nan,nan,nan,0.0000,0.0000,0.0000,nan,nan,nan,-9655.1589,-1460.2152,-268.7081,-9655.1589,-1460.2152,-268.7081,12.000,0,nan,nan
12.1620,130.9833,0,-9386.8955,-1594.5841,-301.6257,nan,nan,nan,0.9597,-0.2811,0.0000,0.2811,0.9597,0.0000,-0.0000,-0.0000,1.0000,0.0000,0.0000,0.0000,0.0000,-0.0000,0.0000,-9655.1487,-1460.2182,-268.7081,nan,nan,nan,0.8932,-0.4476,-0.0431,0.0385,-0.0193,0.9991,90.000,nan,nan,nan,0.0000,0.0000,0.0000,nan,nan,nan,-9655.1487,-1460.2182,-268.7081,-9655.1487,-1460.2182,-268.7081,12.000,0,nan,nan
12.1870,131.0167,0,-9386.8955,-1594.5841,-301.6257,nan,nan,nan,0.9597,-0.2811,0.0000,0.2811,0.9597,0.0000,-0.0000,-0.0000,1.0000,0.0000,0.0000,0.0000,0.0000,-0.0000,0.0000,-9655.1291,-1460.2239,-268.7081,nan,nan,nan,0.8932,-0.4476,-0.0431,0.0385,-0.0193,0.9991,90.000,nan,nan,nan,0.0000,0.0000,0.0000,nan,nan,nan,-9655.1291,-1460.2239,-268.7081,-9655.1291,-1460.2239,-268.7081,12.000,0,nan,nan
12.2130,131.0333,0,-9386.8955,-1594.5841,-301.6257,nan,nan,nan,0.9597,-0.2811,0.0000,0.2811,0.9597,0.0000,-0.0000,-0.0000,1.0000,0.0000,0.0000,0.0000,0.0000,-0.0000,0.0000,-9655.1200,-1460.2266,-268.7081,nan,nan,nan,0.8932,-0.4476,-0.0431,0.0385,-0.0193,0.9991,90.000,nan,nan,nan,0.0000,0.0000,0.0000,nan,nan,nan,-9655.1200,-1460.2266,-268.7081,-9655.1200,-1460.2266,-268.7081,12.000,0,nan,nan
12.2400,131.0667,0,-9386.8955,-1594.5841,-301.6257,nan,nan,nan,0.9597,-0.2811,0.0000,0.2811,0.9597,0.0000,-0.0000,-0.0000,1.0000,0.0000,0.0000,0.0000,0.0000,-0.0000,0.0000,-9655.1027,-1460.2317,-268.7081,nan,nan,nan,0.8932,-0.4476,-0.0431,0.0385,-0.0193,0.9991,90.000,nan,nan,nan,0.0000,0.0000,0.0000,nan,nan,nan,-9655.1027,-1460.2317,-268.7081,-9655.1027,-1460.2317,-268.7081,12.000,0,nan,nan
12.2650,131.0833,0,-9386.8955,-1594.5841,-301.6257,nan,nan,nan,0.9597,-0.2811,0.0000,0.2811,0.9597,0.0000,-0.0000,-0.0000,1.0000,0.0000,0.0000,0.0000,0.0000,-0.0000,0.0000,-9655.0947,-1460.2340,-268.7081,nan,nan,nan,0.8932,-0.4476,-0.0431,0.0385,-0.0193,0.9991,90.000,nan,nan,nan,0.0000,0.0000,0.0000,nan,nan,nan,-9655.0947,-1460.2340,-268.7081,-9655.0947,-1460.2340,-268.7081,12.000,0,nan,nan
12.2910,131.1167,0,-9386.8955,-1594.5841,-301.6257,nan,nan,nan,0.9597,-0.2811,0.0000,0.2811,0.9597,0.0000,-0.0000,-0.0000,1.0000,0.0000,0.0000,0.0000,0.0000,-0.0000,0.0000,-9655.0794,-1460.2385,-268.7081,nan,nan,nan,0.8932,-0.4476,-0.0431,0.0385,-0.0193,0.9991,90.000,nan,nan,nan,0.0000,0.0000,0.0000,nan,nan,nan,-9655.0794,-1460.2385,-268.7081,-9655.0794,-1460.2385,-268.7081,12.000,0,nan,nan
12.3180,131.1500,0,-9386.8955,-1594.5841,-301.6257,nan,nan,nan,0.9597,-0.2811,0.0000,0.2811,0.9597,0.0000,-0.0000,-0.0000,1.0000,0.0000,0.0000,0.0000,0.0000,-0.0000,0.0000,-9655.0652,-1460.2427,-268.7081,nan,nan,nan,0.8932,-0.4476,-0.0431,0.0385,-0.0193,0.9991,90.000,nan,nan,nan,0.0000,0.0000,0.0000,nan,nan,nan,-9655.0652,-1460.2427,-268.7081,-9655.0652,-1460.2427,-268.7081,12.000,0,nan,nan
12.3430,131.1667,0,-9386.8955,-1594.5841,-301.6257,nan,nan,nan,0.9597,-0.2811,0.0000,0.2811,0.9597,0.0000,-0.0000,-0.0000,1.0000,0.0000,0.0000,0.0000,0.0000,-0.0000,0.0000,-9655.0586,-1460.2446,-268.7081,nan,nan,nan,0.8932,-0.4476,-0.0431,0.0385,-0.0193,0.9991,90.000,nan,nan,nan,0.0000,0.0000,0.0000,nan,nan,nan,-9655.0586,-1460.2446,-268.7081,-9655.0586,-1460.2446,-268.7081,12.000,0,nan,nan
12.3680,131.2000,0,-9386.8955,-1594.5841,-301.6257,nan,nan,nan,0.9597,-0.2811,0.0000,0.2811,0.9597,0.0000,-0.0000,-0.0000,1.0000,0.0000,0.0000,0.0000,0.0000,-0.0000,0.0000,-9655.0460,-1460.2483,-268.7081,nan,nan,nan,0.8932,-0.4476,-0.0431,0.0385,-0.0193,0.9991,90.000,nan,nan,nan,0.0000,0.0000,0.0000,nan,nan,nan,-9655.0460,-1460.2483,-268.7081,-9655.0460,-1460.2483,-268.7081,12.000,0,nan,nan
12.3950,131.2167,0,-9386.8955,-1594.5841,-301.6257,nan,nan,nan,0.9597,-0.2811,0.0000,0.2811,0.9597,0.0000,-0.0000,-0.0000,1.0000,0.0000,0.0000,0.0000,0.0000,-0.0000,0.0000,-9655.0401,-1460.2500,-268.7081,nan,nan,nan,0.8932,-0.4476,-0.0431,0.0385,-0.0193,0.9991,90.000,nan,nan,nan,0.0000,0.0000,0.0000,nan,nan,nan,-9655.0401,-1460.2500,-268.7081,-9655.0401,-1460.2500,-268.7081,12.000,0,nan,nan
12.4210,131.2500,0,-9386.8955,-1594.5841,-301.6257,nan,nan,nan,0.9597,-0.2811,0.0000,0.2811,0.9597,0.0000,-0.0000,-0.0000,1.0000,0.0000,0.0000,0.0000,0.0000,-0.0000,0.0000,-9655.0288,-1460.2533,-268.7081,nan,nan,nan,0.8932,-0.4476,-0.0431,0.0385,-0.0193,0.9991,90.000,nan,nan,nan,0.0000,0.0000,0.0000,nan,nan,nan,-9655.0288,-1460.2533,-268.7081,-9655.0288,-1460.2533,-268.7081,12.000,0,nan,nan
12.4480,131.2667,0,-9386.8955,-1594.5841,-301.6257,nan,nan,nan,0.9597,-0.2811,0.0000,0.2811,0.9597,0.0000,-0.0000,-0.0000,1.0000,0.0000,0.0000,0.0000,0.0000,-0.0000,0.0000,-9655.0236,-1460.2548,-268.7081,nan,nan,nan,0.8932,-0.4476,-0.0431,0.0385,-0.0193,0.9991,90.000,nan,nan,nan,0.0000,0.0000,0.0000,nan,nan,nan,-9655.0236,-1460.2548,-268.7081,-9655.0236,-1460.2548,-268.7081,12.000,0,nan,nan
12.4730,131.3000,0,-9386.8955,-1594.5841,-301.6257,nan,nan,nan,0.9597,-0.2811,0.0000,0.2811,0.9597,0.0000,-0.0000,-0.0000,1.0000,0.0000,0.0000,0.0000,0.0000,-0.0000,0.0000,-9655.0135,-1460.2578,-268.7081,nan,nan,nan,0.8932,-0.4476,-0.0431,0.0385,-0.0193,0.9991,90.000,nan,nan,nan,0.0000,0.0000,0.0000,nan,nan,nan,-9655.0135,-1460.2578,-268.7081,-9655.0135,-1460.2578,-268.7081,12.000,0,nan,nan
12.4990,131.3167,0,-9386.8955,-1594.5841,-301.6257,nan,nan,nan,0.9597,-0.2811,0.0000,0.2811,0.9597,0.0000,-0.0000,-0.0000,1.0000,0.0000,0.0000,0.0000,0.0000,-0.0000,0.0000,-9655.0088,-1460.2591,-268.7081,nan,nan,nan,0.8932,-0.4476,-0.0431,0.0385,-0.0193,0.9991,90.000,nan,nan,nan,0.0000,0.0000,0.0000,nan,nan,nan,-9655.0088,-1460.2591,-268.7081,-9655.0088,-1460.2591,-268.7081,12.000,0,nan,nan
12.5250,131.3500,0,-9386.8955,-1594.5841,-301.6257,nan,nan,nan,0.9597,-0.2811,0.0000,0.2811,0.9597,0.0000,-0.0000,-0.0000,1.0000,0.0000,0.0000,0.0000,0.0000,-0.0000,0.0000,-9654.9998,-1460.2618,-268.7081,nan,nan,nan,0.8932,-0.4476,-0.0431,0.0385,-0.0193,0.9991,90.000,nan,nan,nan,0.0000,0.0000,0.0000,nan,nan,nan,-9654.9998,-1460.2618,-268.7081,-9654.9998,-1460.2618,-268.7081,12.000,0,nan,nan
12.5500,131.3833,0,-9386.8955,-1594.5841,-301.6257,nan,nan,nan,0.9597,-0.2811,0.0000,0.2811,0.9597,0.0000,-0.0000,-0.0000,1.0000,0.0000,0.0000,0.0000,0.0000,-0.0000,0.0000,-9654.9914,-1460.2643,-268.7081,nan,nan,nan,0.8932,-0.4476,-0.0431,0.0385,-0.0193,0.9991,90.000,nan,nan,nan,0.0000,0.0000,0.0000,nan,nan,nan,-9654.9914,-1460.2643,-268.7081,-9654.9914,-1460.2643,-268.7081,12.000,0,nan,nan
12.5760,131.4000,0,-9386.8955,-1594.5841,-301.6257,nan,nan,nan,0.9597,-0.2811,0.0000,0.2811,0.9597,0.0000,-0.0000,-0.0000,1.0000,0.0000,0.0000,0.0000,0.0000,-0.0000,0.0000,-9654.9875,-1460.2654,-268.7081,nan,nan,nan,0.8932,-0.4476,-0.0431,0.0385,-0.0193,0.9991,90.000,nan,nan,nan,0.0000,0.0000,0.0000,nan,nan,nan,-9654.9875,-1460.2654,-268.7081,-9654.9875,-1460.2654,-268.7081,12.000,0,nan,nan
12.6020,131.4333,0,-9386.8955,-1594.5841,-301.6257,nan,nan,nan,0.9597,-0.2811,0.0000,0.2811,0.9597,0.0000,-0.0000,-0.0000,1.0000,0.0000,0.0000,0.0000,0.0000,-0.0000,0.0000,-9654.9799,-1460.2676,-268.7081,nan,nan,nan,0.8932,-0.4476,-0.0431,0.0385,-0.0193,0.9991,90.000,nan,nan,nan,0.0000,0.0000,0.0000,nan,nan,nan,-9654.9799,-1460.2676,-268.7081,-9654.9799,-1460.2676,-268.7081,12.000,0,nan,nan
12.6280,131.4500,0,-9386.8955,-1594.5841,-301.6257,nan,nan,nan,0.9597,-0.2811,0.0000,0.2811,0.9597,0.0000,-0.0000,-0.0000,1.0000,0.0000,0.0000,0.0000,0.0000,-0.0000,0.0000,-9654.9764,-1460.2686,-268.7081,nan,nan,nan,0.8932,-0.4476,-0.0431,0.0385,-0.0193,0.9991,90.000,nan,nan,nan,0.0000,0.0000,0.0000,nan,nan,nan,-9654.9764,-1460.2686,-268.7081,-9654.9764,-1460.2686,-268.7081,12.000,0,nan,nan
12.6530,131.4833,0,-9386.8955,-1594.5841,-301.6257,nan,nan,nan,0.9597,-0.2811,0.0000,0.2811,0.9597,0.0000,-0.0000,-0.0000,1.0000,0.0000,0.0000,0.0000,0.0000,-0.0000,0.0000,-9654.9696,-1460.2706,-268.7081,nan,nan,nan,0.8932,-0.4476,-0.0431,0.0385,-0.0193,0.9991,90.000,nan,nan,nan,0.0000,0.0000,0.0000,nan,nan,nan,-9654.9696,-1460.2706,-268.7081,-9654.9696,-1460.2706,-268.7081,12.000,0,nan,nan
12.6790,131.5000,0,-9386.8955,-1594.5841,-301.6257,nan,nan,nan,0.9597,-0.2811,0.0000,0.2811,0.9597,0.0000,-0.0000,-0.0000,1.0000,0.0000,0.0000,0.0000,0.0000,-0.0000,0.0000,-9654.9664,-1460.2716,-268.7081,nan,nan,nan,0.8932,-0.4476,-0.0431,0.0385,-0.0193,0.9991,90.000,nan,nan,nan,0.0000,0.0000,0.0000,nan,nan,nan,-9654.9664,-1460.2716,-268.7081,-9654.9664,-1460.2716,-268.7081,12.000,0,nan,nan
12.7050,131.5333,0,-9386.8955,-1594.5841,-301.6257,nan,nan,nan,0.9597,-0.2811,0.0000,0.2811,0.9597,0.0000,-0.0000,-0.0000,1.0000,0.0000,0.0000,0.0000,0.0000,-0.0000,0.0000,-9654.9603,-1460.2734,-268.7081,nan,nan,nan,0.8932,-0.4476,-0.0431,0.0385,-0.0193,0.9991,90.000,nan,nan,nan,0.0000,0.0000,0.0000,nan,nan,nan,-9654.9603,-1460.2734,-268.7081,-9654.9603,-1460.2734,-268.7081,12.000,0,nan,nan
12.7310,131.5500,0,-9386.8955,-1594.5841,-301.6257,nan,nan,nan,0.9597,-0.2811,0.0000,0.2811,0.9597,0.0000,-0.0000,-0.0000,1.0000,0.0000,0.0000,0.0000,0.0000,-0.0000,0.0000,-9654.9574,-1460.2742,-268.7081,nan,nan,nan,0.8932,-0.4476,-0.0431,0.0385,-0.0193,0.9991,90.000,nan,nan,nan,0.0000,0.0000,0.0000,nan,nan,nan,-9654.9574,-1460.2742,-268.7081,-9654.9574,-1460.2742,-268.7081,12.000,0,nan,nan
12.7570,131.5833,0,-9386.8955,-1594.5841,-301.6257,nan,nan,nan,0.9597,-0.2811,0.0000,0.2811,0.9597,0.0000,-0.0000,-0.0000,1.0000,0.0000,0.0000,0.0000,0.0000,-0.0000,0.0000,-9654.9519,-1460.2758,-268.7081,nan,nan,nan,0.8932,-0.4476,-0.0431,0.0385,-0.0193,0.9991,90.000,nan,nan,nan,0.0000,0.0000,0.0000,nan,nan,nan,-9654.9519,-1460.2758,-268.7081,-9654.9519,-1460.2758,-268.7081,12.000,0,nan,nan
12.7830,131.6167,0,-9386.8955,-1594.5841,-301.6257,nan,nan,nan,0.9597,-0.2811,0.0000,0.2811,0.9597,0.0000,-0.0000,-0.0000,1.0000,0.0000,0.0000,0.0000,0.0000,-0.0000,0.0000,-9654.9467,-1460.2774,-268.7081,nan,nan,nan,0.8932,-0.4476,-0.0431,0.0385,-0.0193,0.9991,90.000,nan,nan,nan,0.0000,0.0000,0.0000,nan,nan,nan,-9654.9467,-1460.2774,-268.7081,-9654.9467,-1460.2774,-268.7081,12.000,0,nan,nan
12.8090,131.6333,0,-9386.8955,-1594.5841,-301.6257,nan,nan,nan,0.9597,-0.2811,0.0000,0.2811,0.9597,0.0000,-0.0000,-0.0000,1.0000,0.0000,0.0000,0.0000,0.0000,-0.0000,0.0000,-9654.9442,-1460.2781,-268.7081,nan,nan,nan,0.8932,-0.4476,-0.0431,0.0385,-0.0193,0.9991,90.000,nan,nan,nan,0.0000,0.0000,0.0000,nan,nan,nan,-9654.9442,-1460.2781,-268.7081,-9654.9442,-1460.2781,-268.7081,12.000,0,nan,nan
12.8350,131.6667,0,-9386.8955,-1594.5841,-301.6257,nan,nan,nan,0.9597,-0.2811,0.0000,0.2811,0.9597,0.0000,-0.0000,-0.0000,1.0000,0.0000,0.0000,0.0000,0.0000,-0.0000,0.0000,-9654.9395,-1460.2794,-268.7081,nan,nan,nan,0.8932,-0.4476,-0.0431,0.0385,-0.0193,0.9991,90.000,nan,nan,nan,0.0000,0.0000,0.0000,nan,nan,nan,-9654.9395,-1460.2794,-268.7081,-9654.9395,-1460.2794,-268.7081,12.000,0,nan,nan
12.8600,131.6833,0,-9386.8955,-1594.5841,-301.6257,nan,nan,nan,0.9597,-0.2811,0.0000,0.2811,0.9597,0.0000,-0.0000,-0.0000,1.0000,0.0000,0.0000,0.0000,0.0000,-0.0000,0.0000,-9654.9373,-1460.2801,-268.7081,nan,nan,nan,0.8932,-0.4476,-0.0431,0.0385,-0.0193,0.9991,90.000,nan,nan,nan,0.0000,0.0000,0.0000,nan,nan,nan,-9654.9373,-1460.2801,-268.7081,-9654.9373,-1460.2801,-268.7081,12.000,0,nan,nan
12.8850,131.7167,0,-9386.8955,-1594.5841,-301.6257,nan,nan,nan,0.9597,-0.2811,0.0000,0.2811,0.9597,0.0000,-0.0000,-0.0000,1.0000,0.0000,0.0000,0.0000,0.0000,-0.0000,0.0000,-9654.9330,-1460.2813,-268.7081,nan,nan,nan,0.8932,-0.4476,-0.0431,0.0385,-0.0193,0.9991,90.000,nan,nan,nan,0.0000,0.0000,0.0000,nan,nan,nan,-9654.9330,-1460.2813,-268.7081,-9654.9330,-1460.2813,-268.7081,12.000,0,nan,nan
12.9120,131.7333,0,-9386.8955,-1594.5841,-301.6257,nan,nan,nan,0.9597,-0.2811,0.0000,0.2811,0.9597,0.0000,-0.0000,-0.0000,1.0000,0.0000,0.0000,0.0000,0.0000,-0.0000,0.0000,-9654.9310,-1460.2819,-268.7081,nan,nan,nan,0.8932,-0.4476,-0.0431,0.0385,-0.0193,0.9991,90.000,nan,nan,nan,0.0000,0.0000,0.0000,nan,nan,nan,-9654.9310,-1460.2819,-268.7081,-9654.9310,-1460.2819,-268.7081,12.000,0,nan,nan
12.9380,131.7667,0,-9386.8955,-1594.5841,-301.6257,nan,nan,nan,0.9597,-0.2811,0.0000,0.2811,0.9597,0.0000,-0.0000,-0.0000,1.0000,0.0000,0.0000,0.0000,0.0000,-0.0000,0.0000,-9654.9271,-1460.2831,-268.7081,nan,nan,nan,0.8932,-0.4476,-0.0431,0.0385,-0.0193,0.9991,90.000,nan,nan,nan,0.0000,0.0000,0.0000,nan,nan,nan,-9654.9271,-1460.2831,-268.7081,-9654.9271,-1460.2831,-268.7081,12.000,0,nan,nan
12.9650,131.7833,0,-9386.8955,-1594.5841,-301.6257,nan,nan,nan,0.9597,-0.2811,0.0000,0.2811,0.9597,0.0000,-0.0000,-0.0000,1.0000,0.0000,0.0000,0.0000,0.0000,-0.0000,0.0000,-9654.9253,-1460.2836,-268.7081,nan,nan,nan,0.8932,-0.4476,-0.0431,0.0385,-0.0193,0.9991,90.000,nan,nan,nan,0.0000,0.0000,0.0000,nan,nan,nan,-9654.9253,-1460.2836,-268.7081,-9654.9253,-1460.2836,-268.7081,12.000,0,nan,nan
12.9910,131.8167,0,-9386.8955,-1594.5841,-301.6257,nan,nan,nan,0.9597,-0.2811,0.0000,0.2811,0.9597,0.0000,-0.0000,-0.0000,1.0000,0.0000,0.0000,0.0000,0.0000,-0.0000,0.0000,-9654.9218,-1460.2846,-268.7081,nan,nan,nan,0.8932,-0.4476,-0.0431,0.0385,-0.0193,0.9991,90.000,nan,nan,nan,0.0000,0.0000,0.0000,nan,nan,nan,-9654.9218,-1460.2846,-268.7081,-9654.9218,-1460.2846,-268.7081,12.000,0,nan,nan
13.0180,131.8500,0,-9386.8955,-1594.5841,-301.6257,nan,nan,nan,0.9597,-0.2811,0.0000,0.2811,0.9597,0.0000,-0.0000,-0.0000,1.0000,0.0000,0.0000,0.0000,0.0000,-0.0000,0.0000,-9654.9184,-1460.2856,-268.7081,nan,nan,nan,0.8932,-0.4476,-0.0431,0.0385,-0.0193,0.9991,90.000,nan,nan,nan,0.0000,0.0000,0.0000,nan,nan,nan,-9654.9184,-1460.2856,-268.7081,-9654.9184,-1460.2856,-268.7081,12.000,0,nan,nan
13.0420,131.8667,0,-9386.8955,-1594.5841,-301.6257,nan,nan,nan,0.9597,-0.2811,0.0000,0.2811,0.9597,0.0000,-0.0000,-0.0000,1.0000,0.0000,0.0000,0.0000,0.0000,-0.0000,0.0000,-9654.9169,-1460.2861,-268.7081,nan,nan,nan,0.8932,-0.4476,-0.0431,0.0385,-0.0193,0.9991,90.000,nan,nan,nan,0.0000,0.0000,0.0000,nan,nan,nan,-9654.9169,-1460.2861,-268.7081,-9654.9169,-1460.2861,-268.7081,12.000,0,nan,nan
13.0690,131.9000,0,-9386.8955,-1594.5841,-301.6257,nan,nan,nan,0.9597,-0.2811,0.0000,0.2811,0.9597,0.0000,-0.0000,-0.0000,1.0000,0.0000,0.0000,0.0000,0.0000,-0.0000,0.0000,-9654.9138,-1460.2870,-268.7081,nan,nan,nan,0.8932,-0.4476,-0.0431,0.0385,-0.0193,0.9991,90.000,nan,nan,nan,0.0000,0.0000,0.0000,nan,nan,nan,-9654.9138,-1460.2870,-268.7081,-9654.9138,-1460.2870,-268.7081,12.000,0,nan,nan
13.0930,131.9167,0,-9386.8955,-1594.5841,-301.6257,nan,nan,nan,0.9597,-0.2811,0.0000,0.2811,0.9597,0.0000,-0.0000,-0.0000,1.0000,0.0000,0.0000,0.0000,0.0000,-0.0000,0.0000,-9654.9124,-1460.2874,-268.7081,nan,nan,nan,0.8932,-0.4476,-0.0431,0.0385,-0.0193,0.9991,90.000,nan,nan,nan,0.0000,0.0000,0.0000,nan,nan,nan,-9654.9124,-1460.2874,-268.7081,-9654.9124,-1460.2874,-268.7081,12.000,0,nan,nan
13.1190,131.9500,0,-9386.8955,-1594.5841,-301.6257,nan,nan,nan,0.9597,-0.2811,0.0000,0.2811,0.9597,0.0000,-0.0000,-0.0000,1.0000,0.0000,0.0000,0.0000,0.0000,-0.0000,0.0000,-9654.9096,-1460.2882,-268.7081,nan,nan,nan,0.8932,-0.4476,-0.0431,0.0385,-0.0193,0.9991,90.000,nan,nan,nan,0.0000,0.0000,0.0000,nan,nan,nan,-9654.9096,-1460.2882,-268.7081,-9654.9096,-1460.2882,-268.7081,12.000,0,nan,nan
13.1460,131.9667,0,-9386.8955,-1594.5841,-301.6257,nan,nan,nan,0.9597,-0.2811,0.0000,0.2811,0.9597,0.0000,-0.0000,-0.0000,1.0000,0.0000,0.0000,0.0000,0.0000,-0.0000,0.0000,-9654.9083,-1460.2886,-268.7081,nan,nan,nan,0.8932,-0.4476,-0.0431,0.0385,-0.0193,0.9991,90.000,nan,nan,nan,0.0000,0.0000,0.0000,nan,nan,nan,-9654.9083,-1460.2886,-268.7081,-9654.9083,-1460.2886,-268.7081,12.000,0,nan,nan
13.1720,132.0000,0,-9386.8955,-1594.5841,-301.6257,nan,nan,nan,0.9597,-0.2811,0.0000,0.2811,0.9597,0.0000,-0.0000,-0.0000,1.0000,0.0000,0.0000,0.0000,0.0000,-0.0000,0.0000,-9654.9057,-1460.2893,-268.7081,nan,nan,nan,0.8932,-0.4476,-0.0431,0.0385,-0.0193,0.9991,90.000,nan,nan,nan,0.0000,0.0000,0.0000,nan,nan,nan,-9654.9057,-1460.2893,-268.7081,-9654.9057,-1460.2893,-268.7081,12.000,0,nan,nan
13.1980,132.0167,0,-9386.8955,-1594.5841,-301.6257,nan,nan,nan,0.9597,-0.2811,0.0000,0.2811,0.9597,0.0000,-0.0000,-0.0000,1.0000,0.0000,0.0000,0.0000,0.0000,-0.0000,0.0000,-9654.9045,-1460.2897,-268.7081,nan,nan,nan,0.8932,-0.4476,-0.0431,0.0385,-0.0193,0.9991,90.000,nan,nan,nan,0.0000,0.0000,0.0000,nan,nan,nan,-9654.9045,-1460.2897,-268.7081,-9654.9045,-1460.2897,-268.7081,12.000,0,nan,nan
13.2230,132.0500,0,-9386.8955,-1594.5841,-301.6257,nan,nan,nan,0.9597,-0.2811,0.0000,0.2811,0.9597,0.0000,-0.0000,-0.0000,1.0000,0.0000,0.0000,0.0000,0.0000,-0.0000,0.0000,-9654.9022,-1460.2904,-268.7081,nan,nan,nan,0.8932,-0.4476,-0.0431,0.0385,-0.0193,0.9991,90.000,nan,nan,nan,0.0000,0.0000,0.0000,nan,nan,nan,-9654.9022,-1460.2904,-268.7081,-9654.9022,-1460.2904,-268.7081,12.000,0,nan,nan
13.2500,132.0667,0,-9386.8955,-1594.5841,-301.6257,nan,nan,nan,0.9597,-0.2811,0.0000,0.2811,0.9597,0.0000,-0.0000,-0.0000,1.0000,0.0000,0.0000,0.0000,0.0000,-0.0000,0.0000,-9654.9011,-1460.2907,-268.7081,nan,nan,nan,0.8932,-0.4476,-0.0431,0.0385,-0.0193,0.9991,90.000,nan,nan,nan,0.0000,0.0000,0.0000,nan,nan,nan,-9654.9011,-1460.2907,-268.7081,-9654.9011,-1460.2907,-268.7081,12.000,0,nan,nan
13.2750,132.1000,0,-9386.8955,-1594.5841,-301.6257,nan,nan,nan,0.9597,-0.2811,0.0000,0.2811,0.9597,0.0000,-0.0000,-0.0000,1.0000,0.0000,0.0000,0.0000,0.0000,-0.0000,0.0000,-9654.8990,-1460.2913,-268.7081,nan,nan,nan,0.8932,-0.4476,-0.0431,0.0385,-0.0193,0.9991,90.000,nan,nan,nan,0.0000,0.0000,0.0000,nan,nan,nan,-9654.8990,-1460.2913,-268.7081,-9654.8990,-1460.2913,-268.7081,12.000,0,nan,nan
13.3010,132.1333,0,-9386.8955,-1594.5841,-301.6257,nan,nan,nan,0.9597,-0.2811,0.0000,0.2811,0.9597,0.0000,-0.0000,-0.0000,1.0000,0.0000,0.0000,0.0000,0.0000,-0.0000,0.0000,-9654.8969,-1460.2919,-268.7081,nan,nan,nan,0.8932,-0.4476,-0.0431,0.0385,-0.0193,0.9991,90.000,nan,nan,nan,0.0000,0.0000,0.0000,nan,nan,nan,-9654.8969,-1460.2919,-268.7081,-9654.8969,-1460.2919,-268.7081,12.000,0,nan,nan
13.3260,132.1500,0,-9386.8955,-1594.5841,-301.6257,nan,nan,nan,0.9597,-0.2811,0.0000,0.2811,0.9597,0.0000,-0.0000,-0.0000,1.0000,0.0000,0.0000,0.0000,0.0000,-0.0000,0.0000,-9654.8960,-1460.2922,-268.7081,nan,nan,nan,0.8932,-0.4476,-0.0431,0.0385,-0.0193,0.9991,90.000,nan,nan,nan,0.0000,0.0000,0.0000,nan,nan,nan,-9654.8960,-1460.2922,-268.7081,-9654.8960,-1460.2922,-268.7081,12.000,0,nan,nan
13.3520,132.1833,0,-9386.8955,-1594.5841,-301.6257,nan,nan,nan,0.9597,-0.2811,0.0000,0.2811,0.9597,0.0000,-0.0000,-0.0000,1.0000,0.0000,0.0000,0.0000,0.0000,-0.0000,0.0000,-9654.8941,-1460.2927,-268.7081,nan,nan,nan,0.8932,-0.4476,-0.0431,0.0385,-0.0193,0.9991,90.000,nan,nan,nan,0.0000,0.0000,0.0000,nan,nan,nan,-9654.8941,-1460.2927,-268.7081,-9654.8941,-1460.2927,-268.7081,12.000,0,nan,nan
13.3790,132.2000,0,-9386.8955,-1594.5841,-301.6257,nan,nan,nan,0.9597,-0.2811,0.0000,0.2811,0.9597,0.0000,-0.0000,-0.0000,1.0000,0.0000,0.0000,0.0000,0.0000,-0.0000,0.0000,-9654.8932,-1460.2930,-268.7081,nan,nan,nan,0.8932,-0.4476,-0.0431,0.0385,-0.0193,0.9991,90.000,nan,nan,nan,0.0000,0.0000,0.0000,nan,nan,nan,-9654.8932,-1460.2930,-268.7081,-9654.8932,-1460.2930,-268.7081,12.000,0,nan,nan
13.4040,132.2333,0,-9386.8955,-1594.5841,-301.6257,nan,nan,nan,0.9597,-0.2811,0.0000,0.2811,0.9597,0.0000,-0.0000,-0.0000,1.0000,0.0000,0.0000,0.0000,0.0000,-0.0000,0.0000,-9654.8915,-1460.2935,-268.7081,nan,nan,nan,0.8932,-0.4476,-0.0431,0.0385,-0.0193,0.9991,90.000,nan,nan,nan,0.0000,0.0000,0.0000,nan,nan,nan,-9654.8915,-1460.2935,-268.7081,-9654.8915,-1460.2935,-268.7081,12.000,0,nan,nan
13.4300,132.2500,0,-9386.8955,-1594.5841,-301.6257,nan,nan,nan,0.9597,-0.2811,0.0000,0.2811,0.9597,0.0000,-0.0000,-0.0000,1.0000,0.0000,0.0000,0.0000,0.0000,-0.0000,0.0000,-9654.8907,-1460.2937,-268.7081,nan,nan,nan,0.8932,-0.4476,-0.0431,0.0385,-0.0193,0.9991,90.000,nan,nan,nan,0.0000,0.0000,0.0000,nan,nan,nan,-9654.8907,-1460.2937,-268.7081,-9654.8907,-1460.2937,-268.7081,12.000,0,nan,nan
13.4560,132.2833,0,-9386.8955,-1594.5841,-301.6257,nan,nan,nan,0.9597,-0.2811,0.0000,0.2811,0.9597,0.0000,-0.0000,-0.0000,1.0000,0.0000,0.0000,0.0000,0.0000,-0.0000,0.0000,-9654.8891,-1460.2942,-268.7081,nan,nan,nan,0.8932,-0.4476,-0.0431,0.0385,-0.0193,0.9991,90.000,nan,nan,nan,0.0000,0.0000,0.0000,nan,nan,nan,-9654.8891,-1460.2942,-268.7081,-9654.8891,-1460.2942,-268.7081,12.000,0,nan,nan
13.4820,132.3000,0,-9386.8955,-1594.5841,-301.6257,nan,nan,nan,0.9597,-0.2811,0.0000,0.2811,0.9597,0.0000,-0.0000,-0.0000,1.0000,0.0000,0.0000,0.0000,0.0000,-0.0000,0.0000,-9654.8884,-1460.2944,-268.7081,nan,nan,nan,0.8932,-0.4476,-0.0431,0.0385,-0.0193,0.9991,90.000,nan,nan,nan,0.0000,0.0000,0.0000,nan,nan,nan,-9654.8884,-1460.2944,-268.7081,-9654.8884,-1460.2944,-268.7081,12.000,0,nan,nan
13.5060,132.3333,0,-9386.8955,-1594.5841,-301.6257,nan,nan,nan,0.9597,-0.2811,0.0000,0.2811,0.9597,0.0000,-0.0000,-0.0000,1.0000,0.0000,0.0000,0.0000,0.0000,-0.0000,0.0000,-9654.8869,-1460.2949,-268.7081,nan,nan,nan,0.8932,-0.4476,-0.0431,0.0385,-0.0193,0.9991,90.000,nan,nan,nan,0.0000,0.0000,0.0000,nan,nan,nan,-9654.8869,-1460.2949,-268.7081,-9654.8869,-1460.2949,-268.7081,12.000,0,nan,nan
13.5330,132.3500,0,-9386.8955,-1594.5841,-301.6257,nan,nan,nan,0.9597,-0.2811,0.0000,0.2811,0.9597,0.0000,-0.0000,-0.0000,1.0000,0.0000,0.0000,0.0000,0.0000,-0.0000,0.0000,-9654.8862,-1460.2951,-268.7081,nan,nan,nan,0.8932,-0.4476,-0.0431,0.0385,-0.0193,0.9991,90.000,nan,nan,nan,0.0000,0.0000,0.0000,nan,nan,nan,-9654.8862,-1460.2951,-268.7081,-9654.8862,-1460.2951,-268.7081,12.000,0,nan,nan
13.5590,132.3833,0,-9386.8955,-1594.5841,-301.6257,nan,nan,nan,0.9597,-0.2811,0.0000,0.2811,0.9597,0.0000,-0.0000,-0.0000,1.0000,0.0000,0.0000,0.0000,0.0000,-0.0000,0.0000,-9654.8849,-1460.2955,-268.7081,nan,nan,nan,0.8932,-0.4476,-0.0431,0.0385,-0.0193,0.9991,90.000,nan,nan,nan,0.0000,0.0000,0.0000,nan,nan,nan,-9654.8849,-1460.2955,-268.7081,-9654.8849,-1460.2955,-268.7081,12.000,0,nan,nan
13.5840,132.4167,0,-9386.8955,-1594.5841,-301.6257,nan,nan,nan,0.9597,-0.2811,0.0000,0.2811,0.9597,0.0000,-0.0000,-0.0000,1.0000,0.0000,0.0000,0.0000,0.0000,-0.0000,0.0000,-9654.8836,-1460.2958,-268.7081,nan,nan,nan,0.8932,-0.4476,-0.0431,0.0385,-0.0193,0.9991,90.000,nan,nan,nan,0.0000,0.0000,0.0000,nan,nan,nan,-9654.8836,-1460.2958,-268.7081,-9654.8836,-1460.2958,-268.7081,12.000,0,nan,nan
13.6100,132.4333,0,-9386.8955,-1594.5841,-301.6257,nan,nan,nan,0.9597,-0.2811,0.0000,0.2811,0.9597,0.0000,-0.0000,-0.0000,1.0000,0.0000,0.0000,0.0000,0.0000,-0.0000,0.0000,-9654.8830,-1460.2960,-268.7081,nan,nan,nan,0.8932,-0.4476,-0.0431,0.0385,-0.0193,0.9991,90.000,nan,nan,nan,0.0000,0.0000,0.0000,nan,nan,nan,-9654.8830,-1460.2960,-268.7081,-9654.8830,-1460.2960,-268.7081,12.000,0,nan,nan
13.6360,132.4667,0,-9386.8955,-1594.5841,-301.6257,nan,nan,nan,0.9597,-0.2811,0.0000,0.2811,0.9597,0.0000,-0.0000,-0.0000,1.0000,0.0000,0.0000,0.0000,0.0000,-0.0000,0.0000,-9654.8818,-1460.2964,-268.7081,nan,nan,nan,0.8932,-0.4476,-0.0431,0.0385,-0.0193,0.9991,90.000,nan,nan,nan,0.0000,0.0000,0.0000,nan,nan,nan,-9654.8818,-1460.2964,-268.7081,-9654.8818,-1460.2964,-268.7081,12.000,0,nan,nan
13.6610,132.4833,0,-9386.8955,-1594.5841,-301.6257,nan,nan,nan,0.9597,-0.2811,0.0000,0.2811,0.9597,0.0000,-0.0000,-0.0000,1.0000,0.0000,0.0000,0.0000,0.0000,-0.0000,0.0000,-9654.8812,-1460.2965,-268.7081,nan,nan,nan,0.8932,-0.4476,-0.0431,0.0385,-0.0193,0.9991,90.000,nan,nan,nan,0.0000,0.0000,0.0000,nan,nan,nan,-9654.8812,-1460.2965,-268.7081,-9654.8812,-1460.2965,-268.7081,12.000,0,nan,nan
13.6870,132.5167,0,-9386.8955,-1594.5841,-301.6257,nan,nan,nan,0.9597,-0.2811,0.0000,0.2811,0.9597,0.0000,-0.0000,-0.0000,1.0000,0.0000,0.0000,0.0000,0.0000,-0.0000,0.0000,-9654.8801,-1460.2968,-268.7081,nan,nan,nan,0.8932,-0.4476,-0.0431,0.0385,-0.0193,0.9991,90.000,nan,nan,nan,0.0000,0.0000,0.0000,nan,nan,nan,-9654.8801,-1460.2968,-268.7081,-9654.8801,-1460.2968,-268.7081,12.000,0,nan,nan
13.7130,132.5333,0,-9386.8955,-1594.5841,-301.6257,nan,nan,nan,0.9597,-0.2811,0.0000,0.2811,0.9597,0.0000,-0.0000,-0.0000,1.0000,0.0000,0.0000,0.0000,0.0000,-0.0000,0.0000,-9654.8796,-1460.2970,-268.7081,nan,nan,nan,0.8932,-0.4476,-0.0431,0.0385,-0.0193,0.9991,90.000,nan,nan,nan,0.0000,0.0000,0.0000,nan,nan,nan,-9654.8796,-1460.2970,-268.7081,-9654.8796,-1460.2970,-268.7081,12.000,0,nan,nan
13.7380,132.5667,0,-9386.8955,-1594.5841,-301.6257,nan,nan,nan,0.9597,-0.2811,0.0000,0.2811,0.9597,0.0000,-0.0000,-0.0000,1.0000,0.0000,0.0000,0.0000,0.0000,-0.0000,0.0000,-9654.8786,-1460.2973,-268.7081,nan,nan,nan,0.8932,-0.4476,-0.0431,0.0385,-0.0193,0.9991,90.000,nan,nan,nan,0.0000,0.0000,0.0000,nan,nan,nan,-9654.8786,-1460.2973,-268.7081,-9654.8786,-1460.2973,-268.7081,12.000,0,nan,nan
13.7630,132.5833,0,-9386.8955,-1594.5841,-301.6257,nan,nan,nan,0.9597,-0.2811,0.0000,0.2811,0.9597,0.0000,-0.0000,-0.0000,1.0000,0.0000,0.0000,0.0000,0.0000,-0.0000,0.0000,-9654.8781,-1460.2974,-268.7081,nan,nan,nan,0.8932,-0.4476,-0.0431,0.0385,-0.0193,0.9991,90.000,nan,nan,nan,0.0000,0.0000,0.0000,nan,nan,nan,-9654.8781,-1460.2974,-268.7081,-9654.8781,-1460.2974,-268.7081,12.000,0,nan,nan
13.7890,132.6167,0,-9386.8955,-1594.5841,-301.6257,nan,nan,nan,0.9597,-0.2811,0.0000,0.2811,0.9597,0.0000,-0.0000,-0.0000,1.0000,0.0000,0.0000,0.0000,0.0000,-0.0000,0.0000,-9654.8771,-1460.2977,-268.7081,nan,nan,nan,0.8932,-0.4476,-0.0431,0.0385,-0.0193,0.9991,90.000,nan,nan,nan,0.0000,0.0000,0.0000,nan,nan,nan,-9654.8771,-1460.2977,-268.7081,-9654.8771,-1460.2977,-268.7081,12.000,0,nan,nan
13.8130,132.6333,0,-9386.8955,-1594.5841,-301.6257,nan,nan,nan,0.9597,-0.2811,0.0000,0.2811,0.9597,0.0000,-0.0000,-0.0000,1.0000,0.0000,0.0000,0.0000,0.0000,-0.0000,0.0000,-9654.8767,-1460.2978,-268.7081,nan,nan,nan,0.8932,-0.4476,-0.0431,0.0385,-0.0193,0.9991,90.000,nan,nan,nan,0.0000,0.0000,0.0000,nan,nan,nan,-9654.8767,-1460.2978,-268.7081,-9654.8767,-1460.2978,-268.7081,12.000,0,nan,nan
13.8390,132.6667,0,-9386.8955,-1594.5841,-301.6257,nan,nan,nan,0.9597,-0.2811,0.0000,0.2811,0.9597,0.0000,-0.0000,-0.0000,1.0000,0.0000,0.0000,0.0000,0.0000,-0.0000,0.0000,-9654.8758,-1460.2981,-268.7081,nan,nan,nan,0.8932,-0.4476,-0.0431,0.0385,-0.0193,0.9991,90.000,nan,nan,nan,0.0000,0.0000,0.0000,nan,nan,nan,-9654.8758,-1460.2981,-268.7081,-9654.8758,-1460.2981,-268.7081,12.000,0,nan,nan
13.8660,132.6833,0,-9386.8955,-1594.5841,-301.6257,nan,nan,nan,0.9597,-0.2811,0.0000,0.2811,0.9597,0.0000,-0.0000,-0.0000,1.0000,0.0000,0.0000,0.0000,0.0000,-0.0000,0.0000,-9654.8754,-1460.2982,-268.7081,nan,nan,nan,0.8932,-0.4476,-0.0431,0.0385,-0.0193,0.9991,90.000,nan,nan,nan,0.0000,0.0000,0.0000,nan,nan,nan,-9654.8754,-1460.2982,-268.7081,-9654.8754,-1460.2982,-268.7081,12.000,0,nan,nan
13.8900,132.7167,0,-9386.8955,-1594.5841,-301.6257,nan,nan,nan,0.9597,-0.2811,0.0000,0.2811,0.9597,0.0000,-0.0000,-0.0000,1.0000,0.0000,0.0000,0.0000,0.0000,-0.0000,0.0000,-9654.8746,-1460.2985,-268.7081,nan,nan,nan,0.8932,-0.4476,-0.0431,0.0385,-0.0193,0.9991,90.000,nan,nan,nan,0.0000,0.0000,0.0000,nan,nan,nan,-9654.8746,-1460.2985,-268.7081,-9654.8746,-1460.2985,-268.7081,12.000,0,nan,nan
13.9170,132.7333,0,-9386.8955,-1594.5841,-301.6257,nan,nan,nan,0.9597,-0.2811,0.0000,0.2811,0.9597,0.0000,-0.0000,-0.0000,1.0000,0.0000,0.0000,0.0000,0.0000,-0.0000,0.0000,-9654.8742,-1460.2986,-268.7081,nan,nan,nan,0.8932,-0.4476,-0.0431,0.0385,-0.0193,0.9991,90.000,nan,nan,nan,0.0000,0.0000,0.0000,nan,nan,nan,-9654.8742,-1460.2986,-268.7081,-9654.8742,-1460.2986,-268.7081,12.000,0,nan,nan
13.9430,132.7667,0,-9386.8955,-1594.5841,-301.6257,nan,nan,nan,0.9597,-0.2811,0.0000,0.2811,0.9597,0.0000,-0.0000,-0.0000,1.0000,0.0000,0.0000,0.0000,0.0000,-0.0000,0.0000,-9654.8734,-1460.2988,-268.7081,nan,nan,nan,0.8932,-0.4476,-0.0431,0.0385,-0.0193,0.9991,90.000,nan,nan,nan,0.0000,0.0000,0.0000,nan,nan,nan,-9654.8734,-1460.2988,-268.7081,-9654.8734,-1460.2988,-268.7081,12.000,0,nan,nan
13.9690,132.8000,0,-9386.8955,-1594.5841,-301.6257,nan,nan,nan,0.9597,-0.2811,0.0000,0.2811,0.9597,0.0000,-0.0000,-0.0000,1.0000,0.0000,0.0000,0.0000,0.0000,-0.0000,0.0000,-9654.8727,-1460.2990,-268.7081,nan,nan,nan,0.8932,-0.4476,-0.0431,0.0385,-0.0193,0.9991,90.000,nan,nan,nan,0.0000,0.0000,0.0000,nan,nan,nan,-9654.8727,-1460.2990,-268.7081,-9654.8727,-1460.2990,-268.7081,12.000,0,nan,nan
13.9950,132.8167,0,-9386.8955,-1594.5841,-301.6257,nan,nan,nan,0.9597,-0.2811,0.0000,0.2811,0.9597,0.0000,-0.0000,-0.0000,1.0000,0.0000,0.0000,0.0000,0.0000,-0.0000,0.0000,-9654.8724,-1460.2991,-268.7081,nan,nan,nan,0.8932,-0.4476,-0.0431,0.0385,-0.0193,0.9991,90.000,nan,nan,nan,0.0000,0.0000,0.0000,nan,nan,nan,-9654.8724,-1460.2991,-268.7081,-9654.8724,-1460.2991,-268.7081,12.000,0,nan,nan
14.0210,132.8500,0,-9386.8955,-1594.5841,-301.6257,nan,nan,nan,0.9597,-0.2811,0.0000,0.2811,0.9597,0.0000,-0.0000,-0.0000,1.0000,0.0000,0.0000,0.0000,0.0000,-0.0000,0.0000,-9654.8717,-1460.2993,-268.7081,nan,nan,nan,0.8932,-0.4476,-0.0431,0.0385,-0.0193,0.9991,90.000,nan,nan,nan,0.0000,0.0000,0.0000,nan,nan,nan,-9654.8717,-1460.2993,-268.7081,-9654.8717,-1460.2993,-268.7081,12.000,0,nan,nan
14.0480,132.8667,0,-9386.8955,-1594.5841,-301.6257,nan,nan,nan,0.9597,-0.2811,0.0000,0.2811,0.9597,0.0000,-0.0000,-0.0000,1.0000,0.0000,0.0000,0.0000,0.0000,-0.0000,0.0000,-9654.8714,-1460.2994,-268.7081,nan,nan,nan,0.8932,-0.4476,-0.0431,0.0385,-0.0193,0.9991,90.000,nan,nan,nan,0.0000,0.0000,0.0000,nan,nan,nan,-9654.8714,-1460.2994,-268.7081,-9654.8714,-1460.2994,-268.7081,12.000,0,nan,nan
14.0730,132.9000,0,-9386.8955,-1594.5841,-301.6257,nan,nan,nan,0.9597,-0.2811,0.0000,0.2811,0.9597,0.0000,-0.0000,-0.0000,1.0000,0.0000,0.0000,0.0000,0.0000,-0.0000,0.0000,-9654.8707,-1460.2996,-268.7081,nan,nan,nan,0.8932,-0.4476,-0.0431,0.0385,-0.0193,0.9991,90.000,nan,nan,nan,0.0000,0.0000,0.0000,nan,nan,nan,-9654.8707,-1460.2996,-268.7081,-9654.8707,-1460.2996,-268.7081,12.000,0,nan,nan
14.0990,132.9167,0,-9386.8955,-1594.5841,-301.6257,nan,nan,nan,0.9597,-0.2811,0.0000,0.2811,0.9597,0.0000,-0.0000,-0.0000,1.0000,0.0000,0.0000,0.0000,0.0000,-0.0000,0.0000,-9654.8704,-1460.2997,-268.7081,nan,nan,nan,0.8932,-0.4476,-0.0431,0.0385,-0.0193,0.9991,90.000,nan,nan,nan,0.0000,0.0000,0.0000,nan,nan,nan,-9654.8704,-1460.2997,-268.7081,-9654.8704,-1460.2997,-268.7081,12.000,0,nan,nan
14.1240,132.9500,0,-9386.8955,-1594.5841,-301.6257,nan,nan,nan,0.9597,-0.2811,0.0000,0.2811,0.9597,0.0000,-0.0000,-0.0000,1.0000,0.0000,0.0000,0.0000,0.0000,-0.0000,0.0000,-9654.8698,-1460.2998,-268.7081,nan,nan,nan,0.8932,-0.4476,-0.0431,0.0385,-0.0193,0.9991,90.000,nan,nan,nan,0.0000,0.0000,0.0000,nan,nan,nan,-9654.8698,-1460.2998,-268.7081,-9654.8698,-1460.2998,-268.7081,12.000,0,nan,nan
14.1520,132.9833,0,-9386.8955,-1594.5841,-301.6257,nan,nan,nan,0.9597,-0.2811,0.0000,0.2811,0.9597,0.0000,-0.0000,-0.0000,1.0000,0.0000,0.0000,0.0000,0.0000,-0.0000,0.0000,-9654.8693,-1460.3000,-268.7081,nan,nan,nan,0.8932,-0.4476,-0.0431,0.0385,-0.0193,0.9991,90.000,nan,nan,nan,0.0000,0.0000,0.0000,nan,nan,nan,-9654.8693,-1460.3000,-268.7081,-9654.8693,-1460.3000,-268.7081,12.000,0,nan,nan
14.1770,133.0000,0,-9386.8955,-1594.5841,-301.6257,nan,nan,nan,0.9597,-0.2811,0.0000,0.2811,0.9597,0.0000,-0.0000,-0.0000,1.0000,0.0000,0.0000,0.0000,0.0000,-0.0000,0.0000,-9654.8690,-1460.3001,-268.7081,nan,nan,nan,0.8932,-0.4476,-0.0431,0.0385,-0.0193,0.9991,90.000,nan,nan,nan,0.0000,0.0000,0.0000,nan,nan,nan,-9654.8690,-1460.3001,-268.7081,-9654.8690,-1460.3001,-268.7081,12.000,0,nan,nan
14.2010,133.0333,0,-9386.8955,-1594.5841,-301.6257,nan,nan,nan,0.9597,-0.2811,0.0000,0.2811,0.9597,0.0000,-0.0000,-0.0000,1.0000,0.0000,0.0000,0.0000,0.0000,-0.0000,0.0000,-9654.8685,-1460.3002,-268.7081,nan,nan,nan,0.8932,-0.4476,-0.0431,0.0385,-0.0193,0.9991,90.000,nan,nan,nan,0.0000,0.0000,0.0000,nan,nan,nan,-9654.8685,-1460.3002,-268.7081,-9654.8685,-1460.3002,-268.7081,12.000,0,nan,nan
14.2280,133.0500,0,-9386.8955,-1594.5841,-301.6257,nan,nan,nan,0.9597,-0.2811,0.0000,0.2811,0.9597,0.0000,-0.0000,-0.0000,1.0000,0.0000,0.0000,0.0000,0.0000,-0.0000,0.0000,-9654.8682,-1460.3003,-268.7081,nan,nan,nan,0.8932,-0.4476,-0.0431,0.0385,-0.0193,0.9991,90.000,nan,nan,nan,0.0000,0.0000,0.0000,nan,nan,nan,-9654.8682,-1460.3003,-268.7081,-9654.8682,-1460.3003,-268.7081,12.000,0,nan,nan
14.2550,133.0833,0,-9386.8955,-1594.5841,-301.6257,nan,nan,nan,0.9597,-0.2811,0.0000,0.2811,0.9597,0.0000,-0.0000,-0.0000,1.0000,0.0000,0.0000,0.0000,0.0000,-0.0000,0.0000,-9654.8677,-1460.3005,-268.7081,nan,nan,nan,0.8932,-0.4476,-0.0431,0.0385,-0.0193,0.9991,90.000,nan,nan,nan,0.0000,0.0000,0.0000,nan,nan,nan,-9654.8677,-1460.3005,-268.7081,-9654.8677,-1460.3005,-268.7081,12.000,0,nan,nan
14.2800,133.1000,0,-9386.8955,-1594.5841,-301.6257,nan,nan,nan,0.9597,-0.2811,0.0000,0.2811,0.9597,0.0000,-0.0000,-0.0000,1.0000,0.0000,0.0000,0.0000,0.0000,-0.0000,0.0000,-9654.8675,-1460.3005,-268.7081,nan,nan,nan,0.8932,-0.4476,-0.0431,0.0385,-0.0193,0.9991,90.000,nan,nan,nan,0.0000,0.0000,0.0000,nan,nan,nan,-9654.8675,-1460.3005,-268.7081,-9654.8675,-1460.3005,-268.7081,12.000,0,nan,nan
14.3060,133.1333,0,-9386.8955,-1594.5841,-301.6257,nan,nan,nan,0.9597,-0.2811,0.0000,0.2811,0.9597,0.0000,-0.0000,-0.0000,1.0000,0.0000,0.0000,0.0000,0.0000,-0.0000,0.0000,-9654.8670,-1460.3007,-268.7081,nan,nan,nan,0.8932,-0.4476,-0.0431,0.0385,-0.0193,0.9991,90.000,nan,nan,nan,0.0000,0.0000,0.0000,nan,nan,nan,-9654.8670,-1460.3007,-268.7081,-9654.8670,-1460.3007,-268.7081,12.000,0,nan,nan
14.3320,133.1500,0,-9386.8955,-1594.5841,-301.6257,nan,nan,nan,0.9597,-0.2811,0.0000,0.2811,0.9597,0.0000,-0.0000,-0.0000,1.0000,0.0000,0.0000,0.0000,0.0000,-0.0000,0.0000,-9654.8668,-1460.3007,-268.7081,nan,nan,nan,0.8932,-0.4476,-0.0431,0.0385,-0.0193,0.9991,90.000,nan,nan,nan,0.0000,0.0000,0.0000,nan,nan,nan,-9654.8668,-1460.3007,-268.7081,-9654.8668,-1460.3007,-268.7081,12.000,0,nan,nan
14.3580,133.1833,0,-9386.8955,-1594.5841,-301.6257,nan,nan,nan,0.9597,-0.2811,0.0000,0.2811,0.9597,0.0000,-0.0000,-0.0000,1.0000,0.0000,0.0000,0.0000,0.0000,-0.0000,0.0000,-9654.8664,-1460.3009,-268.7081,nan,nan,nan,0.8932,-0.4476,-0.0431,0.0385,-0.0193,0.9991,90.000,nan,nan,nan,0.0000,0.0000,0.0000,nan,nan,nan,-9654.8664,-1460.3009,-268.7081,-9654.8664,-1460.3009,-268.7081,12.000,0,nan,nan
14.3830,133.2167,0,-9386.8955,-1594.5841,-301.6257,nan,nan,nan,0.9597,-0.2811,0.0000,0.2811,0.9597,0.0000,-0.0000,-0.0000,1.0000,0.0000,0.0000,0.0000,0.0000,-0.0000,0.0000,-9654.8660,-1460.3010,-268.7081,nan,nan,nan,0.8932,-0.4476,-0.0431,0.0385,-0.0193,0.9991,90.000,nan,nan,nan,0.0000,0.0000,0.0000,nan,nan,nan,-9654.8660,-1460.3010,-268.7081,-9654.8660,-1460.3010,-268.7081,12.000,0,nan,nan
14.4090,133.2333,0,-9386.8955,-1594.5841,-301.6257,nan,nan,nan,0.9597,-0.2811,0.0000,0.2811,0.9597,0.0000,-0.0000,-0.0000,1.0000,0.0000,0.0000,0.0000,0.0000,-0.0000,0.0000,-9654.8658,-1460.3010,-268.7081,nan,nan,nan,0.8932,-0.4476,-0.0431,0.0385,-0.0193,0.9991,90.000,nan,nan,nan,0.0000,0.0000,0.0000,nan,nan,nan,-9654.8658,-1460.3010,-268.7081,-9654.8658,-1460.3010,-268.7081,12.000,0,nan,nan
14.4350,133.2667,0,-9386.8955,-1594.5841,-301.6257,nan,nan,nan,0.9597,-0.2811,0.0000,0.2811,0.9597,0.0000,-0.0000,-0.0000,1.0000,0.0000,0.0000,0.0000,0.0000,-0.0000,0.0000,-9654.8654,-1460.3012,-268.7081,nan,nan,nan,0.8932,-0.4476,-0.0431,0.0385,-0.0193,0.9991,90.000,nan,nan,nan,0.0000,0.0000,0.0000,nan,nan,nan,-9654.8654,-1460.3012,-268.7081,-9654.8654,-1460.3012,-268.7081,12.000,0,nan,nan
14.4600,133.2833,0,-9386.8955,-1594.5841,-301.6257,nan,nan,nan,0.9597,-0.2811,0.0000,0.2811,0.9597,0.0000,-0.0000,-0.0000,1.0000,0.0000,0.0000,0.0000,0.0000,-0.0000,0.0000,-9654.8652,-1460.3012,-268.7081,nan,nan,nan,0.8932,-0.4476,-0.0431,0.0385,-0.0193,0.9991,90.000,nan,nan,nan,0.0000,0.0000,0.0000,nan,nan,nan,-9654.8652,-1460.3012,-268.7081,-9654.8652,-1460.3012,-268.7081,12.000,0,nan,nan
14.4850,133.3167,0,-9386.8955,-1594.5841,-301.6257,nan,nan,nan,0.9597,-0.2811,0.0000,0.2811,0.9597,0.0000,-0.0000,-0.0000,1.0000,0.0000,0.0000,0.0000,0.0000,-0.0000,0.0000,-9654.8648,-1460.3013,-268.7081,nan,nan,nan,0.8932,-0.4476,-0.0431,0.0385,-0.0193,0.9991,90.000,nan,nan,nan,0.0000,0.0000,0.0000,nan,nan,nan,-9654.8648,-1460.3013,-268.7081,-9654.8648,-1460.3013,-268.7081,12.000,0,nan,nan
14.5120,133.3333,0,-9386.8955,-1594.5841,-301.6257,nan,nan,nan,0.9597,-0.2811,0.0000,0.2811,0.9597,0.0000,-0.0000,-0.0000,1.0000,0.0000,0.0000,0.0000,0.0000,-0.0000,0.0000,-9654.8647,-1460.3014,-268.7081,nan,nan,nan,0.8932,-0.4476,-0.0431,0.0385,-0.0193,0.9991,90.000,nan,nan,nan,0.0000,0.0000,0.0000,nan,nan,nan,-9654.8647,-1460.3014,-268.7081,-9654.8647,-1460.3014,-268.7081,12.000,0,nan,nan
14.5370,133.3667,0,-9386.8955,-1594.5841,-301.6257,nan,nan,nan,0.9597,-0.2811,0.0000,0.2811,0.9597,0.0000,-0.0000,-0.0000,1.0000,0.0000,0.0000,0.0000,0.0000,-0.0000,0.0000,-9654.8643,-1460.3015,-268.7081,nan,nan,nan,0.8932,-0.4476,-0.0431,0.0385,-0.0193,0.9991,90.000,nan,nan,nan,0.0000,0.0000,0.0000,nan,nan,nan,-9654.8643,-1460.3015,-268.7081,-9654.8643,-1460.3015,-268.7081,12.000,0,nan,nan
14.5620,133.3833,0,-9386.8955,-1594.5841,-301.6257,nan,nan,nan,0.9597,-0.2811,0.0000,0.2811,0.9597,0.0000,-0.0000,-0.0000,1.0000,0.0000,0.0000,0.0000,0.0000,-0.0000,0.0000,-9654.8641,-1460.3015,-268.7081,nan,nan,nan,0.8932,-0.4476,-0.0431,0.0385,-0.0193,0.9991,90.000,nan,nan,nan,0.0000,0.0000,0.0000,nan,nan,nan,-9654.8641,-1460.3015,-268.7081,-9654.8641,-1460.3015,-268.7081,12.000,0,nan,nan
14.5890,133.4167,0,-9386.8955,-1594.5841,-301.6257,nan,nan,nan,0.9597,-0.2811,0.0000,0.2811,0.9597,0.0000,-0.0000,-0.0000,1.0000,0.0000,0.0000,0.0000,0.0000,-0.0000,0.0000,-9654.8638,-1460.3016,-268.7081,nan,nan,nan,0.8932,-0.4476,-0.0431,0.0385,-0.0193,0.9991,90.000,nan,nan,nan,0.0000,0.0000,0.0000,nan,nan,nan,-9654.8638,-1460.3016,-268.7081,-9654.8638,-1460.3016,-268.7081,12.000,0,nan,nan
14.6140,133.4333,0,-9386.8955,-1594.5841,-301.6257,nan,nan,nan,0.9597,-0.2811,0.0000,0.2811,0.9597,0.0000,-0.0000,-0.0000,1.0000,0.0000,0.0000,0.0000,0.0000,-0.0000,0.0000,-9654.8637,-1460.3017,-268.7081,nan,nan,nan,0.8932,-0.4476,-0.0431,0.0385,-0.0193,0.9991,90.000,nan,nan,nan,0.0000,0.0000,0.0000,nan,nan,nan,-9654.8637,-1460.3017,-268.7081,-9654.8637,-1460.3017,-268.7081,12.000,0,nan,nan
14.6390,133.4667,0,-9386.8955,-1594.5841,-301.6257,nan,nan,nan,0.9597,-0.2811,0.0000,0.2811,0.9597,0.0000,-0.0000,-0.0000,1.0000,0.0000,0.0000,0.0000,0.0000,-0.0000,0.0000,-9654.8634,-1460.3017,-268.7081,nan,nan,nan,0.8932,-0.4476,-0.0431,0.0385,-0.0193,0.9991,90.000,nan,nan,nan,0.0000,0.0000,0.0000,nan,nan,nan,-9654.8634,-1460.3017,-268.7081,-9654.8634,-1460.3017,-268.7081,12.000,0,nan,nan
14.6660,133.4833,0,-9386.8955,-1594.5841,-301.6257,nan,nan,nan,0.9597,-0.2811,0.0000,0.2811,0.9597,0.0000,-0.0000,-0.0000,1.0000,0.0000,0.0000,0.0000,0.0000,-0.0000,0.0000,-9654.8632,-1460.3018,-268.7081,nan,nan,nan,0.8932,-0.4476,-0.0431,0.0385,-0.0193,0.9991,90.000,nan,nan,nan,0.0000,0.0000,0.0000,nan,nan,nan,-9654.8632,-1460.3018,-268.7081,-9654.8632,-1460.3018,-268.7081,12.000,0,nan,nan
14.6920,133.5167,0,-9386.8955,-1594.5841,-301.6257,nan,nan,nan,0.9597,-0.2811,0.0000,0.2811,0.9597,0.0000,-0.0000,-0.0000,1.0000,0.0000,0.0000,0.0000,0.0000,-0.0000,0.0000,-9654.8629,-1460.3019,-268.7081,nan,nan,nan,0.8932,-0.4476,-0.0431,0.0385,-0.0193,0.9991,90.000,nan,nan,nan,0.0000,0.0000,0.0000,nan,nan,nan,-9654.8629,-1460.3019,-268.7081,-9654.8629,-1460.3019,-268.7081,12.000,0,nan,nan
14.7170,133.5500,0,-9386.8955,-1594.5841,-301.6257,nan,nan,nan,0.9597,-0.2811,0.0000,0.2811,0.9597,0.0000,-0.0000,-0.0000,1.0000,0.0000,0.0000,0.0000,0.0000,-0.0000,0.0000,-9654.8627,-1460.3019,-268.7081,nan,nan,nan,0.8932,-0.4476,-0.0431,0.0385,-0.0193,0.9991,90.000,nan,nan,nan,0.0000,0.0000,0.0000,nan,nan,nan,-9654.8627,-1460.3019,-268.7081,-9654.8627,-1460.3019,-268.7081,12.000,0,nan,nan
14.7420,133.5667,0,-9386.8955,-1594.5841,-301.6257,nan,nan,nan,0.9597,-0.2811,0.0000,0.2811,0.9597,0.0000,-0.0000,-0.0000,1.0000,0.0000,0.0000,0.0000,0.0000,-0.0000,0.0000,-9654.8625,-1460.3020,-268.7081,nan,nan,nan,0.8932,-0.4476,-0.0431,0.0385,-0.0193,0.9991,90.000,nan,nan,nan,0.0000,0.0000,0.0000,nan,nan,nan,-9654.8625,-1460.3020,-268.7081,-9654.8625,-1460.3020,-268.7081,12.000,0,nan,nan
14.7680,133.6000,0,-9386.8955,-1594.5841,-301.6257,nan,nan,nan,0.9597,-0.2811,0.0000,0.2811,0.9597,0.0000,-0.0000,-0.0000,1.0000,0.0000,0.0000,0.0000,0.0000,-0.0000,0.0000,-9654.8623,-1460.3021,-268.7081,nan,nan,nan,0.8932,-0.4476,-0.0431,0.0385,-0.0193,0.9991,90.000,nan,nan,nan,0.0000,0.0000,0.0000,nan,nan,nan,-9654.8623,-1460.3021,-268.7081,-9654.8623,-1460.3021,-268.7081,12.000,0,nan,nan
14.7950,133.6167,0,-9386.8955,-1594.5841,-301.6257,nan,nan,nan,0.9597,-0.2811,0.0000,0.2811,0.9597,0.0000,-0.0000,-0.0000,1.0000,0.0000,0.0000,0.0000,0.0000,-0.0000,0.0000,-9654.8621,-1460.3021,-268.7081,nan,nan,nan,0.8932,-0.4476,-0.0431,0.0385,-0.0193,0.9991,90.000,nan,nan,nan,0.0000,0.0000,0.0000,nan,nan,nan,-9654.8621,-1460.3021,-268.7081,-9654.8621,-1460.3021,-268.7081,12.000,0,nan,nan
14.8190,133.6500,0,-9386.8955,-1594.5841,-301.6257,nan,nan,nan,0.9597,-0.2811,0.0000,0.2811,0.9597,0.0000,-0.0000,-0.0000,1.0000,0.0000,0.0000,0.0000,0.0000,-0.0000,0.0000,-9654.8619,-1460.3022,-268.7081,nan,nan,nan,0.8932,-0.4476,-0.0431,0.0385,-0.0193,0.9991,90.000,nan,nan,nan,0.0000,0.0000,0.0000,nan,nan,nan,-9654.8619,-1460.3022,-268.7081,-9654.8619,-1460.3022,-268.7081,12.000,0,nan,nan
14.8450,133.6667,0,-9386.8955,-1594.5841,-301.6257,nan,nan,nan,0.9597,-0.2811,0.0000,0.2811,0.9597,0.0000,-0.0000,-0.0000,1.0000,0.0000,0.0000,0.0000,0.0000,-0.0000,0.0000,-9654.8618,-1460.3022,-268.7081,nan,nan,nan,0.8932,-0.4476,-0.0431,0.0385,-0.0193,0.9991,90.000,nan,nan,nan,0.0000,0.0000,0.0000,nan,nan,nan,-9654.8618,-1460.3022,-268.7081,-9654.8618,-1460.3022,-268.7081,12.000,0,nan,nan
14.8700,133.7000,0,-9386.8955,-1594.5841,-301.6257,nan,nan,nan,0.9597,-0.2811,0.0000,0.2811,0.9597,0.0000,-0.0000,-0.0000,1.0000,0.0000,0.0000,0.0000,0.0000,-0.0000,0.0000,-9654.8616,-1460.3023,-268.7081,nan,nan,nan,0.8932,-0.4476,-0.0431,0.0385,-0.0193,0.9991,90.000,nan,nan,nan,0.0000,0.0000,0.0000,nan,nan,nan,-9654.8616,-1460.3023,-268.7081,-9654.8616,-1460.3023,-268.7081,12.000,0,nan,nan
14.9020,133.7167,0,-9386.8955,-1594.5841,-301.6257,nan,nan,nan,0.9597,-0.2811,0.0000,0.2811,0.9597,0.0000,-0.0000,-0.0000,1.0000,0.0000,0.0000,0.0000,0.0000,-0.0000,0.0000,-9654.8614,-1460.3023,-268.7081,nan,nan,nan,0.8932,-0.4476,-0.0431,0.0385,-0.0193,0.9991,90.000,nan,nan,nan,0.0000,0.0000,0.0000,nan,nan,nan,-9654.8614,-1460.3023,-268.7081,-9654.8614,-1460.3023,-268.7081,12.000,0,nan,nan
14.9280,133.7500,0,-9386.8955,-1594.5841,-301.6257,nan,nan,nan,0.9597,-0.2811,0.0000,0.2811,0.9597,0.0000,-0.0000,-0.0000,1.0000,0.0000,0.0000,0.0000,0.0000,-0.0000,0.0000,-9654.8612,-1460.3024,-268.7081,nan,nan,nan,0.8932,-0.4476,-0.0431,0.0385,-0.0193,0.9991,90.000,nan,nan,nan,0.0000,0.0000,0.0000,nan,nan,nan,-9654.8612,-1460.3024,-268.7081,-9654.8612,-1460.3024,-268.7081,12.000,0,nan,nan
14.9550,133.7833,0,-9386.8955,-1594.5841,-301.6257,nan,nan,nan,0.9597,-0.2811,0.0000,0.2811,0.9597,0.0000,-0.0000,-0.0000,1.0000,0.0000,0.0000,0.0000,0.0000,-0.0000,0.0000,-9654.8610,-1460.3024,-268.7081,nan,nan,nan,0.8932,-0.4476,-0.0431,0.0385,-0.0193,0.9991,90.000,nan,nan,nan,0.0000,0.0000,0.0000,nan,nan,nan,-9654.8610,-1460.3024,-268.7081,-9654.8610,-1460.3024,-268.7081,12.000,0,nan,nan
14.9810,133.8000,0,-9386.8955,-1594.5841,-301.6257,nan,nan,nan,0.9597,-0.2811,0.0000,0.2811,0.9597,0.0000,-0.0000,-0.0000,1.0000,0.0000,0.0000,0.0000,0.0000,-0.0000,0.0000,-9654.8609,-1460.3025,-268.7081,nan,nan,nan,0.8932,-0.4476,-0.0431,0.0385,-0.0193,0.9991,90.000,nan,nan,nan,0.0000,0.0000,0.0000,nan,nan,nan,-9654.8609,-1460.3025,-268.7081,-9654.8609,-1460.3025,-268.7081,12.000,0,nan,nan
15.0070,133.8333,0,-9386.8955,-1594.5841,-301.6257,nan,nan,nan,0.9597,-0.2811,0.0000,0.2811,0.9597,0.0000,-0.0000,-0.0000,1.0000,0.0000,0.0000,0.0000,0.0000,-0.0000,0.0000,-9654.8607,-1460.3025,-268.7081,nan,nan,nan,0.8932,-0.4476,-0.0431,0.0385,-0.0193,0.9991,90.000,nan,nan,nan,0.0000,0.0000,0.0000,nan,nan,nan,-9654.8607,-1460.3025,-268.7081,-9654.8607,-1460.3025,-268.7081,12.000,0,nan,nan
15.0320,133.8500,0,-9386.8955,-1594.5841,-301.6257,nan,nan,nan,0.9597,-0.2811,0.0000,0.2811,0.9597,0.0000,-0.0000,-0.0000,1.0000,0.0000,0.0000,0.0000,0.0000,-0.0000,0.0000,-9654.8607,-1460.3025,-268.7081,nan,nan,nan,0.8932,-0.4476,-0.0431,0.0385,-0.0193,0.9991,90.000,nan,nan,nan,0.0000,0.0000,0.0000,nan,nan,nan,-9654.8607,-1460.3025,-268.7081,-9654.8607,-1460.3025,-268.7081,12.000,0,nan,nan
15.0570,133.8833,0,-9386.8955,-1594.5841,-301.6257,nan,nan,nan,0.9597,-0.2811,0.0000,0.2811,0.9597,0.0000,-0.0000,-0.0000,1.0000,0.0000,0.0000,0.0000,0.0000,-0.0000,0.0000,-9654.8604,-1460.3026,-268.7081,nan,nan,nan,0.8932,-0.4476,-0.0431,0.0385,-0.0193,0.9991,90.000,nan,nan,nan,0.0000,0.0000,0.0000,nan,nan,nan,-9654.8604,-1460.3026,-268.7081,-9654.8604,-1460.3026,-268.7081,12.000,0,nan,nan
15.0830,133.9167,0,-9386.8955,-1594.5841,-301.6257,nan,nan,nan,0.9597,-0.2811,0.0000,0.2811,0.9597,0.0000,-0.0000,-0.0000,1.0000,0.0000,0.0000,0.0000,0.0000,-0.0000,0.0000,-9654.8603,-1460.3027,-268.7081,nan,nan,nan,0.8932,-0.4476,-0.0431,0.0385,-0.0193,0.9991,90.000,nan,nan,nan,0.0000,0.0000,0.0000,nan,nan,nan,-9654.8603,-1460.3027,-268.7081,-9654.8603,-1460.3027,-268.7081,12.000,0,nan,nan
15.1100,133.9333,0,-9386.8955,-1594.5841,-301.6257,nan,nan,nan,0.9597,-0.2811,0.0000,0.2811,0.9597,0.0000,-0.0000,-0.0000,1.0000,0.0000,0.0000,0.0000,0.0000,-0.0000,0.0000,-9654.8603,-1460.3027,-268.7081,nan,nan,nan,0.8932,-0.4476,-0.0431,0.0385,-0.0193,0.9991,90.000,nan,nan,nan,0.0000,0.0000,0.0000,nan,nan,nan,-9654.8603,-1460.3027,-268.7081,-9654.8603,-1460.3027,-268.7081,12.000,0,nan,nan
15.1360,133.9667,0,-9386.8955,-1594.5841,-301.6257,nan,nan,nan,0.9597,-0.2811,0.0000,0.2811,0.9597,0.0000,-0.0000,-0.0000,1.0000,0.0000,0.0000,0.0000,0.0000,-0.0000,0.0000,-9654.8600,-1460.3027,-268.7081,nan,nan,nan,0.8932,-0.4476,-0.0431,0.0385,-0.0193,0.9991,90.000,nan,nan,nan,0.0000,0.0000,0.0000,nan,nan,nan,-9654.8600,-1460.3027,-268.7081,-9654.8600,-1460.3027,-268.7081,12.000,0,nan,nan
15.1610,133.9833,0,-9386.8955,-1594.5841,-301.6257,nan,nan,nan,0.9597,-0.2811,0.0000,0.2811,0.9597,0.0000,-0.0000,-0.0000,1.0000,0.0000,0.0000,0.0000,0.0000,-0.0000,0.0000,-9654.8600,-1460.3027,-268.7081,nan,nan,nan,0.8932,-0.4476,-0.0431,0.0385,-0.0193,0.9991,90.000,nan,nan,nan,0.0000,0.0000,0.0000,nan,nan,nan,-9654.8600,-1460.3027,-268.7081,-9654.8600,-1460.3027,-268.7081,12.000,0,nan,nan
15.1870,134.0167,0,-9386.8955,-1594.5841,-301.6257,nan,nan,nan,0.9597,-0.2811,0.0000,0.2811,0.9597,0.0000,-0.0000,-0.0000,1.0000,0.0000,0.0000,0.0000,0.0000,-0.0000,0.0000,-9654.8598,-1460.3028,-268.7081,nan,nan,nan,0.8932,-0.4476,-0.0431,0.0385,-0.0193,0.9991,90.000,nan,nan,nan,0.0000,0.0000,0.0000,nan,nan,nan,-9654.8598,-1460.3028,-268.7081,-9654.8598,-1460.3028,-268.7081,12.000,0,nan,nan
15.2140,134.0333,0,-9386.8955,-1594.5841,-301.6257,nan,nan,nan,0.9597,-0.2811,0.0000,0.2811,0.9597,0.0000,-0.0000,-0.0000,1.0000,0.0000,0.0000,0.0000,0.0000,-0.0000,0.0000,-9654.8598,-1460.3028,-268.7081,nan,nan,nan,0.8932,-0.4476,-0.0431,0.0385,-0.0193,0.9991,90.000,nan,nan,nan,0.0000,0.0000,0.0000,nan,nan,nan,-9654.8598,-1460.3028,-268.7081,-9654.8598,-1460.3028,-268.7081,12.000,0,nan,nan
15.2400,134.0667,0,-9386.8955,-1594.5841,-301.6257,nan,nan,nan,0.9597,-0.2811,0.0000,0.2811,0.9597,0.0000,-0.0000,-0.0000,1.0000,0.0000,0.0000,0.0000,0.0000,-0.0000,0.0000,-9654.8595,-1460.3029,-268.7081,nan,nan,nan,0.8932,-0.4476,-0.0431,0.0385,-0.0193,0.9991,90.000,nan,nan,nan,0.0000,0.0000,0.0000,nan,nan,nan,-9654.8595,-1460.3029,-268.7081,-9654.8595,-1460.3029,-268.7081,12.000,0,nan,nan
15.2650,134.0833,0,-9386.8955,-1594.5841,-301.6257,nan,nan,nan,0.9597,-0.2811,0.0000,0.2811,0.9597,0.0000,-0.0000,-0.0000,1.0000,0.0000,0.0000,0.0000,0.0000,-0.0000,0.0000,-9654.8595,-1460.3029,-268.7081,nan,nan,nan,0.8932,-0.4476,-0.0431,0.0385,-0.0193,0.9991,90.000,nan,nan,nan,0.0000,0.0000,0.0000,nan,nan,nan,-9654.8595,-1460.3029,-268.7081,-9654.8595,-1460.3029,-268.7081,12.000,0,nan,nan
15.2900,134.1167,0,-9386.8955,-1594.5841,-301.6257,nan,nan,nan,0.9597,-0.2811,0.0000,0.2811,0.9597,0.0000,-0.0000,-0.0000,1.0000,0.0000,0.0000,0.0000,0.0000,-0.0000,0.0000,-9654.8593,-1460.3029,-268.7081,nan,nan,nan,0.8932,-0.4476,-0.0431,0.0385,-0.0193,0.9991,90.000,nan,nan,nan,0.0000,0.0000,0.0000,nan,nan,nan,-9654.8593,-1460.3029,-268.7081,-9654.8593,-1460.3029,-268.7081,12.000,0,nan,nan
15.3190,134.1333,0,-9386.8955,-1594.5841,-301.6257,nan,nan,nan,0.9597,-0.2811,0.0000,0.2811,0.9597,0.0000,-0.0000,-0.0000,1.0000,0.0000,0.0000,0.0000,0.0000,-0.0000,0.0000,-9654.8593,-1460.3029,-268.7081,nan,nan,nan,0.8932,-0.4476,-0.0431,0.0385,-0.0193,0.9991,90.000,nan,nan,nan,0.0000,0.0000,0.0000,nan,nan,nan,-9654.8593,-1460.3029,-268.7081,-9654.8593,-1460.3029,-268.7081,12.000,0,nan,nan
15.3470,134.1667,0,-9386.8955,-1594.5841,-301.6257,nan,nan,nan,0.9597,-0.2811,0.0000,0.2811,0.9597,0.0000,-0.0000,-0.0000,1.0000,0.0000,0.0000,0.0000,0.0000,-0.0000,0.0000,-9654.8591,-1460.3030,-268.7081,nan,nan,nan,0.8932,-0.4476,-0.0431,0.0385,-0.0193,0.9991,90.000,nan,nan,nan,0.0000,0.0000,0.0000,nan,nan,nan,-9654.8591,-1460.3030,-268.7081,-9654.8591,-1460.3030,-268.7081,12.000,0,nan,nan
15.3720,134.2000,0,-9386.8955,-1594.5841,-301.6257,nan,nan,nan,0.9597,-0.2811,0.0000,0.2811,0.9597,0.0000,-0.0000,-0.0000,1.0000,0.0000,0.0000,0.0000,0.0000,-0.0000,0.0000,-9654.8590,-1460.3030,-268.7081,nan,nan,nan,0.8932,-0.4476,-0.0431,0.0385,-0.0193,0.9991,90.000,nan,nan,nan,0.0000,0.0000,0.0000,nan,nan,nan,-9654.8590,-1460.3030,-268.7081,-9654.8590,-1460.3030,-268.7081,12.000,0,nan,nan
15.3970,134.2167,0,-9386.8955,-1594.5841,-301.6257,nan,nan,nan,0.9597,-0.2811,0.0000,0.2811,0.9597,0.0000,-0.0000,-0.0000,1.0000,0.0000,0.0000,0.0000,0.0000,-0.0000,0.0000,-9654.8590,-1460.3030,-268.7081,nan,nan,nan,0.8932,-0.4476,-0.0431,0.0385,-0.0193,0.9991,90.000,nan,nan,nan,0.0000,0.0000,0.0000,nan,nan,nan,-9654.8590,-1460.3030,-268.7081,-9654.8590,-1460.3030,-268.7081,12.000,0,nan,nan
15.4230,134.2500,0,-9386.8955,-1594.5841,-301.6257,nan,nan,nan,0.9597,-0.2811,0.0000,0.2811,0.9597,0.0000,-0.0000,-0.0000,1.0000,0.0000,0.0000,0.0000,0.0000,-0.0000,0.0000,-9654.8588,-1460.3031,-268.7081,nan,nan,nan,0.8932,-0.4476,-0.0431,0.0385,-0.0193,0.9991,90.000,nan,nan,nan,0.0000,0.0000,0.0000,nan,nan,nan,-9654.8588,-1460.3031,-268.7081,-9654.8588,-1460.3031,-268.7081,12.000,0,nan,nan
15.4490,134.2667,0,-9386.8955,-1594.5841,-301.6257,nan,nan,nan,0.9597,-0.2811,0.0000,0.2811,0.9597,0.0000,-0.0000,-0.0000,1.0000,0.0000,0.0000,0.0000,0.0000,-0.0000,0.0000,-9654.8588,-1460.3031,-268.7081,nan,nan,nan,0.8932,-0.4476,-0.0431,0.0385,-0.0193,0.9991,90.000,nan,nan,nan,0.0000,0.0000,0.0000,nan,nan,nan,-9654.8588,-1460.3031,-268.7081,-9654.8588,-1460.3031,-268.7081,12.000,0,nan,nan
15.4750,134.3000,0,-9386.8955,-1594.5841,-301.6257,nan,nan,nan,0.9597,-0.2811,0.0000,0.2811,0.9597,0.0000,-0.0000,-0.0000,1.0000,0.0000,0.0000,0.0000,0.0000,-0.0000,0.0000,-9654.8586,-1460.3031,-268.7081,nan,nan,nan,0.8932,-0.4476,-0.0431,0.0385,-0.0193,0.9991,90.000,nan,nan,nan,0.0000,0.0000,0.0000,nan,nan,nan,-9654.8586,-1460.3031,-268.7081,-9654.8586,-1460.3031,-268.7081,12.000,0,nan,nan
15.5000,134.3333,0,-9386.8955,-1594.5841,-301.6257,nan,nan,nan,0.9597,-0.2811,0.0000,0.2811,0.9597,0.0000,-0.0000,-0.0000,1.0000,0.0000,0.0000,0.0000,0.0000,-0.0000,0.0000,-9654.8585,-1460.3032,-268.7081,nan,nan,nan,0.8932,-0.4476,-0.0431,0.0385,-0.0193,0.9991,90.000,nan,nan,nan,0.0000,0.0000,0.0000,nan,nan,nan,-9654.8585,-1460.3032,-268.7081,-9654.8585,-1460.3032,-268.7081,12.000,0,nan,nan
15.5260,134.3500,0,-9386.8955,-1594.5841,-301.6257,nan,nan,nan,0.9597,-0.2811,0.0000,0.2811,0.9597,0.0000,-0.0000,-0.0000,1.0000,0.0000,0.0000,0.0000,0.0000,-0.0000,0.0000,-9654.8585,-1460.3032,-268.7081,nan,nan,nan,0.8932,-0.4476,-0.0431,0.0385,-0.0193,0.9991,90.000,nan,nan,nan,0.0000,0.0000,0.0000,nan,nan,nan,-9654.8585,-1460.3032,-268.7081,-9654.8585,-1460.3032,-268.7081,12.000,0,nan,nan
15.5520,134.3833,0,-9386.8955,-1594.5841,-301.6257,nan,nan,nan,0.9597,-0.2811,0.0000,0.2811,0.9597,0.0000,-0.0000,-0.0000,1.0000,0.0000,0.0000,0.0000,0.0000,-0.0000,0.0000,-9654.8583,-1460.3032,-268.7081,nan,nan,nan,0.8932,-0.4476,-0.0431,0.0385,-0.0193,0.9991,90.000,nan,nan,nan,0.0000,0.0000,0.0000,nan,nan,nan,-9654.8583,-1460.3032,-268.7081,-9654.8583,-1460.3032,-268.7081,12.000,0,nan,nan
15.5770,134.4000,0,-9386.8955,-1594.5841,-301.6257,nan,nan,nan,0.9597,-0.2811,0.0000,0.2811,0.9597,0.0000,-0.0000,-0.0000,1.0000,0.0000,0.0000,0.0000,0.0000,-0.0000,0.0000,-9654.8583,-1460.3032,-268.7081,nan,nan,nan,0.8932,-0.4476,-0.0431,0.0385,-0.0193,0.9991,90.000,nan,nan,nan,0.0000,0.0000,0.0000,nan,nan,nan,-9654.8583,-1460.3032,-268.7081,-9654.8583,-1460.3032,-268.7081,12.000,0,nan,nan
15.6030,134.4333,0,-9386.8955,-1594.5841,-301.6257,nan,nan,nan,0.9597,-0.2811,0.0000,0.2811,0.9597,0.0000,-0.0000,-0.0000,1.0000,0.0000,0.0000,0.0000,0.0000,-0.0000,0.0000,-9654.8582,-1460.3033,-268.7081,nan,nan,nan,0.8932,-0.4476,-0.0431,0.0385,-0.0193,0.9991,90.000,nan,nan,nan,0.0000,0.0000,0.0000,nan,nan,nan,-9654.8582,-1460.3033,-268.7081,-9654.8582,-1460.3033,-268.7081,12.000,0,nan,nan
15.6300,134.4500,0,-9386.8955,-1594.5841,-301.6257,nan,nan,nan,0.9597,-0.2811,0.0000,0.2811,0.9597,0.0000,-0.0000,-0.0000,1.0000,0.0000,0.0000,0.0000,0.0000,-0.0000,0.0000,-9654.8582,-1460.3033,-268.7081,nan,nan,nan,0.8932,-0.4476,-0.0431,0.0385,-0.0193,0.9991,90.000,nan,nan,nan,0.0000,0.0000,0.0000,nan,nan,nan,-9654.8582,-1460.3033,-268.7081,-9654.8582,-1460.3033,-268.7081,12.000,0,nan,nan
15.6550,134.4833,0,-9386.8955,-1594.5841,-301.6257,nan,nan,nan,0.9597,-0.2811,0.0000,0.2811,0.9597,0.0000,-0.0000,-0.0000,1.0000,0.0000,0.0000,0.0000,0.0000,-0.0000,0.0000,-9654.8580,-1460.3033,-268.7081,nan,nan,nan,0.8932,-0.4476,-0.0431,0.0385,-0.0193,0.9991,90.000,nan,nan,nan,0.0000,0.0000,0.0000,nan,nan,nan,-9654.8580,-1460.3033,-268.7081,-9654.8580,-1460.3033,-268.7081,12.000,0,nan,nan
15.6800,134.5000,0,-9386.8955,-1594.5841,-301.6257,nan,nan,nan,0.9597,-0.2811,0.0000,0.2811,0.9597,0.0000,-0.0000,-0.0000,1.0000,0.0000,0.0000,0.0000,0.0000,-0.0000,0.0000,-9654.8580,-1460.3033,-268.7081,nan,nan,nan,0.8932,-0.4476,-0.0431,0.0385,-0.0193,0.9991,90.000,nan,nan,nan,0.0000,0.0000,0.0000,nan,nan,nan,-9654.8580,-1460.3033,-268.7081,-9654.8580,-1460.3033,-268.7081,12.000,0,nan,nan
15.7070,134.5333,0,-9386.8955,-1594.5841,-301.6257,nan,nan,nan,0.9597,-0.2811,0.0000,0.2811,0.9597,0.0000,-0.0000,-0.0000,1.0000,0.0000,0.0000,0.0000,0.0000,-0.0000,0.0000,-9654.8579,-1460.3033,-268.7081,nan,nan,nan,0.8932,-0.4476,-0.0431,0.0385,-0.0193,0.9991,90.000,nan,nan,nan,0.0000,0.0000,0.0000,nan,nan,nan,-9654.8579,-1460.3033,-268.7081,-9654.8579,-1460.3033,-268.7081,12.000,0,nan,nan
15.7330,134.5500,0,-9386.8955,-1594.5841,-301.6257,nan,nan,nan,0.9597,-0.2811,0.0000,0.2811,0.9597,0.0000,-0.0000,-0.0000,1.0000,0.0000,0.0000,0.0000,0.0000,-0.0000,0.0000,-9654.8579,-1460.3033,-268.7081,nan,nan,nan,0.8932,-0.4476,-0.0431,0.0385,-0.0193,0.9991,90.000,nan,nan,nan,0.0000,0.0000,0.0000,nan,nan,nan,-9654.8579,-1460.3033,-268.7081,-9654.8579,-1460.3033,-268.7081,12.000,0,nan,nan
15.7580,134.5833,0,-9386.8955,-1594.5841,-301.6257,nan,nan,nan,0.9597,-0.2811,0.0000,0.2811,0.9597,0.0000,-0.0000,-0.0000,1.0000,0.0000,0.0000,0.0000,0.0000,-0.0000,0.0000,-9654.8578,-1460.3034,-268.7081,nan,nan,nan,0.8932,-0.4476,-0.0431,0.0385,-0.0193,0.9991,90.000,nan,nan,nan,0.0000,0.0000,0.0000,nan,nan,nan,-9654.8578,-1460.3034,-268.7081,-9654.8578,-1460.3034,-268.7081,12.000,0,nan,nan
15.7830,134.6167,0,-9386.8955,-1594.5841,-301.6257,nan,nan,nan,0.9597,-0.2811,0.0000,0.2811,0.9597,0.0000,-0.0000,-0.0000,1.0000,0.0000,0.0000,0.0000,0.0000,-0.0000,0.0000,-9654.8578,-1460.3034,-268.7081,nan,nan,nan,0.8932,-0.4476,-0.0431,0.0385,-0.0193,0.9991,90.000,nan,nan,nan,0.0000,0.0000,0.0000,nan,nan,nan,-9654.8578,-1460.3034,-268.7081,-9654.8578,-1460.3034,-268.7081,12.000,0,nan,nan
15.8090,134.6333,0,-9386.8955,-1594.5841,-301.6257,nan,nan,nan,0.9597,-0.2811,0.0000,0.2811,0.9597,0.0000,-0.0000,-0.0000,1.0000,0.0000,0.0000,0.0000,0.0000,-0.0000,0.0000,-9654.8576,-1460.3034,-268.7081,nan,nan,nan,0.8932,-0.4476,-0.0431,0.0385,-0.0193,0.9991,90.000,nan,nan,nan,0.0000,0.0000,0.0000,nan,nan,nan,-9654.8576,-1460.3034,-268.7081,-9654.8576,-1460.3034,-268.7081,12.000,0,nan,nan
15.8330,134.6667,0,-9386.8955,-1594.5841,-301.6257,nan,nan,nan,0.9597,-0.2811,0.0000,0.2811,0.9597,0.0000,-0.0000,-0.0000,1.0000,0.0000,0.0000,0.0000,0.0000,-0.0000,0.0000,-9654.8576,-1460.3034,-268.7081,nan,nan,nan,0.8932,-0.4476,-0.0431,0.0385,-0.0193,0.9991,90.000,nan,nan,nan,0.0000,0.0000,0.0000,nan,nan,nan,-9654.8576,-1460.3034,-268.7081,-9654.8576,-1460.3034,-268.7081,12.000,0,nan,nan
15.8540,134.6833,0,-9386.8955,-1594.5841,-301.6257,nan,nan,nan,0.9597,-0.2811,0.0000,0.2811,0.9597,0.0000,-0.0000,-0.0000,1.0000,0.0000,0.0000,0.0000,0.0000,-0.0000,0.0000,-9654.8575,-1460.3035,-268.7081,nan,nan,nan,0.8932,-0.4476,-0.0431,0.0385,-0.0193,0.9991,90.000,nan,nan,nan,0.0000,0.0000,0.0000,nan,nan,nan,-9654.8575,-1460.3035,-268.7081,-9654.8575,-1460.3035,-268.7081,12.000,0,nan,nan
15.8810,134.7000,0,-9386.8955,-1594.5841,-301.6257,nan,nan,nan,0.9597,-0.2811,0.0000,0.2811,0.9597,0.0000,-0.0000,-0.0000,1.0000,0.0000,0.0000,0.0000,0.0000,-0.0000,0.0000,-9654.8575,-1460.3035,-268.7081,nan,nan,nan,0.8932,-0.4476,-0.0431,0.0385,-0.0193,0.9991,90.000,nan,nan,nan,0.0000,0.0000,0.0000,nan,nan,nan,-9654.8575,-1460.3035,-268.7081,-9654.8575,-1460.3035,-268.7081,12.000,0,nan,nan
15.9070,134.7333,0,-9386.8955,-1594.5841,-301.6257,nan,nan,nan,0.9597,-0.2811,0.0000,0.2811,0.9597,0.0000,-0.0000,-0.0000,1.0000,0.0000,0.0000,0.0000,0.0000,-0.0000,0.0000,-9654.8574,-1460.3035,-268.7081,nan,nan,nan,0.8932,-0.4476,-0.0431,0.0385,-0.0193,0.9991,90.000,nan,nan,nan,0.0000,0.0000,0.0000,nan,nan,nan,-9654.8574,-1460.3035,-268.7081,-9654.8574,-1460.3035,-268.7081,12.000,0,nan,nan
15.9340,134.7500,0,-9386.8955,-1594.5841,-301.6257,nan,nan,nan,0.9597,-0.2811,0.0000,0.2811,0.9597,0.0000,-0.0000,-0.0000,1.0000,0.0000,0.0000,0.0000,0.0000,-0.0000,0.0000,-9654.8574,-1460.3035,-268.7081,nan,nan,nan,0.8932,-0.4476,-0.0431,0.0385,-0.0193,0.9991,90.000,nan,nan,nan,0.0000,0.0000,0.0000,nan,nan,nan,-9654.8574,-1460.3035,-268.7081,-9654.8574,-1460.3035,-268.7081,12.000,0,nan,nan
15.9580,134.7833,0,-9386.8955,-1594.5841,-301.6257,nan,nan,nan,0.9597,-0.2811,0.0000,0.2811,0.9597,0.0000,-0.0000,-0.0000,1.0000,0.0000,0.0000,0.0000,0.0000,-0.0000,0.0000,-9654.8573,-1460.3035,-268.7081,nan,nan,nan,0.8932,-0.4476,-0.0431,0.0385,-0.0193,0.9991,90.000,nan,nan,nan,0.0000,0.0000,0.0000,nan,nan,nan,-9654.8573,-1460.3035,-268.7081,-9654.8573,-1460.3035,-268.7081,12.000,0,nan,nan
15.9850,134.8167,0,-9386.8955,-1594.5841,-301.6257,nan,nan,nan,0.9597,-0.2811,0.0000,0.2811,0.9597,0.0000,-0.0000,-0.0000,1.0000,0.0000,0.0000,0.0000,0.0000,-0.0000,0.0000,-9654.8573,-1460.3035,-268.7081,nan,nan,nan,0.8932,-0.4476,-0.0431,0.0385,-0.0193,0.9991,90.000,nan,nan,nan,0.0000,0.0000,0.0000,nan,nan,nan,-9654.8573,-1460.3035,-268.7081,-9654.8573,-1460.3035,-268.7081,12.000,0,nan,nan
16.0110,134.8333,0,-9386.8955,-1594.5841,-301.6257,nan,nan,nan,0.9597,-0.2811,0.0000,0.2811,0.9597,0.0000,-0.0000,-0.0000,1.0000,0.0000,0.0000,0.0000,0.0000,-0.0000,0.0000,-9654.8572,-1460.3036,-268.7081,nan,nan,nan,0.8932,-0.4476,-0.0431,0.0385,-0.0193,0.9991,90.000,nan,nan,nan,0.0000,0.0000,0.0000,nan,nan,nan,-9654.8572,-1460.3036,-268.7081,-9654.8572,-1460.3036,-268.7081,12.000,0,nan,nan
16.0370,134.8667,0,-9386.8955,-1594.5841,-301.6257,nan,nan,nan,0.9597,-0.2811,0.0000,0.2811,0.9597,0.0000,-0.0000,-0.0000,1.0000,0.0000,0.0000,0.0000,0.0000,-0.0000,0.0000,-9654.8572,-1460.3036,-268.7081,nan,nan,nan,0.8932,-0.4476,-0.0431,0.0385,-0.0193,0.9991,90.000,nan,nan,nan,0.0000,0.0000,0.0000,nan,nan,nan,-9654.8572,-1460.3036,-268.7081,-9654.8572,-1460.3036,-268.7081,12.000,0,nan,nan
16.0620,134.8833,0,-9386.8955,-1594.5841,-301.6257,nan,nan,nan,0.9597,-0.2811,0.0000,0.2811,0.9597,0.0000,-0.0000,-0.0000,1.0000,0.0000,0.0000,0.0000,0.0000,-0.0000,0.0000,-9654.8571,-1460.3036,-268.7081,nan,nan,nan,0.8932,-0.4476,-0.0431,0.0385,-0.0193,0.9991,90.000,nan,nan,nan,0.0000,0.0000,0.0000,nan,nan,nan,-9654.8571,-1460.3036,-268.7081,-9654.8571,-1460.3036,-268.7081,12.000,0,nan,nan
16.0870,134.9167,0,-9386.8955,-1594.5841,-301.6257,nan,nan,nan,0.9597,-0.2811,0.0000,0.2811,0.9597,0.0000,-0.0000,-0.0000,1.0000,0.0000,0.0000,0.0000,0.0000,-0.0000,0.0000,-9654.8571,-1460.3036,-268.7081,nan,nan,nan,0.8932,-0.4476,-0.0431,0.0385,-0.0193,0.9991,90.000,nan,nan,nan,0.0000,0.0000,0.0000,nan,nan,nan,-9654.8571,-1460.3036,-268.7081,-9654.8571,-1460.3036,-268.7081,12.000,0,nan,nan
16.1130,134.9333,0,-9386.8955,-1594.5841,-301.6257,nan,nan,nan,0.9597,-0.2811,0.0000,0.2811,0.9597,0.0000,-0.0000,-0.0000,1.0000,0.0000,0.0000,0.0000,0.0000,-0.0000,0.0000,-9654.8571,-1460.3036,-268.7081,nan,nan,nan,0.8932,-0.4476,-0.0431,0.0385,-0.0193,0.9991,90.000,nan,nan,nan,0.0000,0.0000,0.0000,nan,nan,nan,-9654.8571,-1460.3036,-268.7081,-9654.8571,-1460.3036,-268.7081,12.000,0,nan,nan
16.1380,134.9667,0,-9386.8955,-1594.5841,-301.6257,nan,nan,nan,0.9597,-0.2811,0.0000,0.2811,0.9597,0.0000,-0.0000,-0.0000,1.0000,0.0000,0.0000,0.0000,0.0000,-0.0000,0.0000,-9654.8569,-1460.3036,-268.7081,nan,nan,nan,0.8932,-0.4476,-0.0431,0.0385,-0.0193,0.9991,90.000,nan,nan,nan,0.0000,0.0000,0.0000,nan,nan,nan,-9654.8569,-1460.3036,-268.7081,-9654.8569,-1460.3036,-268.7081,12.000,0,nan,nan
16.1650,134.9833,0,-9386.8955,-1594.5841,-301.6257,nan,nan,nan,0.9597,-0.2811,0.0000,0.2811,0.9597,0.0000,-0.0000,-0.0000,1.0000,0.0000,0.0000,0.0000,0.0000,-0.0000,0.0000,-9654.8569,-1460.3036,-268.7081,nan,nan,nan,0.8932,-0.4476,-0.0431,0.0385,-0.0193,0.9991,90.000,nan,nan,nan,0.0000,0.0000,0.0000,nan,nan,nan,-9654.8569,-1460.3036,-268.7081,-9654.8569,-1460.3036,-268.7081,12.000,0,nan,nan
16.1890,135.0167,0,-9386.8955,-1594.5841,-301.6257,nan,nan,nan,0.9597,-0.2811,0.0000,0.2811,0.9597,0.0000,-0.0000,-0.0000,1.0000,0.0000,0.0000,0.0000,0.0000,-0.0000,0.0000,-9654.8569,-1460.3036,-268.7081,nan,nan,nan,0.8932,-0.4476,-0.0431,0.0385,-0.0193,0.9991,90.000,nan,nan,nan,0.0000,0.0000,0.0000,nan,nan,nan,-9654.8569,-1460.3036,-268.7081,-9654.8569,-1460.3036,-268.7081,12.000,0,nan,nan
16.2150,135.0333,0,-9386.8955,-1594.5841,-301.6257,nan,nan,nan,0.9597,-0.2811,0.0000,0.2811,0.9597,0.0000,-0.0000,-0.0000,1.0000,0.0000,0.0000,0.0000,0.0000,-0.0000,0.0000,-9654.8568,-1460.3037,-268.7081,nan,nan,nan,0.8932,-0.4476,-0.0431,0.0385,-0.0193,0.9991,90.000,nan,nan,nan,0.0000,0.0000,0.0000,nan,nan,nan,-9654.8568,-1460.3037,-268.7081,-9654.8568,-1460.3037,-268.7081,12.000,0,nan,nan
16.2420,135.0667,0,-9386.8955,-1594.5841,-301.6257,nan,nan,nan,0.9597,-0.2811,0.0000,0.2811,0.9597,0.0000,-0.0000,-0.0000,1.0000,0.0000,0.0000,0.0000,0.0000,-0.0000,0.0000,-9654.8568,-1460.3037,-268.7081,nan,nan,nan,0.8932,-0.4476,-0.0431,0.0385,-0.0193,0.9991,90.000,nan,nan,nan,0.0000,0.0000,0.0000,nan,nan,nan,-9654.8568,-1460.3037,-268.7081,-9654.8568,-1460.3037,-268.7081,12.000,0,nan,nan
16.2690,135.1000,0,-9386.8955,-1594.5841,-301.6257,nan,nan,nan,0.9597,-0.2811,0.0000,0.2811,0.9597,0.0000,-0.0000,-0.0000,1.0000,0.0000,0.0000,0.0000,0.0000,-0.0000,0.0000,-9654.8567,-1460.3037,-268.7081,nan,nan,nan,0.8932,-0.4476,-0.0431,0.0385,-0.0193,0.9991,90.000,nan,nan,nan,0.0000,0.0000,0.0000,nan,nan,nan,-9654.8567,-1460.3037,-268.7081,-9654.8567,-1460.3037,-268.7081,12.000,0,nan,nan
16.2930,135.1167,0,-9386.8955,-1594.5841,-301.6257,nan,nan,nan,0.9597,-0.2811,0.0000,0.2811,0.9597,0.0000,-0.0000,-0.0000,1.0000,0.0000,0.0000,0.0000,0.0000,-0.0000,0.0000,-9654.8567,-1460.3037,-268.7081,nan,nan,nan,0.8932,-0.4476,-0.0431,0.0385,-0.0193,0.9991,90.000,nan,nan,nan,0.0000,0.0000,0.0000,nan,nan,nan,-9654.8567,-1460.3037,-268.7081,-9654.8567,-1460.3037,-268.7081,12.000,0,nan,nan
16.3190,135.1500,0,-9386.8955,-1594.5841,-301.6257,nan,nan,nan,0.9597,-0.2811,0.0000,0.2811,0.9597,0.0000,-0.0000,-0.0000,1.0000,0.0000,0.0000,0.0000,0.0000,-0.0000,0.0000,-9654.8567,-1460.3037,-268.7081,nan,nan,nan,0.8932,-0.4476,-0.0431,0.0385,-0.0193,0.9991,90.000,nan,nan,nan,0.0000,0.0000,0.0000,nan,nan,nan,-9654.8567,-1460.3037,-268.7081,-9654.8567,-1460.3037,-268.7081,12.000,0,nan,nan
16.3450,135.1667,0,-9386.8955,-1594.5841,-301.6257,nan,nan,nan,0.9597,-0.2811,0.0000,0.2811,0.9597,0.0000,-0.0000,-0.0000,1.0000,0.0000,0.0000,0.0000,0.0000,-0.0000,0.0000,-9654.8566,-1460.3037,-268.7081,nan,nan,nan,0.8932,-0.4476,-0.0431,0.0385,-0.0193,0.9991,90.000,nan,nan,nan,0.0000,0.0000,0.0000,nan,nan,nan,-9654.8566,-1460.3037,-268.7081,-9654.8566,-1460.3037,-268.7081,12.000,0,nan,nan
16.3830,135.2000,0,-9386.8955,-1594.5841,-301.6257,nan,nan,nan,0.9597,-0.2811,0.0000,0.2811,0.9597,0.0000,-0.0000,-0.0000,1.0000,0.0000,0.0000,0.0000,0.0000,-0.0000,0.0000,-9654.8566,-1460.3037,-268.7081,nan,nan,nan,0.8932,-0.4476,-0.0431,0.0385,-0.0193,0.9991,90.000,nan,nan,nan,0.0000,0.0000,0.0000,nan,nan,nan,-9654.8566,-1460.3037,-268.7081,-9654.8566,-1460.3037,-268.7081,12.000,0,nan,nan
16.4090,135.2333,0,-9386.8955,-1594.5841,-301.6257,nan,nan,nan,0.9597,-0.2811,0.0000,0.2811,0.9597,0.0000,-0.0000,-0.0000,1.0000,0.0000,0.0000,0.0000,0.0000,-0.0000,0.0000,-9654.8566,-1460.3037,-268.7081,nan,nan,nan,0.8932,-0.4476,-0.0431,0.0385,-0.0193,0.9991,90.000,nan,nan,nan,0.0000,0.0000,0.0000,nan,nan,nan,-9654.8566,-1460.3037,-268.7081,-9654.8566,-1460.3037,-268.7081,12.000,0,nan,nan
16.4350,135.2667,0,-9386.8955,-1594.5841,-301.6257,nan,nan,nan,0.9597,-0.2811,0.0000,0.2811,0.9597,0.0000,-0.0000,-0.0000,1.0000,0.0000,0.0000,0.0000,0.0000,-0.0000,0.0000,-9654.8564,-1460.3038,-268.7081,nan,nan,nan,0.8932,-0.4476,-0.0431,0.0385,-0.0193,0.9991,90.000,nan,nan,nan,0.0000,0.0000,0.0000,nan,nan,nan,-9654.8564,-1460.3038,-268.7081,-9654.8564,-1460.3038,-268.7081,12.000,0,nan,nan
16.4620,135.2833,0,-9386.8955,-1594.5841,-301.6257,nan,nan,nan,0.9597,-0.2811,0.0000,0.2811,0.9597,0.0000,-0.0000,-0.0000,1.0000,0.0000,0.0000,0.0000,0.0000,-0.0000,0.0000,-9654.8564,-1460.3038,-268.7081,nan,nan,nan,0.8932,-0.4476,-0.0431,0.0385,-0.0193,0.9991,90.000,nan,nan,nan,0.0000,0.0000,0.0000,nan,nan,nan,-9654.8564,-1460.3038,-268.7081,-9654.8564,-1460.3038,-268.7081,12.000,0,nan,nan
16.4880,135.3167,0,-9386.8955,-1594.5841,-301.6257,nan,nan,nan,0.9597,-0.2811,0.0000,0.2811,0.9597,0.0000,-0.0000,-0.0000,1.0000,0.0000,0.0000,0.0000,0.0000,-0.0000,0.0000,-9654.8564,-1460.3038,-268.7081,nan,nan,nan,0.8932,-0.4476,-0.0431,0.0385,-0.0193,0.9991,90.000,nan,nan,nan,0.0000,0.0000,0.0000,nan,nan,nan,-9654.8564,-1460.3038,-268.7081,-9654.8564,-1460.3038,-268.7081,12.000,0,nan,nan
16.5130,135.3333,0,-9386.8955,-1594.5841,-301.6257,nan,nan,nan,0.9597,-0.2811,0.0000,0.2811,0.9597,0.0000,-0.0000,-0.0000,1.0000,0.0000,0.0000,0.0000,0.0000,-0.0000,0.0000,-9654.8564,-1460.3038,-268.7081,nan,nan,nan,0.8932,-0.4476,-0.0431,0.0385,-0.0193,0.9991,90.000,nan,nan,nan,0.0000,0.0000,0.0000,nan,nan,nan,-9654.8564,-1460.3038,-268.7081,-9654.8564,-1460.3038,-268.7081,12.000,0,nan,nan
16.5390,135.3667,0,-9386.8955,-1594.5841,-301.6257,nan,nan,nan,0.9597,-0.2811,0.0000,0.2811,0.9597,0.0000,-0.0000,-0.0000,1.0000,0.0000,0.0000,0.0000,0.0000,-0.0000,0.0000,-9654.8563,-1460.3038,-268.7081,nan,nan,nan,0.8932,-0.4476,-0.0431,0.0385,-0.0193,0.9991,90.000,nan,nan,nan,0.0000,0.0000,0.0000,nan,nan,nan,-9654.8563,-1460.3038,-268.7081,-9654.8563,-1460.3038,-268.7081,12.000,0,nan,nan
16.5650,135.3833,0,-9386.8955,-1594.5841,-301.6257,nan,nan,nan,0.9597,-0.2811,0.0000,0.2811,0.9597,0.0000,-0.0000,-0.0000,1.0000,0.0000,0.0000,0.0000,0.0000,-0.0000,0.0000,-9654.8563,-1460.3038,-268.7081,nan,nan,nan,0.8932,-0.4476,-0.0431,0.0385,-0.0193,0.9991,90.000,nan,nan,nan,0.0000,0.0000,0.0000,nan,nan,nan,-9654.8563,-1460.3038,-268.7081,-9654.8563,-1460.3038,-268.7081,12.000,0,nan,nan
16.5900,135.4167,0,-9386.8955,-1594.5841,-301.6257,nan,nan,nan,0.9597,-0.2811,0.0000,0.2811,0.9597,0.0000,-0.0000,-0.0000,1.0000,0.0000,0.0000,0.0000,0.0000,-0.0000,0.0000,-9654.8563,-1460.3038,-268.7081,nan,nan,nan,0.8932,-0.4476,-0.0431,0.0385,-0.0193,0.9991,90.000,nan,nan,nan,0.0000,0.0000,0.0000,nan,nan,nan,-9654.8563,-1460.3038,-268.7081,-9654.8563,-1460.3038,-268.7081,12.000,0,nan,nan
16.6170,135.4333,0,-9386.8955,-1594.5841,-301.6257,nan,nan,nan,0.9597,-0.2811,0.0000,0.2811,0.9597,0.0000,-0.0000,-0.0000,1.0000,0.0000,0.0000,0.0000,0.0000,-0.0000,0.0000,-9654.8563,-1460.3038,-268.7081,nan,nan,nan,0.8932,-0.4476,-0.0431,0.0385,-0.0193,0.9991,90.000,nan,nan,nan,0.0000,0.0000,0.0000,nan,nan,nan,-9654.8563,-1460.3038,-268.7081,-9654.8563,-1460.3038,-268.7081,12.000,0,nan,nan
16.6430,135.4667,0,-9386.8955,-1594.5841,-301.6257,nan,nan,nan,0.9597,-0.2811,0.0000,0.2811,0.9597,0.0000,-0.0000,-0.0000,1.0000,0.0000,0.0000,0.0000,0.0000,-0.0000,0.0000,-9654.8562,-1460.3038,-268.7081,nan,nan,nan,0.8932,-0.4476,-0.0431,0.0385,-0.0193,0.9991,90.000,nan,nan,nan,0.0000,0.0000,0.0000,nan,nan,nan,-9654.8562,-1460.3038,-268.7081,-9654.8562,-1460.3038,-268.7081,12.000,0,nan,nan
16.6690,135.5000,0,-9386.8955,-1594.5841,-301.6257,nan,nan,nan,0.9597,-0.2811,0.0000,0.2811,0.9597,0.0000,-0.0000,-0.0000,1.0000,0.0000,0.0000,0.0000,0.0000,-0.0000,0.0000,-9654.8562,-1460.3038,-268.7081,nan,nan,nan,0.8932,-0.4476,-0.0431,0.0385,-0.0193,0.9991,90.000,nan,nan,nan,0.0000,0.0000,0.0000,nan,nan,nan,-9654.8562,-1460.3038,-268.7081,-9654.8562,-1460.3038,-268.7081,12.000,0,nan,nan
16.6940,135.5167,0,-9386.8955,-1594.5841,-301.6257,nan,nan,nan,0.9597,-0.2811,0.0000,0.2811,0.9597,0.0000,-0.0000,-0.0000,1.0000,0.0000,0.0000,0.0000,0.0000,-0.0000,0.0000,-9654.8562,-1460.3038,-268.7081,nan,nan,nan,0.8932,-0.4476,-0.0431,0.0385,-0.0193,0.9991,90.000,nan,nan,nan,0.0000,0.0000,0.0000,nan,nan,nan,-9654.8562,-1460.3038,-268.7081,-9654.8562,-1460.3038,-268.7081,12.000,0,nan,nan
16.7210,135.5500,0,-9386.8955,-1594.5841,-301.6257,nan,nan,nan,0.9597,-0.2811,0.0000,0.2811,0.9597,0.0000,-0.0000,-0.0000,1.0000,0.0000,0.0000,0.0000,0.0000,-0.0000,0.0000,-9654.8562,-1460.3038,-268.7081,nan,nan,nan,0.8932,-0.4476,-0.0431,0.0385,-0.0193,0.9991,90.000,nan,nan,nan,0.0000,0.0000,0.0000,nan,nan,nan,-9654.8562,-1460.3038,-268.7081,-9654.8562,-1460.3038,-268.7081,12.000,0,nan,nan
16.7470,135.5667,0,-9386.8955,-1594.5841,-301.6257,nan,nan,nan,0.9597,-0.2811,0.0000,0.2811,0.9597,0.0000,-0.0000,-0.0000,1.0000,0.0000,0.0000,0.0000,0.0000,-0.0000,0.0000,-9654.8561,-1460.3039,-268.7081,nan,nan,nan,0.8932,-0.4476,-0.0431,0.0385,-0.0193,0.9991,90.000,nan,nan,nan,0.0000,0.0000,0.0000,nan,nan,nan,-9654.8561,-1460.3039,-268.7081,-9654.8561,-1460.3039,-268.7081,12.000,0,nan,nan
16.7740,135.6000,0,-9386.8955,-1594.5841,-301.6257,nan,nan,nan,0.9597,-0.2811,0.0000,0.2811,0.9597,0.0000,-0.0000,-0.0000,1.0000,0.0000,0.0000,0.0000,0.0000,-0.0000,0.0000,-9654.8561,-1460.3039,-268.7081,nan,nan,nan,0.8932,-0.4476,-0.0431,0.0385,-0.0193,0.9991,90.000,nan,nan,nan,0.0000,0.0000,0.0000,nan,nan,nan,-9654.8561,-1460.3039,-268.7081,-9654.8561,-1460.3039,-268.7081,12.000,0,nan,nan
16.7980,135.6167,0,-9386.8955,-1594.5841,-301.6257,nan,nan,nan,0.9597,-0.2811,0.0000,0.2811,0.9597,0.0000,-0.0000,-0.0000,1.0000,0.0000,0.0000,0.0000,0.0000,-0.0000,0.0000,-9654.8561,-1460.3039,-268.7081,nan,nan,nan,0.8932,-0.4476,-0.0431,0.0385,-0.0193,0.9991,90.000,nan,nan,nan,0.0000,0.0000,0.0000,nan,nan,nan,-9654.8561,-1460.3039,-268.7081,-9654.8561,-1460.3039,-268.7081,12.000,0,nan,nan
16.8250,135.6500,0,-9386.8955,-1594.5841,-301.6257,nan,nan,nan,0.9597,-0.2811,0.0000,0.2811,0.9597,0.0000,-0.0000,-0.0000,1.0000,0.0000,0.0000,0.0000,0.0000,-0.0000,0.0000,-9654.8561,-1460.3039,-268.7081,nan,nan,nan,0.8932,-0.4476,-0.0431,0.0385,-0.0193,0.9991,90.000,nan,nan,nan,0.0000,0.0000,0.0000,nan,nan,nan,-9654.8561,-1460.3039,-268.7081,-9654.8561,-1460.3039,-268.7081,12.000,0,nan,nan
16.8510,135.6833,0,-9386.8955,-1594.5841,-301.6257,nan,nan,nan,0.9597,-0.2811,0.0000,0.2811,0.9597,0.0000,-0.0000,-0.0000,1.0000,0.0000,0.0000,0.0000,0.0000,-0.0000,0.0000,-9654.8560,-1460.3039,-268.7081,nan,nan,nan,0.8932,-0.4476,-0.0431,0.0385,-0.0193,0.9991,90.000,nan,nan,nan,0.0000,0.0000,0.0000,nan,nan,nan,-9654.8560,-1460.3039,-268.7081,-9654.8560,-1460.3039,-268.7081,12.000,0,nan,nan
16.8770,135.7000,0,-9386.8955,-1594.5841,-301.6257,nan,nan,nan,0.9597,-0.2811,0.0000,0.2811,0.9597,0.0000,-0.0000,-0.0000,1.0000,0.0000,0.0000,0.0000,0.0000,-0.0000,0.0000,-9654.8560,-1460.3039,-268.7081,nan,nan,nan,0.8932,-0.4476,-0.0431,0.0385,-0.0193,0.9991,90.000,nan,nan,nan,0.0000,0.0000,0.0000,nan,nan,nan,-9654.8560,-1460.3039,-268.7081,-9654.8560,-1460.3039,-268.7081,12.000,0,nan,nan
16.9020,135.7333,0,-9386.8955,-1594.5841,-301.6257,nan,nan,nan,0.9597,-0.2811,0.0000,0.2811,0.9597,0.0000,-0.0000,-0.0000,1.0000,0.0000,0.0000,0.0000,0.0000,-0.0000,0.0000,-9654.8560,-1460.3039,-268.7081,nan,nan,nan,0.8932,-0.4476,-0.0431,0.0385,-0.0193,0.9991,90.000,nan,nan,nan,0.0000,0.0000,0.0000,nan,nan,nan,-9654.8560,-1460.3039,-268.7081,-9654.8560,-1460.3039,-268.7081,12.000,0,nan,nan
16.9280,135.7500,0,-9386.8955,-1594.5841,-301.6257,nan,nan,nan,0.9597,-0.2811,0.0000,0.2811,0.9597,0.0000,-0.0000,-0.0000,1.0000,0.0000,0.0000,0.0000,0.0000,-0.0000,0.0000,-9654.8560,-1460.3039,-268.7081,nan,nan,nan,0.8932,-0.4476,-0.0431,0.0385,-0.0193,0.9991,90.000,nan,nan,nan,0.0000,0.0000,0.0000,nan,nan,nan,-9654.8560,-1460.3039,-268.7081,-9654.8560,-1460.3039,-268.7081,12.000,0,nan,nan
16.9540,135.7833,0,-9386.8955,-1594.5841,-301.6257,nan,nan,nan,0.9597,-0.2811,0.0000,0.2811,0.9597,0.0000,-0.0000,-0.0000,1.0000,0.0000,0.0000,0.0000,0.0000,-0.0000,0.0000,-9654.8560,-1460.3039,-268.7081,nan,nan,nan,0.8932,-0.4476,-0.0431,0.0385,-0.0193,0.9991,90.000,nan,nan,nan,0.0000,0.0000,0.0000,nan,nan,nan,-9654.8560,-1460.3039,-268.7081,-9654.8560,-1460.3039,-268.7081,12.000,0,nan,nan
16.9790,135.8000,0,-9386.8955,-1594.5841,-301.6257,nan,nan,nan,0.9597,-0.2811,0.0000,0.2811,0.9597,0.0000,-0.0000,-0.0000,1.0000,0.0000,0.0000,0.0000,0.0000,-0.0000,0.0000,-9654.8558,-1460.3039,-268.7081,nan,nan,nan,0.8932,-0.4476,-0.0431,0.0385,-0.0193,0.9991,90.000,nan,nan,nan,0.0000,0.0000,0.0000,nan,nan,nan,-9654.8558,-1460.3039,-268.7081,-9654.8558,-1460.3039,-268.7081,12.000,0,nan,nan
17.0050,135.8333,0,-9386.8955,-1594.5841,-301.6257,nan,nan,nan,0.9597,-0.2811,0.0000,0.2811,0.9597,0.0000,-0.0000,-0.0000,1.0000,0.0000,0.0000,0.0000,0.0000,-0.0000,0.0000,-9654.8558,-1460.3039,-268.7081,nan,nan,nan,0.8932,-0.4476,-0.0431,0.0385,-0.0193,0.9991,90.000,nan,nan,nan,0.0000,0.0000,0.0000,nan,nan,nan,-9654.8558,-1460.3039,-268.7081,-9654.8558,-1460.3039,-268.7081,12.000,0,nan,nan
17.0320,135.8500,0,-9386.8955,-1594.5841,-301.6257,nan,nan,nan,0.9597,-0.2811,0.0000,0.2811,0.9597,0.0000,-0.0000,-0.0000,1.0000,0.0000,0.0000,0.0000,0.0000,-0.0000,0.0000,-9654.8558,-1460.3039,-268.7081,nan,nan,nan,0.8932,-0.4476,-0.0431,0.0385,-0.0193,0.9991,90.000,nan,nan,nan,0.0000,0.0000,0.0000,nan,nan,nan,-9654.8558,-1460.3039,-268.7081,-9654.8558,-1460.3039,-268.7081,12.000,0,nan,nan
17.0570,135.8833,0,-9386.8955,-1594.5841,-301.6257,nan,nan,nan,0.9597,-0.2811,0.0000,0.2811,0.9597,0.0000,-0.0000,-0.0000,1.0000,0.0000,0.0000,0.0000,0.0000,-0.0000,0.0000,-9654.8558,-1460.3039,-268.7081,nan,nan,nan,0.8932,-0.4476,-0.0431,0.0385,-0.0193,0.9991,90.000,nan,nan,nan,0.0000,0.0000,0.0000,nan,nan,nan,-9654.8558,-1460.3039,-268.7081,-9654.8558,-1460.3039,-268.7081,12.000,0,nan,nan
17.0830,135.9167,0,-9386.8955,-1594.5841,-301.6257,nan,nan,nan,0.9597,-0.2811,0.0000,0.2811,0.9597,0.0000,-0.0000,-0.0000,1.0000,0.0000,0.0000,0.0000,0.0000,-0.0000,0.0000,-9654.8558,-1460.3039,-268.7081,nan,nan,nan,0.8932,-0.4476,-0.0431,0.0385,-0.0193,0.9991,90.000,nan,nan,nan,0.0000,0.0000,0.0000,nan,nan,nan,-9654.8558,-1460.3039,-268.7081,-9654.8558,-1460.3039,-268.7081,12.000,0,nan,nan
17.1100,135.9333,0,-9386.8955,-1594.5841,-301.6257,nan,nan,nan,0.9597,-0.2811,0.0000,0.2811,0.9597,0.0000,-0.0000,-0.0000,1.0000,0.0000,0.0000,0.0000,0.0000,-0.0000,0.0000,-9654.8557,-1460.3040,-268.7081,nan,nan,nan,0.8932,-0.4476,-0.0431,0.0385,-0.0193,0.9991,90.000,nan,nan,nan,0.0000,0.0000,0.0000,nan,nan,nan,-9654.8557,-1460.3040,-268.7081,-9654.8557,-1460.3040,-268.7081,12.000,0,nan,nan
17.1360,135.9667,0,-9386.8955,-1594.5841,-301.6257,nan,nan,nan,0.9597,-0.2811,0.0000,0.2811,0.9597,0.0000,-0.0000,-0.0000,1.0000,0.0000,0.0000,0.0000,0.0000,-0.0000,0.0000,-9654.8557,-1460.3040,-268.7081,nan,nan,nan,0.8932,-0.4476,-0.0431,0.0385,-0.0193,0.9991,90.000,nan,nan,nan,0.0000,0.0000,0.0000,nan,nan,nan,-9654.8557,-1460.3040,-268.7081,-9654.8557,-1460.3040,-268.7081,12.000,0,nan,nan
17.1610,135.9833,0,-9386.8955,-1594.5841,-301.6257,nan,nan,nan,0.9597,-0.2811,0.0000,0.2811,0.9597,0.0000,-0.0000,-0.0000,1.0000,0.0000,0.0000,0.0000,0.0000,-0.0000,0.0000,-9654.8557,-1460.3040,-268.7081,nan,nan,nan,0.8932,-0.4476,-0.0431,0.0385,-0.0193,0.9991,90.000,nan,nan,nan,0.0000,0.0000,0.0000,nan,nan,nan,-9654.8557,-1460.3040,-268.7081,-9654.8557,-1460.3040,-268.7081,12.000,0,nan,nan
17.1870,136.0167,0,-9386.8955,-1594.5841,-301.6257,nan,nan,nan,0.9597,-0.2811,0.0000,0.2811,0.9597,0.0000,-0.0000,-0.0000,1.0000,0.0000,0.0000,0.0000,0.0000,-0.0000,0.0000,-9654.8557,-1460.3040,-268.7081,nan,nan,nan,0.8932,-0.4476,-0.0431,0.0385,-0.0193,0.9991,90.000,nan,nan,nan,0.0000,0.0000,0.0000,nan,nan,nan,-9654.8557,-1460.3040,-268.7081,-9654.8557,-1460.3040,-268.7081,12.000,0,nan,nan
17.2140,136.0333,0,-9386.8955,-1594.5841,-301.6257,nan,nan,nan,0.9597,-0.2811,0.0000,0.2811,0.9597,0.0000,-0.0000,-0.0000,1.0000,0.0000,0.0000,0.0000,0.0000,-0.0000,0.0000,-9654.8557,-1460.3040,-268.7081,nan,nan,nan,0.8932,-0.4476,-0.0431,0.0385,-0.0193,0.9991,90.000,nan,nan,nan,0.0000,0.0000,0.0000,nan,nan,nan,-9654.8557,-1460.3040,-268.7081,-9654.8557,-1460.3040,-268.7081,12.000,0,nan,nan
17.2400,136.0667,0,-9386.8955,-1594.5841,-301.6257,nan,nan,nan,0.9597,-0.2811,0.0000,0.2811,0.9597,0.0000,-0.0000,-0.0000,1.0000,0.0000,0.0000,0.0000,0.0000,-0.0000,0.0000,-9654.8557,-1460.3040,-268.7081,nan,nan,nan,0.8932,-0.4476,-0.0431,0.0385,-0.0193,0.9991,90.000,nan,nan,nan,0.0000,0.0000,0.0000,nan,nan,nan,-9654.8557,-1460.3040,-268.7081,-9654.8557,-1460.3040,-268.7081,12.000,0,nan,nan
17.2650,136.0833,0,-9386.8955,-1594.5841,-301.6257,nan,nan,nan,0.9597,-0.2811,0.0000,0.2811,0.9597,0.0000,-0.0000,-0.0000,1.0000,0.0000,0.0000,0.0000,0.0000,-0.0000,0.0000,-9654.8556,-1460.3040,-268.7081,nan,nan,nan,0.8932,-0.4476,-0.0431,0.0385,-0.0193,0.9991,90.000,nan,nan,nan,0.0000,0.0000,0.0000,nan,nan,nan,-9654.8556,-1460.3040,-268.7081,-9654.8556,-1460.3040,-268.7081,12.000,0,nan,nan
17.2910,136.1167,0,-9386.8955,-1594.5841,-301.6257,nan,nan,nan,0.9597,-0.2811,0.0000,0.2811,0.9597,0.0000,-0.0000,-0.0000,1.0000,0.0000,0.0000,0.0000,0.0000,-0.0000,0.0000,-9654.8556,-1460.3040,-268.7081,nan,nan,nan,0.8932,-0.4476,-0.0431,0.0385,-0.0193,0.9991,90.000,nan,nan,nan,0.0000,0.0000,0.0000,nan,nan,nan,-9654.8556,-1460.3040,-268.7081,-9654.8556,-1460.3040,-268.7081,12.000,0,nan,nan
17.3170,136.1500,0,-9386.8955,-1594.5841,-301.6257,nan,nan,nan,0.9597,-0.2811,0.0000,0.2811,0.9597,0.0000,-0.0000,-0.0000,1.0000,0.0000,0.0000,0.0000,0.0000,-0.0000,0.0000,-9654.8556,-1460.3040,-268.7081,nan,nan,nan,0.8932,-0.4476,-0.0431,0.0385,-0.0193,0.9991,90.000,nan,nan,nan,0.0000,0.0000,0.0000,nan,nan,nan,-9654.8556,-1460.3040,-268.7081,-9654.8556,-1460.3040,-268.7081,12.000,0,nan,nan
17.3440,136.1667,0,-9386.8955,-1594.5841,-301.6257,nan,nan,nan,0.9597,-0.2811,0.0000,0.2811,0.9597,0.0000,-0.0000,-0.0000,1.0000,0.0000,0.0000,0.0000,0.0000,-0.0000,0.0000,-9654.8556,-1460.3040,-268.7081,nan,nan,nan,0.8932,-0.4476,-0.0431,0.0385,-0.0193,0.9991,90.000,nan,nan,nan,0.0000,0.0000,0.0000,nan,nan,nan,-9654.8556,-1460.3040,-268.7081,-9654.8556,-1460.3040,-268.7081,12.000,0,nan,nan
17.3690,136.2000,0,-9386.8955,-1594.5841,-301.6257,nan,nan,nan,0.9597,-0.2811,0.0000,0.2811,0.9597,0.0000,-0.0000,-0.0000,1.0000,0.0000,0.0000,0.0000,0.0000,-0.0000,0.0000,-9654.8556,-1460.3040,-268.7081,nan,nan,nan,0.8932,-0.4476,-0.0431,0.0385,-0.0193,0.9991,90.000,nan,nan,nan,0.0000,0.0000,0.0000,nan,nan,nan,-9654.8556,-1460.3040,-268.7081,-9654.8556,-1460.3040,-268.7081,12.000,0,nan,nan
17.3950,136.2167,0,-9386.8955,-1594.5841,-301.6257,nan,nan,nan,0.9597,-0.2811,0.0000,0.2811,0.9597,0.0000,-0.0000,-0.0000,1.0000,0.0000,0.0000,0.0000,0.0000,-0.0000,0.0000,-9654.8556,-1460.3040,-268.7081,nan,nan,nan,0.8932,-0.4476,-0.0431,0.0385,-0.0193,0.9991,90.000,nan,nan,nan,0.0000,0.0000,0.0000,nan,nan,nan,-9654.8556,-1460.3040,-268.7081,-9654.8556,-1460.3040,-268.7081,12.000,0,nan,nan
17.4220,136.2500,0,-9386.8955,-1594.5841,-301.6257,nan,nan,nan,0.9597,-0.2811,0.0000,0.2811,0.9597,0.0000,-0.0000,-0.0000,1.0000,0.0000,0.0000,0.0000,0.0000,-0.0000,0.0000,-9654.8555,-1460.3040,-268.7081,nan,nan,nan,0.8932,-0.4476,-0.0431,0.0385,-0.0193,0.9991,90.000,nan,nan,nan,0.0000,0.0000,0.0000,nan,nan,nan,-9654.8555,-1460.3040,-268.7081,-9654.8555,-1460.3040,-268.7081,12.000,0,nan,nan
17.4480,136.2667,0,-9386.8955,-1594.5841,-301.6257,nan,nan,nan,0.9597,-0.2811,0.0000,0.2811,0.9597,0.0000,-0.0000,-0.0000,1.0000,0.0000,0.0000,0.0000,0.0000,-0.0000,0.0000,-9654.8555,-1460.3040,-268.7081,nan,nan,nan,0.8932,-0.4476,-0.0431,0.0385,-0.0193,0.9991,90.000,nan,nan,nan,0.0000,0.0000,0.0000,nan,nan,nan,-9654.8555,-1460.3040,-268.7081,-9654.8555,-1460.3040,-268.7081,12.000,0,nan,nan
17.4720,136.3000,0,-9386.8955,-1594.5841,-301.6257,nan,nan,nan,0.9597,-0.2811,0.0000,0.2811,0.9597,0.0000,-0.0000,-0.0000,1.0000,0.0000,0.0000,0.0000,0.0000,-0.0000,0.0000,-9654.8555,-1460.3040,-268.7081,nan,nan,nan,0.8932,-0.4476,-0.0431,0.0385,-0.0193,0.9991,90.000,nan,nan,nan,0.0000,0.0000,0.0000,nan,nan,nan,-9654.8555,-1460.3040,-268.7081,-9654.8555,-1460.3040,-268.7081,12.000,0,nan,nan
17.4990,136.3167,0,-9386.8955,-1594.5841,-301.6257,nan,nan,nan,0.9597,-0.2811,0.0000,0.2811,0.9597,0.0000,-0.0000,-0.0000,1.0000,0.0000,0.0000,0.0000,0.0000,-0.0000,0.0000,-9654.8555,-1460.3040,-268.7081,nan,nan,nan,0.8932,-0.4476,-0.0431,0.0385,-0.0193,0.9991,90.000,nan,nan,nan,0.0000,0.0000,0.0000,nan,nan,nan,-9654.8555,-1460.3040,-268.7081,-9654.8555,-1460.3040,-268.7081,12.000,0,nan,nan
17.5250,136.3500,0,-9386.8955,-1594.5841,-301.6257,nan,nan,nan,0.9597,-0.2811,0.0000,0.2811,0.9597,0.0000,-0.0000,-0.0000,1.0000,0.0000,0.0000,0.0000,0.0000,-0.0000,0.0000,-9654.8555,-1460.3040,-268.7081,nan,nan,nan,0.8932,-0.4476,-0.0431,0.0385,-0.0193,0.9991,90.000,nan,nan,nan,0.0000,0.0000,0.0000,nan,nan,nan,-9654.8555,-1460.3040,-268.7081,-9654.8555,-1460.3040,-268.7081,12.000,0,nan,nan
17.5520,136.3833,0,-9386.8955,-1594.5841,-301.6257,nan,nan,nan,0.9597,-0.2811,0.0000,0.2811,0.9597,0.0000,-0.0000,-0.0000,1.0000,0.0000,0.0000,0.0000,0.0000,-0.0000,0.0000,-9654.8555,-1460.3040,-268.7081,nan,nan,nan,0.8932,-0.4476,-0.0431,0.0385,-0.0193,0.9991,90.000,nan,nan,nan,0.0000,0.0000,0.0000,nan,nan,nan,-9654.8555,-1460.3040,-268.7081,-9654.8555,-1460.3040,-268.7081,12.000,0,nan,nan
17.5780,136.4000,0,-9386.8955,-1594.5841,-301.6257,nan,nan,nan,0.9597,-0.2811,0.0000,0.2811,0.9597,0.0000,-0.0000,-0.0000,1.0000,0.0000,0.0000,0.0000,0.0000,-0.0000,0.0000,-9654.8555,-1460.3040,-268.7081,nan,nan,nan,0.8932,-0.4476,-0.0431,0.0385,-0.0193,0.9991,90.000,nan,nan,nan,0.0000,0.0000,0.0000,nan,nan,nan,-9654.8555,-1460.3040,-268.7081,-9654.8555,-1460.3040,-268.7081,12.000,0,nan,nan
17.6030,136.4333,0,-9386.8955,-1594.5841,-301.6257,nan,nan,nan,0.9597,-0.2811,0.0000,0.2811,0.9597,0.0000,-0.0000,-0.0000,1.0000,0.0000,0.0000,0.0000,0.0000,-0.0000,0.0000,-9654.8554,-1460.3041,-268.7081,nan,nan,nan,0.8932,-0.4476,-0.0431,0.0385,-0.0193,0.9991,90.000,nan,nan,nan,0.0000,0.0000,0.0000,nan,nan,nan,-9654.8554,-1460.3041,-268.7081,-9654.8554,-1460.3041,-268.7081,12.000,0,nan,nan
