t,game_t,marker,pawn_x,pawn_y,pawn_z,pawn_pitch,pawn_yaw,pawn_roll,pawn_fwd_x,pawn_fwd_y,pawn_fwd_z,pawn_right_x,pawn_right_y,pawn_right_z,pawn_up_x,pawn_up_y,pawn_up_z,vel_x,vel_y,vel_z,fvel_x,fvel_y,fvel_z,cam_x,cam_y,cam_z,cam_pitch,cam_yaw,cam_roll,cam_fwd_x,cam_fwd_y,cam_fwd_z,cam_up_x,cam_up_y,cam_up_z,fov,ctrl_pitch,ctrl_yaw,ctrl_roll,camctrl_x,camctrl_y,camctrl_z,camctrl_pitch,camctrl_yaw,camctrl_roll,pivot_x,pivot_y,pivot_z,cine_x,cine_y,cine_z,focal,move_mode,running,in_air
0.0260,146.2167,0,-9386.8955,-1594.5841,-301.6257,nan,nan,nan,0.9597,-0.2811,0.0000,0.2811,0.9597,0.0000,-0.0000,-0.0000,1.0000,0.0000,0.0000,0.0000,0.0000,0.0000,0.0000,-9672.6946,-1534.5449,-212.9658,nan,nan,nan,0.9527,-0.2001,-0.2289,0.2240,-0.0471,0.9735,90.000,nan,nan,nan,0.0000,0.0000,0.0000,nan,nan,nan,-9672.6946,-1534.5449,-212.9658,-9672.6946,-1534.5449,-212.9658,12.000,0,nan,nan
0.0520,146.2333,0,-9386.8955,-1594.5841,-301.6257,nan,nan,nan,0.9597,-0.2811,0.0000,0.2811,0.9597,0.0000,-0.0000,-0.0000,1.0000,0.0000,0.0000,0.0000,0.0000,0.0000,0.0000,-9672.6946,-1534.5449,-212.9658,nan,nan,nan,0.9527,-0.2001,-0.2289,0.2240,-0.0471,0.9735,90.000,nan,nan,nan,0.0000,0.0000,0.0000,nan,nan,nan,-9672.6946,-1534.5449,-212.9658,-9672.6946,-1534.5449,-212.9658,12.000,0,nan,nan
0.0790,146.2667,0,-9386.8955,-1594.5841,-301.6257,nan,nan,nan,0.9597,-0.2811,0.0000,0.2811,0.9597,0.0000,-0.0000,-0.0000,1.0000,0.0000,0.0000,0.0000,0.0000,0.0000,0.0000,-9672.6946,-1534.5449,-212.9658,nan,nan,nan,0.9527,-0.2001,-0.2289,0.2240,-0.0471,0.9735,90.000,nan,nan,nan,0.0000,0.0000,0.0000,nan,nan,nan,-9672.6946,-1534.5449,-212.9658,-9672.6946,-1534.5449,-212.9658,12.000,0,nan,nan
0.1070,146.2833,0,-9386.8955,-1594.5841,-301.6257,nan,nan,nan,0.9597,-0.2811,0.0000,0.2811,0.9597,0.0000,-0.0000,-0.0000,1.0000,0.0000,0.0000,0.0000,0.0000,0.0000,0.0000,-9672.6946,-1534.5449,-212.9658,nan,nan,nan,0.9527,-0.2001,-0.2289,0.2240,-0.0471,0.9735,90.000,nan,nan,nan,0.0000,0.0000,0.0000,nan,nan,nan,-9672.6946,-1534.5449,-212.9658,-9672.6946,-1534.5449,-212.9658,12.000,0,nan,nan
0.1330,146.3167,0,-9386.8955,-1594.5841,-301.6257,nan,nan,nan,0.9597,-0.2811,0.0000,0.2811,0.9597,0.0000,-0.0000,-0.0000,1.0000,0.0000,0.0000,0.0000,0.0000,0.0000,0.0000,-9672.6946,-1534.5449,-212.9658,nan,nan,nan,0.9527,-0.2001,-0.2289,0.2240,-0.0471,0.9735,90.000,nan,nan,nan,0.0000,0.0000,0.0000,nan,nan,nan,-9672.6946,-1534.5449,-212.9658,-9672.6946,-1534.5449,-212.9658,12.000,0,nan,nan
0.1590,146.3500,0,-9386.8955,-1594.5841,-301.6257,nan,nan,nan,0.9597,-0.2811,0.0000,0.2811,0.9597,0.0000,-0.0000,-0.0000,1.0000,0.0000,0.0000,0.0000,0.0000,0.0000,0.0000,-9672.6946,-1534.5449,-212.9658,nan,nan,nan,0.9527,-0.2001,-0.2289,0.2240,-0.0471,0.9735,90.000,nan,nan,nan,0.0000,0.0000,0.0000,nan,nan,nan,-9672.6946,-1534.5449,-212.9658,-9672.6946,-1534.5449,-212.9658,12.000,0,nan,nan
0.1850,146.3667,0,-9386.8955,-1594.5841,-301.6257,nan,nan,nan,0.9597,-0.2811,0.0000,0.2811,0.9597,0.0000,-0.0000,-0.0000,1.0000,0.0000,0.0000,0.0000,0.0000,0.0000,0.0000,-9672.6946,-1534.5449,-212.9658,nan,nan,nan,0.9527,-0.2001,-0.2289,0.2240,-0.0471,0.9735,90.000,nan,nan,nan,0.0000,0.0000,0.0000,nan,nan,nan,-9672.6946,-1534.5449,-212.9658,-9672.6946,-1534.5449,-212.9658,12.000,0,nan,nan
0.2120,146.4000,0,-9386.8955,-1594.5841,-301.6257,nan,nan,nan,0.9597,-0.2811,0.0000,0.2811,0.9597,0.0000,-0.0000,-0.0000,1.0000,0.0000,0.0000,0.0000,0.0000,0.0000,0.0000,-9672.6946,-1534.5449,-212.9658,nan,nan,nan,0.9527,-0.2001,-0.2289,0.2240,-0.0471,0.9735,90.000,nan,nan,nan,0.0000,0.0000,0.0000,nan,nan,nan,-9672.6946,-1534.5449,-212.9658,-9672.6946,-1534.5449,-212.9658,12.000,0,nan,nan
0.2390,146.4167,0,-9386.8955,-1594.5841,-301.6257,nan,nan,nan,0.9597,-0.2811,0.0000,0.2811,0.9597,0.0000,-0.0000,-0.0000,1.0000,0.0000,0.0000,0.0000,0.0000,0.0000,0.0000,-9672.6946,-1534.5449,-212.9658,nan,nan,nan,0.9527,-0.2001,-0.2289,0.2240,-0.0471,0.9735,90.000,nan,nan,nan,0.0000,0.0000,0.0000,nan,nan,nan,-9672.6946,-1534.5449,-212.9658,-9672.6946,-1534.5449,-212.9658,12.000,0,nan,nan
0.2650,146.4500,0,-9386.8955,-1594.5841,-301.6257,nan,nan,nan,0.9597,-0.2811,0.0000,0.2811,0.9597,0.0000,-0.0000,-0.0000,1.0000,0.0000,0.0000,0.0000,0.0000,0.0000,0.0000,-9672.6946,-1534.5449,-212.9658,nan,nan,nan,0.9527,-0.2001,-0.2289,0.2240,-0.0471,0.9735,90.000,nan,nan,nan,0.0000,0.0000,0.0000,nan,nan,nan,-9672.6946,-1534.5449,-212.9658,-9672.6946,-1534.5449,-212.9658,12.000,0,nan,nan
0.2910,146.4833,0,-9386.8955,-1594.5841,-301.6257,nan,nan,nan,0.9597,-0.2811,0.0000,0.2811,0.9597,0.0000,-0.0000,-0.0000,1.0000,0.0000,0.0000,0.0000,0.0000,0.0000,0.0000,-9672.6946,-1534.5449,-212.9658,nan,nan,nan,0.9527,-0.2001,-0.2289,0.2240,-0.0471,0.9735,90.000,nan,nan,nan,0.0000,0.0000,0.0000,nan,nan,nan,-9672.6946,-1534.5449,-212.9658,-9672.6946,-1534.5449,-212.9658,12.000,0,nan,nan
0.3180,146.5000,0,-9386.8955,-1594.5841,-301.6257,nan,nan,nan,0.9597,-0.2811,0.0000,0.2811,0.9597,0.0000,-0.0000,-0.0000,1.0000,0.0000,0.0000,0.0000,0.0000,0.0000,0.0000,-9672.6946,-1534.5449,-212.9658,nan,nan,nan,0.9527,-0.2001,-0.2289,0.2240,-0.0471,0.9735,90.000,nan,nan,nan,0.0000,0.0000,0.0000,nan,nan,nan,-9672.6946,-1534.5449,-212.9658,-9672.6946,-1534.5449,-212.9658,12.000,0,nan,nan
0.3450,146.5333,0,-9386.8955,-1594.5841,-301.6257,nan,nan,nan,0.9597,-0.2811,0.0000,0.2811,0.9597,0.0000,-0.0000,-0.0000,1.0000,0.0000,0.0000,0.0000,0.0000,0.0000,0.0000,-9672.6946,-1534.5449,-212.9658,nan,nan,nan,0.9527,-0.2001,-0.2289,0.2240,-0.0471,0.9735,90.000,nan,nan,nan,0.0000,0.0000,0.0000,nan,nan,nan,-9672.6946,-1534.5449,-212.9658,-9672.6946,-1534.5449,-212.9658,12.000,0,nan,nan
0.3760,146.5500,0,-9386.8955,-1594.5841,-301.6257,nan,nan,nan,0.9597,-0.2811,0.0000,0.2811,0.9597,0.0000,-0.0000,-0.0000,1.0000,0.0000,0.0000,0.0000,0.0000,0.0000,0.0000,-9672.6946,-1534.5449,-212.9658,nan,nan,nan,0.9527,-0.2001,-0.2289,0.2240,-0.0471,0.9735,90.000,nan,nan,nan,0.0000,0.0000,0.0000,nan,nan,nan,-9672.6946,-1534.5449,-212.9658,-9672.6946,-1534.5449,-212.9658,12.000,0,nan,nan
0.4040,146.5833,0,-9386.8955,-1594.5841,-301.6257,nan,nan,nan,0.9597,-0.2811,0.0000,0.2811,0.9597,0.0000,-0.0000,-0.0000,1.0000,0.0000,0.0000,0.0000,0.0000,0.0000,0.0000,-9672.6946,-1534.5449,-212.9658,nan,nan,nan,0.9527,-0.2001,-0.2289,0.2240,-0.0471,0.9735,90.000,nan,nan,nan,0.0000,0.0000,0.0000,nan,nan,nan,-9672.6946,-1534.5449,-212.9658,-9672.6946,-1534.5449,-212.9658,12.000,0,nan,nan
0.4300,146.6167,0,-9386.8955,-1594.5841,-301.6257,nan,nan,nan,0.9597,-0.2811,0.0000,0.2811,0.9597,0.0000,-0.0000,-0.0000,1.0000,0.0000,0.0000,0.0000,0.0000,0.0000,0.0000,-9672.6946,-1534.5449,-212.9658,nan,nan,nan,0.9527,-0.2001,-0.2289,0.2240,-0.0471,0.9735,90.000,nan,nan,nan,0.0000,0.0000,0.0000,nan,nan,nan,-9672.6946,-1534.5449,-212.9658,-9672.6946,-1534.5449,-212.9658,12.000,0,nan,nan
0.4560,146.6500,0,-9386.8955,-1594.5841,-301.6257,nan,nan,nan,0.9597,-0.2811,0.0000,0.2811,0.9597,0.0000,-0.0000,-0.0000,1.0000,0.0000,0.0000,0.0000,0.0000,0.0000,0.0000,-9672.6946,-1534.5449,-212.9658,nan,nan,nan,0.9527,-0.2001,-0.2289,0.2240,-0.0471,0.9735,90.000,nan,nan,nan,0.0000,0.0000,0.0000,nan,nan,nan,-9672.6946,-1534.5449,-212.9658,-9672.6946,-1534.5449,-212.9658,12.000,0,nan,nan
0.4830,146.6667,0,-9386.8955,-1594.5841,-301.6257,nan,nan,nan,0.9597,-0.2811,0.0000,0.2811,0.9597,0.0000,-0.0000,-0.0000,1.0000,0.0000,0.0000,0.0000,0.0000,0.0000,0.0000,-9672.6946,-1534.5449,-212.9658,nan,nan,nan,0.9527,-0.2001,-0.2289,0.2240,-0.0471,0.9735,90.000,nan,nan,nan,0.0000,0.0000,0.0000,nan,nan,nan,-9672.6946,-1534.5449,-212.9658,-9672.6946,-1534.5449,-212.9658,12.000,0,nan,nan
0.5120,146.7000,0,-9386.8955,-1594.5841,-301.6257,nan,nan,nan,0.9597,-0.2811,0.0000,0.2811,0.9597,0.0000,-0.0000,-0.0000,1.0000,0.0000,0.0000,0.0000,0.0000,0.0000,0.0000,-9672.6946,-1534.5449,-212.9658,nan,nan,nan,0.9527,-0.2001,-0.2289,0.2240,-0.0471,0.9735,90.000,nan,nan,nan,0.0000,0.0000,0.0000,nan,nan,nan,-9672.6946,-1534.5449,-212.9658,-9672.6946,-1534.5449,-212.9658,12.000,0,nan,nan
0.5380,146.7167,0,-9386.8955,-1594.5841,-301.6257,nan,nan,nan,0.9597,-0.2811,0.0000,0.2811,0.9597,0.0000,-0.0000,-0.0000,1.0000,0.0000,0.0000,0.0000,0.0000,0.0000,0.0000,-9672.6946,-1534.5449,-212.9658,nan,nan,nan,0.9527,-0.2001,-0.2289,0.2240,-0.0471,0.9735,90.000,nan,nan,nan,0.0000,0.0000,0.0000,nan,nan,nan,-9672.6946,-1534.5449,-212.9658,-9672.6946,-1534.5449,-212.9658,12.000,0,nan,nan
0.5650,146.7500,0,-9386.8955,-1594.5841,-301.6257,nan,nan,nan,0.9597,-0.2811,0.0000,0.2811,0.9597,0.0000,-0.0000,-0.0000,1.0000,0.0000,0.0000,0.0000,0.0000,0.0000,0.0000,-9672.6946,-1534.5449,-212.9658,nan,nan,nan,0.9527,-0.2001,-0.2289,0.2240,-0.0471,0.9735,90.000,nan,nan,nan,0.0000,0.0000,0.0000,nan,nan,nan,-9672.6946,-1534.5449,-212.9658,-9672.6946,-1534.5449,-212.9658,12.000,0,nan,nan
0.5920,146.7833,0,-9386.8955,-1594.5841,-301.6257,nan,nan,nan,0.9597,-0.2811,0.0000,0.2811,0.9597,0.0000,-0.0000,-0.0000,1.0000,0.0000,0.0000,0.0000,0.0000,0.0000,0.0000,-9672.6946,-1534.5449,-212.9658,nan,nan,nan,0.9527,-0.2001,-0.2289,0.2240,-0.0471,0.9735,90.000,nan,nan,nan,0.0000,0.0000,0.0000,nan,nan,nan,-9672.6946,-1534.5449,-212.9658,-9672.6946,-1534.5449,-212.9658,12.000,0,nan,nan
0.6170,146.8000,0,-9386.8955,-1594.5841,-301.6257,nan,nan,nan,0.9597,-0.2811,0.0000,0.2811,0.9597,0.0000,-0.0000,-0.0000,1.0000,0.0000,0.0000,0.0000,0.0000,0.0000,0.0000,-9672.6946,-1534.5449,-212.9658,nan,nan,nan,0.9527,-0.2001,-0.2289,0.2240,-0.0471,0.9735,90.000,nan,nan,nan,0.0000,0.0000,0.0000,nan,nan,nan,-9672.6946,-1534.5449,-212.9658,-9672.6946,-1534.5449,-212.9658,12.000,0,nan,nan
0.6440,146.8333,0,-9386.8955,-1594.5841,-301.6257,nan,nan,nan,0.9597,-0.2811,0.0000,0.2811,0.9597,0.0000,-0.0000,-0.0000,1.0000,0.0000,0.0000,0.0000,0.0000,0.0000,0.0000,-9672.6946,-1534.5449,-212.9658,nan,nan,nan,0.9527,-0.2001,-0.2289,0.2240,-0.0471,0.9735,90.000,nan,nan,nan,0.0000,0.0000,0.0000,nan,nan,nan,-9672.6946,-1534.5449,-212.9658,-9672.6946,-1534.5449,-212.9658,12.000,0,nan,nan
0.6700,146.8500,0,-9386.8955,-1594.5841,-301.6257,nan,nan,nan,0.9597,-0.2811,0.0000,0.2811,0.9597,0.0000,-0.0000,-0.0000,1.0000,0.0000,0.0000,0.0000,0.0000,0.0000,0.0000,-9672.6946,-1534.5449,-212.9658,nan,nan,nan,0.9527,-0.2001,-0.2289,0.2240,-0.0471,0.9735,90.000,nan,nan,nan,0.0000,0.0000,0.0000,nan,nan,nan,-9672.6946,-1534.5449,-212.9658,-9672.6946,-1534.5449,-212.9658,12.000,0,nan,nan
0.6970,146.8833,0,-9386.8955,-1594.5841,-301.6257,nan,nan,nan,0.9597,-0.2811,0.0000,0.2811,0.9597,0.0000,-0.0000,-0.0000,1.0000,0.0000,0.0000,0.0000,0.0000,0.0000,0.0000,-9672.6946,-1534.5449,-212.9658,nan,nan,nan,0.9527,-0.2001,-0.2289,0.2240,-0.0471,0.9735,90.000,nan,nan,nan,0.0000,0.0000,0.0000,nan,nan,nan,-9672.6946,-1534.5449,-212.9658,-9672.6946,-1534.5449,-212.9658,12.000,0,nan,nan
0.7240,146.9167,0,-9386.8955,-1594.5841,-301.6257,nan,nan,nan,0.9597,-0.2811,0.0000,0.2811,0.9597,0.0000,-0.0000,-0.0000,1.0000,0.0000,0.0000,0.0000,0.0000,0.0000,0.0000,-9672.6946,-1534.5449,-212.9658,nan,nan,nan,0.9527,-0.2001,-0.2289,0.2240,-0.0471,0.9735,90.000,nan,nan,nan,0.0000,0.0000,0.0000,nan,nan,nan,-9672.6946,-1534.5449,-212.9658,-9672.6946,-1534.5449,-212.9658,12.000,0,nan,nan
0.7510,146.9333,0,-9386.8955,-1594.5841,-301.6257,nan,nan,nan,0.9597,-0.2811,0.0000,0.2811,0.9597,0.0000,-0.0000,-0.0000,1.0000,0.0000,0.0000,0.0000,0.0000,0.0000,0.0000,-9672.6946,-1534.5449,-212.9658,nan,nan,nan,0.9527,-0.2001,-0.2289,0.2240,-0.0471,0.9735,90.000,nan,nan,nan,0.0000,0.0000,0.0000,nan,nan,nan,-9672.6946,-1534.5449,-212.9658,-9672.6946,-1534.5449,-212.9658,12.000,0,nan,nan
0.7770,146.9667,0,-9386.8955,-1594.5841,-301.6257,nan,nan,nan,0.9597,-0.2811,0.0000,0.2811,0.9597,0.0000,-0.0000,-0.0000,1.0000,0.0000,0.0000,0.0000,0.0000,0.0000,0.0000,-9672.6946,-1534.5449,-212.9658,nan,nan,nan,0.9527,-0.2001,-0.2289,0.2240,-0.0471,0.9735,90.000,nan,nan,nan,0.0000,0.0000,0.0000,nan,nan,nan,-9672.6946,-1534.5449,-212.9658,-9672.6946,-1534.5449,-212.9658,12.000,0,nan,nan
0.8030,146.9833,0,-9386.8955,-1594.5841,-301.6257,nan,nan,nan,0.9597,-0.2811,0.0000,0.2811,0.9597,0.0000,-0.0000,-0.0000,1.0000,0.0000,0.0000,0.0000,0.0000,0.0000,0.0000,-9672.6946,-1534.5449,-212.9658,nan,nan,nan,0.9527,-0.2001,-0.2289,0.2240,-0.0471,0.9735,90.000,nan,nan,nan,0.0000,0.0000,0.0000,nan,nan,nan,-9672.6946,-1534.5449,-212.9658,-9672.6946,-1534.5449,-212.9658,12.000,0,nan,nan
0.8300,147.0167,0,-9386.8955,-1594.5841,-301.6257,nan,nan,nan,0.9597,-0.2811,0.0000,0.2811,0.9597,0.0000,-0.0000,-0.0000,1.0000,0.0000,0.0000,0.0000,0.0000,0.0000,0.0000,-9672.6946,-1534.5449,-212.9658,nan,nan,nan,0.9527,-0.2001,-0.2289,0.2240,-0.0471,0.9735,90.000,nan,nan,nan,0.0000,0.0000,0.0000,nan,nan,nan,-9672.6946,-1534.5449,-212.9658,-9672.6946,-1534.5449,-212.9658,12.000,0,nan,nan
0.8570,147.0500,0,-9386.8955,-1594.5841,-301.6257,nan,nan,nan,0.9597,-0.2811,0.0000,0.2811,0.9597,0.0000,-0.0000,-0.0000,1.0000,0.0000,0.0000,0.0000,0.0000,0.0000,0.0000,-9672.6946,-1534.5449,-212.9658,nan,nan,nan,0.9527,-0.2001,-0.2289,0.2240,-0.0471,0.9735,90.000,nan,nan,nan,0.0000,0.0000,0.0000,nan,nan,nan,-9672.6946,-1534.5449,-212.9658,-9672.6946,-1534.5449,-212.9658,12.000,0,nan,nan
0.8850,147.0667,0,-9386.8955,-1594.5841,-301.6257,nan,nan,nan,0.9597,-0.2811,0.0000,0.2811,0.9597,0.0000,-0.0000,-0.0000,1.0000,0.0000,0.0000,0.0000,0.0000,0.0000,0.0000,-9672.6946,-1534.5449,-212.9658,nan,nan,nan,0.9527,-0.2001,-0.2289,0.2240,-0.0471,0.9735,90.000,nan,nan,nan,0.0000,0.0000,0.0000,nan,nan,nan,-9672.6946,-1534.5449,-212.9658,-9672.6946,-1534.5449,-212.9658,12.000,0,nan,nan
0.9110,147.1000,0,-9386.8955,-1594.5841,-301.6257,nan,nan,nan,0.9597,-0.2811,0.0000,0.2811,0.9597,0.0000,-0.0000,-0.0000,1.0000,0.0000,0.0000,0.0000,0.0000,0.0000,0.0000,-9672.6946,-1534.5449,-212.9658,nan,nan,nan,0.9527,-0.2001,-0.2289,0.2240,-0.0471,0.9735,90.000,nan,nan,nan,0.0000,0.0000,0.0000,nan,nan,nan,-9672.6946,-1534.5449,-212.9658,-9672.6946,-1534.5449,-212.9658,12.000,0,nan,nan
0.9390,147.1167,0,-9386.8955,-1594.5841,-301.6257,nan,nan,nan,0.9597,-0.2811,0.0000,0.2811,0.9597,0.0000,-0.0000,-0.0000,1.0000,0.0000,0.0000,0.0000,0.0000,0.0000,0.0000,-9672.6946,-1534.5449,-212.9658,nan,nan,nan,0.9527,-0.2001,-0.2289,0.2240,-0.0471,0.9735,90.000,nan,nan,nan,0.0000,0.0000,0.0000,nan,nan,nan,-9672.6946,-1534.5449,-212.9658,-9672.6946,-1534.5449,-212.9658,12.000,0,nan,nan
0.9640,147.1500,0,-9386.8955,-1594.5841,-301.6257,nan,nan,nan,0.9597,-0.2811,0.0000,0.2811,0.9597,0.0000,-0.0000,-0.0000,1.0000,0.0000,0.0000,0.0000,0.0000,0.0000,0.0000,-9672.6946,-1534.5449,-212.9658,nan,nan,nan,0.9527,-0.2001,-0.2289,0.2240,-0.0471,0.9735,90.000,nan,nan,nan,0.0000,0.0000,0.0000,nan,nan,nan,-9672.6946,-1534.5449,-212.9658,-9672.6946,-1534.5449,-212.9658,12.000,0,nan,nan
0.9900,147.1833,0,-9386.8955,-1594.5841,-301.6257,nan,nan,nan,0.9597,-0.2811,0.0000,0.2811,0.9597,0.0000,-0.0000,-0.0000,1.0000,0.0000,0.0000,0.0000,0.0000,0.0000,0.0000,-9672.6946,-1534.5449,-212.9658,nan,nan,nan,0.9527,-0.2001,-0.2289,0.2240,-0.0471,0.9735,90.000,nan,nan,nan,0.0000,0.0000,0.0000,nan,nan,nan,-9672.6946,-1534.5449,-212.9658,-9672.6946,-1534.5449,-212.9658,12.000,0,nan,nan
1.0170,147.2000,0,-9386.8955,-1594.5841,-301.6257,nan,nan,nan,0.9597,-0.2811,0.0000,0.2811,0.9597,0.0000,-0.0000,-0.0000,1.0000,0.0000,0.0000,0.0000,0.0000,0.0000,0.0000,-9672.6946,-1534.5449,-212.9658,nan,nan,nan,0.9527,-0.2001,-0.2289,0.2240,-0.0471,0.9735,90.000,nan,nan,nan,0.0000,0.0000,0.0000,nan,nan,nan,-9672.6946,-1534.5449,-212.9658,-9672.6946,-1534.5449,-212.9658,12.000,0,nan,nan
1.0440,147.2333,0,-9386.8955,-1594.5841,-301.6257,nan,nan,nan,0.9597,-0.2811,0.0000,0.2811,0.9597,0.0000,-0.0000,-0.0000,1.0000,0.0000,0.0000,0.0000,0.0000,0.0000,0.0000,-9672.6946,-1534.5449,-212.9658,nan,nan,nan,0.9527,-0.2001,-0.2289,0.2240,-0.0471,0.9735,90.000,nan,nan,nan,0.0000,0.0000,0.0000,nan,nan,nan,-9672.6946,-1534.5449,-212.9658,-9672.6946,-1534.5449,-212.9658,12.000,0,nan,nan
1.0700,147.2500,0,-9386.8955,-1594.5841,-301.6257,nan,nan,nan,0.9597,-0.2811,0.0000,0.2811,0.9597,0.0000,-0.0000,-0.0000,1.0000,0.0000,0.0000,0.0000,0.0000,0.0000,0.0000,-9672.6946,-1534.5449,-212.9658,nan,nan,nan,0.9527,-0.2001,-0.2289,0.2240,-0.0471,0.9735,90.000,nan,nan,nan,0.0000,0.0000,0.0000,nan,nan,nan,-9672.6946,-1534.5449,-212.9658,-9672.6946,-1534.5449,-212.9658,12.000,0,nan,nan
1.0970,147.2833,0,-9386.8955,-1594.5841,-301.6257,nan,nan,nan,0.9597,-0.2811,0.0000,0.2811,0.9597,0.0000,-0.0000,-0.0000,1.0000,0.0000,0.0000,0.0000,0.0000,0.0000,0.0000,-9672.6946,-1534.5449,-212.9658,nan,nan,nan,0.9527,-0.2001,-0.2289,0.2240,-0.0471,0.9735,90.000,nan,nan,nan,0.0000,0.0000,0.0000,nan,nan,nan,-9672.6946,-1534.5449,-212.9658,-9672.6946,-1534.5449,-212.9658,12.000,0,nan,nan
1.1230,147.3167,0,-9386.8955,-1594.5841,-301.6257,nan,nan,nan,0.9597,-0.2811,0.0000,0.2811,0.9597,0.0000,-0.0000,-0.0000,1.0000,0.0000,0.0000,0.0000,0.0000,0.0000,0.0000,-9672.6946,-1534.5449,-212.9658,nan,nan,nan,0.9527,-0.2001,-0.2289,0.2240,-0.0471,0.9735,90.000,nan,nan,nan,0.0000,0.0000,0.0000,nan,nan,nan,-9672.6946,-1534.5449,-212.9658,-9672.6946,-1534.5449,-212.9658,12.000,0,nan,nan
1.1500,147.3333,0,-9386.8955,-1594.5841,-301.6257,nan,nan,nan,0.9597,-0.2811,0.0000,0.2811,0.9597,0.0000,-0.0000,-0.0000,1.0000,0.0000,0.0000,0.0000,0.0000,0.0000,0.0000,-9672.6946,-1534.5449,-212.9658,nan,nan,nan,0.9527,-0.2001,-0.2289,0.2240,-0.0471,0.9735,90.000,nan,nan,nan,0.0000,0.0000,0.0000,nan,nan,nan,-9672.6946,-1534.5449,-212.9658,-9672.6946,-1534.5449,-212.9658,12.000,0,nan,nan
1.1770,147.3667,0,-9386.8955,-1594.5841,-301.6257,nan,nan,nan,0.9597,-0.2811,0.0000,0.2811,0.9597,0.0000,-0.0000,-0.0000,1.0000,0.0000,0.0000,0.0000,0.0000,0.0000,0.0000,-9672.6946,-1534.5449,-212.9658,nan,nan,nan,0.9527,-0.2001,-0.2289,0.2240,-0.0471,0.9735,90.000,nan,nan,nan,0.0000,0.0000,0.0000,nan,nan,nan,-9672.6946,-1534.5449,-212.9658,-9672.6946,-1534.5449,-212.9658,12.000,0,nan,nan
1.2030,147.3833,0,-9386.8955,-1594.5841,-301.6257,nan,nan,nan,0.9597,-0.2811,0.0000,0.2811,0.9597,0.0000,-0.0000,-0.0000,1.0000,0.0000,0.0000,0.0000,0.0000,0.0000,0.0000,-9672.6946,-1534.5449,-212.9658,nan,nan,nan,0.9527,-0.2001,-0.2289,0.2240,-0.0471,0.9735,90.000,nan,nan,nan,0.0000,0.0000,0.0000,nan,nan,nan,-9672.6946,-1534.5449,-212.9658,-9672.6946,-1534.5449,-212.9658,12.000,0,nan,nan
1.2310,147.4167,0,-9386.8955,-1594.5841,-301.6257,nan,nan,nan,0.9597,-0.2811,0.0000,0.2811,0.9597,0.0000,-0.0000,-0.0000,1.0000,0.0000,0.0000,0.0000,0.0000,0.0000,0.0000,-9672.6946,-1534.5449,-212.9658,nan,nan,nan,0.9527,-0.2001,-0.2289,0.2240,-0.0471,0.9735,90.000,nan,nan,nan,0.0000,0.0000,0.0000,nan,nan,nan,-9672.6946,-1534.5449,-212.9658,-9672.6946,-1534.5449,-212.9658,12.000,0,nan,nan
1.2560,147.4500,0,-9386.8955,-1594.5841,-301.6257,nan,nan,nan,0.9597,-0.2811,0.0000,0.2811,0.9597,0.0000,-0.0000,-0.0000,1.0000,0.0000,0.0000,0.0000,0.0000,0.0000,0.0000,-9672.6946,-1534.5449,-212.9658,nan,nan,nan,0.9527,-0.2001,-0.2289,0.2240,-0.0471,0.9735,90.000,nan,nan,nan,0.0000,0.0000,0.0000,nan,nan,nan,-9672.6946,-1534.5449,-212.9658,-9672.6946,-1534.5449,-212.9658,12.000,0,nan,nan
1.2830,147.4667,0,-9386.8955,-1594.5841,-301.6257,nan,nan,nan,0.9597,-0.2811,0.0000,0.2811,0.9597,0.0000,-0.0000,-0.0000,1.0000,0.0000,0.0000,0.0000,0.0000,0.0000,0.0000,-9672.6946,-1534.5449,-212.9658,nan,nan,nan,0.9527,-0.2001,-0.2289,0.2240,-0.0471,0.9735,90.000,nan,nan,nan,0.0000,0.0000,0.0000,nan,nan,nan,-9672.6946,-1534.5449,-212.9658,-9672.6946,-1534.5449,-212.9658,12.000,0,nan,nan
1.3090,147.5000,0,-9386.8955,-1594.5841,-301.6257,nan,nan,nan,0.9597,-0.2811,0.0000,0.2811,0.9597,0.0000,-0.0000,-0.0000,1.0000,0.0000,0.0000,0.0000,0.0000,0.0000,0.0000,-9672.6946,-1534.5449,-212.9658,nan,nan,nan,0.9527,-0.2001,-0.2289,0.2240,-0.0471,0.9735,90.000,nan,nan,nan,0.0000,0.0000,0.0000,nan,nan,nan,-9672.6946,-1534.5449,-212.9658,-9672.6946,-1534.5449,-212.9658,12.000,0,nan,nan
1.3350,147.5167,0,-9386.8955,-1594.5841,-301.6257,nan,nan,nan,0.9597,-0.2811,0.0000,0.2811,0.9597,0.0000,-0.0000,-0.0000,1.0000,0.0000,0.0000,0.0000,0.0000,0.0000,0.0000,-9672.6946,-1534.5449,-212.9658,nan,nan,nan,0.9527,-0.2001,-0.2289,0.2240,-0.0471,0.9735,90.000,nan,nan,nan,0.0000,0.0000,0.0000,nan,nan,nan,-9672.6946,-1534.5449,-212.9658,-9672.6946,-1534.5449,-212.9658,12.000,0,nan,nan
1.3620,147.5500,0,-9386.8955,-1594.5841,-301.6257,nan,nan,nan,0.9597,-0.2811,0.0000,0.2811,0.9597,0.0000,-0.0000,-0.0000,1.0000,0.0000,0.0000,0.0000,0.0000,0.0000,0.0000,-9672.6946,-1534.5449,-212.9658,nan,nan,nan,0.9527,-0.2001,-0.2289,0.2240,-0.0471,0.9735,90.000,nan,nan,nan,0.0000,0.0000,0.0000,nan,nan,nan,-9672.6946,-1534.5449,-212.9658,-9672.6946,-1534.5449,-212.9658,12.000,0,nan,nan
1.3900,147.5833,0,-9386.8955,-1594.5841,-301.6257,nan,nan,nan,0.9597,-0.2811,0.0000,0.2811,0.9597,0.0000,-0.0000,-0.0000,1.0000,0.0000,0.0000,0.0000,0.0000,0.0000,0.0000,-9672.6946,-1534.5449,-212.9658,nan,nan,nan,0.9527,-0.2001,-0.2289,0.2240,-0.0471,0.9735,90.000,nan,nan,nan,0.0000,0.0000,0.0000,nan,nan,nan,-9672.6946,-1534.5449,-212.9658,-9672.6946,-1534.5449,-212.9658,12.000,0,nan,nan
1.4150,147.6000,0,-9386.8955,-1594.5841,-301.6257,nan,nan,nan,0.9597,-0.2811,0.0000,0.2811,0.9597,0.0000,-0.0000,-0.0000,1.0000,0.0000,0.0000,0.0000,0.0000,0.0000,0.0000,-9672.6946,-1534.5449,-212.9658,nan,nan,nan,0.9527,-0.2001,-0.2289,0.2240,-0.0471,0.9735,90.000,nan,nan,nan,0.0000,0.0000,0.0000,nan,nan,nan,-9672.6946,-1534.5449,-212.9658,-9672.6946,-1534.5449,-212.9658,12.000,0,nan,nan
1.4420,147.6333,0,-9386.8955,-1594.5841,-301.6257,nan,nan,nan,0.9597,-0.2811,0.0000,0.2811,0.9597,0.0000,-0.0000,-0.0000,1.0000,0.0000,0.0000,0.0000,0.0000,0.0000,0.0000,-9672.6946,-1534.5449,-212.9658,nan,nan,nan,0.9527,-0.2001,-0.2289,0.2240,-0.0471,0.9735,90.000,nan,nan,nan,0.0000,0.0000,0.0000,nan,nan,nan,-9672.6946,-1534.5449,-212.9658,-9672.6946,-1534.5449,-212.9658,12.000,0,nan,nan
1.4690,147.6500,0,-9386.8955,-1594.5841,-301.6257,nan,nan,nan,0.9597,-0.2811,0.0000,0.2811,0.9597,0.0000,-0.0000,-0.0000,1.0000,0.0000,0.0000,0.0000,0.0000,0.0000,0.0000,-9672.6946,-1534.5449,-212.9658,nan,nan,nan,0.9527,-0.2001,-0.2289,0.2240,-0.0471,0.9735,90.000,nan,nan,nan,0.0000,0.0000,0.0000,nan,nan,nan,-9672.6946,-1534.5449,-212.9658,-9672.6946,-1534.5449,-212.9658,12.000,0,nan,nan
1.4950,147.6833,0,-9386.8955,-1594.5841,-301.6257,nan,nan,nan,0.9597,-0.2811,0.0000,0.2811,0.9597,0.0000,-0.0000,-0.0000,1.0000,0.0000,0.0000,0.0000,0.0000,0.0000,0.0000,-9672.6946,-1534.5449,-212.9658,nan,nan,nan,0.9527,-0.2001,-0.2289,0.2240,-0.0471,0.9735,90.000,nan,nan,nan,0.0000,0.0000,0.0000,nan,nan,nan,-9672.6946,-1534.5449,-212.9658,-9672.6946,-1534.5449,-212.9658,12.000,0,nan,nan
1.5200,147.7000,0,-9386.8955,-1594.5841,-301.6257,nan,nan,nan,0.9597,-0.2811,0.0000,0.2811,0.9597,0.0000,-0.0000,-0.0000,1.0000,0.0000,0.0000,0.0000,0.0000,0.0000,0.0000,-9672.6946,-1534.5449,-212.9658,nan,nan,nan,0.9527,-0.2001,-0.2289,0.2240,-0.0471,0.9735,90.000,nan,nan,nan,0.0000,0.0000,0.0000,nan,nan,nan,-9672.6946,-1534.5449,-212.9658,-9672.6946,-1534.5449,-212.9658,12.000,0,nan,nan
1.5470,147.7333,0,-9386.8955,-1594.5841,-301.6257,nan,nan,nan,0.9597,-0.2811,0.0000,0.2811,0.9597,0.0000,-0.0000,-0.0000,1.0000,0.0000,0.0000,0.0000,0.0000,0.0000,0.0000,-9672.6946,-1534.5449,-212.9658,nan,nan,nan,0.9527,-0.2001,-0.2289,0.2240,-0.0471,0.9735,90.000,nan,nan,nan,0.0000,0.0000,0.0000,nan,nan,nan,-9672.6946,-1534.5449,-212.9658,-9672.6946,-1534.5449,-212.9658,12.000,0,nan,nan
1.5730,147.7667,0,-9386.8955,-1594.5841,-301.6257,nan,nan,nan,0.9597,-0.2811,0.0000,0.2811,0.9597,0.0000,-0.0000,-0.0000,1.0000,0.0000,0.0000,0.0000,0.0000,0.0000,0.0000,-9672.6946,-1534.5449,-212.9658,nan,nan,nan,0.9527,-0.2001,-0.2289,0.2240,-0.0471,0.9735,90.000,nan,nan,nan,0.0000,0.0000,0.0000,nan,nan,nan,-9672.6946,-1534.5449,-212.9658,-9672.6946,-1534.5449,-212.9658,12.000,0,nan,nan
1.6010,147.7833,0,-9386.8955,-1594.5841,-301.6257,nan,nan,nan,0.9597,-0.2811,0.0000,0.2811,0.9597,0.0000,-0.0000,-0.0000,1.0000,0.0000,0.0000,0.0000,0.0000,0.0000,0.0000,-9672.6946,-1534.5449,-212.9658,nan,nan,nan,0.9527,-0.2001,-0.2289,0.2240,-0.0471,0.9735,90.000,nan,nan,nan,0.0000,0.0000,0.0000,nan,nan,nan,-9672.6946,-1534.5449,-212.9658,-9672.6946,-1534.5449,-212.9658,12.000,0,nan,nan
1.6260,147.8167,0,-9386.8955,-1594.5841,-301.6257,nan,nan,nan,0.9597,-0.2811,0.0000,0.2811,0.9597,0.0000,-0.0000,-0.0000,1.0000,0.0000,0.0000,0.0000,0.0000,0.0000,0.0000,-9672.6946,-1534.5449,-212.9658,nan,nan,nan,0.9527,-0.2001,-0.2289,0.2240,-0.0471,0.9735,90.000,nan,nan,nan,0.0000,0.0000,0.0000,nan,nan,nan,-9672.6946,-1534.5449,-212.9658,-9672.6946,-1534.5449,-212.9658,12.000,0,nan,nan
1.6540,147.8333,0,-9386.8955,-1594.5841,-301.6257,nan,nan,nan,0.9597,-0.2811,0.0000,0.2811,0.9597,0.0000,-0.0000,-0.0000,1.0000,0.0000,0.0000,0.0000,0.0000,0.0000,0.0000,-9672.6946,-1534.5449,-212.9658,nan,nan,nan,0.9527,-0.2001,-0.2289,0.2240,-0.0471,0.9735,90.000,nan,nan,nan,0.0000,0.0000,0.0000,nan,nan,nan,-9672.6946,-1534.5449,-212.9658,-9672.6946,-1534.5449,-212.9658,12.000,0,nan,nan
1.6800,147.8667,0,-9386.8955,-1594.5841,-301.6257,nan,nan,nan,0.9597,-0.2811,0.0000,0.2811,0.9597,0.0000,-0.0000,-0.0000,1.0000,0.0000,0.0000,0.0000,0.0000,0.0000,0.0000,-9672.6946,-1534.5449,-212.9658,nan,nan,nan,0.9527,-0.2001,-0.2289,0.2240,-0.0471,0.9735,90.000,nan,nan,nan,0.0000,0.0000,0.0000,nan,nan,nan,-9672.6946,-1534.5449,-212.9658,-9672.6946,-1534.5449,-212.9658,12.000,0,nan,nan
1.7060,147.9000,0,-9386.8955,-1594.5841,-301.6257,nan,nan,nan,0.9597,-0.2811,0.0000,0.2811,0.9597,0.0000,-0.0000,-0.0000,1.0000,0.0000,0.0000,0.0000,0.0000,0.0000,0.0000,-9672.6946,-1534.5449,-212.9658,nan,nan,nan,0.9527,-0.2001,-0.2289,0.2240,-0.0471,0.9735,90.000,nan,nan,nan,0.0000,0.0000,0.0000,nan,nan,nan,-9672.6946,-1534.5449,-212.9658,-9672.6946,-1534.5449,-212.9658,12.000,0,nan,nan
1.7320,147.9167,0,-9386.8955,-1594.5841,-301.6257,nan,nan,nan,0.9597,-0.2811,0.0000,0.2811,0.9597,0.0000,-0.0000,-0.0000,1.0000,0.0000,0.0000,0.0000,0.0000,0.0000,0.0000,-9672.6946,-1534.5449,-212.9658,nan,nan,nan,0.9527,-0.2001,-0.2289,0.2240,-0.0471,0.9735,90.000,nan,nan,nan,0.0000,0.0000,0.0000,nan,nan,nan,-9672.6946,-1534.5449,-212.9658,-9672.6946,-1534.5449,-212.9658,12.000,0,nan,nan
1.7580,147.9500,0,-9386.8955,-1594.5841,-301.6257,nan,nan,nan,0.9597,-0.2811,0.0000,0.2811,0.9597,0.0000,-0.0000,-0.0000,1.0000,0.0000,0.0000,0.0000,0.0000,0.0000,0.0000,-9672.6946,-1534.5449,-212.9658,nan,nan,nan,0.9527,-0.2001,-0.2289,0.2240,-0.0471,0.9735,90.000,nan,nan,nan,0.0000,0.0000,0.0000,nan,nan,nan,-9672.6946,-1534.5449,-212.9658,-9672.6946,-1534.5449,-212.9658,12.000,0,nan,nan
1.7860,147.9667,0,-9386.8955,-1594.5841,-301.6257,nan,nan,nan,0.9597,-0.2811,0.0000,0.2811,0.9597,0.0000,-0.0000,-0.0000,1.0000,0.0000,0.0000,0.0000,0.0000,0.0000,0.0000,-9672.6946,-1534.5449,-212.9658,nan,nan,nan,0.9527,-0.2001,-0.2289,0.2240,-0.0471,0.9735,90.000,nan,nan,nan,0.0000,0.0000,0.0000,nan,nan,nan,-9672.6946,-1534.5449,-212.9658,-9672.6946,-1534.5449,-212.9658,12.000,0,nan,nan
1.8110,148.0000,0,-9386.8955,-1594.5841,-301.6257,nan,nan,nan,0.9597,-0.2811,0.0000,0.2811,0.9597,0.0000,-0.0000,-0.0000,1.0000,0.0000,0.0000,0.0000,0.0000,0.0000,0.0000,-9672.6946,-1534.5449,-212.9658,nan,nan,nan,0.9527,-0.2001,-0.2289,0.2240,-0.0471,0.9735,90.000,nan,nan,nan,0.0000,0.0000,0.0000,nan,nan,nan,-9672.6946,-1534.5449,-212.9658,-9672.6946,-1534.5449,-212.9658,12.000,0,nan,nan
1.8370,148.0167,0,-9386.8955,-1594.5841,-301.6257,nan,nan,nan,0.9597,-0.2811,0.0000,0.2811,0.9597,0.0000,-0.0000,-0.0000,1.0000,0.0000,0.0000,0.0000,0.0000,0.0000,0.0000,-9672.6946,-1534.5449,-212.9658,nan,nan,nan,0.9527,-0.2001,-0.2289,0.2240,-0.0471,0.9735,90.000,nan,nan,nan,0.0000,0.0000,0.0000,nan,nan,nan,-9672.6946,-1534.5449,-212.9658,-9672.6946,-1534.5449,-212.9658,12.000,0,nan,nan
1.8650,148.0500,0,-9386.8955,-1594.5841,-301.6257,nan,nan,nan,0.9597,-0.2811,0.0000,0.2811,0.9597,0.0000,-0.0000,-0.0000,1.0000,0.0000,0.0000,0.0000,0.0000,0.0000,0.0000,-9672.6946,-1534.5449,-212.9658,nan,nan,nan,0.9527,-0.2001,-0.2289,0.2240,-0.0471,0.9735,90.000,nan,nan,nan,0.0000,0.0000,0.0000,nan,nan,nan,-9672.6946,-1534.5449,-212.9658,-9672.6946,-1534.5449,-212.9658,12.000,0,nan,nan
1.8920,148.0833,0,-9386.8955,-1594.5841,-301.6257,nan,nan,nan,0.9597,-0.2811,0.0000,0.2811,0.9597,0.0000,-0.0000,-0.0000,1.0000,0.0000,0.0000,0.0000,0.0000,0.0000,0.0000,-9672.6946,-1534.5449,-212.9658,nan,nan,nan,0.9527,-0.2001,-0.2289,0.2240,-0.0471,0.9735,90.000,nan,nan,nan,0.0000,0.0000,0.0000,nan,nan,nan,-9672.6946,-1534.5449,-212.9658,-9672.6946,-1534.5449,-212.9658,12.000,0,nan,nan
1.9190,148.1000,0,-9386.8955,-1594.5841,-301.6257,nan,nan,nan,0.9597,-0.2811,0.0000,0.2811,0.9597,0.0000,-0.0000,-0.0000,1.0000,0.0000,0.0000,0.0000,0.0000,0.0000,0.0000,-9672.6946,-1534.5449,-212.9658,nan,nan,nan,0.9527,-0.2001,-0.2289,0.2240,-0.0471,0.9735,90.000,nan,nan,nan,0.0000,0.0000,0.0000,nan,nan,nan,-9672.6946,-1534.5449,-212.9658,-9672.6946,-1534.5449,-212.9658,12.000,0,nan,nan
1.9450,148.1333,0,-9386.8955,-1594.5841,-301.6257,nan,nan,nan,0.9597,-0.2811,0.0000,0.2811,0.9597,0.0000,-0.0000,-0.0000,1.0000,0.0000,0.0000,0.0000,0.0000,0.0000,0.0000,-9672.6946,-1534.5449,-212.9658,nan,nan,nan,0.9527,-0.2001,-0.2289,0.2240,-0.0471,0.9735,90.000,nan,nan,nan,0.0000,0.0000,0.0000,nan,nan,nan,-9672.6946,-1534.5449,-212.9658,-9672.6946,-1534.5449,-212.9658,12.000,0,nan,nan
1.9710,148.1500,0,-9386.8955,-1594.5841,-301.6257,nan,nan,nan,0.9597,-0.2811,0.0000,0.2811,0.9597,0.0000,-0.0000,-0.0000,1.0000,0.0000,0.0000,0.0000,0.0000,0.0000,0.0000,-9672.6946,-1534.5449,-212.9658,nan,nan,nan,0.9527,-0.2001,-0.2289,0.2240,-0.0471,0.9735,90.000,nan,nan,nan,0.0000,0.0000,0.0000,nan,nan,nan,-9672.6946,-1534.5449,-212.9658,-9672.6946,-1534.5449,-212.9658,12.000,0,nan,nan
1.9980,148.1833,0,-9386.8955,-1594.5841,-301.6257,nan,nan,nan,0.9597,-0.2811,0.0000,0.2811,0.9597,0.0000,-0.0000,-0.0000,1.0000,0.0000,0.0000,0.0000,0.0000,0.0000,0.0000,-9672.6946,-1534.5449,-212.9658,nan,nan,nan,0.9527,-0.2001,-0.2289,0.2240,-0.0471,0.9735,90.000,nan,nan,nan,0.0000,0.0000,0.0000,nan,nan,nan,-9672.6946,-1534.5449,-212.9658,-9672.6946,-1534.5449,-212.9658,12.000,0,nan,nan
2.0250,148.2167,0,-9386.8955,-1594.5841,-301.6257,nan,nan,nan,0.9597,-0.2811,0.0000,0.2811,0.9597,0.0000,-0.0000,-0.0000,1.0000,0.0000,0.0000,0.0000,0.0000,0.0000,0.0000,-9672.6946,-1534.5449,-212.9658,nan,nan,nan,0.9527,-0.2001,-0.2289,0.2240,-0.0471,0.9735,90.000,nan,nan,nan,0.0000,0.0000,0.0000,nan,nan,nan,-9672.6946,-1534.5449,-212.9658,-9672.6946,-1534.5449,-212.9658,12.000,0,nan,nan
2.0520,148.2333,0,-9386.8955,-1594.5841,-301.6257,nan,nan,nan,0.9597,-0.2811,0.0000,0.2811,0.9597,0.0000,-0.0000,-0.0000,1.0000,0.0000,0.0000,0.0000,0.0000,0.0000,0.0000,-9672.6946,-1534.5449,-212.9658,nan,nan,nan,0.9527,-0.2001,-0.2289,0.2240,-0.0471,0.9735,90.000,nan,nan,nan,0.0000,0.0000,0.0000,nan,nan,nan,-9672.6946,-1534.5449,-212.9658,-9672.6946,-1534.5449,-212.9658,12.000,0,nan,nan
2.0780,148.2667,0,-9386.8955,-1594.5841,-301.6257,nan,nan,nan,0.9597,-0.2811,0.0000,0.2811,0.9597,0.0000,-0.0000,-0.0000,1.0000,0.0000,0.0000,0.0000,0.0000,0.0000,0.0000,-9672.6946,-1534.5449,-212.9658,nan,nan,nan,0.9527,-0.2001,-0.2289,0.2240,-0.0471,0.9735,90.000,nan,nan,nan,0.0000,0.0000,0.0000,nan,nan,nan,-9672.6946,-1534.5449,-212.9658,-9672.6946,-1534.5449,-212.9658,12.000,0,nan,nan
2.1050,148.2833,0,-9386.8955,-1594.5841,-301.6257,nan,nan,nan,0.9597,-0.2811,0.0000,0.2811,0.9597,0.0000,-0.0000,-0.0000,1.0000,0.0000,0.0000,0.0000,0.0000,0.0000,0.0000,-9672.6946,-1534.5449,-212.9658,nan,nan,nan,0.9527,-0.2001,-0.2289,0.2240,-0.0471,0.9735,90.000,nan,nan,nan,0.0000,0.0000,0.0000,nan,nan,nan,-9672.6946,-1534.5449,-212.9658,-9672.6946,-1534.5449,-212.9658,12.000,0,nan,nan
2.1310,148.3167,0,-9386.8955,-1594.5841,-301.6257,nan,nan,nan,0.9597,-0.2811,0.0000,0.2811,0.9597,0.0000,-0.0000,-0.0000,1.0000,0.0000,0.0000,0.0000,0.0000,0.0000,0.0000,-9672.6946,-1534.5449,-212.9658,nan,nan,nan,0.9527,-0.2001,-0.2289,0.2240,-0.0471,0.9735,90.000,nan,nan,nan,0.0000,0.0000,0.0000,nan,nan,nan,-9672.6946,-1534.5449,-212.9658,-9672.6946,-1534.5449,-212.9658,12.000,0,nan,nan
2.1560,148.3500,0,-9386.8955,-1594.5841,-301.6257,nan,nan,nan,0.9597,-0.2811,0.0000,0.2811,0.9597,0.0000,-0.0000,-0.0000,1.0000,0.0000,0.0000,0.0000,0.0000,0.0000,0.0000,-9672.6946,-1534.5449,-212.9658,nan,nan,nan,0.9527,-0.2001,-0.2289,0.2240,-0.0471,0.9735,90.000,nan,nan,nan,0.0000,0.0000,0.0000,nan,nan,nan,-9672.6946,-1534.5449,-212.9658,-9672.6946,-1534.5449,-212.9658,12.000,0,nan,nan
2.1820,148.3667,0,-9386.8955,-1594.5841,-301.6257,nan,nan,nan,0.9597,-0.2811,0.0000,0.2811,0.9597,0.0000,-0.0000,-0.0000,1.0000,0.0000,0.0000,0.0000,0.0000,0.0000,0.0000,-9672.6946,-1534.5449,-212.9658,nan,nan,nan,0.9527,-0.2001,-0.2289,0.2240,-0.0471,0.9735,90.000,nan,nan,nan,0.0000,0.0000,0.0000,nan,nan,nan,-9672.6946,-1534.5449,-212.9658,-9672.6946,-1534.5449,-212.9658,12.000,0,nan,nan
2.2090,148.4000,0,-9386.8955,-1594.5841,-301.6257,nan,nan,nan,0.9597,-0.2811,0.0000,0.2811,0.9597,0.0000,-0.0000,-0.0000,1.0000,0.0000,0.0000,0.0000,0.0000,0.0000,0.0000,-9672.6946,-1534.5449,-212.9658,nan,nan,nan,0.9527,-0.2001,-0.2289,0.2240,-0.0471,0.9735,90.000,nan,nan,nan,0.0000,0.0000,0.0000,nan,nan,nan,-9672.6946,-1534.5449,-212.9658,-9672.6946,-1534.5449,-212.9658,12.000,0,nan,nan
2.2350,148.4167,0,-9386.8955,-1594.5841,-301.6257,nan,nan,nan,0.9597,-0.2811,0.0000,0.2811,0.9597,0.0000,-0.0000,-0.0000,1.0000,0.0000,0.0000,0.0000,0.0000,0.0000,0.0000,-9672.6946,-1534.5449,-212.9658,nan,nan,nan,0.9527,-0.2001,-0.2289,0.2240,-0.0471,0.9735,90.000,nan,nan,nan,0.0000,0.0000,0.0000,nan,nan,nan,-9672.6946,-1534.5449,-212.9658,-9672.6946,-1534.5449,-212.9658,12.000,0,nan,nan
2.2610,148.4500,0,-9386.8955,-1594.5841,-301.6257,nan,nan,nan,0.9597,-0.2811,0.0000,0.2811,0.9597,0.0000,-0.0000,-0.0000,1.0000,0.0000,0.0000,0.0000,0.0000,0.0000,0.0000,-9672.6946,-1534.5449,-212.9658,nan,nan,nan,0.9527,-0.2001,-0.2289,0.2240,-0.0471,0.9735,90.000,nan,nan,nan,0.0000,0.0000,0.0000,nan,nan,nan,-9672.6946,-1534.5449,-212.9658,-9672.6946,-1534.5449,-212.9658,12.000,0,nan,nan
2.2880,148.4667,0,-9386.8955,-1594.5841,-301.6257,nan,nan,nan,0.9597,-0.2811,0.0000,0.2811,0.9597,0.0000,-0.0000,-0.0000,1.0000,0.0000,0.0000,0.0000,0.0000,0.0000,0.0000,-9672.6946,-1534.5449,-212.9658,nan,nan,nan,0.9527,-0.2001,-0.2289,0.2240,-0.0471,0.9735,90.000,nan,nan,nan,0.0000,0.0000,0.0000,nan,nan,nan,-9672.6946,-1534.5449,-212.9658,-9672.6946,-1534.5449,-212.9658,12.000,0,nan,nan
2.3140,148.5000,0,-9386.8955,-1594.5841,-301.6257,nan,nan,nan,0.9597,-0.2811,0.0000,0.2811,0.9597,0.0000,-0.0000,-0.0000,1.0000,0.0000,0.0000,0.0000,0.0000,0.0000,0.0000,-9672.6946,-1534.5449,-212.9658,nan,nan,nan,0.9527,-0.2001,-0.2289,0.2240,-0.0471,0.9735,90.000,nan,nan,nan,0.0000,0.0000,0.0000,nan,nan,nan,-9672.6946,-1534.5449,-212.9658,-9672.6946,-1534.5449,-212.9658,12.000,0,nan,nan
2.3410,148.5333,0,-9386.8955,-1594.5841,-301.6257,nan,nan,nan,0.9597,-0.2811,0.0000,0.2811,0.9597,0.0000,-0.0000,-0.0000,1.0000,0.0000,0.0000,0.0000,0.0000,0.0000,0.0000,-9672.6946,-1534.5449,-212.9658,nan,nan,nan,0.9527,-0.2001,-0.2289,0.2240,-0.0471,0.9735,90.000,nan,nan,nan,0.0000,0.0000,0.0000,nan,nan,nan,-9672.6946,-1534.5449,-212.9658,-9672.6946,-1534.5449,-212.9658,12.000,0,nan,nan
2.3660,148.5500,0,-9386.8955,-1594.5841,-301.6257,nan,nan,nan,0.9597,-0.2811,0.0000,0.2811,0.9597,0.0000,-0.0000,-0.0000,1.0000,0.0000,0.0000,0.0000,0.0000,0.0000,0.0000,-9672.6946,-1534.5449,-212.9658,nan,nan,nan,0.9527,-0.2001,-0.2289,0.2240,-0.0471,0.9735,90.000,nan,nan,nan,0.0000,0.0000,0.0000,nan,nan,nan,-9672.6946,-1534.5449,-212.9658,-9672.6946,-1534.5449,-212.9658,12.000,0,nan,nan
2.3930,148.5833,0,-9386.8955,-1594.5841,-301.6257,nan,nan,nan,0.9597,-0.2811,0.0000,0.2811,0.9597,0.0000,-0.0000,-0.0000,1.0000,0.0000,0.0000,0.0000,0.0000,0.0000,0.0000,-9672.6946,-1534.5449,-212.9658,nan,nan,nan,0.9527,-0.2001,-0.2289,0.2240,-0.0471,0.9735,90.000,nan,nan,nan,0.0000,0.0000,0.0000,nan,nan,nan,-9672.6946,-1534.5449,-212.9658,-9672.6946,-1534.5449,-212.9658,12.000,0,nan,nan
2.4200,148.6000,0,-9386.8955,-1594.5841,-301.6257,nan,nan,nan,0.9597,-0.2811,0.0000,0.2811,0.9597,0.0000,-0.0000,-0.0000,1.0000,0.0000,0.0000,0.0000,0.0000,0.0000,0.0000,-9672.6946,-1534.5449,-212.9658,nan,nan,nan,0.9527,-0.2001,-0.2289,0.2240,-0.0471,0.9735,90.000,nan,nan,nan,0.0000,0.0000,0.0000,nan,nan,nan,-9672.6946,-1534.5449,-212.9658,-9672.6946,-1534.5449,-212.9658,12.000,0,nan,nan
2.4470,148.6333,0,-9386.8955,-1594.5841,-301.6257,nan,nan,nan,0.9597,-0.2811,0.0000,0.2811,0.9597,0.0000,-0.0000,-0.0000,1.0000,0.0000,0.0000,0.0000,0.0000,0.0000,0.0000,-9672.6946,-1534.5449,-212.9658,nan,nan,nan,0.9527,-0.2001,-0.2289,0.2240,-0.0471,0.9735,90.000,nan,nan,nan,0.0000,0.0000,0.0000,nan,nan,nan,-9672.6946,-1534.5449,-212.9658,-9672.6946,-1534.5449,-212.9658,12.000,0,nan,nan
2.4730,148.6667,0,-9386.8955,-1594.5841,-301.6257,nan,nan,nan,0.9597,-0.2811,0.0000,0.2811,0.9597,0.0000,-0.0000,-0.0000,1.0000,0.0000,0.0000,0.0000,0.0000,0.0000,0.0000,-9672.6946,-1534.5449,-212.9658,nan,nan,nan,0.9527,-0.2001,-0.2289,0.2240,-0.0471,0.9735,90.000,nan,nan,nan,0.0000,0.0000,0.0000,nan,nan,nan,-9672.6946,-1534.5449,-212.9658,-9672.6946,-1534.5449,-212.9658,12.000,0,nan,nan
2.4990,148.6833,0,-9386.8955,-1594.5841,-301.6257,nan,nan,nan,0.9597,-0.2811,0.0000,0.2811,0.9597,0.0000,-0.0000,-0.0000,1.0000,0.0000,0.0000,0.0000,0.0000,0.0000,0.0000,-9672.6946,-1534.5449,-212.9658,nan,nan,nan,0.9527,-0.2001,-0.2289,0.2240,-0.0471,0.9735,90.000,nan,nan,nan,0.0000,0.0000,0.0000,nan,nan,nan,-9672.6946,-1534.5449,-212.9658,-9672.6946,-1534.5449,-212.9658,12.000,0,nan,nan
2.5260,148.7167,0,-9386.8955,-1594.5841,-301.6257,nan,nan,nan,0.9597,-0.2811,0.0000,0.2811,0.9597,0.0000,-0.0000,-0.0000,1.0000,0.0000,0.0000,0.0000,0.0000,0.0000,0.0000,-9672.6946,-1534.5449,-212.9658,nan,nan,nan,0.9527,-0.2001,-0.2289,0.2240,-0.0471,0.9735,90.000,nan,nan,nan,0.0000,0.0000,0.0000,nan,nan,nan,-9672.6946,-1534.5449,-212.9658,-9672.6946,-1534.5449,-212.9658,12.000,0,nan,nan
2.5530,148.7333,0,-9386.8955,-1594.5841,-301.6257,nan,nan,nan,0.9597,-0.2811,0.0000,0.2811,0.9597,0.0000,-0.0000,-0.0000,1.0000,0.0000,0.0000,0.0000,0.0000,0.0000,0.0000,-9672.6946,-1534.5449,-212.9658,nan,nan,nan,0.9527,-0.2001,-0.2289,0.2240,-0.0471,0.9735,90.000,nan,nan,nan,0.0000,0.0000,0.0000,nan,nan,nan,-9672.6946,-1534.5449,-212.9658,-9672.6946,-1534.5449,-212.9658,12.000,0,nan,nan
2.5790,148.7667,0,-9386.8955,-1594.5841,-301.6257,nan,nan,nan,0.9597,-0.2811,0.0000,0.2811,0.9597,0.0000,-0.0000,-0.0000,1.0000,0.0000,0.0000,0.0000,0.0000,0.0000,0.0000,-9672.6946,-1534.5449,-212.9658,nan,nan,nan,0.9527,-0.2001,-0.2289,0.2240,-0.0471,0.9735,90.000,nan,nan,nan,0.0000,0.0000,0.0000,nan,nan,nan,-9672.6946,-1534.5449,-212.9658,-9672.6946,-1534.5449,-212.9658,12.000,0,nan,nan
2.6060,148.7833,0,-9386.8955,-1594.5841,-301.6257,nan,nan,nan,0.9597,-0.2811,0.0000,0.2811,0.9597,0.0000,-0.0000,-0.0000,1.0000,0.0000,0.0000,0.0000,0.0000,0.0000,0.0000,-9672.6946,-1534.5449,-212.9658,nan,nan,nan,0.9527,-0.2001,-0.2289,0.2240,-0.0471,0.9735,90.000,nan,nan,nan,0.0000,0.0000,0.0000,nan,nan,nan,-9672.6946,-1534.5449,-212.9658,-9672.6946,-1534.5449,-212.9658,12.000,0,nan,nan
2.6330,148.8167,0,-9386.8955,-1594.5841,-301.6257,nan,nan,nan,0.9597,-0.2811,0.0000,0.2811,0.9597,0.0000,-0.0000,-0.0000,1.0000,0.0000,0.0000,0.0000,0.0000,0.0000,0.0000,-9672.6946,-1534.5449,-212.9658,nan,nan,nan,0.9527,-0.2001,-0.2289,0.2240,-0.0471,0.9735,90.000,nan,nan,nan,0.0000,0.0000,0.0000,nan,nan,nan,-9672.6946,-1534.5449,-212.9658,-9672.6946,-1534.5449,-212.9658,12.000,0,nan,nan
2.6600,148.8500,0,-9386.8955,-1594.5841,-301.6257,nan,nan,nan,0.9597,-0.2811,0.0000,0.2811,0.9597,0.0000,-0.0000,-0.0000,1.0000,0.0000,0.0000,0.0000,0.0000,0.0000,0.0000,-9672.6946,-1534.5449,-212.9658,nan,nan,nan,0.9527,-0.2001,-0.2289,0.2240,-0.0471,0.9735,90.000,nan,nan,nan,0.0000,0.0000,0.0000,nan,nan,nan,-9672.6946,-1534.5449,-212.9658,-9672.6946,-1534.5449,-212.9658,12.000,0,nan,nan
2.6850,148.8667,0,-9386.8955,-1594.5841,-301.6257,nan,nan,nan,0.9597,-0.2811,0.0000,0.2811,0.9597,0.0000,-0.0000,-0.0000,1.0000,0.0000,0.0000,0.0000,0.0000,0.0000,0.0000,-9672.6946,-1534.5449,-212.9658,nan,nan,nan,0.9527,-0.2001,-0.2289,0.2240,-0.0471,0.9735,90.000,nan,nan,nan,0.0000,0.0000,0.0000,nan,nan,nan,-9672.6946,-1534.5449,-212.9658,-9672.6946,-1534.5449,-212.9658,12.000,0,nan,nan
2.7120,148.9000,0,-9386.8955,-1594.5841,-301.6257,nan,nan,nan,0.9597,-0.2811,0.0000,0.2811,0.9597,0.0000,-0.0000,-0.0000,1.0000,0.0000,0.0000,0.0000,0.0000,0.0000,0.0000,-9672.6946,-1534.5449,-212.9658,nan,nan,nan,0.9527,-0.2001,-0.2289,0.2240,-0.0471,0.9735,90.000,nan,nan,nan,0.0000,0.0000,0.0000,nan,nan,nan,-9672.6946,-1534.5449,-212.9658,-9672.6946,-1534.5449,-212.9658,12.000,0,nan,nan
2.7380,148.9167,0,-9386.8955,-1594.5841,-301.6257,nan,nan,nan,0.9597,-0.2811,0.0000,0.2811,0.9597,0.0000,-0.0000,-0.0000,1.0000,0.0000,0.0000,0.0000,0.0000,0.0000,0.0000,-9672.6946,-1534.5449,-212.9658,nan,nan,nan,0.9527,-0.2001,-0.2289,0.2240,-0.0471,0.9735,90.000,nan,nan,nan,0.0000,0.0000,0.0000,nan,nan,nan,-9672.6946,-1534.5449,-212.9658,-9672.6946,-1534.5449,-212.9658,12.000,0,nan,nan
2.7660,148.9500,0,-9386.8955,-1594.5841,-301.6257,nan,nan,nan,0.9597,-0.2811,0.0000,0.2811,0.9597,0.0000,-0.0000,-0.0000,1.0000,0.0000,0.0000,0.0000,0.0000,0.0000,0.0000,-9672.6946,-1534.5449,-212.9658,nan,nan,nan,0.9527,-0.2001,-0.2289,0.2240,-0.0471,0.9735,90.000,nan,nan,nan,0.0000,0.0000,0.0000,nan,nan,nan,-9672.6946,-1534.5449,-212.9658,-9672.6946,-1534.5449,-212.9658,12.000,0,nan,nan
2.7900,148.9833,0,-9386.8955,-1594.5841,-301.6257,nan,nan,nan,0.9597,-0.2811,0.0000,0.2811,0.9597,0.0000,-0.0000,-0.0000,1.0000,0.0000,0.0000,0.0000,0.0000,0.0000,0.0000,-9672.6946,-1534.5449,-212.9658,nan,nan,nan,0.9527,-0.2001,-0.2289,0.2240,-0.0471,0.9735,90.000,nan,nan,nan,0.0000,0.0000,0.0000,nan,nan,nan,-9672.6946,-1534.5449,-212.9658,-9672.6946,-1534.5449,-212.9658,12.000,0,nan,nan
2.8170,149.0000,0,-9386.8955,-1594.5841,-301.6257,nan,nan,nan,0.9597,-0.2811,0.0000,0.2811,0.9597,0.0000,-0.0000,-0.0000,1.0000,0.0000,0.0000,0.0000,0.0000,0.0000,0.0000,-9672.6946,-1534.5449,-212.9658,nan,nan,nan,0.9527,-0.2001,-0.2289,0.2240,-0.0471,0.9735,90.000,nan,nan,nan,0.0000,0.0000,0.0000,nan,nan,nan,-9672.6946,-1534.5449,-212.9658,-9672.6946,-1534.5449,-212.9658,12.000,0,nan,nan
2.8440,149.0333,0,-9386.8955,-1594.5841,-301.6257,nan,nan,nan,0.9597,-0.2811,0.0000,0.2811,0.9597,0.0000,-0.0000,-0.0000,1.0000,0.0000,0.0000,0.0000,0.0000,0.0000,0.0000,-9672.6946,-1534.5449,-212.9658,nan,nan,nan,0.9527,-0.2001,-0.2289,0.2240,-0.0471,0.9735,90.000,nan,nan,nan,0.0000,0.0000,0.0000,nan,nan,nan,-9672.6946,-1534.5449,-212.9658,-9672.6946,-1534.5449,-212.9658,12.000,0,nan,nan
2.8700,149.0500,0,-9386.8955,-1594.5841,-301.6257,nan,nan,nan,0.9597,-0.2811,0.0000,0.2811,0.9597,0.0000,-0.0000,-0.0000,1.0000,0.0000,0.0000,0.0000,0.0000,0.0000,0.0000,-9672.6946,-1534.5449,-212.9658,nan,nan,nan,0.9527,-0.2001,-0.2289,0.2240,-0.0471,0.9735,90.000,nan,nan,nan,0.0000,0.0000,0.0000,nan,nan,nan,-9672.6946,-1534.5449,-212.9658,-9672.6946,-1534.5449,-212.9658,12.000,0,nan,nan
2.8980,149.0833,0,-9386.8955,-1594.5841,-301.6257,nan,nan,nan,0.9597,-0.2811,0.0000,0.2811,0.9597,0.0000,-0.0000,-0.0000,1.0000,0.0000,0.0000,0.0000,0.0000,0.0000,0.0000,-9672.6946,-1534.5449,-212.9658,nan,nan,nan,0.9527,-0.2001,-0.2289,0.2240,-0.0471,0.9735,90.000,nan,nan,nan,0.0000,0.0000,0.0000,nan,nan,nan,-9672.6946,-1534.5449,-212.9658,-9672.6946,-1534.5449,-212.9658,12.000,0,nan,nan
2.9240,149.1167,0,-9386.8955,-1594.5841,-301.6257,nan,nan,nan,0.9597,-0.2811,0.0000,0.2811,0.9597,0.0000,-0.0000,-0.0000,1.0000,0.0000,0.0000,0.0000,0.0000,0.0000,0.0000,-9672.6946,-1534.5449,-212.9658,nan,nan,nan,0.9527,-0.2001,-0.2289,0.2240,-0.0471,0.9735,90.000,nan,nan,nan,0.0000,0.0000,0.0000,nan,nan,nan,-9672.6946,-1534.5449,-212.9658,-9672.6946,-1534.5449,-212.9658,12.000,0,nan,nan
2.9500,149.1333,0,-9386.8955,-1594.5841,-301.6257,nan,nan,nan,0.9597,-0.2811,0.0000,0.2811,0.9597,0.0000,-0.0000,-0.0000,1.0000,0.0000,0.0000,0.0000,0.0000,0.0000,0.0000,-9672.6946,-1534.5449,-212.9658,nan,nan,nan,0.9527,-0.2001,-0.2289,0.2240,-0.0471,0.9735,90.000,nan,nan,nan,0.0000,0.0000,0.0000,nan,nan,nan,-9672.6946,-1534.5449,-212.9658,-9672.6946,-1534.5449,-212.9658,12.000,0,nan,nan
2.9770,149.1667,0,-9386.8955,-1594.5841,-301.6257,nan,nan,nan,0.9597,-0.2811,0.0000,0.2811,0.9597,0.0000,-0.0000,-0.0000,1.0000,0.0000,0.0000,0.0000,0.0000,0.0000,0.0000,-9672.6946,-1534.5449,-212.9658,nan,nan,nan,0.9527,-0.2001,-0.2289,0.2240,-0.0471,0.9735,90.000,nan,nan,nan,0.0000,0.0000,0.0000,nan,nan,nan,-9672.6946,-1534.5449,-212.9658,-9672.6946,-1534.5449,-212.9658,12.000,0,nan,nan
3.0040,149.1833,0,-9386.8955,-1594.5841,-301.6257,nan,nan,nan,0.9597,-0.2811,0.0000,0.2811,0.9597,0.0000,-0.0000,-0.0000,1.0000,0.0000,0.0000,0.0000,0.0000,0.0000,0.0000,-9672.6946,-1534.5449,-212.9658,nan,nan,nan,0.9527,-0.2001,-0.2289,0.2240,-0.0471,0.9735,90.000,nan,nan,nan,0.0000,0.0000,0.0000,nan,nan,nan,-9672.6946,-1534.5449,-212.9658,-9672.6946,-1534.5449,-212.9658,12.000,0,nan,nan
3.0310,149.2167,0,-9386.8955,-1594.5841,-301.6257,nan,nan,nan,0.9597,-0.2811,0.0000,0.2811,0.9597,0.0000,-0.0000,-0.0000,1.0000,0.0000,0.0000,0.0000,0.0000,0.0000,0.0000,-9672.6946,-1534.5449,-212.9658,nan,nan,nan,0.9527,-0.2001,-0.2289,0.2240,-0.0471,0.9735,90.000,nan,nan,nan,0.0000,0.0000,0.0000,nan,nan,nan,-9672.6946,-1534.5449,-212.9658,-9672.6946,-1534.5449,-212.9658,12.000,0,nan,nan
3.0570,149.2500,0,-9386.8955,-1594.5841,-301.6257,nan,nan,nan,0.9597,-0.2811,0.0000,0.2811,0.9597,0.0000,-0.0000,-0.0000,1.0000,0.0000,0.0000,0.0000,0.0000,0.0000,0.0000,-9672.6946,-1534.5449,-212.9658,nan,nan,nan,0.9527,-0.2001,-0.2289,0.2240,-0.0471,0.9735,90.000,nan,nan,nan,0.0000,0.0000,0.0000,nan,nan,nan,-9672.6946,-1534.5449,-212.9658,-9672.6946,-1534.5449,-212.9658,12.000,0,nan,nan
3.0840,149.2667,0,-9386.8955,-1594.5841,-301.6257,nan,nan,nan,0.9597,-0.2811,0.0000,0.2811,0.9597,0.0000,-0.0000,-0.0000,1.0000,0.0000,0.0000,0.0000,0.0000,0.0000,0.0000,-9672.6946,-1534.5449,-212.9658,nan,nan,nan,0.9527,-0.2001,-0.2289,0.2240,-0.0471,0.9735,90.000,nan,nan,nan,0.0000,0.0000,0.0000,nan,nan,nan,-9672.6946,-1534.5449,-212.9658,-9672.6946,-1534.5449,-212.9658,12.000,0,nan,nan
3.1090,149.3000,0,-9386.8955,-1594.5841,-301.6257,nan,nan,nan,0.9597,-0.2811,0.0000,0.2811,0.9597,0.0000,-0.0000,-0.0000,1.0000,0.0000,0.0000,0.0000,0.0000,0.0000,0.0000,-9672.6946,-1534.5449,-212.9658,nan,nan,nan,0.9527,-0.2001,-0.2289,0.2240,-0.0471,0.9735,90.000,nan,nan,nan,0.0000,0.0000,0.0000,nan,nan,nan,-9672.6946,-1534.5449,-212.9658,-9672.6946,-1534.5449,-212.9658,12.000,0,nan,nan
3.1360,149.3167,0,-9386.8955,-1594.5841,-301.6257,nan,nan,nan,0.9597,-0.2811,0.0000,0.2811,0.9597,0.0000,-0.0000,-0.0000,1.0000,0.0000,0.0000,0.0000,0.0000,0.0000,0.0000,-9672.6946,-1534.5449,-212.9658,nan,nan,nan,0.9527,-0.2001,-0.2289,0.2240,-0.0471,0.9735,90.000,nan,nan,nan,0.0000,0.0000,0.0000,nan,nan,nan,-9672.6946,-1534.5449,-212.9658,-9672.6946,-1534.5449,-212.9658,12.000,0,nan,nan
3.1630,149.3500,0,-9386.8955,-1594.5841,-301.6257,nan,nan,nan,0.9597,-0.2811,0.0000,0.2811,0.9597,0.0000,-0.0000,-0.0000,1.0000,0.0000,0.0000,0.0000,0.0000,0.0000,0.0000,-9672.6946,-1534.5449,-212.9658,nan,nan,nan,0.9527,-0.2001,-0.2289,0.2240,-0.0471,0.9735,90.000,nan,nan,nan,0.0000,0.0000,0.0000,nan,nan,nan,-9672.6946,-1534.5449,-212.9658,-9672.6946,-1534.5449,-212.9658,12.000,0,nan,nan
3.1900,149.3833,0,-9386.8955,-1594.5841,-301.6257,nan,nan,nan,0.9597,-0.2811,0.0000,0.2811,0.9597,0.0000,-0.0000,-0.0000,1.0000,0.0000,0.0000,0.0000,0.0000,0.0000,0.0000,-9672.6946,-1534.5449,-212.9658,nan,nan,nan,0.9527,-0.2001,-0.2289,0.2240,-0.0471,0.9735,90.000,nan,nan,nan,0.0000,0.0000,0.0000,nan,nan,nan,-9672.6946,-1534.5449,-212.9658,-9672.6946,-1534.5449,-212.9658,12.000,0,nan,nan
3.2170,149.4000,0,-9386.8955,-1594.5841,-301.6257,nan,nan,nan,0.9597,-0.2811,0.0000,0.2811,0.9597,0.0000,-0.0000,-0.0000,1.0000,0.0000,0.0000,0.0000,0.0000,0.0000,0.0000,-9672.6946,-1534.5449,-212.9658,nan,nan,nan,0.9527,-0.2001,-0.2289,0.2240,-0.0471,0.9735,90.000,nan,nan,nan,0.0000,0.0000,0.0000,nan,nan,nan,-9672.6946,-1534.5449,-212.9658,-9672.6946,-1534.5449,-212.9658,12.000,0,nan,nan
3.2440,149.4333,0,-9386.8955,-1594.5841,-301.6257,nan,nan,nan,0.9597,-0.2811,0.0000,0.2811,0.9597,0.0000,-0.0000,-0.0000,1.0000,0.0000,0.0000,0.0000,0.0000,0.0000,0.0000,-9672.6946,-1534.5449,-212.9658,nan,nan,nan,0.9527,-0.2001,-0.2289,0.2240,-0.0471,0.9735,90.000,nan,nan,nan,0.0000,0.0000,0.0000,nan,nan,nan,-9672.6946,-1534.5449,-212.9658,-9672.6946,-1534.5449,-212.9658,12.000,0,nan,nan
3.2710,149.4500,0,-9386.8955,-1594.5841,-301.6257,nan,nan,nan,0.9597,-0.2811,0.0000,0.2811,0.9597,0.0000,-0.0000,-0.0000,1.0000,0.0000,0.0000,0.0000,0.0000,0.0000,0.0000,-9672.6946,-1534.5449,-212.9658,nan,nan,nan,0.9527,-0.2001,-0.2289,0.2240,-0.0471,0.9735,90.000,nan,nan,nan,0.0000,0.0000,0.0000,nan,nan,nan,-9672.6946,-1534.5449,-212.9658,-9672.6946,-1534.5449,-212.9658,12.000,0,nan,nan
3.2970,149.4833,0,-9386.8955,-1594.5841,-301.6257,nan,nan,nan,0.9597,-0.2811,0.0000,0.2811,0.9597,0.0000,-0.0000,-0.0000,1.0000,0.0000,0.0000,0.0000,0.0000,0.0000,0.0000,-9672.6946,-1534.5449,-212.9658,nan,nan,nan,0.9527,-0.2001,-0.2289,0.2240,-0.0471,0.9735,90.000,nan,nan,nan,0.0000,0.0000,0.0000,nan,nan,nan,-9672.6946,-1534.5449,-212.9658,-9672.6946,-1534.5449,-212.9658,12.000,0,nan,nan
3.3230,149.5167,0,-9386.8955,-1594.5841,-301.6257,nan,nan,nan,0.9597,-0.2811,0.0000,0.2811,0.9597,0.0000,-0.0000,-0.0000,1.0000,0.0000,0.0000,0.0000,0.0000,0.0000,0.0000,-9672.6946,-1534.5449,-212.9658,nan,nan,nan,0.9527,-0.2001,-0.2289,0.2240,-0.0471,0.9735,90.000,nan,nan,nan,0.0000,0.0000,0.0000,nan,nan,nan,-9672.6946,-1534.5449,-212.9658,-9672.6946,-1534.5449,-212.9658,12.000,0,nan,nan
3.3500,149.5333,0,-9386.8955,-1594.5841,-301.6257,nan,nan,nan,0.9597,-0.2811,0.0000,0.2811,0.9597,0.0000,-0.0000,-0.0000,1.0000,0.0000,0.0000,0.0000,0.0000,0.0000,0.0000,-9672.6946,-1534.5449,-212.9658,nan,nan,nan,0.9527,-0.2001,-0.2289,0.2240,-0.0471,0.9735,90.000,nan,nan,nan,0.0000,0.0000,0.0000,nan,nan,nan,-9672.6946,-1534.5449,-212.9658,-9672.6946,-1534.5449,-212.9658,12.000,0,nan,nan
3.3770,149.5667,0,-9385.8998,-1595.0811,-301.6257,nan,nan,nan,0.9039,-0.4277,0.0000,0.4277,0.9039,0.0000,-0.0000,-0.0000,1.0000,0.0000,0.0000,0.0000,5.9739,-2.9822,0.0000,-9672.5688,-1534.6077,-212.9658,nan,nan,nan,0.9527,-0.2001,-0.2289,0.2240,-0.0471,0.9735,90.000,nan,nan,nan,0.0000,0.0000,0.0000,nan,nan,nan,-9672.5688,-1534.6077,-212.9658,-9672.5688,-1534.6077,-212.9658,12.000,2,1,nan
3.4050,149.5833,0,-9385.1558,-1595.4585,-301.6257,nan,nan,nan,0.8918,-0.4523,0.0000,0.4523,0.8918,0.0000,-0.0000,-0.0000,1.0000,0.0000,0.0000,0.0000,16.0963,-8.1066,0.0000,-9672.4480,-1534.6684,-212.9658,nan,nan,nan,0.9527,-0.2001,-0.2289,0.2240,-0.0471,0.9735,90.000,nan,nan,nan,0.0000,0.0000,0.0000,nan,nan,nan,-9672.4480,-1534.6684,-212.9658,-9672.4480,-1534.6684,-212.9658,12.000,2,1,nan
3.4330,149.6167,0,-9382.6770,-1596.7157,-301.6257,nan,nan,nan,0.8918,-0.4523,0.0000,0.4523,0.8918,0.0000,-0.0000,-0.0000,1.0000,0.0000,0.0000,0.0000,32.9940,-16.6750,0.0000,-9671.8074,-1534.9923,-212.9658,nan,nan,nan,0.9527,-0.2001,-0.2289,0.2240,-0.0471,0.9735,90.000,nan,nan,nan,0.0000,0.0000,0.0000,nan,nan,nan,-9671.8074,-1534.9923,-212.9658,-9671.8074,-1534.9923,-212.9658,12.000,2,1,nan
3.4590,149.6500,0,-9379.2071,-1598.4756,-301.6257,nan,nan,nan,0.8918,-0.4523,0.0000,0.4523,0.8918,0.0000,-0.0000,-0.0000,1.0000,0.0000,0.0000,0.0000,57.1925,-28.9477,0.0000,-9670.6494,-1535.5787,-212.9658,nan,nan,nan,0.9527,-0.2001,-0.2289,0.2240,-0.0471,0.9735,90.000,nan,nan,nan,0.0000,0.0000,0.0000,nan,nan,nan,-9670.6494,-1535.5787,-212.9658,-9670.6494,-1535.5787,-212.9658,12.000,2,1,nan
3.4870,149.6667,0,-9377.2245,-1599.4811,-301.6257,nan,nan,nan,0.8918,-0.4523,0.0000,0.4523,0.8918,0.0000,-0.0000,-0.0000,1.0000,0.0000,0.0000,0.0000,79.8500,-40.4870,0.0000,-9669.9622,-1535.9268,-212.9658,nan,nan,nan,0.9527,-0.2001,-0.2289,0.2240,-0.0471,0.9735,90.000,nan,nan,nan,0.0000,0.0000,0.0000,nan,nan,nan,-9669.9622,-1535.9268,-212.9658,-9669.9622,-1535.9268,-212.9658,12.000,2,1,nan
3.5140,149.7000,0,-9372.2683,-1601.9949,-301.6257,nan,nan,nan,0.8918,-0.4523,0.0000,0.4523,0.8918,0.0000,-0.0000,-0.0000,1.0000,0.0000,0.0000,0.0000,105.1914,-53.3493,0.0000,-9667.8438,-1537.0005,-212.9658,nan,nan,nan,0.9527,-0.2001,-0.2289,0.2240,-0.0471,0.9735,90.000,nan,nan,nan,0.0000,0.0000,0.0000,nan,nan,nan,-9667.8438,-1537.0005,-212.9658,-9667.8438,-1537.0005,-212.9658,12.000,2,1,nan
3.5400,149.7333,0,-9366.3211,-1605.0112,-301.6257,nan,nan,nan,0.8918,-0.4523,0.0000,0.4523,0.8918,0.0000,-0.0000,-0.0000,1.0000,0.0000,0.0000,0.0000,131.0694,-66.4762,0.0000,-9664.9915,-1538.4466,-212.9658,nan,nan,nan,0.9527,-0.2001,-0.2289,0.2240,-0.0471,0.9735,90.000,nan,nan,nan,0.0000,0.0000,0.0000,nan,nan,nan,-9664.9915,-1538.4466,-212.9658,-9664.9915,-1538.4466,-212.9658,12.000,2,1,nan
3.5660,149.7500,0,-9363.3223,-1606.3319,-300.7804,nan,nan,nan,0.9152,-0.4030,0.0000,0.4030,0.9152,0.0000,-0.0000,-0.0000,1.0000,0.0000,0.0000,0.0000,151.4119,-74.3903,10.1437,-9663.5690,-1539.1498,-212.8900,nan,nan,nan,0.9527,-0.2001,-0.2289,0.2240,-0.0471,0.9735,90.000,nan,nan,nan,0.0000,0.0000,0.0000,nan,nan,nan,-9663.5690,-1539.1498,-212.8900,-9663.5690,-1539.1498,-212.8900,12.000,2,1,nan
3.5930,149.7833,0,-9356.2796,-1610.8090,-300.4419,nan,nan,nan,0.8496,-0.5226,0.0711,0.5271,0.8464,-0.0766,-0.0201,0.1026,0.9945,0.0000,0.0000,0.0000,173.9449,-90.7693,14.2034,-9659.5675,-1540.9654,-212.7005,nan,nan,nan,0.9527,-0.2001,-0.2289,0.2240,-0.0471,0.9735,90.000,nan,nan,nan,0.0000,0.0000,0.0000,nan,nan,nan,-9659.5675,-1540.9654,-212.7005,-9659.5675,-1540.9654,-212.7005,12.000,2,1,nan
3.6210,149.8000,0,-9352.7050,-1612.9498,-299.8513,nan,nan,nan,0.8578,-0.5111,0.0548,0.5129,0.8580,-0.0278,-0.0328,0.0519,0.9981,0.0000,0.0000,0.0000,191.6089,-104.6521,22.1027,-9657.6588,-1541.9856,-212.5629,nan,nan,nan,0.9527,-0.2001,-0.2289,0.2240,-0.0471,0.9735,90.000,nan,nan,nan,0.0000,0.0000,0.0000,nan,nan,nan,-9657.6588,-1541.9856,-212.5629,-9657.6588,-1541.9856,-212.5629,12.000,2,1,nan
3.6470,149.8333,0,-9345.0864,-1617.6756,-296.7801,nan,nan,nan,0.8353,-0.5262,0.1592,0.5373,0.8427,-0.0343,-0.1161,0.1142,0.9866,0.0000,0.0000,0.0000,205.1704,-117.6854,42.1098,-9653.0883,-1544.4841,-211.7824,nan,nan,nan,0.9527,-0.2001,-0.2289,0.2240,-0.0471,0.9735,90.000,nan,nan,nan,0.0000,0.0000,0.0000,nan,nan,nan,-9653.0883,-1544.4841,-211.7824,-9653.0883,-1544.4841,-211.7824,12.000,2,1,nan
3.6750,149.8667,0,-9336.3744,-1623.5692,-294.6154,nan,nan,nan,0.8031,-0.5366,0.2591,0.5670,0.8219,-0.0554,-0.1832,0.1914,0.9643,0.0000,0.0000,0.0000,224.1686,-139.8057,48.9554,-9647.7862,-1547.4449,-210.7877,nan,nan,nan,0.9527,-0.2001,-0.2289,0.2240,-0.0471,0.9735,90.000,nan,nan,nan,0.0000,0.0000,0.0000,nan,nan,nan,-9647.7862,-1547.4449,-210.7877,-9647.7862,-1547.4449,-210.7877,12.000,2,1,nan
3.7020,149.8833,0,-9331.7284,-1626.2970,-294.2522,nan,nan,nan,0.8434,-0.4931,0.2136,0.5122,0.8579,-0.0420,-0.1625,0.1448,0.9760,0.0000,0.0000,0.0000,241.4640,-150.1007,52.6521,-9645.1946,-1548.9723,-210.3352,nan,nan,nan,0.9527,-0.2001,-0.2289,0.2240,-0.0471,0.9735,90.000,nan,nan,nan,0.0000,0.0000,0.0000,nan,nan,nan,-9645.1946,-1548.9723,-210.3352,-9645.1946,-1548.9723,-210.3352,12.000,2,1,nan
3.7300,149.9167,0,-9322.3053,-1631.8025,-294.6147,nan,nan,nan,0.8591,-0.4994,0.1119,0.5047,0.8629,-0.0240,-0.0846,0.0771,0.9934,0.0000,0.0000,0.0000,258.5667,-159.5032,44.1291,-9639.0960,-1552.6333,-209.6031,nan,nan,nan,0.9527,-0.2001,-0.2289,0.2240,-0.0471,0.9735,90.000,nan,nan,nan,0.0000,0.0000,0.0000,nan,nan,nan,-9639.0960,-1552.6333,-209.6031,-9639.0960,-1552.6333,-209.6031,12.000,2,1,nan
3.7570,149.9500,0,-9312.7699,-1637.6136,-292.0073,nan,nan,nan,0.8298,-0.5209,0.2004,0.5254,0.8502,0.0343,-0.1883,0.0768,0.9791,0.0000,0.0000,0.0000,273.4881,-167.8954,39.6417,-9632.7599,-1556.6673,-208.5969,nan,nan,nan,0.9527,-0.2001,-0.2289,0.2240,-0.0471,0.9735,90.000,nan,nan,nan,0.0000,0.0000,0.0000,nan,nan,nan,-9632.7599,-1556.6673,-208.5969,-9632.7599,-1556.6673,-208.5969,12.000,2,1,nan
3.7820,149.9667,0,-9307.9688,-1640.5305,-290.9758,nan,nan,nan,0.8436,-0.5153,0.1510,0.5187,0.8548,0.0189,-0.1388,0.0624,0.9884,0.0000,0.0000,0.0000,281.8139,-169.2162,38.1340,-9629.6678,-1558.5949,-208.0806,nan,nan,nan,0.9527,-0.2001,-0.2289,0.2240,-0.0471,0.9735,90.000,nan,nan,nan,0.0000,0.0000,0.0000,nan,nan,nan,-9629.6678,-1558.5949,-208.0806,-9629.6678,-1558.5949,-208.0806,12.000,2,1,nan
3.8100,150.0000,0,-9298.2335,-1646.4109,-290.0017,nan,nan,nan,0.8543,-0.5175,0.0483,0.5180,0.8554,0.0017,-0.0422,0.0236,0.9988,0.0000,0.0000,0.0000,286.1389,-172.0287,39.3185,-9621.7810,-1563.4027,-206.8981,nan,nan,nan,0.9527,-0.2001,-0.2289,0.2240,-0.0471,0.9735,90.000,nan,nan,nan,0.0000,0.0000,0.0000,nan,nan,nan,-9621.7810,-1563.4027,-206.8981,-9621.7810,-1563.4027,-206.8981,12.000,2,1,nan
3.8370,150.0167,0,-9293.3326,-1649.3628,-289.7869,nan,nan,nan,0.8565,-0.5159,0.0169,0.5160,0.8566,0.0000,-0.0145,0.0087,0.9999,0.0000,0.0000,0.0000,289.2761,-174.9807,44.3082,-9618.0947,-1565.6433,-206.3962,nan,nan,nan,0.9527,-0.2001,-0.2289,0.2240,-0.0471,0.9735,90.000,nan,nan,nan,0.0000,0.0000,0.0000,nan,nan,nan,-9618.0947,-1565.6433,-206.3962,-9618.0947,-1565.6433,-206.3962,12.000,2,1,nan
3.8640,150.0500,0,-9283.3983,-1655.3139,-290.4462,nan,nan,nan,0.8576,-0.5137,-0.0259,0.5139,0.8579,0.0000,0.0222,-0.0133,0.9997,0.0000,0.0000,0.0000,292.2967,-176.4114,25.7061,-9609.2488,-1571.0033,-205.5709,nan,nan,nan,0.9527,-0.2001,-0.2289,0.2240,-0.0471,0.9735,90.000,nan,nan,nan,0.0000,0.0000,0.0000,nan,nan,nan,-9609.2488,-1571.0033,-205.5709,-9609.2488,-1571.0033,-205.5709,12.000,2,1,nan
3.8920,150.0833,0,-9273.3318,-1661.3130,-292.1943,nan,nan,nan,0.8570,-0.5107,-0.0686,0.5119,0.8590,0.0000,0.0589,-0.0351,0.9976,0.0000,0.0000,0.0000,295.6864,-177.6885,-0.8810,-9599.9873,-1576.5954,-205.2117,nan,nan,nan,0.9527,-0.2001,-0.2289,0.2240,-0.0471,0.9735,90.000,nan,nan,nan,0.0000,0.0000,0.0000,nan,nan,nan,-9599.9873,-1576.5954,-205.2117,-9599.9873,-1576.5954,-205.2117,12.000,2,1,nan
3.9190,150.1000,0,-9268.2656,-1664.3247,-293.3406,nan,nan,nan,0.8561,-0.5089,-0.0899,0.5110,0.8596,-0.0000,0.0773,-0.0459,0.9960,0.0000,0.0000,0.0000,298.7472,-178.8011,-25.7986,-9595.7689,-1579.1378,-205.1717,nan,nan,nan,0.9527,-0.2001,-0.2289,0.2240,-0.0471,0.9735,90.000,nan,nan,nan,0.0000,0.0000,0.0000,nan,nan,nan,-9595.7689,-1579.1378,-205.1717,-9595.7689,-1579.1378,-205.1717,12.000,2,1,nan
3.9460,150.1333,0,-9258.3128,-1670.1868,-296.4748,nan,nan,nan,0.8551,-0.5037,-0.1228,0.5075,0.8617,0.0000,0.1058,-0.0623,0.9924,0.0000,0.0000,0.0000,300.2654,-178.7741,-52.1648,-9585.9709,-1585.0152,-205.6809,nan,nan,nan,0.9527,-0.2001,-0.2289,0.2240,-0.0471,0.9735,90.000,nan,nan,nan,0.0000,0.0000,0.0000,nan,nan,nan,-9585.9709,-1585.0152,-205.6809,-9585.9709,-1585.0152,-205.6809,12.000,2,1,nan
3.9750,150.1667,0,-9247.6944,-1676.6874,-296.1361,nan,nan,nan,0.8396,-0.5349,-0.0946,0.5260,0.8441,-0.1045,0.1357,0.0380,0.9900,0.0000,0.0000,0.0000,304.6742,-182.0657,-51.4502,-9575.8982,-1590.6498,-206.0450,nan,nan,nan,0.9527,-0.2001,-0.2289,0.2240,-0.0471,0.9735,90.000,nan,nan,nan,0.0000,0.0000,0.0000,nan,nan,nan,-9575.8982,-1590.6498,-206.0450,-9575.8982,-1590.6498,-206.0450,12.000,2,1,nan
4.0010,150.1833,0,-9241.5511,-1680.0788,-296.4765,nan,nan,nan,0.8717,-0.4862,-0.0615,0.4826,0.8735,-0.0643,0.0850,0.0264,0.9960,0.0000,0.0000,0.0000,318.8758,-187.4261,-44.9031,-9571.3923,-1593.2379,-206.2110,nan,nan,nan,0.9527,-0.2001,-0.2289,0.2240,-0.0471,0.9735,90.000,nan,nan,nan,0.0000,0.0000,0.0000,nan,nan,nan,-9571.3923,-1593.2379,-206.2110,-9571.3923,-1593.2379,-206.2110,12.000,2,1,nan
4.0280,150.2167,0,-9235.7344,-1683.3000,-297.1881,nan,nan,nan,0.8735,-0.4860,-0.0279,0.4862,0.8739,-0.0001,0.0244,-0.0135,0.9996,0.0000,0.0000,0.0000,295.8215,-171.6855,-34.1075,-9562.3373,-1598.6863,-206.6291,nan,nan,nan,0.9527,-0.2001,-0.2289,0.2240,-0.0471,0.9735,90.000,nan,nan,nan,0.0000,0.0000,0.0000,nan,nan,nan,-9562.3373,-1598.6863,-206.6291,-9562.3373,-1598.6863,-206.6291,12.000,2,1,nan
4.0560,150.2333,0,-9230.7902,-1686.2957,-294.4308,nan,nan,nan,0.8615,-0.5072,0.0241,0.5072,0.8618,0.0050,-0.0233,0.0080,0.9997,0.0000,0.0000,0.0000,290.8254,-169.3128,19.9433,-9558.3499,-1601.0999,-206.5541,nan,nan,nan,0.9527,-0.2001,-0.2289,0.2240,-0.0471,0.9735,90.000,nan,nan,nan,0.0000,0.0000,0.0000,nan,nan,nan,-9558.3499,-1601.0999,-206.5541,-9558.3499,-1601.0999,-206.5541,12.000,2,1,nan
4.0820,150.2667,0,-9219.7657,-1693.4787,-288.1963,nan,nan,nan,0.8384,-0.5300,0.1273,0.5320,0.8465,0.0202,-0.1185,0.0508,0.9917,0.0000,0.0000,0.0000,292.2618,-172.9325,66.1286,-9549.2536,-1606.7514,-205.3180,nan,nan,nan,0.9527,-0.2001,-0.2289,0.2240,-0.0471,0.9735,90.000,nan,nan,nan,0.0000,0.0000,0.0000,nan,nan,nan,-9549.2536,-1606.7514,-205.3180,-9549.2536,-1606.7514,-205.3180,12.000,2,1,nan
4.1090,150.3000,0,-9207.4308,-1702.2344,-281.5100,nan,nan,nan,0.8068,-0.5481,0.2206,0.5483,0.8337,0.0661,-0.2201,0.0676,0.9731,0.0000,0.0000,0.0000,292.8399,-185.4941,119.5678,-9538.9833,-1613.5339,-202.9444,nan,nan,nan,0.9527,-0.2001,-0.2289,0.2240,-0.0471,0.9735,90.000,nan,nan,nan,0.0000,0.0000,0.0000,nan,nan,nan,-9538.9833,-1613.5339,-202.9444,-9538.9833,-1613.5339,-202.9444,12.000,2,1,nan
4.1360,150.3167,0,-9201.1240,-1707.0374,-278.0547,nan,nan,nan,0.7721,-0.5762,0.2680,0.5813,0.8108,0.0686,-0.2568,0.1029,0.9610,0.0000,0.0000,0.0000,333.7367,-226.3158,175.9893,-9533.9338,-1616.9137,-201.5703,nan,nan,nan,0.9527,-0.2001,-0.2289,0.2240,-0.0471,0.9735,90.000,nan,nan,nan,0.0000,0.0000,0.0000,nan,nan,nan,-9533.9338,-1616.9137,-201.5703,-9533.9338,-1616.9137,-201.5703,12.000,2,1,nan
4.1630,150.3500,0,-9187.6171,-1719.1187,-273.2211,nan,nan,nan,0.7042,-0.6375,0.3127,0.6449,0.7585,0.0939,-0.2971,0.1356,0.9452,0.0000,0.0000,0.0000,363.6265,-271.0194,183.1883,-9522.0737,-1625.4876,-198.1122,nan,nan,nan,0.9527,-0.2001,-0.2289,0.2240,-0.0471,0.9735,90.000,nan,nan,nan,0.0000,0.0000,0.0000,nan,nan,nan,-9522.0737,-1625.4876,-198.1122,-9522.0737,-1625.4876,-198.1122,12.000,2,1,nan
4.1900,150.3833,0,-9173.8565,-1733.2551,-270.2857,nan,nan,nan,0.6669,-0.7028,0.2477,0.6990,0.7051,0.1188,-0.2582,0.0939,0.9615,0.0000,0.0000,0.0000,386.0214,-321.6806,164.8332,-9509.2625,-1635.7470,-194.5954,nan,nan,nan,0.9527,-0.2001,-0.2289,0.2240,-0.0471,0.9735,90.000,nan,nan,nan,0.0000,0.0000,0.0000,nan,nan,nan,-9509.2625,-1635.7470,-194.5954,-9509.2625,-1635.7470,-194.5954,12.000,2,1,nan
4.2160,150.4000,0,-9166.9513,-1740.3476,-269.0902,nan,nan,nan,0.6742,-0.7089,0.2072,0.7087,0.6999,0.0886,-0.2078,0.0871,0.9743,0.0000,0.0000,0.0000,399.3533,-364.3876,135.3904,-9503.2071,-1640.6995,-193.0166,nan,nan,nan,0.9527,-0.2001,-0.2289,0.2240,-0.0471,0.9735,90.000,nan,nan,nan,0.0000,0.0000,0.0000,nan,nan,nan,-9503.2071,-1640.6995,-193.0166,-9503.2071,-1640.6995,-193.0166,12.000,2,1,nan
4.2440,150.4333,0,-9153.0414,-1754.6293,-267.7881,nan,nan,nan,0.6887,-0.7155,0.1175,0.7169,0.6962,0.0378,-0.1089,0.0582,0.9923,0.0000,0.0000,0.0000,409.7979,-400.9835,95.8502,-9489.8005,-1652.0662,-190.0556,nan,nan,nan,0.9527,-0.2001,-0.2289,0.2240,-0.0471,0.9735,90.000,nan,nan,nan,0.0000,0.0000,0.0000,nan,nan,nan,-9489.8005,-1652.0662,-190.0556,-9489.8005,-1652.0662,-190.0556,12.000,2,1,nan
4.2710,150.4500,0,-9146.0615,-1761.7944,-267.4093,nan,nan,nan,0.6951,-0.7155,0.0697,0.7164,0.6975,0.0170,-0.0608,0.0381,0.9974,0.0000,0.0000,0.0000,414.6032,-421.7965,63.4864,-9483.4552,-1657.5393,-188.7966,nan,nan,nan,0.9527,-0.2001,-0.2289,0.2240,-0.0471,0.9735,90.000,nan,nan,nan,0.0000,0.0000,0.0000,nan,nan,nan,-9483.4552,-1657.5393,-188.7966,-9483.4552,-1657.5393,-188.7966,12.000,2,1,nan
4.2960,150.4833,0,-9132.0023,-1776.2216,-267.7406,nan,nan,nan,0.6974,-0.7165,-0.0130,0.7166,0.6975,-0.0000,0.0091,-0.0093,0.9999,0.0000,0.0000,0.0000,417.3557,-427.7037,37.4136,-9469.5472,-1669.9673,-186.7444,nan,nan,nan,0.9527,-0.2001,-0.2289,0.2240,-0.0471,0.9735,90.000,nan,nan,nan,0.0000,0.0000,0.0000,nan,nan,nan,-9469.5472,-1669.9673,-186.7444,-9469.5472,-1669.9673,-186.7444,12.000,2,1,nan
4.3210,150.5000,0,-9124.9479,-1783.4595,-268.1785,nan,nan,nan,0.6976,-0.7157,-0.0344,0.7161,0.6980,0.0000,0.0240,-0.0246,0.9994,0.0000,0.0000,0.0000,419.6973,-430.6301,12.5991,-9463.0058,-1675.9201,-185.9484,nan,nan,nan,0.9527,-0.2001,-0.2289,0.2240,-0.0471,0.9735,90.000,nan,nan,nan,0.0000,0.0000,0.0000,nan,nan,nan,-9463.0058,-1675.9201,-185.9484,-9463.0058,-1675.9201,-185.9484,12.000,2,1,nan
4.3490,150.5333,0,-9122.3358,-1786.1446,-268.4013,nan,nan,nan,0.6972,-0.7168,-0.0088,0.7168,0.6973,-0.0000,0.0061,-0.0063,1.0000,0.0000,0.0000,0.0000,352.3784,-361.6353,-1.5134,-9452.6279,-1685.4144,-184.7772,nan,nan,nan,0.9527,-0.2001,-0.2289,0.2240,-0.0471,0.9735,90.000,nan,nan,nan,0.0000,0.0000,0.0000,nan,nan,nan,-9452.6279,-1685.4144,-184.7772,-9452.6279,-1685.4144,-184.7772,12.000,2,1,nan
4.3750,150.5667,0,-9108.3871,-1802.3159,-266.8914,nan,nan,nan,0.6515,-0.7556,0.0687,0.7571,0.6532,0.0051,-0.0487,0.0487,0.9976,0.0000,0.0000,0.0000,338.8487,-358.8831,0.1781,-9439.2043,-1698.4690,-183.2593,nan,nan,nan,0.9527,-0.2001,-0.2289,0.2240,-0.0471,0.9735,90.000,nan,nan,nan,0.0000,0.0000,0.0000,nan,nan,nan,-9439.2043,-1698.4690,-183.2593,-9439.2043,-1698.4690,-183.2593,12.000,2,1,nan
4.4010,150.5833,0,-9101.6075,-1810.9276,-265.8261,nan,nan,nan,0.6184,-0.7832,0.0644,0.7824,0.6213,0.0421,-0.0730,0.0243,0.9970,0.0000,0.0000,0.0000,333.1430,-375.1094,15.2869,-9432.9030,-1704.9700,-182.5040,nan,nan,nan,0.9527,-0.2001,-0.2289,0.2240,-0.0471,0.9735,90.000,nan,nan,nan,0.0000,0.0000,0.0000,nan,nan,nan,-9432.9030,-1704.9700,-182.5040,-9432.9030,-1704.9700,-182.5040,12.000,2,1,nan
4.4280,150.6167,0,-9088.8007,-1830.0827,-262.8870,nan,nan,nan,0.5508,-0.8248,0.1276,0.8258,0.5608,0.0597,-0.1208,0.0725,0.9900,0.0000,0.0000,0.0000,324.1894,-406.4310,41.1976,-9419.0537,-1720.7366,-180.5023,nan,nan,nan,0.9527,-0.2001,-0.2289,0.2240,-0.0471,0.9735,90.000,nan,nan,nan,0.0000,0.0000,0.0000,nan,nan,nan,-9419.0537,-1720.7366,-180.5023,-9419.0537,-1720.7366,-180.5023,12.000,2,1,nan
4.4560,150.6333,0,-9082.7792,-1840.0069,-261.7194,nan,nan,nan,0.5157,-0.8509,0.1001,0.8537,0.5202,0.0244,-0.0728,0.0728,0.9947,0.0000,0.0000,0.0000,378.9846,-515.6747,61.7284,-9412.6754,-1728.2541,-179.5477,nan,nan,nan,0.9527,-0.2001,-0.2289,0.2240,-0.0471,0.9735,90.000,nan,nan,nan,0.0000,0.0000,0.0000,nan,nan,nan,-9412.6754,-1728.2541,-179.5477,-9412.6754,-1728.2541,-179.5477,12.000,2,1,nan
4.4840,150.6667,0,-9071.5637,-1860.1874,-258.6722,nan,nan,nan,0.4842,-0.8693,0.0991,0.8719,0.4888,0.0281,-0.0728,0.0728,0.9947,0.0000,0.0000,0.0000,373.5441,-561.5788,75.0576,-9399.5449,-1745.4274,-177.2488,nan,nan,nan,0.9527,-0.2001,-0.2289,0.2240,-0.0471,0.9735,90.000,nan,nan,nan,0.0000,0.0000,0.0000,nan,nan,nan,-9399.5449,-1745.4274,-177.2488,-9399.5449,-1745.4274,-177.2488,12.000,2,1,nan
4.5110,150.7000,0,-9060.3157,-1880.4016,-255.7548,nan,nan,nan,0.4854,-0.8684,0.1017,0.8659,0.4935,0.0817,-0.1212,0.0484,0.9915,0.0000,0.0000,0.0000,358.5889,-588.7049,82.4454,-9387.1622,-1763.3840,-174.8253,nan,nan,nan,0.9527,-0.2001,-0.2289,0.2240,-0.0471,0.9735,90.000,nan,nan,nan,0.0000,0.0000,0.0000,nan,nan,nan,-9387.1622,-1763.3840,-174.8253,-9387.1622,-1763.3840,-174.8253,12.000,2,1,nan
4.5380,150.7167,0,-9054.7761,-1890.5960,-254.4471,nan,nan,nan,0.4714,-0.8719,0.1330,0.8700,0.4844,0.0921,-0.1447,0.0723,0.9868,0.0000,0.0000,0.0000,345.2321,-601.5323,81.9796,-9381.5679,-1771.7995,-173.7018,nan,nan,nan,0.9527,-0.2001,-0.2289,0.2240,-0.0471,0.9735,90.000,nan,nan,nan,0.0000,0.0000,0.0000,nan,nan,nan,-9381.5679,-1771.7995,-173.7018,-9381.5679,-1771.7995,-173.7018,12.000,2,1,nan
4.5660,150.7500,0,-9044.0371,-1911.1936,-252.2881,nan,nan,nan,0.4589,-0.8842,0.0871,0.8872,0.4614,0.0095,-0.0486,0.0729,0.9961,0.0000,0.0000,0.0000,334.7366,-608.5932,80.8292,-9369.4041,-1790.4663,-171.3062,nan,nan,nan,0.9527,-0.2001,-0.2289,0.2240,-0.0471,0.9735,90.000,nan,nan,nan,0.0000,0.0000,0.0000,nan,nan,nan,-9369.4041,-1790.4663,-171.3062,-9369.4041,-1790.4663,-171.3062,12.000,2,1,nan
4.5930,150.7833,0,-9033.6064,-1931.8793,-249.5047,nan,nan,nan,0.4469,-0.8866,0.1193,0.8916,0.4523,0.0211,-0.0727,0.0969,0.9926,0.0000,0.0000,0.0000,327.9290,-613.0359,79.0168,-9357.7765,-1809.4929,-168.8358,nan,nan,nan,0.9527,-0.2001,-0.2289,0.2240,-0.0471,0.9735,90.000,nan,nan,nan,0.0000,0.0000,0.0000,nan,nan,nan,-9357.7765,-1809.4929,-168.8358,-9357.7765,-1809.4929,-168.8358,12.000,2,1,nan
4.6210,150.8000,0,-9028.3910,-1942.2221,-248.1130,nan,nan,nan,0.4469,-0.8866,0.1193,0.8916,0.4523,0.0211,-0.0727,0.0969,0.9926,0.0000,0.0000,0.0000,321.6634,-616.7535,77.8499,-9352.4772,-1818.3919,-167.6742,nan,nan,nan,0.9527,-0.2001,-0.2289,0.2240,-0.0471,0.9735,90.000,nan,nan,nan,0.0000,0.0000,0.0000,nan,nan,nan,-9352.4772,-1818.3919,-167.6742,-9352.4772,-1818.3919,-167.6742,12.000,2,1,nan
4.6480,150.8333,0,-9017.9918,-1963.0551,-246.2329,nan,nan,nan,0.4427,-0.8887,0.1192,0.8937,0.4481,0.0217,-0.0727,0.0969,0.9926,0.0000,0.0000,0.0000,316.3308,-620.1625,73.2054,-9341.2500,-1838.0463,-165.3081,nan,nan,nan,0.9527,-0.2001,-0.2289,0.2240,-0.0471,0.9735,90.000,nan,nan,nan,0.0000,0.0000,0.0000,nan,nan,nan,-9341.2500,-1838.0463,-165.3081,-9341.2500,-1838.0463,-165.3081,12.000,2,1,nan
4.6750,150.8667,0,-9007.1483,-1983.4506,-243.9504,nan,nan,nan,0.4681,-0.8820,0.0545,0.8833,0.4687,-0.0013,-0.0244,0.0487,0.9985,0.0000,0.0000,0.0000,315.8909,-619.6315,73.0173,-9330.0388,-1857.8331,-162.9663,nan,nan,nan,0.9527,-0.2001,-0.2289,0.2240,-0.0471,0.9735,90.000,nan,nan,nan,0.0000,0.0000,0.0000,nan,nan,nan,-9330.0388,-1857.8331,-162.9663,-9330.0388,-1857.8331,-162.9663,12.000,2,1,nan
4.7020,150.8833,0,-9002.2785,-1993.8433,-241.7514,nan,nan,nan,0.4213,-0.9007,0.1063,0.9060,0.4233,-0.0046,-0.0408,0.0983,0.9943,0.0000,0.0000,0.0000,311.6558,-620.1233,82.6675,-9324.9135,-1867.0520,-161.7503,nan,nan,nan,0.9527,-0.2001,-0.2289,0.2240,-0.0471,0.9735,90.000,nan,nan,nan,0.0000,0.0000,0.0000,nan,nan,nan,-9324.9135,-1867.0520,-161.7503,-9324.9135,-1867.0520,-161.7503,12.000,2,1,nan
4.7290,150.9167,0,-8992.3504,-2014.8771,-239.9422,nan,nan,nan,0.4248,-0.9019,0.0777,0.9050,0.4208,-0.0632,0.0243,0.0971,0.9950,0.0000,0.0000,0.0000,307.7935,-622.3109,78.7525,-9313.8251,-1887.1973,-159.3173,nan,nan,nan,0.9527,-0.2001,-0.2289,0.2240,-0.0471,0.9735,90.000,nan,nan,nan,0.0000,0.0000,0.0000,nan,nan,nan,-9313.8251,-1887.1973,-159.3173,-9313.8251,-1887.1973,-159.3173,12.000,2,1,nan
4.7550,150.9333,0,-8987.2502,-2025.2519,-238.5572,nan,nan,nan,0.4374,-0.8971,0.0624,0.8989,0.4343,-0.0573,0.0243,0.0812,0.9964,0.0000,0.0000,0.0000,305.8280,-622.2478,83.3084,-9308.7531,-1896.5873,-158.1682,nan,nan,nan,0.9527,-0.2001,-0.2289,0.2240,-0.0471,0.9735,90.000,nan,nan,nan,0.0000,0.0000,0.0000,nan,nan,nan,-9308.7531,-1896.5873,-158.1682,-9308.7531,-1896.5873,-158.1682,12.000,2,1,nan
4.7820,150.9667,0,-8977.4684,-2046.2457,-235.7496,nan,nan,nan,0.4186,-0.9002,0.1201,0.9079,0.4183,-0.0289,-0.0242,0.1211,0.9923,0.0000,0.0000,0.0000,299.0647,-625.8250,87.3705,-9298.2004,-1917.0348,-155.6062,nan,nan,nan,0.9527,-0.2001,-0.2289,0.2240,-0.0471,0.9735,90.000,nan,nan,nan,0.0000,0.0000,0.0000,nan,nan,nan,-9298.2004,-1917.0348,-155.6062,-9298.2004,-1917.0348,-155.6062,12.000,2,1,nan
4.8100,151.0000,0,-8968.0562,-2067.4447,-233.0534,nan,nan,nan,0.4027,-0.9042,0.1423,0.9150,0.4017,-0.0365,-0.0241,0.1449,0.9891,0.0000,0.0000,0.0000,295.7484,-629.0226,77.9716,-9287.8948,-1937.5867,-153.0228,nan,nan,nan,0.9527,-0.2001,-0.2289,0.2240,-0.0471,0.9735,90.000,nan,nan,nan,0.0000,0.0000,0.0000,nan,nan,nan,-9287.8948,-1937.5867,-153.0228,-9287.8948,-1937.5867,-153.0228,12.000,2,1,nan
4.8380,151.0167,0,-8963.0471,-2077.9398,-232.1518,nan,nan,nan,0.4293,-0.8984,0.0923,0.9031,0.4256,-0.0582,0.0130,0.1084,0.9940,0.0000,0.0000,0.0000,295.6248,-629.4001,76.0563,-9283.0688,-1947.1809,-151.8673,nan,nan,nan,0.9527,-0.2001,-0.2289,0.2240,-0.0471,0.9735,90.000,nan,nan,nan,0.0000,0.0000,0.0000,nan,nan,nan,-9283.0688,-1947.1809,-151.8673,-9283.0688,-1947.1809,-151.8673,12.000,2,1,nan
4.8640,151.0500,0,-8950.9318,-2097.8648,-231.2727,nan,nan,nan,0.5202,-0.8511,0.0703,0.8537,0.5159,-0.0713,0.0244,0.0971,0.9950,0.0000,0.0000,0.0000,307.0896,-624.5280,64.3285,-9272.2199,-1967.7323,-149.7464,nan,nan,nan,0.9527,-0.2001,-0.2289,0.2240,-0.0471,0.9735,90.000,nan,nan,nan,0.0000,0.0000,0.0000,nan,nan,nan,-9272.2199,-1967.7323,-149.7464,-9272.2199,-1967.7323,-149.7464,12.000,2,1,nan
4.8910,151.0833,0,-8937.8102,-2116.8425,-227.9964,nan,nan,nan,0.5640,-0.8165,0.1236,0.8233,0.5443,-0.1611,0.0643,0.1926,0.9792,0.0000,0.0000,0.0000,329.4213,-611.4571,64.7944,-9260.5574,-1987.6509,-147.4106,nan,nan,nan,0.9527,-0.2001,-0.2289,0.2240,-0.0471,0.9735,90.000,nan,nan,nan,0.0000,0.0000,0.0000,nan,nan,nan,-9260.5574,-1987.6509,-147.4106,-9260.5574,-1987.6509,-147.4106,12.000,2,1,nan
4.9190,151.1000,0,-8930.6460,-2125.9924,-226.4001,nan,nan,nan,0.6082,-0.7778,0.1585,0.7936,0.5919,-0.1405,0.0154,0.2112,0.9773,0.0000,0.0000,0.0000,363.3853,-591.4472,67.8673,-9255.0449,-1996.8437,-146.2669,nan,nan,nan,0.9527,-0.2001,-0.2289,0.2240,-0.0471,0.9735,90.000,nan,nan,nan,0.0000,0.0000,0.0000,nan,nan,nan,-9255.0449,-1996.8437,-146.2669,-9255.0449,-1996.8437,-146.2669,12.000,2,1,nan
4.9460,151.1333,0,-8916.0661,-2144.0900,-224.2962,nan,nan,nan,0.6306,-0.7685,0.1084,0.7756,0.6290,-0.0525,-0.0278,0.1172,0.9927,0.0000,0.0000,0.0000,397.5485,-570.0898,70.2854,-9242.8147,-2016.5670,-143.8300,nan,nan,nan,0.9527,-0.2001,-0.2289,0.2240,-0.0471,0.9735,90.000,nan,nan,nan,0.0000,0.0000,0.0000,nan,nan,nan,-9242.8147,-2016.5670,-143.8300,-9242.8147,-2016.5670,-143.8300,12.000,2,1,nan
4.9730,151.1500,0,-8908.7164,-2153.0547,-223.5164,nan,nan,nan,0.6341,-0.7697,0.0735,0.7724,0.6350,-0.0140,-0.0359,0.0657,0.9972,0.0000,0.0000,0.0000,419.8858,-553.8447,74.8511,-9237.0326,-2025.6977,-142.7463,nan,nan,nan,0.9527,-0.2001,-0.2289,0.2240,-0.0471,0.9735,90.000,nan,nan,nan,0.0000,0.0000,0.0000,nan,nan,nan,-9237.0326,-2025.6977,-142.7463,-9237.0326,-2025.6977,-142.7463,12.000,2,1,nan
5.0000,151.1833,0,-8893.8677,-2170.4745,-223.0459,nan,nan,nan,0.6490,-0.7605,0.0185,0.7607,0.6491,-0.0000,-0.0120,0.0141,0.9998,0.0000,0.0000,0.0000,434.7161,-541.2483,58.9303,-9224.2485,-2044.5980,-140.8762,nan,nan,nan,0.9527,-0.2001,-0.2289,0.2240,-0.0471,0.9735,90.000,nan,nan,nan,0.0000,0.0000,0.0000,nan,nan,nan,-9224.2485,-2044.5980,-140.8762,-9224.2485,-2044.5980,-140.8762,12.000,2,1,nan
5.0270,151.2167,0,-8878.9440,-2187.3185,-223.6642,nan,nan,nan,0.6630,-0.7483,-0.0243,0.7485,0.6632,0.0000,0.0161,-0.0182,0.9997,0.0000,0.0000,0.0000,441.2537,-529.9945,32.8795,-9211.1107,-2062.8342,-139.5880,nan,nan,nan,0.9527,-0.2001,-0.2289,0.2240,-0.0471,0.9735,90.000,nan,nan,nan,0.0000,0.0000,0.0000,nan,nan,nan,-9211.1107,-2062.8342,-139.5880,-9211.1107,-2062.8342,-139.5880,12.000,2,1,nan
5.0540,151.2333,0,-8871.4665,-2195.5950,-224.2456,nan,nan,nan,0.6697,-0.7412,-0.0456,0.7420,0.6704,0.0000,0.0306,-0.0339,0.9990,0.0000,0.0000,0.0000,444.8123,-518.4767,8.0695,-9204.8077,-2071.3296,-139.1272,nan,nan,nan,0.9527,-0.2001,-0.2289,0.2240,-0.0471,0.9735,90.000,nan,nan,nan,0.0000,0.0000,0.0000,nan,nan,nan,-9204.8077,-2071.3296,-139.1272,-9204.8077,-2071.3296,-139.1272,12.000,2,1,nan
5.0800,151.2667,0,-8856.4545,-2211.5696,-226.4972,nan,nan,nan,0.6821,-0.7259,-0.0883,0.7287,0.6848,0.0000,0.0605,-0.0644,0.9961,0.0000,0.0000,0.0000,447.3988,-504.4438,-19.7592,-9191.2285,-2088.6833,-138.8691,nan,nan,nan,0.9527,-0.2001,-0.2289,0.2240,-0.0471,0.9735,90.000,nan,nan,nan,0.0000,0.0000,0.0000,nan,nan,nan,-9191.2285,-2088.6833,-138.8691,-9191.2285,-2088.6833,-138.8691,12.000,2,1,nan
5.1080,151.3000,0,-8841.4109,-2226.9550,-229.8378,nan,nan,nan,0.6932,-0.7088,-0.1308,0.7150,0.6992,0.0000,0.0914,-0.0935,0.9914,0.0000,0.0000,0.0000,449.0857,-489.4316,-48.1916,-9177.4045,-2105.5002,-139.3899,nan,nan,nan,0.9527,-0.2001,-0.2289,0.2240,-0.0471,0.9735,90.000,nan,nan,nan,0.0000,0.0000,0.0000,nan,nan,nan,-9177.4045,-2105.5002,-139.3899,-9177.4045,-2105.5002,-139.3899,12.000,2,1,nan
5.1350,151.3167,0,-8834.1350,-2234.2339,-231.5761,nan,nan,nan,0.7004,-0.7006,-0.1361,0.7072,0.7070,0.0000,0.0962,-0.0963,0.9907,0.0000,0.0000,0.0000,447.1911,-472.7119,-71.0284,-9171.0046,-2113.1096,-139.7899,nan,nan,nan,0.9527,-0.2001,-0.2289,0.2240,-0.0471,0.9735,90.000,nan,nan,nan,0.0000,0.0000,0.0000,nan,nan,nan,-9171.0046,-2113.1096,-139.7899,-9171.0046,-2113.1096,-139.7899,12.000,2,1,nan
5.1630,151.3500,0,-8816.6554,-2248.0932,-233.1231,nan,nan,nan,0.7859,-0.6162,-0.0510,0.6145,0.7876,-0.0454,0.0682,0.0043,0.9977,0.0000,0.0000,0.0000,461.9601,-453.2049,-77.9009,-9155.7580,-2129.4342,-140.8192,nan,nan,nan,0.9527,-0.2001,-0.2289,0.2240,-0.0471,0.9735,90.000,nan,nan,nan,0.0000,0.0000,0.0000,nan,nan,nan,-9155.7580,-2129.4342,-140.8192,-9155.7580,-2129.4342,-140.8192,12.000,2,1,nan
5.1910,151.3833,0,-8797.7215,-2257.5551,-228.8938,nan,nan,nan,0.8686,-0.4836,-0.1085,0.4860,0.8740,-0.0047,0.0971,-0.0486,0.9941,0.0000,0.0000,0.0000,488.4458,-410.2277,-40.3895,-9139.9593,-2144.1412,-140.7198,nan,nan,nan,0.9527,-0.2001,-0.2289,0.2240,-0.0471,0.9735,90.000,nan,nan,nan,0.0000,0.0000,0.0000,nan,nan,nan,-9139.9593,-2144.1412,-140.7198,-9139.9593,-2144.1412,-140.7198,12.000,2,1,nan
5.2180,151.4000,0,-8788.3522,-2262.3535,-227.3882,nan,nan,nan,0.8886,-0.4551,-0.0564,0.4558,0.8901,-0.0008,0.0506,-0.0250,0.9984,0.0000,0.0000,0.0000,515.9117,-366.8999,5.2224,-9132.5131,-2150.6797,-140.5014,nan,nan,nan,0.9527,-0.2001,-0.2289,0.2240,-0.0471,0.9735,90.000,nan,nan,nan,0.0000,0.0000,0.0000,nan,nan,nan,-9132.5131,-2150.6797,-140.5014,-9132.5131,-2150.6797,-140.5014,12.000,2,1,nan
5.2450,151.4333,0,-8769.8586,-2271.3728,-225.4661,nan,nan,nan,0.8978,-0.4378,0.0482,0.4383,0.8988,0.0001,-0.0434,0.0211,0.9988,0.0000,0.0000,0.0000,545.0559,-325.0035,46.7380,-9116.6197,-2163.2777,-139.7334,nan,nan,nan,0.9527,-0.2001,-0.2289,0.2240,-0.0471,0.9735,90.000,nan,nan,nan,0.0000,0.0000,0.0000,nan,nan,nan,-9116.6197,-2163.2777,-139.7334,-9116.6197,-2163.2777,-139.7334,12.000,2,1,nan
5.2730,151.4500,0,-8760.6761,-2275.7387,-224.7772,nan,nan,nan,0.9018,-0.4288,0.0541,0.4294,0.9031,-0.0000,-0.0488,0.0232,0.9985,0.0000,0.0000,0.0000,556.1972,-285.8589,72.5892,-9109.1527,-2168.8867,-139.3462,nan,nan,nan,0.9527,-0.2001,-0.2289,0.2240,-0.0471,0.9735,90.000,nan,nan,nan,0.0000,0.0000,0.0000,nan,nan,nan,-9109.1527,-2168.8867,-139.3462,-9109.1527,-2168.8867,-139.3462,12.000,2,1,nan
5.3010,151.4833,0,-8742.5834,-2283.9004,-224.4884,nan,nan,nan,0.9115,-0.4111,0.0113,0.4112,0.9116,-0.0000,-0.0103,0.0047,0.9999,0.0000,0.0000,0.0000,553.3784,-270.2289,54.1167,-9093.0006,-2179.8898,-138.6412,nan,nan,nan,0.9527,-0.2001,-0.2289,0.2240,-0.0471,0.9735,90.000,nan,nan,nan,0.0000,0.0000,0.0000,nan,nan,nan,-9093.0006,-2179.8898,-138.6412,-9093.0006,-2179.8898,-138.6412,12.000,2,1,nan
5.3290,151.5167,0,-8724.7821,-2291.4978,-225.2884,nan,nan,nan,0.9193,-0.3923,-0.0314,0.3925,0.9197,0.0000,0.0289,-0.0123,0.9995,0.0000,0.0000,0.0000,547.1917,-255.1071,27.5557,-9076.4727,-2190.2083,-138.2423,nan,nan,nan,0.9527,-0.2001,-0.2289,0.2240,-0.0471,0.9735,90.000,nan,nan,nan,0.0000,0.0000,0.0000,nan,nan,nan,-9076.4727,-2190.2083,-138.2423,-9076.4727,-2190.2083,-138.2423,12.000,2,1,nan
5.3540,151.5333,0,-8715.9583,-2295.1563,-225.9606,nan,nan,nan,0.9225,-0.3825,-0.0528,0.3830,0.9237,0.0000,0.0487,-0.0202,0.9986,0.0000,0.0000,0.0000,540.8782,-241.8688,2.6437,-9068.8521,-2194.7704,-138.1503,nan,nan,nan,0.9527,-0.2001,-0.2289,0.2240,-0.0471,0.9735,90.000,nan,nan,nan,0.0000,0.0000,0.0000,nan,nan,nan,-9068.8521,-2194.7704,-138.1503,-9068.8521,-2194.7704,-138.1503,12.000,2,1,nan
5.3870,151.5667,0,-8698.6285,-2301.9191,-228.3940,nan,nan,nan,0.9273,-0.3619,-0.0954,0.3635,0.9316,0.0000,0.0889,-0.0347,0.9954,0.0000,0.0000,0.0000,533.4041,-227.4073,-25.2054,-9051.6608,-2204.3038,-138.4844,nan,nan,nan,0.9527,-0.2001,-0.2289,0.2240,-0.0471,0.9735,90.000,nan,nan,nan,0.0000,0.0000,0.0000,nan,nan,nan,-9051.6608,-2204.3038,-138.4844,-9051.6608,-2204.3038,-138.4844,12.000,2,1,nan
5.4140,151.6000,0,-8682.4478,-2307.8233,-231.6033,nan,nan,nan,0.9320,-0.3400,-0.1257,0.3427,0.9394,0.0000,0.1181,-0.0431,0.9921,0.0000,0.0000,0.0000,520.4371,-210.9702,-51.7643,-9034.6215,-2213.1124,-139.4017,nan,nan,nan,0.9527,-0.2001,-0.2289,0.2240,-0.0471,0.9735,90.000,nan,nan,nan,0.0000,0.0000,0.0000,nan,nan,nan,-9034.6215,-2213.1124,-139.4017,-9034.6215,-2213.1124,-139.4017,12.000,2,1,nan
5.4430,151.6333,0,-8663.8563,-2312.4675,-235.5298,nan,nan,nan,0.9675,-0.2345,-0.0950,0.2303,0.9716,-0.0539,0.1050,0.0303,0.9940,0.0000,0.0000,0.0000,522.5847,-189.9631,-75.8347,-9017.2803,-2220.8225,-140.9130,nan,nan,nan,0.9527,-0.2001,-0.2289,0.2240,-0.0471,0.9735,90.000,nan,nan,nan,0.0000,0.0000,0.0000,nan,nan,nan,-9017.2803,-2220.8225,-140.9130,-9017.2803,-2220.8225,-140.9130,12.000,2,1,nan
5.4690,151.6500,0,-8654.8540,-2314.6961,-234.7860,nan,nan,nan,0.9664,-0.2302,-0.1146,0.2311,0.9729,-0.0052,0.1127,-0.0215,0.9934,0.0000,0.0000,0.0000,525.1565,-168.6035,-63.6563,-9009.4910,-2224.2061,-141.4408,nan,nan,nan,0.9527,-0.2001,-0.2289,0.2240,-0.0471,0.9735,90.000,nan,nan,nan,0.0000,0.0000,0.0000,nan,nan,nan,-9009.4910,-2224.2061,-141.4408,-9009.4910,-2224.2061,-141.4408,12.000,2,1,nan
5.4960,151.6833,0,-8633.5786,-2316.5885,-237.2015,nan,nan,nan,0.9935,-0.1078,-0.0357,0.1103,0.9908,0.0780,0.0269,-0.0814,0.9963,0.0000,0.0000,0.0000,549.3442,-135.1090,-61.1135,-8989.7720,-2231.5957,-143.0014,nan,nan,nan,0.9527,-0.2001,-0.2289,0.2240,-0.0471,0.9735,90.000,nan,nan,nan,0.0000,0.0000,0.0000,nan,nan,nan,-8989.7720,-2231.5957,-143.0014,-8989.7720,-2231.5957,-143.0014,12.000,2,1,nan
5.5240,151.7167,0,-8630.8188,-2316.7794,-237.5221,nan,nan,nan,0.9976,-0.0677,-0.0126,0.0677,0.9977,0.0000,0.0126,-0.0009,0.9999,0.0000,0.0000,0.0000,473.6566,-94.1303,-43.2723,-8975.8092,-2236.3819,-144.1165,nan,nan,nan,0.9527,-0.2001,-0.2289,0.2240,-0.0471,0.9735,90.000,nan,nan,nan,0.0000,0.0000,0.0000,nan,nan,nan,-8975.8092,-2236.3819,-144.1165,-8975.8092,-2236.3819,-144.1165,12.000,2,1,nan
5.5510,151.7333,0,-8619.9942,-2316.9648,-238.0258,nan,nan,nan,0.9986,-0.0166,-0.0492,0.0178,0.9996,0.0236,0.0488,-0.0245,0.9985,0.0000,0.0000,0.0000,476.8663,-60.2947,-22.1895,-8967.1410,-2238.9500,-144.7611,nan,nan,nan,0.9527,-0.2001,-0.2289,0.2240,-0.0471,0.9735,90.000,nan,nan,nan,0.0000,0.0000,0.0000,nan,nan,nan,-8967.1410,-2238.9500,-144.7611,-8967.1410,-2238.9500,-144.7611,12.000,2,1,nan
5.5780,151.7667,0,-8597.4678,-2314.8054,-237.8176,nan,nan,nan,0.9953,0.0963,-0.0024,-0.0963,0.9951,-0.0243,-0.0000,0.0244,0.9997,0.0000,0.0000,0.0000,504.6388,-13.8271,-25.6496,-8946.9207,-2242.6453,-145.8225,nan,nan,nan,0.9527,-0.2001,-0.2289,0.2240,-0.0471,0.9735,90.000,nan,nan,nan,0.0000,0.0000,0.0000,nan,nan,nan,-8946.9207,-2242.6453,-145.8225,-8946.9207,-2242.6453,-145.8225,12.000,2,1,nan
5.6040,151.7833,0,-8586.0991,-2313.0995,-237.5818,nan,nan,nan,0.9887,0.1484,0.0205,-0.1478,0.9886,-0.0277,-0.0244,0.0244,0.9994,0.0000,0.0000,0.0000,518.9651,27.2918,-9.0190,-8937.3184,-2243.9243,-146.2233,nan,nan,nan,0.9527,-0.2001,-0.2289,0.2240,-0.0471,0.9735,90.000,nan,nan,nan,0.0000,0.0000,0.0000,nan,nan,nan,-8937.3184,-2243.9243,-146.2233,-8937.3184,-2243.9243,-146.2233,12.000,2,1,nan
5.6330,151.8167,0,-8563.8547,-2307.2876,-236.8707,nan,nan,nan,0.9675,0.2524,0.0175,-0.2518,0.9673,-0.0297,-0.0244,0.0244,0.9994,0.0000,0.0000,0.0000,638.7374,71.5322,0.4972,-8916.1411,-2244.6133,-146.7090,nan,nan,nan,0.9527,-0.2001,-0.2289,0.2240,-0.0471,0.9735,90.000,nan,nan,nan,0.0000,0.0000,0.0000,nan,nan,nan,-8916.1411,-2244.6133,-146.7090,-8916.1411,-2244.6133,-146.7090,12.000,2,1,nan
5.6890,151.8500,0,-8542.8069,-2299.4119,-235.2920,nan,nan,nan,0.9364,0.3491,0.0372,-0.3476,0.9368,-0.0399,-0.0488,0.0245,0.9985,0.0000,0.0000,0.0000,659.0830,129.8593,17.9169,-8895.4998,-2243.2469,-146.6978,nan,nan,nan,0.9527,-0.2001,-0.2289,0.2240,-0.0471,0.9735,90.000,nan,nan,nan,0.0000,0.0000,0.0000,nan,nan,nan,-8895.4998,-2243.2469,-146.6978,-8895.4998,-2243.2469,-146.6978,12.000,2,1,nan
5.7090,151.9000,0,-8512.2241,-2281.5029,-235.0463,nan,nan,nan,0.8462,0.4997,0.1850,-0.5033,0.8636,-0.0299,-0.1747,-0.0678,0.9823,0.0000,0.0000,0.0000,650.3252,200.2048,21.1347,-8861.6675,-2235.8934,-146.7132,nan,nan,nan,0.9527,-0.2001,-0.2289,0.2240,-0.0471,0.9735,90.000,nan,nan,nan,0.0000,0.0000,0.0000,nan,nan,nan,-8861.6675,-2235.8934,-146.7132,-8861.6675,-2235.8934,-146.7132,12.000,2,1,nan
5.7330,151.9167,0,-8502.5961,-2275.1162,-233.7318,nan,nan,nan,0.8236,0.5438,0.1610,-0.5520,0.8338,0.0074,-0.1302,-0.0950,0.9869,0.0000,0.0000,0.0000,627.6855,270.4424,34.7217,-8852.3563,-2233.4011,-146.5314,nan,nan,nan,0.9527,-0.2001,-0.2289,0.2240,-0.0471,0.9735,90.000,nan,nan,nan,0.0000,0.0000,0.0000,nan,nan,nan,-8852.3563,-2233.4011,-146.5314,-8852.3563,-2233.4011,-146.5314,12.000,2,1,nan
5.7620,151.9500,0,-8496.5746,-2269.6790,-222.6125,nan,nan,nan,0.8742,0.4358,0.2139,-0.4335,0.8991,-0.0601,-0.2186,-0.0402,0.9750,0.0000,0.0000,0.0000,525.8199,282.2420,99.8882,-8840.1183,-2229.1189,-144.2785,nan,nan,nan,0.9527,-0.2001,-0.2289,0.2240,-0.0471,0.9735,90.000,nan,nan,nan,0.0000,0.0000,0.0000,nan,nan,nan,-8840.1183,-2229.1189,-144.2785,-8840.1183,-2229.1189,-144.2785,12.000,2,1,nan
5.7890,151.9667,0,-8492.6622,-2265.7311,-215.8829,nan,nan,nan,0.8264,0.5017,0.2558,-0.5049,0.8612,-0.0579,-0.2494,-0.0813,0.9650,0.0000,0.0000,0.0000,426.1098,284.7224,184.2044,-8834.1637,-2226.8281,-142.5599,nan,nan,nan,0.9527,-0.2001,-0.2289,0.2240,-0.0471,0.9735,90.000,nan,nan,nan,0.0000,0.0000,0.0000,nan,nan,nan,-8834.1637,-2226.8281,-142.5599,-8834.1637,-2226.8281,-142.5599,12.000,2,1,nan
5.8170,152.0000,0,-8482.9659,-2255.5879,-207.0580,nan,nan,nan,0.6462,0.7019,0.2996,-0.7242,0.6878,-0.0497,-0.2410,-0.1849,0.9528,0.0000,0.0000,0.0000,342.0136,274.4415,253.0344,-8822.6144,-2221.5698,-138.1337,nan,nan,nan,0.9527,-0.2001,-0.2289,0.2240,-0.0471,0.9735,90.000,nan,nan,nan,0.0000,0.0000,0.0000,nan,nan,nan,-8822.6144,-2221.5698,-138.1337,-8822.6144,-2221.5698,-138.1337,12.000,2,1,nan
5.8470,152.0333,0,-8473.5977,-2245.2440,-199.3220,nan,nan,nan,0.6343,0.7128,0.2991,-0.7465,0.6654,-0.0025,-0.2008,-0.2217,0.9542,0.0000,0.0000,0.0000,265.8680,257.8088,297.4437,-8811.5173,-2215.5846,-133.1559,nan,nan,nan,0.9527,-0.2001,-0.2289,0.2240,-0.0471,0.9735,90.000,nan,nan,nan,0.0000,0.0000,0.0000,nan,nan,nan,-8811.5173,-2215.5846,-133.1559,-8811.5173,-2215.5846,-133.1559,12.000,2,1,nan
5.8720,152.0667,0,-8464.5513,-2234.7048,-192.6748,nan,nan,nan,0.6283,0.7339,0.2581,-0.7596,0.6504,-0.0003,-0.1681,-0.1958,0.9661,0.0000,0.0000,0.0000,268.7888,285.0939,279.4927,-8800.6231,-2208.6109,-127.7915,nan,nan,nan,0.9527,-0.2001,-0.2289,0.2240,-0.0471,0.9735,90.000,nan,nan,nan,0.0000,0.0000,0.0000,nan,nan,nan,-8800.6231,-2208.6109,-127.7915,-8800.6231,-2208.6109,-127.7915,12.000,2,1,nan
5.9030,152.0833,0,-8460.1078,-2229.3871,-189.6235,nan,nan,nan,0.6225,0.7457,0.2374,-0.7676,0.6409,-0.0001,-0.1522,-0.1821,0.9714,0.0000,0.0000,0.0000,275.7451,306.9892,231.7636,-8795.8390,-2205.3130,-125.3606,nan,nan,nan,0.9527,-0.2001,-0.2289,0.2240,-0.0471,0.9735,90.000,nan,nan,nan,0.0000,0.0000,0.0000,nan,nan,nan,-8795.8390,-2205.3130,-125.3606,-8795.8390,-2205.3130,-125.3606,12.000,2,1,nan
5.9290,152.1167,0,-8451.5333,-2218.5640,-184.6096,nan,nan,nan,0.6084,0.7691,0.1956,-0.7843,0.6204,-0.0001,-0.1215,-0.1533,0.9807,0.0000,0.0000,0.0000,270.4057,315.4476,199.3511,-8785.2003,-2197.0183,-119.8542,nan,nan,nan,0.9527,-0.2001,-0.2289,0.2240,-0.0471,0.9735,90.000,nan,nan,nan,0.0000,0.0000,0.0000,nan,nan,nan,-8785.2003,-2197.0183,-119.8542,-8785.2003,-2197.0183,-119.8542,12.000,2,1,nan
5.9560,152.1500,0,-8443.2735,-2207.5606,-180.6847,nan,nan,nan,0.5928,0.7906,0.1535,-0.8000,0.5999,-0.0001,-0.0922,-0.1228,0.9881,0.0000,0.0000,0.0000,262.6872,321.0964,170.0019,-8774.8977,-2188.0904,-114.6175,nan,nan,nan,0.9527,-0.2001,-0.2289,0.2240,-0.0471,0.9735,90.000,nan,nan,nan,0.0000,0.0000,0.0000,nan,nan,nan,-8774.8977,-2188.0904,-114.6175,-8774.8977,-2188.0904,-114.6175,12.000,2,1,nan
5.9840,152.1667,0,-8439.2239,-2202.0152,-178.9945,nan,nan,nan,0.5844,0.8006,0.1324,-0.8077,0.5896,-0.0000,-0.0781,-0.1069,0.9912,0.0000,0.0000,0.0000,255.4601,325.5357,144.5319,-8770.4037,-2183.9998,-112.3751,nan,nan,nan,0.9527,-0.2001,-0.2289,0.2240,-0.0471,0.9735,90.000,nan,nan,nan,0.0000,0.0000,0.0000,nan,nan,nan,-8770.4037,-2183.9998,-112.3751,-8770.4037,-2183.9998,-112.3751,12.000,2,1,nan
6.0120,152.2000,0,-8431.4595,-2190.7618,-176.7029,nan,nan,nan,0.5654,0.8199,0.0899,-0.8232,0.5677,-0.0000,-0.0510,-0.0740,0.9960,0.0000,0.0000,0.0000,247.2791,330.1311,116.5712,-8760.4999,-2174.1581,-107.7673,nan,nan,nan,0.9527,-0.2001,-0.2289,0.2240,-0.0471,0.9735,90.000,nan,nan,nan,0.0000,0.0000,0.0000,nan,nan,nan,-8760.4999,-2174.1581,-107.7673,-8760.4999,-2174.1581,-107.7673,12.000,2,1,nan
6.0390,152.2167,0,-8427.6666,-2185.0978,-175.8293,nan,nan,nan,0.5551,0.8290,0.0686,-0.8309,0.5564,-0.0000,-0.0381,-0.0570,0.9976,0.0000,0.0000,0.0000,239.7117,334.0798,91.3790,-8756.1946,-2169.6956,-105.8551,nan,nan,nan,0.9527,-0.2001,-0.2289,0.2240,-0.0471,0.9735,90.000,nan,nan,nan,0.0000,0.0000,0.0000,nan,nan,nan,-8756.1946,-2169.6956,-105.8551,-8756.1946,-2169.6956,-105.8551,12.000,2,1,nan
6.0670,152.2500,0,-8420.4571,-2173.6387,-175.1711,nan,nan,nan,0.5323,0.8462,0.0258,-0.8465,0.5325,-0.0000,-0.0138,-0.0219,0.9997,0.0000,0.0000,0.0000,231.8961,337.6040,66.7405,-8746.7664,-2159.1292,-102.1841,nan,nan,nan,0.9527,-0.2001,-0.2289,0.2240,-0.0471,0.9735,90.000,nan,nan,nan,0.0000,0.0000,0.0000,nan,nan,nan,-8746.7664,-2159.1292,-102.1841,-8746.7664,-2159.1292,-102.1841,12.000,2,1,nan
6.0940,152.2833,0,-8413.6350,-2162.0638,-175.6017,nan,nan,nan,0.5077,0.8614,-0.0169,-0.8615,0.5078,0.0000,0.0086,0.0146,0.9999,0.0000,0.0000,0.0000,222.6704,341.2133,38.9461,-8737.7719,-2148.2617,-99.2986,nan,nan,nan,0.9527,-0.2001,-0.2289,0.2240,-0.0471,0.9735,90.000,nan,nan,nan,0.0000,0.0000,0.0000,nan,nan,nan,-8737.7719,-2148.2617,-99.2986,-8737.7719,-2148.2617,-99.2986,12.000,2,1,nan
6.1280,152.3000,0,-8410.3271,-2156.2530,-176.0892,nan,nan,nan,0.4943,0.8684,-0.0383,-0.8691,0.4947,0.0000,0.0189,0.0333,0.9993,0.0000,0.0000,0.0000,213.9332,344.1450,13.7872,-8733.8762,-2143.3753,-98.1997,nan,nan,nan,0.9527,-0.2001,-0.2289,0.2240,-0.0471,0.9735,90.000,nan,nan,nan,0.0000,0.0000,0.0000,nan,nan,nan,-8733.8762,-2143.3753,-98.1997,-8733.8762,-2143.3753,-98.1997,12.000,2,1,nan
6.1560,152.3333,0,-8404.1664,-2144.5853,-178.1532,nan,nan,nan,0.4654,0.8814,-0.0810,-0.8843,0.4669,0.0000,0.0378,0.0716,0.9967,0.0000,0.0000,0.0000,203.6347,346.7693,-14.1112,-8725.4310,-2131.9816,-96.5660,nan,nan,nan,0.9527,-0.2001,-0.2289,0.2240,-0.0471,0.9735,90.000,nan,nan,nan,0.0000,0.0000,0.0000,nan,nan,nan,-8725.4310,-2131.9816,-96.5660,-8725.4310,-2131.9816,-96.5660,12.000,2,1,nan
6.1830,152.3667,0,-8398.4682,-2132.8930,-181.3061,nan,nan,nan,0.4346,0.8921,-0.1235,-0.8990,0.4380,0.0000,0.0541,0.1110,0.9923,0.0000,0.0000,0.0000,192.5076,348.6930,-42.5576,-8717.4632,-2120.4110,-95.8555,nan,nan,nan,0.9527,-0.2001,-0.2289,0.2240,-0.0471,0.9735,90.000,nan,nan,nan,0.0000,0.0000,0.0000,nan,nan,nan,-8717.4632,-2120.4110,-95.8555,-8717.4632,-2120.4110,-95.8555,12.000,2,1,nan
6.2100,152.4000,0,-8393.2439,-2121.2049,-185.5478,nan,nan,nan,0.4022,0.9004,-0.1658,-0.9131,0.4078,0.0000,0.0677,0.1514,0.9862,0.0000,0.0000,0.0000,180.6952,349.7576,-71.1135,-8709.9754,-2108.6874,-96.1020,nan,nan,nan,0.9527,-0.2001,-0.2289,0.2240,-0.0471,0.9735,90.000,nan,nan,nan,0.0000,0.0000,0.0000,nan,nan,nan,-8709.9754,-2108.6874,-96.1020,-8709.9754,-2108.6874,-96.1020,12.000,2,1,nan
6.2350,152.4167,0,-8390.7504,-2115.3641,-187.9409,nan,nan,nan,0.3855,0.9036,-0.1868,-0.9198,0.3924,0.0000,0.0734,0.1718,0.9824,0.0000,0.0000,0.0000,168.5599,350.3294,-99.6914,-8706.7570,-2103.4485,-96.4277,nan,nan,nan,0.9527,-0.2001,-0.2289,0.2240,-0.0471,0.9735,90.000,nan,nan,nan,0.0000,0.0000,0.0000,nan,nan,nan,-8706.7570,-2103.4485,-96.4277,-8706.7570,-2103.4485,-96.4277,12.000,2,1,nan
6.2630,152.4500,0,-8386.2286,-2103.6996,-193.8160,nan,nan,nan,0.3513,0.9079,-0.2287,-0.9326,0.3609,0.0001,0.0827,0.2132,0.9735,0.0000,0.0000,0.0000,156.2995,350.4243,-128.2736,-8699.9013,-2091.3788,-98.1723,nan,nan,nan,0.9527,-0.2001,-0.2289,0.2240,-0.0471,0.9735,90.000,nan,nan,nan,0.0000,0.0000,0.0000,nan,nan,nan,-8699.9013,-2091.3788,-98.1723,-8699.9013,-2091.3788,-98.1723,12.000,2,1,nan
6.2890,152.4833,0,-8382.1622,-2092.0558,-200.7800,nan,nan,nan,0.3166,0.9093,-0.2701,-0.9444,0.3289,0.0002,0.0890,0.2550,0.9628,0.0000,0.0000,0.0000,144.0562,350.1526,-156.8568,-8693.5475,-2079.2328,-100.9404,nan,nan,nan,0.9527,-0.2001,-0.2289,0.2240,-0.0471,0.9735,90.000,nan,nan,nan,0.0000,0.0000,0.0000,nan,nan,nan,-8693.5475,-2079.2328,-100.9404,-8693.5475,-2079.2328,-100.9404,12.000,2,1,nan
6.3170,152.5000,0,-8380.2417,-2086.2395,-204.5342,nan,nan,nan,0.2994,0.9088,-0.2906,-0.9498,0.3130,0.0002,0.0911,0.2759,0.9568,0.0000,0.0000,0.0000,133.3090,349.7656,-182.1734,-8690.8374,-2073.8225,-102.4001,nan,nan,nan,0.9527,-0.2001,-0.2289,0.2240,-0.0471,0.9735,90.000,nan,nan,nan,0.0000,0.0000,0.0000,nan,nan,nan,-8690.8374,-2073.8225,-102.4001,-8690.8374,-2073.8225,-102.4001,12.000,2,1,nan
6.3440,152.5333,0,-8376.8411,-2074.6322,-213.1315,nan,nan,nan,0.2639,0.9059,-0.3312,-0.9601,0.2798,0.0005,0.0931,0.3179,0.9435,0.0000,0.0000,0.0000,121.6413,349.2426,-210.1035,-8685.1498,-2061.4126,-106.7899,nan,nan,nan,0.9527,-0.2001,-0.2289,0.2240,-0.0471,0.9735,90.000,nan,nan,nan,0.0000,0.0000,0.0000,nan,nan,nan,-8685.1498,-2061.4126,-106.7899,-8685.1498,-2061.4126,-106.7899,12.000,2,1,nan
6.3730,152.5500,0,-8375.2497,-2068.8352,-217.7024,nan,nan,nan,0.2469,0.9031,-0.3513,-0.9646,0.2639,0.0003,0.0930,0.3388,0.9363,0.0000,0.0000,0.0000,111.2736,348.7145,-235.2895,-8682.7396,-2055.8989,-108.9741,nan,nan,nan,0.9527,-0.2001,-0.2289,0.2240,-0.0471,0.9735,90.000,nan,nan,nan,0.0000,0.0000,0.0000,nan,nan,nan,-8682.7396,-2055.8989,-108.9741,-8682.7396,-2055.8989,-108.9741,12.000,2,1,nan
6.4060,152.5833,0,-8372.4925,-2057.2708,-227.9330,nan,nan,nan,0.2114,0.8958,-0.3910,-0.9732,0.2300,0.0008,0.0907,0.3804,0.9204,0.0000,0.0000,0.0000,101.3452,348.1328,-259.9267,-8677.7406,-2043.2834,-115.0447,nan,nan,nan,0.9527,-0.2001,-0.2289,0.2240,-0.0471,0.9735,90.000,nan,nan,nan,0.0000,0.0000,0.0000,nan,nan,nan,-8677.7406,-2043.2834,-115.0447,-8677.7406,-2043.2834,-115.0447,12.000,2,1,nan
6.4280,152.6167,0,-8372.1308,-2055.3491,-229.6698,nan,nan,nan,0.1744,0.9403,-0.2924,-0.9824,0.1863,0.0132,0.0669,0.2850,0.9562,0.0000,0.0000,0.0000,78.4823,289.7506,-230.2239,-8673.8767,-2033.4769,-119.9488,nan,nan,nan,0.9527,-0.2001,-0.2289,0.2240,-0.0471,0.9735,90.000,nan,nan,nan,0.0000,0.0000,0.0000,nan,nan,nan,-8673.8767,-2033.4769,-119.9488,-8673.8767,-2033.4769,-119.9488,12.000,2,1,nan
6.4550,152.6333,0,-8372.2284,-2048.8305,-230.7464,nan,nan,nan,0.0978,0.9617,-0.2562,-0.9949,0.1010,-0.0007,0.0252,0.2550,0.9666,0.0000,0.0000,0.0000,52.3354,286.6527,-185.6196,-8672.4144,-2029.0255,-121.9879,nan,nan,nan,0.9527,-0.2001,-0.2289,0.2240,-0.0471,0.9735,90.000,nan,nan,nan,0.0000,0.0000,0.0000,nan,nan,nan,-8672.4144,-2029.0255,-121.9879,-8672.4144,-2029.0255,-121.9879,12.000,2,1,nan
6.4830,152.6667,0,-8373.3344,-2032.8663,-233.5788,nan,nan,nan,-0.0405,0.9539,-0.2973,-0.9967,-0.0597,-0.0558,-0.0709,0.2940,0.9532,0.0000,0.0000,0.0000,21.3734,312.2553,-138.8422,-8670.1593,-2017.2234,-126.5255,nan,nan,nan,0.9527,-0.2001,-0.2289,0.2240,-0.0471,0.9735,90.000,nan,nan,nan,0.0000,0.0000,0.0000,nan,nan,nan,-8670.1593,-2017.2234,-126.5255,-8670.1593,-2017.2234,-126.5255,12.000,2,1,nan
6.5100,152.7000,0,-8376.7286,-2015.3860,-233.8546,nan,nan,nan,-0.1929,0.9591,-0.2070,-0.9811,-0.1923,0.0235,-0.0173,0.2077,0.9780,0.0000,0.0000,0.0000,-21.7275,352.8705,-69.7578,-8668.6553,-2003.5925,-130.4701,nan,nan,nan,0.9527,-0.2001,-0.2289,0.2240,-0.0471,0.9735,90.000,nan,nan,nan,0.0000,0.0000,0.0000,nan,nan,nan,-8668.6553,-2003.5925,-130.4701,-8668.6553,-2003.5925,-130.4701,12.000,2,1,nan
6.5390,152.7167,0,-8378.5579,-2006.7213,-234.9180,nan,nan,nan,-0.2059,0.9660,-0.1564,-0.9784,-0.2061,0.0154,-0.0173,0.1562,0.9876,0.0000,0.0000,0.0000,-54.4698,453.4401,-58.2810,-8668.2293,-1997.1206,-132.1989,nan,nan,nan,0.9527,-0.2001,-0.2289,0.2240,-0.0471,0.9735,90.000,nan,nan,nan,0.0000,0.0000,0.0000,nan,nan,nan,-8668.2293,-1997.1206,-132.1989,-8668.2293,-1997.1206,-132.1989,12.000,2,1,nan
6.5660,152.7500,0,-8382.5034,-1989.4219,-238.1336,nan,nan,nan,-0.2220,0.9669,-0.1259,-0.9747,-0.2237,0.0002,-0.0280,0.1228,0.9920,0.0000,0.0000,0.0000,-83.5200,499.1282,-62.3593,-8668.3593,-1982.7117,-135.7776,nan,nan,nan,0.9527,-0.2001,-0.2289,0.2240,-0.0471,0.9735,90.000,nan,nan,nan,0.0000,0.0000,0.0000,nan,nan,nan,-8668.3593,-1982.7117,-135.7776,-8668.3593,-1982.7117,-135.7776,12.000,2,1,nan
6.5930,152.7833,0,-8384.5637,-1981.0504,-240.0786,nan,nan,nan,-0.2384,0.9682,-0.0763,-0.9710,-0.2391,0.0000,-0.0182,0.0741,0.9971,0.0000,0.0000,0.0000,-95.0557,462.7092,-57.8511,-8668.7940,-1971.1131,-138.6596,nan,nan,nan,0.9527,-0.2001,-0.2289,0.2240,-0.0471,0.9735,90.000,nan,nan,nan,0.0000,0.0000,0.0000,nan,nan,nan,-8668.7940,-1971.1131,-138.6596,-8668.7940,-1971.1131,-138.6596,12.000,2,1,nan
6.6200,152.8000,0,-8387.3380,-1972.1835,-240.9460,nan,nan,nan,-0.2971,0.9505,-0.0910,-0.9523,-0.3019,-0.0453,-0.0705,0.0732,0.9948,0.0000,0.0000,0.0000,-110.2896,456.9471,-65.7029,-8669.4430,-1964.2962,-140.2084,nan,nan,nan,0.9527,-0.2001,-0.2289,0.2240,-0.0471,0.9735,90.000,nan,nan,nan,0.0000,0.0000,0.0000,nan,nan,nan,-8669.4430,-1964.2962,-140.2084,-8669.4430,-1964.2962,-140.2084,12.000,2,1,nan
6.6500,152.8333,0,-8395.1053,-1954.0609,-242.6622,nan,nan,nan,-0.3918,0.9151,-0.0957,-0.9172,-0.3967,-0.0381,-0.0728,0.0728,0.9947,0.0000,0.0000,0.0000,-137.9877,460.5537,-64.8105,-8672.3239,-1948.2995,-143.3083,nan,nan,nan,0.9527,-0.2001,-0.2289,0.2240,-0.0471,0.9735,90.000,nan,nan,nan,0.0000,0.0000,0.0000,nan,nan,nan,-8672.3239,-1948.2995,-143.3083,-8672.3239,-1948.2995,-143.3083,12.000,2,1,nan
6.6750,152.8667,0,-8405.3099,-1935.8144,-243.9417,nan,nan,nan,-0.4868,0.8710,-0.0663,-0.8721,-0.4889,-0.0187,-0.0487,0.0487,0.9976,0.0000,0.0000,0.0000,-181.0828,466.9572,-53.0151,-8676.9174,-1931.2131,-146.1028,nan,nan,nan,0.9527,-0.2001,-0.2289,0.2240,-0.0471,0.9735,90.000,nan,nan,nan,0.0000,0.0000,0.0000,nan,nan,nan,-8676.9174,-1931.2131,-146.1028,-8676.9174,-1931.2131,-146.1028,12.000,2,1,nan
6.7040,152.8833,0,-8411.0097,-1926.7467,-244.3022,nan,nan,nan,-0.5318,0.8462,-0.0336,-0.8465,-0.5323,-0.0077,-0.0244,0.0244,0.9994,0.0000,0.0000,0.0000,-245.7374,526.8217,-43.3112,-8679.4540,-1923.1234,-147.2917,nan,nan,nan,0.9527,-0.2001,-0.2289,0.2240,-0.0471,0.9735,90.000,nan,nan,nan,0.0000,0.0000,0.0000,nan,nan,nan,-8679.4540,-1923.1234,-147.2917,-8679.4540,-1923.1234,-147.2917,12.000,2,1,nan
6.7290,152.9167,0,-8424.9277,-1908.9891,-245.9827,nan,nan,nan,-0.6166,0.7865,-0.0342,-0.7869,-0.6171,-0.0041,-0.0244,0.0244,0.9994,0.0000,0.0000,0.0000,-308.8845,538.9368,-41.0454,-8687.2426,-1904.8143,-149.7545,nan,nan,nan,0.9527,-0.2001,-0.2289,0.2240,-0.0471,0.9735,90.000,nan,nan,nan,0.0000,0.0000,0.0000,nan,nan,nan,-8687.2426,-1904.8143,-149.7545,-8687.2426,-1904.8143,-149.7545,12.000,2,1,nan
6.7550,152.9500,0,-8441.0448,-1892.3655,-248.8273,nan,nan,nan,-0.6924,0.7141,-0.1030,-0.7178,-0.6962,-0.0016,-0.0728,0.0728,0.9947,0.0000,0.0000,0.0000,-371.6126,532.3657,-47.3618,-8697.4529,-1886.4258,-152.3704,nan,nan,nan,0.9527,-0.2001,-0.2289,0.2240,-0.0471,0.9735,90.000,nan,nan,nan,0.0000,0.0000,0.0000,nan,nan,nan,-8697.4529,-1886.4258,-152.3704,-8697.4529,-1886.4258,-152.3704,12.000,2,1,nan
6.7830,152.9667,0,-8449.5164,-1884.5043,-250.4219,nan,nan,nan,-0.7262,0.6738,-0.1367,-0.6807,-0.7326,0.0051,-0.0967,0.0967,0.9906,0.0000,0.0000,0.0000,-424.5900,515.9077,-60.0842,-8702.6378,-1878.1013,-153.6185,nan,nan,nan,0.9527,-0.2001,-0.2289,0.2240,-0.0471,0.9735,90.000,nan,nan,nan,0.0000,0.0000,0.0000,nan,nan,nan,-8702.6378,-1878.1013,-153.6185,-8702.6378,-1878.1013,-153.6185,12.000,2,1,nan
6.8090,153.0000,0,-8467.7287,-1871.5956,-252.0234,nan,nan,nan,-0.8092,0.5718,-0.1348,-0.5795,-0.8147,0.0230,-0.0967,0.0967,0.9906,0.0000,0.0000,0.0000,-476.0618,481.2555,-67.9119,-8715.1342,-1861.9014,-155.9683,nan,nan,nan,0.9527,-0.2001,-0.2289,0.2240,-0.0471,0.9735,90.000,nan,nan,nan,0.0000,0.0000,0.0000,nan,nan,nan,-8715.1342,-1861.9014,-155.9683,-8715.1342,-1861.9014,-155.9683,12.000,2,1,nan
6.8360,153.0167,0,-8476.8874,-1865.1430,-252.9837,nan,nan,nan,-0.8152,0.5727,-0.0863,-0.5751,-0.8181,0.0044,-0.0681,0.0532,0.9963,0.0000,0.0000,0.0000,-512.7531,445.2106,-70.9180,-8721.2650,-1854.6491,-157.0249,nan,nan,nan,0.9527,-0.2001,-0.2289,0.2240,-0.0471,0.9735,90.000,nan,nan,nan,0.0000,0.0000,0.0000,nan,nan,nan,-8721.2650,-1854.6491,-157.0249,-8721.2650,-1854.6491,-157.0249,12.000,2,1,nan
6.8620,153.0500,0,-8495.3693,-1852.2536,-255.9932,nan,nan,nan,-0.8146,0.5679,-0.1179,-0.5719,-0.8203,0.0000,-0.0967,0.0674,0.9930,0.0000,0.0000,0.0000,-534.2802,415.5968,-72.5094,-8735.9634,-1839.4881,-159.5083,nan,nan,nan,0.9527,-0.2001,-0.2289,0.2240,-0.0471,0.9735,90.000,nan,nan,nan,0.0000,0.0000,0.0000,nan,nan,nan,-8735.9634,-1839.4881,-159.5083,-8735.9634,-1839.4881,-159.5083,12.000,2,1,nan
6.8890,153.0833,0,-8515.6779,-1841.0117,-257.8977,nan,nan,nan,-0.8708,0.4816,-0.0990,-0.4863,-0.8733,0.0283,-0.0728,0.0728,0.9947,0.0000,0.0000,0.0000,-558.7775,382.7905,-65.1187,-8752.2012,-1824.9471,-161.8931,nan,nan,nan,0.9527,-0.2001,-0.2289,0.2240,-0.0471,0.9735,90.000,nan,nan,nan,0.0000,0.0000,0.0000,nan,nan,nan,-8752.2012,-1824.9471,-161.8931,-8752.2012,-1824.9471,-161.8931,12.000,2,1,nan
6.9150,153.1000,0,-8526.1375,-1835.8712,-258.4287,nan,nan,nan,-0.8965,0.4406,-0.0453,-0.4422,-0.8963,0.0330,-0.0260,0.0497,0.9984,0.0000,0.0000,0.0000,-579.9176,360.4629,-60.4039,-8759.9353,-1818.5155,-162.9080,nan,nan,nan,0.9527,-0.2001,-0.2289,0.2240,-0.0471,0.9735,90.000,nan,nan,nan,0.0000,0.0000,0.0000,nan,nan,nan,-8759.9353,-1818.5155,-162.9080,-8759.9353,-1818.5155,-162.9080,12.000,2,1,nan
6.9410,153.1333,0,-8547.6419,-1826.9706,-260.0535,nan,nan,nan,-0.9217,0.3811,-0.0729,-0.3849,-0.9217,0.0487,-0.0486,0.0729,0.9961,0.0000,0.0000,0.0000,-603.2675,331.9701,-57.6857,-8777.9134,-1805.7116,-164.9749,nan,nan,nan,0.9527,-0.2001,-0.2289,0.2240,-0.0471,0.9735,90.000,nan,nan,nan,0.0000,0.0000,0.0000,nan,nan,nan,-8777.9134,-1805.7116,-164.9749,-8777.9134,-1805.7116,-164.9749,12.000,2,1,nan
6.9690,153.1500,0,-8558.6037,-1823.0041,-260.2589,nan,nan,nan,-0.9398,0.3382,-0.0477,-0.3407,-0.9382,0.0604,-0.0243,0.0730,0.9970,0.0000,0.0000,0.0000,-628.5872,296.5327,-41.5499,-8786.4289,-1800.0911,-165.8247,nan,nan,nan,0.9527,-0.2001,-0.2289,0.2240,-0.0471,0.9735,90.000,nan,nan,nan,0.0000,0.0000,0.0000,nan,nan,nan,-8786.4289,-1800.0911,-165.8247,-8786.4289,-1800.0911,-165.8247,12.000,2,1,nan
6.9950,153.1833,0,-8579.8125,-1815.7821,-257.3481,nan,nan,nan,-0.9497,0.3124,-0.0226,-0.3132,-0.9472,0.0685,-0.0000,0.0721,0.9974,0.0000,0.0000,0.0000,-639.0525,265.3260,-9.4308,-8804.9644,-1789.3721,-166.5072,nan,nan,nan,0.9527,-0.2001,-0.2289,0.2240,-0.0471,0.9735,90.000,nan,nan,nan,0.0000,0.0000,0.0000,nan,nan,nan,-8804.9644,-1789.3721,-166.5072,-8804.9644,-1789.3721,-166.5072,12.000,2,1,nan
7.0220,153.2000,0,-8590.4510,-1812.1634,-256.1649,nan,nan,nan,-0.9461,0.3230,0.0219,-0.3219,-0.9458,0.0418,0.0342,0.0325,0.9989,0.0000,0.0000,0.0000,-643.2926,240.8230,17.5636,-8813.6806,-1784.6933,-166.6331,nan,nan,nan,0.9527,-0.2001,-0.2289,0.2240,-0.0471,0.9735,90.000,nan,nan,nan,0.0000,0.0000,0.0000,nan,nan,nan,-8813.6806,-1784.6933,-166.6331,-8813.6806,-1784.6933,-166.6331,12.000,2,1,nan
7.0470,153.2333,0,-8611.8722,-1804.9274,-254.8874,nan,nan,nan,-0.9461,0.3201,0.0501,-0.3205,-0.9473,0.0000,0.0475,-0.0160,0.9987,0.0000,0.0000,0.0000,-643.6410,225.9347,40.3762,-8833.1283,-1775.4463,-166.5440,nan,nan,nan,0.9527,-0.2001,-0.2289,0.2240,-0.0471,0.9735,90.000,nan,nan,nan,0.0000,0.0000,0.0000,nan,nan,nan,-8833.1283,-1775.4463,-166.5440,-8833.1283,-1775.4463,-166.5440,12.000,2,1,nan
7.0740,153.2667,0,-8633.4428,-1797.7199,-254.6987,nan,nan,nan,-0.9484,0.3169,0.0074,-0.3169,-0.9485,-0.0000,0.0070,-0.0023,1.0000,0.0000,0.0000,0.0000,-641.5932,218.6042,48.5355,-8853.1815,-1766.6484,-166.4263,nan,nan,nan,0.9527,-0.2001,-0.2289,0.2240,-0.0471,0.9735,90.000,nan,nan,nan,0.0000,0.0000,0.0000,nan,nan,nan,-8853.1815,-1766.6484,-166.4263,-8853.1815,-1766.6484,-166.4263,12.000,2,1,nan
7.1010,153.2833,0,-8644.2653,-1794.1232,-254.8766,nan,nan,nan,-0.9489,0.3153,-0.0140,-0.3154,-0.9490,0.0000,-0.0133,0.0044,0.9999,0.0000,0.0000,0.0000,-643.8015,216.9669,30.5675,-8862.6268,-1762.6507,-166.4009,nan,nan,nan,0.9527,-0.2001,-0.2289,0.2240,-0.0471,0.9735,90.000,nan,nan,nan,0.0000,0.0000,0.0000,nan,nan,nan,-8862.6268,-1762.6507,-166.4009,-8862.6268,-1762.6507,-166.4009,12.000,2,1,nan
7.1290,153.3167,0,-8653.8245,-1790.9936,-255.3788,nan,nan,nan,-0.9502,0.3111,-0.0197,-0.3111,-0.9504,-0.0000,-0.0187,0.0061,0.9998,0.0000,0.0000,0.0000,-573.9370,191.9927,9.7626,-8877.5587,-1756.5100,-166.4630,nan,nan,nan,0.9527,-0.2001,-0.2289,0.2240,-0.0471,0.9735,90.000,nan,nan,nan,0.0000,0.0000,0.0000,nan,nan,nan,-8877.5587,-1756.5100,-166.4630,-8877.5587,-1756.5100,-166.4630,12.000,2,1,nan
7.1550,153.3333,0,-8664.5634,-1788.0513,-253.6967,nan,nan,nan,-0.9638,0.2648,0.0302,-0.2654,-0.9640,-0.0148,0.0252,-0.0223,0.9994,0.0000,0.0000,0.0000,-560.3031,178.8887,18.1222,-8886.5712,-1753.0132,-166.2866,nan,nan,nan,0.9527,-0.2001,-0.2289,0.2240,-0.0471,0.9735,90.000,nan,nan,nan,0.0000,0.0000,0.0000,nan,nan,nan,-8886.5712,-1753.0132,-166.2866,-8886.5712,-1753.0132,-166.2866,12.000,2,1,nan
7.1820,153.3667,0,-8686.1860,-1782.1828,-251.4213,nan,nan,nan,-0.9613,0.2607,0.0892,-0.2617,-0.9651,-0.0000,0.0861,-0.0234,0.9960,0.0000,0.0000,0.0000,-557.8888,168.2340,32.3148,-8906.3083,-1745.8434,-165.4741,nan,nan,nan,0.9527,-0.2001,-0.2289,0.2240,-0.0471,0.9735,90.000,nan,nan,nan,0.0000,0.0000,0.0000,nan,nan,nan,-8906.3083,-1745.8434,-165.4741,-8906.3083,-1745.8434,-165.4741,12.000,2,1,nan
7.2070,153.4000,0,-8707.9534,-1776.3297,-250.2347,nan,nan,nan,-0.9647,0.2594,0.0466,-0.2597,-0.9657,-0.0000,0.0450,-0.0121,0.9989,0.0000,0.0000,0.0000,-558.1391,158.0613,44.4072,-8926.5535,-1738.9867,-164.5670,nan,nan,nan,0.9527,-0.2001,-0.2289,0.2240,-0.0471,0.9735,90.000,nan,nan,nan,0.0000,0.0000,0.0000,nan,nan,nan,-8926.5535,-1738.9867,-164.5670,-8926.5535,-1738.9867,-164.5670,12.000,2,1,nan
7.2340,153.4167,0,-8718.8732,-1773.4068,-249.9137,nan,nan,nan,-0.9657,0.2585,0.0252,-0.2585,-0.9660,-0.0000,0.0244,-0.0065,0.9997,0.0000,0.0000,0.0000,-631.8724,172.3235,53.6911,-8936.0684,-1735.8627,-164.1617,nan,nan,nan,0.9527,-0.2001,-0.2289,0.2240,-0.0471,0.9735,90.000,nan,nan,nan,0.0000,0.0000,0.0000,nan,nan,nan,-8936.0684,-1735.8627,-164.1617,-8936.0684,-1735.8627,-164.1617,12.000,2,1,nan
7.2600,153.4500,0,-8740.8574,-1767.5755,-250.3605,nan,nan,nan,-0.9664,0.2563,-0.0175,-0.2564,-0.9666,0.0000,-0.0170,0.0045,0.9998,0.0000,0.0000,0.0000,-649.6577,174.8570,32.6812,-8957.1558,-1729.2725,-163.5916,nan,nan,nan,0.9527,-0.2001,-0.2289,0.2240,-0.0471,0.9735,90.000,nan,nan,nan,0.0000,0.0000,0.0000,nan,nan,nan,-8957.1558,-1729.2725,-163.5916,-8957.1558,-1729.2725,-163.5916,12.000,2,1,nan
7.2870,153.4667,0,-8751.8856,-1764.6633,-250.8562,nan,nan,nan,-0.9661,0.2551,-0.0389,-0.2553,-0.9669,-0.0000,-0.0376,0.0099,0.9992,0.0000,0.0000,0.0000,-655.8171,175.0990,8.8792,-8967.0587,-1726.2453,-163.4235,nan,nan,nan,0.9527,-0.2001,-0.2289,0.2240,-0.0471,0.9735,90.000,nan,nan,nan,0.0000,0.0000,0.0000,nan,nan,nan,-8967.0587,-1726.2453,-163.4235,-8967.0587,-1726.2453,-163.4235,12.000,2,1,nan
7.3170,153.5000,0,-8774.0861,-1758.8522,-252.9363,nan,nan,nan,-0.9642,0.2524,-0.0816,-0.2532,-0.9674,0.0000,-0.0789,0.0207,0.9967,0.0000,0.0000,0.0000,-659.6481,174.8945,-15.4812,-8988.9502,-1719.7882,-163.6367,nan,nan,nan,0.9527,-0.2001,-0.2289,0.2240,-0.0471,0.9735,90.000,nan,nan,nan,0.0000,0.0000,0.0000,nan,nan,nan,-8988.9502,-1719.7882,-163.6367,-8988.9502,-1719.7882,-163.6367,12.000,2,1,nan
7.3410,153.5333,0,-8796.4307,-1753.0539,-256.1054,nan,nan,nan,-0.9605,0.2492,-0.1241,-0.2512,-0.9679,-0.0000,-0.1201,0.0312,0.9923,0.0000,0.0000,0.0000,-663.4438,174.5693,-43.2200,-9011.2806,-1713.3943,-164.5617,nan,nan,nan,0.9527,-0.2001,-0.2289,0.2240,-0.0471,0.9735,90.000,nan,nan,nan,0.0000,0.0000,0.0000,nan,nan,nan,-9011.2806,-1713.3943,-164.5617,-9011.2806,-1713.3943,-164.5617,12.000,2,1,nan
7.3710,153.5500,0,-8807.6390,-1750.1579,-257.9621,nan,nan,nan,-0.9579,0.2475,-0.1453,-0.2502,-0.9682,0.0000,-0.1407,0.0364,0.9894,0.0000,0.0000,0.0000,-666.7975,174.2685,-68.3677,-9021.7449,-1710.4384,-165.1716,nan,nan,nan,0.9527,-0.2001,-0.2289,0.2240,-0.0471,0.9735,90.000,nan,nan,nan,0.0000,0.0000,0.0000,nan,nan,nan,-9021.7449,-1710.4384,-165.1716,-9021.7449,-1710.4384,-165.1716,12.000,2,1,nan
7.3980,153.5833,0,-8830.1995,-1744.3776,-262.7645,nan,nan,nan,-0.9515,0.2438,-0.1875,-0.2482,-0.9687,0.0000,-0.1816,0.0465,0.9823,0.0000,0.0000,0.0000,-670.4926,173.9438,-96.2640,-9044.5709,-1704.1351,-167.3374,nan,nan,nan,0.9527,-0.2001,-0.2289,0.2240,-0.0471,0.9735,90.000,nan,nan,nan,0.0000,0.0000,0.0000,nan,nan,nan,-9044.5709,-1704.1351,-167.3374,-9044.5709,-1704.1351,-167.3374,12.000,2,1,nan
7.4240,153.6167,0,-8841.1370,-1741.5976,-265.4635,nan,nan,nan,-0.9638,0.2449,-0.1058,-0.2463,-0.9692,0.0000,-0.1025,0.0261,0.9944,0.0000,0.0000,0.0000,-603.6538,155.6932,-105.5564,-9061.0294,-1699.6317,-169.2049,nan,nan,nan,0.9527,-0.2001,-0.2289,0.2240,-0.0471,0.9735,90.000,nan,nan,nan,0.0000,0.0000,0.0000,nan,nan,nan,-9061.0294,-1699.6317,-169.2049,-9061.0294,-1699.6317,-169.2049,12.000,2,1,nan
7.4500,153.6333,0,-8852.2071,-1738.9876,-265.4186,nan,nan,nan,-0.9720,0.2290,-0.0536,-0.2295,-0.9733,0.0034,-0.0514,0.0156,0.9986,0.0000,0.0000,0.0000,-589.0586,148.5723,-87.8619,-9070.6751,-1697.0356,-170.1425,nan,nan,nan,0.9527,-0.2001,-0.2289,0.2240,-0.0471,0.9735,90.000,nan,nan,nan,0.0000,0.0000,0.0000,nan,nan,nan,-9070.6751,-1697.0356,-170.1425,-9070.6751,-1697.0356,-170.1425,12.000,2,1,nan
7.4780,153.6667,0,-8874.9774,-1734.4156,-265.5302,nan,nan,nan,-0.9803,0.1973,-0.0048,-0.1974,-0.9800,0.0239,-0.0000,0.0244,0.9997,0.0000,0.0000,0.0000,-588.2619,139.8275,-62.7118,-9092.1926,-1691.5077,-171.7506,nan,nan,nan,0.9527,-0.2001,-0.2289,0.2240,-0.0471,0.9735,90.000,nan,nan,nan,0.0000,0.0000,0.0000,nan,nan,nan,-9092.1926,-1691.5077,-171.7506,-9092.1926,-1691.5077,-171.7506,12.000,2,1,nan
7.5060,153.6833,0,-8886.4409,-1732.3280,-265.5812,nan,nan,nan,-0.9838,0.1792,-0.0044,-0.1792,-0.9835,0.0240,-0.0000,0.0244,0.9997,0.0000,0.0000,0.0000,-590.3022,128.4481,-29.4788,-9102.2610,-1689.0290,-172.4018,nan,nan,nan,0.9527,-0.2001,-0.2289,0.2240,-0.0471,0.9735,90.000,nan,nan,nan,0.0000,0.0000,0.0000,nan,nan,nan,-9102.2610,-1689.0290,-172.4018,-9102.2610,-1689.0290,-172.4018,12.000,2,1,nan
7.5320,153.7167,0,-8909.4614,-1728.5130,-265.6159,nan,nan,nan,-0.9865,0.1634,-0.0040,-0.1635,-0.9863,0.0241,-0.0000,0.0244,0.9997,0.0000,0.0000,0.0000,-663.2078,132.3820,-6.8462,-9124.3691,-1684.0265,-173.4858,nan,nan,nan,0.9527,-0.2001,-0.2289,0.2240,-0.0471,0.9735,90.000,nan,nan,nan,0.0000,0.0000,0.0000,nan,nan,nan,-9124.3691,-1684.0265,-173.4858,-9124.3691,-1684.0265,-173.4858,12.000,2,1,nan
7.5600,153.7500,0,-8932.3282,-1723.8740,-265.7929,nan,nan,nan,-0.9801,0.1981,-0.0145,-0.1986,-0.9775,0.0716,0.0000,0.0730,0.9973,0.0000,0.0000,0.0000,-682.1496,129.6838,-3.9203,-9146.5787,-1678.8975,-174.3624,nan,nan,nan,0.9527,-0.2001,-0.2289,0.2240,-0.0471,0.9735,90.000,nan,nan,nan,0.0000,0.0000,0.0000,nan,nan,nan,-9146.5787,-1678.8975,-174.3624,-9146.5787,-1678.8975,-174.3624,12.000,2,1,nan
7.5860,153.7667,0,-8943.8564,-1722.1047,-266.0742,nan,nan,nan,-0.9882,0.1519,-0.0200,-0.1523,-0.9881,0.0206,-0.0166,0.0234,0.9996,0.0000,0.0000,0.0000,-687.6544,122.9432,-6.0418,-9156.9516,-1676.7460,-174.7430,nan,nan,nan,0.9527,-0.2001,-0.2289,0.2240,-0.0471,0.9735,90.000,nan,nan,nan,0.0000,0.0000,0.0000,nan,nan,nan,-9156.9516,-1676.7460,-174.7430,-9156.9516,-1676.7460,-174.7430,12.000,2,1,nan
7.6130,153.8000,0,-8966.9422,-1718.8076,-266.4721,nan,nan,nan,-0.9897,0.1414,-0.0242,-0.1414,-0.9899,-0.0035,-0.0244,0.0000,0.9997,0.0000,0.0000,0.0000,-689.7079,116.3265,-8.2420,-9179.5899,-1672.5188,-175.4660,nan,nan,nan,0.9527,-0.2001,-0.2289,0.2240,-0.0471,0.9735,90.000,nan,nan,nan,0.0000,0.0000,0.0000,nan,nan,nan,-9179.5899,-1672.5188,-175.4660,-9179.5899,-1672.5188,-175.4660,12.000,2,1,nan
7.6390,153.8333,0,-8990.0323,-1715.4207,-266.7230,nan,nan,nan,-0.9894,0.1452,0.0000,-0.1452,-0.9894,0.0000,0.0000,-0.0000,1.0000,0.0000,0.0000,0.0000,-690.5363,112.4346,-9.9797,-9202.2530,-1668.4833,-176.0776,nan,nan,nan,0.9527,-0.2001,-0.2289,0.2240,-0.0471,0.9735,90.000,nan,nan,nan,0.0000,0.0000,0.0000,nan,nan,nan,-9202.2530,-1668.4833,-176.0776,-9202.2530,-1668.4833,-176.0776,12.000,2,1,nan
7.6670,153.8500,0,-9001.5435,-1713.5595,-266.8203,nan,nan,nan,-0.9869,0.1589,-0.0280,-0.1595,-0.9870,0.0202,-0.0244,0.0244,0.9994,0.0000,0.0000,0.0000,-691.6352,106.1570,-10.4328,-9212.8046,-1666.5782,-176.3359,nan,nan,nan,0.9527,-0.2001,-0.2289,0.2240,-0.0471,0.9735,90.000,nan,nan,nan,0.0000,0.0000,0.0000,nan,nan,nan,-9212.8046,-1666.5782,-176.3359,-9212.8046,-1666.5782,-176.3359,12.000,2,1,nan
7.6940,153.8833,0,-9024.5636,-1709.7571,-267.3459,nan,nan,nan,-0.9865,0.1634,-0.0040,-0.1635,-0.9862,0.0241,0.0000,0.0244,0.9997,0.0000,0.0000,0.0000,-691.6370,106.4846,-10.3002,-9235.6536,-1662.5151,-176.8877,nan,nan,nan,0.9527,-0.2001,-0.2289,0.2240,-0.0471,0.9735,90.000,nan,nan,nan,0.0000,0.0000,0.0000,nan,nan,nan,-9235.6536,-1662.5151,-176.8877,-9235.6536,-1662.5151,-176.8877,12.000,2,1,nan
7.7220,153.9000,0,-9036.0366,-1707.6429,-267.4491,nan,nan,nan,-0.9834,0.1812,-0.0088,-0.1814,-0.9822,0.0480,0.0000,0.0488,0.9988,0.0000,0.0000,0.0000,-690.7993,112.1377,-9.1250,-9246.2523,-1660.5613,-177.1244,nan,nan,nan,0.9527,-0.2001,-0.2289,0.2240,-0.0471,0.9735,90.000,nan,nan,nan,0.0000,0.0000,0.0000,nan,nan,nan,-9246.2523,-1660.5613,-177.1244,-9246.2523,-1660.5613,-177.1244,12.000,2,1,nan
7.7500,153.9333,0,-9058.9827,-1703.4146,-267.6555,nan,nan,nan,-0.9834,0.1812,-0.0088,-0.1814,-0.9822,0.0480,0.0000,0.0488,0.9988,0.0000,0.0000,0.0000,-689.7675,118.3169,-8.6226,-9269.1950,-1656.3325,-177.5657,nan,nan,nan,0.9527,-0.2001,-0.2289,0.2240,-0.0471,0.9735,90.000,nan,nan,nan,0.0000,0.0000,0.0000,nan,nan,nan,-9269.1950,-1656.3325,-177.5657,-9269.1950,-1656.3325,-177.5657,12.000,2,1,nan
7.7790,153.9667,0,-9081.9322,-1699.2086,-268.3908,nan,nan,nan,-0.9834,0.1812,-0.0088,-0.1814,-0.9822,0.0480,0.0000,0.0488,0.9988,0.0000,0.0000,0.0000,-689.1239,122.4535,-11.7664,-9292.1471,-1652.1075,-178.0755,nan,nan,nan,0.9527,-0.2001,-0.2289,0.2240,-0.0471,0.9735,90.000,nan,nan,nan,0.0000,0.0000,0.0000,nan,nan,nan,-9292.1471,-1652.1075,-178.0755,-9292.1471,-1652.1075,-178.0755,12.000,2,1,nan
7.8040,153.9833,0,-9093.3674,-1696.9617,-268.9148,nan,nan,nan,-0.9805,0.1929,-0.0381,-0.1951,-0.9785,0.0669,-0.0243,0.0730,0.9970,0.0000,0.0000,0.0000,-688.0968,127.4304,-15.5301,-9302.8373,-1650.0741,-178.3490,nan,nan,nan,0.9527,-0.2001,-0.2289,0.2240,-0.0471,0.9735,90.000,nan,nan,nan,0.0000,0.0000,0.0000,nan,nan,nan,-9302.8373,-1650.0741,-178.3490,-9302.8373,-1650.0741,-178.3490,12.000,2,1,nan
7.8310,154.0167,0,-9116.3958,-1693.2515,-269.5046,nan,nan,nan,-0.9869,0.1588,-0.0280,-0.1593,-0.9870,0.0202,-0.0244,0.0244,0.9994,0.0000,0.0000,0.0000,-688.3857,125.3165,-18.5829,-9325.8187,-1646.0807,-178.9262,nan,nan,nan,0.9527,-0.2001,-0.2289,0.2240,-0.0471,0.9735,90.000,nan,nan,nan,0.0000,0.0000,0.0000,nan,nan,nan,-9325.8187,-1646.0807,-178.9262,-9325.8187,-1646.0807,-178.9262,12.000,2,1,nan
7.8590,154.0500,0,-9139.4725,-1689.9535,-270.9858,nan,nan,nan,-0.9897,0.1413,-0.0242,-0.1412,-0.9900,-0.0034,-0.0244,-0.0000,0.9997,0.0000,0.0000,0.0000,-689.2267,119.3118,-26.8423,-9348.8641,-1642.3529,-179.7115,nan,nan,nan,0.9527,-0.2001,-0.2289,0.2240,-0.0471,0.9735,90.000,nan,nan,nan,0.0000,0.0000,0.0000,nan,nan,nan,-9348.8641,-1642.3529,-179.7115,-9348.8641,-1642.3529,-179.7115,12.000,2,1,nan
7.8860,154.0667,0,-9151.0054,-1688.3911,-271.6852,nan,nan,nan,-0.9883,0.1342,-0.0724,-0.1338,-0.9910,-0.0098,-0.0730,0.0000,0.9973,0.0000,0.0000,0.0000,-690.0934,111.6233,-32.4759,-9359.7097,-1640.6544,-180.1200,nan,nan,nan,0.9527,-0.2001,-0.2289,0.2240,-0.0471,0.9735,90.000,nan,nan,nan,0.0000,0.0000,0.0000,nan,nan,nan,-9359.7097,-1640.6544,-180.1200,-9359.7097,-1640.6544,-180.1200,12.000,2,1,nan
7.9140,154.1000,0,-9174.1016,-1685.5590,-273.7733,nan,nan,nan,-0.9917,0.1200,-0.0455,-0.1187,-0.9925,-0.0300,-0.0487,-0.0244,0.9985,0.0000,0.0000,0.0000,-691.6220,100.1150,-39.8427,-9382.8034,-1637.3108,-181.2666,nan,nan,nan,0.9527,-0.2001,-0.2289,0.2240,-0.0471,0.9735,90.000,nan,nan,nan,0.0000,0.0000,0.0000,nan,nan,nan,-9382.8034,-1637.3108,-181.2666,-9382.8034,-1637.3108,-181.2666,12.000,2,1,nan
7.9420,154.1333,0,-9196.9509,-1682.8323,-278.2897,nan,nan,nan,-0.9890,0.1146,-0.0938,-0.1117,-0.9931,-0.0351,-0.0971,-0.0243,0.9950,0.0000,0.0000,0.0000,-690.8525,91.9123,-64.8764,-9405.9563,-1634.1222,-183.1899,nan,nan,nan,0.9527,-0.2001,-0.2289,0.2240,-0.0471,0.9735,90.000,nan,nan,nan,0.0000,0.0000,0.0000,nan,nan,nan,-9405.9563,-1634.1222,-183.1899,-9405.9563,-1634.1222,-183.1899,12.000,2,1,nan
7.9700,154.1500,0,-9208.4096,-1681.4620,-280.8202,nan,nan,nan,-0.9824,0.1201,-0.1428,-0.1186,-0.9928,-0.0190,-0.1441,-0.0017,0.9896,0.0000,0.0000,0.0000,-689.7437,86.9265,-91.3614,-9417.0660,-1632.5784,-184.3089,nan,nan,nan,0.9527,-0.2001,-0.2289,0.2240,-0.0471,0.9735,90.000,nan,nan,nan,0.0000,0.0000,0.0000,nan,nan,nan,-9417.0660,-1632.5784,-184.3089,-9417.0660,-1632.5784,-184.3089,12.000,2,1,nan
7.9970,154.1833,0,-9231.4635,-1678.6939,-286.9700,nan,nan,nan,-0.9639,0.1171,-0.2392,-0.1205,-0.9927,-0.0003,-0.2375,0.0285,0.9710,0.0000,0.0000,0.0000,-689.4497,83.7899,-125.1640,-9440.6380,-1629.3229,-187.5841,nan,nan,nan,0.9527,-0.2001,-0.2289,0.2240,-0.0471,0.9735,90.000,nan,nan,nan,0.0000,0.0000,0.0000,nan,nan,nan,-9440.6380,-1629.3229,-187.5841,-9440.6380,-1629.3229,-187.5841,12.000,2,1,nan
8.0260,154.2167,0,-9254.6539,-1675.8984,-294.2087,nan,nan,nan,-0.9530,0.1149,-0.2805,-0.1197,-0.9928,0.0000,-0.2784,0.0336,0.9599,0.0000,0.0000,0.0000,-689.9557,82.9430,-162.8284,-9464.5062,-1626.1215,-191.8347,nan,nan,nan,0.9527,-0.2001,-0.2289,0.2240,-0.0471,0.9735,90.000,nan,nan,nan,0.0000,0.0000,0.0000,nan,nan,nan,-9464.5062,-1626.1215,-191.8347,-9464.5062,-1626.1215,-191.8347,12.000,2,1,nan
8.0530,154.2333,0,-9260.3015,-1675.2200,-295.9587,nan,nan,nan,-0.9663,0.1160,-0.2298,-0.1192,-0.9929,0.0001,-0.2282,0.0275,0.9732,0.0000,0.0000,0.0000,-620.7334,74.5540,-164.2618,-9472.9118,-1625.0005,-193.3956,nan,nan,nan,0.9527,-0.2001,-0.2289,0.2240,-0.0471,0.9735,90.000,nan,nan,nan,0.0000,0.0000,0.0000,nan,nan,nan,-9472.9118,-1625.0005,-193.3956,-9472.9118,-1625.0005,-193.3956,12.000,2,1,nan
8.0810,154.2667,0,-9283.0753,-1672.4772,-297.3312,nan,nan,nan,-0.9847,0.1188,-0.1275,-0.1183,-0.9929,-0.0120,-0.1281,0.0032,0.9918,0.0000,0.0000,0.0000,-606.0267,72.8903,-142.4179,-9495.4342,-1622.1139,-196.9252,nan,nan,nan,0.9527,-0.2001,-0.2289,0.2240,-0.0471,0.9735,90.000,nan,nan,nan,0.0000,0.0000,0.0000,nan,nan,nan,-9495.4342,-1622.1139,-196.9252,-9495.4342,-1622.1139,-196.9252,12.000,2,1,nan
8.1080,154.3000,0,-9304.9732,-1665.9469,-297.8411,nan,nan,nan,-0.9570,0.2760,-0.0892,-0.2822,-0.9571,0.0660,-0.0672,0.0883,0.9938,0.0000,0.0000,0.0000,-596.1493,95.1302,-104.2095,-9517.6111,-1617.9913,-199.7648,nan,nan,nan,0.9527,-0.2001,-0.2289,0.2240,-0.0471,0.9735,90.000,nan,nan,nan,0.0000,0.0000,0.0000,nan,nan,nan,-9517.6111,-1617.9913,-199.7648,-9517.6111,-1617.9913,-199.7648,12.000,2,1,nan
8.1360,154.3167,0,-9316.0630,-1663.1065,-299.2982,nan,nan,nan,-0.9628,0.2561,-0.0866,-0.2652,-0.9567,0.1198,-0.0521,0.1383,0.9890,0.0000,0.0000,0.0000,-588.1095,116.8901,-70.6213,-9527.9794,-1615.8410,-201.1133,nan,nan,nan,0.9527,-0.2001,-0.2289,0.2240,-0.0471,0.9735,90.000,nan,nan,nan,0.0000,0.0000,0.0000,nan,nan,nan,-9527.9794,-1615.8410,-201.1133,-9527.9794,-1615.8410,-201.1133,12.000,2,1,nan
8.1630,154.3500,0,-9337.5353,-1656.7391,-298.0188,nan,nan,nan,-0.9709,0.2252,-0.0812,-0.2380,-0.9448,0.2252,-0.0260,0.2380,0.9709,0.0000,0.0000,0.0000,-647.5635,151.3061,-35.2281,-9549.5559,-1610.4621,-203.0999,nan,nan,nan,0.9527,-0.2001,-0.2289,0.2240,-0.0471,0.9735,90.000,nan,nan,nan,0.0000,0.0000,0.0000,nan,nan,nan,-9549.5559,-1610.4621,-203.0999,-9549.5559,-1610.4621,-203.0999,12.000,2,1,nan
8.1910,154.3833,0,-9359.9537,-1650.1679,-298.2678,nan,nan,nan,-0.9691,0.2395,-0.0587,-0.2452,-0.9614,0.1246,-0.0266,0.1352,0.9905,0.0000,0.0000,0.0000,-657.3217,181.1592,-21.4084,-9572.1853,-1605.0728,-204.6670,nan,nan,nan,0.9527,-0.2001,-0.2289,0.2240,-0.0471,0.9735,90.000,nan,nan,nan,0.0000,0.0000,0.0000,nan,nan,nan,-9572.1853,-1605.0728,-204.6670,-9572.1853,-1605.0728,-204.6670,12.000,2,1,nan
8.2180,154.4000,0,-9371.1994,-1646.8877,-298.6645,nan,nan,nan,-0.9596,0.2768,-0.0501,-0.2799,-0.9573,0.0720,-0.0280,0.0831,0.9961,0.0000,0.0000,0.0000,-662.8353,187.3108,-20.3456,-9582.7253,-1602.6176,-205.3355,nan,nan,nan,0.9527,-0.2001,-0.2289,0.2240,-0.0471,0.9735,90.000,nan,nan,nan,0.0000,0.0000,0.0000,nan,nan,nan,-9582.7253,-1602.6176,-205.3355,-9582.7253,-1602.6176,-205.3355,12.000,2,1,nan
8.2450,154.4333,0,-9393.8372,-1640.3481,-300.5469,nan,nan,nan,-0.9586,0.2750,-0.0739,-0.2758,-0.9612,0.0001,-0.0709,0.0205,0.9973,0.0000,0.0000,0.0000,-666.6871,193.6935,-13.9412,-9605.7079,-1597.3076,-206.8795,nan,nan,nan,0.9527,-0.2001,-0.2289,0.2240,-0.0471,0.9735,90.000,nan,nan,nan,0.0000,0.0000,0.0000,nan,nan,nan,-9605.7079,-1597.3076,-206.8795,-9605.7079,-1597.3076,-206.8795,12.000,2,1,nan
8.2710,154.4500,0,-9405.1927,-1637.0834,-301.7602,nan,nan,nan,-0.9567,0.2750,-0.0952,-0.2763,-0.9611,0.0000,-0.0914,0.0263,0.9955,0.0000,0.0000,0.0000,-674.8889,195.9421,-34.8970,-9616.5107,-1594.7296,-207.6622,nan,nan,nan,0.9527,-0.2001,-0.2289,0.2240,-0.0471,0.9735,90.000,nan,nan,nan,0.0000,0.0000,0.0000,nan,nan,nan,-9616.5107,-1594.7296,-207.6622,-9616.5107,-1594.7296,-207.6622,12.000,2,1,nan
8.2980,154.4833,0,-9428.0601,-1632.5340,-301.6257,nan,nan,nan,-0.9809,0.1948,0.0000,-0.1948,-0.9809,-0.0000,0.0000,-0.0000,1.0000,0.0000,0.0000,0.0000,-679.2237,184.2613,-36.7871,-9639.2087,-1589.5452,-208.8988,nan,nan,nan,0.9527,-0.2001,-0.2289,0.2240,-0.0471,0.9735,90.000,nan,nan,nan,0.0000,0.0000,0.0000,nan,nan,nan,-9639.2087,-1589.5452,-208.8988,-9639.2087,-1589.5452,-208.8988,12.000,2,1,nan
8.3260,154.5167,0,-9451.1468,-1629.1503,-301.6257,nan,nan,nan,-0.9894,0.1450,0.0000,-0.1450,-0.9894,-0.0000,0.0000,-0.0000,1.0000,0.0000,0.0000,0.0000,-683.6614,162.8650,-32.4046,-9662.0202,-1584.7760,-209.8480,nan,nan,nan,0.9527,-0.2001,-0.2289,0.2240,-0.0471,0.9735,90.000,nan,nan,nan,0.0000,0.0000,0.0000,nan,nan,nan,-9662.0202,-1584.7760,-209.8480,-9662.0202,-1584.7760,-209.8480,12.000,2,1,nan
8.3540,154.5333,0,-9462.6802,-1627.3922,-301.6257,nan,nan,nan,-0.9886,0.1507,0.0000,-0.1507,-0.9886,-0.0000,0.0000,-0.0000,1.0000,0.0000,0.0000,0.0000,-687.1232,140.4459,-20.2342,-9672.6241,-1582.6391,-210.2304,nan,nan,nan,0.9527,-0.2001,-0.2289,0.2240,-0.0471,0.9735,90.000,nan,nan,nan,0.0000,0.0000,0.0000,nan,nan,nan,-9672.6241,-1582.6391,-210.2304,-9672.6241,-1582.6391,-210.2304,12.000,2,1,nan
8.3810,154.5667,0,-9485.6904,-1623.5223,-301.6257,nan,nan,nan,-0.9862,0.1659,0.0000,-0.1659,-0.9862,-0.0000,0.0000,-0.0000,1.0000,0.0000,0.0000,0.0000,-689.6113,120.0051,-3.2397,-9695.5230,-1578.2023,-210.8640,nan,nan,nan,0.9527,-0.2001,-0.2289,0.2240,-0.0471,0.9735,90.000,nan,nan,nan,0.0000,0.0000,0.0000,nan,nan,nan,-9695.5230,-1578.2023,-210.8640,-9695.5230,-1578.2023,-210.8640,12.000,2,1,nan
8.4070,154.6000,0,-9508.6779,-1619.5200,-301.6257,nan,nan,nan,-0.9852,0.1715,0.0000,-0.1715,-0.9852,-0.0000,0.0000,-0.0000,1.0000,0.0000,0.0000,0.0000,-690.8297,112.6342,-0.6479,-9718.4446,-1573.8656,-211.3508,nan,nan,nan,0.9527,-0.2001,-0.2289,0.2240,-0.0471,0.9735,90.000,nan,nan,nan,0.0000,0.0000,0.0000,nan,nan,nan,-9718.4446,-1573.8656,-211.3508,-9718.4446,-1573.8656,-211.3508,12.000,2,1,nan
8.4390,154.6167,0,-9520.2243,-1617.8488,-301.6257,nan,nan,nan,-0.9897,0.1432,0.0000,-0.1432,-0.9897,-0.0000,0.0000,-0.0000,1.0000,0.0000,0.0000,0.0000,-691.1095,110.9123,-0.1296,-9729.1471,-1571.9035,-211.5482,nan,nan,nan,0.9527,-0.2001,-0.2289,0.2240,-0.0471,0.9735,90.000,nan,nan,nan,0.0000,0.0000,0.0000,nan,nan,nan,-9729.1471,-1571.9035,-211.5482,-9729.1471,-1571.9035,-211.5482,12.000,2,1,nan
8.4610,154.6500,0,-9521.9113,-1620.1483,-301.6257,nan,nan,nan,-0.9469,-0.3217,0.0000,0.3217,-0.9469,-0.0000,0.0000,-0.0000,1.0000,0.0000,0.0000,0.0000,-562.8865,75.6726,-0.0259,-9741.7813,-1570.0068,-211.7761,nan,nan,nan,0.9527,-0.2001,-0.2289,0.2240,-0.0471,0.9735,90.000,nan,nan,nan,0.0000,0.0000,0.0000,nan,nan,nan,-9741.7813,-1570.0068,-211.7761,-9741.7813,-1570.0068,-211.7761,12.000,1,nan,nan
8.4900,154.6667,0,-9521.9113,-1620.1483,-301.6257,nan,nan,nan,-0.9469,-0.3217,0.0000,0.3217,-0.9469,-0.0000,0.0000,-0.0000,1.0000,0.0000,0.0000,0.0000,-399.1809,45.4053,-0.0052,-9746.9273,-1569.2343,-211.8690,nan,nan,nan,0.9527,-0.2001,-0.2289,0.2240,-0.0471,0.9735,90.000,nan,nan,nan,0.0000,0.0000,0.0000,nan,nan,nan,-9746.9273,-1569.2343,-211.8690,-9746.9273,-1569.2343,-211.8690,12.000,0,nan,nan
8.5170,154.7000,0,-9521.9113,-1620.1483,-301.6257,nan,nan,nan,-0.9469,-0.3217,0.0000,0.3217,-0.9469,-0.0000,0.0000,-0.0000,1.0000,0.0000,0.0000,0.0000,-228.5147,15.3380,-0.0010,-9756.3672,-1567.8171,-212.0393,nan,nan,nan,0.9527,-0.2001,-0.2289,0.2240,-0.0471,0.9735,90.000,nan,nan,nan,0.0000,0.0000,0.0000,nan,nan,nan,-9756.3672,-1567.8171,-212.0393,-9756.3672,-1567.8171,-212.0393,12.000,0,nan,nan
8.5450,154.7333,0,-9521.9113,-1620.1483,-301.6257,nan,nan,nan,-0.9469,-0.3217,0.0000,0.3217,-0.9469,-0.0000,0.0000,-0.0000,1.0000,0.0000,0.0000,0.0000,-55.8252,-10.7299,-0.0002,-9764.1676,-1566.6460,-212.1801,nan,nan,nan,0.9527,-0.2001,-0.2289,0.2240,-0.0471,0.9735,90.000,nan,nan,nan,0.0000,0.0000,0.0000,nan,nan,nan,-9764.1676,-1566.6460,-212.1801,-9764.1676,-1566.6460,-212.1801,12.000,0,nan,nan
8.5720,154.7500,0,-9521.9113,-1620.1483,-301.6257,nan,nan,nan,-0.9469,-0.3217,0.0000,0.3217,-0.9469,-0.0000,0.0000,-0.0000,1.0000,0.0000,0.0000,0.0000,-11.1650,-2.1460,-0.0000,-9767.3878,-1566.1626,-212.2382,nan,nan,nan,0.9527,-0.2001,-0.2289,0.2240,-0.0471,0.9735,90.000,nan,nan,nan,0.0000,0.0000,0.0000,nan,nan,nan,-9767.3878,-1566.1626,-212.2382,-9767.3878,-1566.1626,-212.2382,12.000,0,nan,nan
8.5970,154.7833,0,-9521.9113,-1620.1483,-301.6257,nan,nan,nan,-0.9469,-0.3217,0.0000,0.3217,-0.9469,-0.0000,0.0000,-0.0000,1.0000,0.0000,0.0000,0.0000,-2.2330,-0.4292,-0.0000,-9773.3373,-1565.2694,-212.3455,nan,nan,nan,0.9527,-0.2001,-0.2289,0.2240,-0.0471,0.9735,90.000,nan,nan,nan,0.0000,0.0000,0.0000,nan,nan,nan,-9773.3373,-1565.2694,-212.3455,-9773.3373,-1565.2694,-212.3455,12.000,0,nan,nan
8.6260,154.8167,0,-9521.9113,-1620.1483,-301.6257,nan,nan,nan,-0.9469,-0.3217,0.0000,0.3217,-0.9469,-0.0000,0.0000,-0.0000,1.0000,0.0000,0.0000,0.0000,-0.4466,-0.0858,-0.0000,-9778.3178,-1564.5217,-212.4354,nan,nan,nan,0.9527,-0.2001,-0.2289,0.2240,-0.0471,0.9735,90.000,nan,nan,nan,0.0000,0.0000,0.0000,nan,nan,nan,-9778.3178,-1564.5217,-212.4354,-9778.3178,-1564.5217,-212.4354,12.000,0,nan,nan
8.6520,154.8333,0,-9521.9113,-1620.1483,-301.6257,nan,nan,nan,-0.9469,-0.3217,0.0000,0.3217,-0.9469,-0.0000,0.0000,-0.0000,1.0000,0.0000,0.0000,0.0000,-0.0893,-0.0172,-0.0000,-9780.3966,-1564.2096,-212.4729,nan,nan,nan,0.9527,-0.2001,-0.2289,0.2240,-0.0471,0.9735,90.000,nan,nan,nan,0.0000,0.0000,0.0000,nan,nan,nan,-9780.3966,-1564.2096,-212.4729,-9780.3966,-1564.2096,-212.4729,12.000,0,nan,nan
8.6780,154.8667,0,-9521.9113,-1620.1483,-301.6257,nan,nan,nan,-0.9469,-0.3217,0.0000,0.3217,-0.9469,-0.0000,0.0000,-0.0000,1.0000,0.0000,0.0000,0.0000,-0.0179,-0.0034,-0.0000,-9784.2631,-1563.6292,-212.5427,nan,nan,nan,0.9527,-0.2001,-0.2289,0.2240,-0.0471,0.9735,90.000,nan,nan,nan,0.0000,0.0000,0.0000,nan,nan,nan,-9784.2631,-1563.6292,-212.5427,-9784.2631,-1563.6292,-212.5427,12.000,0,nan,nan
8.7060,154.8833,0,-9521.9113,-1620.1483,-301.6257,nan,nan,nan,-0.9469,-0.3217,0.0000,0.3217,-0.9469,-0.0000,0.0000,-0.0000,1.0000,0.0000,0.0000,0.0000,-0.0036,-0.0007,-0.0000,-9785.8859,-1563.3856,-212.5720,nan,nan,nan,0.9527,-0.2001,-0.2289,0.2240,-0.0471,0.9735,90.000,nan,nan,nan,0.0000,0.0000,0.0000,nan,nan,nan,-9785.8859,-1563.3856,-212.5720,-9785.8859,-1563.3856,-212.5720,12.000,0,nan,nan
8.7330,154.9167,0,-9521.9113,-1620.1483,-301.6257,nan,nan,nan,-0.9469,-0.3217,0.0000,0.3217,-0.9469,-0.0000,0.0000,-0.0000,1.0000,0.0000,0.0000,0.0000,-0.0007,-0.0001,-0.0000,-9788.9163,-1562.9306,-212.6266,nan,nan,nan,0.9527,-0.2001,-0.2289,0.2240,-0.0471,0.9735,90.000,nan,nan,nan,0.0000,0.0000,0.0000,nan,nan,nan,-9788.9163,-1562.9306,-212.6266,-9788.9163,-1562.9306,-212.6266,12.000,0,nan,nan
8.7620,154.9500,0,-9521.9113,-1620.1483,-301.6257,nan,nan,nan,-0.9469,-0.3217,0.0000,0.3217,-0.9469,-0.0000,0.0000,-0.0000,1.0000,0.0000,0.0000,0.0000,-0.0001,-0.0000,-0.0000,-9791.4977,-1562.5431,-212.6732,nan,nan,nan,0.9527,-0.2001,-0.2289,0.2240,-0.0471,0.9735,90.000,nan,nan,nan,0.0000,0.0000,0.0000,nan,nan,nan,-9791.4977,-1562.5431,-212.6732,-9791.4977,-1562.5431,-212.6732,12.000,0,nan,nan
8.7880,154.9667,0,-9521.9113,-1620.1483,-301.6257,nan,nan,nan,-0.9469,-0.3217,0.0000,0.3217,-0.9469,-0.0000,0.0000,-0.0000,1.0000,0.0000,0.0000,0.0000,-0.0000,-0.0000,-0.0000,-9792.5899,-1562.3791,-212.6929,nan,nan,nan,0.9527,-0.2001,-0.2289,0.2240,-0.0471,0.9735,90.000,nan,nan,nan,0.0000,0.0000,0.0000,nan,nan,nan,-9792.5899,-1562.3791,-212.6929,-9792.5899,-1562.3791,-212.6929,12.000,0,nan,nan
8.8140,155.0000,0,-9521.9113,-1620.1483,-301.6257,nan,nan,nan,-0.9469,-0.3217,0.0000,0.3217,-0.9469,-0.0000,0.0000,-0.0000,1.0000,0.0000,0.0000,0.0000,-0.0000,-0.0000,-0.0000,-9794.6440,-1562.0708,-212.7300,nan,nan,nan,0.9527,-0.2001,-0.2289,0.2240,-0.0471,0.9735,90.000,nan,nan,nan,0.0000,0.0000,0.0000,nan,nan,nan,-9794.6440,-1562.0708,-212.7300,-9794.6440,-1562.0708,-212.7300,12.000,0,nan,nan
8.8410,155.0333,0,-9521.9113,-1620.1483,-301.6257,nan,nan,nan,-0.9469,-0.3217,0.0000,0.3217,-0.9469,-0.0000,0.0000,-0.0000,1.0000,0.0000,0.0000,0.0000,-0.0000,-0.0000,-0.0000,-9796.4117,-1561.8054,-212.7619,nan,nan,nan,0.9527,-0.2001,-0.2289,0.2240,-0.0471,0.9735,90.000,nan,nan,nan,0.0000,0.0000,0.0000,nan,nan,nan,-9796.4117,-1561.8054,-212.7619,-9796.4117,-1561.8054,-212.7619,12.000,0,nan,nan
8.8720,155.0500,0,-9521.9113,-1620.1483,-301.6257,nan,nan,nan,-0.9469,-0.3217,0.0000,0.3217,-0.9469,-0.0000,0.0000,-0.0000,1.0000,0.0000,0.0000,0.0000,-0.0000,-0.0000,-0.0000,-9797.1644,-1561.6924,-212.7755,nan,nan,nan,0.9527,-0.2001,-0.2289,0.2240,-0.0471,0.9735,90.000,nan,nan,nan,0.0000,0.0000,0.0000,nan,nan,nan,-9797.1644,-1561.6924,-212.7755,-9797.1644,-1561.6924,-212.7755,12.000,0,nan,nan
8.8950,155.0833,0,-9521.9113,-1620.1483,-301.6257,nan,nan,nan,-0.9469,-0.3217,0.0000,0.3217,-0.9469,-0.0000,0.0000,-0.0000,1.0000,0.0000,0.0000,0.0000,-0.0000,-0.0000,-0.0000,-9798.5937,-1561.4778,-212.8013,nan,nan,nan,0.9527,-0.2001,-0.2289,0.2240,-0.0471,0.9735,90.000,nan,nan,nan,0.0000,0.0000,0.0000,nan,nan,nan,-9798.5937,-1561.4778,-212.8013,-9798.5937,-1561.4778,-212.8013,12.000,0,nan,nan
8.9230,155.1000,0,-9521.9113,-1620.1483,-301.6257,nan,nan,nan,-0.9469,-0.3217,0.0000,0.3217,-0.9469,-0.0000,0.0000,-0.0000,1.0000,0.0000,0.0000,0.0000,-0.0000,-0.0000,-0.0000,-9799.1937,-1561.3877,-212.8121,nan,nan,nan,0.9527,-0.2001,-0.2289,0.2240,-0.0471,0.9735,90.000,nan,nan,nan,0.0000,0.0000,0.0000,nan,nan,nan,-9799.1937,-1561.3877,-212.8121,-9799.1937,-1561.3877,-212.8121,12.000,0,nan,nan
8.9540,155.1333,0,-9521.9113,-1620.1483,-301.6257,nan,nan,nan,-0.9469,-0.3217,0.0000,0.3217,-0.9469,-0.0000,0.0000,-0.0000,1.0000,0.0000,0.0000,0.0000,-0.0000,-0.0000,-0.0000,-9800.2996,-1561.2217,-212.8320,nan,nan,nan,0.9527,-0.2001,-0.2289,0.2240,-0.0471,0.9735,90.000,nan,nan,nan,0.0000,0.0000,0.0000,nan,nan,nan,-9800.2996,-1561.2217,-212.8320,-9800.2996,-1561.2217,-212.8320,12.000,0,nan,nan
8.9760,155.1667,0,-9521.9113,-1620.1483,-301.6257,nan,nan,nan,-0.9469,-0.3217,0.0000,0.3217,-0.9469,-0.0000,0.0000,-0.0000,1.0000,0.0000,0.0000,0.0000,-0.0000,-0.0000,-0.0000,-9801.2356,-1561.0812,-212.8489,nan,nan,nan,0.9527,-0.2001,-0.2289,0.2240,-0.0471,0.9735,90.000,nan,nan,nan,0.0000,0.0000,0.0000,nan,nan,nan,-9801.2356,-1561.0812,-212.8489,-9801.2356,-1561.0812,-212.8489,12.000,0,nan,nan
9.0030,155.1833,0,-9521.9113,-1620.1483,-301.6257,nan,nan,nan,-0.9469,-0.3217,0.0000,0.3217,-0.9469,-0.0000,0.0000,-0.0000,1.0000,0.0000,0.0000,0.0000,-0.0000,-0.0000,-0.0000,-9801.6335,-1561.0214,-212.8561,nan,nan,nan,0.9527,-0.2001,-0.2289,0.2240,-0.0471,0.9735,90.000,nan,nan,nan,0.0000,0.0000,0.0000,nan,nan,nan,-9801.6335,-1561.0214,-212.8561,-9801.6335,-1561.0214,-212.8561,12.000,0,nan,nan
9.0290,155.2167,0,-9521.9113,-1620.1483,-301.6257,nan,nan,nan,-0.9469,-0.3217,0.0000,0.3217,-0.9469,-0.0000,0.0000,-0.0000,1.0000,0.0000,0.0000,0.0000,-0.0000,-0.0000,-0.0000,-9802.3711,-1560.9107,-212.8694,nan,nan,nan,0.9527,-0.2001,-0.2289,0.2240,-0.0471,0.9735,90.000,nan,nan,nan,0.0000,0.0000,0.0000,nan,nan,nan,-9802.3711,-1560.9107,-212.8694,-9802.3711,-1560.9107,-212.8694,12.000,0,nan,nan
9.0570,155.2500,0,-9521.9113,-1620.1483,-301.6257,nan,nan,nan,-0.9469,-0.3217,0.0000,0.3217,-0.9469,-0.0000,0.0000,-0.0000,1.0000,0.0000,0.0000,0.0000,-0.0000,-0.0000,-0.0000,-9803.0026,-1560.8159,-212.8808,nan,nan,nan,0.9527,-0.2001,-0.2289,0.2240,-0.0471,0.9735,90.000,nan,nan,nan,0.0000,0.0000,0.0000,nan,nan,nan,-9803.0026,-1560.8159,-212.8808,-9803.0026,-1560.8159,-212.8808,12.000,0,nan,nan
9.0850,155.2667,0,-9521.9113,-1620.1483,-301.6257,nan,nan,nan,-0.9469,-0.3217,0.0000,0.3217,-0.9469,-0.0000,0.0000,-0.0000,1.0000,0.0000,0.0000,0.0000,-0.0000,-0.0000,-0.0000,-9803.2741,-1560.7751,-212.8857,nan,nan,nan,0.9527,-0.2001,-0.2289,0.2240,-0.0471,0.9735,90.000,nan,nan,nan,0.0000,0.0000,0.0000,nan,nan,nan,-9803.2741,-1560.7751,-212.8857,-9803.2741,-1560.7751,-212.8857,12.000,0,nan,nan
9.1130,155.3000,0,-9521.9113,-1620.1483,-301.6257,nan,nan,nan,-0.9469,-0.3217,0.0000,0.3217,-0.9469,-0.0000,0.0000,-0.0000,1.0000,0.0000,0.0000,0.0000,-0.0000,-0.0000,-0.0000,-9803.7797,-1560.6992,-212.8948,nan,nan,nan,0.9527,-0.2001,-0.2289,0.2240,-0.0471,0.9735,90.000,nan,nan,nan,0.0000,0.0000,0.0000,nan,nan,nan,-9803.7797,-1560.6992,-212.8948,-9803.7797,-1560.6992,-212.8948,12.000,0,nan,nan
9.1380,155.3333,0,-9521.9113,-1620.1483,-301.6257,nan,nan,nan,-0.9469,-0.3217,0.0000,0.3217,-0.9469,-0.0000,0.0000,-0.0000,1.0000,0.0000,0.0000,0.0000,-0.0000,-0.0000,-0.0000,-9804.2170,-1560.6336,-212.9027,nan,nan,nan,0.9527,-0.2001,-0.2289,0.2240,-0.0471,0.9735,90.000,nan,nan,nan,0.0000,0.0000,0.0000,nan,nan,nan,-9804.2170,-1560.6336,-212.9027,-9804.2170,-1560.6336,-212.9027,12.000,0,nan,nan
9.1650,155.3500,0,-9521.9113,-1620.1483,-301.6257,nan,nan,nan,-0.9469,-0.3217,0.0000,0.3217,-0.9469,-0.0000,0.0000,-0.0000,1.0000,0.0000,0.0000,0.0000,-0.0000,-0.0000,-0.0000,-9804.4068,-1560.6051,-212.9062,nan,nan,nan,0.9527,-0.2001,-0.2289,0.2240,-0.0471,0.9735,90.000,nan,nan,nan,0.0000,0.0000,0.0000,nan,nan,nan,-9804.4068,-1560.6051,-212.9062,-9804.4068,-1560.6051,-212.9062,12.000,0,nan,nan
9.1900,155.3833,0,-9521.9113,-1620.1483,-301.6257,nan,nan,nan,-0.9469,-0.3217,0.0000,0.3217,-0.9469,-0.0000,0.0000,-0.0000,1.0000,0.0000,0.0000,0.0000,-0.0000,-0.0000,-0.0000,-9804.7618,-1560.5518,-212.9126,nan,nan,nan,0.9527,-0.2001,-0.2289,0.2240,-0.0471,0.9735,90.000,nan,nan,nan,0.0000,0.0000,0.0000,nan,nan,nan,-9804.7618,-1560.5518,-212.9126,-9804.7618,-1560.5518,-212.9126,12.000,0,nan,nan
9.2200,155.4000,0,-9521.9113,-1620.1483,-301.6257,nan,nan,nan,-0.9469,-0.3217,0.0000,0.3217,-0.9469,-0.0000,0.0000,-0.0000,1.0000,0.0000,0.0000,0.0000,-0.0000,-0.0000,-0.0000,-9804.9166,-1560.5286,-212.9154,nan,nan,nan,0.9527,-0.2001,-0.2289,0.2240,-0.0471,0.9735,90.000,nan,nan,nan,0.0000,0.0000,0.0000,nan,nan,nan,-9804.9166,-1560.5286,-212.9154,-9804.9166,-1560.5286,-212.9154,12.000,0,nan,nan
9.2440,155.4333,0,-9521.9113,-1620.1483,-301.6257,nan,nan,nan,-0.9469,-0.3217,0.0000,0.3217,-0.9469,-0.0000,0.0000,-0.0000,1.0000,0.0000,0.0000,0.0000,-0.0000,-0.0000,-0.0000,-9805.2069,-1560.4850,-212.9206,nan,nan,nan,0.9527,-0.2001,-0.2289,0.2240,-0.0471,0.9735,90.000,nan,nan,nan,0.0000,0.0000,0.0000,nan,nan,nan,-9805.2069,-1560.4850,-212.9206,-9805.2069,-1560.4850,-212.9206,12.000,0,nan,nan
9.2690,155.4500,0,-9521.9113,-1620.1483,-301.6257,nan,nan,nan,-0.9469,-0.3217,0.0000,0.3217,-0.9469,-0.0000,0.0000,-0.0000,1.0000,0.0000,0.0000,0.0000,-0.0000,-0.0000,-0.0000,-9805.3342,-1560.4659,-212.9229,nan,nan,nan,0.9527,-0.2001,-0.2289,0.2240,-0.0471,0.9735,90.000,nan,nan,nan,0.0000,0.0000,0.0000,nan,nan,nan,-9805.3342,-1560.4659,-212.9229,-9805.3342,-1560.4659,-212.9229,12.000,0,nan,nan
9.2940,155.4833,0,-9521.9113,-1620.1483,-301.6257,nan,nan,nan,-0.9469,-0.3217,0.0000,0.3217,-0.9469,-0.0000,0.0000,-0.0000,1.0000,0.0000,0.0000,0.0000,-0.0000,-0.0000,-0.0000,-9805.5732,-1560.4300,-212.9272,nan,nan,nan,0.9527,-0.2001,-0.2289,0.2240,-0.0471,0.9735,90.000,nan,nan,nan,0.0000,0.0000,0.0000,nan,nan,nan,-9805.5732,-1560.4300,-212.9272,-9805.5732,-1560.4300,-212.9272,12.000,0,nan,nan
9.3190,155.5000,0,-9521.9113,-1620.1483,-301.6257,nan,nan,nan,-0.9469,-0.3217,0.0000,0.3217,-0.9469,-0.0000,0.0000,-0.0000,1.0000,0.0000,0.0000,0.0000,-0.0000,-0.0000,-0.0000,-9805.6784,-1560.4142,-212.9291,nan,nan,nan,0.9527,-0.2001,-0.2289,0.2240,-0.0471,0.9735,90.000,nan,nan,nan,0.0000,0.0000,0.0000,nan,nan,nan,-9805.6784,-1560.4142,-212.9291,-9805.6784,-1560.4142,-212.9291,12.000,0,nan,nan
9.3450,155.5333,0,-9521.9113,-1620.1483,-301.6257,nan,nan,nan,-0.9469,-0.3217,0.0000,0.3217,-0.9469,-0.0000,0.0000,-0.0000,1.0000,0.0000,0.0000,0.0000,-0.0000,-0.0000,-0.0000,-9805.8765,-1560.3845,-212.9327,nan,nan,nan,0.9527,-0.2001,-0.2289,0.2240,-0.0471,0.9735,90.000,nan,nan,nan,0.0000,0.0000,0.0000,nan,nan,nan,-9805.8765,-1560.3845,-212.9327,-9805.8765,-1560.3845,-212.9327,12.000,0,nan,nan
9.3740,155.5667,0,-9521.9113,-1620.1483,-301.6257,nan,nan,nan,-0.9469,-0.3217,0.0000,0.3217,-0.9469,-0.0000,0.0000,-0.0000,1.0000,0.0000,0.0000,0.0000,-0.0000,-0.0000,-0.0000,-9806.0517,-1560.3582,-212.9358,nan,nan,nan,0.9527,-0.2001,-0.2289,0.2240,-0.0471,0.9735,90.000,nan,nan,nan,0.0000,0.0000,0.0000,nan,nan,nan,-9806.0517,-1560.3582,-212.9358,-9806.0517,-1560.3582,-212.9358,12.000,0,nan,nan
9.4000,155.5833,0,-9521.9113,-1620.1483,-301.6257,nan,nan,nan,-0.9469,-0.3217,0.0000,0.3217,-0.9469,-0.0000,0.0000,-0.0000,1.0000,0.0000,0.0000,0.0000,-0.0000,-0.0000,-0.0000,-9806.1293,-1560.3465,-212.9372,nan,nan,nan,0.9527,-0.2001,-0.2289,0.2240,-0.0471,0.9735,90.000,nan,nan,nan,0.0000,0.0000,0.0000,nan,nan,nan,-9806.1293,-1560.3465,-212.9372,-9806.1293,-1560.3465,-212.9372,12.000,0,nan,nan
9.4270,155.6167,0,-9521.9113,-1620.1483,-301.6257,nan,nan,nan,-0.9469,-0.3217,0.0000,0.3217,-0.9469,-0.0000,0.0000,-0.0000,1.0000,0.0000,0.0000,0.0000,-0.0000,-0.0000,-0.0000,-9806.2759,-1560.3245,-212.9399,nan,nan,nan,0.9527,-0.2001,-0.2289,0.2240,-0.0471,0.9735,90.000,nan,nan,nan,0.0000,0.0000,0.0000,nan,nan,nan,-9806.2759,-1560.3245,-212.9399,-9806.2759,-1560.3245,-212.9399,12.000,0,nan,nan
9.4540,155.6333,0,-9521.9113,-1620.1483,-301.6257,nan,nan,nan,-0.9469,-0.3217,0.0000,0.3217,-0.9469,-0.0000,0.0000,-0.0000,1.0000,0.0000,0.0000,0.0000,-0.0000,-0.0000,-0.0000,-9806.3412,-1560.3147,-212.9411,nan,nan,nan,0.9527,-0.2001,-0.2289,0.2240,-0.0471,0.9735,90.000,nan,nan,nan,0.0000,0.0000,0.0000,nan,nan,nan,-9806.3412,-1560.3147,-212.9411,-9806.3412,-1560.3147,-212.9411,12.000,0,nan,nan
9.4800,155.6667,0,-9521.9113,-1620.1483,-301.6257,nan,nan,nan,-0.9469,-0.3217,0.0000,0.3217,-0.9469,-0.0000,0.0000,-0.0000,1.0000,0.0000,0.0000,0.0000,-0.0000,-0.0000,-0.0000,-9806.4645,-1560.2962,-212.9433,nan,nan,nan,0.9527,-0.2001,-0.2289,0.2240,-0.0471,0.9735,90.000,nan,nan,nan,0.0000,0.0000,0.0000,nan,nan,nan,-9806.4645,-1560.2962,-212.9433,-9806.4645,-1560.2962,-212.9433,12.000,0,nan,nan
9.5070,155.7000,0,-9521.9113,-1620.1483,-301.6257,nan,nan,nan,-0.9469,-0.3217,0.0000,0.3217,-0.9469,-0.0000,0.0000,-0.0000,1.0000,0.0000,0.0000,0.0000,-0.0000,-0.0000,-0.0000,-9806.5747,-1560.2797,-212.9453,nan,nan,nan,0.9527,-0.2001,-0.2289,0.2240,-0.0471,0.9735,90.000,nan,nan,nan,0.0000,0.0000,0.0000,nan,nan,nan,-9806.5747,-1560.2797,-212.9453,-9806.5747,-1560.2797,-212.9453,12.000,0,nan,nan
9.5340,155.7167,0,-9521.9113,-1620.1483,-301.6257,nan,nan,nan,-0.9469,-0.3217,0.0000,0.3217,-0.9469,-0.0000,0.0000,-0.0000,1.0000,0.0000,0.0000,0.0000,-0.0000,-0.0000,-0.0000,-9806.6239,-1560.2723,-212.9462,nan,nan,nan,0.9527,-0.2001,-0.2289,0.2240,-0.0471,0.9735,90.000,nan,nan,nan,0.0000,0.0000,0.0000,nan,nan,nan,-9806.6239,-1560.2723,-212.9462,-9806.6239,-1560.2723,-212.9462,12.000,0,nan,nan
9.5610,155.7500,0,-9521.9113,-1620.1483,-301.6257,nan,nan,nan,-0.9469,-0.3217,0.0000,0.3217,-0.9469,-0.0000,0.0000,-0.0000,1.0000,0.0000,0.0000,0.0000,-0.0000,-0.0000,-0.0000,-9806.7174,-1560.2582,-212.9478,nan,nan,nan,0.9527,-0.2001,-0.2289,0.2240,-0.0471,0.9735,90.000,nan,nan,nan,0.0000,0.0000,0.0000,nan,nan,nan,-9806.7174,-1560.2582,-212.9478,-9806.7174,-1560.2582,-212.9478,12.000,0,nan,nan
9.5870,155.7667,0,-9521.9113,-1620.1483,-301.6257,nan,nan,nan,-0.9469,-0.3217,0.0000,0.3217,-0.9469,-0.0000,0.0000,-0.0000,1.0000,0.0000,0.0000,0.0000,-0.0000,-0.0000,-0.0000,-9806.7593,-1560.2519,-212.9486,nan,nan,nan,0.9527,-0.2001,-0.2289,0.2240,-0.0471,0.9735,90.000,nan,nan,nan,0.0000,0.0000,0.0000,nan,nan,nan,-9806.7593,-1560.2519,-212.9486,-9806.7593,-1560.2519,-212.9486,12.000,0,nan,nan
9.6150,155.8000,0,-9521.9113,-1620.1483,-301.6257,nan,nan,nan,-0.9469,-0.3217,0.0000,0.3217,-0.9469,-0.0000,0.0000,-0.0000,1.0000,0.0000,0.0000,0.0000,-0.0000,-0.0000,-0.0000,-9806.8390,-1560.2400,-212.9500,nan,nan,nan,0.9527,-0.2001,-0.2289,0.2240,-0.0471,0.9735,90.000,nan,nan,nan,0.0000,0.0000,0.0000,nan,nan,nan,-9806.8390,-1560.2400,-212.9500,-9806.8390,-1560.2400,-212.9500,12.000,0,nan,nan
9.6430,155.8333,0,-9521.9113,-1620.1483,-301.6257,nan,nan,nan,-0.9469,-0.3217,0.0000,0.3217,-0.9469,-0.0000,0.0000,-0.0000,1.0000,0.0000,0.0000,0.0000,-0.0000,-0.0000,-0.0000,-9806.9107,-1560.2292,-212.9513,nan,nan,nan,0.9527,-0.2001,-0.2289,0.2240,-0.0471,0.9735,90.000,nan,nan,nan,0.0000,0.0000,0.0000,nan,nan,nan,-9806.9107,-1560.2292,-212.9513,-9806.9107,-1560.2292,-212.9513,12.000,0,nan,nan
9.6690,155.8500,0,-9521.9113,-1620.1483,-301.6257,nan,nan,nan,-0.9469,-0.3217,0.0000,0.3217,-0.9469,-0.0000,0.0000,-0.0000,1.0000,0.0000,0.0000,0.0000,-0.0000,-0.0000,-0.0000,-9806.9431,-1560.2243,-212.9519,nan,nan,nan,0.9527,-0.2001,-0.2289,0.2240,-0.0471,0.9735,90.000,nan,nan,nan,0.0000,0.0000,0.0000,nan,nan,nan,-9806.9431,-1560.2243,-212.9519,-9806.9431,-1560.2243,-212.9519,12.000,0,nan,nan
9.6960,155.8833,0,-9521.9113,-1620.1483,-301.6257,nan,nan,nan,-0.9469,-0.3217,0.0000,0.3217,-0.9469,-0.0000,0.0000,-0.0000,1.0000,0.0000,0.0000,0.0000,-0.0000,-0.0000,-0.0000,-9807.0046,-1560.2151,-212.9530,nan,nan,nan,0.9527,-0.2001,-0.2289,0.2240,-0.0471,0.9735,90.000,nan,nan,nan,0.0000,0.0000,0.0000,nan,nan,nan,-9807.0046,-1560.2151,-212.9530,-9807.0046,-1560.2151,-212.9530,12.000,0,nan,nan
9.7220,155.9167,0,-9521.9113,-1620.1483,-301.6257,nan,nan,nan,-0.9469,-0.3217,0.0000,0.3217,-0.9469,-0.0000,0.0000,-0.0000,1.0000,0.0000,0.0000,0.0000,-0.0000,-0.0000,-0.0000,-9807.0603,-1560.2067,-212.9540,nan,nan,nan,0.9527,-0.2001,-0.2289,0.2240,-0.0471,0.9735,90.000,nan,nan,nan,0.0000,0.0000,0.0000,nan,nan,nan,-9807.0603,-1560.2067,-212.9540,-9807.0603,-1560.2067,-212.9540,12.000,0,nan,nan
9.7500,155.9333,0,-9521.9113,-1620.1483,-301.6257,nan,nan,nan,-0.9469,-0.3217,0.0000,0.3217,-0.9469,-0.0000,0.0000,-0.0000,1.0000,0.0000,0.0000,0.0000,-0.0000,-0.0000,-0.0000,-9807.0856,-1560.2030,-212.9545,nan,nan,nan,0.9527,-0.2001,-0.2289,0.2240,-0.0471,0.9735,90.000,nan,nan,nan,0.0000,0.0000,0.0000,nan,nan,nan,-9807.0856,-1560.2030,-212.9545,-9807.0856,-1560.2030,-212.9545,12.000,0,nan,nan
9.7880,155.9667,0,-9521.9113,-1620.1483,-301.6257,nan,nan,nan,-0.9469,-0.3217,0.0000,0.3217,-0.9469,-0.0000,0.0000,-0.0000,1.0000,0.0000,0.0000,0.0000,-0.0000,-0.0000,-0.0000,-9807.1337,-1560.1957,-212.9554,nan,nan,nan,0.9527,-0.2001,-0.2289,0.2240,-0.0471,0.9735,90.000,nan,nan,nan,0.0000,0.0000,0.0000,nan,nan,nan,-9807.1337,-1560.1957,-212.9554,-9807.1337,-1560.1957,-212.9554,12.000,0,nan,nan
9.8140,156.0000,0,-9521.9113,-1620.1483,-301.6257,nan,nan,nan,-0.9469,-0.3217,0.0000,0.3217,-0.9469,-0.0000,0.0000,-0.0000,1.0000,0.0000,0.0000,0.0000,-0.0000,-0.0000,-0.0000,-9807.1774,-1560.1892,-212.9561,nan,nan,nan,0.9527,-0.2001,-0.2289,0.2240,-0.0471,0.9735,90.000,nan,nan,nan,0.0000,0.0000,0.0000,nan,nan,nan,-9807.1774,-1560.1892,-212.9561,-9807.1774,-1560.1892,-212.9561,12.000,0,nan,nan
9.8410,156.0333,0,-9521.9113,-1620.1483,-301.6257,nan,nan,nan,-0.9469,-0.3217,0.0000,0.3217,-0.9469,-0.0000,0.0000,-0.0000,1.0000,0.0000,0.0000,0.0000,-0.0000,-0.0000,-0.0000,-9807.2171,-1560.1832,-212.9569,nan,nan,nan,0.9527,-0.2001,-0.2289,0.2240,-0.0471,0.9735,90.000,nan,nan,nan,0.0000,0.0000,0.0000,nan,nan,nan,-9807.2171,-1560.1832,-212.9569,-9807.2171,-1560.1832,-212.9569,12.000,0,nan,nan
9.8660,156.0500,0,-9521.9113,-1620.1483,-301.6257,nan,nan,nan,-0.9469,-0.3217,0.0000,0.3217,-0.9469,-0.0000,0.0000,-0.0000,1.0000,0.0000,0.0000,0.0000,-0.0000,-0.0000,-0.0000,-9807.2353,-1560.1805,-212.9572,nan,nan,nan,0.9527,-0.2001,-0.2289,0.2240,-0.0471,0.9735,90.000,nan,nan,nan,0.0000,0.0000,0.0000,nan,nan,nan,-9807.2353,-1560.1805,-212.9572,-9807.2353,-1560.1805,-212.9572,12.000,0,nan,nan
9.8940,156.0833,0,-9521.9113,-1620.1483,-301.6257,nan,nan,nan,-0.9469,-0.3217,0.0000,0.3217,-0.9469,-0.0000,0.0000,-0.0000,1.0000,0.0000,0.0000,0.0000,-0.0000,-0.0000,-0.0000,-9807.2699,-1560.1753,-212.9578,nan,nan,nan,0.9527,-0.2001,-0.2289,0.2240,-0.0471,0.9735,90.000,nan,nan,nan,0.0000,0.0000,0.0000,nan,nan,nan,-9807.2699,-1560.1753,-212.9578,-9807.2699,-1560.1753,-212.9578,12.000,0,nan,nan
9.9220,156.1000,0,-9521.9113,-1620.1483,-301.6257,nan,nan,nan,-0.9469,-0.3217,0.0000,0.3217,-0.9469,-0.0000,0.0000,-0.0000,1.0000,0.0000,0.0000,0.0000,-0.0000,-0.0000,-0.0000,-9807.2857,-1560.1729,-212.9581,nan,nan,nan,0.9527,-0.2001,-0.2289,0.2240,-0.0471,0.9735,90.000,nan,nan,nan,0.0000,0.0000,0.0000,nan,nan,nan,-9807.2857,-1560.1729,-212.9581,-9807.2857,-1560.1729,-212.9581,12.000,0,nan,nan
9.9490,156.1333,0,-9521.9113,-1620.1483,-301.6257,nan,nan,nan,-0.9469,-0.3217,0.0000,0.3217,-0.9469,-0.0000,0.0000,-0.0000,1.0000,0.0000,0.0000,0.0000,-0.0000,-0.0000,-0.0000,-9807.3160,-1560.1684,-212.9586,nan,nan,nan,0.9527,-0.2001,-0.2289,0.2240,-0.0471,0.9735,90.000,nan,nan,nan,0.0000,0.0000,0.0000,nan,nan,nan,-9807.3160,-1560.1684,-212.9586,-9807.3160,-1560.1684,-212.9586,12.000,0,nan,nan
9.9760,156.1667,0,-9521.9113,-1620.1483,-301.6257,nan,nan,nan,-0.9469,-0.3217,0.0000,0.3217,-0.9469,-0.0000,0.0000,-0.0000,1.0000,0.0000,0.0000,0.0000,-0.0000,-0.0000,-0.0000,-9807.3437,-1560.1642,-212.9591,nan,nan,nan,0.9527,-0.2001,-0.2289,0.2240,-0.0471,0.9735,90.000,nan,nan,nan,0.0000,0.0000,0.0000,nan,nan,nan,-9807.3437,-1560.1642,-212.9591,-9807.3437,-1560.1642,-212.9591,12.000,0,nan,nan
10.0020,156.1833,0,-9521.9113,-1620.1483,-301.6257,nan,nan,nan,-0.9469,-0.3217,0.0000,0.3217,-0.9469,-0.0000,0.0000,-0.0000,1.0000,0.0000,0.0000,0.0000,-0.0000,-0.0000,-0.0000,-9807.3564,-1560.1623,-212.9594,nan,nan,nan,0.9527,-0.2001,-0.2289,0.2240,-0.0471,0.9735,90.000,nan,nan,nan,0.0000,0.0000,0.0000,nan,nan,nan,-9807.3564,-1560.1623,-212.9594,-9807.3564,-1560.1623,-212.9594,12.000,0,nan,nan
10.0290,156.2167,0,-9521.9113,-1620.1483,-301.6257,nan,nan,nan,-0.9469,-0.3217,0.0000,0.3217,-0.9469,-0.0000,0.0000,-0.0000,1.0000,0.0000,0.0000,0.0000,-0.0000,-0.0000,-0.0000,-9807.3807,-1560.1586,-212.9598,nan,nan,nan,0.9527,-0.2001,-0.2289,0.2240,-0.0471,0.9735,90.000,nan,nan,nan,0.0000,0.0000,0.0000,nan,nan,nan,-9807.3807,-1560.1586,-212.9598,-9807.3807,-1560.1586,-212.9598,12.000,0,nan,nan
10.0550,156.2500,0,-9521.9113,-1620.1483,-301.6257,nan,nan,nan,-0.9469,-0.3217,0.0000,0.3217,-0.9469,-0.0000,0.0000,-0.0000,1.0000,0.0000,0.0000,0.0000,-0.0000,-0.0000,-0.0000,-9807.4031,-1560.1553,-212.9602,nan,nan,nan,0.9527,-0.2001,-0.2289,0.2240,-0.0471,0.9735,90.000,nan,nan,nan,0.0000,0.0000,0.0000,nan,nan,nan,-9807.4031,-1560.1553,-212.9602,-9807.4031,-1560.1553,-212.9602,12.000,0,nan,nan
10.0820,156.2667,0,-9521.9113,-1620.1483,-301.6257,nan,nan,nan,-0.9469,-0.3217,0.0000,0.3217,-0.9469,-0.0000,0.0000,-0.0000,1.0000,0.0000,0.0000,0.0000,-0.0000,-0.0000,-0.0000,-9807.4133,-1560.1538,-212.9604,nan,nan,nan,0.9527,-0.2001,-0.2289,0.2240,-0.0471,0.9735,90.000,nan,nan,nan,0.0000,0.0000,0.0000,nan,nan,nan,-9807.4133,-1560.1538,-212.9604,-9807.4133,-1560.1538,-212.9604,12.000,0,nan,nan
10.1090,156.3000,0,-9521.9113,-1620.1483,-301.6257,nan,nan,nan,-0.9469,-0.3217,0.0000,0.3217,-0.9469,-0.0000,0.0000,-0.0000,1.0000,0.0000,0.0000,0.0000,-0.0000,-0.0000,-0.0000,-9807.4330,-1560.1508,-212.9608,nan,nan,nan,0.9527,-0.2001,-0.2289,0.2240,-0.0471,0.9735,90.000,nan,nan,nan,0.0000,0.0000,0.0000,nan,nan,nan,-9807.4330,-1560.1508,-212.9608,-9807.4330,-1560.1508,-212.9608,12.000,0,nan,nan
10.1360,156.3167,0,-9521.9113,-1620.1483,-301.6257,nan,nan,nan,-0.9469,-0.3217,0.0000,0.3217,-0.9469,-0.0000,0.0000,-0.0000,1.0000,0.0000,0.0000,0.0000,-0.0000,-0.0000,-0.0000,-9807.4421,-1560.1494,-212.9609,nan,nan,nan,0.9527,-0.2001,-0.2289,0.2240,-0.0471,0.9735,90.000,nan,nan,nan,0.0000,0.0000,0.0000,nan,nan,nan,-9807.4421,-1560.1494,-212.9609,-9807.4421,-1560.1494,-212.9609,12.000,0,nan,nan
10.1630,156.3500,0,-9521.9113,-1620.1483,-301.6257,nan,nan,nan,-0.9469,-0.3217,0.0000,0.3217,-0.9469,-0.0000,0.0000,-0.0000,1.0000,0.0000,0.0000,0.0000,-0.0000,-0.0000,-0.0000,-9807.4596,-1560.1468,-212.9612,nan,nan,nan,0.9527,-0.2001,-0.2289,0.2240,-0.0471,0.9735,90.000,nan,nan,nan,0.0000,0.0000,0.0000,nan,nan,nan,-9807.4596,-1560.1468,-212.9612,-9807.4596,-1560.1468,-212.9612,12.000,0,nan,nan
10.1890,156.3833,0,-9521.9113,-1620.1483,-301.6257,nan,nan,nan,-0.9469,-0.3217,0.0000,0.3217,-0.9469,-0.0000,0.0000,-0.0000,1.0000,0.0000,0.0000,0.0000,-0.0000,-0.0000,-0.0000,-9807.4756,-1560.1444,-212.9615,nan,nan,nan,0.9527,-0.2001,-0.2289,0.2240,-0.0471,0.9735,90.000,nan,nan,nan,0.0000,0.0000,0.0000,nan,nan,nan,-9807.4756,-1560.1444,-212.9615,-9807.4756,-1560.1444,-212.9615,12.000,0,nan,nan
10.2150,156.4000,0,-9521.9113,-1620.1483,-301.6257,nan,nan,nan,-0.9469,-0.3217,0.0000,0.3217,-0.9469,-0.0000,0.0000,-0.0000,1.0000,0.0000,0.0000,0.0000,-0.0000,-0.0000,-0.0000,-9807.4831,-1560.1433,-212.9617,nan,nan,nan,0.9527,-0.2001,-0.2289,0.2240,-0.0471,0.9735,90.000,nan,nan,nan,0.0000,0.0000,0.0000,nan,nan,nan,-9807.4831,-1560.1433,-212.9617,-9807.4831,-1560.1433,-212.9617,12.000,0,nan,nan
10.2410,156.4333,0,-9521.9113,-1620.1483,-301.6257,nan,nan,nan,-0.9469,-0.3217,0.0000,0.3217,-0.9469,-0.0000,0.0000,-0.0000,1.0000,0.0000,0.0000,0.0000,-0.0000,-0.0000,-0.0000,-9807.4974,-1560.1411,-212.9619,nan,nan,nan,0.9527,-0.2001,-0.2289,0.2240,-0.0471,0.9735,90.000,nan,nan,nan,0.0000,0.0000,0.0000,nan,nan,nan,-9807.4974,-1560.1411,-212.9619,-9807.4974,-1560.1411,-212.9619,12.000,0,nan,nan
10.2680,156.4500,0,-9521.9113,-1620.1483,-301.6257,nan,nan,nan,-0.9469,-0.3217,0.0000,0.3217,-0.9469,-0.0000,0.0000,-0.0000,1.0000,0.0000,0.0000,0.0000,-0.0000,-0.0000,-0.0000,-9807.5040,-1560.1401,-212.9620,nan,nan,nan,0.9527,-0.2001,-0.2289,0.2240,-0.0471,0.9735,90.000,nan,nan,nan,0.0000,0.0000,0.0000,nan,nan,nan,-9807.5040,-1560.1401,-212.9620,-9807.5040,-1560.1401,-212.9620,12.000,0,nan,nan
10.2950,156.4833,0,-9521.9113,-1620.1483,-301.6257,nan,nan,nan,-0.9469,-0.3217,0.0000,0.3217,-0.9469,-0.0000,0.0000,-0.0000,1.0000,0.0000,0.0000,0.0000,-0.0000,-0.0000,-0.0000,-9807.5167,-1560.1382,-212.9623,nan,nan,nan,0.9527,-0.2001,-0.2289,0.2240,-0.0471,0.9735,90.000,nan,nan,nan,0.0000,0.0000,0.0000,nan,nan,nan,-9807.5167,-1560.1382,-212.9623,-9807.5167,-1560.1382,-212.9623,12.000,0,nan,nan
10.3230,156.5000,0,-9521.9113,-1620.1483,-301.6257,nan,nan,nan,-0.9469,-0.3217,0.0000,0.3217,-0.9469,-0.0000,0.0000,-0.0000,1.0000,0.0000,0.0000,0.0000,-0.0000,-0.0000,-0.0000,-9807.5226,-1560.1373,-212.9624,nan,nan,nan,0.9527,-0.2001,-0.2289,0.2240,-0.0471,0.9735,90.000,nan,nan,nan,0.0000,0.0000,0.0000,nan,nan,nan,-9807.5226,-1560.1373,-212.9624,-9807.5226,-1560.1373,-212.9624,12.000,0,nan,nan
10.3500,156.5333,0,-9521.9113,-1620.1483,-301.6257,nan,nan,nan,-0.9469,-0.3217,0.0000,0.3217,-0.9469,-0.0000,0.0000,-0.0000,1.0000,0.0000,0.0000,0.0000,-0.0000,-0.0000,-0.0000,-9807.5340,-1560.1356,-212.9626,nan,nan,nan,0.9527,-0.2001,-0.2289,0.2240,-0.0471,0.9735,90.000,nan,nan,nan,0.0000,0.0000,0.0000,nan,nan,nan,-9807.5340,-1560.1356,-212.9626,-9807.5340,-1560.1356,-212.9626,12.000,0,nan,nan
10.3830,156.5667,0,-9521.9113,-1620.1483,-301.6257,nan,nan,nan,-0.9469,-0.3217,0.0000,0.3217,-0.9469,-0.0000,0.0000,-0.0000,1.0000,0.0000,0.0000,0.0000,-0.0000,-0.0000,-0.0000,-9807.5445,-1560.1341,-212.9628,nan,nan,nan,0.9527,-0.2001,-0.2289,0.2240,-0.0471,0.9735,90.000,nan,nan,nan,0.0000,0.0000,0.0000,nan,nan,nan,-9807.5445,-1560.1341,-212.9628,-9807.5445,-1560.1341,-212.9628,12.000,0,nan,nan
10.4100,156.6000,0,-9521.9113,-1620.1483,-301.6257,nan,nan,nan,-0.9469,-0.3217,0.0000,0.3217,-0.9469,-0.0000,0.0000,-0.0000,1.0000,0.0000,0.0000,0.0000,-0.0000,-0.0000,-0.0000,-9807.5543,-1560.1326,-212.9630,nan,nan,nan,0.9527,-0.2001,-0.2289,0.2240,-0.0471,0.9735,90.000,nan,nan,nan,0.0000,0.0000,0.0000,nan,nan,nan,-9807.5543,-1560.1326,-212.9630,-9807.5543,-1560.1326,-212.9630,12.000,0,nan,nan
10.4370,156.6167,0,-9521.9113,-1620.1483,-301.6257,nan,nan,nan,-0.9469,-0.3217,0.0000,0.3217,-0.9469,-0.0000,0.0000,-0.0000,1.0000,0.0000,0.0000,0.0000,-0.0000,-0.0000,-0.0000,-9807.5589,-1560.1319,-212.9630,nan,nan,nan,0.9527,-0.2001,-0.2289,0.2240,-0.0471,0.9735,90.000,nan,nan,nan,0.0000,0.0000,0.0000,nan,nan,nan,-9807.5589,-1560.1319,-212.9630,-9807.5589,-1560.1319,-212.9630,12.000,0,nan,nan
10.4640,156.6500,0,-9521.9113,-1620.1483,-301.6257,nan,nan,nan,-0.9469,-0.3217,0.0000,0.3217,-0.9469,-0.0000,0.0000,-0.0000,1.0000,0.0000,0.0000,0.0000,-0.0000,-0.0000,-0.0000,-9807.5677,-1560.1306,-212.9632,nan,nan,nan,0.9527,-0.2001,-0.2289,0.2240,-0.0471,0.9735,90.000,nan,nan,nan,0.0000,0.0000,0.0000,nan,nan,nan,-9807.5677,-1560.1306,-212.9632,-9807.5677,-1560.1306,-212.9632,12.000,0,nan,nan
10.4920,156.6833,0,-9521.9113,-1620.1483,-301.6257,nan,nan,nan,-0.9469,-0.3217,0.0000,0.3217,-0.9469,-0.0000,0.0000,-0.0000,1.0000,0.0000,0.0000,0.0000,-0.0000,-0.0000,-0.0000,-9807.5759,-1560.1294,-212.9633,nan,nan,nan,0.9527,-0.2001,-0.2289,0.2240,-0.0471,0.9735,90.000,nan,nan,nan,0.0000,0.0000,0.0000,nan,nan,nan,-9807.5759,-1560.1294,-212.9633,-9807.5759,-1560.1294,-212.9633,12.000,0,nan,nan
10.5170,156.7000,0,-9521.9113,-1620.1483,-301.6257,nan,nan,nan,-0.9469,-0.3217,0.0000,0.3217,-0.9469,-0.0000,0.0000,-0.0000,1.0000,0.0000,0.0000,0.0000,-0.0000,-0.0000,-0.0000,-9807.5797,-1560.1288,-212.9634,nan,nan,nan,0.9527,-0.2001,-0.2289,0.2240,-0.0471,0.9735,90.000,nan,nan,nan,0.0000,0.0000,0.0000,nan,nan,nan,-9807.5797,-1560.1288,-212.9634,-9807.5797,-1560.1288,-212.9634,12.000,0,nan,nan
10.5450,156.7333,0,-9521.9113,-1620.1483,-301.6257,nan,nan,nan,-0.9469,-0.3217,0.0000,0.3217,-0.9469,-0.0000,0.0000,-0.0000,1.0000,0.0000,0.0000,0.0000,-0.0000,-0.0000,-0.0000,-9807.5870,-1560.1277,-212.9635,nan,nan,nan,0.9527,-0.2001,-0.2289,0.2240,-0.0471,0.9735,90.000,nan,nan,nan,0.0000,0.0000,0.0000,nan,nan,nan,-9807.5870,-1560.1277,-212.9635,-9807.5870,-1560.1277,-212.9635,12.000,0,nan,nan
10.5730,156.7500,0,-9521.9113,-1620.1483,-301.6257,nan,nan,nan,-0.9469,-0.3217,0.0000,0.3217,-0.9469,-0.0000,0.0000,-0.0000,1.0000,0.0000,0.0000,0.0000,-0.0000,-0.0000,-0.0000,-9807.5905,-1560.1272,-212.9636,nan,nan,nan,0.9527,-0.2001,-0.2289,0.2240,-0.0471,0.9735,90.000,nan,nan,nan,0.0000,0.0000,0.0000,nan,nan,nan,-9807.5905,-1560.1272,-212.9636,-9807.5905,-1560.1272,-212.9636,12.000,0,nan,nan
10.5990,156.7833,0,-9521.9113,-1620.1483,-301.6257,nan,nan,nan,-0.9469,-0.3217,0.0000,0.3217,-0.9469,-0.0000,0.0000,-0.0000,1.0000,0.0000,0.0000,0.0000,-0.0000,-0.0000,-0.0000,-9807.5971,-1560.1262,-212.9637,nan,nan,nan,0.9527,-0.2001,-0.2289,0.2240,-0.0471,0.9735,90.000,nan,nan,nan,0.0000,0.0000,0.0000,nan,nan,nan,-9807.5971,-1560.1262,-212.9637,-9807.5971,-1560.1262,-212.9637,12.000,0,nan,nan
10.6250,156.8167,0,-9521.9113,-1620.1483,-301.6257,nan,nan,nan,-0.9469,-0.3217,0.0000,0.3217,-0.9469,-0.0000,0.0000,-0.0000,1.0000,0.0000,0.0000,0.0000,-0.0000,-0.0000,-0.0000,-9807.6033,-1560.1252,-212.9638,nan,nan,nan,0.9527,-0.2001,-0.2289,0.2240,-0.0471,0.9735,90.000,nan,nan,nan,0.0000,0.0000,0.0000,nan,nan,nan,-9807.6033,-1560.1252,-212.9638,-9807.6033,-1560.1252,-212.9638,12.000,0,nan,nan
10.6520,156.8333,0,-9521.9113,-1620.1483,-301.6257,nan,nan,nan,-0.9469,-0.3217,0.0000,0.3217,-0.9469,-0.0000,0.0000,-0.0000,1.0000,0.0000,0.0000,0.0000,-0.0000,-0.0000,-0.0000,-9807.6062,-1560.1248,-212.9639,nan,nan,nan,0.9527,-0.2001,-0.2289,0.2240,-0.0471,0.9735,90.000,nan,nan,nan,0.0000,0.0000,0.0000,nan,nan,nan,-9807.6062,-1560.1248,-212.9639,-9807.6062,-1560.1248,-212.9639,12.000,0,nan,nan
10.6790,156.8667,0,-9521.9113,-1620.1483,-301.6257,nan,nan,nan,-0.9469,-0.3217,0.0000,0.3217,-0.9469,-0.0000,0.0000,-0.0000,1.0000,0.0000,0.0000,0.0000,-0.0000,-0.0000,-0.0000,-9807.6118,-1560.1240,-212.9640,nan,nan,nan,0.9527,-0.2001,-0.2289,0.2240,-0.0471,0.9735,90.000,nan,nan,nan,0.0000,0.0000,0.0000,nan,nan,nan,-9807.6118,-1560.1240,-212.9640,-9807.6118,-1560.1240,-212.9640,12.000,0,nan,nan
10.7070,156.9000,0,-9521.9113,-1620.1483,-301.6257,nan,nan,nan,-0.9469,-0.3217,0.0000,0.3217,-0.9469,-0.0000,0.0000,-0.0000,1.0000,0.0000,0.0000,0.0000,-0.0000,-0.0000,-0.0000,-9807.6170,-1560.1232,-212.9641,nan,nan,nan,0.9527,-0.2001,-0.2289,0.2240,-0.0471,0.9735,90.000,nan,nan,nan,0.0000,0.0000,0.0000,nan,nan,nan,-9807.6170,-1560.1232,-212.9641,-9807.6170,-1560.1232,-212.9641,12.000,0,nan,nan
10.7330,156.9167,0,-9521.9113,-1620.1483,-301.6257,nan,nan,nan,-0.9469,-0.3217,0.0000,0.3217,-0.9469,-0.0000,0.0000,-0.0000,1.0000,0.0000,0.0000,0.0000,-0.0000,-0.0000,-0.0000,-9807.6195,-1560.1228,-212.9641,nan,nan,nan,0.9527,-0.2001,-0.2289,0.2240,-0.0471,0.9735,90.000,nan,nan,nan,0.0000,0.0000,0.0000,nan,nan,nan,-9807.6195,-1560.1228,-212.9641,-9807.6195,-1560.1228,-212.9641,12.000,0,nan,nan
10.7590,156.9500,0,-9521.9113,-1620.1483,-301.6257,nan,nan,nan,-0.9469,-0.3217,0.0000,0.3217,-0.9469,-0.0000,0.0000,-0.0000,1.0000,0.0000,0.0000,0.0000,-0.0000,-0.0000,-0.0000,-9807.6243,-1560.1221,-212.9642,nan,nan,nan,0.9527,-0.2001,-0.2289,0.2240,-0.0471,0.9735,90.000,nan,nan,nan,0.0000,0.0000,0.0000,nan,nan,nan,-9807.6243,-1560.1221,-212.9642,-9807.6243,-1560.1221,-212.9642,12.000,0,nan,nan
10.7860,156.9667,0,-9521.9113,-1620.1483,-301.6257,nan,nan,nan,-0.9469,-0.3217,0.0000,0.3217,-0.9469,-0.0000,0.0000,-0.0000,1.0000,0.0000,0.0000,0.0000,-0.0000,-0.0000,-0.0000,-9807.6265,-1560.1217,-212.9643,nan,nan,nan,0.9527,-0.2001,-0.2289,0.2240,-0.0471,0.9735,90.000,nan,nan,nan,0.0000,0.0000,0.0000,nan,nan,nan,-9807.6265,-1560.1217,-212.9643,-9807.6265,-1560.1217,-212.9643,12.000,0,nan,nan
10.8120,157.0000,0,-9521.9113,-1620.1483,-301.6257,nan,nan,nan,-0.9469,-0.3217,0.0000,0.3217,-0.9469,-0.0000,0.0000,-0.0000,1.0000,0.0000,0.0000,0.0000,-0.0000,-0.0000,-0.0000,-9807.6308,-1560.1211,-212.9643,nan,nan,nan,0.9527,-0.2001,-0.2289,0.2240,-0.0471,0.9735,90.000,nan,nan,nan,0.0000,0.0000,0.0000,nan,nan,nan,-9807.6308,-1560.1211,-212.9643,-9807.6308,-1560.1211,-212.9643,12.000,0,nan,nan
10.8390,157.0333,0,-9521.9113,-1620.1483,-301.6257,nan,nan,nan,-0.9469,-0.3217,0.0000,0.3217,-0.9469,-0.0000,0.0000,-0.0000,1.0000,0.0000,0.0000,0.0000,-0.0000,-0.0000,-0.0000,-9807.6349,-1560.1205,-212.9644,nan,nan,nan,0.9527,-0.2001,-0.2289,0.2240,-0.0471,0.9735,90.000,nan,nan,nan,0.0000,0.0000,0.0000,nan,nan,nan,-9807.6349,-1560.1205,-212.9644,-9807.6349,-1560.1205,-212.9644,12.000,0,nan,nan
10.8650,157.0500,0,-9521.9113,-1620.1483,-301.6257,nan,nan,nan,-0.9469,-0.3217,0.0000,0.3217,-0.9469,-0.0000,0.0000,-0.0000,1.0000,0.0000,0.0000,0.0000,-0.0000,-0.0000,-0.0000,-9807.6368,-1560.1202,-212.9644,nan,nan,nan,0.9527,-0.2001,-0.2289,0.2240,-0.0471,0.9735,90.000,nan,nan,nan,0.0000,0.0000,0.0000,nan,nan,nan,-9807.6368,-1560.1202,-212.9644,-9807.6368,-1560.1202,-212.9644,12.000,0,nan,nan
10.8930,157.0833,0,-9521.9113,-1620.1483,-301.6257,nan,nan,nan,-0.9469,-0.3217,0.0000,0.3217,-0.9469,-0.0000,0.0000,-0.0000,1.0000,0.0000,0.0000,0.0000,-0.0000,-0.0000,-0.0000,-9807.6405,-1560.1196,-212.9645,nan,nan,nan,0.9527,-0.2001,-0.2289,0.2240,-0.0471,0.9735,90.000,nan,nan,nan,0.0000,0.0000,0.0000,nan,nan,nan,-9807.6405,-1560.1196,-212.9645,-9807.6405,-1560.1196,-212.9645,12.000,0,nan,nan
10.9190,157.1000,0,-9521.9113,-1620.1483,-301.6257,nan,nan,nan,-0.9469,-0.3217,0.0000,0.3217,-0.9469,-0.0000,0.0000,-0.0000,1.0000,0.0000,0.0000,0.0000,-0.0000,-0.0000,-0.0000,-9807.6422,-1560.1194,-212.9645,nan,nan,nan,0.9527,-0.2001,-0.2289,0.2240,-0.0471,0.9735,90.000,nan,nan,nan,0.0000,0.0000,0.0000,nan,nan,nan,-9807.6422,-1560.1194,-212.9645,-9807.6422,-1560.1194,-212.9645,12.000,0,nan,nan
10.9470,157.1333,0,-9521.9113,-1620.1483,-301.6257,nan,nan,nan,-0.9469,-0.3217,0.0000,0.3217,-0.9469,-0.0000,0.0000,-0.0000,1.0000,0.0000,0.0000,0.0000,-0.0000,-0.0000,-0.0000,-9807.6456,-1560.1189,-212.9646,nan,nan,nan,0.9527,-0.2001,-0.2289,0.2240,-0.0471,0.9735,90.000,nan,nan,nan,0.0000,0.0000,0.0000,nan,nan,nan,-9807.6456,-1560.1189,-212.9646,-9807.6456,-1560.1189,-212.9646,12.000,0,nan,nan
10.9730,157.1667,0,-9521.9113,-1620.1483,-301.6257,nan,nan,nan,-0.9469,-0.3217,0.0000,0.3217,-0.9469,-0.0000,0.0000,-0.0000,1.0000,0.0000,0.0000,0.0000,-0.0000,-0.0000,-0.0000,-9807.6487,-1560.1184,-212.9647,nan,nan,nan,0.9527,-0.2001,-0.2289,0.2240,-0.0471,0.9735,90.000,nan,nan,nan,0.0000,0.0000,0.0000,nan,nan,nan,-9807.6487,-1560.1184,-212.9647,-9807.6487,-1560.1184,-212.9647,12.000,0,nan,nan
11.0000,157.1833,0,-9521.9113,-1620.1483,-301.6257,nan,nan,nan,-0.9469,-0.3217,0.0000,0.3217,-0.9469,-0.0000,0.0000,-0.0000,1.0000,0.0000,0.0000,0.0000,-0.0000,-0.0000,-0.0000,-9807.6502,-1560.1182,-212.9647,nan,nan,nan,0.9527,-0.2001,-0.2289,0.2240,-0.0471,0.9735,90.000,nan,nan,nan,0.0000,0.0000,0.0000,nan,nan,nan,-9807.6502,-1560.1182,-212.9647,-9807.6502,-1560.1182,-212.9647,12.000,0,nan,nan
11.0270,157.2167,0,-9521.9113,-1620.1483,-301.6257,nan,nan,nan,-0.9469,-0.3217,0.0000,0.3217,-0.9469,-0.0000,0.0000,-0.0000,1.0000,0.0000,0.0000,0.0000,-0.0000,-0.0000,-0.0000,-9807.6531,-1560.1177,-212.9647,nan,nan,nan,0.9527,-0.2001,-0.2289,0.2240,-0.0471,0.9735,90.000,nan,nan,nan,0.0000,0.0000,0.0000,nan,nan,nan,-9807.6531,-1560.1177,-212.9647,-9807.6531,-1560.1177,-212.9647,12.000,0,nan,nan
11.0520,157.2333,0,-9521.9113,-1620.1483,-301.6257,nan,nan,nan,-0.9469,-0.3217,0.0000,0.3217,-0.9469,-0.0000,0.0000,-0.0000,1.0000,0.0000,0.0000,0.0000,-0.0000,-0.0000,-0.0000,-9807.6545,-1560.1175,-212.9648,nan,nan,nan,0.9527,-0.2001,-0.2289,0.2240,-0.0471,0.9735,90.000,nan,nan,nan,0.0000,0.0000,0.0000,nan,nan,nan,-9807.6545,-1560.1175,-212.9648,-9807.6545,-1560.1175,-212.9648,12.000,0,nan,nan
11.0790,157.2667,0,-9521.9113,-1620.1483,-301.6257,nan,nan,nan,-0.9469,-0.3217,0.0000,0.3217,-0.9469,-0.0000,0.0000,-0.0000,1.0000,0.0000,0.0000,0.0000,-0.0000,-0.0000,-0.0000,-9807.6572,-1560.1171,-212.9648,nan,nan,nan,0.9527,-0.2001,-0.2289,0.2240,-0.0471,0.9735,90.000,nan,nan,nan,0.0000,0.0000,0.0000,nan,nan,nan,-9807.6572,-1560.1171,-212.9648,-9807.6572,-1560.1171,-212.9648,12.000,0,nan,nan
11.1070,157.3000,0,-9521.9113,-1620.1483,-301.6257,nan,nan,nan,-0.9469,-0.3217,0.0000,0.3217,-0.9469,-0.0000,0.0000,-0.0000,1.0000,0.0000,0.0000,0.0000,-0.0000,-0.0000,-0.0000,-9807.6597,-1560.1168,-212.9649,nan,nan,nan,0.9527,-0.2001,-0.2289,0.2240,-0.0471,0.9735,90.000,nan,nan,nan,0.0000,0.0000,0.0000,nan,nan,nan,-9807.6597,-1560.1168,-212.9649,-9807.6597,-1560.1168,-212.9649,12.000,0,nan,nan
11.1330,157.3167,0,-9521.9113,-1620.1483,-301.6257,nan,nan,nan,-0.9469,-0.3217,0.0000,0.3217,-0.9469,-0.0000,0.0000,-0.0000,1.0000,0.0000,0.0000,0.0000,-0.0000,-0.0000,-0.0000,-9807.6608,-1560.1166,-212.9649,nan,nan,nan,0.9527,-0.2001,-0.2289,0.2240,-0.0471,0.9735,90.000,nan,nan,nan,0.0000,0.0000,0.0000,nan,nan,nan,-9807.6608,-1560.1166,-212.9649,-9807.6608,-1560.1166,-212.9649,12.000,0,nan,nan
11.1610,157.3500,0,-9521.9113,-1620.1483,-301.6257,nan,nan,nan,-0.9469,-0.3217,0.0000,0.3217,-0.9469,-0.0000,0.0000,-0.0000,1.0000,0.0000,0.0000,0.0000,-0.0000,-0.0000,-0.0000,-9807.6631,-1560.1162,-212.9649,nan,nan,nan,0.9527,-0.2001,-0.2289,0.2240,-0.0471,0.9735,90.000,nan,nan,nan,0.0000,0.0000,0.0000,nan,nan,nan,-9807.6631,-1560.1162,-212.9649,-9807.6631,-1560.1162,-212.9649,12.000,0,nan,nan
11.1880,157.3667,0,-9521.9113,-1620.1483,-301.6257,nan,nan,nan,-0.9469,-0.3217,0.0000,0.3217,-0.9469,-0.0000,0.0000,-0.0000,1.0000,0.0000,0.0000,0.0000,-0.0000,-0.0000,-0.0000,-9807.6642,-1560.1161,-212.9649,nan,nan,nan,0.9527,-0.2001,-0.2289,0.2240,-0.0471,0.9735,90.000,nan,nan,nan,0.0000,0.0000,0.0000,nan,nan,nan,-9807.6642,-1560.1161,-212.9649,-9807.6642,-1560.1161,-212.9649,12.000,0,nan,nan
11.2150,157.4000,0,-9521.9113,-1620.1483,-301.6257,nan,nan,nan,-0.9469,-0.3217,0.0000,0.3217,-0.9469,-0.0000,0.0000,-0.0000,1.0000,0.0000,0.0000,0.0000,-0.0000,-0.0000,-0.0000,-9807.6663,-1560.1158,-212.9650,nan,nan,nan,0.9527,-0.2001,-0.2289,0.2240,-0.0471,0.9735,90.000,nan,nan,nan,0.0000,0.0000,0.0000,nan,nan,nan,-9807.6663,-1560.1158,-212.9650,-9807.6663,-1560.1158,-212.9650,12.000,0,nan,nan
11.2400,157.4333,0,-9521.9113,-1620.1483,-301.6257,nan,nan,nan,-0.9469,-0.3217,0.0000,0.3217,-0.9469,-0.0000,0.0000,-0.0000,1.0000,0.0000,0.0000,0.0000,-0.0000,-0.0000,-0.0000,-9807.6683,-1560.1155,-212.9650,nan,nan,nan,0.9527,-0.2001,-0.2289,0.2240,-0.0471,0.9735,90.000,nan,nan,nan,0.0000,0.0000,0.0000,nan,nan,nan,-9807.6683,-1560.1155,-212.9650,-9807.6683,-1560.1155,-212.9650,12.000,0,nan,nan
11.2670,157.4500,0,-9521.9113,-1620.1483,-301.6257,nan,nan,nan,-0.9469,-0.3217,0.0000,0.3217,-0.9469,-0.0000,0.0000,-0.0000,1.0000,0.0000,0.0000,0.0000,-0.0000,-0.0000,-0.0000,-9807.6693,-1560.1153,-212.9650,nan,nan,nan,0.9527,-0.2001,-0.2289,0.2240,-0.0471,0.9735,90.000,nan,nan,nan,0.0000,0.0000,0.0000,nan,nan,nan,-9807.6693,-1560.1153,-212.9650,-9807.6693,-1560.1153,-212.9650,12.000,0,nan,nan
11.2940,157.4833,0,-9521.9113,-1620.1483,-301.6257,nan,nan,nan,-0.9469,-0.3217,0.0000,0.3217,-0.9469,-0.0000,0.0000,-0.0000,1.0000,0.0000,0.0000,0.0000,-0.0000,-0.0000,-0.0000,-9807.6711,-1560.1150,-212.9651,nan,nan,nan,0.9527,-0.2001,-0.2289,0.2240,-0.0471,0.9735,90.000,nan,nan,nan,0.0000,0.0000,0.0000,nan,nan,nan,-9807.6711,-1560.1150,-212.9651,-9807.6711,-1560.1150,-212.9651,12.000,0,nan,nan
11.3200,157.5000,0,-9521.9113,-1620.1483,-301.6257,nan,nan,nan,-0.9469,-0.3217,0.0000,0.3217,-0.9469,-0.0000,0.0000,-0.0000,1.0000,0.0000,0.0000,0.0000,-0.0000,-0.0000,-0.0000,-9807.6720,-1560.1149,-212.9651,nan,nan,nan,0.9527,-0.2001,-0.2289,0.2240,-0.0471,0.9735,90.000,nan,nan,nan,0.0000,0.0000,0.0000,nan,nan,nan,-9807.6720,-1560.1149,-212.9651,-9807.6720,-1560.1149,-212.9651,12.000,0,nan,nan
11.3460,157.5333,0,-9521.9113,-1620.1483,-301.6257,nan,nan,nan,-0.9469,-0.3217,0.0000,0.3217,-0.9469,-0.0000,0.0000,-0.0000,1.0000,0.0000,0.0000,0.0000,-0.0000,-0.0000,-0.0000,-9807.6737,-1560.1147,-212.9651,nan,nan,nan,0.9527,-0.2001,-0.2289,0.2240,-0.0471,0.9735,90.000,nan,nan,nan,0.0000,0.0000,0.0000,nan,nan,nan,-9807.6737,-1560.1147,-212.9651,-9807.6737,-1560.1147,-212.9651,12.000,0,nan,nan
11.3730,157.5667,0,-9521.9113,-1620.1483,-301.6257,nan,nan,nan,-0.9469,-0.3217,0.0000,0.3217,-0.9469,-0.0000,0.0000,-0.0000,1.0000,0.0000,0.0000,0.0000,-0.0000,-0.0000,-0.0000,-9807.6753,-1560.1144,-212.9651,nan,nan,nan,0.9527,-0.2001,-0.2289,0.2240,-0.0471,0.9735,90.000,nan,nan,nan,0.0000,0.0000,0.0000,nan,nan,nan,-9807.6753,-1560.1144,-212.9651,-9807.6753,-1560.1144,-212.9651,12.000,0,nan,nan
11.4000,157.5833,0,-9521.9113,-1620.1483,-301.6257,nan,nan,nan,-0.9469,-0.3217,0.0000,0.3217,-0.9469,-0.0000,0.0000,-0.0000,1.0000,0.0000,0.0000,0.0000,-0.0000,-0.0000,-0.0000,-9807.6760,-1560.1143,-212.9651,nan,nan,nan,0.9527,-0.2001,-0.2289,0.2240,-0.0471,0.9735,90.000,nan,nan,nan,0.0000,0.0000,0.0000,nan,nan,nan,-9807.6760,-1560.1143,-212.9651,-9807.6760,-1560.1143,-212.9651,12.000,0,nan,nan
11.4270,157.6167,0,-9521.9113,-1620.1483,-301.6257,nan,nan,nan,-0.9469,-0.3217,0.0000,0.3217,-0.9469,-0.0000,0.0000,-0.0000,1.0000,0.0000,0.0000,0.0000,-0.0000,-0.0000,-0.0000,-9807.6775,-1560.1141,-212.9652,nan,nan,nan,0.9527,-0.2001,-0.2289,0.2240,-0.0471,0.9735,90.000,nan,nan,nan,0.0000,0.0000,0.0000,nan,nan,nan,-9807.6775,-1560.1141,-212.9652,-9807.6775,-1560.1141,-212.9652,12.000,0,nan,nan
11.4540,157.6333,0,-9521.9113,-1620.1483,-301.6257,nan,nan,nan,-0.9469,-0.3217,0.0000,0.3217,-0.9469,-0.0000,0.0000,-0.0000,1.0000,0.0000,0.0000,0.0000,-0.0000,-0.0000,-0.0000,-9807.6782,-1560.1140,-212.9652,nan,nan,nan,0.9527,-0.2001,-0.2289,0.2240,-0.0471,0.9735,90.000,nan,nan,nan,0.0000,0.0000,0.0000,nan,nan,nan,-9807.6782,-1560.1140,-212.9652,-9807.6782,-1560.1140,-212.9652,12.000,0,nan,nan
11.4810,157.6667,0,-9521.9113,-1620.1483,-301.6257,nan,nan,nan,-0.9469,-0.3217,0.0000,0.3217,-0.9469,-0.0000,0.0000,-0.0000,1.0000,0.0000,0.0000,0.0000,-0.0000,-0.0000,-0.0000,-9807.6796,-1560.1138,-212.9652,nan,nan,nan,0.9527,-0.2001,-0.2289,0.2240,-0.0471,0.9735,90.000,nan,nan,nan,0.0000,0.0000,0.0000,nan,nan,nan,-9807.6796,-1560.1138,-212.9652,-9807.6796,-1560.1138,-212.9652,12.000,0,nan,nan
11.5080,157.7000,0,-9521.9113,-1620.1483,-301.6257,nan,nan,nan,-0.9469,-0.3217,0.0000,0.3217,-0.9469,-0.0000,0.0000,-0.0000,1.0000,0.0000,0.0000,0.0000,-0.0000,-0.0000,-0.0000,-9807.6809,-1560.1136,-212.9652,nan,nan,nan,0.9527,-0.2001,-0.2289,0.2240,-0.0471,0.9735,90.000,nan,nan,nan,0.0000,0.0000,0.0000,nan,nan,nan,-9807.6809,-1560.1136,-212.9652,-9807.6809,-1560.1136,-212.9652,12.000,0,nan,nan
11.5350,157.7167,0,-9521.9113,-1620.1483,-301.6257,nan,nan,nan,-0.9469,-0.3217,0.0000,0.3217,-0.9469,-0.0000,0.0000,-0.0000,1.0000,0.0000,0.0000,0.0000,-0.0000,-0.0000,-0.0000,-9807.6815,-1560.1135,-212.9652,nan,nan,nan,0.9527,-0.2001,-0.2289,0.2240,-0.0471,0.9735,90.000,nan,nan,nan,0.0000,0.0000,0.0000,nan,nan,nan,-9807.6815,-1560.1135,-212.9652,-9807.6815,-1560.1135,-212.9652,12.000,0,nan,nan
11.5600,157.7500,0,-9521.9113,-1620.1483,-301.6257,nan,nan,nan,-0.9469,-0.3217,0.0000,0.3217,-0.9469,-0.0000,0.0000,-0.0000,1.0000,0.0000,0.0000,0.0000,-0.0000,-0.0000,-0.0000,-9807.6827,-1560.1133,-212.9653,nan,nan,nan,0.9527,-0.2001,-0.2289,0.2240,-0.0471,0.9735,90.000,nan,nan,nan,0.0000,0.0000,0.0000,nan,nan,nan,-9807.6827,-1560.1133,-212.9653,-9807.6827,-1560.1133,-212.9653,12.000,0,nan,nan
11.5870,157.7667,0,-9521.9113,-1620.1483,-301.6257,nan,nan,nan,-0.9469,-0.3217,0.0000,0.3217,-0.9469,-0.0000,0.0000,-0.0000,1.0000,0.0000,0.0000,0.0000,-0.0000,-0.0000,-0.0000,-9807.6833,-1560.1132,-212.9653,nan,nan,nan,0.9527,-0.2001,-0.2289,0.2240,-0.0471,0.9735,90.000,nan,nan,nan,0.0000,0.0000,0.0000,nan,nan,nan,-9807.6833,-1560.1132,-212.9653,-9807.6833,-1560.1132,-212.9653,12.000,0,nan,nan
11.6120,157.8000,0,-9521.9113,-1620.1483,-301.6257,nan,nan,nan,-0.9469,-0.3217,0.0000,0.3217,-0.9469,-0.0000,0.0000,-0.0000,1.0000,0.0000,0.0000,0.0000,-0.0000,-0.0000,-0.0000,-9807.6844,-1560.1131,-212.9653,nan,nan,nan,0.9527,-0.2001,-0.2289,0.2240,-0.0471,0.9735,90.000,nan,nan,nan,0.0000,0.0000,0.0000,nan,nan,nan,-9807.6844,-1560.1131,-212.9653,-9807.6844,-1560.1131,-212.9653,12.000,0,nan,nan
11.6390,157.8167,0,-9521.9113,-1620.1483,-301.6257,nan,nan,nan,-0.9469,-0.3217,0.0000,0.3217,-0.9469,-0.0000,0.0000,-0.0000,1.0000,0.0000,0.0000,0.0000,-0.0000,-0.0000,-0.0000,-9807.6849,-1560.1130,-212.9653,nan,nan,nan,0.9527,-0.2001,-0.2289,0.2240,-0.0471,0.9735,90.000,nan,nan,nan,0.0000,0.0000,0.0000,nan,nan,nan,-9807.6849,-1560.1130,-212.9653,-9807.6849,-1560.1130,-212.9653,12.000,0,nan,nan
11.6670,157.8500,0,-9521.9113,-1620.1483,-301.6257,nan,nan,nan,-0.9469,-0.3217,0.0000,0.3217,-0.9469,-0.0000,0.0000,-0.0000,1.0000,0.0000,0.0000,0.0000,-0.0000,-0.0000,-0.0000,-9807.6859,-1560.1128,-212.9653,nan,nan,nan,0.9527,-0.2001,-0.2289,0.2240,-0.0471,0.9735,90.000,nan,nan,nan,0.0000,0.0000,0.0000,nan,nan,nan,-9807.6859,-1560.1128,-212.9653,-9807.6859,-1560.1128,-212.9653,12.000,0,nan,nan
11.6930,157.8833,0,-9521.9113,-1620.1483,-301.6257,nan,nan,nan,-0.9469,-0.3217,0.0000,0.3217,-0.9469,-0.0000,0.0000,-0.0000,1.0000,0.0000,0.0000,0.0000,-0.0000,-0.0000,-0.0000,-9807.6869,-1560.1127,-212.9653,nan,nan,nan,0.9527,-0.2001,-0.2289,0.2240,-0.0471,0.9735,90.000,nan,nan,nan,0.0000,0.0000,0.0000,nan,nan,nan,-9807.6869,-1560.1127,-212.9653,-9807.6869,-1560.1127,-212.9653,12.000,0,nan,nan
11.7200,157.9000,0,-9521.9113,-1620.1483,-301.6257,nan,nan,nan,-0.9469,-0.3217,0.0000,0.3217,-0.9469,-0.0000,0.0000,-0.0000,1.0000,0.0000,0.0000,0.0000,-0.0000,-0.0000,-0.0000,-9807.6874,-1560.1126,-212.9654,nan,nan,nan,0.9527,-0.2001,-0.2289,0.2240,-0.0471,0.9735,90.000,nan,nan,nan,0.0000,0.0000,0.0000,nan,nan,nan,-9807.6874,-1560.1126,-212.9654,-9807.6874,-1560.1126,-212.9654,12.000,0,nan,nan
11.7470,157.9333,0,-9521.9113,-1620.1483,-301.6257,nan,nan,nan,-0.9469,-0.3217,0.0000,0.3217,-0.9469,-0.0000,0.0000,-0.0000,1.0000,0.0000,0.0000,0.0000,-0.0000,-0.0000,-0.0000,-9807.6883,-1560.1125,-212.9654,nan,nan,nan,0.9527,-0.2001,-0.2289,0.2240,-0.0471,0.9735,90.000,nan,nan,nan,0.0000,0.0000,0.0000,nan,nan,nan,-9807.6883,-1560.1125,-212.9654,-9807.6883,-1560.1125,-212.9654,12.000,0,nan,nan
11.7740,157.9667,0,-9521.9113,-1620.1483,-301.6257,nan,nan,nan,-0.9469,-0.3217,0.0000,0.3217,-0.9469,-0.0000,0.0000,-0.0000,1.0000,0.0000,0.0000,0.0000,-0.0000,-0.0000,-0.0000,-9807.6892,-1560.1123,-212.9654,nan,nan,nan,0.9527,-0.2001,-0.2289,0.2240,-0.0471,0.9735,90.000,nan,nan,nan,0.0000,0.0000,0.0000,nan,nan,nan,-9807.6892,-1560.1123,-212.9654,-9807.6892,-1560.1123,-212.9654,12.000,0,nan,nan
11.8010,157.9833,0,-9521.9113,-1620.1483,-301.6257,nan,nan,nan,-0.9469,-0.3217,0.0000,0.3217,-0.9469,-0.0000,0.0000,-0.0000,1.0000,0.0000,0.0000,0.0000,-0.0000,-0.0000,-0.0000,-9807.6896,-1560.1123,-212.9654,nan,nan,nan,0.9527,-0.2001,-0.2289,0.2240,-0.0471,0.9735,90.000,nan,nan,nan,0.0000,0.0000,0.0000,nan,nan,nan,-9807.6896,-1560.1123,-212.9654,-9807.6896,-1560.1123,-212.9654,12.000,0,nan,nan
11.8280,158.0167,0,-9521.9113,-1620.1483,-301.6257,nan,nan,nan,-0.9469,-0.3217,0.0000,0.3217,-0.9469,-0.0000,0.0000,-0.0000,1.0000,0.0000,0.0000,0.0000,-0.0000,-0.0000,-0.0000,-9807.6904,-1560.1122,-212.9654,nan,nan,nan,0.9527,-0.2001,-0.2289,0.2240,-0.0471,0.9735,90.000,nan,nan,nan,0.0000,0.0000,0.0000,nan,nan,nan,-9807.6904,-1560.1122,-212.9654,-9807.6904,-1560.1122,-212.9654,12.000,0,nan,nan
11.8530,158.0333,0,-9521.9113,-1620.1483,-301.6257,nan,nan,nan,-0.9469,-0.3217,0.0000,0.3217,-0.9469,-0.0000,0.0000,-0.0000,1.0000,0.0000,0.0000,0.0000,-0.0000,-0.0000,-0.0000,-9807.6908,-1560.1121,-212.9654,nan,nan,nan,0.9527,-0.2001,-0.2289,0.2240,-0.0471,0.9735,90.000,nan,nan,nan,0.0000,0.0000,0.0000,nan,nan,nan,-9807.6908,-1560.1121,-212.9654,-9807.6908,-1560.1121,-212.9654,12.000,0,nan,nan
11.8800,158.0667,0,-9520.9746,-1620.3799,-301.6257,nan,nan,nan,-0.6976,-0.7165,0.0000,0.7165,-0.6976,-0.0000,0.0000,-0.0000,1.0000,0.0000,0.0000,0.0000,5.6201,-1.3894,-0.0000,-9807.5732,-1560.1414,-212.9655,nan,nan,nan,0.9527,-0.2001,-0.2289,0.2240,-0.0471,0.9735,90.000,nan,nan,nan,0.0000,0.0000,0.0000,nan,nan,nan,-9807.5732,-1560.1414,-212.9655,-9807.5732,-1560.1414,-212.9655,12.000,1,nan,nan
11.9070,158.1000,0,-9519.2662,-1620.7867,-301.6257,nan,nan,nan,-0.2963,-0.9551,0.0000,0.9551,-0.2963,-0.0000,0.0000,-0.0000,1.0000,0.0000,0.0000,0.0000,16.9949,-4.1082,-0.0000,-9807.1815,-1560.2361,-212.9655,nan,nan,nan,0.9527,-0.2001,-0.2289,0.2240,-0.0471,0.9735,90.000,nan,nan,nan,0.0000,0.0000,0.0000,nan,nan,nan,-9807.1815,-1560.2361,-212.9655,-9807.1815,-1560.2361,-212.9655,12.000,1,nan,nan
11.9350,158.1167,0,-9518.3260,-1621.0093,-301.6257,nan,nan,nan,-0.0652,-0.9979,-0.0000,0.9979,-0.0652,-0.0000,0.0000,-0.0000,1.0000,0.0000,0.0000,0.0000,30.5512,-7.3221,-0.0000,-9806.9388,-1560.2944,-212.9655,nan,nan,nan,0.9527,-0.2001,-0.2289,0.2240,-0.0471,0.9735,90.000,nan,nan,nan,0.0000,0.0000,0.0000,nan,nan,nan,-9806.9388,-1560.2944,-212.9655,-9806.9388,-1560.2944,-212.9655,12.000,1,nan,nan
11.9600,158.1500,0,-9516.5316,-1621.4352,-301.6257,nan,nan,nan,0.3950,-0.9187,-0.0000,0.9187,0.3950,-0.0000,0.0000,-0.0000,1.0000,0.0000,0.0000,0.0000,44.0292,-10.5208,-0.0000,-9806.3461,-1560.4361,-212.9656,nan,nan,nan,0.9527,-0.2001,-0.2289,0.2240,-0.0471,0.9735,90.000,nan,nan,nan,0.0000,0.0000,0.0000,nan,nan,nan,-9806.3461,-1560.4361,-212.9656,-9806.3461,-1560.4361,-212.9656,12.000,1,nan,nan
11.9890,158.1667,0,-9516.0062,-1621.5642,-301.6257,nan,nan,nan,0.5985,-0.8011,-0.0000,0.8011,0.5985,-0.0000,0.0000,-0.0000,1.0000,0.0000,0.0000,0.0000,47.4095,-11.3190,-0.0000,-9806.0852,-1560.4986,-212.9656,nan,nan,nan,0.9527,-0.2001,-0.2289,0.2240,-0.0471,0.9735,90.000,nan,nan,nan,0.0000,0.0000,0.0000,nan,nan,nan,-9806.0852,-1560.4986,-212.9656,-9806.0852,-1560.4986,-212.9656,12.000,1,nan,nan
12.0150,158.2000,0,-9516.0062,-1621.5642,-301.6257,nan,nan,nan,0.5985,-0.8011,-0.0000,0.8011,0.5985,-0.0000,0.0000,-0.0000,1.0000,0.0000,0.0000,0.0000,37.8348,-9.0377,-0.0000,-9805.5993,-1560.6152,-212.9656,nan,nan,nan,0.9527,-0.2001,-0.2289,0.2240,-0.0471,0.9735,90.000,nan,nan,nan,0.0000,0.0000,0.0000,nan,nan,nan,-9805.5993,-1560.6152,-212.9656,-9805.5993,-1560.6152,-212.9656,12.000,0,nan,nan
12.0400,158.2333,0,-9516.0062,-1621.5642,-301.6257,nan,nan,nan,0.5985,-0.8011,-0.0000,0.8011,0.5985,-0.0000,0.0000,-0.0000,1.0000,0.0000,0.0000,0.0000,24.6384,-5.9113,-0.0000,-9805.1788,-1560.7160,-212.9656,nan,nan,nan,0.9527,-0.2001,-0.2289,0.2240,-0.0471,0.9735,90.000,nan,nan,nan,0.0000,0.0000,0.0000,nan,nan,nan,-9805.1788,-1560.7160,-212.9656,-9805.1788,-1560.7160,-212.9656,12.000,0,nan,nan
12.0670,158.2500,0,-9516.0062,-1621.5642,-301.6257,nan,nan,nan,0.5985,-0.8011,-0.0000,0.8011,0.5985,-0.0000,0.0000,-0.0000,1.0000,0.0000,0.0000,0.0000,11.2325,-2.7302,-0.0000,-9804.9962,-1560.7598,-212.9656,nan,nan,nan,0.9527,-0.2001,-0.2289,0.2240,-0.0471,0.9735,90.000,nan,nan,nan,0.0000,0.0000,0.0000,nan,nan,nan,-9804.9962,-1560.7598,-212.9656,-9804.9962,-1560.7598,-212.9656,12.000,0,nan,nan
12.0950,158.2833,0,-9516.0062,-1621.5642,-301.6257,nan,nan,nan,0.5985,-0.8011,-0.0000,0.8011,0.5985,-0.0000,0.0000,-0.0000,1.0000,0.0000,0.0000,0.0000,2.2465,-0.5460,-0.0000,-9804.6546,-1560.8417,-212.9656,nan,nan,nan,0.9527,-0.2001,-0.2289,0.2240,-0.0471,0.9735,90.000,nan,nan,nan,0.0000,0.0000,0.0000,nan,nan,nan,-9804.6546,-1560.8417,-212.9656,-9804.6546,-1560.8417,-212.9656,12.000,0,nan,nan
12.1210,158.3000,0,-9516.0062,-1621.5642,-301.6257,nan,nan,nan,0.5985,-0.8011,-0.0000,0.8011,0.5985,-0.0000,0.0000,-0.0000,1.0000,0.0000,0.0000,0.0000,0.4493,-0.1092,-0.0000,-9804.5054,-1560.8775,-212.9656,nan,nan,nan,0.9527,-0.2001,-0.2289,0.2240,-0.0471,0.9735,90.000,nan,nan,nan,0.0000,0.0000,0.0000,nan,nan,nan,-9804.5054,-1560.8775,-212.9656,-9804.5054,-1560.8775,-212.9656,12.000,0,nan,nan
12.1480,158.3333,0,-9516.0062,-1621.5642,-301.6257,nan,nan,nan,0.5985,-0.8011,-0.0000,0.8011,0.5985,-0.0000,0.0000,-0.0000,1.0000,0.0000,0.0000,0.0000,0.0899,-0.0218,-0.0000,-9804.2259,-1560.9445,-212.9657,nan,nan,nan,0.9527,-0.2001,-0.2289,0.2240,-0.0471,0.9735,90.000,nan,nan,nan,0.0000,0.0000,0.0000,nan,nan,nan,-9804.2259,-1560.9445,-212.9657,-9804.2259,-1560.9445,-212.9657,12.000,0,nan,nan
12.1750,158.3667,0,-9516.0062,-1621.5642,-301.6257,nan,nan,nan,0.5985,-0.8011,-0.0000,0.8011,0.5985,-0.0000,0.0000,-0.0000,1.0000,0.0000,0.0000,0.0000,0.0180,-0.0044,-0.0000,-9803.9806,-1561.0033,-212.9657,nan,nan,nan,0.9527,-0.2001,-0.2289,0.2240,-0.0471,0.9735,90.000,nan,nan,nan,0.0000,0.0000,0.0000,nan,nan,nan,-9803.9806,-1561.0033,-212.9657,-9803.9806,-1561.0033,-212.9657,12.000,0,nan,nan
12.2000,158.3833,0,-9516.0062,-1621.5642,-301.6257,nan,nan,nan,0.5985,-0.8011,-0.0000,0.8011,0.5985,-0.0000,0.0000,-0.0000,1.0000,0.0000,0.0000,0.0000,0.0036,-0.0009,-0.0000,-9803.8728,-1561.0292,-212.9657,nan,nan,nan,0.9527,-0.2001,-0.2289,0.2240,-0.0471,0.9735,90.000,nan,nan,nan,0.0000,0.0000,0.0000,nan,nan,nan,-9803.8728,-1561.0292,-212.9657,-9803.8728,-1561.0292,-212.9657,12.000,0,nan,nan
12.2270,158.4167,0,-9516.0062,-1621.5642,-301.6257,nan,nan,nan,0.5985,-0.8011,-0.0000,0.8011,0.5985,-0.0000,0.0000,-0.0000,1.0000,0.0000,0.0000,0.0000,0.0007,-0.0002,-0.0000,-9803.6698,-1561.0779,-212.9657,nan,nan,nan,0.9527,-0.2001,-0.2289,0.2240,-0.0471,0.9735,90.000,nan,nan,nan,0.0000,0.0000,0.0000,nan,nan,nan,-9803.6698,-1561.0779,-212.9657,-9803.6698,-1561.0779,-212.9657,12.000,0,nan,nan
12.2540,158.4333,0,-9516.0062,-1621.5642,-301.6257,nan,nan,nan,0.5985,-0.8011,-0.0000,0.8011,0.5985,-0.0000,0.0000,-0.0000,1.0000,0.0000,0.0000,0.0000,0.0001,-0.0000,-0.0000,-9803.5802,-1561.0994,-212.9657,nan,nan,nan,0.9527,-0.2001,-0.2289,0.2240,-0.0471,0.9735,90.000,nan,nan,nan,0.0000,0.0000,0.0000,nan,nan,nan,-9803.5802,-1561.0994,-212.9657,-9803.5802,-1561.0994,-212.9657,12.000,0,nan,nan
12.2800,158.4667,0,-9516.0062,-1621.5642,-301.6257,nan,nan,nan,0.5985,-0.8011,-0.0000,0.8011,0.5985,-0.0000,0.0000,-0.0000,1.0000,0.0000,0.0000,0.0000,0.0000,-0.0000,-0.0000,-9803.4112,-1561.1399,-212.9657,nan,nan,nan,0.9527,-0.2001,-0.2289,0.2240,-0.0471,0.9735,90.000,nan,nan,nan,0.0000,0.0000,0.0000,nan,nan,nan,-9803.4112,-1561.1399,-212.9657,-9803.4112,-1561.1399,-212.9657,12.000,0,nan,nan
12.3070,158.5000,0,-9516.0062,-1621.5642,-301.6257,nan,nan,nan,0.5985,-0.8011,-0.0000,0.8011,0.5985,-0.0000,0.0000,-0.0000,1.0000,0.0000,0.0000,0.0000,0.0000,-0.0000,-0.0000,-9803.2613,-1561.1758,-212.9657,nan,nan,nan,0.9527,-0.2001,-0.2289,0.2240,-0.0471,0.9735,90.000,nan,nan,nan,0.0000,0.0000,0.0000,nan,nan,nan,-9803.2613,-1561.1758,-212.9657,-9803.2613,-1561.1758,-212.9657,12.000,0,nan,nan
12.3320,158.5167,0,-9516.0062,-1621.5642,-301.6257,nan,nan,nan,0.5985,-0.8011,-0.0000,0.8011,0.5985,-0.0000,0.0000,-0.0000,1.0000,0.0000,0.0000,0.0000,0.0000,-0.0000,-0.0000,-9803.1947,-1561.1918,-212.9657,nan,nan,nan,0.9527,-0.2001,-0.2289,0.2240,-0.0471,0.9735,90.000,nan,nan,nan,0.0000,0.0000,0.0000,nan,nan,nan,-9803.1947,-1561.1918,-212.9657,-9803.1947,-1561.1918,-212.9657,12.000,0,nan,nan
12.3590,158.5500,0,-9516.0062,-1621.5642,-301.6257,nan,nan,nan,0.5985,-0.8011,-0.0000,0.8011,0.5985,-0.0000,0.0000,-0.0000,1.0000,0.0000,0.0000,0.0000,0.0000,-0.0000,-0.0000,-9803.0687,-1561.2220,-212.9657,nan,nan,nan,0.9527,-0.2001,-0.2289,0.2240,-0.0471,0.9735,90.000,nan,nan,nan,0.0000,0.0000,0.0000,nan,nan,nan,-9803.0687,-1561.2220,-212.9657,-9803.0687,-1561.2220,-212.9657,12.000,0,nan,nan
12.3850,158.5667,0,-9516.0062,-1621.5642,-301.6257,nan,nan,nan,0.5985,-0.8011,-0.0000,0.8011,0.5985,-0.0000,0.0000,-0.0000,1.0000,0.0000,0.0000,0.0000,0.0000,-0.0000,-0.0000,-9803.0125,-1561.2355,-212.9657,nan,nan,nan,0.9527,-0.2001,-0.2289,0.2240,-0.0471,0.9735,90.000,nan,nan,nan,0.0000,0.0000,0.0000,nan,nan,nan,-9803.0125,-1561.2355,-212.9657,-9803.0125,-1561.2355,-212.9657,12.000,0,nan,nan
12.4120,158.6000,0,-9516.0062,-1621.5642,-301.6257,nan,nan,nan,0.5985,-0.8011,-0.0000,0.8011,0.5985,-0.0000,0.0000,-0.0000,1.0000,0.0000,0.0000,0.0000,0.0000,-0.0000,-0.0000,-9802.9061,-1561.2610,-212.9657,nan,nan,nan,0.9527,-0.2001,-0.2289,0.2240,-0.0471,0.9735,90.000,nan,nan,nan,0.0000,0.0000,0.0000,nan,nan,nan,-9802.9061,-1561.2610,-212.9657,-9802.9061,-1561.2610,-212.9657,12.000,0,nan,nan
12.4390,158.6333,0,-9516.0062,-1621.5642,-301.6257,nan,nan,nan,0.5985,-0.8011,-0.0000,0.8011,0.5985,-0.0000,0.0000,-0.0000,1.0000,0.0000,0.0000,0.0000,0.0000,-0.0000,-0.0000,-9802.8108,-1561.2839,-212.9657,nan,nan,nan,0.9527,-0.2001,-0.2289,0.2240,-0.0471,0.9735,90.000,nan,nan,nan,0.0000,0.0000,0.0000,nan,nan,nan,-9802.8108,-1561.2839,-212.9657,-9802.8108,-1561.2839,-212.9657,12.000,0,nan,nan
12.4640,158.6500,0,-9516.0062,-1621.5642,-301.6257,nan,nan,nan,0.5985,-0.8011,-0.0000,0.8011,0.5985,-0.0000,0.0000,-0.0000,1.0000,0.0000,0.0000,0.0000,0.0000,-0.0000,-0.0000,-9802.7681,-1561.2941,-212.9657,nan,nan,nan,0.9527,-0.2001,-0.2289,0.2240,-0.0471,0.9735,90.000,nan,nan,nan,0.0000,0.0000,0.0000,nan,nan,nan,-9802.7681,-1561.2941,-212.9657,-9802.7681,-1561.2941,-212.9657,12.000,0,nan,nan
12.4920,158.6833,0,-9516.0062,-1621.5642,-301.6257,nan,nan,nan,0.5985,-0.8011,-0.0000,0.8011,0.5985,-0.0000,0.0000,-0.0000,1.0000,0.0000,0.0000,0.0000,0.0000,-0.0000,-0.0000,-9802.6870,-1561.3136,-212.9657,nan,nan,nan,0.9527,-0.2001,-0.2289,0.2240,-0.0471,0.9735,90.000,nan,nan,nan,0.0000,0.0000,0.0000,nan,nan,nan,-9802.6870,-1561.3136,-212.9657,-9802.6870,-1561.3136,-212.9657,12.000,0,nan,nan
12.5180,158.7000,0,-9516.0062,-1621.5642,-301.6257,nan,nan,nan,0.5985,-0.8011,-0.0000,0.8011,0.5985,-0.0000,0.0000,-0.0000,1.0000,0.0000,0.0000,0.0000,0.0000,-0.0000,-0.0000,-9802.6505,-1561.3223,-212.9657,nan,nan,nan,0.9527,-0.2001,-0.2289,0.2240,-0.0471,0.9735,90.000,nan,nan,nan,0.0000,0.0000,0.0000,nan,nan,nan,-9802.6505,-1561.3223,-212.9657,-9802.6505,-1561.3223,-212.9657,12.000,0,nan,nan
12.5460,158.7333,0,-9516.0062,-1621.5642,-301.6257,nan,nan,nan,0.5985,-0.8011,-0.0000,0.8011,0.5985,-0.0000,0.0000,-0.0000,1.0000,0.0000,0.0000,0.0000,0.0000,-0.0000,-0.0000,-9802.5811,-1561.3390,-212.9657,nan,nan,nan,0.9527,-0.2001,-0.2289,0.2240,-0.0471,0.9735,90.000,nan,nan,nan,0.0000,0.0000,0.0000,nan,nan,nan,-9802.5811,-1561.3390,-212.9657,-9802.5811,-1561.3390,-212.9657,12.000,0,nan,nan
12.5710,158.7667,0,-9516.0062,-1621.5642,-301.6257,nan,nan,nan,0.5985,-0.8011,-0.0000,0.8011,0.5985,-0.0000,0.0000,-0.0000,1.0000,0.0000,0.0000,0.0000,0.0000,-0.0000,-0.0000,-9802.5185,-1561.3540,-212.9657,nan,nan,nan,0.9527,-0.2001,-0.2289,0.2240,-0.0471,0.9735,90.000,nan,nan,nan,0.0000,0.0000,0.0000,nan,nan,nan,-9802.5185,-1561.3540,-212.9657,-9802.5185,-1561.3540,-212.9657,12.000,0,nan,nan
12.6010,158.7833,0,-9515.2330,-1621.6180,-301.6257,nan,nan,nan,0.7690,-0.6392,-0.0000,0.6392,0.7690,-0.0000,0.0000,-0.0000,1.0000,0.0000,0.0000,0.0000,9.2787,-0.6451,-0.0000,-9802.3913,-1561.3732,-212.9657,nan,nan,nan,0.9527,-0.2001,-0.2289,0.2240,-0.0471,0.9735,90.000,nan,nan,nan,0.0000,0.0000,0.0000,nan,nan,nan,-9802.3913,-1561.3732,-212.9657,-9802.3913,-1561.3732,-212.9657,12.000,1,nan,nan
12.6260,158.8167,0,-9512.2443,-1621.6465,-301.6257,nan,nan,nan,0.9754,-0.2205,-0.0000,0.2205,0.9754,0.0000,0.0000,-0.0000,1.0000,0.0000,0.0000,0.0000,29.0662,-0.9454,-0.0000,-9801.4539,-1561.4237,-212.9657,nan,nan,nan,0.9527,-0.2001,-0.2289,0.2240,-0.0471,0.9735,90.000,nan,nan,nan,0.0000,0.0000,0.0000,nan,nan,nan,-9801.4539,-1561.4237,-212.9657,-9801.4539,-1561.4237,-212.9657,12.000,1,nan,nan
12.6550,158.8333,0,-9510.6650,-1621.6531,-301.6257,nan,nan,nan,1.0000,-0.0042,-0.0000,0.0042,1.0000,0.0000,0.0000,-0.0000,1.0000,0.0000,0.0000,0.0000,51.9756,-1.0843,-0.0000,-9800.9157,-1561.4442,-212.9657,nan,nan,nan,0.9527,-0.2001,-0.2289,0.2240,-0.0471,0.9735,90.000,nan,nan,nan,0.0000,0.0000,0.0000,nan,nan,nan,-9800.9157,-1561.4442,-212.9657,-9800.9157,-1561.4442,-212.9657,12.000,1,nan,nan
12.6800,158.8667,0,-9507.8394,-1621.6298,-301.6257,nan,nan,nan,1.0000,0.0083,-0.0000,-0.0083,1.0000,0.0000,0.0000,-0.0000,1.0000,0.0000,0.0000,0.0000,73.5114,-0.9722,-0.0000,-9799.7079,-1561.4685,-212.9657,nan,nan,nan,0.9527,-0.2001,-0.2289,0.2240,-0.0471,0.9735,90.000,nan,nan,nan,0.0000,0.0000,0.0000,nan,nan,nan,-9799.7079,-1561.4685,-212.9657,-9799.7079,-1561.4685,-212.9657,12.000,1,nan,nan
12.7080,158.9000,0,-9505.9810,-1621.5215,-301.6257,nan,nan,nan,0.9983,0.0582,-0.0000,-0.0582,0.9983,0.0000,0.0000,-0.0000,1.0000,0.0000,0.0000,0.0000,79.6901,0.3450,-0.0000,-9798.6954,-1561.4703,-212.9658,nan,nan,nan,0.9527,-0.2001,-0.2289,0.2240,-0.0471,0.9735,90.000,nan,nan,nan,0.0000,0.0000,0.0000,nan,nan,nan,-9798.6954,-1561.4703,-212.9658,-9798.6954,-1561.4703,-212.9658,12.000,1,nan,nan
12.7340,158.9167,0,-9505.9810,-1621.5215,-301.6257,nan,nan,nan,0.9983,0.0582,-0.0000,-0.0582,0.9983,0.0000,0.0000,-0.0000,1.0000,0.0000,0.0000,0.0000,62.9940,0.7798,-0.0000,-9798.2657,-1561.4710,-212.9658,nan,nan,nan,0.9527,-0.2001,-0.2289,0.2240,-0.0471,0.9735,90.000,nan,nan,nan,0.0000,0.0000,0.0000,nan,nan,nan,-9798.2657,-1561.4710,-212.9658,-9798.2657,-1561.4710,-212.9658,12.000,0,nan,nan
12.7600,158.9500,0,-9505.9810,-1621.5215,-301.6257,nan,nan,nan,0.9983,0.0582,-0.0000,-0.0582,0.9983,0.0000,0.0000,-0.0000,1.0000,0.0000,0.0000,0.0000,40.7028,0.9455,-0.0000,-9797.4699,-1561.4724,-212.9658,nan,nan,nan,0.9527,-0.2001,-0.2289,0.2240,-0.0471,0.9735,90.000,nan,nan,nan,0.0000,0.0000,0.0000,nan,nan,nan,-9797.4699,-1561.4724,-212.9658,-9797.4699,-1561.4724,-212.9658,12.000,0,nan,nan
12.7870,158.9667,0,-9505.9810,-1621.5215,-301.6257,nan,nan,nan,0.9983,0.0582,-0.0000,-0.0582,0.9983,0.0000,0.0000,-0.0000,1.0000,0.0000,0.0000,0.0000,19.2907,0.8387,-0.0000,-9797.1299,-1561.4730,-212.9658,nan,nan,nan,0.9527,-0.2001,-0.2289,0.2240,-0.0471,0.9735,90.000,nan,nan,nan,0.0000,0.0000,0.0000,nan,nan,nan,-9797.1299,-1561.4730,-212.9658,-9797.1299,-1561.4730,-212.9658,12.000,0,nan,nan
12.8150,159.0000,0,-9505.9810,-1621.5215,-301.6257,nan,nan,nan,0.9983,0.0582,-0.0000,-0.0582,0.9983,0.0000,0.0000,-0.0000,1.0000,0.0000,0.0000,0.0000,3.8581,0.1677,-0.0000,-9796.4983,-1561.4741,-212.9658,nan,nan,nan,0.9527,-0.2001,-0.2289,0.2240,-0.0471,0.9735,90.000,nan,nan,nan,0.0000,0.0000,0.0000,nan,nan,nan,-9796.4983,-1561.4741,-212.9658,-9796.4983,-1561.4741,-212.9658,12.000,0,nan,nan
12.8420,159.0333,0,-9505.9810,-1621.5215,-301.6257,nan,nan,nan,0.9983,0.0582,-0.0000,-0.0582,0.9983,0.0000,0.0000,-0.0000,1.0000,0.0000,0.0000,0.0000,0.7716,0.0335,-0.0000,-9795.9551,-1561.4750,-212.9658,nan,nan,nan,0.9527,-0.2001,-0.2289,0.2240,-0.0471,0.9735,90.000,nan,nan,nan,0.0000,0.0000,0.0000,nan,nan,nan,-9795.9551,-1561.4750,-212.9658,-9795.9551,-1561.4750,-212.9658,12.000,0,nan,nan
12.8690,159.0500,0,-9505.9810,-1621.5215,-301.6257,nan,nan,nan,0.9983,0.0582,-0.0000,-0.0582,0.9983,0.0000,0.0000,-0.0000,1.0000,0.0000,0.0000,0.0000,0.1543,0.0067,-0.0000,-9795.7206,-1561.4754,-212.9658,nan,nan,nan,0.9527,-0.2001,-0.2289,0.2240,-0.0471,0.9735,90.000,nan,nan,nan,0.0000,0.0000,0.0000,nan,nan,nan,-9795.7206,-1561.4754,-212.9658,-9795.7206,-1561.4754,-212.9658,12.000,0,nan,nan
12.8960,159.0833,0,-9505.9810,-1621.5215,-301.6257,nan,nan,nan,0.9983,0.0582,-0.0000,-0.0582,0.9983,0.0000,0.0000,-0.0000,1.0000,0.0000,0.0000,0.0000,0.0309,0.0013,-0.0000,-9795.2830,-1561.4762,-212.9658,nan,nan,nan,0.9527,-0.2001,-0.2289,0.2240,-0.0471,0.9735,90.000,nan,nan,nan,0.0000,0.0000,0.0000,nan,nan,nan,-9795.2830,-1561.4762,-212.9658,-9795.2830,-1561.4762,-212.9658,12.000,0,nan,nan
12.9220,159.1167,0,-9505.9810,-1621.5215,-301.6257,nan,nan,nan,0.9983,0.0582,-0.0000,-0.0582,0.9983,0.0000,0.0000,-0.0000,1.0000,0.0000,0.0000,0.0000,0.0062,0.0003,-0.0000,-9794.9030,-1561.4769,-212.9658,nan,nan,nan,0.9527,-0.2001,-0.2289,0.2240,-0.0471,0.9735,90.000,nan,nan,nan,0.0000,0.0000,0.0000,nan,nan,nan,-9794.9030,-1561.4769,-212.9658,-9794.9030,-1561.4769,-212.9658,12.000,0,nan,nan
12.9500,159.1333,0,-9505.9810,-1621.5215,-301.6257,nan,nan,nan,0.9983,0.0582,-0.0000,-0.0582,0.9983,0.0000,0.0000,-0.0000,1.0000,0.0000,0.0000,0.0000,0.0012,0.0001,-0.0000,-9794.7375,-1561.4772,-212.9658,nan,nan,nan,0.9527,-0.2001,-0.2289,0.2240,-0.0471,0.9735,90.000,nan,nan,nan,0.0000,0.0000,0.0000,nan,nan,nan,-9794.7375,-1561.4772,-212.9658,-9794.7375,-1561.4772,-212.9658,12.000,0,nan,nan
12.9760,159.1667,0,-9505.9810,-1621.5215,-301.6257,nan,nan,nan,0.9983,0.0582,-0.0000,-0.0582,0.9983,0.0000,0.0000,-0.0000,1.0000,0.0000,0.0000,0.0000,0.0002,0.0000,-0.0000,-9794.4274,-1561.4777,-212.9658,nan,nan,nan,0.9527,-0.2001,-0.2289,0.2240,-0.0471,0.9735,90.000,nan,nan,nan,0.0000,0.0000,0.0000,nan,nan,nan,-9794.4274,-1561.4777,-212.9658,-9794.4274,-1561.4777,-212.9658,12.000,0,nan,nan
13.0040,159.1833,0,-9505.9810,-1621.5215,-301.6257,nan,nan,nan,0.9983,0.0582,-0.0000,-0.0582,0.9983,0.0000,0.0000,-0.0000,1.0000,0.0000,0.0000,0.0000,0.0000,0.0000,-0.0000,-9794.2916,-1561.4779,-212.9658,nan,nan,nan,0.9527,-0.2001,-0.2289,0.2240,-0.0471,0.9735,90.000,nan,nan,nan,0.0000,0.0000,0.0000,nan,nan,nan,-9794.2916,-1561.4779,-212.9658,-9794.2916,-1561.4779,-212.9658,12.000,0,nan,nan
13.0300,159.2167,0,-9505.9810,-1621.5215,-301.6257,nan,nan,nan,0.9983,0.0582,-0.0000,-0.0582,0.9983,0.0000,0.0000,-0.0000,1.0000,0.0000,0.0000,0.0000,0.0000,0.0000,-0.0000,-9794.0367,-1561.4784,-212.9658,nan,nan,nan,0.9527,-0.2001,-0.2289,0.2240,-0.0471,0.9735,90.000,nan,nan,nan,0.0000,0.0000,0.0000,nan,nan,nan,-9794.0367,-1561.4784,-212.9658,-9794.0367,-1561.4784,-212.9658,12.000,0,nan,nan
13.0580,159.2500,0,-9505.9810,-1621.5215,-301.6257,nan,nan,nan,0.9983,0.0582,-0.0000,-0.0582,0.9983,0.0000,0.0000,-0.0000,1.0000,0.0000,0.0000,0.0000,0.0000,0.0000,-0.0000,-9793.8126,-1561.4788,-212.9658,nan,nan,nan,0.9527,-0.2001,-0.2289,0.2240,-0.0471,0.9735,90.000,nan,nan,nan,0.0000,0.0000,0.0000,nan,nan,nan,-9793.8126,-1561.4788,-212.9658,-9793.8126,-1561.4788,-212.9658,12.000,0,nan,nan
13.0840,159.2667,0,-9505.9810,-1621.5215,-301.6257,nan,nan,nan,0.9983,0.0582,-0.0000,-0.0582,0.9983,0.0000,0.0000,-0.0000,1.0000,0.0000,0.0000,0.0000,0.0000,0.0000,-0.0000,-9793.7137,-1561.4789,-212.9658,nan,nan,nan,0.9527,-0.2001,-0.2289,0.2240,-0.0471,0.9735,90.000,nan,nan,nan,0.0000,0.0000,0.0000,nan,nan,nan,-9793.7137,-1561.4789,-212.9658,-9793.7137,-1561.4789,-212.9658,12.000,0,nan,nan
13.1120,159.3000,0,-9505.9810,-1621.5215,-301.6257,nan,nan,nan,0.9983,0.0582,-0.0000,-0.0582,0.9983,0.0000,0.0000,-0.0000,1.0000,0.0000,0.0000,0.0000,0.0000,0.0000,-0.0000,-9793.5275,-1561.4793,-212.9658,nan,nan,nan,0.9527,-0.2001,-0.2289,0.2240,-0.0471,0.9735,90.000,nan,nan,nan,0.0000,0.0000,0.0000,nan,nan,nan,-9793.5275,-1561.4793,-212.9658,-9793.5275,-1561.4793,-212.9658,12.000,0,nan,nan
13.1380,159.3167,0,-9505.9810,-1621.5215,-301.6257,nan,nan,nan,0.9983,0.0582,-0.0000,-0.0582,0.9983,0.0000,0.0000,-0.0000,1.0000,0.0000,0.0000,0.0000,0.0000,0.0000,-0.0000,-9793.4450,-1561.4794,-212.9658,nan,nan,nan,0.9527,-0.2001,-0.2289,0.2240,-0.0471,0.9735,90.000,nan,nan,nan,0.0000,0.0000,0.0000,nan,nan,nan,-9793.4450,-1561.4794,-212.9658,-9793.4450,-1561.4794,-212.9658,12.000,0,nan,nan
13.1660,159.3500,0,-9505.9810,-1621.5215,-301.6257,nan,nan,nan,0.9983,0.0582,-0.0000,-0.0582,0.9983,0.0000,0.0000,-0.0000,1.0000,0.0000,0.0000,0.0000,0.0000,0.0000,-0.0000,-9793.2894,-1561.4797,-212.9658,nan,nan,nan,0.9527,-0.2001,-0.2289,0.2240,-0.0471,0.9735,90.000,nan,nan,nan,0.0000,0.0000,0.0000,nan,nan,nan,-9793.2894,-1561.4797,-212.9658,-9793.2894,-1561.4797,-212.9658,12.000,0,nan,nan
13.1920,159.3833,0,-9505.9810,-1621.5215,-301.6257,nan,nan,nan,0.9983,0.0582,-0.0000,-0.0582,0.9983,0.0000,0.0000,-0.0000,1.0000,0.0000,0.0000,0.0000,0.0000,0.0000,-0.0000,-9793.1510,-1561.4799,-212.9658,nan,nan,nan,0.9527,-0.2001,-0.2289,0.2240,-0.0471,0.9735,90.000,nan,nan,nan,0.0000,0.0000,0.0000,nan,nan,nan,-9793.1510,-1561.4799,-212.9658,-9793.1510,-1561.4799,-212.9658,12.000,0,nan,nan
13.2180,159.4000,0,-9505.9810,-1621.5215,-301.6257,nan,nan,nan,0.9983,0.0582,-0.0000,-0.0582,0.9983,0.0000,0.0000,-0.0000,1.0000,0.0000,0.0000,0.0000,0.0000,0.0000,-0.0000,-9793.0894,-1561.4800,-212.9658,nan,nan,nan,0.9527,-0.2001,-0.2289,0.2240,-0.0471,0.9735,90.000,nan,nan,nan,0.0000,0.0000,0.0000,nan,nan,nan,-9793.0894,-1561.4800,-212.9658,-9793.0894,-1561.4800,-212.9658,12.000,0,nan,nan
13.2470,159.4333,0,-9505.9810,-1621.5215,-301.6257,nan,nan,nan,0.9983,0.0582,-0.0000,-0.0582,0.9983,0.0000,0.0000,-0.0000,1.0000,0.0000,0.0000,0.0000,0.0000,0.0000,-0.0000,-9792.9727,-1561.4802,-212.9658,nan,nan,nan,0.9527,-0.2001,-0.2289,0.2240,-0.0471,0.9735,90.000,nan,nan,nan,0.0000,0.0000,0.0000,nan,nan,nan,-9792.9727,-1561.4802,-212.9658,-9792.9727,-1561.4802,-212.9658,12.000,0,nan,nan
13.2750,159.4667,0,-9505.9810,-1621.5215,-301.6257,nan,nan,nan,0.9983,0.0582,-0.0000,-0.0582,0.9983,0.0000,0.0000,-0.0000,1.0000,0.0000,0.0000,0.0000,0.0000,0.0000,-0.0000,-9792.8684,-1561.4804,-212.9658,nan,nan,nan,0.9527,-0.2001,-0.2289,0.2240,-0.0471,0.9735,90.000,nan,nan,nan,0.0000,0.0000,0.0000,nan,nan,nan,-9792.8684,-1561.4804,-212.9658,-9792.8684,-1561.4804,-212.9658,12.000,0,nan,nan
13.3000,159.4833,0,-9505.9810,-1621.5215,-301.6257,nan,nan,nan,0.9983,0.0582,-0.0000,-0.0582,0.9983,0.0000,0.0000,-0.0000,1.0000,0.0000,0.0000,0.0000,0.0000,0.0000,-0.0000,-9792.8217,-1561.4805,-212.9658,nan,nan,nan,0.9527,-0.2001,-0.2289,0.2240,-0.0471,0.9735,90.000,nan,nan,nan,0.0000,0.0000,0.0000,nan,nan,nan,-9792.8217,-1561.4805,-212.9658,-9792.8217,-1561.4805,-212.9658,12.000,0,nan,nan
13.3280,159.5167,0,-9505.9810,-1621.5215,-301.6257,nan,nan,nan,0.9983,0.0582,-0.0000,-0.0582,0.9983,0.0000,0.0000,-0.0000,1.0000,0.0000,0.0000,0.0000,0.0000,0.0000,-0.0000,-9792.7331,-1561.4807,-212.9658,nan,nan,nan,0.9527,-0.2001,-0.2289,0.2240,-0.0471,0.9735,90.000,nan,nan,nan,0.0000,0.0000,0.0000,nan,nan,nan,-9792.7331,-1561.4807,-212.9658,-9792.7331,-1561.4807,-212.9658,12.000,0,nan,nan
13.3530,159.5333,0,-9505.9810,-1621.5215,-301.6257,nan,nan,nan,0.9983,0.0582,-0.0000,-0.0582,0.9983,0.0000,0.0000,-0.0000,1.0000,0.0000,0.0000,0.0000,0.0000,0.0000,-0.0000,-9792.6932,-1561.4807,-212.9658,nan,nan,nan,0.9527,-0.2001,-0.2289,0.2240,-0.0471,0.9735,90.000,nan,nan,nan,0.0000,0.0000,0.0000,nan,nan,nan,-9792.6932,-1561.4807,-212.9658,-9792.6932,-1561.4807,-212.9658,12.000,0,nan,nan
13.3810,159.5667,0,-9505.9810,-1621.5215,-301.6257,nan,nan,nan,0.9983,0.0582,-0.0000,-0.0582,0.9983,0.0000,0.0000,-0.0000,1.0000,0.0000,0.0000,0.0000,0.0000,0.0000,-0.0000,-9792.6175,-1561.4809,-212.9658,nan,nan,nan,0.9527,-0.2001,-0.2289,0.2240,-0.0471,0.9735,90.000,nan,nan,nan,0.0000,0.0000,0.0000,nan,nan,nan,-9792.6175,-1561.4809,-212.9658,-9792.6175,-1561.4809,-212.9658,12.000,0,nan,nan
13.4090,159.6000,0,-9505.9810,-1621.5215,-301.6257,nan,nan,nan,0.9983,0.0582,-0.0000,-0.0582,0.9983,0.0000,0.0000,-0.0000,1.0000,0.0000,0.0000,0.0000,0.0000,0.0000,-0.0000,-9792.5493,-1561.4810,-212.9658,nan,nan,nan,0.9527,-0.2001,-0.2289,0.2240,-0.0471,0.9735,90.000,nan,nan,nan,0.0000,0.0000,0.0000,nan,nan,nan,-9792.5493,-1561.4810,-212.9658,-9792.5493,-1561.4810,-212.9658,12.000,0,nan,nan
13.4340,159.6167,0,-9505.9810,-1621.5215,-301.6257,nan,nan,nan,0.9983,0.0582,-0.0000,-0.0582,0.9983,0.0000,0.0000,-0.0000,1.0000,0.0000,0.0000,0.0000,0.0000,0.0000,-0.0000,-9792.5185,-1561.4810,-212.9658,nan,nan,nan,0.9527,-0.2001,-0.2289,0.2240,-0.0471,0.9735,90.000,nan,nan,nan,0.0000,0.0000,0.0000,nan,nan,nan,-9792.5185,-1561.4810,-212.9658,-9792.5185,-1561.4810,-212.9658,12.000,0,nan,nan
13.4620,159.6500,0,-9505.9810,-1621.5215,-301.6257,nan,nan,nan,0.9983,0.0582,-0.0000,-0.0582,0.9983,0.0000,0.0000,-0.0000,1.0000,0.0000,0.0000,0.0000,0.0000,0.0000,-0.0000,-9792.4598,-1561.4811,-212.9658,nan,nan,nan,0.9527,-0.2001,-0.2289,0.2240,-0.0471,0.9735,90.000,nan,nan,nan,0.0000,0.0000,0.0000,nan,nan,nan,-9792.4598,-1561.4811,-212.9658,-9792.4598,-1561.4811,-212.9658,12.000,0,nan,nan
13.4890,159.6833,0,-9505.9810,-1621.5215,-301.6257,nan,nan,nan,0.9983,0.0582,-0.0000,-0.0582,0.9983,0.0000,0.0000,-0.0000,1.0000,0.0000,0.0000,0.0000,0.0000,0.0000,-0.0000,-9792.4067,-1561.4812,-212.9658,nan,nan,nan,0.9527,-0.2001,-0.2289,0.2240,-0.0471,0.9735,90.000,nan,nan,nan,0.0000,0.0000,0.0000,nan,nan,nan,-9792.4067,-1561.4812,-212.9658,-9792.4067,-1561.4812,-212.9658,12.000,6,nan,nan
13.5150,159.7000,0,-9505.9810,-1621.5215,-301.6257,nan,nan,nan,0.9983,0.0582,-0.0000,-0.0582,0.9983,0.0000,0.0000,-0.0000,1.0000,0.0000,0.0000,0.0000,0.0000,0.0000,-0.0000,-9792.3826,-1561.4813,-212.9658,nan,nan,nan,0.9527,-0.2001,-0.2289,0.2240,-0.0471,0.9735,90.000,nan,nan,nan,0.0000,0.0000,0.0000,nan,nan,nan,-9792.3826,-1561.4813,-212.9658,-9792.3826,-1561.4813,-212.9658,12.000,6,nan,nan
13.5420,159.7333,0,-9505.9810,-1621.5215,-301.6257,nan,nan,nan,0.9983,0.0582,-0.0000,-0.0582,0.9983,0.0000,0.0000,-0.0000,1.0000,0.0000,0.0000,0.0000,0.0000,0.0000,-0.0000,-9792.3367,-1561.4813,-212.9658,nan,nan,nan,0.9527,-0.2001,-0.2289,0.2240,-0.0471,0.9735,90.000,nan,nan,nan,0.0000,0.0000,0.0000,nan,nan,nan,-9792.3367,-1561.4813,-212.9658,-9792.3367,-1561.4813,-212.9658,12.000,6,nan,nan
13.5710,159.7500,0,-9505.9810,-1621.5215,-301.6257,nan,nan,nan,0.9983,0.0582,-0.0000,-0.0582,0.9983,0.0000,0.0000,-0.0000,1.0000,0.0000,0.0000,0.0000,0.0000,0.0000,-0.0000,-9792.3158,-1561.4814,-212.9658,nan,nan,nan,0.9527,-0.2001,-0.2289,0.2240,-0.0471,0.9735,90.000,nan,nan,nan,0.0000,0.0000,0.0000,nan,nan,nan,-9792.3158,-1561.4814,-212.9658,-9792.3158,-1561.4814,-212.9658,12.000,6,nan,nan
13.5980,159.7833,0,-9505.9810,-1621.5215,-301.6257,nan,nan,nan,0.9983,0.0582,-0.0000,-0.0582,0.9983,0.0000,0.0000,-0.0000,1.0000,0.0000,0.0000,0.0000,0.0000,0.0000,-0.0000,-9792.2758,-1561.4815,-212.9658,nan,nan,nan,0.9527,-0.2001,-0.2289,0.2240,-0.0471,0.9735,90.000,nan,nan,nan,0.0000,0.0000,0.0000,nan,nan,nan,-9792.2758,-1561.4815,-212.9658,-9792.2758,-1561.4815,-212.9658,12.000,6,nan,nan
13.6240,159.8167,0,-9505.9810,-1621.5215,-301.6257,nan,nan,nan,0.9983,0.0582,-0.0000,-0.0582,0.9983,0.0000,0.0000,-0.0000,1.0000,0.0000,0.0000,0.0000,0.0000,0.0000,-0.0000,-9792.2395,-1561.4815,-212.9658,nan,nan,nan,0.9527,-0.2001,-0.2289,0.2240,-0.0471,0.9735,90.000,nan,nan,nan,0.0000,0.0000,0.0000,nan,nan,nan,-9792.2395,-1561.4815,-212.9658,-9792.2395,-1561.4815,-212.9658,12.000,6,nan,nan
13.6520,159.8333,0,-9505.9810,-1621.5215,-301.6257,nan,nan,nan,0.9983,0.0582,-0.0000,-0.0582,0.9983,0.0000,0.0000,-0.0000,1.0000,0.0000,0.0000,0.0000,0.0000,0.0000,-0.0000,-9792.2229,-1561.4815,-212.9658,nan,nan,nan,0.9527,-0.2001,-0.2289,0.2240,-0.0471,0.9735,90.000,nan,nan,nan,0.0000,0.0000,0.0000,nan,nan,nan,-9792.2229,-1561.4815,-212.9658,-9792.2229,-1561.4815,-212.9658,12.000,6,nan,nan
13.6790,159.8667,0,-9505.9810,-1621.5215,-301.6257,nan,nan,nan,0.9983,0.0582,-0.0000,-0.0582,0.9983,0.0000,0.0000,-0.0000,1.0000,0.0000,0.0000,0.0000,0.0000,0.0000,-0.0000,-9792.1911,-1561.4816,-212.9658,nan,nan,nan,0.9527,-0.2001,-0.2289,0.2240,-0.0471,0.9735,90.000,nan,nan,nan,0.0000,0.0000,0.0000,nan,nan,nan,-9792.1911,-1561.4816,-212.9658,-9792.1911,-1561.4816,-212.9658,12.000,6,nan,nan
13.7060,159.8833,0,-9505.9810,-1621.5215,-301.6257,nan,nan,nan,0.9983,0.0582,-0.0000,-0.0582,0.9983,0.0000,0.0000,-0.0000,1.0000,0.0000,0.0000,0.0000,0.0000,0.0000,-0.0000,-9792.1766,-1561.4816,-212.9658,nan,nan,nan,0.9527,-0.2001,-0.2289,0.2240,-0.0471,0.9735,90.000,nan,nan,nan,0.0000,0.0000,0.0000,nan,nan,nan,-9792.1766,-1561.4816,-212.9658,-9792.1766,-1561.4816,-212.9658,12.000,6,nan,nan
13.7330,159.9167,0,-9505.9810,-1621.5215,-301.6257,nan,nan,nan,0.9983,0.0582,-0.0000,-0.0582,0.9983,0.0000,0.0000,-0.0000,1.0000,0.0000,0.0000,0.0000,0.0000,0.0000,-0.0000,-9792.1488,-1561.4817,-212.9658,nan,nan,nan,0.9527,-0.2001,-0.2289,0.2240,-0.0471,0.9735,90.000,nan,nan,nan,0.0000,0.0000,0.0000,nan,nan,nan,-9792.1488,-1561.4817,-212.9658,-9792.1488,-1561.4817,-212.9658,12.000,6,nan,nan
13.7580,159.9500,0,-9505.9810,-1621.5215,-301.6257,nan,nan,nan,0.9983,0.0582,-0.0000,-0.0582,0.9983,0.0000,0.0000,-0.0000,1.0000,0.0000,0.0000,0.0000,0.0000,0.0000,-0.0000,-9792.1233,-1561.4817,-212.9658,nan,nan,nan,0.9527,-0.2001,-0.2289,0.2240,-0.0471,0.9735,90.000,nan,nan,nan,0.0000,0.0000,0.0000,nan,nan,nan,-9792.1233,-1561.4817,-212.9658,-9792.1233,-1561.4817,-212.9658,12.000,6,nan,nan
13.7840,159.9667,0,-9505.9810,-1621.5215,-301.6257,nan,nan,nan,0.9983,0.0582,-0.0000,-0.0582,0.9983,0.0000,0.0000,-0.0000,1.0000,0.0000,0.0000,0.0000,0.0000,0.0000,-0.0000,-9792.1116,-1561.4817,-212.9658,nan,nan,nan,0.9527,-0.2001,-0.2289,0.2240,-0.0471,0.9735,90.000,nan,nan,nan,0.0000,0.0000,0.0000,nan,nan,nan,-9792.1116,-1561.4817,-212.9658,-9792.1116,-1561.4817,-212.9658,12.000,6,nan,nan
13.8120,160.0000,0,-9505.9810,-1621.5215,-301.6257,nan,nan,nan,0.9983,0.0582,-0.0000,-0.0582,0.9983,0.0000,0.0000,-0.0000,1.0000,0.0000,0.0000,0.0000,0.0000,0.0000,-0.0000,-9792.0891,-1561.4818,-212.9658,nan,nan,nan,0.9527,-0.2001,-0.2289,0.2240,-0.0471,0.9735,90.000,nan,nan,nan,0.0000,0.0000,0.0000,nan,nan,nan,-9792.0891,-1561.4818,-212.9658,-9792.0891,-1561.4818,-212.9658,12.000,6,nan,nan
13.8370,160.0167,0,-9505.9810,-1621.5215,-301.6257,nan,nan,nan,0.9983,0.0582,-0.0000,-0.0582,0.9983,0.0000,0.0000,-0.0000,1.0000,0.0000,0.0000,0.0000,0.0000,0.0000,-0.0000,-9792.0788,-1561.4818,-212.9658,nan,nan,nan,0.9527,-0.2001,-0.2289,0.2240,-0.0471,0.9735,90.000,nan,nan,nan,0.0000,0.0000,0.0000,nan,nan,nan,-9792.0788,-1561.4818,-212.9658,-9792.0788,-1561.4818,-212.9658,12.000,6,nan,nan
13.8650,160.0500,0,-9505.9810,-1621.5215,-301.6257,nan,nan,nan,0.9983,0.0582,-0.0000,-0.0582,0.9983,0.0000,0.0000,-0.0000,1.0000,0.0000,0.0000,0.0000,0.0000,0.0000,-0.0000,-9792.0590,-1561.4818,-212.9658,nan,nan,nan,0.9527,-0.2001,-0.2289,0.2240,-0.0471,0.9735,90.000,nan,nan,nan,0.0000,0.0000,0.0000,nan,nan,nan,-9792.0590,-1561.4818,-212.9658,-9792.0590,-1561.4818,-212.9658,12.000,6,nan,nan
13.8930,160.0833,0,-9505.9810,-1621.5215,-301.6257,nan,nan,nan,0.9983,0.0582,-0.0000,-0.0582,0.9983,0.0000,0.0000,-0.0000,1.0000,0.0000,0.0000,0.0000,0.0000,0.0000,-0.0000,-9792.0408,-1561.4819,-212.9658,nan,nan,nan,0.9527,-0.2001,-0.2289,0.2240,-0.0471,0.9735,90.000,nan,nan,nan,0.0000,0.0000,0.0000,nan,nan,nan,-9792.0408,-1561.4819,-212.9658,-9792.0408,-1561.4819,-212.9658,12.000,6,nan,nan
13.9200,160.1000,0,-9505.9810,-1621.5215,-301.6257,nan,nan,nan,0.9983,0.0582,-0.0000,-0.0582,0.9983,0.0000,0.0000,-0.0000,1.0000,0.0000,0.0000,0.0000,0.0000,0.0000,-0.0000,-9792.0324,-1561.4819,-212.9658,nan,nan,nan,0.9527,-0.2001,-0.2289,0.2240,-0.0471,0.9735,90.000,nan,nan,nan,0.0000,0.0000,0.0000,nan,nan,nan,-9792.0324,-1561.4819,-212.9658,-9792.0324,-1561.4819,-212.9658,12.000,6,nan,nan
13.9470,160.1333,0,-9505.9810,-1621.5215,-301.6257,nan,nan,nan,0.9983,0.0582,-0.0000,-0.0582,0.9983,0.0000,0.0000,-0.0000,1.0000,0.0000,0.0000,0.0000,0.0000,0.0000,-0.0000,-9792.0162,-1561.4819,-212.9658,nan,nan,nan,0.9527,-0.2001,-0.2289,0.2240,-0.0471,0.9735,90.000,nan,nan,nan,0.0000,0.0000,0.0000,nan,nan,nan,-9792.0162,-1561.4819,-212.9658,-9792.0162,-1561.4819,-212.9658,12.000,6,nan,nan
13.9730,160.1667,0,-9505.9810,-1621.5215,-301.6257,nan,nan,nan,0.9983,0.0582,-0.0000,-0.0582,0.9983,0.0000,0.0000,-0.0000,1.0000,0.0000,0.0000,0.0000,0.0000,0.0000,-0.0000,-9792.0013,-1561.4819,-212.9658,nan,nan,nan,0.9527,-0.2001,-0.2289,0.2240,-0.0471,0.9735,90.000,nan,nan,nan,0.0000,0.0000,0.0000,nan,nan,nan,-9792.0013,-1561.4819,-212.9658,-9792.0013,-1561.4819,-212.9658,12.000,6,nan,nan
14.0010,160.1833,0,-9505.9810,-1621.5215,-301.6257,nan,nan,nan,0.9983,0.0582,-0.0000,-0.0582,0.9983,0.0000,0.0000,-0.0000,1.0000,0.0000,0.0000,0.0000,0.0000,0.0000,-0.0000,-9791.9944,-1561.4819,-212.9658,nan,nan,nan,0.9527,-0.2001,-0.2289,0.2240,-0.0471,0.9735,90.000,nan,nan,nan,0.0000,0.0000,0.0000,nan,nan,nan,-9791.9944,-1561.4819,-212.9658,-9791.9944,-1561.4819,-212.9658,12.000,6,nan,nan
14.0260,160.2167,0,-9505.9810,-1621.5215,-301.6257,nan,nan,nan,0.9983,0.0582,-0.0000,-0.0582,0.9983,0.0000,0.0000,-0.0000,1.0000,0.0000,0.0000,0.0000,0.0000,0.0000,-0.0000,-9791.9811,-1561.4820,-212.9658,nan,nan,nan,0.9527,-0.2001,-0.2289,0.2240,-0.0471,0.9735,90.000,nan,nan,nan,0.0000,0.0000,0.0000,nan,nan,nan,-9791.9811,-1561.4820,-212.9658,-9791.9811,-1561.4820,-212.9658,12.000,6,nan,nan
14.0530,160.2333,0,-9496.5645,-1620.9729,-295.0321,nan,nan,nan,0.9983,0.0582,-0.0000,-0.0582,0.9983,0.0000,0.0000,-0.0000,1.0000,0.0000,0.0000,0.0000,112.9979,6.5835,79.1235,-9786.5993,-1561.1752,-209.2761,nan,nan,nan,0.9527,-0.2001,-0.2289,0.2240,-0.0471,0.9735,90.000,nan,nan,nan,0.0000,0.0000,0.0000,nan,nan,nan,-9786.5993,-1561.1752,-209.2761,-9786.5993,-1561.1752,-209.2761,12.000,3,nan,1
14.0810,160.2667,0,-9477.7315,-1619.8756,-282.9337,nan,nan,nan,0.9983,0.0582,-0.0000,-0.0582,0.9983,0.0000,0.0000,-0.0000,1.0000,0.0000,0.0000,0.0000,248.5953,14.4837,167.5383,-9768.7689,-1560.1404,-197.6804,nan,nan,nan,0.9527,-0.2001,-0.2289,0.2240,-0.0471,0.9735,90.000,nan,nan,nan,0.0000,0.0000,0.0000,nan,nan,nan,-9768.7689,-1560.1404,-197.6804,-9768.7689,-1560.1404,-197.6804,12.000,3,nan,1
14.1090,160.3000,0,-9458.8985,-1618.7784,-271.9242,nan,nan,nan,0.9983,0.0582,-0.0000,-0.0582,0.9983,0.0000,0.0000,-0.0000,1.0000,0.0000,0.0000,0.0000,388.7127,22.6473,251.2781,-9750.7765,-1559.0930,-186.9049,nan,nan,nan,0.9527,-0.2001,-0.2289,0.2240,-0.0471,0.9735,90.000,nan,nan,nan,0.0000,0.0000,0.0000,nan,nan,nan,-9750.7765,-1559.0930,-186.9049,-9750.7765,-1559.0930,-186.9049,12.000,3,nan,1
14.1360,160.3167,0,-9449.4821,-1618.2298,-266.6917,nan,nan,nan,0.9983,0.0582,-0.0000,-0.0582,0.9983,0.0000,0.0000,-0.0000,1.0000,0.0000,0.0000,0.0000,529.7340,30.8635,330.8162,-9743.9235,-1558.6939,-182.9807,nan,nan,nan,0.9527,-0.2001,-0.2289,0.2240,-0.0471,0.9735,90.000,nan,nan,nan,0.0000,0.0000,0.0000,nan,nan,nan,-9743.9235,-1558.6939,-182.9807,-9743.9235,-1558.6939,-182.9807,12.000,3,nan,1
14.1640,160.3500,0,-9430.6491,-1617.1325,-257.3156,nan,nan,nan,0.9983,0.0582,-0.0000,-0.0582,0.9983,0.0000,0.0000,-0.0000,1.0000,0.0000,0.0000,0.0000,557.9383,32.5067,323.8572,-9725.2684,-1557.6071,-173.2543,nan,nan,nan,0.9527,-0.2001,-0.2289,0.2240,-0.0471,0.9735,90.000,nan,nan,nan,0.0000,0.0000,0.0000,nan,nan,nan,-9725.2684,-1557.6071,-173.2543,-9725.2684,-1557.6071,-173.2543,12.000,5,nan,1
14.1920,160.3833,0,-9411.8161,-1616.0353,-249.0283,nan,nan,nan,0.9983,0.0582,-0.0000,-0.0582,0.9983,0.0000,0.0000,-0.0000,1.0000,0.0000,0.0000,0.0000,563.5792,32.8354,299.5987,-9706.6176,-1556.5205,-164.5634,nan,nan,nan,0.9527,-0.2001,-0.2289,0.2240,-0.0471,0.9735,90.000,nan,nan,nan,0.0000,0.0000,0.0000,nan,nan,nan,-9706.6176,-1556.5205,-164.5634,-9706.6176,-1556.5205,-164.5634,12.000,5,nan,1
14.2200,160.4000,0,-9402.3996,-1615.4866,-245.1569,nan,nan,nan,0.9983,0.0582,-0.0000,-0.0582,0.9983,0.0000,0.0000,-0.0000,1.0000,0.0000,0.0000,0.0000,564.7073,32.9011,275.1470,-9699.2754,-1556.0928,-161.3479,nan,nan,nan,0.9527,-0.2001,-0.2289,0.2240,-0.0471,0.9735,90.000,nan,nan,nan,0.0000,0.0000,0.0000,nan,nan,nan,-9699.2754,-1556.0928,-161.3479,-9699.2754,-1556.0928,-161.3479,12.000,5,nan,1
14.2500,160.4333,0,-9383.5666,-1614.3894,-238.5030,nan,nan,nan,0.9983,0.0582,-0.0000,-0.0582,0.9983,0.0000,0.0000,-0.0000,1.0000,0.0000,0.0000,0.0000,564.9330,32.9142,247.3900,-9680.6325,-1555.0066,-154.1769,nan,nan,nan,0.9527,-0.2001,-0.2289,0.2240,-0.0471,0.9735,90.000,nan,nan,nan,0.0000,0.0000,0.0000,nan,nan,nan,-9680.6325,-1555.0066,-154.1769,-9680.6325,-1555.0066,-154.1769,12.000,5,nan,1
14.2790,160.4667,0,-9364.7336,-1613.2921,-232.9380,nan,nan,nan,0.9983,0.0582,-0.0000,-0.0582,0.9983,0.0000,0.0000,-0.0000,1.0000,0.0000,0.0000,0.0000,564.9781,32.9169,218.9720,-9661.9769,-1553.9197,-148.0417,nan,nan,nan,0.9527,-0.2001,-0.2289,0.2240,-0.0471,0.9735,90.000,nan,nan,nan,0.0000,0.0000,0.0000,nan,nan,nan,-9661.9769,-1553.9197,-148.0417,-9661.9769,-1553.9197,-148.0417,12.000,5,nan,1
14.3070,160.4833,0,-9355.3172,-1612.7435,-230.4277,nan,nan,nan,0.9983,0.0582,-0.0000,-0.0582,0.9983,0.0000,0.0000,-0.0000,1.0000,0.0000,0.0000,0.0000,564.9871,32.9174,193.6883,-9654.2675,-1553.4705,-145.7231,nan,nan,nan,0.9527,-0.2001,-0.2289,0.2240,-0.0471,0.9735,90.000,nan,nan,nan,0.0000,0.0000,0.0000,nan,nan,nan,-9654.2675,-1553.4705,-145.7231,-9654.2675,-1553.4705,-145.7231,12.000,5,nan,1
14.3340,160.5167,0,-9336.4842,-1611.6462,-226.4960,nan,nan,nan,0.9983,0.0582,-0.0000,-0.0582,0.9983,0.0000,0.0000,-0.0000,1.0000,0.0000,0.0000,0.0000,564.9889,32.9175,165.7650,-9635.5876,-1552.3822,-141.1168,nan,nan,nan,0.9527,-0.2001,-0.2289,0.2240,-0.0471,0.9735,90.000,nan,nan,nan,0.0000,0.0000,0.0000,nan,nan,nan,-9635.5876,-1552.3822,-141.1168,-9635.5876,-1552.3822,-141.1168,12.000,5,nan,1
14.3620,160.5500,0,-9317.6512,-1610.5490,-223.6532,nan,nan,nan,0.9983,0.0582,-0.0000,-0.0582,0.9983,0.0000,0.0000,-0.0000,1.0000,0.0000,0.0000,0.0000,564.9893,32.9175,137.3136,-9616.8775,-1551.2921,-137.5517,nan,nan,nan,0.9527,-0.2001,-0.2289,0.2240,-0.0471,0.9735,90.000,nan,nan,nan,0.0000,0.0000,0.0000,nan,nan,nan,-9616.8775,-1551.2921,-137.5517,-9616.8775,-1551.2921,-137.5517,12.000,5,nan,1
14.3900,160.5667,0,-9308.2347,-1610.0004,-222.5040,nan,nan,nan,0.9983,0.0582,-0.0000,-0.0582,0.9983,0.0000,0.0000,-0.0000,1.0000,0.0000,0.0000,0.0000,564.9894,32.9175,112.0233,-9608.8558,-1550.8247,-136.2498,nan,nan,nan,0.9527,-0.2001,-0.2289,0.2240,-0.0471,0.9735,90.000,nan,nan,nan,0.0000,0.0000,0.0000,nan,nan,nan,-9608.8558,-1550.8247,-136.2498,-9608.8558,-1550.8247,-136.2498,12.000,5,nan,1
14.4190,160.6000,0,-9289.4017,-1608.9031,-221.2946,nan,nan,nan,0.9983,0.0582,-0.0000,-0.0582,0.9983,0.0000,0.0000,-0.0000,1.0000,0.0000,0.0000,0.0000,564.9894,32.9175,84.0986,-9590.0917,-1549.7315,-134.2342,nan,nan,nan,0.9527,-0.2001,-0.2289,0.2240,-0.0471,0.9735,90.000,nan,nan,nan,0.0000,0.0000,0.0000,nan,nan,nan,-9590.0917,-1549.7315,-134.2342,-9590.0917,-1549.7315,-134.2342,12.000,5,nan,1
14.4490,160.6333,0,-9270.5687,-1607.8059,-221.1740,nan,nan,nan,0.9983,0.0582,-0.0000,-0.0582,0.9983,0.0000,0.0000,-0.0000,1.0000,0.0000,0.0000,0.0000,564.9894,32.9175,55.6470,-9571.2827,-1548.6356,-133.2748,nan,nan,nan,0.9527,-0.2001,-0.2289,0.2240,-0.0471,0.9735,90.000,nan,nan,nan,0.0000,0.0000,0.0000,nan,nan,nan,-9571.2827,-1548.6356,-133.2748,-9571.2827,-1548.6356,-133.2748,12.000,5,nan,1
14.4790,160.6667,0,-9251.7358,-1606.7086,-222.1423,nan,nan,nan,0.9983,0.0582,-0.0000,-0.0582,0.9983,0.0000,0.0000,-0.0000,1.0000,0.0000,0.0000,0.0000,564.9894,32.9175,27.0900,-9552.4253,-1547.5370,-133.3908,nan,nan,nan,0.9527,-0.2001,-0.2289,0.2240,-0.0471,0.9735,90.000,nan,nan,nan,0.0000,0.0000,0.0000,nan,nan,nan,-9552.4253,-1547.5370,-133.3908,-9552.4253,-1547.5370,-133.3908,12.000,5,nan,1
14.5080,160.6833,0,-9242.3193,-1606.1600,-222.8987,nan,nan,nan,0.9983,0.0582,-0.0000,-0.0582,0.9983,0.0000,0.0000,-0.0000,1.0000,0.0000,0.0000,0.0000,564.9894,32.9175,-1.4881,-9544.0927,-1547.0515,-133.6815,nan,nan,nan,0.9527,-0.2001,-0.2289,0.2240,-0.0471,0.9735,90.000,nan,nan,nan,0.0000,0.0000,0.0000,nan,nan,nan,-9544.0927,-1547.0515,-133.6815,-9544.0927,-1547.0515,-133.6815,12.000,5,nan,1
14.5360,160.7167,0,-9223.4863,-1605.0627,-225.5003,nan,nan,nan,0.9983,0.0582,-0.0000,-0.0582,0.9983,0.0000,0.0000,-0.0000,1.0000,0.0000,0.0000,0.0000,564.9894,32.9175,-30.0703,-9525.1590,-1545.9484,-135.3998,nan,nan,nan,0.9527,-0.2001,-0.2289,0.2240,-0.0471,0.9735,90.000,nan,nan,nan,0.0000,0.0000,0.0000,nan,nan,nan,-9525.1590,-1545.9484,-135.3998,-9525.1590,-1545.9484,-135.3998,12.000,5,nan,1
14.5640,160.7500,0,-9204.6533,-1603.9655,-229.1908,nan,nan,nan,0.9983,0.0582,-0.0000,-0.0582,0.9983,0.0000,0.0000,-0.0000,1.0000,0.0000,0.0000,0.0000,564.9894,32.9175,-58.6535,-9506.1747,-1544.8423,-138.2065,nan,nan,nan,0.9527,-0.2001,-0.2289,0.2240,-0.0471,0.9735,90.000,nan,nan,nan,0.0000,0.0000,0.0000,nan,nan,nan,-9506.1747,-1544.8423,-138.2065,-9506.1747,-1544.8423,-138.2065,12.000,5,nan,1
14.5930,160.7833,0,-9185.8203,-1602.8682,-233.9703,nan,nan,nan,0.9983,0.0582,-0.0000,-0.0582,0.9983,0.0000,0.0000,-0.0000,1.0000,0.0000,0.0000,0.0000,564.9894,32.9175,-87.2368,-9487.1433,-1543.7335,-142.1189,nan,nan,nan,0.9527,-0.2001,-0.2289,0.2240,-0.0471,0.9735,90.000,nan,nan,nan,0.0000,0.0000,0.0000,nan,nan,nan,-9487.1433,-1543.7335,-142.1189,-9487.1433,-1543.7335,-142.1189,12.000,5,nan,1
14.6200,160.8000,0,-9176.4038,-1602.3196,-236.6322,nan,nan,nan,0.9983,0.0582,-0.0000,-0.0582,0.9983,0.0000,0.0000,-0.0000,1.0000,0.0000,0.0000,0.0000,564.9894,32.9175,-115.8201,-9478.4698,-1543.2282,-144.1545,nan,nan,nan,0.9527,-0.2001,-0.2289,0.2240,-0.0471,0.9735,90.000,nan,nan,nan,0.0000,0.0000,0.0000,nan,nan,nan,-9478.4698,-1543.2282,-144.1545,-9478.4698,-1543.2282,-144.1545,12.000,5,nan,1
14.6510,160.8333,0,-9157.5709,-1601.2224,-243.0449,nan,nan,nan,0.9983,0.0582,-0.0000,-0.0582,0.9983,0.0000,0.0000,-0.0000,1.0000,0.0000,0.0000,0.0000,564.9894,32.9175,-144.4034,-9459.3705,-1542.1154,-149.7214,nan,nan,nan,0.9527,-0.2001,-0.2289,0.2240,-0.0471,0.9735,90.000,nan,nan,nan,0.0000,0.0000,0.0000,nan,nan,nan,-9459.3705,-1542.1154,-149.7214,-9459.3705,-1542.1154,-149.7214,12.000,5,nan,1
14.6780,160.8667,0,-9138.7379,-1600.1251,-250.5466,nan,nan,nan,0.9983,0.0582,-0.0000,-0.0582,0.9983,0.0000,0.0000,-0.0000,1.0000,0.0000,0.0000,0.0000,564.9894,32.9175,-172.9868,-9440.2330,-1541.0004,-156.4050,nan,nan,nan,0.9527,-0.2001,-0.2289,0.2240,-0.0471,0.9735,90.000,nan,nan,nan,0.0000,0.0000,0.0000,nan,nan,nan,-9440.2330,-1541.0004,-156.4050,-9440.2330,-1541.0004,-156.4050,12.000,5,nan,1
14.7070,160.8833,0,-9129.3214,-1599.5765,-254.5696,nan,nan,nan,0.9983,0.0582,-0.0000,-0.0582,0.9983,0.0000,0.0000,-0.0000,1.0000,0.0000,0.0000,0.0000,564.9894,32.9175,-198.3034,-9431.2650,-1540.4779,-159.7992,nan,nan,nan,0.9527,-0.2001,-0.2289,0.2240,-0.0471,0.9735,90.000,nan,nan,nan,0.0000,0.0000,0.0000,nan,nan,nan,-9431.2650,-1540.4779,-159.7992,-9431.2650,-1540.4779,-159.7992,12.000,5,nan,1
14.7360,160.9167,0,-9110.4884,-1598.4792,-263.7046,nan,nan,nan,0.9983,0.0582,-0.0000,-0.0582,0.9983,0.0000,0.0000,-0.0000,1.0000,0.0000,0.0000,0.0000,564.9894,32.9175,-226.2334,-9412.0779,-1539.3600,-168.1622,nan,nan,nan,0.9527,-0.2001,-0.2289,0.2240,-0.0471,0.9735,90.000,nan,nan,nan,0.0000,0.0000,0.0000,nan,nan,nan,-9412.0779,-1539.3600,-168.1622,-9412.0779,-1539.3600,-168.1622,12.000,5,nan,1
14.7660,160.9500,0,-9100.2749,-1597.8840,-269.1111,nan,nan,nan,0.9983,0.0582,-0.0000,-0.0582,0.9983,0.0000,0.0000,-0.0000,1.0000,0.0000,0.0000,0.0000,513.2724,29.9056,-225.7818,-9401.8829,-1538.7660,-172.9802,nan,nan,nan,0.9527,-0.2001,-0.2289,0.2240,-0.0471,0.9735,90.000,nan,nan,nan,0.0000,0.0000,0.0000,nan,nan,nan,-9401.8829,-1538.7660,-172.9802,-9401.8829,-1538.7660,-172.9802,12.000,5,nan,1
14.7920,160.9833,0,-9100.2749,-1597.8840,-269.1111,nan,nan,nan,0.9980,0.0582,0.0244,-0.0582,0.9983,-0.0014,-0.0244,0.0000,0.9997,0.0000,0.0000,0.0000,389.9311,22.7197,-180.6817,-9399.6016,-1538.6288,-174.0935,nan,nan,nan,0.9527,-0.2001,-0.2289,0.2240,-0.0471,0.9735,90.000,nan,nan,nan,0.0000,0.0000,0.0000,nan,nan,nan,-9399.6016,-1538.6288,-174.0935,-9399.6016,-1538.6288,-174.0935,12.000,0,nan,nan
14.8200,161.0000,0,-9100.2749,-1597.8840,-269.1111,nan,nan,nan,0.9980,0.0582,0.0244,-0.0582,0.9983,-0.0014,-0.0244,0.0000,0.9997,0.0000,0.0000,0.0000,252.2650,14.6990,-123.3851,-9398.6617,-1538.5723,-174.5522,nan,nan,nan,0.9527,-0.2001,-0.2289,0.2240,-0.0471,0.9735,90.000,nan,nan,nan,0.0000,0.0000,0.0000,nan,nan,nan,-9398.6617,-1538.5723,-174.5522,-9398.6617,-1538.5723,-174.5522,12.000,0,nan,nan
14.8480,161.0333,0,-9100.2749,-1597.8840,-269.1111,nan,nan,nan,0.9980,0.0582,0.0244,-0.0582,0.9983,-0.0014,-0.0244,0.0000,0.9997,0.0000,0.0000,0.0000,111.7339,6.5114,-57.1160,-9396.9431,-1538.4690,-175.3909,nan,nan,nan,0.9527,-0.2001,-0.2289,0.2240,-0.0471,0.9735,90.000,nan,nan,nan,0.0000,0.0000,0.0000,nan,nan,nan,-9396.9431,-1538.4690,-175.3909,-9396.9431,-1538.4690,-175.3909,12.000,0,nan,nan
14.8740,161.0667,0,-9100.2749,-1597.8840,-269.1111,nan,nan,nan,0.9980,0.0582,0.0244,-0.0582,0.9983,-0.0014,-0.0244,0.0000,0.9997,0.0000,0.0000,0.0000,22.3468,1.3023,-11.4232,-9395.5132,-1538.3830,-176.0887,nan,nan,nan,0.9527,-0.2001,-0.2289,0.2240,-0.0471,0.9735,90.000,nan,nan,nan,0.0000,0.0000,0.0000,nan,nan,nan,-9395.5132,-1538.3830,-176.0887,-9395.5132,-1538.3830,-176.0887,12.000,0,nan,nan
14.9020,161.0833,0,-9100.2749,-1597.8840,-269.1111,nan,nan,nan,0.9980,0.0582,0.0244,-0.0582,0.9983,-0.0014,-0.0244,0.0000,0.9997,0.0000,0.0000,0.0000,4.4694,0.2605,-2.2846,-9394.9147,-1538.3470,-176.3808,nan,nan,nan,0.9527,-0.2001,-0.2289,0.2240,-0.0471,0.9735,90.000,nan,nan,nan,0.0000,0.0000,0.0000,nan,nan,nan,-9394.9147,-1538.3470,-176.3808,-9394.9147,-1538.3470,-176.3808,12.000,0,nan,nan
14.9300,161.1167,0,-9100.2749,-1597.8840,-269.1111,nan,nan,nan,0.9980,0.0582,0.0244,-0.0582,0.9983,-0.0014,-0.0244,0.0000,0.9997,0.0000,0.0000,0.0000,0.8939,0.0521,-0.4569,-9393.8131,-1538.2808,-176.9184,nan,nan,nan,0.9527,-0.2001,-0.2289,0.2240,-0.0471,0.9735,90.000,nan,nan,nan,0.0000,0.0000,0.0000,nan,nan,nan,-9393.8131,-1538.2808,-176.9184,-9393.8131,-1538.2808,-176.9184,12.000,0,nan,nan
14.9560,161.1500,0,-9100.2749,-1597.8840,-269.1111,nan,nan,nan,0.9980,0.0582,0.0244,-0.0582,0.9983,-0.0014,-0.0244,0.0000,0.9997,0.0000,0.0000,0.0000,0.1788,0.0104,-0.0914,-9392.8835,-1538.2249,-177.3721,nan,nan,nan,0.9527,-0.2001,-0.2289,0.2240,-0.0471,0.9735,90.000,nan,nan,nan,0.0000,0.0000,0.0000,nan,nan,nan,-9392.8835,-1538.2249,-177.3721,-9392.8835,-1538.2249,-177.3721,12.000,0,nan,nan
14.9830,161.1667,0,-9100.2749,-1597.8840,-269.1111,nan,nan,nan,0.9980,0.0582,0.0244,-0.0582,0.9983,-0.0014,-0.0244,0.0000,0.9997,0.0000,0.0000,0.0000,0.0358,0.0021,-0.0183,-9392.4892,-1538.2012,-177.5645,nan,nan,nan,0.9527,-0.2001,-0.2289,0.2240,-0.0471,0.9735,90.000,nan,nan,nan,0.0000,0.0000,0.0000,nan,nan,nan,-9392.4892,-1538.2012,-177.5645,-9392.4892,-1538.2012,-177.5645,12.000,0,nan,nan
15.0110,161.2000,0,-9100.2749,-1597.8840,-269.1111,nan,nan,nan,0.9980,0.0582,0.0244,-0.0582,0.9983,-0.0014,-0.0244,0.0000,0.9997,0.0000,0.0000,0.0000,0.0072,0.0004,-0.0037,-9391.7593,-1538.1573,-177.9207,nan,nan,nan,0.9527,-0.2001,-0.2289,0.2240,-0.0471,0.9735,90.000,nan,nan,nan,0.0000,0.0000,0.0000,nan,nan,nan,-9391.7593,-1538.1573,-177.9207,-9391.7593,-1538.1573,-177.9207,12.000,0,nan,nan
15.0390,161.2167,0,-9100.2749,-1597.8840,-269.1111,nan,nan,nan,0.9980,0.0582,0.0244,-0.0582,0.9983,-0.0014,-0.0244,0.0000,0.9997,0.0000,0.0000,0.0000,0.0014,0.0001,-0.0007,-9391.4476,-1538.1385,-178.0728,nan,nan,nan,0.9527,-0.2001,-0.2289,0.2240,-0.0471,0.9735,90.000,nan,nan,nan,0.0000,0.0000,0.0000,nan,nan,nan,-9391.4476,-1538.1385,-178.0728,-9391.4476,-1538.1385,-178.0728,12.000,0,nan,nan
15.0660,161.2500,0,-9100.2749,-1597.8840,-269.1111,nan,nan,nan,0.9980,0.0582,0.0244,-0.0582,0.9983,-0.0014,-0.0244,0.0000,0.9997,0.0000,0.0000,0.0000,0.0003,0.0000,-0.0001,-9390.8688,-1538.1037,-178.3553,nan,nan,nan,0.9527,-0.2001,-0.2289,0.2240,-0.0471,0.9735,90.000,nan,nan,nan,0.0000,0.0000,0.0000,nan,nan,nan,-9390.8688,-1538.1037,-178.3553,-9390.8688,-1538.1037,-178.3553,12.000,0,nan,nan
15.0930,161.2833,0,-9100.2749,-1597.8840,-269.1111,nan,nan,nan,0.9980,0.0582,0.0244,-0.0582,0.9983,-0.0014,-0.0244,0.0000,0.9997,0.0000,0.0000,0.0000,0.0001,0.0000,-0.0000,-9390.3713,-1538.0738,-178.5981,nan,nan,nan,0.9527,-0.2001,-0.2289,0.2240,-0.0471,0.9735,90.000,nan,nan,nan,0.0000,0.0000,0.0000,nan,nan,nan,-9390.3713,-1538.0738,-178.5981,-9390.3713,-1538.0738,-178.5981,12.000,0,nan,nan
15.1210,161.3000,0,-9100.2749,-1597.8840,-269.1111,nan,nan,nan,0.9980,0.0582,0.0244,-0.0582,0.9983,-0.0014,-0.0244,0.0000,0.9997,0.0000,0.0000,0.0000,0.0000,0.0000,-0.0000,-9390.1566,-1538.0609,-178.7029,nan,nan,nan,0.9527,-0.2001,-0.2289,0.2240,-0.0471,0.9735,90.000,nan,nan,nan,0.0000,0.0000,0.0000,nan,nan,nan,-9390.1566,-1538.0609,-178.7029,-9390.1566,-1538.0609,-178.7029,12.000,0,nan,nan
15.1490,161.3333,0,-9100.2749,-1597.8840,-269.1111,nan,nan,nan,0.9980,0.0582,0.0244,-0.0582,0.9983,-0.0014,-0.0244,0.0000,0.9997,0.0000,0.0000,0.0000,0.0000,0.0000,-0.0000,-9389.7561,-1538.0368,-178.8983,nan,nan,nan,0.9527,-0.2001,-0.2289,0.2240,-0.0471,0.9735,90.000,nan,nan,nan,0.0000,0.0000,0.0000,nan,nan,nan,-9389.7561,-1538.0368,-178.8983,-9389.7561,-1538.0368,-178.8983,12.000,0,nan,nan
15.1770,161.3667,0,-9100.2749,-1597.8840,-269.1111,nan,nan,nan,0.9980,0.0582,0.0244,-0.0582,0.9983,-0.0014,-0.0244,0.0000,0.9997,0.0000,0.0000,0.0000,0.0000,0.0000,-0.0000,-9389.4085,-1538.0159,-179.0679,nan,nan,nan,0.9527,-0.2001,-0.2289,0.2240,-0.0471,0.9735,90.000,nan,nan,nan,0.0000,0.0000,0.0000,nan,nan,nan,-9389.4085,-1538.0159,-179.0679,-9389.4085,-1538.0159,-179.0679,12.000,0,nan,nan
15.2030,161.3833,0,-9100.2749,-1597.8840,-269.1111,nan,nan,nan,0.9980,0.0582,0.0244,-0.0582,0.9983,-0.0014,-0.0244,0.0000,0.9997,0.0000,0.0000,0.0000,0.0000,0.0000,-0.0000,-9389.2572,-1538.0068,-179.1418,nan,nan,nan,0.9527,-0.2001,-0.2289,0.2240,-0.0471,0.9735,90.000,nan,nan,nan,0.0000,0.0000,0.0000,nan,nan,nan,-9389.2572,-1538.0068,-179.1418,-9389.2572,-1538.0068,-179.1418,12.000,0,nan,nan
15.2300,161.4167,0,-9100.2749,-1597.8840,-269.1111,nan,nan,nan,0.9980,0.0582,0.0244,-0.0582,0.9983,-0.0014,-0.0244,0.0000,0.9997,0.0000,0.0000,0.0000,0.0000,0.0000,-0.0000,-9388.9737,-1537.9898,-179.2802,nan,nan,nan,0.9527,-0.2001,-0.2289,0.2240,-0.0471,0.9735,90.000,nan,nan,nan,0.0000,0.0000,0.0000,nan,nan,nan,-9388.9737,-1537.9898,-179.2802,-9388.9737,-1537.9898,-179.2802,12.000,0,nan,nan
15.2570,161.4500,0,-9100.2749,-1597.8840,-269.1111,nan,nan,nan,0.9980,0.0582,0.0244,-0.0582,0.9983,-0.0014,-0.0244,0.0000,0.9997,0.0000,0.0000,0.0000,0.0000,0.0000,-0.0000,-9388.7256,-1537.9749,-179.4012,nan,nan,nan,0.9527,-0.2001,-0.2289,0.2240,-0.0471,0.9735,90.000,nan,nan,nan,0.0000,0.0000,0.0000,nan,nan,nan,-9388.7256,-1537.9749,-179.4012,-9388.7256,-1537.9749,-179.4012,12.000,0,nan,nan
15.2840,161.4667,0,-9100.2749,-1597.8840,-269.1111,nan,nan,nan,0.9980,0.0582,0.0244,-0.0582,0.9983,-0.0014,-0.0244,0.0000,0.9997,0.0000,0.0000,0.0000,0.0000,0.0000,-0.0000,-9388.6167,-1537.9683,-179.4544,nan,nan,nan,0.9527,-0.2001,-0.2289,0.2240,-0.0471,0.9735,90.000,nan,nan,nan,0.0000,0.0000,0.0000,nan,nan,nan,-9388.6167,-1537.9683,-179.4544,-9388.6167,-1537.9683,-179.4544,12.000,0,nan,nan
15.3080,161.5000,0,-9100.2749,-1597.8840,-269.1111,nan,nan,nan,0.9980,0.0582,0.0244,-0.0582,0.9983,-0.0014,-0.0244,0.0000,0.9997,0.0000,0.0000,0.0000,0.0000,0.0000,-0.0000,-9388.4120,-1537.9560,-179.5543,nan,nan,nan,0.9527,-0.2001,-0.2289,0.2240,-0.0471,0.9735,90.000,nan,nan,nan,0.0000,0.0000,0.0000,nan,nan,nan,-9388.4120,-1537.9560,-179.5543,-9388.4120,-1537.9560,-179.5543,12.000,0,nan,nan
15.3380,161.5167,0,-9100.2749,-1597.8840,-269.1111,nan,nan,nan,0.9980,0.0582,0.0244,-0.0582,0.9983,-0.0014,-0.0244,0.0000,0.9997,0.0000,0.0000,0.0000,0.0000,0.0000,-0.0000,-9388.3218,-1537.9506,-179.5983,nan,nan,nan,0.9527,-0.2001,-0.2289,0.2240,-0.0471,0.9735,90.000,nan,nan,nan,0.0000,0.0000,0.0000,nan,nan,nan,-9388.3218,-1537.9506,-179.5983,-9388.3218,-1537.9506,-179.5983,12.000,0,nan,nan
15.3630,161.5500,0,-9100.2749,-1597.8840,-269.1111,nan,nan,nan,0.9980,0.0582,0.0244,-0.0582,0.9983,-0.0014,-0.0244,0.0000,0.9997,0.0000,0.0000,0.0000,0.0000,0.0000,-0.0000,-9388.1518,-1537.9404,-179.6813,nan,nan,nan,0.9527,-0.2001,-0.2289,0.2240,-0.0471,0.9735,90.000,nan,nan,nan,0.0000,0.0000,0.0000,nan,nan,nan,-9388.1518,-1537.9404,-179.6813,-9388.1518,-1537.9404,-179.6813,12.000,0,nan,nan
15.3950,161.5833,0,-9100.2749,-1597.8840,-269.1111,nan,nan,nan,0.9980,0.0582,0.0244,-0.0582,0.9983,-0.0014,-0.0244,0.0000,0.9997,0.0000,0.0000,0.0000,0.0000,0.0000,-0.0000,-9388.0013,-1537.9313,-179.7547,nan,nan,nan,0.9527,-0.2001,-0.2289,0.2240,-0.0471,0.9735,90.000,nan,nan,nan,0.0000,0.0000,0.0000,nan,nan,nan,-9388.0013,-1537.9313,-179.7547,-9388.0013,-1537.9313,-179.7547,12.000,0,nan,nan
15.4210,161.6000,0,-9100.2749,-1597.8840,-269.1111,nan,nan,nan,0.9980,0.0582,0.0244,-0.0582,0.9983,-0.0014,-0.0244,0.0000,0.9997,0.0000,0.0000,0.0000,0.0000,0.0000,-0.0000,-9387.9346,-1537.9273,-179.7873,nan,nan,nan,0.9527,-0.2001,-0.2289,0.2240,-0.0471,0.9735,90.000,nan,nan,nan,0.0000,0.0000,0.0000,nan,nan,nan,-9387.9346,-1537.9273,-179.7873,-9387.9346,-1537.9273,-179.7873,12.000,0,nan,nan
15.4470,161.6333,0,-9100.2749,-1597.8840,-269.1111,nan,nan,nan,0.9980,0.0582,0.0244,-0.0582,0.9983,-0.0014,-0.0244,0.0000,0.9997,0.0000,0.0000,0.0000,0.0000,0.0000,-0.0000,-9387.8084,-1537.9197,-179.8488,nan,nan,nan,0.9527,-0.2001,-0.2289,0.2240,-0.0471,0.9735,90.000,nan,nan,nan,0.0000,0.0000,0.0000,nan,nan,nan,-9387.8084,-1537.9197,-179.8488,-9387.8084,-1537.9197,-179.8488,12.000,0,nan,nan
15.4740,161.6667,0,-9100.2749,-1597.8840,-269.1111,nan,nan,nan,0.9980,0.0582,0.0244,-0.0582,0.9983,-0.0014,-0.0244,0.0000,0.9997,0.0000,0.0000,0.0000,0.0000,0.0000,-0.0000,-9387.6960,-1537.9130,-179.9037,nan,nan,nan,0.9527,-0.2001,-0.2289,0.2240,-0.0471,0.9735,90.000,nan,nan,nan,0.0000,0.0000,0.0000,nan,nan,nan,-9387.6960,-1537.9130,-179.9037,-9387.6960,-1537.9130,-179.9037,12.000,0,nan,nan
15.5010,161.6833,0,-9100.2749,-1597.8840,-269.1111,nan,nan,nan,0.9980,0.0582,0.0244,-0.0582,0.9983,-0.0014,-0.0244,0.0000,0.9997,0.0000,0.0000,0.0000,0.0000,0.0000,-0.0000,-9387.6459,-1537.9099,-179.9282,nan,nan,nan,0.9527,-0.2001,-0.2289,0.2240,-0.0471,0.9735,90.000,nan,nan,nan,0.0000,0.0000,0.0000,nan,nan,nan,-9387.6459,-1537.9099,-179.9282,-9387.6459,-1537.9099,-179.9282,12.000,0,nan,nan
15.5250,161.7167,0,-9100.2749,-1597.8840,-269.1111,nan,nan,nan,0.9980,0.0582,0.0244,-0.0582,0.9983,-0.0014,-0.0244,0.0000,0.9997,0.0000,0.0000,0.0000,0.0000,0.0000,-0.0000,-9387.5509,-1537.9042,-179.9745,nan,nan,nan,0.9527,-0.2001,-0.2289,0.2240,-0.0471,0.9735,90.000,nan,nan,nan,0.0000,0.0000,0.0000,nan,nan,nan,-9387.5509,-1537.9042,-179.9745,-9387.5509,-1537.9042,-179.9745,12.000,0,nan,nan
15.5520,161.7333,0,-9100.2749,-1597.8840,-269.1111,nan,nan,nan,0.9980,0.0582,0.0244,-0.0582,0.9983,-0.0014,-0.0244,0.0000,0.9997,0.0000,0.0000,0.0000,0.0000,0.0000,-0.0000,-9387.5083,-1537.9017,-179.9953,nan,nan,nan,0.9527,-0.2001,-0.2289,0.2240,-0.0471,0.9735,90.000,nan,nan,nan,0.0000,0.0000,0.0000,nan,nan,nan,-9387.5083,-1537.9017,-179.9953,-9387.5083,-1537.9017,-179.9953,12.000,0,nan,nan
15.5770,161.7667,0,-9100.2749,-1597.8840,-269.1111,nan,nan,nan,0.9980,0.0582,0.0244,-0.0582,0.9983,-0.0014,-0.0244,0.0000,0.9997,0.0000,0.0000,0.0000,0.0000,0.0000,-0.0000,-9387.4276,-1537.8968,-180.0347,nan,nan,nan,0.9527,-0.2001,-0.2289,0.2240,-0.0471,0.9735,90.000,nan,nan,nan,0.0000,0.0000,0.0000,nan,nan,nan,-9387.4276,-1537.8968,-180.0347,-9387.4276,-1537.8968,-180.0347,12.000,0,nan,nan
15.6010,161.7833,0,-9100.2749,-1597.8840,-269.1111,nan,nan,nan,0.9980,0.0582,0.0244,-0.0582,0.9983,-0.0014,-0.0244,0.0000,0.9997,0.0000,0.0000,0.0000,0.0000,0.0000,-0.0000,-9387.3913,-1537.8946,-180.0524,nan,nan,nan,0.9527,-0.2001,-0.2289,0.2240,-0.0471,0.9735,90.000,nan,nan,nan,0.0000,0.0000,0.0000,nan,nan,nan,-9387.3913,-1537.8946,-180.0524,-9387.3913,-1537.8946,-180.0524,12.000,0,nan,nan
15.6280,161.8167,0,-9100.2749,-1597.8840,-269.1111,nan,nan,nan,0.9980,0.0582,0.0244,-0.0582,0.9983,-0.0014,-0.0244,0.0000,0.9997,0.0000,0.0000,0.0000,0.0000,0.0000,-0.0000,-9387.3224,-1537.8905,-180.0860,nan,nan,nan,0.9527,-0.2001,-0.2289,0.2240,-0.0471,0.9735,90.000,nan,nan,nan,0.0000,0.0000,0.0000,nan,nan,nan,-9387.3224,-1537.8905,-180.0860,-9387.3224,-1537.8905,-180.0860,12.000,0,nan,nan
15.6540,161.8333,0,-9100.2749,-1597.8840,-269.1111,nan,nan,nan,0.9980,0.0582,0.0244,-0.0582,0.9983,-0.0014,-0.0244,0.0000,0.9997,0.0000,0.0000,0.0000,0.0000,0.0000,-0.0000,-9387.2913,-1537.8886,-180.1012,nan,nan,nan,0.9527,-0.2001,-0.2289,0.2240,-0.0471,0.9735,90.000,nan,nan,nan,0.0000,0.0000,0.0000,nan,nan,nan,-9387.2913,-1537.8886,-180.1012,-9387.2913,-1537.8886,-180.1012,12.000,0,nan,nan
15.6810,161.8667,0,-9100.2749,-1597.8840,-269.1111,nan,nan,nan,0.9980,0.0582,0.0244,-0.0582,0.9983,-0.0014,-0.0244,0.0000,0.9997,0.0000,0.0000,0.0000,0.0000,0.0000,-0.0000,-9387.2323,-1537.8851,-180.1300,nan,nan,nan,0.9527,-0.2001,-0.2289,0.2240,-0.0471,0.9735,90.000,nan,nan,nan,0.0000,0.0000,0.0000,nan,nan,nan,-9387.2323,-1537.8851,-180.1300,-9387.2323,-1537.8851,-180.1300,12.000,0,nan,nan
15.7070,161.9000,0,-9100.2749,-1597.8840,-269.1111,nan,nan,nan,0.9980,0.0582,0.0244,-0.0582,0.9983,-0.0014,-0.0244,0.0000,0.9997,0.0000,0.0000,0.0000,0.0000,0.0000,-0.0000,-9387.1789,-1537.8819,-180.1561,nan,nan,nan,0.9527,-0.2001,-0.2289,0.2240,-0.0471,0.9735,90.000,nan,nan,nan,0.0000,0.0000,0.0000,nan,nan,nan,-9387.1789,-1537.8819,-180.1561,-9387.1789,-1537.8819,-180.1561,12.000,0,nan,nan
15.7350,161.9167,0,-9100.8675,-1597.9986,-269.1256,nan,nan,nan,0.9840,-0.1765,0.0240,0.1764,0.9843,0.0043,-0.0244,0.0000,0.9997,0.0000,0.0000,0.0000,-7.1106,-1.3759,-0.1736,-9387.1759,-1537.8914,-180.1948,nan,nan,nan,0.9527,-0.2001,-0.2289,0.2240,-0.0471,0.9735,90.000,nan,nan,nan,0.0000,0.0000,0.0000,nan,nan,nan,-9387.1759,-1537.8914,-180.1948,-9387.1759,-1537.8914,-180.1948,12.000,1,nan,nan
15.7610,161.9500,0,-9103.2675,-1598.4543,-269.1841,nan,nan,nan,0.7967,-0.6041,0.0194,0.6039,0.7969,0.0147,-0.0244,0.0000,0.9997,0.0000,0.0000,0.0000,-22.9330,-4.3850,-0.5598,-9387.7029,-1538.0074,-180.2691,nan,nan,nan,0.9527,-0.2001,-0.2289,0.2240,-0.0471,0.9735,90.000,nan,nan,nan,0.0000,0.0000,0.0000,nan,nan,nan,-9387.7029,-1538.0074,-180.2691,-9387.7029,-1538.0074,-180.2691,12.000,1,nan,nan
15.7870,161.9667,0,-9104.9295,-1598.7341,-269.2247,nan,nan,nan,0.6337,-0.7734,0.0155,0.7732,0.6339,0.0189,-0.0244,0.0000,0.9997,0.0000,0.0000,0.0000,-46.0406,-8.3449,-1.1238,-9388.1644,-1538.0977,-180.3087,nan,nan,nan,0.9527,-0.2001,-0.2289,0.2240,-0.0471,0.9735,90.000,nan,nan,nan,0.0000,0.0000,0.0000,nan,nan,nan,-9388.1644,-1538.0977,-180.3087,-9388.1644,-1538.0977,-180.3087,12.000,1,nan,nan
15.8130,162.0000,0,-9108.6592,-1599.3264,-269.3157,nan,nan,nan,0.2136,-0.9769,0.0052,0.9766,0.2136,0.0238,-0.0244,0.0000,0.9997,0.0000,0.0000,0.0000,-73.0407,-12.6903,-1.7828,-9389.7021,-1538.3674,-180.3888,nan,nan,nan,0.9527,-0.2001,-0.2289,0.2240,-0.0471,0.9735,90.000,nan,nan,nan,0.0000,0.0000,0.0000,nan,nan,nan,-9389.7021,-1538.3674,-180.3888,-9389.7021,-1538.3674,-180.3888,12.000,1,nan,nan
15.8370,162.0333,0,-9112.5302,-1599.9030,-269.4102,nan,nan,nan,-0.2531,-0.9674,-0.0062,0.9671,-0.2532,0.0236,-0.0244,0.0000,0.9997,0.0000,0.0000,0.0000,-94.5558,-15.6435,-2.3080,-9391.6069,-1538.6801,-180.4656,nan,nan,nan,0.9527,-0.2001,-0.2289,0.2240,-0.0471,0.9735,90.000,nan,nan,nan,0.0000,0.0000,0.0000,nan,nan,nan,-9391.6069,-1538.6801,-180.4656,-9391.6069,-1538.6801,-180.4656,12.000,1,nan,nan
15.8620,162.0500,0,-9114.4656,-1600.1933,-269.4588,nan,nan,nan,-0.4719,-0.8816,-0.0115,0.8813,-0.4720,0.0215,-0.0244,0.0000,0.9997,0.0000,0.0000,0.0000,-107.6840,-16.9835,-2.6447,-9392.5616,-1538.8340,-180.5010,nan,nan,nan,0.9527,-0.2001,-0.2289,0.2240,-0.0471,0.9735,90.000,nan,nan,nan,0.0000,0.0000,0.0000,nan,nan,nan,-9392.5616,-1538.8340,-180.5010,-9392.5616,-1538.8340,-180.5010,12.000,1,nan,nan
15.8870,162.0667,0,-9116.3979,-1600.5030,-269.5128,nan,nan,nan,-0.6644,-0.7469,-0.0265,0.7470,-0.6647,0.0091,-0.0244,-0.0138,0.9996,0.0000,0.0000,0.0000,-113.5533,-17.6103,-2.8728,-9393.5744,-1539.0246,-180.5370,nan,nan,nan,0.9527,-0.2001,-0.2289,0.2240,-0.0471,0.9735,90.000,nan,nan,nan,0.0000,0.0000,0.0000,nan,nan,nan,-9393.5744,-1539.0246,-180.5370,-9393.5744,-1539.0246,-180.5370,12.000,1,nan,nan
15.9140,162.1000,0,-9120.2572,-1601.1504,-269.6228,nan,nan,nan,-0.9310,-0.3637,-0.0316,0.3642,-0.9312,-0.0138,-0.0244,-0.0244,0.9994,0.0000,0.0000,0.0000,-115.5046,-18.0662,-3.0322,-9395.9227,-1539.4907,-180.6162,nan,nan,nan,0.9527,-0.2001,-0.2289,0.2240,-0.0471,0.9735,90.000,nan,nan,nan,0.0000,0.0000,0.0000,nan,nan,nan,-9395.9227,-1539.4907,-180.6162,-9395.9227,-1539.4907,-180.6162,12.000,1,nan,nan
15.9390,162.1333,0,-9124.1267,-1601.7843,-270.0057,nan,nan,nan,-0.9862,-0.1630,-0.0281,0.1636,-0.9863,-0.0201,-0.0244,-0.0244,0.9994,0.0000,0.0000,0.0000,-115.8864,-18.5012,-4.7945,-9398.4495,-1539.9689,-180.7455,nan,nan,nan,0.9527,-0.2001,-0.2289,0.2240,-0.0471,0.9735,90.000,nan,nan,nan,0.0000,0.0000,0.0000,nan,nan,nan,-9398.4495,-1539.9689,-180.7455,-9398.4495,-1539.9689,-180.7455,12.000,1,nan,nan
15.9650,162.1500,0,-9126.0435,-1602.0716,-270.2794,nan,nan,nan,-0.9839,-0.1477,-0.1008,0.1462,-0.9890,0.0223,-0.1030,0.0072,0.9947,0.0000,0.0000,0.0000,-115.7386,-18.5524,-7.8481,-9399.7592,-1540.1316,-180.8286,nan,nan,nan,0.9527,-0.2001,-0.2289,0.2240,-0.0471,0.9735,90.000,nan,nan,nan,0.0000,0.0000,0.0000,nan,nan,nan,-9399.7592,-1540.1316,-180.8286,-9399.7592,-1540.1316,-180.8286,12.000,1,nan,nan
15.9920,162.1833,0,-9129.8770,-1602.6462,-270.8268,nan,nan,nan,-0.9792,-0.1472,-0.1398,0.1422,-0.9888,0.0450,-0.1449,0.0241,0.9892,0.0000,0.0000,0.0000,-115.5235,-18.2932,-11.0957,-9402.7075,-1540.4438,-181.0723,nan,nan,nan,0.9527,-0.2001,-0.2289,0.2240,-0.0471,0.9735,90.000,nan,nan,nan,0.0000,0.0000,0.0000,nan,nan,nan,-9402.7075,-1540.4438,-181.0723,-9402.7075,-1540.4438,-181.0723,12.000,1,nan,nan
16.0180,162.2000,0,-9131.7938,-1602.9335,-271.1005,nan,nan,nan,-0.9792,-0.1467,-0.1398,0.1418,-0.9889,0.0449,-0.1449,0.0241,0.9892,0.0000,0.0000,0.0000,-115.3255,-17.8049,-14.3696,-9404.1320,-1540.6014,-181.1993,nan,nan,nan,0.9527,-0.2001,-0.2289,0.2240,-0.0471,0.9735,90.000,nan,nan,nan,0.0000,0.0000,0.0000,nan,nan,nan,-9404.1320,-1540.6014,-181.1993,-9404.1320,-1540.6014,-181.1993,12.000,1,nan,nan
16.0450,162.2333,0,-9135.6274,-1603.5081,-271.6479,nan,nan,nan,-0.9792,-0.1467,-0.1398,0.1418,-0.9889,0.0449,-0.1449,0.0241,0.9892,0.0000,0.0000,0.0000,-115.0699,-17.3509,-16.0115,-9407.2484,-1540.9695,-181.5088,nan,nan,nan,0.9527,-0.2001,-0.2289,0.2240,-0.0471,0.9735,90.000,nan,nan,nan,0.0000,0.0000,0.0000,nan,nan,nan,-9407.2484,-1540.9695,-181.5088,-9407.2484,-1540.9695,-181.5088,12.000,1,nan,nan
16.0700,162.2500,0,-9137.5441,-1603.7954,-271.9216,nan,nan,nan,-0.9792,-0.1467,-0.1398,0.1418,-0.9889,0.0449,-0.1449,0.0241,0.9892,0.0000,0.0000,0.0000,-115.0188,-17.2601,-16.3399,-9408.7288,-1541.1490,-181.6624,nan,nan,nan,0.9527,-0.2001,-0.2289,0.2240,-0.0471,0.9735,90.000,nan,nan,nan,0.0000,0.0000,0.0000,nan,nan,nan,-9408.7288,-1541.1490,-181.6624,-9408.7288,-1541.1490,-181.6624,12.000,1,nan,nan
16.0970,162.2833,0,-9141.3358,-1604.3746,-272.4627,nan,nan,nan,-0.9788,-0.1495,-0.1397,0.1445,-0.9885,0.0453,-0.1449,0.0241,0.9892,0.0000,0.0000,0.0000,-114.7575,-17.2701,-16.3681,-9412.0537,-1541.5710,-182.0303,nan,nan,nan,0.9527,-0.2001,-0.2289,0.2240,-0.0471,0.9735,90.000,nan,nan,nan,0.0000,0.0000,0.0000,nan,nan,nan,-9412.0537,-1541.5710,-182.0303,-9412.0537,-1541.5710,-182.0303,12.000,1,nan,nan
16.1220,162.3167,0,-9145.0715,-1604.9601,-272.9955,nan,nan,nan,-0.9783,-0.1533,-0.1395,0.1483,-0.9879,0.0458,-0.1449,0.0241,0.9892,0.0000,0.0000,0.0000,-114.1182,-17.3372,-16.2862,-9415.4565,-1542.0203,-182.4255,nan,nan,nan,0.9527,-0.2001,-0.2289,0.2240,-0.0471,0.9735,90.000,nan,nan,nan,0.0000,0.0000,0.0000,nan,nan,nan,-9415.4565,-1542.0203,-182.4255,-9415.4565,-1542.0203,-182.4255,12.000,1,nan,nan
16.1500,162.3333,0,-9146.9212,-1605.2014,-273.2605,nan,nan,nan,-0.9817,-0.1281,-0.1406,0.1233,-0.9915,0.0423,-0.1449,0.0241,0.9892,0.0000,0.0000,0.0000,-113.1861,-16.7997,-16.1655,-9417.0130,-1542.2256,-182.6102,nan,nan,nan,0.9527,-0.2001,-0.2289,0.2240,-0.0471,0.9735,90.000,nan,nan,nan,0.0000,0.0000,0.0000,nan,nan,nan,-9417.0130,-1542.2256,-182.6102,-9417.0130,-1542.2256,-182.6102,12.000,1,nan,nan
16.1760,162.3667,0,-9150.5680,-1605.5739,-273.7855,nan,nan,nan,-0.9848,-0.1006,-0.1418,0.0961,-0.9946,0.0383,-0.1449,0.0241,0.9892,0.0000,0.0000,0.0000,-111.8791,-15.4792,-16.0068,-9420.5172,-1542.6707,-183.0405,nan,nan,nan,0.9527,-0.2001,-0.2289,0.2240,-0.0471,0.9735,90.000,nan,nan,nan,0.0000,0.0000,0.0000,nan,nan,nan,-9420.5172,-1542.6707,-183.0405,-9420.5172,-1542.6707,-183.0405,12.000,1,nan,nan
16.2000,162.3833,0,-9152.3429,-1605.6358,-274.0439,nan,nan,nan,-0.9890,-0.0345,-0.1440,0.0307,-0.9991,0.0289,-0.1449,0.0241,0.9892,0.0000,0.0000,0.0000,-110.1660,-12.4830,-15.8292,-9422.1069,-1542.8599,-183.2388,nan,nan,nan,0.9527,-0.2001,-0.2289,0.2240,-0.0471,0.9735,90.000,nan,nan,nan,0.0000,0.0000,0.0000,nan,nan,nan,-9422.1069,-1542.8599,-183.2388,-9422.1069,-1542.8599,-183.2388,12.000,1,nan,nan
16.2260,162.4167,0,-9155.8241,-1605.5874,-274.6786,nan,nan,nan,-0.9893,0.0145,-0.1452,-0.0179,-0.9996,0.0218,-0.1449,0.0241,0.9892,0.0000,0.0000,0.0000,-108.2964,-8.0804,-16.4050,-9425.6405,-1543.2076,-183.7113,nan,nan,nan,0.9527,-0.2001,-0.2289,0.2240,-0.0471,0.9735,90.000,nan,nan,nan,0.0000,0.0000,0.0000,nan,nan,nan,-9425.6405,-1543.2076,-183.7113,-9425.6405,-1543.2076,-183.7113,12.000,1,nan,nan
16.2530,162.4333,0,-9157.5128,-1605.5984,-275.1729,nan,nan,nan,-0.9731,-0.0050,-0.2303,-0.0006,-0.9997,0.0243,-0.2303,0.0237,0.9728,0.0000,0.0000,0.0000,-105.9901,-4.4352,-19.2711,-9427.3949,-1543.3554,-183.9747,nan,nan,nan,0.9527,-0.2001,-0.2289,0.2240,-0.0471,0.9735,90.000,nan,nan,nan,0.0000,0.0000,0.0000,nan,nan,nan,-9427.3949,-1543.3554,-183.9747,-9427.3949,-1543.3554,-183.9747,12.000,1,nan,nan
16.2800,162.4667,0,-9160.8892,-1605.6217,-276.1618,nan,nan,nan,-0.9597,-0.0066,-0.2811,-0.0003,-0.9997,0.0243,-0.2812,0.0234,0.9594,0.0000,0.0000,0.0000,-103.9066,-1.6119,-22.6282,-9431.4102,-1543.6388,-184.6740,nan,nan,nan,0.9527,-0.2001,-0.2289,0.2240,-0.0471,0.9735,90.000,nan,nan,nan,0.0000,0.0000,0.0000,nan,nan,nan,-9431.4102,-1543.6388,-184.6740,-9431.4102,-1543.6388,-184.6740,12.000,1,nan,nan
16.3060,162.5000,0,-9164.2459,-1605.6379,-277.2506,nan,nan,nan,-0.9597,-0.0039,-0.2812,-0.0028,-0.9997,0.0236,-0.2812,0.0234,0.9594,0.0000,0.0000,0.0000,-102.3319,-0.4010,-26.7310,-9435.3009,-1543.8780,-185.4325,nan,nan,nan,0.9527,-0.2001,-0.2289,0.2240,-0.0471,0.9735,90.000,nan,nan,nan,0.0000,0.0000,0.0000,nan,nan,nan,-9435.3009,-1543.8780,-185.4325,-9435.3009,-1543.8780,-185.4325,12.000,1,nan,nan
16.3310,162.5167,0,-9165.8905,-1605.5885,-277.8578,nan,nan,nan,-0.9387,0.0264,-0.3436,-0.0551,-0.9957,0.0743,-0.3402,0.0887,0.9362,0.0000,0.0000,0.0000,-100.8641,0.1435,-31.0298,-9437.1451,-1543.8699,-185.8335,nan,nan,nan,0.9527,-0.2001,-0.2289,0.2240,-0.0471,0.9735,90.000,nan,nan,nan,0.0000,0.0000,0.0000,nan,nan,nan,-9437.1451,-1543.8699,-185.8335,-9437.1451,-1543.8699,-185.8335,12.000,1,nan,nan
16.3570,162.5500,0,-9169.1795,-1605.4897,-279.0722,nan,nan,nan,-0.9377,0.0282,-0.3462,-0.0580,-0.9954,0.0760,-0.3425,0.0913,0.9351,0.0000,0.0000,0.0000,-100.0404,0.9773,-33.2451,-9441.1236,-1543.8304,-186.7808,nan,nan,nan,0.9527,-0.2001,-0.2289,0.2240,-0.0471,0.9735,90.000,nan,nan,nan,0.0000,0.0000,0.0000,nan,nan,nan,-9441.1236,-1543.8304,-186.7808,-9441.1236,-1543.8304,-186.7808,12.000,1,nan,nan
16.3850,162.5667,0,-9170.7972,-1605.4446,-279.6692,nan,nan,nan,-0.9378,0.0261,-0.3461,-0.0560,-0.9955,0.0767,-0.3425,0.0913,0.9351,0.0000,0.0000,0.0000,-99.0297,1.8249,-34.9180,-9442.8875,-1543.8106,-187.2175,nan,nan,nan,0.9527,-0.2001,-0.2289,0.2240,-0.0471,0.9735,90.000,nan,nan,nan,0.0000,0.0000,0.0000,nan,nan,nan,-9442.8875,-1543.8106,-187.2175,-9442.8875,-1543.8106,-187.2175,12.000,1,nan,nan
16.4100,162.6000,0,-9174.0326,-1605.3545,-280.8631,nan,nan,nan,-0.9378,0.0261,-0.3461,-0.0560,-0.9955,0.0767,-0.3425,0.0913,0.9351,0.0000,0.0000,0.0000,-98.0995,2.6324,-35.8837,-9446.6993,-1543.7591,-188.2243,nan,nan,nan,0.9527,-0.2001,-0.2289,0.2240,-0.0471,0.9735,90.000,nan,nan,nan,0.0000,0.0000,0.0000,nan,nan,nan,-9446.6993,-1543.7591,-188.2243,-9446.6993,-1543.7591,-188.2243,12.000,1,nan,nan
16.4360,162.6167,0,-9175.4810,-1605.3312,-281.3959,nan,nan,nan,-0.9384,0.0151,-0.3452,-0.0456,-0.9957,0.0805,-0.3425,0.0913,0.9351,0.0000,0.0000,0.0000,-95.5595,2.4806,-35.1840,-9448.3810,-1543.7361,-188.6802,nan,nan,nan,0.9527,-0.2001,-0.2289,0.2240,-0.0471,0.9735,90.000,nan,nan,nan,0.0000,0.0000,0.0000,nan,nan,nan,-9448.3810,-1543.7361,-188.6802,-9448.3810,-1543.7361,-188.6802,12.000,1,nan,nan
16.4630,162.6500,0,-9175.4810,-1605.3312,-281.3959,nan,nan,nan,-0.9387,0.0081,-0.3446,-0.0390,-0.9958,0.0829,-0.3425,0.0913,0.9351,0.0000,0.0000,0.0000,-75.3172,1.8573,-27.7575,-9451.4301,-1543.6944,-189.5069,nan,nan,nan,0.9527,-0.2001,-0.2289,0.2240,-0.0471,0.9735,90.000,nan,nan,nan,0.0000,0.0000,0.0000,nan,nan,nan,-9451.4301,-1543.6944,-189.5069,-9451.4301,-1543.6944,-189.5069,12.000,6,nan,nan
16.4960,162.6833,0,-9175.4810,-1605.3312,-281.3959,nan,nan,nan,-0.9345,0.0695,-0.3491,-0.0969,-0.9934,0.0615,-0.3425,0.0913,0.9351,0.0000,0.0000,0.0000,-51.8563,1.1919,-19.1087,-9453.9234,-1543.6603,-190.1829,nan,nan,nan,0.9527,-0.2001,-0.2289,0.2240,-0.0471,0.9735,90.000,nan,nan,nan,0.0000,0.0000,0.0000,nan,nan,nan,-9453.9234,-1543.6603,-190.1829,-9453.9234,-1543.6603,-190.1829,12.000,6,nan,nan
16.5210,162.7167,0,-9175.4810,-1605.3312,-281.3959,nan,nan,nan,-0.9345,0.0695,-0.3491,-0.0969,-0.9934,0.0615,-0.3425,0.0913,0.9351,0.0000,0.0000,0.0000,-27.7516,0.5182,-10.2154,-9455.9770,-1543.6322,-190.7396,nan,nan,nan,0.9527,-0.2001,-0.2289,0.2240,-0.0471,0.9735,90.000,nan,nan,nan,0.0000,0.0000,0.0000,nan,nan,nan,-9455.9770,-1543.6322,-190.7396,-9455.9770,-1543.6322,-190.7396,12.000,6,nan,nan
16.5470,162.7333,0,-9175.4810,-1605.3312,-281.3959,nan,nan,nan,-0.9345,0.0695,-0.3491,-0.0969,-0.9934,0.0615,-0.3425,0.0913,0.9351,0.0000,0.0000,0.0000,-5.5503,0.1036,-2.0431,-9456.8284,-1543.6206,-190.9704,nan,nan,nan,0.9527,-0.2001,-0.2289,0.2240,-0.0471,0.9735,90.000,nan,nan,nan,0.0000,0.0000,0.0000,nan,nan,nan,-9456.8284,-1543.6206,-190.9704,-9456.8284,-1543.6206,-190.9704,12.000,6,nan,nan
16.5730,162.7667,0,-9175.4810,-1605.3312,-281.3959,nan,nan,nan,-0.9345,0.0695,-0.3491,-0.0969,-0.9934,0.0615,-0.3425,0.0913,0.9351,0.0000,0.0000,0.0000,-1.1101,0.0207,-0.4086,-9458.3890,-1543.5993,-191.3936,nan,nan,nan,0.9527,-0.2001,-0.2289,0.2240,-0.0471,0.9735,90.000,nan,nan,nan,0.0000,0.0000,0.0000,nan,nan,nan,-9458.3890,-1543.5993,-191.3936,-9458.3890,-1543.5993,-191.3936,12.000,6,nan,nan
16.6000,162.7833,0,-9175.4810,-1605.3312,-281.3959,nan,nan,nan,-0.9345,0.0695,-0.3491,-0.0969,-0.9934,0.0615,-0.3425,0.0913,0.9351,0.0000,0.0000,0.0000,-0.2220,0.0041,-0.0817,-9459.0419,-1543.5903,-191.5706,nan,nan,nan,0.9527,-0.2001,-0.2289,0.2240,-0.0471,0.9735,90.000,nan,nan,nan,0.0000,0.0000,0.0000,nan,nan,nan,-9459.0419,-1543.5903,-191.5706,-9459.0419,-1543.5903,-191.5706,12.000,6,nan,nan
16.6250,162.8167,0,-9175.4810,-1605.3312,-281.3959,nan,nan,nan,-0.9345,0.0695,-0.3491,-0.0969,-0.9934,0.0615,-0.3425,0.0913,0.9351,0.0000,0.0000,0.0000,-0.0444,0.0008,-0.0163,-9460.2433,-1543.5739,-191.8963,nan,nan,nan,0.9527,-0.2001,-0.2289,0.2240,-0.0471,0.9735,90.000,nan,nan,nan,0.0000,0.0000,0.0000,nan,nan,nan,-9460.2433,-1543.5739,-191.8963,-9460.2433,-1543.5739,-191.8963,12.000,6,nan,nan
16.6500,162.8333,0,-9175.4810,-1605.3312,-281.3959,nan,nan,nan,-0.9345,0.0695,-0.3491,-0.0969,-0.9934,0.0615,-0.3425,0.0913,0.9351,0.0000,0.0000,0.0000,-0.0089,0.0002,-0.0033,-9460.7500,-1543.5670,-192.0337,nan,nan,nan,0.9527,-0.2001,-0.2289,0.2240,-0.0471,0.9735,90.000,nan,nan,nan,0.0000,0.0000,0.0000,nan,nan,nan,-9460.7500,-1543.5670,-192.0337,-9460.7500,-1543.5670,-192.0337,12.000,6,nan,nan
16.6770,162.8667,0,-9175.4810,-1605.3312,-281.3959,nan,nan,nan,-0.9345,0.0695,-0.3491,-0.0969,-0.9934,0.0615,-0.3425,0.0913,0.9351,0.0000,0.0000,0.0000,-0.0018,0.0000,-0.0007,-9461.6859,-1543.5542,-192.2874,nan,nan,nan,0.9527,-0.2001,-0.2289,0.2240,-0.0471,0.9735,90.000,nan,nan,nan,0.0000,0.0000,0.0000,nan,nan,nan,-9461.6859,-1543.5542,-192.2874,-9461.6859,-1543.5542,-192.2874,12.000,6,nan,nan
16.7030,162.8833,0,-9175.4810,-1605.3312,-281.3959,nan,nan,nan,-0.9345,0.0695,-0.3491,-0.0969,-0.9934,0.0615,-0.3425,0.0913,0.9351,0.0000,0.0000,0.0000,-0.0004,0.0000,-0.0001,-9462.0835,-1543.5488,-192.3952,nan,nan,nan,0.9527,-0.2001,-0.2289,0.2240,-0.0471,0.9735,90.000,nan,nan,nan,0.0000,0.0000,0.0000,nan,nan,nan,-9462.0835,-1543.5488,-192.3952,-9462.0835,-1543.5488,-192.3952,12.000,6,nan,nan
16.7320,162.9167,0,-9175.4810,-1605.3312,-281.3959,nan,nan,nan,-0.9345,0.0695,-0.3491,-0.0969,-0.9934,0.0615,-0.3425,0.0913,0.9351,0.0000,0.0000,0.0000,-0.0001,0.0000,-0.0000,-9462.8203,-1543.5387,-192.5950,nan,nan,nan,0.9527,-0.2001,-0.2289,0.2240,-0.0471,0.9735,90.000,nan,nan,nan,0.0000,0.0000,0.0000,nan,nan,nan,-9462.8203,-1543.5387,-192.5950,-9462.8203,-1543.5387,-192.5950,12.000,6,nan,nan
16.7590,162.9500,0,-9175.4810,-1605.3312,-281.3959,nan,nan,nan,-0.9345,0.0695,-0.3491,-0.0969,-0.9934,0.0615,-0.3425,0.0913,0.9351,0.0000,0.0000,0.0000,-0.0000,0.0000,-0.0000,-9463.4507,-1543.5301,-192.7659,nan,nan,nan,0.9527,-0.2001,-0.2289,0.2240,-0.0471,0.9735,90.000,nan,nan,nan,0.0000,0.0000,0.0000,nan,nan,nan,-9463.4507,-1543.5301,-192.7659,-9463.4507,-1543.5301,-192.7659,12.000,6,nan,nan
16.7830,162.9667,0,-9175.4810,-1605.3312,-281.3959,nan,nan,nan,-0.9345,0.0695,-0.3491,-0.0969,-0.9934,0.0615,-0.3425,0.0913,0.9351,0.0000,0.0000,0.0000,-0.0000,0.0000,-0.0000,-9463.7216,-1543.5264,-192.8393,nan,nan,nan,0.9527,-0.2001,-0.2289,0.2240,-0.0471,0.9735,90.000,nan,nan,nan,0.0000,0.0000,0.0000,nan,nan,nan,-9463.7216,-1543.5264,-192.8393,-9463.7216,-1543.5264,-192.8393,12.000,6,nan,nan
16.8110,163.0000,0,-9175.4810,-1605.3312,-281.3959,nan,nan,nan,-0.9345,0.0695,-0.3491,-0.0969,-0.9934,0.0615,-0.3425,0.0913,0.9351,0.0000,0.0000,0.0000,-0.0000,0.0000,-0.0000,-9464.2259,-1543.5195,-192.9761,nan,nan,nan,0.9527,-0.2001,-0.2289,0.2240,-0.0471,0.9735,90.000,nan,nan,nan,0.0000,0.0000,0.0000,nan,nan,nan,-9464.2259,-1543.5195,-192.9761,-9464.2259,-1543.5195,-192.9761,12.000,6,nan,nan
16.8370,163.0167,0,-9175.4810,-1605.3312,-281.3959,nan,nan,nan,-0.9345,0.0695,-0.3491,-0.0969,-0.9934,0.0615,-0.3425,0.0913,0.9351,0.0000,0.0000,0.0000,-0.0000,0.0000,-0.0000,-9464.4438,-1543.5165,-193.0351,nan,nan,nan,0.9527,-0.2001,-0.2289,0.2240,-0.0471,0.9735,90.000,nan,nan,nan,0.0000,0.0000,0.0000,nan,nan,nan,-9464.4438,-1543.5165,-193.0351,-9464.4438,-1543.5165,-193.0351,12.000,6,nan,nan
16.8630,163.0500,0,-9175.4810,-1605.3312,-281.3959,nan,nan,nan,-0.9345,0.0695,-0.3491,-0.0969,-0.9934,0.0615,-0.3425,0.0913,0.9351,0.0000,0.0000,0.0000,-0.0000,0.0000,-0.0000,-9464.8507,-1543.5109,-193.1455,nan,nan,nan,0.9527,-0.2001,-0.2289,0.2240,-0.0471,0.9735,90.000,nan,nan,nan,0.0000,0.0000,0.0000,nan,nan,nan,-9464.8507,-1543.5109,-193.1455,-9464.8507,-1543.5109,-193.1455,12.000,6,nan,nan
16.8900,163.0833,0,-9191.7702,-1603.9275,-270.5840,nan,nan,nan,-0.9391,-0.0035,-0.3436,-0.0281,-0.9958,0.0869,-0.3425,0.0913,0.9351,0.0000,0.0000,0.0000,-97.7354,8.4220,64.8715,-9479.3283,-1542.4393,-185.8043,nan,nan,nan,0.9527,-0.2001,-0.2289,0.2240,-0.0471,0.9735,90.000,nan,nan,nan,0.0000,0.0000,0.0000,nan,nan,nan,-9479.3283,-1542.4393,-185.8043,-9479.3283,-1542.4393,-185.8043,12.000,3,nan,1
16.9170,163.1000,0,-9199.9148,-1603.2257,-265.4502,nan,nan,nan,-0.9650,0.0765,-0.2509,-0.0905,-0.9949,0.0445,-0.2462,0.0656,0.9670,0.0000,0.0000,0.0000,-215.0178,18.5284,139.4506,-9484.2543,-1542.1931,-182.1656,nan,nan,nan,0.9527,-0.2001,-0.2289,0.2240,-0.0471,0.9735,90.000,nan,nan,nan,0.0000,0.0000,0.0000,nan,nan,nan,-9484.2543,-1542.1931,-182.1656,-9484.2543,-1542.1931,-182.1656,12.000,3,nan,1
16.9440,163.1333,0,-9216.2041,-1601.8220,-256.2717,nan,nan,nan,-0.9955,0.0817,-0.0474,-0.0822,-0.9966,0.0085,-0.0465,0.0124,0.9988,0.0000,0.0000,0.0000,-336.2097,28.9717,209.4379,-9497.0888,-1541.7407,-172.1819,nan,nan,nan,0.9527,-0.2001,-0.2289,0.2240,-0.0471,0.9735,90.000,nan,nan,nan,0.0000,0.0000,0.0000,nan,nan,nan,-9497.0888,-1541.7407,-172.1819,-9497.0888,-1541.7407,-172.1819,12.000,3,nan,1
16.9710,163.1500,0,-9224.3487,-1601.1202,-251.9546,nan,nan,nan,-0.9963,0.0857,0.0000,-0.0857,-0.9963,-0.0000,0.0000,-0.0000,1.0000,0.0000,0.0000,0.0000,-458.1834,39.4824,275.2401,-9502.2883,-1541.4780,-168.6434,nan,nan,nan,0.9527,-0.2001,-0.2289,0.2240,-0.0471,0.9735,90.000,nan,nan,nan,0.0000,0.0000,0.0000,nan,nan,nan,-9502.2883,-1541.4780,-168.6434,-9502.2883,-1541.4780,-168.6434,12.000,3,nan,1
17.0010,163.1833,0,-9240.6379,-1599.7165,-244.4094,nan,nan,nan,-0.9963,0.0859,0.0000,-0.0859,-0.9963,-0.0000,0.0000,-0.0000,1.0000,0.0000,0.0000,0.0000,-482.5782,41.5845,268.8006,-9517.3105,-1540.3579,-160.6224,nan,nan,nan,0.9527,-0.2001,-0.2289,0.2240,-0.0471,0.9735,90.000,nan,nan,nan,0.0000,0.0000,0.0000,nan,nan,nan,-9517.3105,-1540.3579,-160.6224,-9517.3105,-1540.3579,-160.6224,12.000,5,nan,1
17.0310,163.2167,0,-9256.9272,-1598.3129,-237.9530,nan,nan,nan,-0.9963,0.0859,0.0000,-0.0859,-0.9963,-0.0000,0.0000,-0.0000,1.0000,0.0000,0.0000,0.0000,-487.4571,42.0050,244.6460,-9532.6403,-1539.1008,-153.7890,nan,nan,nan,0.9527,-0.2001,-0.2289,0.2240,-0.0471,0.9735,90.000,nan,nan,nan,0.0000,0.0000,0.0000,nan,nan,nan,-9532.6403,-1539.1008,-153.7890,-9532.6403,-1539.1008,-153.7890,12.000,5,nan,1
17.0580,163.2500,0,-9273.2164,-1596.9092,-232.5855,nan,nan,nan,-0.9963,0.0859,0.0000,-0.0859,-0.9963,-0.0000,0.0000,-0.0000,1.0000,0.0000,0.0000,0.0000,-488.4329,42.0890,216.9484,-9548.1379,-1537.7900,-147.9934,nan,nan,nan,0.9527,-0.2001,-0.2289,0.2240,-0.0471,0.9735,90.000,nan,nan,nan,0.0000,0.0000,0.0000,nan,nan,nan,-9548.1379,-1537.7900,-147.9934,-9548.1379,-1537.7900,-147.9934,12.000,5,nan,1
17.0860,163.2667,0,-9281.3610,-1596.2074,-230.1740,nan,nan,nan,-0.9963,0.0859,0.0000,-0.0859,-0.9963,-0.0000,0.0000,-0.0000,1.0000,0.0000,0.0000,0.0000,-488.6281,42.1059,188.5422,-9554.4734,-1537.2498,-145.8354,nan,nan,nan,0.9527,-0.2001,-0.2289,0.2240,-0.0471,0.9735,90.000,nan,nan,nan,0.0000,0.0000,0.0000,nan,nan,nan,-9554.4734,-1537.2498,-145.8354,-9554.4734,-1537.2498,-145.8354,12.000,5,nan,1
17.1140,163.3000,0,-9297.6502,-1594.8037,-226.4399,nan,nan,nan,-0.9963,0.0859,0.0000,-0.0859,-0.9963,-0.0000,0.0000,-0.0000,1.0000,0.0000,0.0000,0.0000,-488.6671,42.1092,159.9943,-9570.5763,-1535.8686,-141.3587,nan,nan,nan,0.9527,-0.2001,-0.2289,0.2240,-0.0471,0.9735,90.000,nan,nan,nan,0.0000,0.0000,0.0000,nan,nan,nan,-9570.5763,-1535.8686,-141.3587,-9570.5763,-1535.8686,-141.3587,12.000,5,nan,1
17.1410,163.3333,0,-9313.9395,-1593.4000,-223.7946,nan,nan,nan,-0.9963,0.0859,0.0000,-0.0859,-0.9963,-0.0000,0.0000,-0.0000,1.0000,0.0000,0.0000,0.0000,-488.6749,42.1099,131.4181,-9586.6923,-1534.4827,-137.9191,nan,nan,nan,0.9527,-0.2001,-0.2289,0.2240,-0.0471,0.9735,90.000,nan,nan,nan,0.0000,0.0000,0.0000,nan,nan,nan,-9586.6923,-1534.4827,-137.9191,-9586.6923,-1534.4827,-137.9191,12.000,5,nan,1
17.1710,163.3500,0,-9322.0841,-1592.6982,-222.7442,nan,nan,nan,-0.9963,0.0859,0.0000,-0.0859,-0.9963,-0.0000,0.0000,-0.0000,1.0000,0.0000,0.0000,0.0000,-488.6765,42.1100,106.1028,-9593.3302,-1533.9115,-136.7179,nan,nan,nan,0.9527,-0.2001,-0.2289,0.2240,-0.0471,0.9735,90.000,nan,nan,nan,0.0000,0.0000,0.0000,nan,nan,nan,-9593.3302,-1533.9115,-136.7179,-9593.3302,-1533.9115,-136.7179,12.000,5,nan,1
17.1980,163.3833,0,-9338.3733,-1591.2945,-221.7323,nan,nan,nan,-0.9963,0.0859,0.0000,-0.0859,-0.9963,-0.0000,0.0000,-0.0000,1.0000,0.0000,0.0000,0.0000,-488.6768,42.1101,78.1731,-9609.5386,-1532.5156,-134.8021,nan,nan,nan,0.9527,-0.2001,-0.2289,0.2240,-0.0471,0.9735,90.000,nan,nan,nan,0.0000,0.0000,0.0000,nan,nan,nan,-9609.5386,-1532.5156,-134.8021,-9609.5386,-1532.5156,-134.8021,12.000,5,nan,1
17.2260,163.4167,0,-9354.6625,-1589.8908,-221.8093,nan,nan,nan,-0.9963,0.0859,0.0000,-0.0859,-0.9963,-0.0000,0.0000,-0.0000,1.0000,0.0000,0.0000,0.0000,-488.6769,42.1101,49.7205,-9625.8050,-1531.1143,-133.9327,nan,nan,nan,0.9527,-0.2001,-0.2289,0.2240,-0.0471,0.9735,90.000,nan,nan,nan,0.0000,0.0000,0.0000,nan,nan,nan,-9625.8050,-1531.1143,-133.9327,-9625.8050,-1531.1143,-133.9327,12.000,5,nan,1
17.2550,163.4333,0,-9362.8071,-1589.1890,-222.1200,nan,nan,nan,-0.9963,0.0859,0.0000,-0.0859,-0.9963,-0.0000,0.0000,-0.0000,1.0000,0.0000,0.0000,0.0000,-488.6769,42.1101,24.4300,-9632.7331,-1530.5174,-133.7891,nan,nan,nan,0.9527,-0.2001,-0.2289,0.2240,-0.0471,0.9735,90.000,nan,nan,nan,0.0000,0.0000,0.0000,nan,nan,nan,-9632.7331,-1530.5174,-133.7891,-9632.7331,-1530.5174,-133.7891,12.000,5,nan,1
17.2820,163.4667,0,-9379.0964,-1587.7853,-223.8303,nan,nan,nan,-0.9963,0.0859,0.0000,-0.0859,-0.9963,-0.0000,0.0000,-0.0000,1.0000,0.0000,0.0000,0.0000,-488.6769,42.1101,-3.4948,-9649.0963,-1529.1075,-134.4919,nan,nan,nan,0.9527,-0.2001,-0.2289,0.2240,-0.0471,0.9735,90.000,nan,nan,nan,0.0000,0.0000,0.0000,nan,nan,nan,-9649.0963,-1529.1075,-134.4919,-9649.0963,-1529.1075,-134.4919,12.000,5,nan,1
17.3120,163.5000,0,-9395.3856,-1586.3817,-226.6295,nan,nan,nan,-0.9963,0.0859,0.0000,-0.0859,-0.9963,-0.0000,0.0000,-0.0000,1.0000,0.0000,0.0000,0.0000,-488.6769,42.1101,-31.9464,-9665.5270,-1527.6917,-136.2726,nan,nan,nan,0.9527,-0.2001,-0.2289,0.2240,-0.0471,0.9735,90.000,nan,nan,nan,0.0000,0.0000,0.0000,nan,nan,nan,-9665.5270,-1527.6917,-136.2726,-9665.5270,-1527.6917,-136.2726,12.000,5,nan,1
17.3430,163.5333,0,-9411.6748,-1584.9780,-230.5176,nan,nan,nan,-0.9963,0.0859,0.0000,-0.0859,-0.9963,-0.0000,0.0000,-0.0000,1.0000,0.0000,0.0000,0.0000,-488.6769,42.1101,-60.5034,-9682.0222,-1526.2703,-139.1564,nan,nan,nan,0.9527,-0.2001,-0.2289,0.2240,-0.0471,0.9735,90.000,nan,nan,nan,0.0000,0.0000,0.0000,nan,nan,nan,-9682.0222,-1526.2703,-139.1564,-9682.0222,-1526.2703,-139.1564,12.000,5,nan,1
17.3700,163.5500,0,-9419.8195,-1584.2762,-232.7339,nan,nan,nan,-0.9963,0.0859,0.0000,-0.0859,-0.9963,-0.0000,0.0000,-0.0000,1.0000,0.0000,0.0000,0.0000,-488.6769,42.1101,-89.0815,-9689.2833,-1525.6446,-140.6696,nan,nan,nan,0.9527,-0.2001,-0.2289,0.2240,-0.0471,0.9735,90.000,nan,nan,nan,0.0000,0.0000,0.0000,nan,nan,nan,-9689.2833,-1525.6446,-140.6696,-9689.2833,-1525.6446,-140.6696,12.000,5,nan,1
17.3990,163.5833,0,-9436.1087,-1582.8725,-238.2553,nan,nan,nan,-0.9963,0.0859,0.0000,-0.0859,-0.9963,-0.0000,0.0000,-0.0000,1.0000,0.0000,0.0000,0.0000,-488.6769,42.1101,-117.6638,-9705.8711,-1524.2152,-145.2079,nan,nan,nan,0.9527,-0.2001,-0.2289,0.2240,-0.0471,0.9735,90.000,nan,nan,nan,0.0000,0.0000,0.0000,nan,nan,nan,-9705.8711,-1524.2152,-145.2079,-9705.8711,-1524.2152,-145.2079,12.000,5,nan,1
17.4270,163.6167,0,-9452.3979,-1581.4688,-244.8656,nan,nan,nan,-0.9963,0.0859,0.0000,-0.0859,-0.9963,-0.0000,0.0000,-0.0000,1.0000,0.0000,0.0000,0.0000,-488.6769,42.1101,-146.2469,-9722.5114,-1522.7813,-150.8692,nan,nan,nan,0.9527,-0.2001,-0.2289,0.2240,-0.0471,0.9735,90.000,nan,nan,nan,0.0000,0.0000,0.0000,nan,nan,nan,-9722.5114,-1522.7813,-150.8692,-9722.5114,-1522.7813,-150.8692,12.000,5,nan,1
17.4540,163.6333,0,-9460.5425,-1580.7670,-248.4430,nan,nan,nan,-0.9963,0.0859,0.0000,-0.0859,-0.9963,-0.0000,0.0000,-0.0000,1.0000,0.0000,0.0000,0.0000,-488.6769,42.1101,-171.5635,-9730.0726,-1522.1297,-153.6975,nan,nan,nan,0.9527,-0.2001,-0.2289,0.2240,-0.0471,0.9735,90.000,nan,nan,nan,0.0000,0.0000,0.0000,nan,nan,nan,-9730.0726,-1522.1297,-153.6975,-9730.0726,-1522.1297,-153.6975,12.000,5,nan,1
17.4830,163.6667,0,-9476.8318,-1579.3633,-256.6866,nan,nan,nan,-0.9963,0.0859,0.0000,-0.0859,-0.9963,-0.0000,0.0000,-0.0000,1.0000,0.0000,0.0000,0.0000,-488.6769,42.1101,-199.4935,-9746.7797,-1520.6901,-161.0505,nan,nan,nan,0.9527,-0.2001,-0.2289,0.2240,-0.0471,0.9735,90.000,nan,nan,nan,0.0000,0.0000,0.0000,nan,nan,nan,-9746.7797,-1520.6901,-161.0505,-9746.7797,-1520.6901,-161.0505,12.000,5,nan,1
17.5120,163.7000,0,-9493.1210,-1577.9597,-266.0192,nan,nan,nan,-0.9963,0.0859,0.0000,-0.0859,-0.9963,-0.0000,0.0000,-0.0000,1.0000,0.0000,0.0000,0.0000,-488.6769,42.1101,-227.9462,-9763.5184,-1519.2477,-169.5441,nan,nan,nan,0.9527,-0.2001,-0.2289,0.2240,-0.0471,0.9735,90.000,nan,nan,nan,0.0000,0.0000,0.0000,nan,nan,nan,-9763.5184,-1519.2477,-169.5441,-9763.5184,-1519.2477,-169.5441,12.000,5,nan,1
17.5410,163.7167,0,-9501.2656,-1577.2578,-270.9577,nan,nan,nan,-0.9963,0.0859,0.0000,-0.0859,-0.9963,-0.0000,0.0000,-0.0000,1.0000,0.0000,0.0000,0.0000,-488.6769,42.1101,-253.2367,-9771.3540,-1518.5724,-173.7882,nan,nan,nan,0.9527,-0.2001,-0.2289,0.2240,-0.0471,0.9735,90.000,nan,nan,nan,0.0000,0.0000,0.0000,nan,nan,nan,-9771.3540,-1518.5724,-173.7882,-9771.3540,-1518.5724,-173.7882,12.000,5,nan,1
17.5700,163.7500,0,-9517.5548,-1575.8542,-281.9235,nan,nan,nan,-0.9963,0.0859,0.0000,-0.0859,-0.9963,-0.0000,0.0000,-0.0000,1.0000,0.0000,0.0000,0.0000,-488.6769,42.1101,-281.1615,-9788.1255,-1517.1272,-183.9955,nan,nan,nan,0.9527,-0.2001,-0.2289,0.2240,-0.0471,0.9735,90.000,nan,nan,nan,0.0000,0.0000,0.0000,nan,nan,nan,-9788.1255,-1517.1272,-183.9955,-9788.1255,-1517.1272,-183.9955,12.000,5,nan,1
17.5970,163.7833,0,-9533.8441,-1574.4505,-293.9783,nan,nan,nan,-0.9963,0.0859,0.0000,-0.0859,-0.9963,-0.0000,0.0000,-0.0000,1.0000,0.0000,0.0000,0.0000,-488.6769,42.1101,-309.6131,-9804.9074,-1515.6811,-195.3491,nan,nan,nan,0.9527,-0.2001,-0.2289,0.2240,-0.0471,0.9735,90.000,nan,nan,nan,0.0000,0.0000,0.0000,nan,nan,nan,-9804.9074,-1515.6811,-195.3491,-9804.9074,-1515.6811,-195.3491,12.000,5,nan,1
17.6250,163.8167,0,-9543.4952,-1573.6188,-301.6257,nan,nan,nan,-0.9963,0.0859,0.0000,-0.0859,-0.9963,-0.0000,0.0000,-0.0000,1.0000,0.0000,0.0000,0.0000,-448.8481,38.6780,-305.1926,-9814.8875,-1514.8211,-202.5585,nan,nan,nan,0.9527,-0.2001,-0.2289,0.2240,-0.0471,0.9735,90.000,nan,nan,nan,0.0000,0.0000,0.0000,nan,nan,nan,-9814.8875,-1514.8211,-202.5585,-9814.8875,-1514.8211,-202.5585,12.000,5,nan,1
17.6530,163.8333,0,-9543.4952,-1573.6188,-301.6257,nan,nan,nan,-0.9963,0.0859,0.0000,-0.0859,-0.9963,-0.0000,0.0000,-0.0000,1.0000,0.0000,0.0000,0.0000,-343.1470,29.5695,-245.0466,-9815.9692,-1514.7279,-203.3400,nan,nan,nan,0.9527,-0.2001,-0.2289,0.2240,-0.0471,0.9735,90.000,nan,nan,nan,0.0000,0.0000,0.0000,nan,nan,nan,-9815.9692,-1514.7279,-203.3400,-9815.9692,-1514.7279,-203.3400,12.000,0,nan,nan
17.6820,163.8667,0,-9543.4952,-1573.6188,-301.6257,nan,nan,nan,-0.9963,0.0859,0.0000,-0.0859,-0.9963,-0.0000,0.0000,-0.0000,1.0000,0.0000,0.0000,0.0000,-224.2714,19.3258,-167.2223,-9817.9392,-1514.5581,-204.7631,nan,nan,nan,0.9527,-0.2001,-0.2289,0.2240,-0.0471,0.9735,90.000,nan,nan,nan,0.0000,0.0000,0.0000,nan,nan,nan,-9817.9392,-1514.5581,-204.7631,-9817.9392,-1514.5581,-204.7631,12.000,0,nan,nan
17.7080,163.9000,0,-9543.4952,-1573.6188,-301.6257,nan,nan,nan,-0.9963,0.0859,0.0000,-0.0859,-0.9963,-0.0000,0.0000,-0.0000,1.0000,0.0000,0.0000,0.0000,-102.7609,8.8551,-79.3288,-9819.5652,-1514.4180,-205.9376,nan,nan,nan,0.9527,-0.2001,-0.2289,0.2240,-0.0471,0.9735,90.000,nan,nan,nan,0.0000,0.0000,0.0000,nan,nan,nan,-9819.5652,-1514.4180,-205.9376,-9819.5652,-1514.4180,-205.9376,12.000,0,nan,nan
17.7340,163.9167,0,-9543.4952,-1573.6188,-301.6257,nan,nan,nan,-0.9963,0.0859,0.0000,-0.0859,-0.9963,-0.0000,0.0000,-0.0000,1.0000,0.0000,0.0000,0.0000,-20.5522,1.7710,-15.8658,-9820.2405,-1514.3598,-206.4255,nan,nan,nan,0.9527,-0.2001,-0.2289,0.2240,-0.0471,0.9735,90.000,nan,nan,nan,0.0000,0.0000,0.0000,nan,nan,nan,-9820.2405,-1514.3598,-206.4255,-9820.2405,-1514.3598,-206.4255,12.000,0,nan,nan
17.7610,163.9500,0,-9543.4952,-1573.6188,-301.6257,nan,nan,nan,-0.9963,0.0859,0.0000,-0.0859,-0.9963,-0.0000,0.0000,-0.0000,1.0000,0.0000,0.0000,0.0000,-4.1104,0.3542,-3.1732,-9821.4795,-1514.2531,-207.3205,nan,nan,nan,0.9527,-0.2001,-0.2289,0.2240,-0.0471,0.9735,90.000,nan,nan,nan,0.0000,0.0000,0.0000,nan,nan,nan,-9821.4795,-1514.2531,-207.3205,-9821.4795,-1514.2531,-207.3205,12.000,0,nan,nan
17.7890,163.9667,0,-9543.4952,-1573.6188,-301.6257,nan,nan,nan,-0.9963,0.0859,0.0000,-0.0859,-0.9963,-0.0000,0.0000,-0.0000,1.0000,0.0000,0.0000,0.0000,-0.8221,0.0708,-0.6346,-9821.9987,-1514.2083,-207.6956,nan,nan,nan,0.9527,-0.2001,-0.2289,0.2240,-0.0471,0.9735,90.000,nan,nan,nan,0.0000,0.0000,0.0000,nan,nan,nan,-9821.9987,-1514.2083,-207.6956,-9821.9987,-1514.2083,-207.6956,12.000,0,nan,nan
17.8160,164.0000,0,-9543.4952,-1573.6188,-301.6257,nan,nan,nan,-0.9963,0.0859,0.0000,-0.0859,-0.9963,-0.0000,0.0000,-0.0000,1.0000,0.0000,0.0000,0.0000,-0.1644,0.0142,-0.1269,-9822.9549,-1514.1259,-208.3863,nan,nan,nan,0.9527,-0.2001,-0.2289,0.2240,-0.0471,0.9735,90.000,nan,nan,nan,0.0000,0.0000,0.0000,nan,nan,nan,-9822.9549,-1514.1259,-208.3863,-9822.9549,-1514.1259,-208.3863,12.000,0,nan,nan
17.8420,164.0333,0,-9543.4952,-1573.6188,-301.6257,nan,nan,nan,-0.9963,0.0859,0.0000,-0.0859,-0.9963,-0.0000,0.0000,-0.0000,1.0000,0.0000,0.0000,0.0000,-0.0329,0.0028,-0.0254,-9823.7627,-1514.0563,-208.9699,nan,nan,nan,0.9527,-0.2001,-0.2289,0.2240,-0.0471,0.9735,90.000,nan,nan,nan,0.0000,0.0000,0.0000,nan,nan,nan,-9823.7627,-1514.0563,-208.9699,-9823.7627,-1514.0563,-208.9699,12.000,0,nan,nan
17.8680,164.0500,0,-9543.4952,-1573.6188,-301.6257,nan,nan,nan,-0.9963,0.0859,0.0000,-0.0859,-0.9963,-0.0000,0.0000,-0.0000,1.0000,0.0000,0.0000,0.0000,-0.0066,0.0006,-0.0051,-9824.1057,-1514.0267,-209.2176,nan,nan,nan,0.9527,-0.2001,-0.2289,0.2240,-0.0471,0.9735,90.000,nan,nan,nan,0.0000,0.0000,0.0000,nan,nan,nan,-9824.1057,-1514.0267,-209.2176,-9824.1057,-1514.0267,-209.2176,12.000,0,nan,nan
17.8960,164.0833,0,-9543.4952,-1573.6188,-301.6257,nan,nan,nan,-0.9963,0.0859,0.0000,-0.0859,-0.9963,-0.0000,0.0000,-0.0000,1.0000,0.0000,0.0000,0.0000,-0.0013,0.0001,-0.0010,-9824.7409,-1513.9720,-209.6765,nan,nan,nan,0.9527,-0.2001,-0.2289,0.2240,-0.0471,0.9735,90.000,nan,nan,nan,0.0000,0.0000,0.0000,nan,nan,nan,-9824.7409,-1513.9720,-209.6765,-9824.7409,-1513.9720,-209.6765,12.000,0,nan,nan
17.9210,164.1167,0,-9543.4952,-1573.6188,-301.6257,nan,nan,nan,-0.9963,0.0859,0.0000,-0.0859,-0.9963,-0.0000,0.0000,-0.0000,1.0000,0.0000,0.0000,0.0000,-0.0003,0.0000,-0.0002,-9825.2840,-1513.9252,-210.0688,nan,nan,nan,0.9527,-0.2001,-0.2289,0.2240,-0.0471,0.9735,90.000,nan,nan,nan,0.0000,0.0000,0.0000,nan,nan,nan,-9825.2840,-1513.9252,-210.0688,-9825.2840,-1513.9252,-210.0688,12.000,0,nan,nan
17.9500,164.1333,0,-9543.4952,-1573.6188,-301.6257,nan,nan,nan,-0.9963,0.0859,0.0000,-0.0859,-0.9963,-0.0000,0.0000,-0.0000,1.0000,0.0000,0.0000,0.0000,-0.0001,0.0000,-0.0000,-9825.5172,-1513.9051,-210.2373,nan,nan,nan,0.9527,-0.2001,-0.2289,0.2240,-0.0471,0.9735,90.000,nan,nan,nan,0.0000,0.0000,0.0000,nan,nan,nan,-9825.5172,-1513.9051,-210.2373,-9825.5172,-1513.9051,-210.2373,12.000,0,nan,nan
17.9770,164.1667,0,-9543.4952,-1573.6188,-301.6257,nan,nan,nan,-0.9963,0.0859,0.0000,-0.0859,-0.9963,-0.0000,0.0000,-0.0000,1.0000,0.0000,0.0000,0.0000,-0.0000,0.0000,-0.0000,-9825.9511,-1513.8677,-210.5507,nan,nan,nan,0.9527,-0.2001,-0.2289,0.2240,-0.0471,0.9735,90.000,nan,nan,nan,0.0000,0.0000,0.0000,nan,nan,nan,-9825.9511,-1513.8677,-210.5507,-9825.9511,-1513.8677,-210.5507,12.000,0,nan,nan
18.0040,164.1833,0,-9543.4952,-1573.6188,-301.6257,nan,nan,nan,-0.9963,0.0859,0.0000,-0.0859,-0.9963,-0.0000,0.0000,-0.0000,1.0000,0.0000,0.0000,0.0000,-0.0000,0.0000,-0.0000,-9826.1386,-1513.8516,-210.6861,nan,nan,nan,0.9527,-0.2001,-0.2289,0.2240,-0.0471,0.9735,90.000,nan,nan,nan,0.0000,0.0000,0.0000,nan,nan,nan,-9826.1386,-1513.8516,-210.6861,-9826.1386,-1513.8516,-210.6861,12.000,0,nan,nan
18.0320,164.2167,0,-9543.4952,-1573.6188,-301.6257,nan,nan,nan,-0.9963,0.0859,0.0000,-0.0859,-0.9963,-0.0000,0.0000,-0.0000,1.0000,0.0000,0.0000,0.0000,-0.0000,0.0000,-0.0000,-9826.4883,-1513.8214,-210.9388,nan,nan,nan,0.9527,-0.2001,-0.2289,0.2240,-0.0471,0.9735,90.000,nan,nan,nan,0.0000,0.0000,0.0000,nan,nan,nan,-9826.4883,-1513.8214,-210.9388,-9826.4883,-1513.8214,-210.9388,12.000,0,nan,nan
18.0580,164.2500,0,-9543.4952,-1573.6188,-301.6257,nan,nan,nan,-0.9963,0.0859,0.0000,-0.0859,-0.9963,-0.0000,0.0000,-0.0000,1.0000,0.0000,0.0000,0.0000,-0.0000,0.0000,-0.0000,-9826.7921,-1513.7953,-211.1583,nan,nan,nan,0.9527,-0.2001,-0.2289,0.2240,-0.0471,0.9735,90.000,nan,nan,nan,0.0000,0.0000,0.0000,nan,nan,nan,-9826.7921,-1513.7953,-211.1583,-9826.7921,-1513.7953,-211.1583,12.000,0,nan,nan
18.0850,164.2667,0,-9543.4952,-1573.6188,-301.6257,nan,nan,nan,-0.9963,0.0859,0.0000,-0.0859,-0.9963,-0.0000,0.0000,-0.0000,1.0000,0.0000,0.0000,0.0000,-0.0000,0.0000,-0.0000,-9826.9245,-1513.7839,-211.2539,nan,nan,nan,0.9527,-0.2001,-0.2289,0.2240,-0.0471,0.9735,90.000,nan,nan,nan,0.0000,0.0000,0.0000,nan,nan,nan,-9826.9245,-1513.7839,-211.2539,-9826.9245,-1513.7839,-211.2539,12.000,0,nan,nan
18.1110,164.3000,0,-9543.4952,-1573.6188,-301.6257,nan,nan,nan,-0.9963,0.0859,0.0000,-0.0859,-0.9963,-0.0000,0.0000,-0.0000,1.0000,0.0000,0.0000,0.0000,-0.0000,0.0000,-0.0000,-9827.1725,-1513.7625,-211.4331,nan,nan,nan,0.9527,-0.2001,-0.2289,0.2240,-0.0471,0.9735,90.000,nan,nan,nan,0.0000,0.0000,0.0000,nan,nan,nan,-9827.1725,-1513.7625,-211.4331,-9827.1725,-1513.7625,-211.4331,12.000,0,nan,nan
18.1370,164.3167,0,-9543.4952,-1573.6188,-301.6257,nan,nan,nan,-0.9963,0.0859,0.0000,-0.0859,-0.9963,-0.0000,0.0000,-0.0000,1.0000,0.0000,0.0000,0.0000,-0.0000,0.0000,-0.0000,-9827.2811,-1513.7531,-211.5115,nan,nan,nan,0.9527,-0.2001,-0.2289,0.2240,-0.0471,0.9735,90.000,nan,nan,nan,0.0000,0.0000,0.0000,nan,nan,nan,-9827.2811,-1513.7531,-211.5115,-9827.2811,-1513.7531,-211.5115,12.000,0,nan,nan
18.1650,164.3500,0,-9543.4952,-1573.6188,-301.6257,nan,nan,nan,-0.9963,0.0859,0.0000,-0.0859,-0.9963,-0.0000,0.0000,-0.0000,1.0000,0.0000,0.0000,0.0000,-0.0000,0.0000,-0.0000,-9827.4851,-1513.7355,-211.6588,nan,nan,nan,0.9527,-0.2001,-0.2289,0.2240,-0.0471,0.9735,90.000,nan,nan,nan,0.0000,0.0000,0.0000,nan,nan,nan,-9827.4851,-1513.7355,-211.6588,-9827.4851,-1513.7355,-211.6588,12.000,0,nan,nan
18.1930,164.3833,0,-9543.4952,-1573.6188,-301.6257,nan,nan,nan,-0.9963,0.0859,0.0000,-0.0859,-0.9963,-0.0000,0.0000,-0.0000,1.0000,0.0000,0.0000,0.0000,-0.0000,0.0000,-0.0000,-9827.6645,-1513.7201,-211.7885,nan,nan,nan,0.9527,-0.2001,-0.2289,0.2240,-0.0471,0.9735,90.000,nan,nan,nan,0.0000,0.0000,0.0000,nan,nan,nan,-9827.6645,-1513.7201,-211.7885,-9827.6645,-1513.7201,-211.7885,12.000,0,nan,nan
18.2190,164.4000,0,-9543.4952,-1573.6188,-301.6257,nan,nan,nan,-0.9963,0.0859,0.0000,-0.0859,-0.9963,-0.0000,0.0000,-0.0000,1.0000,0.0000,0.0000,0.0000,-0.0000,0.0000,-0.0000,-9827.7436,-1513.7133,-211.8456,nan,nan,nan,0.9527,-0.2001,-0.2289,0.2240,-0.0471,0.9735,90.000,nan,nan,nan,0.0000,0.0000,0.0000,nan,nan,nan,-9827.7436,-1513.7133,-211.8456,-9827.7436,-1513.7133,-211.8456,12.000,0,nan,nan
18.2470,164.4333,0,-9543.4952,-1573.6188,-301.6257,nan,nan,nan,-0.9963,0.0859,0.0000,-0.0859,-0.9963,-0.0000,0.0000,-0.0000,1.0000,0.0000,0.0000,0.0000,-0.0000,0.0000,-0.0000,-9827.8927,-1513.7004,-211.9533,nan,nan,nan,0.9527,-0.2001,-0.2289,0.2240,-0.0471,0.9735,90.000,nan,nan,nan,0.0000,0.0000,0.0000,nan,nan,nan,-9827.8927,-1513.7004,-211.9533,-9827.8927,-1513.7004,-211.9533,12.000,0,nan,nan
18.2730,164.4667,0,-9543.4952,-1573.6188,-301.6257,nan,nan,nan,-0.9963,0.0859,0.0000,-0.0859,-0.9963,-0.0000,0.0000,-0.0000,1.0000,0.0000,0.0000,0.0000,-0.0000,0.0000,-0.0000,-9828.0248,-1513.6890,-212.0487,nan,nan,nan,0.9527,-0.2001,-0.2289,0.2240,-0.0471,0.9735,90.000,nan,nan,nan,0.0000,0.0000,0.0000,nan,nan,nan,-9828.0248,-1513.6890,-212.0487,-9828.0248,-1513.6890,-212.0487,12.000,0,nan,nan
18.2980,164.4833,0,-9543.4952,-1573.6188,-301.6257,nan,nan,nan,-0.9963,0.0859,0.0000,-0.0859,-0.9963,-0.0000,0.0000,-0.0000,1.0000,0.0000,0.0000,0.0000,-0.0000,0.0000,-0.0000,-9828.0834,-1513.6840,-212.0911,nan,nan,nan,0.9527,-0.2001,-0.2289,0.2240,-0.0471,0.9735,90.000,nan,nan,nan,0.0000,0.0000,0.0000,nan,nan,nan,-9828.0834,-1513.6840,-212.0911,-9828.0834,-1513.6840,-212.0911,12.000,0,nan,nan
18.3230,164.5167,0,-9543.4952,-1573.6188,-301.6257,nan,nan,nan,-0.9963,0.0859,0.0000,-0.0859,-0.9963,-0.0000,0.0000,-0.0000,1.0000,0.0000,0.0000,0.0000,-0.0000,0.0000,-0.0000,-9828.1942,-1513.6744,-212.1711,nan,nan,nan,0.9527,-0.2001,-0.2289,0.2240,-0.0471,0.9735,90.000,nan,nan,nan,0.0000,0.0000,0.0000,nan,nan,nan,-9828.1942,-1513.6744,-212.1711,-9828.1942,-1513.6744,-212.1711,12.000,0,nan,nan
18.3510,164.5333,0,-9543.4952,-1573.6188,-301.6257,nan,nan,nan,-0.9963,0.0859,0.0000,-0.0859,-0.9963,-0.0000,0.0000,-0.0000,1.0000,0.0000,0.0000,0.0000,-0.0000,0.0000,-0.0000,-9828.2436,-1513.6702,-212.2068,nan,nan,nan,0.9527,-0.2001,-0.2289,0.2240,-0.0471,0.9735,90.000,nan,nan,nan,0.0000,0.0000,0.0000,nan,nan,nan,-9828.2436,-1513.6702,-212.2068,-9828.2436,-1513.6702,-212.2068,12.000,0,nan,nan
18.3780,164.5667,0,-9543.4952,-1573.6188,-301.6257,nan,nan,nan,-0.9963,0.0859,0.0000,-0.0859,-0.9963,-0.0000,0.0000,-0.0000,1.0000,0.0000,0.0000,0.0000,-0.0000,0.0000,-0.0000,-9828.3371,-1513.6621,-212.2743,nan,nan,nan,0.9527,-0.2001,-0.2289,0.2240,-0.0471,0.9735,90.000,nan,nan,nan,0.0000,0.0000,0.0000,nan,nan,nan,-9828.3371,-1513.6621,-212.2743,-9828.3371,-1513.6621,-212.2743,12.000,0,nan,nan
18.4070,164.5833,0,-9543.4952,-1573.6188,-301.6257,nan,nan,nan,-0.9963,0.0859,0.0000,-0.0859,-0.9963,-0.0000,0.0000,-0.0000,1.0000,0.0000,0.0000,0.0000,-0.0000,0.0000,-0.0000,-9828.3789,-1513.6585,-212.3045,nan,nan,nan,0.9527,-0.2001,-0.2289,0.2240,-0.0471,0.9735,90.000,nan,nan,nan,0.0000,0.0000,0.0000,nan,nan,nan,-9828.3789,-1513.6585,-212.3045,-9828.3789,-1513.6585,-212.3045,12.000,0,nan,nan
18.4340,164.6167,0,-9543.4952,-1573.6188,-301.6257,nan,nan,nan,-0.9963,0.0859,0.0000,-0.0859,-0.9963,-0.0000,0.0000,-0.0000,1.0000,0.0000,0.0000,0.0000,-0.0000,0.0000,-0.0000,-9828.4581,-1513.6517,-212.3617,nan,nan,nan,0.9527,-0.2001,-0.2289,0.2240,-0.0471,0.9735,90.000,nan,nan,nan,0.0000,0.0000,0.0000,nan,nan,nan,-9828.4581,-1513.6517,-212.3617,-9828.4581,-1513.6517,-212.3617,12.000,0,nan,nan
18.4600,164.6500,0,-9543.4952,-1573.6188,-301.6257,nan,nan,nan,-0.9963,0.0859,0.0000,-0.0859,-0.9963,-0.0000,0.0000,-0.0000,1.0000,0.0000,0.0000,0.0000,-0.0000,0.0000,-0.0000,-9828.5291,-1513.6456,-212.4131,nan,nan,nan,0.9527,-0.2001,-0.2289,0.2240,-0.0471,0.9735,90.000,nan,nan,nan,0.0000,0.0000,0.0000,nan,nan,nan,-9828.5291,-1513.6456,-212.4131,-9828.5291,-1513.6456,-212.4131,12.000,0,nan,nan
18.4850,164.6667,0,-9543.4952,-1573.6188,-301.6257,nan,nan,nan,-0.9963,0.0859,0.0000,-0.0859,-0.9963,-0.0000,0.0000,-0.0000,1.0000,0.0000,0.0000,0.0000,-0.0000,0.0000,-0.0000,-9828.5611,-1513.6428,-212.4361,nan,nan,nan,0.9527,-0.2001,-0.2289,0.2240,-0.0471,0.9735,90.000,nan,nan,nan,0.0000,0.0000,0.0000,nan,nan,nan,-9828.5611,-1513.6428,-212.4361,-9828.5611,-1513.6428,-212.4361,12.000,0,nan,nan
18.5130,164.7000,0,-9544.2076,-1573.5834,-301.6257,nan,nan,nan,-0.9988,0.0497,0.0000,-0.0497,-0.9988,-0.0000,0.0000,-0.0000,1.0000,0.0000,0.0000,0.0000,-4.2748,0.2126,-0.0000,-9828.6942,-1513.6337,-212.4849,nan,nan,nan,0.9527,-0.2001,-0.2289,0.2240,-0.0471,0.9735,90.000,nan,nan,nan,0.0000,0.0000,0.0000,nan,nan,nan,-9828.6942,-1513.6337,-212.4849,-9828.6942,-1513.6337,-212.4849,12.000,1,nan,nan
18.5390,164.7333,0,-9546.1989,-1573.4013,-301.6257,nan,nan,nan,-0.9958,0.0911,0.0000,-0.0911,-0.9958,-0.0000,0.0000,-0.0000,1.0000,0.0000,0.0000,0.0000,-17.0771,1.3480,-0.0000,-9829.2234,-1513.5902,-212.5619,nan,nan,nan,0.9527,-0.2001,-0.2289,0.2240,-0.0471,0.9735,90.000,nan,nan,nan,0.0000,0.0000,0.0000,nan,nan,nan,-9829.2234,-1513.5902,-212.5619,-9829.2234,-1513.5902,-212.5619,12.000,1,nan,nan
18.5670,164.7500,0,-9548.0322,-1573.1736,-301.6257,nan,nan,nan,-0.9924,0.1232,0.0000,-0.1232,-0.9924,-0.0000,0.0000,-0.0000,1.0000,0.0000,0.0000,0.0000,-41.6376,4.3072,-0.0000,-9829.8217,-1513.5310,-212.6144,nan,nan,nan,0.9527,-0.2001,-0.2289,0.2240,-0.0471,0.9735,90.000,nan,nan,nan,0.0000,0.0000,0.0000,nan,nan,nan,-9829.8217,-1513.5310,-212.6144,-9829.8217,-1513.5310,-212.6144,12.000,1,nan,nan
18.5930,164.7833,0,-9552.5503,-1572.5687,-301.6257,nan,nan,nan,-0.9912,0.1327,0.0000,-0.1327,-0.9912,-0.0000,0.0000,-0.0000,1.0000,0.0000,0.0000,0.0000,-73.6584,8.5285,-0.0000,-9831.9582,-1513.2801,-212.7024,nan,nan,nan,0.9527,-0.2001,-0.2289,0.2240,-0.0471,0.9735,90.000,nan,nan,nan,0.0000,0.0000,0.0000,nan,nan,nan,-9831.9582,-1513.2801,-212.7024,-9831.9582,-1513.2801,-212.7024,12.000,1,nan,nan
18.6190,164.8000,0,-9555.0594,-1572.1783,-301.6257,nan,nan,nan,-0.9881,0.1537,0.0000,-0.1537,-0.9881,-0.0000,0.0000,-0.0000,1.0000,0.0000,0.0000,0.0000,-105.8971,13.8442,-0.0000,-9833.1788,-1513.1236,-212.7385,nan,nan,nan,0.9527,-0.2001,-0.2289,0.2240,-0.0471,0.9735,90.000,nan,nan,nan,0.0000,0.0000,0.0000,nan,nan,nan,-9833.1788,-1513.1236,-212.7385,-9833.1788,-1513.1236,-212.7385,12.000,1,nan,nan
18.6460,164.8333,0,-9560.1277,-1571.3536,-301.6257,nan,nan,nan,-0.9870,0.1606,0.0000,-0.1606,-0.9870,-0.0000,0.0000,-0.0000,1.0000,0.0000,0.0000,0.0000,-130.8069,18.7627,-0.0000,-9836.2391,-1512.6893,-212.7931,nan,nan,nan,0.9527,-0.2001,-0.2289,0.2240,-0.0471,0.9735,90.000,nan,nan,nan,0.0000,0.0000,0.0000,nan,nan,nan,-9836.2391,-1512.6893,-212.7931,-9836.2391,-1512.6893,-212.7931,12.000,1,nan,nan
18.6730,164.8500,0,-9562.6618,-1570.9413,-301.6257,nan,nan,nan,-0.9870,0.1606,0.0000,-0.1606,-0.9870,-0.0000,0.0000,-0.0000,1.0000,0.0000,0.0000,0.0000,-144.1982,21.9625,-0.0000,-9837.7307,-1512.4712,-212.8141,nan,nan,nan,0.9527,-0.2001,-0.2289,0.2240,-0.0471,0.9735,90.000,nan,nan,nan,0.0000,0.0000,0.0000,nan,nan,nan,-9837.7307,-1512.4712,-212.8141,-9837.7307,-1512.4712,-212.8141,12.000,1,nan,nan
18.7000,164.8833,0,-9567.7300,-1570.1166,-301.6257,nan,nan,nan,-0.9870,0.1606,0.0000,-0.1606,-0.9870,-0.0000,0.0000,-0.0000,1.0000,0.0000,0.0000,0.0000,-150.1772,23.9211,-0.0000,-9841.2097,-1511.9441,-212.8475,nan,nan,nan,0.9527,-0.2001,-0.2289,0.2240,-0.0471,0.9735,90.000,nan,nan,nan,0.0000,0.0000,0.0000,nan,nan,nan,-9841.2097,-1511.9441,-212.8475,-9841.2097,-1511.9441,-212.8475,12.000,1,nan,nan
18.7270,164.9167,0,-9572.7983,-1569.2919,-301.6257,nan,nan,nan,-0.9870,0.1606,0.0000,-0.1606,-0.9870,-0.0000,0.0000,-0.0000,1.0000,0.0000,0.0000,0.0000,-151.6732,24.5771,-0.0000,-9844.8939,-1511.3738,-212.8726,nan,nan,nan,0.9527,-0.2001,-0.2289,0.2240,-0.0471,0.9735,90.000,nan,nan,nan,0.0000,0.0000,0.0000,nan,nan,nan,-9844.8939,-1511.3738,-212.8726,-9844.8939,-1511.3738,-212.8726,12.000,1,nan,nan
18.7560,164.9333,0,-9575.3324,-1568.8795,-301.6257,nan,nan,nan,-0.9870,0.1606,0.0000,-0.1606,-0.9870,-0.0000,0.0000,-0.0000,1.0000,0.0000,0.0000,0.0000,-151.9724,24.7082,-0.0000,-9846.6617,-1511.0980,-212.8827,nan,nan,nan,0.9527,-0.2001,-0.2289,0.2240,-0.0471,0.9735,90.000,nan,nan,nan,0.0000,0.0000,0.0000,nan,nan,nan,-9846.6617,-1511.0980,-212.8827,-9846.6617,-1511.0980,-212.8827,12.000,1,nan,nan
18.7790,164.9667,0,-9580.4006,-1568.0548,-301.6257,nan,nan,nan,-0.9870,0.1606,0.0000,-0.1606,-0.9870,-0.0000,0.0000,-0.0000,1.0000,0.0000,0.0000,0.0000,-152.0322,24.7345,-0.0000,-9850.6122,-1510.4747,-212.8995,nan,nan,nan,0.9527,-0.2001,-0.2289,0.2240,-0.0471,0.9735,90.000,nan,nan,nan,0.0000,0.0000,0.0000,nan,nan,nan,-9850.6122,-1510.4747,-212.8995,-9850.6122,-1510.4747,-212.8995,12.000,1,nan,nan
18.8050,164.9833,0,-9582.9347,-1567.6425,-301.6257,nan,nan,nan,-0.9870,0.1606,0.0000,-0.1606,-0.9870,-0.0000,0.0000,-0.0000,1.0000,0.0000,0.0000,0.0000,-152.0442,24.7397,-0.0000,-9852.5002,-1510.1756,-212.9064,nan,nan,nan,0.9527,-0.2001,-0.2289,0.2240,-0.0471,0.9735,90.000,nan,nan,nan,0.0000,0.0000,0.0000,nan,nan,nan,-9852.5002,-1510.1756,-212.9064,-9852.5002,-1510.1756,-212.9064,12.000,1,nan,nan
18.8320,165.0167,0,-9587.9455,-1566.8292,-301.6257,nan,nan,nan,-0.9871,0.1603,0.0000,-0.1603,-0.9871,-0.0000,0.0000,-0.0000,1.0000,0.0000,0.0000,0.0000,-151.7019,24.6721,-0.0000,-9856.6065,-1509.5212,-212.9179,nan,nan,nan,0.9527,-0.2001,-0.2289,0.2240,-0.0471,0.9735,90.000,nan,nan,nan,0.0000,0.0000,0.0000,nan,nan,nan,-9856.6065,-1509.5212,-212.9179,-9856.6065,-1509.5212,-212.9179,12.000,1,nan,nan
18.8600,165.0500,0,-9592.9133,-1566.0245,-301.6257,nan,nan,nan,-0.9871,0.1599,0.0000,-0.1599,-0.9871,-0.0000,0.0000,-0.0000,1.0000,0.0000,0.0000,0.0000,-151.0304,24.5385,-0.0000,-9860.7753,-1508.8544,-212.9269,nan,nan,nan,0.9527,-0.2001,-0.2289,0.2240,-0.0471,0.9735,90.000,nan,nan,nan,0.0000,0.0000,0.0000,nan,nan,nan,-9860.7753,-1508.8544,-212.9269,-9860.7753,-1508.8544,-212.9269,12.000,1,nan,nan
18.8880,165.0667,0,-9595.3971,-1565.6222,-301.6257,nan,nan,nan,-0.9871,0.1599,0.0000,-0.1599,-0.9871,-0.0000,0.0000,-0.0000,1.0000,0.0000,0.0000,0.0000,-150.2930,24.3917,-0.0000,-9862.7629,-1508.5360,-212.9307,nan,nan,nan,0.9527,-0.2001,-0.2289,0.2240,-0.0471,0.9735,90.000,nan,nan,nan,0.0000,0.0000,0.0000,nan,nan,nan,-9862.7629,-1508.5360,-212.9307,-9862.7629,-1508.5360,-212.9307,12.000,1,nan,nan
18.9160,165.1000,0,-9600.3074,-1564.8289,-301.6257,nan,nan,nan,-0.9872,0.1594,0.0000,-0.1594,-0.9872,-0.0000,0.0000,-0.0000,1.0000,0.0000,0.0000,0.0000,-149.1977,24.1737,-0.0000,-9867.0200,-1507.8528,-212.9371,nan,nan,nan,0.9527,-0.2001,-0.2289,0.2240,-0.0471,0.9735,90.000,nan,nan,nan,0.0000,0.0000,0.0000,nan,nan,nan,-9867.0200,-1507.8528,-212.9371,-9867.0200,-1507.8528,-212.9371,12.000,1,nan,nan
18.9440,165.1333,0,-9605.1457,-1564.0500,-301.6257,nan,nan,nan,-0.9873,0.1590,0.0000,-0.1590,-0.9873,-0.0000,0.0000,-0.0000,1.0000,0.0000,0.0000,0.0000,-147.9434,23.9242,-0.0000,-9871.2767,-1507.1692,-212.9422,nan,nan,nan,0.9527,-0.2001,-0.2289,0.2240,-0.0471,0.9735,90.000,nan,nan,nan,0.0000,0.0000,0.0000,nan,nan,nan,-9871.2767,-1507.1692,-212.9422,-9871.2767,-1507.1692,-212.9422,12.000,1,nan,nan
18.9710,165.1500,0,-9607.4858,-1563.6762,-301.6257,nan,nan,nan,-0.9875,0.1577,0.0000,-0.1577,-0.9875,-0.0000,0.0000,-0.0000,1.0000,0.0000,0.0000,0.0000,-145.9679,23.5321,-0.0000,-9873.2346,-1506.8550,-212.9443,nan,nan,nan,0.9527,-0.2001,-0.2289,0.2240,-0.0471,0.9735,90.000,nan,nan,nan,0.0000,0.0000,0.0000,nan,nan,nan,-9873.2346,-1506.8550,-212.9443,-9873.2346,-1506.8550,-212.9443,12.000,1,nan,nan
18.9990,165.1833,0,-9611.9073,-1562.9796,-301.6257,nan,nan,nan,-0.9878,0.1556,0.0000,-0.1556,-0.9878,-0.0000,0.0000,-0.0000,1.0000,0.0000,0.0000,0.0000,-142.2956,22.8050,-0.0000,-9877.1758,-1506.2245,-212.9477,nan,nan,nan,0.9527,-0.2001,-0.2289,0.2240,-0.0471,0.9735,90.000,nan,nan,nan,0.0000,0.0000,0.0000,nan,nan,nan,-9877.1758,-1506.2245,-212.9477,-9877.1758,-1506.2245,-212.9477,12.000,1,nan,nan
19.0260,165.2167,0,-9615.9478,-1562.3899,-301.6257,nan,nan,nan,-0.9895,0.1444,0.0000,-0.1444,-0.9895,-0.0000,0.0000,-0.0000,1.0000,0.0000,0.0000,0.0000,-136.3421,21.4379,-0.0000,-9881.1203,-1505.6026,-212.9506,nan,nan,nan,0.9527,-0.2001,-0.2289,0.2240,-0.0471,0.9735,90.000,nan,nan,nan,0.0000,0.0000,0.0000,nan,nan,nan,-9881.1203,-1505.6026,-212.9506,-9881.1203,-1505.6026,-212.9506,12.000,1,nan,nan
19.0530,165.2333,0,-9617.8242,-1562.1227,-301.6257,nan,nan,nan,-0.9900,0.1410,0.0000,-0.1410,-0.9900,-0.0000,0.0000,-0.0000,1.0000,0.0000,0.0000,0.0000,-128.6387,19.6978,-0.0000,-9882.8950,-1505.3251,-212.9518,nan,nan,nan,0.9527,-0.2001,-0.2289,0.2240,-0.0471,0.9735,90.000,nan,nan,nan,0.0000,0.0000,0.0000,nan,nan,nan,-9882.8950,-1505.3251,-212.9518,-9882.8950,-1505.3251,-212.9518,12.000,1,nan,nan
19.0800,165.2667,0,-9620.8889,-1561.7866,-301.6257,nan,nan,nan,-0.9940,0.1090,0.0000,-0.1090,-0.9940,-0.0000,0.0000,-0.0000,1.0000,0.0000,0.0000,0.0000,-117.4047,16.8801,-0.0000,-9886.6894,-1504.7546,-212.9541,nan,nan,nan,0.9527,-0.2001,-0.2289,0.2240,-0.0471,0.9735,90.000,nan,nan,nan,0.0000,0.0000,0.0000,nan,nan,nan,-9886.6894,-1504.7546,-212.9541,-9886.6894,-1504.7546,-212.9541,12.000,1,nan,nan
19.1070,165.3000,0,-9622.6703,-1561.7011,-301.6257,nan,nan,nan,-0.9989,0.0479,0.0000,-0.0479,-0.9989,-0.0000,0.0000,-0.0000,1.0000,0.0000,0.0000,0.0000,-99.3175,12.6503,-0.0000,-9890.1010,-1504.2701,-212.9559,nan,nan,nan,0.9527,-0.2001,-0.2289,0.2240,-0.0471,0.9735,90.000,nan,nan,nan,0.0000,0.0000,0.0000,nan,nan,nan,-9890.1010,-1504.2701,-212.9559,-9890.1010,-1504.2701,-212.9559,12.000,1,nan,nan
19.1340,165.3167,0,-9622.6703,-1561.7011,-301.6257,nan,nan,nan,-0.9989,0.0479,0.0000,-0.0479,-0.9989,-0.0000,0.0000,-0.0000,1.0000,0.0000,0.0000,0.0000,-71.4574,8.2663,-0.0000,-9891.4914,-1504.0727,-212.9566,nan,nan,nan,0.9527,-0.2001,-0.2289,0.2240,-0.0471,0.9735,90.000,nan,nan,nan,0.0000,0.0000,0.0000,nan,nan,nan,-9891.4914,-1504.0727,-212.9566,-9891.4914,-1504.0727,-212.9566,12.000,0,nan,nan
19.1590,165.3500,0,-9622.6703,-1561.7011,-301.6257,nan,nan,nan,-0.9989,0.0479,0.0000,-0.0479,-0.9989,-0.0000,0.0000,-0.0000,1.0000,0.0000,0.0000,0.0000,-43.3686,4.1826,-0.0000,-9894.0216,-1503.7134,-212.9580,nan,nan,nan,0.9527,-0.2001,-0.2289,0.2240,-0.0471,0.9735,90.000,nan,nan,nan,0.0000,0.0000,0.0000,nan,nan,nan,-9894.0216,-1503.7134,-212.9580,-9894.0216,-1503.7134,-212.9580,12.000,0,nan,nan
19.1860,165.3667,0,-9622.6703,-1561.7011,-301.6257,nan,nan,nan,-0.9989,0.0479,0.0000,-0.0479,-0.9989,-0.0000,0.0000,-0.0000,1.0000,0.0000,0.0000,0.0000,-19.3625,1.3496,-0.0000,-9895.0640,-1503.5654,-212.9586,nan,nan,nan,0.9527,-0.2001,-0.2289,0.2240,-0.0471,0.9735,90.000,nan,nan,nan,0.0000,0.0000,0.0000,nan,nan,nan,-9895.0640,-1503.5654,-212.9586,-9895.0640,-1503.5654,-212.9586,12.000,0,nan,nan
19.2140,165.4000,0,-9622.6703,-1561.7011,-301.6257,nan,nan,nan,-0.9989,0.0479,0.0000,-0.0479,-0.9989,-0.0000,0.0000,-0.0000,1.0000,0.0000,0.0000,0.0000,-3.8725,0.2699,-0.0000,-9896.9696,-1503.2948,-212.9596,nan,nan,nan,0.9527,-0.2001,-0.2289,0.2240,-0.0471,0.9735,90.000,nan,nan,nan,0.0000,0.0000,0.0000,nan,nan,nan,-9896.9696,-1503.2948,-212.9596,-9896.9696,-1503.2948,-212.9596,12.000,0,nan,nan
19.2420,165.4333,0,-9621.5430,-1562.2471,-301.6257,nan,nan,nan,-0.9117,-0.4107,0.0000,0.4107,-0.9117,-0.0000,0.0000,-0.0000,1.0000,0.0000,0.0000,0.0000,5.9896,-3.2218,-0.0000,-9898.3690,-1503.1482,-212.9604,nan,nan,nan,0.9527,-0.2001,-0.2289,0.2240,-0.0471,0.9735,90.000,nan,nan,nan,0.0000,0.0000,0.0000,nan,nan,nan,-9898.3690,-1503.1482,-212.9604,-9898.3690,-1503.1482,-212.9604,12.000,1,nan,nan
19.2670,165.4500,0,-9619.2998,-1563.1865,-301.6257,nan,nan,nan,-0.7907,-0.6122,0.0000,0.6122,-0.7907,-0.0000,0.0000,-0.0000,1.0000,0.0000,0.0000,0.0000,34.8801,-15.1936,-0.0000,-9899.3610,-1503.1481,-212.9612,nan,nan,nan,0.9527,-0.2001,-0.2289,0.2240,-0.0471,0.9735,90.000,nan,nan,nan,0.0000,0.0000,0.0000,nan,nan,nan,-9899.3610,-1503.1481,-212.9612,-9899.3610,-1503.1481,-212.9612,12.000,1,nan,nan
19.2940,165.4833,0,-9613.7165,-1565.3834,-301.6257,nan,nan,nan,-0.4265,-0.9045,0.0000,0.9045,-0.4265,-0.0000,0.0000,-0.0000,1.0000,0.0000,0.0000,0.0000,74.1582,-30.7694,-0.0000,-9899.4489,-1504.3967,-212.9638,nan,nan,nan,0.9527,-0.2001,-0.2289,0.2240,-0.0471,0.9735,90.000,nan,nan,nan,0.0000,0.0000,0.0000,nan,nan,nan,-9899.4489,-1504.3967,-212.9638,-9899.4489,-1504.3967,-212.9638,12.000,1,nan,nan
19.3210,165.5000,0,-9610.9248,-1566.4819,-301.6257,nan,nan,nan,-0.2036,-0.9791,-0.0000,0.9791,-0.2036,-0.0000,0.0000,-0.0000,1.0000,0.0000,0.0000,0.0000,115.5138,-47.0660,-0.0000,-9898.7984,-1504.8851,-212.9643,nan,nan,nan,0.9527,-0.2001,-0.2289,0.2240,-0.0471,0.9735,90.000,nan,nan,nan,0.0000,0.0000,0.0000,nan,nan,nan,-9898.7984,-1504.8851,-212.9643,-9898.7984,-1504.8851,-212.9643,12.000,1,nan,nan
19.3460,165.5333,0,-9605.3415,-1568.6788,-301.6257,nan,nan,nan,0.2631,-0.9648,-0.0000,0.9648,0.2631,-0.0000,0.0000,-0.0000,1.0000,0.0000,0.0000,0.0000,150.5208,-60.2310,-0.0000,-9896.2654,-1506.1270,-212.9648,nan,nan,nan,0.9527,-0.2001,-0.2289,0.2240,-0.0471,0.9735,90.000,nan,nan,nan,0.0000,0.0000,0.0000,nan,nan,nan,-9896.2654,-1506.1270,-212.9648,-9896.2654,-1506.1270,-212.9648,12.000,1,nan,nan
19.3730,165.5667,0,-9599.7582,-1570.8757,-301.6257,nan,nan,nan,0.6724,-0.7402,-0.0000,0.7402,0.6724,-0.0000,0.0000,-0.0000,1.0000,0.0000,0.0000,0.0000,164.1042,-64.7719,-0.0000,-9893.1440,-1507.4998,-212.9651,nan,nan,nan,0.9527,-0.2001,-0.2289,0.2240,-0.0471,0.9735,90.000,nan,nan,nan,0.0000,0.0000,0.0000,nan,nan,nan,-9893.1440,-1507.4998,-212.9651,-9893.1440,-1507.4998,-212.9651,12.000,1,nan,nan
19.3990,165.5833,0,-9596.9665,-1571.9742,-301.6257,nan,nan,nan,0.8266,-0.5628,-0.0000,0.5628,0.8266,-0.0000,0.0000,-0.0000,1.0000,0.0000,0.0000,0.0000,166.8208,-65.6801,-0.0000,-9891.6095,-1508.1556,-212.9652,nan,nan,nan,0.9527,-0.2001,-0.2289,0.2240,-0.0471,0.9735,90.000,nan,nan,nan,0.0000,0.0000,0.0000,nan,nan,nan,-9891.6095,-1508.1556,-212.9652,-9891.6095,-1508.1556,-212.9652,12.000,1,nan,nan
19.4260,165.6167,0,-9591.3832,-1574.1711,-301.6257,nan,nan,nan,0.9306,-0.3662,-0.0000,0.3662,0.9306,-0.0000,0.0000,-0.0000,1.0000,0.0000,0.0000,0.0000,167.3642,-65.8617,-0.0000,-9887.8630,-1509.7075,-212.9653,nan,nan,nan,0.9527,-0.2001,-0.2289,0.2240,-0.0471,0.9735,90.000,nan,nan,nan,0.0000,0.0000,0.0000,nan,nan,nan,-9887.8630,-1509.7075,-212.9653,-9887.8630,-1509.7075,-212.9653,12.000,1,nan,nan
19.4530,165.6333,0,-9588.5915,-1575.2695,-301.6257,nan,nan,nan,0.9306,-0.3662,-0.0000,0.3662,0.9306,-0.0000,0.0000,-0.0000,1.0000,0.0000,0.0000,0.0000,167.4728,-65.8981,-0.0000,-9886.0640,-1510.4450,-212.9654,nan,nan,nan,0.9527,-0.2001,-0.2289,0.2240,-0.0471,0.9735,90.000,nan,nan,nan,0.0000,0.0000,0.0000,nan,nan,nan,-9886.0640,-1510.4450,-212.9654,-9886.0640,-1510.4450,-212.9654,12.000,1,nan,nan
19.4810,165.6667,0,-9583.2240,-1577.4285,-301.6257,nan,nan,nan,0.9278,-0.3732,-0.0000,0.3732,0.9278,-0.0000,0.0000,-0.0000,1.0000,0.0000,0.0000,0.0000,166.1993,-65.6779,-0.0000,-9882.0681,-1512.0733,-212.9655,nan,nan,nan,0.9527,-0.2001,-0.2289,0.2240,-0.0471,0.9735,90.000,nan,nan,nan,0.0000,0.0000,0.0000,nan,nan,nan,-9882.0681,-1512.0733,-212.9655,-9882.0681,-1512.0733,-212.9655,12.000,1,nan,nan
19.5090,165.7000,0,-9578.4482,-1579.4275,-301.6257,nan,nan,nan,0.9225,-0.3861,-0.0000,0.3861,0.9225,-0.0000,0.0000,-0.0000,1.0000,0.0000,0.0000,0.0000,161.0995,-64.4464,-0.0000,-9878.3965,-1513.5805,-212.9655,nan,nan,nan,0.9527,-0.2001,-0.2289,0.2240,-0.0471,0.9735,90.000,nan,nan,nan,0.0000,0.0000,0.0000,nan,nan,nan,-9878.3965,-1513.5805,-212.9655,-9878.3965,-1513.5805,-212.9655,12.000,1,nan,nan
19.5360,165.7167,0,-9576.3021,-1580.3305,-301.6257,nan,nan,nan,0.9217,-0.3878,-0.0000,0.3878,0.9217,-0.0000,0.0000,-0.0000,1.0000,0.0000,0.0000,0.0000,152.3333,-61.8545,-0.0000,-9876.8318,-1514.2248,-212.9655,nan,nan,nan,0.9527,-0.2001,-0.2289,0.2240,-0.0471,0.9735,90.000,nan,nan,nan,0.0000,0.0000,0.0000,nan,nan,nan,-9876.8318,-1514.2248,-212.9655,-9876.8318,-1514.2248,-212.9655,12.000,1,nan,nan
19.5630,165.7500,0,-9573.3328,-1581.4658,-301.6257,nan,nan,nan,0.9341,-0.3571,-0.0000,0.3571,0.9341,-0.0000,0.0000,-0.0000,1.0000,0.0000,0.0000,0.0000,134.8959,-54.9665,-0.0000,-9874.1363,-1515.3216,-212.9656,nan,nan,nan,0.9527,-0.2001,-0.2289,0.2240,-0.0471,0.9735,90.000,nan,nan,nan,0.0000,0.0000,0.0000,nan,nan,nan,-9874.1363,-1515.3216,-212.9656,-9874.1363,-1515.3216,-212.9656,12.000,1,nan,nan
19.5880,165.7833,0,-9573.3328,-1581.4658,-301.6257,nan,nan,nan,0.9341,-0.3571,-0.0000,0.3571,0.9341,-0.0000,0.0000,-0.0000,1.0000,0.0000,0.0000,0.0000,99.2037,-40.6350,-0.0000,-9871.9255,-1516.2211,-212.9656,nan,nan,nan,0.9527,-0.2001,-0.2289,0.2240,-0.0471,0.9735,90.000,nan,nan,nan,0.0000,0.0000,0.0000,nan,nan,nan,-9871.9255,-1516.2211,-212.9656,-9871.9255,-1516.2211,-212.9656,12.000,0,nan,nan
19.6160,165.8000,0,-9573.3328,-1581.4658,-301.6257,nan,nan,nan,0.9341,-0.3571,-0.0000,0.3571,0.9341,-0.0000,0.0000,-0.0000,1.0000,0.0000,0.0000,0.0000,63.4104,-25.7746,-0.0000,-9871.0126,-1516.5926,-212.9656,nan,nan,nan,0.9527,-0.2001,-0.2289,0.2240,-0.0471,0.9735,90.000,nan,nan,nan,0.0000,0.0000,0.0000,nan,nan,nan,-9871.0126,-1516.5926,-212.9656,-9871.0126,-1516.5926,-212.9656,12.000,0,nan,nan
19.6430,165.8333,0,-9573.3328,-1581.4658,-301.6257,nan,nan,nan,0.9341,-0.3571,-0.0000,0.3571,0.9341,-0.0000,0.0000,-0.0000,1.0000,0.0000,0.0000,0.0000,30.4980,-11.9668,-0.0000,-9869.3419,-1517.2723,-212.9656,nan,nan,nan,0.9527,-0.2001,-0.2289,0.2240,-0.0471,0.9735,90.000,nan,nan,nan,0.0000,0.0000,0.0000,nan,nan,nan,-9869.3419,-1517.2723,-212.9656,-9869.3419,-1517.2723,-212.9656,12.000,0,nan,nan
19.6730,165.8500,0,-9573.3328,-1581.4658,-301.6257,nan,nan,nan,0.9341,-0.3571,-0.0000,0.3571,0.9341,-0.0000,0.0000,-0.0000,1.0000,0.0000,0.0000,0.0000,6.0996,-2.3934,-0.0000,-9868.6455,-1517.5557,-212.9656,nan,nan,nan,0.9527,-0.2001,-0.2289,0.2240,-0.0471,0.9735,90.000,nan,nan,nan,0.0000,0.0000,0.0000,nan,nan,nan,-9868.6455,-1517.5557,-212.9656,-9868.6455,-1517.5557,-212.9656,12.000,0,nan,nan
19.6990,165.8833,0,-9573.3328,-1581.4658,-301.6257,nan,nan,nan,0.9341,-0.3571,-0.0000,0.3571,0.9341,-0.0000,0.0000,-0.0000,1.0000,0.0000,0.0000,0.0000,1.2199,-0.4787,-0.0000,-9867.3658,-1518.0764,-212.9657,nan,nan,nan,0.9527,-0.2001,-0.2289,0.2240,-0.0471,0.9735,90.000,nan,nan,nan,0.0000,0.0000,0.0000,nan,nan,nan,-9867.3658,-1518.0764,-212.9657,-9867.3658,-1518.0764,-212.9657,12.000,0,nan,nan
19.7220,165.9167,0,-9573.3328,-1581.4658,-301.6257,nan,nan,nan,0.9341,-0.3571,-0.0000,0.3571,0.9341,-0.0000,0.0000,-0.0000,1.0000,0.0000,0.0000,0.0000,0.2440,-0.0957,-0.0000,-9866.2898,-1518.5142,-212.9657,nan,nan,nan,0.9527,-0.2001,-0.2289,0.2240,-0.0471,0.9735,90.000,nan,nan,nan,0.0000,0.0000,0.0000,nan,nan,nan,-9866.2898,-1518.5142,-212.9657,-9866.2898,-1518.5142,-212.9657,12.000,0,nan,nan
19.7510,165.9333,0,-9573.3328,-1581.4658,-301.6257,nan,nan,nan,0.9341,-0.3571,-0.0000,0.3571,0.9341,-0.0000,0.0000,-0.0000,1.0000,0.0000,0.0000,0.0000,0.0488,-0.0191,-0.0000,-9865.8350,-1518.6992,-212.9657,nan,nan,nan,0.9527,-0.2001,-0.2289,0.2240,-0.0471,0.9735,90.000,nan,nan,nan,0.0000,0.0000,0.0000,nan,nan,nan,-9865.8350,-1518.6992,-212.9657,-9865.8350,-1518.6992,-212.9657,12.000,0,nan,nan
19.7760,165.9667,0,-9573.3328,-1581.4658,-301.6257,nan,nan,nan,0.9341,-0.3571,-0.0000,0.3571,0.9341,-0.0000,0.0000,-0.0000,1.0000,0.0000,0.0000,0.0000,0.0098,-0.0038,-0.0000,-9864.9944,-1519.0413,-212.9657,nan,nan,nan,0.9527,-0.2001,-0.2289,0.2240,-0.0471,0.9735,90.000,nan,nan,nan,0.0000,0.0000,0.0000,nan,nan,nan,-9864.9944,-1519.0413,-212.9657,-9864.9944,-1519.0413,-212.9657,12.000,0,nan,nan
19.8050,165.9833,0,-9573.3328,-1581.4658,-301.6257,nan,nan,nan,0.9341,-0.3571,-0.0000,0.3571,0.9341,-0.0000,0.0000,-0.0000,1.0000,0.0000,0.0000,0.0000,0.0020,-0.0008,-0.0000,-9864.6365,-1519.1869,-212.9657,nan,nan,nan,0.9527,-0.2001,-0.2289,0.2240,-0.0471,0.9735,90.000,nan,nan,nan,0.0000,0.0000,0.0000,nan,nan,nan,-9864.6365,-1519.1869,-212.9657,-9864.6365,-1519.1869,-212.9657,12.000,0,nan,nan
19.8310,166.0167,0,-9573.3328,-1581.4658,-301.6257,nan,nan,nan,0.9341,-0.3571,-0.0000,0.3571,0.9341,-0.0000,0.0000,-0.0000,1.0000,0.0000,0.0000,0.0000,0.0004,-0.0002,-0.0000,-9863.9728,-1519.4569,-212.9657,nan,nan,nan,0.9527,-0.2001,-0.2289,0.2240,-0.0471,0.9735,90.000,nan,nan,nan,0.0000,0.0000,0.0000,nan,nan,nan,-9863.9728,-1519.4569,-212.9657,-9863.9728,-1519.4569,-212.9657,12.000,0,nan,nan
19.8580,166.0500,0,-9573.3328,-1581.4658,-301.6257,nan,nan,nan,0.9341,-0.3571,-0.0000,0.3571,0.9341,-0.0000,0.0000,-0.0000,1.0000,0.0000,0.0000,0.0000,0.0001,-0.0000,-0.0000,-9863.4040,-1519.6884,-212.9657,nan,nan,nan,0.9527,-0.2001,-0.2289,0.2240,-0.0471,0.9735,90.000,nan,nan,nan,0.0000,0.0000,0.0000,nan,nan,nan,-9863.4040,-1519.6884,-212.9657,-9863.4040,-1519.6884,-212.9657,12.000,0,nan,nan
19.8850,166.0667,0,-9573.3328,-1581.4658,-301.6257,nan,nan,nan,0.9341,-0.3571,-0.0000,0.3571,0.9341,-0.0000,0.0000,-0.0000,1.0000,0.0000,0.0000,0.0000,0.0000,-0.0000,-0.0000,-9863.1592,-1519.7880,-212.9657,nan,nan,nan,0.9527,-0.2001,-0.2289,0.2240,-0.0471,0.9735,90.000,nan,nan,nan,0.0000,0.0000,0.0000,nan,nan,nan,-9863.1592,-1519.7880,-212.9657,-9863.1592,-1519.7880,-212.9657,12.000,0,nan,nan
19.9150,166.1000,0,-9573.3328,-1581.4658,-301.6257,nan,nan,nan,0.9341,-0.3571,-0.0000,0.3571,0.9341,-0.0000,0.0000,-0.0000,1.0000,0.0000,0.0000,0.0000,0.0000,-0.0000,-0.0000,-9862.7030,-1519.9736,-212.9657,nan,nan,nan,0.9527,-0.2001,-0.2289,0.2240,-0.0471,0.9735,90.000,nan,nan,nan,0.0000,0.0000,0.0000,nan,nan,nan,-9862.7030,-1519.9736,-212.9657,-9862.7030,-1519.9736,-212.9657,12.000,0,nan,nan
19.9380,166.1333,0,-9573.3328,-1581.4658,-301.6257,nan,nan,nan,0.9341,-0.3571,-0.0000,0.3571,0.9341,-0.0000,0.0000,-0.0000,1.0000,0.0000,0.0000,0.0000,0.0000,-0.0000,-0.0000,-9862.3081,-1520.1342,-212.9657,nan,nan,nan,0.9527,-0.2001,-0.2289,0.2240,-0.0471,0.9735,90.000,nan,nan,nan,0.0000,0.0000,0.0000,nan,nan,nan,-9862.3081,-1520.1342,-212.9657,-9862.3081,-1520.1342,-212.9657,12.000,0,nan,nan
19.9630,166.1500,0,-9573.3328,-1581.4658,-301.6257,nan,nan,nan,0.9341,-0.3571,-0.0000,0.3571,0.9341,-0.0000,0.0000,-0.0000,1.0000,0.0000,0.0000,0.0000,0.0000,-0.0000,-0.0000,-9862.1366,-1520.2040,-212.9657,nan,nan,nan,0.9527,-0.2001,-0.2289,0.2240,-0.0471,0.9735,90.000,nan,nan,nan,0.0000,0.0000,0.0000,nan,nan,nan,-9862.1366,-1520.2040,-212.9657,-9862.1366,-1520.2040,-212.9657,12.000,0,nan,nan
19.9930,166.1833,0,-9573.3328,-1581.4658,-301.6257,nan,nan,nan,0.9341,-0.3571,-0.0000,0.3571,0.9341,-0.0000,0.0000,-0.0000,1.0000,0.0000,0.0000,0.0000,0.0000,-0.0000,-0.0000,-9861.8156,-1520.3346,-212.9657,nan,nan,nan,0.9527,-0.2001,-0.2289,0.2240,-0.0471,0.9735,90.000,nan,nan,nan,0.0000,0.0000,0.0000,nan,nan,nan,-9861.8156,-1520.3346,-212.9657,-9861.8156,-1520.3346,-212.9657,12.000,0,nan,nan
20.0170,166.2000,0,-9573.3328,-1581.4658,-301.6257,nan,nan,nan,0.9341,-0.3571,-0.0000,0.3571,0.9341,-0.0000,0.0000,-0.0000,1.0000,0.0000,0.0000,0.0000,0.0000,-0.0000,-0.0000,-9861.6755,-1520.3916,-212.9657,nan,nan,nan,0.9527,-0.2001,-0.2289,0.2240,-0.0471,0.9735,90.000,nan,nan,nan,0.0000,0.0000,0.0000,nan,nan,nan,-9861.6755,-1520.3916,-212.9657,-9861.6755,-1520.3916,-212.9657,12.000,0,nan,nan
20.0440,166.2333,0,-9573.3328,-1581.4658,-301.6257,nan,nan,nan,0.9341,-0.3571,-0.0000,0.3571,0.9341,-0.0000,0.0000,-0.0000,1.0000,0.0000,0.0000,0.0000,0.0000,-0.0000,-0.0000,-9861.4127,-1520.4986,-212.9657,nan,nan,nan,0.9527,-0.2001,-0.2289,0.2240,-0.0471,0.9735,90.000,nan,nan,nan,0.0000,0.0000,0.0000,nan,nan,nan,-9861.4127,-1520.4986,-212.9657,-9861.4127,-1520.4986,-212.9657,12.000,0,nan,nan
20.0720,166.2500,0,-9573.3328,-1581.4658,-301.6257,nan,nan,nan,0.9341,-0.3571,-0.0000,0.3571,0.9341,-0.0000,0.0000,-0.0000,1.0000,0.0000,0.0000,0.0000,0.0000,-0.0000,-0.0000,-9861.2974,-1520.5455,-212.9657,nan,nan,nan,0.9527,-0.2001,-0.2289,0.2240,-0.0471,0.9735,90.000,nan,nan,nan,0.0000,0.0000,0.0000,nan,nan,nan,-9861.2974,-1520.5455,-212.9657,-9861.2974,-1520.5455,-212.9657,12.000,0,nan,nan
20.1020,166.2833,0,-9573.3328,-1581.4658,-301.6257,nan,nan,nan,0.9341,-0.3571,-0.0000,0.3571,0.9341,-0.0000,0.0000,-0.0000,1.0000,0.0000,0.0000,0.0000,0.0000,-0.0000,-0.0000,-9861.0808,-1520.6336,-212.9657,nan,nan,nan,0.9527,-0.2001,-0.2289,0.2240,-0.0471,0.9735,90.000,nan,nan,nan,0.0000,0.0000,0.0000,nan,nan,nan,-9861.0808,-1520.6336,-212.9657,-9861.0808,-1520.6336,-212.9657,12.000,0,nan,nan
20.1290,166.3167,0,-9573.3328,-1581.4658,-301.6257,nan,nan,nan,0.9341,-0.3571,-0.0000,0.3571,0.9341,-0.0000,0.0000,-0.0000,1.0000,0.0000,0.0000,0.0000,0.0000,-0.0000,-0.0000,-9860.8899,-1520.7113,-212.9657,nan,nan,nan,0.9527,-0.2001,-0.2289,0.2240,-0.0471,0.9735,90.000,nan,nan,nan,0.0000,0.0000,0.0000,nan,nan,nan,-9860.8899,-1520.7113,-212.9657,-9860.8899,-1520.7113,-212.9657,12.000,0,nan,nan
20.1510,166.3500,0,-9573.3328,-1581.4658,-301.6257,nan,nan,nan,0.9341,-0.3571,-0.0000,0.3571,0.9341,-0.0000,0.0000,-0.0000,1.0000,0.0000,0.0000,0.0000,0.0000,-0.0000,-0.0000,-9860.7212,-1520.7800,-212.9657,nan,nan,nan,0.9527,-0.2001,-0.2289,0.2240,-0.0471,0.9735,90.000,nan,nan,nan,0.0000,0.0000,0.0000,nan,nan,nan,-9860.7212,-1520.7800,-212.9657,-9860.7212,-1520.7800,-212.9657,12.000,0,nan,nan
20.1780,166.3667,0,-9573.3328,-1581.4658,-301.6257,nan,nan,nan,0.9341,-0.3571,-0.0000,0.3571,0.9341,-0.0000,0.0000,-0.0000,1.0000,0.0000,0.0000,0.0000,0.0000,-0.0000,-0.0000,-9860.6464,-1520.8104,-212.9657,nan,nan,nan,0.9527,-0.2001,-0.2289,0.2240,-0.0471,0.9735,90.000,nan,nan,nan,0.0000,0.0000,0.0000,nan,nan,nan,-9860.6464,-1520.8104,-212.9657,-9860.6464,-1520.8104,-212.9657,12.000,0,nan,nan
20.2060,166.3833,0,-9573.3328,-1581.4658,-301.6257,nan,nan,nan,0.9341,-0.3571,-0.0000,0.3571,0.9341,-0.0000,0.0000,-0.0000,1.0000,0.0000,0.0000,0.0000,0.0000,-0.0000,-0.0000,-9860.5759,-1520.8391,-212.9657,nan,nan,nan,0.9527,-0.2001,-0.2289,0.2240,-0.0471,0.9735,90.000,nan,nan,nan,0.0000,0.0000,0.0000,nan,nan,nan,-9860.5759,-1520.8391,-212.9657,-9860.5759,-1520.8391,-212.9657,12.000,0,nan,nan
20.2330,166.4167,0,-9573.3328,-1581.4658,-301.6257,nan,nan,nan,0.9341,-0.3571,-0.0000,0.3571,0.9341,-0.0000,0.0000,-0.0000,1.0000,0.0000,0.0000,0.0000,0.0000,-0.0000,-0.0000,-9860.4427,-1520.8933,-212.9657,nan,nan,nan,0.9527,-0.2001,-0.2289,0.2240,-0.0471,0.9735,90.000,nan,nan,nan,0.0000,0.0000,0.0000,nan,nan,nan,-9860.4427,-1520.8933,-212.9657,-9860.4427,-1520.8933,-212.9657,12.000,0,nan,nan
20.2580,166.4500,0,-9573.3328,-1581.4658,-301.6257,nan,nan,nan,0.9341,-0.3571,-0.0000,0.3571,0.9341,-0.0000,0.0000,-0.0000,1.0000,0.0000,0.0000,0.0000,0.0000,-0.0000,-0.0000,-9860.3240,-1520.9415,-212.9657,nan,nan,nan,0.9527,-0.2001,-0.2289,0.2240,-0.0471,0.9735,90.000,nan,nan,nan,0.0000,0.0000,0.0000,nan,nan,nan,-9860.3240,-1520.9415,-212.9657,-9860.3240,-1520.9415,-212.9657,12.000,0,nan,nan
20.2850,166.4667,0,-9573.3328,-1581.4658,-301.6257,nan,nan,nan,0.9341,-0.3571,-0.0000,0.3571,0.9341,-0.0000,0.0000,-0.0000,1.0000,0.0000,0.0000,0.0000,0.0000,-0.0000,-0.0000,-9860.2711,-1520.9631,-212.9657,nan,nan,nan,0.9527,-0.2001,-0.2289,0.2240,-0.0471,0.9735,90.000,nan,nan,nan,0.0000,0.0000,0.0000,nan,nan,nan,-9860.2711,-1520.9631,-212.9657,-9860.2711,-1520.9631,-212.9657,12.000,0,nan,nan
20.3080,166.5000,0,-9573.3328,-1581.4658,-301.6257,nan,nan,nan,0.9341,-0.3571,-0.0000,0.3571,0.9341,-0.0000,0.0000,-0.0000,1.0000,0.0000,0.0000,0.0000,0.0000,-0.0000,-0.0000,-9860.1709,-1521.0038,-212.9657,nan,nan,nan,0.9527,-0.2001,-0.2289,0.2240,-0.0471,0.9735,90.000,nan,nan,nan,0.0000,0.0000,0.0000,nan,nan,nan,-9860.1709,-1521.0038,-212.9657,-9860.1709,-1521.0038,-212.9657,12.000,0,nan,nan
20.3320,166.5167,0,-9573.3328,-1581.4658,-301.6257,nan,nan,nan,0.9341,-0.3571,-0.0000,0.3571,0.9341,-0.0000,0.0000,-0.0000,1.0000,0.0000,0.0000,0.0000,0.0000,-0.0000,-0.0000,-9860.1260,-1521.0221,-212.9657,nan,nan,nan,0.9527,-0.2001,-0.2289,0.2240,-0.0471,0.9735,90.000,nan,nan,nan,0.0000,0.0000,0.0000,nan,nan,nan,-9860.1260,-1521.0221,-212.9657,-9860.1260,-1521.0221,-212.9657,12.000,0,nan,nan
20.3610,166.5500,0,-9573.3328,-1581.4658,-301.6257,nan,nan,nan,0.9341,-0.3571,-0.0000,0.3571,0.9341,-0.0000,0.0000,-0.0000,1.0000,0.0000,0.0000,0.0000,0.0000,-0.0000,-0.0000,-9860.0409,-1521.0567,-212.9657,nan,nan,nan,0.9527,-0.2001,-0.2289,0.2240,-0.0471,0.9735,90.000,nan,nan,nan,0.0000,0.0000,0.0000,nan,nan,nan,-9860.0409,-1521.0567,-212.9657,-9860.0409,-1521.0567,-212.9657,12.000,0,nan,nan
20.4030,166.5667,0,-9573.3328,-1581.4658,-301.6257,nan,nan,nan,0.9341,-0.3571,-0.0000,0.3571,0.9341,-0.0000,0.0000,-0.0000,1.0000,0.0000,0.0000,0.0000,0.0000,-0.0000,-0.0000,-9860.0027,-1521.0723,-212.9658,nan,nan,nan,0.9527,-0.2001,-0.2289,0.2240,-0.0471,0.9735,90.000,nan,nan,nan,0.0000,0.0000,0.0000,nan,nan,nan,-9860.0027,-1521.0723,-212.9658,-9860.0027,-1521.0723,-212.9658,12.000,0,nan,nan
20.4330,166.6167,0,-9573.3328,-1581.4658,-301.6257,nan,nan,nan,0.9341,-0.3571,-0.0000,0.3571,0.9341,-0.0000,0.0000,-0.0000,1.0000,0.0000,0.0000,0.0000,0.0000,-0.0000,-0.0000,-9859.8937,-1521.1166,-212.9658,nan,nan,nan,0.9527,-0.2001,-0.2289,0.2240,-0.0471,0.9735,90.000,nan,nan,nan,0.0000,0.0000,0.0000,nan,nan,nan,-9859.8937,-1521.1166,-212.9658,-9859.8937,-1521.1166,-212.9658,12.000,0,nan,nan
20.4590,166.6500,0,-9573.3328,-1581.4658,-301.6257,nan,nan,nan,0.9341,-0.3571,-0.0000,0.3571,0.9341,-0.0000,0.0000,-0.0000,1.0000,0.0000,0.0000,0.0000,0.0000,-0.0000,-0.0000,-9859.8319,-1521.1418,-212.9658,nan,nan,nan,0.9527,-0.2001,-0.2289,0.2240,-0.0471,0.9735,90.000,nan,nan,nan,0.0000,0.0000,0.0000,nan,nan,nan,-9859.8319,-1521.1418,-212.9658,-9859.8319,-1521.1418,-212.9658,12.000,0,nan,nan
20.4850,166.6667,0,-9573.3328,-1581.4658,-301.6257,nan,nan,nan,0.9341,-0.3571,-0.0000,0.3571,0.9341,-0.0000,0.0000,-0.0000,1.0000,0.0000,0.0000,0.0000,0.0000,-0.0000,-0.0000,-9859.8039,-1521.1531,-212.9658,nan,nan,nan,0.9527,-0.2001,-0.2289,0.2240,-0.0471,0.9735,90.000,nan,nan,nan,0.0000,0.0000,0.0000,nan,nan,nan,-9859.8039,-1521.1531,-212.9658,-9859.8039,-1521.1531,-212.9658,12.000,0,nan,nan
20.5110,166.7000,0,-9573.3328,-1581.4658,-301.6257,nan,nan,nan,0.9341,-0.3571,-0.0000,0.3571,0.9341,-0.0000,0.0000,-0.0000,1.0000,0.0000,0.0000,0.0000,0.0000,-0.0000,-0.0000,-9859.7507,-1521.1748,-212.9658,nan,nan,nan,0.9527,-0.2001,-0.2289,0.2240,-0.0471,0.9735,90.000,nan,nan,nan,0.0000,0.0000,0.0000,nan,nan,nan,-9859.7507,-1521.1748,-212.9658,-9859.7507,-1521.1748,-212.9658,12.000,0,nan,nan
20.5390,166.7167,0,-9573.3328,-1581.4658,-301.6257,nan,nan,nan,0.9341,-0.3571,-0.0000,0.3571,0.9341,-0.0000,0.0000,-0.0000,1.0000,0.0000,0.0000,0.0000,0.0000,-0.0000,-0.0000,-9859.7266,-1521.1846,-212.9658,nan,nan,nan,0.9527,-0.2001,-0.2289,0.2240,-0.0471,0.9735,90.000,nan,nan,nan,0.0000,0.0000,0.0000,nan,nan,nan,-9859.7266,-1521.1846,-212.9658,-9859.7266,-1521.1846,-212.9658,12.000,0,nan,nan
20.5650,166.7500,0,-9573.3328,-1581.4658,-301.6257,nan,nan,nan,0.9341,-0.3571,-0.0000,0.3571,0.9341,-0.0000,0.0000,-0.0000,1.0000,0.0000,0.0000,0.0000,0.0000,-0.0000,-0.0000,-9859.6807,-1521.2033,-212.9658,nan,nan,nan,0.9527,-0.2001,-0.2289,0.2240,-0.0471,0.9735,90.000,nan,nan,nan,0.0000,0.0000,0.0000,nan,nan,nan,-9859.6807,-1521.2033,-212.9658,-9859.6807,-1521.2033,-212.9658,12.000,0,nan,nan
20.5920,166.7833,0,-9573.3328,-1581.4658,-301.6257,nan,nan,nan,0.9341,-0.3571,-0.0000,0.3571,0.9341,-0.0000,0.0000,-0.0000,1.0000,0.0000,0.0000,0.0000,0.0000,-0.0000,-0.0000,-9859.6390,-1521.2203,-212.9658,nan,nan,nan,0.9527,-0.2001,-0.2289,0.2240,-0.0471,0.9735,90.000,nan,nan,nan,0.0000,0.0000,0.0000,nan,nan,nan,-9859.6390,-1521.2203,-212.9658,-9859.6390,-1521.2203,-212.9658,12.000,0,nan,nan
20.6190,166.8000,0,-9573.3328,-1581.4658,-301.6257,nan,nan,nan,0.9341,-0.3571,-0.0000,0.3571,0.9341,-0.0000,0.0000,-0.0000,1.0000,0.0000,0.0000,0.0000,0.0000,-0.0000,-0.0000,-9859.6200,-1521.2280,-212.9658,nan,nan,nan,0.9527,-0.2001,-0.2289,0.2240,-0.0471,0.9735,90.000,nan,nan,nan,0.0000,0.0000,0.0000,nan,nan,nan,-9859.6200,-1521.2280,-212.9658,-9859.6200,-1521.2280,-212.9658,12.000,0,nan,nan
20.6460,166.8333,0,-9573.3328,-1581.4658,-301.6257,nan,nan,nan,0.9341,-0.3571,-0.0000,0.3571,0.9341,-0.0000,0.0000,-0.0000,1.0000,0.0000,0.0000,0.0000,0.0000,-0.0000,-0.0000,-9859.5837,-1521.2427,-212.9658,nan,nan,nan,0.9527,-0.2001,-0.2289,0.2240,-0.0471,0.9735,90.000,nan,nan,nan,0.0000,0.0000,0.0000,nan,nan,nan,-9859.5837,-1521.2427,-212.9658,-9859.5837,-1521.2427,-212.9658,12.000,0,nan,nan
20.6730,166.8667,0,-9573.3328,-1581.4658,-301.6257,nan,nan,nan,0.9341,-0.3571,-0.0000,0.3571,0.9341,-0.0000,0.0000,-0.0000,1.0000,0.0000,0.0000,0.0000,0.0000,-0.0000,-0.0000,-9859.5507,-1521.2562,-212.9658,nan,nan,nan,0.9527,-0.2001,-0.2289,0.2240,-0.0471,0.9735,90.000,nan,nan,nan,0.0000,0.0000,0.0000,nan,nan,nan,-9859.5507,-1521.2562,-212.9658,-9859.5507,-1521.2562,-212.9658,12.000,0,nan,nan
20.7010,166.8833,0,-9573.3328,-1581.4658,-301.6257,nan,nan,nan,0.9341,-0.3571,-0.0000,0.3571,0.9341,-0.0000,0.0000,-0.0000,1.0000,0.0000,0.0000,0.0000,0.0000,-0.0000,-0.0000,-9859.5356,-1521.2623,-212.9658,nan,nan,nan,0.9527,-0.2001,-0.2289,0.2240,-0.0471,0.9735,90.000,nan,nan,nan,0.0000,0.0000,0.0000,nan,nan,nan,-9859.5356,-1521.2623,-212.9658,-9859.5356,-1521.2623,-212.9658,12.000,0,nan,nan
20.7280,166.9167,0,-9573.3328,-1581.4658,-301.6257,nan,nan,nan,0.9341,-0.3571,-0.0000,0.3571,0.9341,-0.0000,0.0000,-0.0000,1.0000,0.0000,0.0000,0.0000,0.0000,-0.0000,-0.0000,-9859.5067,-1521.2741,-212.9658,nan,nan,nan,0.9527,-0.2001,-0.2289,0.2240,-0.0471,0.9735,90.000,nan,nan,nan,0.0000,0.0000,0.0000,nan,nan,nan,-9859.5067,-1521.2741,-212.9658,-9859.5067,-1521.2741,-212.9658,12.000,0,nan,nan
20.7560,166.9333,0,-9573.3328,-1581.4658,-301.6257,nan,nan,nan,0.9341,-0.3571,-0.0000,0.3571,0.9341,-0.0000,0.0000,-0.0000,1.0000,0.0000,0.0000,0.0000,0.0000,-0.0000,-0.0000,-9859.4935,-1521.2795,-212.9658,nan,nan,nan,0.9527,-0.2001,-0.2289,0.2240,-0.0471,0.9735,90.000,nan,nan,nan,0.0000,0.0000,0.0000,nan,nan,nan,-9859.4935,-1521.2795,-212.9658,-9859.4935,-1521.2795,-212.9658,12.000,0,nan,nan
20.7820,166.9667,0,-9573.3328,-1581.4658,-301.6257,nan,nan,nan,0.9341,-0.3571,-0.0000,0.3571,0.9341,-0.0000,0.0000,-0.0000,1.0000,0.0000,0.0000,0.0000,0.0000,-0.0000,-0.0000,-9859.4682,-1521.2897,-212.9658,nan,nan,nan,0.9527,-0.2001,-0.2289,0.2240,-0.0471,0.9735,90.000,nan,nan,nan,0.0000,0.0000,0.0000,nan,nan,nan,-9859.4682,-1521.2897,-212.9658,-9859.4682,-1521.2897,-212.9658,12.000,0,nan,nan
20.8090,167.0000,0,-9573.3328,-1581.4658,-301.6257,nan,nan,nan,0.9341,-0.3571,-0.0000,0.3571,0.9341,-0.0000,0.0000,-0.0000,1.0000,0.0000,0.0000,0.0000,0.0000,-0.0000,-0.0000,-9859.4450,-1521.2992,-212.9658,nan,nan,nan,0.9527,-0.2001,-0.2289,0.2240,-0.0471,0.9735,90.000,nan,nan,nan,0.0000,0.0000,0.0000,nan,nan,nan,-9859.4450,-1521.2992,-212.9658,-9859.4450,-1521.2992,-212.9658,12.000,0,nan,nan
20.8360,167.0167,0,-9573.3328,-1581.4658,-301.6257,nan,nan,nan,0.9341,-0.3571,-0.0000,0.3571,0.9341,-0.0000,0.0000,-0.0000,1.0000,0.0000,0.0000,0.0000,0.0000,-0.0000,-0.0000,-9859.4344,-1521.3035,-212.9658,nan,nan,nan,0.9527,-0.2001,-0.2289,0.2240,-0.0471,0.9735,90.000,nan,nan,nan,0.0000,0.0000,0.0000,nan,nan,nan,-9859.4344,-1521.3035,-212.9658,-9859.4344,-1521.3035,-212.9658,12.000,0,nan,nan
20.8630,167.0500,0,-9573.3328,-1581.4658,-301.6257,nan,nan,nan,0.9341,-0.3571,-0.0000,0.3571,0.9341,-0.0000,0.0000,-0.0000,1.0000,0.0000,0.0000,0.0000,0.0000,-0.0000,-0.0000,-9859.4140,-1521.3118,-212.9658,nan,nan,nan,0.9527,-0.2001,-0.2289,0.2240,-0.0471,0.9735,90.000,nan,nan,nan,0.0000,0.0000,0.0000,nan,nan,nan,-9859.4140,-1521.3118,-212.9658,-9859.4140,-1521.3118,-212.9658,12.000,0,nan,nan
20.8910,167.0833,0,-9573.3328,-1581.4658,-301.6257,nan,nan,nan,0.9341,-0.3571,-0.0000,0.3571,0.9341,-0.0000,0.0000,-0.0000,1.0000,0.0000,0.0000,0.0000,0.0000,-0.0000,-0.0000,-9859.3952,-1521.3195,-212.9658,nan,nan,nan,0.9527,-0.2001,-0.2289,0.2240,-0.0471,0.9735,90.000,nan,nan,nan,0.0000,0.0000,0.0000,nan,nan,nan,-9859.3952,-1521.3195,-212.9658,-9859.3952,-1521.3195,-212.9658,12.000,0,nan,nan
20.9170,167.1000,0,-9573.3328,-1581.4658,-301.6257,nan,nan,nan,0.9341,-0.3571,-0.0000,0.3571,0.9341,-0.0000,0.0000,-0.0000,1.0000,0.0000,0.0000,0.0000,0.0000,-0.0000,-0.0000,-9859.3865,-1521.3230,-212.9658,nan,nan,nan,0.9527,-0.2001,-0.2289,0.2240,-0.0471,0.9735,90.000,nan,nan,nan,0.0000,0.0000,0.0000,nan,nan,nan,-9859.3865,-1521.3230,-212.9658,-9859.3865,-1521.3230,-212.9658,12.000,0,nan,nan
20.9450,167.1333,0,-9573.3328,-1581.4658,-301.6257,nan,nan,nan,0.9341,-0.3571,-0.0000,0.3571,0.9341,-0.0000,0.0000,-0.0000,1.0000,0.0000,0.0000,0.0000,0.0000,-0.0000,-0.0000,-9859.3699,-1521.3297,-212.9658,nan,nan,nan,0.9527,-0.2001,-0.2289,0.2240,-0.0471,0.9735,90.000,nan,nan,nan,0.0000,0.0000,0.0000,nan,nan,nan,-9859.3699,-1521.3297,-212.9658,-9859.3699,-1521.3297,-212.9658,12.000,0,nan,nan
20.9730,167.1500,0,-9573.3328,-1581.4658,-301.6257,nan,nan,nan,0.9341,-0.3571,-0.0000,0.3571,0.9341,-0.0000,0.0000,-0.0000,1.0000,0.0000,0.0000,0.0000,0.0000,-0.0000,-0.0000,-9859.3623,-1521.3329,-212.9658,nan,nan,nan,0.9527,-0.2001,-0.2289,0.2240,-0.0471,0.9735,90.000,nan,nan,nan,0.0000,0.0000,0.0000,nan,nan,nan,-9859.3623,-1521.3329,-212.9658,-9859.3623,-1521.3329,-212.9658,12.000,0,nan,nan
21.0000,167.1833,0,-9573.3328,-1581.4658,-301.6257,nan,nan,nan,0.9341,-0.3571,-0.0000,0.3571,0.9341,-0.0000,0.0000,-0.0000,1.0000,0.0000,0.0000,0.0000,0.0000,-0.0000,-0.0000,-9859.3475,-1521.3388,-212.9658,nan,nan,nan,0.9527,-0.2001,-0.2289,0.2240,-0.0471,0.9735,90.000,nan,nan,nan,0.0000,0.0000,0.0000,nan,nan,nan,-9859.3475,-1521.3388,-212.9658,-9859.3475,-1521.3388,-212.9658,12.000,0,nan,nan
21.0250,167.2167,0,-9573.3328,-1581.4658,-301.6257,nan,nan,nan,0.9341,-0.3571,-0.0000,0.3571,0.9341,-0.0000,0.0000,-0.0000,1.0000,0.0000,0.0000,0.0000,0.0000,-0.0000,-0.0000,-9859.3339,-1521.3444,-212.9658,nan,nan,nan,0.9527,-0.2001,-0.2289,0.2240,-0.0471,0.9735,90.000,nan,nan,nan,0.0000,0.0000,0.0000,nan,nan,nan,-9859.3339,-1521.3444,-212.9658,-9859.3339,-1521.3444,-212.9658,12.000,0,nan,nan
21.0520,167.2333,0,-9573.3328,-1581.4658,-301.6257,nan,nan,nan,0.9341,-0.3571,-0.0000,0.3571,0.9341,-0.0000,0.0000,-0.0000,1.0000,0.0000,0.0000,0.0000,0.0000,-0.0000,-0.0000,-9859.3276,-1521.3469,-212.9658,nan,nan,nan,0.9527,-0.2001,-0.2289,0.2240,-0.0471,0.9735,90.000,nan,nan,nan,0.0000,0.0000,0.0000,nan,nan,nan,-9859.3276,-1521.3469,-212.9658,-9859.3276,-1521.3469,-212.9658,12.000,0,nan,nan
21.0800,167.2667,0,-9573.3328,-1581.4658,-301.6257,nan,nan,nan,0.9341,-0.3571,-0.0000,0.3571,0.9341,-0.0000,0.0000,-0.0000,1.0000,0.0000,0.0000,0.0000,0.0000,-0.0000,-0.0000,-9859.3155,-1521.3519,-212.9658,nan,nan,nan,0.9527,-0.2001,-0.2289,0.2240,-0.0471,0.9735,90.000,nan,nan,nan,0.0000,0.0000,0.0000,nan,nan,nan,-9859.3155,-1521.3519,-212.9658,-9859.3155,-1521.3519,-212.9658,12.000,0,nan,nan
21.1070,167.3000,0,-9573.3328,-1581.4658,-301.6257,nan,nan,nan,0.9341,-0.3571,-0.0000,0.3571,0.9341,-0.0000,0.0000,-0.0000,1.0000,0.0000,0.0000,0.0000,0.0000,-0.0000,-0.0000,-9859.3043,-1521.3564,-212.9658,nan,nan,nan,0.9527,-0.2001,-0.2289,0.2240,-0.0471,0.9735,90.000,nan,nan,nan,0.0000,0.0000,0.0000,nan,nan,nan,-9859.3043,-1521.3564,-212.9658,-9859.3043,-1521.3564,-212.9658,12.000,0,nan,nan
21.1350,167.3167,0,-9573.3328,-1581.4658,-301.6257,nan,nan,nan,0.9341,-0.3571,-0.0000,0.3571,0.9341,-0.0000,0.0000,-0.0000,1.0000,0.0000,0.0000,0.0000,0.0000,-0.0000,-0.0000,-9859.2991,-1521.3586,-212.9658,nan,nan,nan,0.9527,-0.2001,-0.2289,0.2240,-0.0471,0.9735,90.000,nan,nan,nan,0.0000,0.0000,0.0000,nan,nan,nan,-9859.2991,-1521.3586,-212.9658,-9859.2991,-1521.3586,-212.9658,12.000,0,nan,nan
21.1620,167.3500,0,-9573.3328,-1581.4658,-301.6257,nan,nan,nan,0.9341,-0.3571,-0.0000,0.3571,0.9341,-0.0000,0.0000,-0.0000,1.0000,0.0000,0.0000,0.0000,0.0000,-0.0000,-0.0000,-9859.2891,-1521.3626,-212.9658,nan,nan,nan,0.9527,-0.2001,-0.2289,0.2240,-0.0471,0.9735,90.000,nan,nan,nan,0.0000,0.0000,0.0000,nan,nan,nan,-9859.2891,-1521.3626,-212.9658,-9859.2891,-1521.3626,-212.9658,12.000,0,nan,nan
21.1900,167.3833,0,-9573.3328,-1581.4658,-301.6257,nan,nan,nan,0.9341,-0.3571,-0.0000,0.3571,0.9341,-0.0000,0.0000,-0.0000,1.0000,0.0000,0.0000,0.0000,0.0000,-0.0000,-0.0000,-9859.2798,-1521.3664,-212.9658,nan,nan,nan,0.9527,-0.2001,-0.2289,0.2240,-0.0471,0.9735,90.000,nan,nan,nan,0.0000,0.0000,0.0000,nan,nan,nan,-9859.2798,-1521.3664,-212.9658,-9859.2798,-1521.3664,-212.9658,12.000,0,nan,nan
21.2170,167.4000,0,-9573.3328,-1581.4658,-301.6257,nan,nan,nan,0.9341,-0.3571,-0.0000,0.3571,0.9341,-0.0000,0.0000,-0.0000,1.0000,0.0000,0.0000,0.0000,0.0000,-0.0000,-0.0000,-9859.2754,-1521.3682,-212.9658,nan,nan,nan,0.9527,-0.2001,-0.2289,0.2240,-0.0471,0.9735,90.000,nan,nan,nan,0.0000,0.0000,0.0000,nan,nan,nan,-9859.2754,-1521.3682,-212.9658,-9859.2754,-1521.3682,-212.9658,12.000,0,nan,nan
21.2420,167.4333,0,-9573.3328,-1581.4658,-301.6257,nan,nan,nan,0.9341,-0.3571,-0.0000,0.3571,0.9341,-0.0000,0.0000,-0.0000,1.0000,0.0000,0.0000,0.0000,0.0000,-0.0000,-0.0000,-9859.2671,-1521.3716,-212.9658,nan,nan,nan,0.9527,-0.2001,-0.2289,0.2240,-0.0471,0.9735,90.000,nan,nan,nan,0.0000,0.0000,0.0000,nan,nan,nan,-9859.2671,-1521.3716,-212.9658,-9859.2671,-1521.3716,-212.9658,12.000,0,nan,nan
21.2700,167.4500,0,-9573.3328,-1581.4658,-301.6257,nan,nan,nan,0.9341,-0.3571,-0.0000,0.3571,0.9341,-0.0000,0.0000,-0.0000,1.0000,0.0000,0.0000,0.0000,0.0000,-0.0000,-0.0000,-9859.2632,-1521.3732,-212.9658,nan,nan,nan,0.9527,-0.2001,-0.2289,0.2240,-0.0471,0.9735,90.000,nan,nan,nan,0.0000,0.0000,0.0000,nan,nan,nan,-9859.2632,-1521.3732,-212.9658,-9859.2632,-1521.3732,-212.9658,12.000,0,nan,nan
21.2960,167.4833,0,-9573.3328,-1581.4658,-301.6257,nan,nan,nan,0.9341,-0.3571,-0.0000,0.3571,0.9341,-0.0000,0.0000,-0.0000,1.0000,0.0000,0.0000,0.0000,0.0000,-0.0000,-0.0000,-9859.2557,-1521.3762,-212.9658,nan,nan,nan,0.9527,-0.2001,-0.2289,0.2240,-0.0471,0.9735,90.000,nan,nan,nan,0.0000,0.0000,0.0000,nan,nan,nan,-9859.2557,-1521.3762,-212.9658,-9859.2557,-1521.3762,-212.9658,12.000,0,nan,nan
21.3230,167.5167,0,-9573.3328,-1581.4658,-301.6257,nan,nan,nan,0.9341,-0.3571,-0.0000,0.3571,0.9341,-0.0000,0.0000,-0.0000,1.0000,0.0000,0.0000,0.0000,0.0000,-0.0000,-0.0000,-9859.2487,-1521.3791,-212.9658,nan,nan,nan,0.9527,-0.2001,-0.2289,0.2240,-0.0471,0.9735,90.000,nan,nan,nan,0.0000,0.0000,0.0000,nan,nan,nan,-9859.2487,-1521.3791,-212.9658,-9859.2487,-1521.3791,-212.9658,12.000,0,nan,nan
21.3500,167.5333,0,-9573.3328,-1581.4658,-301.6257,nan,nan,nan,0.9341,-0.3571,-0.0000,0.3571,0.9341,-0.0000,0.0000,-0.0000,1.0000,0.0000,0.0000,0.0000,0.0000,-0.0000,-0.0000,-9859.2454,-1521.3804,-212.9658,nan,nan,nan,0.9527,-0.2001,-0.2289,0.2240,-0.0471,0.9735,90.000,nan,nan,nan,0.0000,0.0000,0.0000,nan,nan,nan,-9859.2454,-1521.3804,-212.9658,-9859.2454,-1521.3804,-212.9658,12.000,0,nan,nan
21.3770,167.5667,0,-9573.3328,-1581.4658,-301.6257,nan,nan,nan,0.9341,-0.3571,-0.0000,0.3571,0.9341,-0.0000,0.0000,-0.0000,1.0000,0.0000,0.0000,0.0000,0.0000,-0.0000,-0.0000,-9859.2391,-1521.3830,-212.9658,nan,nan,nan,0.9527,-0.2001,-0.2289,0.2240,-0.0471,0.9735,90.000,nan,nan,nan,0.0000,0.0000,0.0000,nan,nan,nan,-9859.2391,-1521.3830,-212.9658,-9859.2391,-1521.3830,-212.9658,12.000,0,nan,nan
21.4040,167.5833,0,-9573.3328,-1581.4658,-301.6257,nan,nan,nan,0.9341,-0.3571,-0.0000,0.3571,0.9341,-0.0000,0.0000,-0.0000,1.0000,0.0000,0.0000,0.0000,0.0000,-0.0000,-0.0000,-9859.2362,-1521.3842,-212.9658,nan,nan,nan,0.9527,-0.2001,-0.2289,0.2240,-0.0471,0.9735,90.000,nan,nan,nan,0.0000,0.0000,0.0000,nan,nan,nan,-9859.2362,-1521.3842,-212.9658,-9859.2362,-1521.3842,-212.9658,12.000,0,nan,nan
21.4320,167.6167,0,-9573.3328,-1581.4658,-301.6257,nan,nan,nan,0.9341,-0.3571,-0.0000,0.3571,0.9341,-0.0000,0.0000,-0.0000,1.0000,0.0000,0.0000,0.0000,0.0000,-0.0000,-0.0000,-9859.2305,-1521.3865,-212.9658,nan,nan,nan,0.9527,-0.2001,-0.2289,0.2240,-0.0471,0.9735,90.000,nan,nan,nan,0.0000,0.0000,0.0000,nan,nan,nan,-9859.2305,-1521.3865,-212.9658,-9859.2305,-1521.3865,-212.9658,12.000,0,nan,nan
21.4570,167.6500,0,-9573.3328,-1581.4658,-301.6257,nan,nan,nan,0.9341,-0.3571,-0.0000,0.3571,0.9341,-0.0000,0.0000,-0.0000,1.0000,0.0000,0.0000,0.0000,0.0000,-0.0000,-0.0000,-9859.2252,-1521.3886,-212.9658,nan,nan,nan,0.9527,-0.2001,-0.2289,0.2240,-0.0471,0.9735,90.000,nan,nan,nan,0.0000,0.0000,0.0000,nan,nan,nan,-9859.2252,-1521.3886,-212.9658,-9859.2252,-1521.3886,-212.9658,12.000,0,nan,nan
21.4840,167.6667,0,-9573.3328,-1581.4658,-301.6257,nan,nan,nan,0.9341,-0.3571,-0.0000,0.3571,0.9341,-0.0000,0.0000,-0.0000,1.0000,0.0000,0.0000,0.0000,0.0000,-0.0000,-0.0000,-9859.2227,-1521.3896,-212.9658,nan,nan,nan,0.9527,-0.2001,-0.2289,0.2240,-0.0471,0.9735,90.000,nan,nan,nan,0.0000,0.0000,0.0000,nan,nan,nan,-9859.2227,-1521.3896,-212.9658,-9859.2227,-1521.3896,-212.9658,12.000,0,nan,nan
21.5120,167.7000,0,-9573.3328,-1581.4658,-301.6257,nan,nan,nan,0.9341,-0.3571,-0.0000,0.3571,0.9341,-0.0000,0.0000,-0.0000,1.0000,0.0000,0.0000,0.0000,0.0000,-0.0000,-0.0000,-9859.2179,-1521.3916,-212.9658,nan,nan,nan,0.9527,-0.2001,-0.2289,0.2240,-0.0471,0.9735,90.000,nan,nan,nan,0.0000,0.0000,0.0000,nan,nan,nan,-9859.2179,-1521.3916,-212.9658,-9859.2179,-1521.3916,-212.9658,12.000,0,nan,nan
21.5390,167.7167,0,-9573.3328,-1581.4658,-301.6257,nan,nan,nan,0.9341,-0.3571,-0.0000,0.3571,0.9341,-0.0000,0.0000,-0.0000,1.0000,0.0000,0.0000,0.0000,0.0000,-0.0000,-0.0000,-9859.2156,-1521.3925,-212.9658,nan,nan,nan,0.9527,-0.2001,-0.2289,0.2240,-0.0471,0.9735,90.000,nan,nan,nan,0.0000,0.0000,0.0000,nan,nan,nan,-9859.2156,-1521.3925,-212.9658,-9859.2156,-1521.3925,-212.9658,12.000,0,nan,nan
21.5660,167.7500,0,-9573.3328,-1581.4658,-301.6257,nan,nan,nan,0.9341,-0.3571,-0.0000,0.3571,0.9341,-0.0000,0.0000,-0.0000,1.0000,0.0000,0.0000,0.0000,0.0000,-0.0000,-0.0000,-9859.2112,-1521.3943,-212.9658,nan,nan,nan,0.9527,-0.2001,-0.2289,0.2240,-0.0471,0.9735,90.000,nan,nan,nan,0.0000,0.0000,0.0000,nan,nan,nan,-9859.2112,-1521.3943,-212.9658,-9859.2112,-1521.3943,-212.9658,12.000,0,nan,nan
21.5930,167.7833,0,-9573.3328,-1581.4658,-301.6257,nan,nan,nan,0.9341,-0.3571,-0.0000,0.3571,0.9341,-0.0000,0.0000,-0.0000,1.0000,0.0000,0.0000,0.0000,0.0000,-0.0000,-0.0000,-9859.2071,-1521.3960,-212.9658,nan,nan,nan,0.9527,-0.2001,-0.2289,0.2240,-0.0471,0.9735,90.000,nan,nan,nan,0.0000,0.0000,0.0000,nan,nan,nan,-9859.2071,-1521.3960,-212.9658,-9859.2071,-1521.3960,-212.9658,12.000,0,nan,nan
21.6200,167.8000,0,-9573.3328,-1581.4658,-301.6257,nan,nan,nan,0.9341,-0.3571,-0.0000,0.3571,0.9341,-0.0000,0.0000,-0.0000,1.0000,0.0000,0.0000,0.0000,0.0000,-0.0000,-0.0000,-9859.2052,-1521.3968,-212.9658,nan,nan,nan,0.9527,-0.2001,-0.2289,0.2240,-0.0471,0.9735,90.000,nan,nan,nan,0.0000,0.0000,0.0000,nan,nan,nan,-9859.2052,-1521.3968,-212.9658,-9859.2052,-1521.3968,-212.9658,12.000,0,nan,nan
21.6480,167.8333,0,-9573.3328,-1581.4658,-301.6257,nan,nan,nan,0.9341,-0.3571,-0.0000,0.3571,0.9341,-0.0000,0.0000,-0.0000,1.0000,0.0000,0.0000,0.0000,0.0000,-0.0000,-0.0000,-9859.2015,-1521.3983,-212.9658,nan,nan,nan,0.9527,-0.2001,-0.2289,0.2240,-0.0471,0.9735,90.000,nan,nan,nan,0.0000,0.0000,0.0000,nan,nan,nan,-9859.2015,-1521.3983,-212.9658,-9859.2015,-1521.3983,-212.9658,12.000,0,nan,nan
21.6740,167.8667,0,-9573.3328,-1581.4658,-301.6257,nan,nan,nan,0.9341,-0.3571,-0.0000,0.3571,0.9341,-0.0000,0.0000,-0.0000,1.0000,0.0000,0.0000,0.0000,0.0000,-0.0000,-0.0000,-9859.1980,-1521.3997,-212.9658,nan,nan,nan,0.9527,-0.2001,-0.2289,0.2240,-0.0471,0.9735,90.000,nan,nan,nan,0.0000,0.0000,0.0000,nan,nan,nan,-9859.1980,-1521.3997,-212.9658,-9859.1980,-1521.3997,-212.9658,12.000,0,nan,nan
21.7010,167.8833,0,-9573.3328,-1581.4658,-301.6257,nan,nan,nan,0.9341,-0.3571,-0.0000,0.3571,0.9341,-0.0000,0.0000,-0.0000,1.0000,0.0000,0.0000,0.0000,0.0000,-0.0000,-0.0000,-9859.1963,-1521.4004,-212.9658,nan,nan,nan,0.9527,-0.2001,-0.2289,0.2240,-0.0471,0.9735,90.000,nan,nan,nan,0.0000,0.0000,0.0000,nan,nan,nan,-9859.1963,-1521.4004,-212.9658,-9859.1963,-1521.4004,-212.9658,12.000,0,nan,nan
21.7270,167.9167,0,-9573.3328,-1581.4658,-301.6257,nan,nan,nan,0.9341,-0.3571,-0.0000,0.3571,0.9341,-0.0000,0.0000,-0.0000,1.0000,0.0000,0.0000,0.0000,0.0000,-0.0000,-0.0000,-9859.1931,-1521.4017,-212.9658,nan,nan,nan,0.9527,-0.2001,-0.2289,0.2240,-0.0471,0.9735,90.000,nan,nan,nan,0.0000,0.0000,0.0000,nan,nan,nan,-9859.1931,-1521.4017,-212.9658,-9859.1931,-1521.4017,-212.9658,12.000,0,nan,nan
21.7530,167.9333,0,-9573.3328,-1581.4658,-301.6257,nan,nan,nan,0.9341,-0.3571,-0.0000,0.3571,0.9341,-0.0000,0.0000,-0.0000,1.0000,0.0000,0.0000,0.0000,0.0000,-0.0000,-0.0000,-9859.1916,-1521.4023,-212.9658,nan,nan,nan,0.9527,-0.2001,-0.2289,0.2240,-0.0471,0.9735,90.000,nan,nan,nan,0.0000,0.0000,0.0000,nan,nan,nan,-9859.1916,-1521.4023,-212.9658,-9859.1916,-1521.4023,-212.9658,12.000,0,nan,nan
21.7800,167.9667,0,-9573.3328,-1581.4658,-301.6257,nan,nan,nan,0.9341,-0.3571,-0.0000,0.3571,0.9341,-0.0000,0.0000,-0.0000,1.0000,0.0000,0.0000,0.0000,0.0000,-0.0000,-0.0000,-9859.1887,-1521.4035,-212.9658,nan,nan,nan,0.9527,-0.2001,-0.2289,0.2240,-0.0471,0.9735,90.000,nan,nan,nan,0.0000,0.0000,0.0000,nan,nan,nan,-9859.1887,-1521.4035,-212.9658,-9859.1887,-1521.4035,-212.9658,12.000,0,nan,nan
21.8050,168.0000,0,-9573.3328,-1581.4658,-301.6257,nan,nan,nan,0.9341,-0.3571,-0.0000,0.3571,0.9341,-0.0000,0.0000,-0.0000,1.0000,0.0000,0.0000,0.0000,0.0000,-0.0000,-0.0000,-9859.1860,-1521.4046,-212.9658,nan,nan,nan,0.9527,-0.2001,-0.2289,0.2240,-0.0471,0.9735,90.000,nan,nan,nan,0.0000,0.0000,0.0000,nan,nan,nan,-9859.1860,-1521.4046,-212.9658,-9859.1860,-1521.4046,-212.9658,12.000,0,nan,nan
21.8330,168.0167,0,-9573.3328,-1581.4658,-301.6257,nan,nan,nan,0.9341,-0.3571,-0.0000,0.3571,0.9341,-0.0000,0.0000,-0.0000,1.0000,0.0000,0.0000,0.0000,0.0000,-0.0000,-0.0000,-9859.1847,-1521.4051,-212.9658,nan,nan,nan,0.9527,-0.2001,-0.2289,0.2240,-0.0471,0.9735,90.000,nan,nan,nan,0.0000,0.0000,0.0000,nan,nan,nan,-9859.1847,-1521.4051,-212.9658,-9859.1847,-1521.4051,-212.9658,12.000,0,nan,nan
21.8590,168.0500,0,-9573.3328,-1581.4658,-301.6257,nan,nan,nan,0.9341,-0.3571,-0.0000,0.3571,0.9341,-0.0000,0.0000,-0.0000,1.0000,0.0000,0.0000,0.0000,0.0000,-0.0000,-0.0000,-9859.1821,-1521.4061,-212.9658,nan,nan,nan,0.9527,-0.2001,-0.2289,0.2240,-0.0471,0.9735,90.000,nan,nan,nan,0.0000,0.0000,0.0000,nan,nan,nan,-9859.1821,-1521.4061,-212.9658,-9859.1821,-1521.4061,-212.9658,12.000,0,nan,nan
21.8850,168.0667,0,-9573.3328,-1581.4658,-301.6257,nan,nan,nan,0.9341,-0.3571,-0.0000,0.3571,0.9341,-0.0000,0.0000,-0.0000,1.0000,0.0000,0.0000,0.0000,0.0000,-0.0000,-0.0000,-9859.1810,-1521.4066,-212.9658,nan,nan,nan,0.9527,-0.2001,-0.2289,0.2240,-0.0471,0.9735,90.000,nan,nan,nan,0.0000,0.0000,0.0000,nan,nan,nan,-9859.1810,-1521.4066,-212.9658,-9859.1810,-1521.4066,-212.9658,12.000,0,nan,nan
21.9130,168.1000,0,-9573.3328,-1581.4658,-301.6257,nan,nan,nan,0.9341,-0.3571,-0.0000,0.3571,0.9341,-0.0000,0.0000,-0.0000,1.0000,0.0000,0.0000,0.0000,0.0000,-0.0000,-0.0000,-9859.1787,-1521.4076,-212.9658,nan,nan,nan,0.9527,-0.2001,-0.2289,0.2240,-0.0471,0.9735,90.000,nan,nan,nan,0.0000,0.0000,0.0000,nan,nan,nan,-9859.1787,-1521.4076,-212.9658,-9859.1787,-1521.4076,-212.9658,12.000,0,nan,nan
21.9400,168.1333,0,-9573.3328,-1581.4658,-301.6257,nan,nan,nan,0.9341,-0.3571,-0.0000,0.3571,0.9341,-0.0000,0.0000,-0.0000,1.0000,0.0000,0.0000,0.0000,0.0000,-0.0000,-0.0000,-9859.1765,-1521.4084,-212.9658,nan,nan,nan,0.9527,-0.2001,-0.2289,0.2240,-0.0471,0.9735,90.000,nan,nan,nan,0.0000,0.0000,0.0000,nan,nan,nan,-9859.1765,-1521.4084,-212.9658,-9859.1765,-1521.4084,-212.9658,12.000,0,nan,nan
21.9670,168.1500,0,-9573.3328,-1581.4658,-301.6257,nan,nan,nan,0.9341,-0.3571,-0.0000,0.3571,0.9341,-0.0000,0.0000,-0.0000,1.0000,0.0000,0.0000,0.0000,0.0000,-0.0000,-0.0000,-9859.1755,-1521.4089,-212.9658,nan,nan,nan,0.9527,-0.2001,-0.2289,0.2240,-0.0471,0.9735,90.000,nan,nan,nan,0.0000,0.0000,0.0000,nan,nan,nan,-9859.1755,-1521.4089,-212.9658,-9859.1755,-1521.4089,-212.9658,12.000,0,nan,nan
21.9930,168.1833,0,-9573.3328,-1581.4658,-301.6257,nan,nan,nan,0.9341,-0.3571,-0.0000,0.3571,0.9341,-0.0000,0.0000,-0.0000,1.0000,0.0000,0.0000,0.0000,0.0000,-0.0000,-0.0000,-9859.1735,-1521.4097,-212.9658,nan,nan,nan,0.9527,-0.2001,-0.2289,0.2240,-0.0471,0.9735,90.000,nan,nan,nan,0.0000,0.0000,0.0000,nan,nan,nan,-9859.1735,-1521.4097,-212.9658,-9859.1735,-1521.4097,-212.9658,12.000,0,nan,nan
22.0200,168.2000,0,-9573.3328,-1581.4658,-301.6257,nan,nan,nan,0.9341,-0.3571,-0.0000,0.3571,0.9341,-0.0000,0.0000,-0.0000,1.0000,0.0000,0.0000,0.0000,0.0000,-0.0000,-0.0000,-9859.1725,-1521.4101,-212.9658,nan,nan,nan,0.9527,-0.2001,-0.2289,0.2240,-0.0471,0.9735,90.000,nan,nan,nan,0.0000,0.0000,0.0000,nan,nan,nan,-9859.1725,-1521.4101,-212.9658,-9859.1725,-1521.4101,-212.9658,12.000,0,nan,nan
22.0480,168.2333,0,-9573.3328,-1581.4658,-301.6257,nan,nan,nan,0.9341,-0.3571,-0.0000,0.3571,0.9341,-0.0000,0.0000,-0.0000,1.0000,0.0000,0.0000,0.0000,0.0000,-0.0000,-0.0000,-9859.1707,-1521.4108,-212.9658,nan,nan,nan,0.9527,-0.2001,-0.2289,0.2240,-0.0471,0.9735,90.000,nan,nan,nan,0.0000,0.0000,0.0000,nan,nan,nan,-9859.1707,-1521.4108,-212.9658,-9859.1707,-1521.4108,-212.9658,12.000,0,nan,nan
22.0740,168.2667,0,-9573.3328,-1581.4658,-301.6257,nan,nan,nan,0.9341,-0.3571,-0.0000,0.3571,0.9341,-0.0000,0.0000,-0.0000,1.0000,0.0000,0.0000,0.0000,0.0000,-0.0000,-0.0000,-9859.1689,-1521.4115,-212.9658,nan,nan,nan,0.9527,-0.2001,-0.2289,0.2240,-0.0471,0.9735,90.000,nan,nan,nan,0.0000,0.0000,0.0000,nan,nan,nan,-9859.1689,-1521.4115,-212.9658,-9859.1689,-1521.4115,-212.9658,12.000,0,nan,nan
22.1010,168.2833,0,-9573.3328,-1581.4658,-301.6257,nan,nan,nan,0.9341,-0.3571,-0.0000,0.3571,0.9341,-0.0000,0.0000,-0.0000,1.0000,0.0000,0.0000,0.0000,0.0000,-0.0000,-0.0000,-9859.1681,-1521.4119,-212.9658,nan,nan,nan,0.9527,-0.2001,-0.2289,0.2240,-0.0471,0.9735,90.000,nan,nan,nan,0.0000,0.0000,0.0000,nan,nan,nan,-9859.1681,-1521.4119,-212.9658,-9859.1681,-1521.4119,-212.9658,12.000,0,nan,nan
22.1280,168.3167,0,-9573.3328,-1581.4658,-301.6257,nan,nan,nan,0.9341,-0.3571,-0.0000,0.3571,0.9341,-0.0000,0.0000,-0.0000,1.0000,0.0000,0.0000,0.0000,0.0000,-0.0000,-0.0000,-9859.1665,-1521.4125,-212.9658,nan,nan,nan,0.9527,-0.2001,-0.2289,0.2240,-0.0471,0.9735,90.000,nan,nan,nan,0.0000,0.0000,0.0000,nan,nan,nan,-9859.1665,-1521.4125,-212.9658,-9859.1665,-1521.4125,-212.9658,12.000,0,nan,nan
22.1550,168.3333,0,-9573.3328,-1581.4658,-301.6257,nan,nan,nan,0.9341,-0.3571,-0.0000,0.3571,0.9341,-0.0000,0.0000,-0.0000,1.0000,0.0000,0.0000,0.0000,0.0000,-0.0000,-0.0000,-9859.1657,-1521.4128,-212.9658,nan,nan,nan,0.9527,-0.2001,-0.2289,0.2240,-0.0471,0.9735,90.000,nan,nan,nan,0.0000,0.0000,0.0000,nan,nan,nan,-9859.1657,-1521.4128,-212.9658,-9859.1657,-1521.4128,-212.9658,12.000,0,nan,nan
22.1810,168.3667,0,-9573.3328,-1581.4658,-301.6257,nan,nan,nan,0.9341,-0.3571,-0.0000,0.3571,0.9341,-0.0000,0.0000,-0.0000,1.0000,0.0000,0.0000,0.0000,0.0000,-0.0000,-0.0000,-9859.1643,-1521.4134,-212.9658,nan,nan,nan,0.9527,-0.2001,-0.2289,0.2240,-0.0471,0.9735,90.000,nan,nan,nan,0.0000,0.0000,0.0000,nan,nan,nan,-9859.1643,-1521.4134,-212.9658,-9859.1643,-1521.4134,-212.9658,12.000,0,nan,nan
22.2070,168.4000,0,-9573.3328,-1581.4658,-301.6257,nan,nan,nan,0.9341,-0.3571,-0.0000,0.3571,0.9341,-0.0000,0.0000,-0.0000,1.0000,0.0000,0.0000,0.0000,0.0000,-0.0000,-0.0000,-9859.1629,-1521.4140,-212.9658,nan,nan,nan,0.9527,-0.2001,-0.2289,0.2240,-0.0471,0.9735,90.000,nan,nan,nan,0.0000,0.0000,0.0000,nan,nan,nan,-9859.1629,-1521.4140,-212.9658,-9859.1629,-1521.4140,-212.9658,12.000,0,nan,nan
22.2360,168.4167,0,-9573.3328,-1581.4658,-301.6257,nan,nan,nan,0.9341,-0.3571,-0.0000,0.3571,0.9341,-0.0000,0.0000,-0.0000,1.0000,0.0000,0.0000,0.0000,0.0000,-0.0000,-0.0000,-9859.1622,-1521.4143,-212.9658,nan,nan,nan,0.9527,-0.2001,-0.2289,0.2240,-0.0471,0.9735,90.000,nan,nan,nan,0.0000,0.0000,0.0000,nan,nan,nan,-9859.1622,-1521.4143,-212.9658,-9859.1622,-1521.4143,-212.9658,12.000,0,nan,nan
22.2620,168.4500,0,-9573.3328,-1581.4658,-301.6257,nan,nan,nan,0.9341,-0.3571,-0.0000,0.3571,0.9341,-0.0000,0.0000,-0.0000,1.0000,0.0000,0.0000,0.0000,0.0000,-0.0000,-0.0000,-9859.1609,-1521.4148,-212.9658,nan,nan,nan,0.9527,-0.2001,-0.2289,0.2240,-0.0471,0.9735,90.000,nan,nan,nan,0.0000,0.0000,0.0000,nan,nan,nan,-9859.1609,-1521.4148,-212.9658,-9859.1609,-1521.4148,-212.9658,12.000,0,nan,nan
22.2890,168.4833,0,-9573.3328,-1581.4658,-301.6257,nan,nan,nan,0.9341,-0.3571,-0.0000,0.3571,0.9341,-0.0000,0.0000,-0.0000,1.0000,0.0000,0.0000,0.0000,0.0000,-0.0000,-0.0000,-9859.1597,-1521.4153,-212.9658,nan,nan,nan,0.9527,-0.2001,-0.2289,0.2240,-0.0471,0.9735,90.000,nan,nan,nan,0.0000,0.0000,0.0000,nan,nan,nan,-9859.1597,-1521.4153,-212.9658,-9859.1597,-1521.4153,-212.9658,12.000,0,nan,nan
22.3150,168.5000,0,-9573.3328,-1581.4658,-301.6257,nan,nan,nan,0.9341,-0.3571,-0.0000,0.3571,0.9341,-0.0000,0.0000,-0.0000,1.0000,0.0000,0.0000,0.0000,0.0000,-0.0000,-0.0000,-9859.1591,-1521.4155,-212.9658,nan,nan,nan,0.9527,-0.2001,-0.2289,0.2240,-0.0471,0.9735,90.000,nan,nan,nan,0.0000,0.0000,0.0000,nan,nan,nan,-9859.1591,-1521.4155,-212.9658,-9859.1591,-1521.4155,-212.9658,12.000,0,nan,nan
22.3430,168.5333,0,-9573.3328,-1581.4658,-301.6257,nan,nan,nan,0.9341,-0.3571,-0.0000,0.3571,0.9341,-0.0000,0.0000,-0.0000,1.0000,0.0000,0.0000,0.0000,0.0000,-0.0000,-0.0000,-9859.1580,-1521.4160,-212.9658,nan,nan,nan,0.9527,-0.2001,-0.2289,0.2240,-0.0471,0.9735,90.000,nan,nan,nan,0.0000,0.0000,0.0000,nan,nan,nan,-9859.1580,-1521.4160,-212.9658,-9859.1580,-1521.4160,-212.9658,12.000,0,nan,nan
22.3700,168.5500,0,-9573.3328,-1581.4658,-301.6257,nan,nan,nan,0.9341,-0.3571,-0.0000,0.3571,0.9341,-0.0000,0.0000,-0.0000,1.0000,0.0000,0.0000,0.0000,0.0000,-0.0000,-0.0000,-9859.1574,-1521.4162,-212.9658,nan,nan,nan,0.9527,-0.2001,-0.2289,0.2240,-0.0471,0.9735,90.000,nan,nan,nan,0.0000,0.0000,0.0000,nan,nan,nan,-9859.1574,-1521.4162,-212.9658,-9859.1574,-1521.4162,-212.9658,12.000,0,nan,nan
22.3960,168.5833,0,-9573.3328,-1581.4658,-301.6257,nan,nan,nan,0.9341,-0.3571,-0.0000,0.3571,0.9341,-0.0000,0.0000,-0.0000,1.0000,0.0000,0.0000,0.0000,0.0000,-0.0000,-0.0000,-9859.1564,-1521.4166,-212.9658,nan,nan,nan,0.9527,-0.2001,-0.2289,0.2240,-0.0471,0.9735,90.000,nan,nan,nan,0.0000,0.0000,0.0000,nan,nan,nan,-9859.1564,-1521.4166,-212.9658,-9859.1564,-1521.4166,-212.9658,12.000,0,nan,nan
22.4230,168.6167,0,-9573.3328,-1581.4658,-301.6257,nan,nan,nan,0.9341,-0.3571,-0.0000,0.3571,0.9341,-0.0000,0.0000,-0.0000,1.0000,0.0000,0.0000,0.0000,0.0000,-0.0000,-0.0000,-9859.1554,-1521.4170,-212.9658,nan,nan,nan,0.9527,-0.2001,-0.2289,0.2240,-0.0471,0.9735,90.000,nan,nan,nan,0.0000,0.0000,0.0000,nan,nan,nan,-9859.1554,-1521.4170,-212.9658,-9859.1554,-1521.4170,-212.9658,12.000,0,nan,nan
22.4490,168.6333,0,-9573.3328,-1581.4658,-301.6257,nan,nan,nan,0.9341,-0.3571,-0.0000,0.3571,0.9341,-0.0000,0.0000,-0.0000,1.0000,0.0000,0.0000,0.0000,0.0000,-0.0000,-0.0000,-9859.1549,-1521.4172,-212.9658,nan,nan,nan,0.9527,-0.2001,-0.2289,0.2240,-0.0471,0.9735,90.000,nan,nan,nan,0.0000,0.0000,0.0000,nan,nan,nan,-9859.1549,-1521.4172,-212.9658,-9859.1549,-1521.4172,-212.9658,12.000,0,nan,nan
22.4760,168.6667,0,-9573.3328,-1581.4658,-301.6257,nan,nan,nan,0.9341,-0.3571,-0.0000,0.3571,0.9341,-0.0000,0.0000,-0.0000,1.0000,0.0000,0.0000,0.0000,0.0000,-0.0000,-0.0000,-9859.1540,-1521.4176,-212.9658,nan,nan,nan,0.9527,-0.2001,-0.2289,0.2240,-0.0471,0.9735,90.000,nan,nan,nan,0.0000,0.0000,0.0000,nan,nan,nan,-9859.1540,-1521.4176,-212.9658,-9859.1540,-1521.4176,-212.9658,12.000,0,nan,nan
22.5040,168.6833,0,-9573.3328,-1581.4658,-301.6257,nan,nan,nan,0.9341,-0.3571,-0.0000,0.3571,0.9341,-0.0000,0.0000,-0.0000,1.0000,0.0000,0.0000,0.0000,0.0000,-0.0000,-0.0000,-9859.1535,-1521.4178,-212.9658,nan,nan,nan,0.9527,-0.2001,-0.2289,0.2240,-0.0471,0.9735,90.000,nan,nan,nan,0.0000,0.0000,0.0000,nan,nan,nan,-9859.1535,-1521.4178,-212.9658,-9859.1535,-1521.4178,-212.9658,12.000,0,nan,nan
22.5300,168.7167,0,-9573.3328,-1581.4658,-301.6257,nan,nan,nan,0.9341,-0.3571,-0.0000,0.3571,0.9341,-0.0000,0.0000,-0.0000,1.0000,0.0000,0.0000,0.0000,0.0000,-0.0000,-0.0000,-9859.1526,-1521.4181,-212.9658,nan,nan,nan,0.9527,-0.2001,-0.2289,0.2240,-0.0471,0.9735,90.000,nan,nan,nan,0.0000,0.0000,0.0000,nan,nan,nan,-9859.1526,-1521.4181,-212.9658,-9859.1526,-1521.4181,-212.9658,12.000,0,nan,nan
22.5570,168.7500,0,-9573.3328,-1581.4658,-301.6257,nan,nan,nan,0.9341,-0.3571,-0.0000,0.3571,0.9341,-0.0000,0.0000,-0.0000,1.0000,0.0000,0.0000,0.0000,0.0000,-0.0000,-0.0000,-9859.1518,-1521.4185,-212.9658,nan,nan,nan,0.9527,-0.2001,-0.2289,0.2240,-0.0471,0.9735,90.000,nan,nan,nan,0.0000,0.0000,0.0000,nan,nan,nan,-9859.1518,-1521.4185,-212.9658,-9859.1518,-1521.4185,-212.9658,12.000,0,nan,nan
22.5830,168.7667,0,-9573.3328,-1581.4658,-301.6257,nan,nan,nan,0.9341,-0.3571,-0.0000,0.3571,0.9341,-0.0000,0.0000,-0.0000,1.0000,0.0000,0.0000,0.0000,0.0000,-0.0000,-0.0000,-9859.1514,-1521.4186,-212.9658,nan,nan,nan,0.9527,-0.2001,-0.2289,0.2240,-0.0471,0.9735,90.000,nan,nan,nan,0.0000,0.0000,0.0000,nan,nan,nan,-9859.1514,-1521.4186,-212.9658,-9859.1514,-1521.4186,-212.9658,12.000,0,nan,nan
22.6090,168.8000,0,-9573.3328,-1581.4658,-301.6257,nan,nan,nan,0.9341,-0.3571,-0.0000,0.3571,0.9341,-0.0000,0.0000,-0.0000,1.0000,0.0000,0.0000,0.0000,0.0000,-0.0000,-0.0000,-9859.1507,-1521.4190,-212.9658,nan,nan,nan,0.9527,-0.2001,-0.2289,0.2240,-0.0471,0.9735,90.000,nan,nan,nan,0.0000,0.0000,0.0000,nan,nan,nan,-9859.1507,-1521.4190,-212.9658,-9859.1507,-1521.4190,-212.9658,12.000,0,nan,nan
22.6360,168.8167,0,-9573.3328,-1581.4658,-301.6257,nan,nan,nan,0.9341,-0.3571,-0.0000,0.3571,0.9341,-0.0000,0.0000,-0.0000,1.0000,0.0000,0.0000,0.0000,0.0000,-0.0000,-0.0000,-9859.1503,-1521.4191,-212.9658,nan,nan,nan,0.9527,-0.2001,-0.2289,0.2240,-0.0471,0.9735,90.000,nan,nan,nan,0.0000,0.0000,0.0000,nan,nan,nan,-9859.1503,-1521.4191,-212.9658,-9859.1503,-1521.4191,-212.9658,12.000,0,nan,nan
22.6630,168.8500,0,-9573.3328,-1581.4658,-301.6257,nan,nan,nan,0.9341,-0.3571,-0.0000,0.3571,0.9341,-0.0000,0.0000,-0.0000,1.0000,0.0000,0.0000,0.0000,0.0000,-0.0000,-0.0000,-9859.1496,-1521.4194,-212.9658,nan,nan,nan,0.9527,-0.2001,-0.2289,0.2240,-0.0471,0.9735,90.000,nan,nan,nan,0.0000,0.0000,0.0000,nan,nan,nan,-9859.1496,-1521.4194,-212.9658,-9859.1496,-1521.4194,-212.9658,12.000,0,nan,nan
22.6910,168.8833,0,-9573.3328,-1581.4658,-301.6257,nan,nan,nan,0.9341,-0.3571,-0.0000,0.3571,0.9341,-0.0000,0.0000,-0.0000,1.0000,0.0000,0.0000,0.0000,0.0000,-0.0000,-0.0000,-9859.1489,-1521.4197,-212.9658,nan,nan,nan,0.9527,-0.2001,-0.2289,0.2240,-0.0471,0.9735,90.000,nan,nan,nan,0.0000,0.0000,0.0000,nan,nan,nan,-9859.1489,-1521.4197,-212.9658,-9859.1489,-1521.4197,-212.9658,12.000,0,nan,nan
22.7180,168.9000,0,-9573.3328,-1581.4658,-301.6257,nan,nan,nan,0.9341,-0.3571,-0.0000,0.3571,0.9341,-0.0000,0.0000,-0.0000,1.0000,0.0000,0.0000,0.0000,0.0000,-0.0000,-0.0000,-9859.1486,-1521.4198,-212.9658,nan,nan,nan,0.9527,-0.2001,-0.2289,0.2240,-0.0471,0.9735,90.000,nan,nan,nan,0.0000,0.0000,0.0000,nan,nan,nan,-9859.1486,-1521.4198,-212.9658,-9859.1486,-1521.4198,-212.9658,12.000,0,nan,nan
22.7440,168.9333,0,-9573.3328,-1581.4658,-301.6257,nan,nan,nan,0.9341,-0.3571,-0.0000,0.3571,0.9341,-0.0000,0.0000,-0.0000,1.0000,0.0000,0.0000,0.0000,0.0000,-0.0000,-0.0000,-9859.1479,-1521.4201,-212.9658,nan,nan,nan,0.9527,-0.2001,-0.2289,0.2240,-0.0471,0.9735,90.000,nan,nan,nan,0.0000,0.0000,0.0000,nan,nan,nan,-9859.1479,-1521.4201,-212.9658,-9859.1479,-1521.4201,-212.9658,12.000,0,nan,nan
22.7710,168.9500,0,-9573.3328,-1581.4658,-301.6257,nan,nan,nan,0.9341,-0.3571,-0.0000,0.3571,0.9341,-0.0000,0.0000,-0.0000,1.0000,0.0000,0.0000,0.0000,0.0000,-0.0000,-0.0000,-9859.1476,-1521.4202,-212.9658,nan,nan,nan,0.9527,-0.2001,-0.2289,0.2240,-0.0471,0.9735,90.000,nan,nan,nan,0.0000,0.0000,0.0000,nan,nan,nan,-9859.1476,-1521.4202,-212.9658,-9859.1476,-1521.4202,-212.9658,12.000,0,nan,nan
22.7960,168.9833,0,-9573.3328,-1581.4658,-301.6257,nan,nan,nan,0.9341,-0.3571,-0.0000,0.3571,0.9341,-0.0000,0.0000,-0.0000,1.0000,0.0000,0.0000,0.0000,0.0000,-0.0000,-0.0000,-9859.1471,-1521.4204,-212.9658,nan,nan,nan,0.9527,-0.2001,-0.2289,0.2240,-0.0471,0.9735,90.000,nan,nan,nan,0.0000,0.0000,0.0000,nan,nan,nan,-9859.1471,-1521.4204,-212.9658,-9859.1471,-1521.4204,-212.9658,12.000,0,nan,nan
22.8230,169.0167,0,-9573.3328,-1581.4658,-301.6257,nan,nan,nan,0.9341,-0.3571,-0.0000,0.3571,0.9341,-0.0000,0.0000,-0.0000,1.0000,0.0000,0.0000,0.0000,0.0000,-0.0000,-0.0000,-9859.1465,-1521.4207,-212.9658,nan,nan,nan,0.9527,-0.2001,-0.2289,0.2240,-0.0471,0.9735,90.000,nan,nan,nan,0.0000,0.0000,0.0000,nan,nan,nan,-9859.1465,-1521.4207,-212.9658,-9859.1465,-1521.4207,-212.9658,12.000,0,nan,nan
22.8500,169.0333,0,-9573.3328,-1581.4658,-301.6257,nan,nan,nan,0.9341,-0.3571,-0.0000,0.3571,0.9341,-0.0000,0.0000,-0.0000,1.0000,0.0000,0.0000,0.0000,0.0000,-0.0000,-0.0000,-9859.1462,-1521.4208,-212.9658,nan,nan,nan,0.9527,-0.2001,-0.2289,0.2240,-0.0471,0.9735,90.000,nan,nan,nan,0.0000,0.0000,0.0000,nan,nan,nan,-9859.1462,-1521.4208,-212.9658,-9859.1462,-1521.4208,-212.9658,12.000,0,nan,nan
22.8770,169.0667,0,-9573.3328,-1581.4658,-301.6257,nan,nan,nan,0.9341,-0.3571,-0.0000,0.3571,0.9341,-0.0000,0.0000,-0.0000,1.0000,0.0000,0.0000,0.0000,0.0000,-0.0000,-0.0000,-9859.1457,-1521.4210,-212.9658,nan,nan,nan,0.9527,-0.2001,-0.2289,0.2240,-0.0471,0.9735,90.000,nan,nan,nan,0.0000,0.0000,0.0000,nan,nan,nan,-9859.1457,-1521.4210,-212.9658,-9859.1457,-1521.4210,-212.9658,12.000,0,nan,nan
22.9040,169.0833,0,-9573.3328,-1581.4658,-301.6257,nan,nan,nan,0.9341,-0.3571,-0.0000,0.3571,0.9341,-0.0000,0.0000,-0.0000,1.0000,0.0000,0.0000,0.0000,0.0000,-0.0000,-0.0000,-9859.1454,-1521.4211,-212.9658,nan,nan,nan,0.9527,-0.2001,-0.2289,0.2240,-0.0471,0.9735,90.000,nan,nan,nan,0.0000,0.0000,0.0000,nan,nan,nan,-9859.1454,-1521.4211,-212.9658,-9859.1454,-1521.4211,-212.9658,12.000,0,nan,nan
22.9320,169.1167,0,-9573.3328,-1581.4658,-301.6257,nan,nan,nan,0.9341,-0.3571,-0.0000,0.3571,0.9341,-0.0000,0.0000,-0.0000,1.0000,0.0000,0.0000,0.0000,0.0000,-0.0000,-0.0000,-9859.1449,-1521.4213,-212.9658,nan,nan,nan,0.9527,-0.2001,-0.2289,0.2240,-0.0471,0.9735,90.000,nan,nan,nan,0.0000,0.0000,0.0000,nan,nan,nan,-9859.1449,-1521.4213,-212.9658,-9859.1449,-1521.4213,-212.9658,12.000,0,nan,nan
22.9570,169.1500,0,-9573.3328,-1581.4658,-301.6257,nan,nan,nan,0.9341,-0.3571,-0.0000,0.3571,0.9341,-0.0000,0.0000,-0.0000,1.0000,0.0000,0.0000,0.0000,0.0000,-0.0000,-0.0000,-9859.1445,-1521.4215,-212.9658,nan,nan,nan,0.9527,-0.2001,-0.2289,0.2240,-0.0471,0.9735,90.000,nan,nan,nan,0.0000,0.0000,0.0000,nan,nan,nan,-9859.1445,-1521.4215,-212.9658,-9859.1445,-1521.4215,-212.9658,12.000,0,nan,nan
22.9840,169.1667,0,-9573.3328,-1581.4658,-301.6257,nan,nan,nan,0.9341,-0.3571,-0.0000,0.3571,0.9341,-0.0000,0.0000,-0.0000,1.0000,0.0000,0.0000,0.0000,0.0000,-0.0000,-0.0000,-9859.1442,-1521.4216,-212.9658,nan,nan,nan,0.9527,-0.2001,-0.2289,0.2240,-0.0471,0.9735,90.000,nan,nan,nan,0.0000,0.0000,0.0000,nan,nan,nan,-9859.1442,-1521.4216,-212.9658,-9859.1442,-1521.4216,-212.9658,12.000,0,nan,nan
23.0110,169.2000,0,-9573.3328,-1581.4658,-301.6257,nan,nan,nan,0.9341,-0.3571,-0.0000,0.3571,0.9341,-0.0000,0.0000,-0.0000,1.0000,0.0000,0.0000,0.0000,0.0000,-0.0000,-0.0000,-9859.1438,-1521.4217,-212.9658,nan,nan,nan,0.9527,-0.2001,-0.2289,0.2240,-0.0471,0.9735,90.000,nan,nan,nan,0.0000,0.0000,0.0000,nan,nan,nan,-9859.1438,-1521.4217,-212.9658,-9859.1438,-1521.4217,-212.9658,12.000,0,nan,nan
23.0380,169.2167,0,-9573.3328,-1581.4658,-301.6257,nan,nan,nan,0.9341,-0.3571,-0.0000,0.3571,0.9341,-0.0000,0.0000,-0.0000,1.0000,0.0000,0.0000,0.0000,0.0000,-0.0000,-0.0000,-9859.1436,-1521.4218,-212.9658,nan,nan,nan,0.9527,-0.2001,-0.2289,0.2240,-0.0471,0.9735,90.000,nan,nan,nan,0.0000,0.0000,0.0000,nan,nan,nan,-9859.1436,-1521.4218,-212.9658,-9859.1436,-1521.4218,-212.9658,12.000,0,nan,nan
23.0630,169.2500,0,-9573.3328,-1581.4658,-301.6257,nan,nan,nan,0.9341,-0.3571,-0.0000,0.3571,0.9341,-0.0000,0.0000,-0.0000,1.0000,0.0000,0.0000,0.0000,0.0000,-0.0000,-0.0000,-9859.1432,-1521.4220,-212.9658,nan,nan,nan,0.9527,-0.2001,-0.2289,0.2240,-0.0471,0.9735,90.000,nan,nan,nan,0.0000,0.0000,0.0000,nan,nan,nan,-9859.1432,-1521.4220,-212.9658,-9859.1432,-1521.4220,-212.9658,12.000,0,nan,nan
23.0900,169.2833,0,-9573.3328,-1581.4658,-301.6257,nan,nan,nan,0.9341,-0.3571,-0.0000,0.3571,0.9341,-0.0000,0.0000,-0.0000,1.0000,0.0000,0.0000,0.0000,0.0000,-0.0000,-0.0000,-9859.1428,-1521.4222,-212.9658,nan,nan,nan,0.9527,-0.2001,-0.2289,0.2240,-0.0471,0.9735,90.000,nan,nan,nan,0.0000,0.0000,0.0000,nan,nan,nan,-9859.1428,-1521.4222,-212.9658,-9859.1428,-1521.4222,-212.9658,12.000,0,nan,nan
23.1160,169.3000,0,-9573.3328,-1581.4658,-301.6257,nan,nan,nan,0.9341,-0.3571,-0.0000,0.3571,0.9341,-0.0000,0.0000,-0.0000,1.0000,0.0000,0.0000,0.0000,0.0000,-0.0000,-0.0000,-9859.1426,-1521.4222,-212.9658,nan,nan,nan,0.9527,-0.2001,-0.2289,0.2240,-0.0471,0.9735,90.000,nan,nan,nan,0.0000,0.0000,0.0000,nan,nan,nan,-9859.1426,-1521.4222,-212.9658,-9859.1426,-1521.4222,-212.9658,12.000,0,nan,nan
23.1420,169.3333,0,-9573.3328,-1581.4658,-301.6257,nan,nan,nan,0.9341,-0.3571,-0.0000,0.3571,0.9341,-0.0000,0.0000,-0.0000,1.0000,0.0000,0.0000,0.0000,0.0000,-0.0000,-0.0000,-9859.1422,-1521.4224,-212.9658,nan,nan,nan,0.9527,-0.2001,-0.2289,0.2240,-0.0471,0.9735,90.000,nan,nan,nan,0.0000,0.0000,0.0000,nan,nan,nan,-9859.1422,-1521.4224,-212.9658,-9859.1422,-1521.4224,-212.9658,12.000,0,nan,nan
23.1700,169.3500,0,-9573.3328,-1581.4658,-301.6257,nan,nan,nan,0.9341,-0.3571,-0.0000,0.3571,0.9341,-0.0000,0.0000,-0.0000,1.0000,0.0000,0.0000,0.0000,0.0000,-0.0000,-0.0000,-9859.1420,-1521.4225,-212.9658,nan,nan,nan,0.9527,-0.2001,-0.2289,0.2240,-0.0471,0.9735,90.000,nan,nan,nan,0.0000,0.0000,0.0000,nan,nan,nan,-9859.1420,-1521.4225,-212.9658,-9859.1420,-1521.4225,-212.9658,12.000,0,nan,nan
23.1980,169.3833,0,-9573.3328,-1581.4658,-301.6257,nan,nan,nan,0.9341,-0.3571,-0.0000,0.3571,0.9341,-0.0000,0.0000,-0.0000,1.0000,0.0000,0.0000,0.0000,0.0000,-0.0000,-0.0000,-9859.1417,-1521.4226,-212.9658,nan,nan,nan,0.9527,-0.2001,-0.2289,0.2240,-0.0471,0.9735,90.000,nan,nan,nan,0.0000,0.0000,0.0000,nan,nan,nan,-9859.1417,-1521.4226,-212.9658,-9859.1417,-1521.4226,-212.9658,12.000,0,nan,nan
23.2230,169.4167,0,-9573.3328,-1581.4658,-301.6257,nan,nan,nan,0.9341,-0.3571,-0.0000,0.3571,0.9341,-0.0000,0.0000,-0.0000,1.0000,0.0000,0.0000,0.0000,0.0000,-0.0000,-0.0000,-9859.1413,-1521.4227,-212.9658,nan,nan,nan,0.9527,-0.2001,-0.2289,0.2240,-0.0471,0.9735,90.000,nan,nan,nan,0.0000,0.0000,0.0000,nan,nan,nan,-9859.1413,-1521.4227,-212.9658,-9859.1413,-1521.4227,-212.9658,12.000,0,nan,nan
23.2490,169.4333,0,-9573.3328,-1581.4658,-301.6257,nan,nan,nan,0.9341,-0.3571,-0.0000,0.3571,0.9341,-0.0000,0.0000,-0.0000,1.0000,0.0000,0.0000,0.0000,0.0000,-0.0000,-0.0000,-9859.1412,-1521.4228,-212.9658,nan,nan,nan,0.9527,-0.2001,-0.2289,0.2240,-0.0471,0.9735,90.000,nan,nan,nan,0.0000,0.0000,0.0000,nan,nan,nan,-9859.1412,-1521.4228,-212.9658,-9859.1412,-1521.4228,-212.9658,12.000,0,nan,nan
23.2760,169.4667,0,-9573.3328,-1581.4658,-301.6257,nan,nan,nan,0.9341,-0.3571,-0.0000,0.3571,0.9341,-0.0000,0.0000,-0.0000,1.0000,0.0000,0.0000,0.0000,0.0000,-0.0000,-0.0000,-9859.1409,-1521.4229,-212.9658,nan,nan,nan,0.9527,-0.2001,-0.2289,0.2240,-0.0471,0.9735,90.000,nan,nan,nan,0.0000,0.0000,0.0000,nan,nan,nan,-9859.1409,-1521.4229,-212.9658,-9859.1409,-1521.4229,-212.9658,12.000,0,nan,nan
23.3030,169.4833,0,-9573.3328,-1581.4658,-301.6257,nan,nan,nan,0.9341,-0.3571,-0.0000,0.3571,0.9341,-0.0000,0.0000,-0.0000,1.0000,0.0000,0.0000,0.0000,0.0000,-0.0000,-0.0000,-9859.1407,-1521.4230,-212.9658,nan,nan,nan,0.9527,-0.2001,-0.2289,0.2240,-0.0471,0.9735,90.000,nan,nan,nan,0.0000,0.0000,0.0000,nan,nan,nan,-9859.1407,-1521.4230,-212.9658,-9859.1407,-1521.4230,-212.9658,12.000,0,nan,nan
23.3300,169.5167,0,-9573.3328,-1581.4658,-301.6257,nan,nan,nan,0.9341,-0.3571,-0.0000,0.3571,0.9341,-0.0000,0.0000,-0.0000,1.0000,0.0000,0.0000,0.0000,0.0000,-0.0000,-0.0000,-9859.1404,-1521.4231,-212.9658,nan,nan,nan,0.9527,-0.2001,-0.2289,0.2240,-0.0471,0.9735,90.000,nan,nan,nan,0.0000,0.0000,0.0000,nan,nan,nan,-9859.1404,-1521.4231,-212.9658,-9859.1404,-1521.4231,-212.9658,12.000,0,nan,nan
23.3570,169.5500,0,-9573.3328,-1581.4658,-301.6257,nan,nan,nan,0.9341,-0.3571,-0.0000,0.3571,0.9341,-0.0000,0.0000,-0.0000,1.0000,0.0000,0.0000,0.0000,0.0000,-0.0000,-0.0000,-9859.1401,-1521.4232,-212.9658,nan,nan,nan,0.9527,-0.2001,-0.2289,0.2240,-0.0471,0.9735,90.000,nan,nan,nan,0.0000,0.0000,0.0000,nan,nan,nan,-9859.1401,-1521.4232,-212.9658,-9859.1401,-1521.4232,-212.9658,12.000,0,nan,nan
23.3850,169.5667,0,-9573.3328,-1581.4658,-301.6257,nan,nan,nan,0.9341,-0.3571,-0.0000,0.3571,0.9341,-0.0000,0.0000,-0.0000,1.0000,0.0000,0.0000,0.0000,0.0000,-0.0000,-0.0000,-9859.1400,-1521.4233,-212.9658,nan,nan,nan,0.9527,-0.2001,-0.2289,0.2240,-0.0471,0.9735,90.000,nan,nan,nan,0.0000,0.0000,0.0000,nan,nan,nan,-9859.1400,-1521.4233,-212.9658,-9859.1400,-1521.4233,-212.9658,12.000,0,nan,nan
23.4140,169.6000,0,-9573.3328,-1581.4658,-301.6257,nan,nan,nan,0.9341,-0.3571,-0.0000,0.3571,0.9341,-0.0000,0.0000,-0.0000,1.0000,0.0000,0.0000,0.0000,0.0000,-0.0000,-0.0000,-9859.1397,-1521.4234,-212.9658,nan,nan,nan,0.9527,-0.2001,-0.2289,0.2240,-0.0471,0.9735,90.000,nan,nan,nan,0.0000,0.0000,0.0000,nan,nan,nan,-9859.1397,-1521.4234,-212.9658,-9859.1397,-1521.4234,-212.9658,12.000,0,nan,nan
23.4410,169.6333,0,-9573.3328,-1581.4658,-301.6257,nan,nan,nan,0.9341,-0.3571,-0.0000,0.3571,0.9341,-0.0000,0.0000,-0.0000,1.0000,0.0000,0.0000,0.0000,0.0000,-0.0000,-0.0000,-9859.1395,-1521.4235,-212.9658,nan,nan,nan,0.9527,-0.2001,-0.2289,0.2240,-0.0471,0.9735,90.000,nan,nan,nan,0.0000,0.0000,0.0000,nan,nan,nan,-9859.1395,-1521.4235,-212.9658,-9859.1395,-1521.4235,-212.9658,12.000,0,nan,nan
23.4690,169.6500,0,-9573.3328,-1581.4658,-301.6257,nan,nan,nan,0.9341,-0.3571,-0.0000,0.3571,0.9341,-0.0000,0.0000,-0.0000,1.0000,0.0000,0.0000,0.0000,0.0000,-0.0000,-0.0000,-9859.1394,-1521.4236,-212.9658,nan,nan,nan,0.9527,-0.2001,-0.2289,0.2240,-0.0471,0.9735,90.000,nan,nan,nan,0.0000,0.0000,0.0000,nan,nan,nan,-9859.1394,-1521.4236,-212.9658,-9859.1394,-1521.4236,-212.9658,12.000,0,nan,nan
23.4950,169.6833,0,-9573.3328,-1581.4658,-301.6257,nan,nan,nan,0.9341,-0.3571,-0.0000,0.3571,0.9341,-0.0000,0.0000,-0.0000,1.0000,0.0000,0.0000,0.0000,0.0000,-0.0000,-0.0000,-9859.1391,-1521.4237,-212.9658,nan,nan,nan,0.9527,-0.2001,-0.2289,0.2240,-0.0471,0.9735,90.000,nan,nan,nan,0.0000,0.0000,0.0000,nan,nan,nan,-9859.1391,-1521.4237,-212.9658,-9859.1391,-1521.4237,-212.9658,12.000,0,nan,nan
23.5220,169.7000,0,-9573.3328,-1581.4658,-301.6257,nan,nan,nan,0.9341,-0.3571,-0.0000,0.3571,0.9341,-0.0000,0.0000,-0.0000,1.0000,0.0000,0.0000,0.0000,0.0000,-0.0000,-0.0000,-9859.1390,-1521.4237,-212.9658,nan,nan,nan,0.9527,-0.2001,-0.2289,0.2240,-0.0471,0.9735,90.000,nan,nan,nan,0.0000,0.0000,0.0000,nan,nan,nan,-9859.1390,-1521.4237,-212.9658,-9859.1390,-1521.4237,-212.9658,12.000,0,nan,nan
23.5480,169.7333,0,-9573.3328,-1581.4658,-301.6257,nan,nan,nan,0.9341,-0.3571,-0.0000,0.3571,0.9341,-0.0000,0.0000,-0.0000,1.0000,0.0000,0.0000,0.0000,0.0000,-0.0000,-0.0000,-9859.1388,-1521.4238,-212.9658,nan,nan,nan,0.9527,-0.2001,-0.2289,0.2240,-0.0471,0.9735,90.000,nan,nan,nan,0.0000,0.0000,0.0000,nan,nan,nan,-9859.1388,-1521.4238,-212.9658,-9859.1388,-1521.4238,-212.9658,12.000,0,nan,nan
23.5740,169.7667,0,-9573.3328,-1581.4658,-301.6257,nan,nan,nan,0.9341,-0.3571,-0.0000,0.3571,0.9341,-0.0000,0.0000,-0.0000,1.0000,0.0000,0.0000,0.0000,0.0000,-0.0000,-0.0000,-9859.1385,-1521.4239,-212.9658,nan,nan,nan,0.9527,-0.2001,-0.2289,0.2240,-0.0471,0.9735,90.000,nan,nan,nan,0.0000,0.0000,0.0000,nan,nan,nan,-9859.1385,-1521.4239,-212.9658,-9859.1385,-1521.4239,-212.9658,12.000,0,nan,nan
23.6010,169.7833,0,-9573.3328,-1581.4658,-301.6257,nan,nan,nan,0.9341,-0.3571,-0.0000,0.3571,0.9341,-0.0000,0.0000,-0.0000,1.0000,0.0000,0.0000,0.0000,0.0000,-0.0000,-0.0000,-9859.1384,-1521.4239,-212.9658,nan,nan,nan,0.9527,-0.2001,-0.2289,0.2240,-0.0471,0.9735,90.000,nan,nan,nan,0.0000,0.0000,0.0000,nan,nan,nan,-9859.1384,-1521.4239,-212.9658,-9859.1384,-1521.4239,-212.9658,12.000,0,nan,nan
23.6290,169.8167,0,-9573.3328,-1581.4658,-301.6257,nan,nan,nan,0.9341,-0.3571,-0.0000,0.3571,0.9341,-0.0000,0.0000,-0.0000,1.0000,0.0000,0.0000,0.0000,0.0000,-0.0000,-0.0000,-9859.1382,-1521.4240,-212.9658,nan,nan,nan,0.9527,-0.2001,-0.2289,0.2240,-0.0471,0.9735,90.000,nan,nan,nan,0.0000,0.0000,0.0000,nan,nan,nan,-9859.1382,-1521.4240,-212.9658,-9859.1382,-1521.4240,-212.9658,12.000,0,nan,nan
23.6550,169.8500,0,-9573.3328,-1581.4658,-301.6257,nan,nan,nan,0.9341,-0.3571,-0.0000,0.3571,0.9341,-0.0000,0.0000,-0.0000,1.0000,0.0000,0.0000,0.0000,0.0000,-0.0000,-0.0000,-9859.1380,-1521.4241,-212.9658,nan,nan,nan,0.9527,-0.2001,-0.2289,0.2240,-0.0471,0.9735,90.000,nan,nan,nan,0.0000,0.0000,0.0000,nan,nan,nan,-9859.1380,-1521.4241,-212.9658,-9859.1380,-1521.4241,-212.9658,12.000,0,nan,nan
23.6810,169.8667,0,-9573.3328,-1581.4658,-301.6257,nan,nan,nan,0.9341,-0.3571,-0.0000,0.3571,0.9341,-0.0000,0.0000,-0.0000,1.0000,0.0000,0.0000,0.0000,0.0000,-0.0000,-0.0000,-9859.1380,-1521.4241,-212.9658,nan,nan,nan,0.9527,-0.2001,-0.2289,0.2240,-0.0471,0.9735,90.000,nan,nan,nan,0.0000,0.0000,0.0000,nan,nan,nan,-9859.1380,-1521.4241,-212.9658,-9859.1380,-1521.4241,-212.9658,12.000,0,nan,nan
23.7080,169.9000,0,-9573.3328,-1581.4658,-301.6257,nan,nan,nan,0.9341,-0.3571,-0.0000,0.3571,0.9341,-0.0000,0.0000,-0.0000,1.0000,0.0000,0.0000,0.0000,0.0000,-0.0000,-0.0000,-9859.1377,-1521.4242,-212.9658,nan,nan,nan,0.9527,-0.2001,-0.2289,0.2240,-0.0471,0.9735,90.000,nan,nan,nan,0.0000,0.0000,0.0000,nan,nan,nan,-9859.1377,-1521.4242,-212.9658,-9859.1377,-1521.4242,-212.9658,12.000,0,nan,nan
23.7350,169.9167,0,-9573.3328,-1581.4658,-301.6257,nan,nan,nan,0.9341,-0.3571,-0.0000,0.3571,0.9341,-0.0000,0.0000,-0.0000,1.0000,0.0000,0.0000,0.0000,0.0000,-0.0000,-0.0000,-9859.1377,-1521.4242,-212.9658,nan,nan,nan,0.9527,-0.2001,-0.2289,0.2240,-0.0471,0.9735,90.000,nan,nan,nan,0.0000,0.0000,0.0000,nan,nan,nan,-9859.1377,-1521.4242,-212.9658,-9859.1377,-1521.4242,-212.9658,12.000,0,nan,nan
23.7630,169.9500,0,-9573.3328,-1581.4658,-301.6257,nan,nan,nan,0.9341,-0.3571,-0.0000,0.3571,0.9341,-0.0000,0.0000,-0.0000,1.0000,0.0000,0.0000,0.0000,0.0000,-0.0000,-0.0000,-9859.1375,-1521.4243,-212.9658,nan,nan,nan,0.9527,-0.2001,-0.2289,0.2240,-0.0471,0.9735,90.000,nan,nan,nan,0.0000,0.0000,0.0000,nan,nan,nan,-9859.1375,-1521.4243,-212.9658,-9859.1375,-1521.4243,-212.9658,12.000,0,nan,nan
23.7890,169.9833,0,-9573.3328,-1581.4658,-301.6257,nan,nan,nan,0.9341,-0.3571,-0.0000,0.3571,0.9341,-0.0000,0.0000,-0.0000,1.0000,0.0000,0.0000,0.0000,0.0000,-0.0000,-0.0000,-9859.1373,-1521.4244,-212.9658,nan,nan,nan,0.9527,-0.2001,-0.2289,0.2240,-0.0471,0.9735,90.000,nan,nan,nan,0.0000,0.0000,0.0000,nan,nan,nan,-9859.1373,-1521.4244,-212.9658,-9859.1373,-1521.4244,-212.9658,12.000,0,nan,nan
23.8160,170.0000,0,-9573.3328,-1581.4658,-301.6257,nan,nan,nan,0.9341,-0.3571,-0.0000,0.3571,0.9341,-0.0000,0.0000,-0.0000,1.0000,0.0000,0.0000,0.0000,0.0000,-0.0000,-0.0000,-9859.1373,-1521.4244,-212.9658,nan,nan,nan,0.9527,-0.2001,-0.2289,0.2240,-0.0471,0.9735,90.000,nan,nan,nan,0.0000,0.0000,0.0000,nan,nan,nan,-9859.1373,-1521.4244,-212.9658,-9859.1373,-1521.4244,-212.9658,12.000,0,nan,nan
23.8420,170.0333,0,-9573.3328,-1581.4658,-301.6257,nan,nan,nan,0.9341,-0.3571,-0.0000,0.3571,0.9341,-0.0000,0.0000,-0.0000,1.0000,0.0000,0.0000,0.0000,0.0000,-0.0000,-0.0000,-9859.1371,-1521.4245,-212.9658,nan,nan,nan,0.9527,-0.2001,-0.2289,0.2240,-0.0471,0.9735,90.000,nan,nan,nan,0.0000,0.0000,0.0000,nan,nan,nan,-9859.1371,-1521.4245,-212.9658,-9859.1371,-1521.4245,-212.9658,12.000,0,nan,nan
23.8680,170.0500,0,-9573.3328,-1581.4658,-301.6257,nan,nan,nan,0.9341,-0.3571,-0.0000,0.3571,0.9341,-0.0000,0.0000,-0.0000,1.0000,0.0000,0.0000,0.0000,0.0000,-0.0000,-0.0000,-9859.1371,-1521.4245,-212.9658,nan,nan,nan,0.9527,-0.2001,-0.2289,0.2240,-0.0471,0.9735,90.000,nan,nan,nan,0.0000,0.0000,0.0000,nan,nan,nan,-9859.1371,-1521.4245,-212.9658,-9859.1371,-1521.4245,-212.9658,12.000,0,nan,nan
23.8960,170.0833,0,-9573.3328,-1581.4658,-301.6257,nan,nan,nan,0.9341,-0.3571,-0.0000,0.3571,0.9341,-0.0000,0.0000,-0.0000,1.0000,0.0000,0.0000,0.0000,0.0000,-0.0000,-0.0000,-9859.1368,-1521.4246,-212.9658,nan,nan,nan,0.9527,-0.2001,-0.2289,0.2240,-0.0471,0.9735,90.000,nan,nan,nan,0.0000,0.0000,0.0000,nan,nan,nan,-9859.1368,-1521.4246,-212.9658,-9859.1368,-1521.4246,-212.9658,12.000,0,nan,nan
23.9220,170.1167,0,-9573.3328,-1581.4658,-301.6257,nan,nan,nan,0.9341,-0.3571,-0.0000,0.3571,0.9341,-0.0000,0.0000,-0.0000,1.0000,0.0000,0.0000,0.0000,0.0000,-0.0000,-0.0000,-9859.1367,-1521.4246,-212.9658,nan,nan,nan,0.9527,-0.2001,-0.2289,0.2240,-0.0471,0.9735,90.000,nan,nan,nan,0.0000,0.0000,0.0000,nan,nan,nan,-9859.1367,-1521.4246,-212.9658,-9859.1367,-1521.4246,-212.9658,12.000,0,nan,nan
23.9480,170.1333,0,-9573.3328,-1581.4658,-301.6257,nan,nan,nan,0.9341,-0.3571,-0.0000,0.3571,0.9341,-0.0000,0.0000,-0.0000,1.0000,0.0000,0.0000,0.0000,0.0000,-0.0000,-0.0000,-9859.1367,-1521.4246,-212.9658,nan,nan,nan,0.9527,-0.2001,-0.2289,0.2240,-0.0471,0.9735,90.000,nan,nan,nan,0.0000,0.0000,0.0000,nan,nan,nan,-9859.1367,-1521.4246,-212.9658,-9859.1367,-1521.4246,-212.9658,12.000,0,nan,nan
23.9760,170.1667,0,-9573.3328,-1581.4658,-301.6257,nan,nan,nan,0.9341,-0.3571,-0.0000,0.3571,0.9341,-0.0000,0.0000,-0.0000,1.0000,0.0000,0.0000,0.0000,0.0000,-0.0000,-0.0000,-9859.1365,-1521.4247,-212.9658,nan,nan,nan,0.9527,-0.2001,-0.2289,0.2240,-0.0471,0.9735,90.000,nan,nan,nan,0.0000,0.0000,0.0000,nan,nan,nan,-9859.1365,-1521.4247,-212.9658,-9859.1365,-1521.4247,-212.9658,12.000,0,nan,nan
24.0010,170.1833,0,-9573.3328,-1581.4658,-301.6257,nan,nan,nan,0.9341,-0.3571,-0.0000,0.3571,0.9341,-0.0000,0.0000,-0.0000,1.0000,0.0000,0.0000,0.0000,0.0000,-0.0000,-0.0000,-9859.1365,-1521.4247,-212.9658,nan,nan,nan,0.9527,-0.2001,-0.2289,0.2240,-0.0471,0.9735,90.000,nan,nan,nan,0.0000,0.0000,0.0000,nan,nan,nan,-9859.1365,-1521.4247,-212.9658,-9859.1365,-1521.4247,-212.9658,12.000,0,nan,nan
24.0290,170.2167,0,-9573.3328,-1581.4658,-301.6257,nan,nan,nan,0.9341,-0.3571,-0.0000,0.3571,0.9341,-0.0000,0.0000,-0.0000,1.0000,0.0000,0.0000,0.0000,0.0000,-0.0000,-0.0000,-9859.1363,-1521.4248,-212.9658,nan,nan,nan,0.9527,-0.2001,-0.2289,0.2240,-0.0471,0.9735,90.000,nan,nan,nan,0.0000,0.0000,0.0000,nan,nan,nan,-9859.1363,-1521.4248,-212.9658,-9859.1363,-1521.4248,-212.9658,12.000,0,nan,nan
24.0560,170.2500,0,-9573.3328,-1581.4658,-301.6257,nan,nan,nan,0.9341,-0.3571,-0.0000,0.3571,0.9341,-0.0000,0.0000,-0.0000,1.0000,0.0000,0.0000,0.0000,0.0000,-0.0000,-0.0000,-9859.1361,-1521.4249,-212.9658,nan,nan,nan,0.9527,-0.2001,-0.2289,0.2240,-0.0471,0.9735,90.000,nan,nan,nan,0.0000,0.0000,0.0000,nan,nan,nan,-9859.1361,-1521.4249,-212.9658,-9859.1361,-1521.4249,-212.9658,12.000,0,nan,nan
24.0820,170.2667,0,-9573.3328,-1581.4658,-301.6257,nan,nan,nan,0.9341,-0.3571,-0.0000,0.3571,0.9341,-0.0000,0.0000,-0.0000,1.0000,0.0000,0.0000,0.0000,0.0000,-0.0000,-0.0000,-9859.1361,-1521.4249,-212.9658,nan,nan,nan,0.9527,-0.2001,-0.2289,0.2240,-0.0471,0.9735,90.000,nan,nan,nan,0.0000,0.0000,0.0000,nan,nan,nan,-9859.1361,-1521.4249,-212.9658,-9859.1361,-1521.4249,-212.9658,12.000,0,nan,nan
24.1090,170.3000,0,-9573.3328,-1581.4658,-301.6257,nan,nan,nan,0.9341,-0.3571,-0.0000,0.3571,0.9341,-0.0000,0.0000,-0.0000,1.0000,0.0000,0.0000,0.0000,0.0000,-0.0000,-0.0000,-9859.1359,-1521.4249,-212.9658,nan,nan,nan,0.9527,-0.2001,-0.2289,0.2240,-0.0471,0.9735,90.000,nan,nan,nan,0.0000,0.0000,0.0000,nan,nan,nan,-9859.1359,-1521.4249,-212.9658,-9859.1359,-1521.4249,-212.9658,12.000,0,nan,nan
24.1360,170.3167,0,-9573.3328,-1581.4658,-301.6257,nan,nan,nan,0.9341,-0.3571,-0.0000,0.3571,0.9341,-0.0000,0.0000,-0.0000,1.0000,0.0000,0.0000,0.0000,0.0000,-0.0000,-0.0000,-9859.1359,-1521.4249,-212.9658,nan,nan,nan,0.9527,-0.2001,-0.2289,0.2240,-0.0471,0.9735,90.000,nan,nan,nan,0.0000,0.0000,0.0000,nan,nan,nan,-9859.1359,-1521.4249,-212.9658,-9859.1359,-1521.4249,-212.9658,12.000,0,nan,nan
24.1630,170.3500,0,-9573.3328,-1581.4658,-301.6257,nan,nan,nan,0.9341,-0.3571,-0.0000,0.3571,0.9341,-0.0000,0.0000,-0.0000,1.0000,0.0000,0.0000,0.0000,0.0000,-0.0000,-0.0000,-9859.1358,-1521.4250,-212.9658,nan,nan,nan,0.9527,-0.2001,-0.2289,0.2240,-0.0471,0.9735,90.000,nan,nan,nan,0.0000,0.0000,0.0000,nan,nan,nan,-9859.1358,-1521.4250,-212.9658,-9859.1358,-1521.4250,-212.9658,12.000,0,nan,nan
24.1910,170.3833,0,-9573.3328,-1581.4658,-301.6257,nan,nan,nan,0.9341,-0.3571,-0.0000,0.3571,0.9341,-0.0000,0.0000,-0.0000,1.0000,0.0000,0.0000,0.0000,0.0000,-0.0000,-0.0000,-9859.1357,-1521.4251,-212.9658,nan,nan,nan,0.9527,-0.2001,-0.2289,0.2240,-0.0471,0.9735,90.000,nan,nan,nan,0.0000,0.0000,0.0000,nan,nan,nan,-9859.1357,-1521.4251,-212.9658,-9859.1357,-1521.4251,-212.9658,12.000,0,nan,nan
24.2180,170.4000,0,-9573.3328,-1581.4658,-301.6257,nan,nan,nan,0.9341,-0.3571,-0.0000,0.3571,0.9341,-0.0000,0.0000,-0.0000,1.0000,0.0000,0.0000,0.0000,0.0000,-0.0000,-0.0000,-9859.1357,-1521.4251,-212.9658,nan,nan,nan,0.9527,-0.2001,-0.2289,0.2240,-0.0471,0.9735,90.000,nan,nan,nan,0.0000,0.0000,0.0000,nan,nan,nan,-9859.1357,-1521.4251,-212.9658,-9859.1357,-1521.4251,-212.9658,12.000,0,nan,nan
24.2440,170.4333,0,-9573.3328,-1581.4658,-301.6257,nan,nan,nan,0.9341,-0.3571,-0.0000,0.3571,0.9341,-0.0000,0.0000,-0.0000,1.0000,0.0000,0.0000,0.0000,0.0000,-0.0000,-0.0000,-9859.1355,-1521.4251,-212.9658,nan,nan,nan,0.9527,-0.2001,-0.2289,0.2240,-0.0471,0.9735,90.000,nan,nan,nan,0.0000,0.0000,0.0000,nan,nan,nan,-9859.1355,-1521.4251,-212.9658,-9859.1355,-1521.4251,-212.9658,12.000,0,nan,nan
24.2700,170.4500,0,-9573.3328,-1581.4658,-301.6257,nan,nan,nan,0.9341,-0.3571,-0.0000,0.3571,0.9341,-0.0000,0.0000,-0.0000,1.0000,0.0000,0.0000,0.0000,0.0000,-0.0000,-0.0000,-9859.1355,-1521.4251,-212.9658,nan,nan,nan,0.9527,-0.2001,-0.2289,0.2240,-0.0471,0.9735,90.000,nan,nan,nan,0.0000,0.0000,0.0000,nan,nan,nan,-9859.1355,-1521.4251,-212.9658,-9859.1355,-1521.4251,-212.9658,12.000,0,nan,nan
24.2960,170.4833,0,-9573.3328,-1581.4658,-301.6257,nan,nan,nan,0.9341,-0.3571,-0.0000,0.3571,0.9341,-0.0000,0.0000,-0.0000,1.0000,0.0000,0.0000,0.0000,0.0000,-0.0000,-0.0000,-9859.1353,-1521.4252,-212.9658,nan,nan,nan,0.9527,-0.2001,-0.2289,0.2240,-0.0471,0.9735,90.000,nan,nan,nan,0.0000,0.0000,0.0000,nan,nan,nan,-9859.1353,-1521.4252,-212.9658,-9859.1353,-1521.4252,-212.9658,12.000,0,nan,nan
24.3230,170.5167,0,-9573.3328,-1581.4658,-301.6257,nan,nan,nan,0.9341,-0.3571,-0.0000,0.3571,0.9341,-0.0000,0.0000,-0.0000,1.0000,0.0000,0.0000,0.0000,0.0000,-0.0000,-0.0000,-9859.1353,-1521.4252,-212.9658,nan,nan,nan,0.9527,-0.2001,-0.2289,0.2240,-0.0471,0.9735,90.000,nan,nan,nan,0.0000,0.0000,0.0000,nan,nan,nan,-9859.1353,-1521.4252,-212.9658,-9859.1353,-1521.4252,-212.9658,12.000,0,nan,nan
24.3500,170.5333,0,-9573.3328,-1581.4658,-301.6257,nan,nan,nan,0.9341,-0.3571,-0.0000,0.3571,0.9341,-0.0000,0.0000,-0.0000,1.0000,0.0000,0.0000,0.0000,0.0000,-0.0000,-0.0000,-9859.1352,-1521.4252,-212.9658,nan,nan,nan,0.9527,-0.2001,-0.2289,0.2240,-0.0471,0.9735,90.000,nan,nan,nan,0.0000,0.0000,0.0000,nan,nan,nan,-9859.1352,-1521.4252,-212.9658,-9859.1352,-1521.4252,-212.9658,12.000,0,nan,nan
24.3770,170.5667,0,-9573.3328,-1581.4658,-301.6257,nan,nan,nan,0.9341,-0.3571,-0.0000,0.3571,0.9341,-0.0000,0.0000,-0.0000,1.0000,0.0000,0.0000,0.0000,0.0000,-0.0000,-0.0000,-9859.1352,-1521.4252,-212.9658,nan,nan,nan,0.9527,-0.2001,-0.2289,0.2240,-0.0471,0.9735,90.000,nan,nan,nan,0.0000,0.0000,0.0000,nan,nan,nan,-9859.1352,-1521.4252,-212.9658,-9859.1352,-1521.4252,-212.9658,12.000,0,nan,nan
24.4040,170.5833,0,-9573.3328,-1581.4658,-301.6257,nan,nan,nan,0.9341,-0.3571,-0.0000,0.3571,0.9341,-0.0000,0.0000,-0.0000,1.0000,0.0000,0.0000,0.0000,0.0000,-0.0000,-0.0000,-9859.1351,-1521.4253,-212.9658,nan,nan,nan,0.9527,-0.2001,-0.2289,0.2240,-0.0471,0.9735,90.000,nan,nan,nan,0.0000,0.0000,0.0000,nan,nan,nan,-9859.1351,-1521.4253,-212.9658,-9859.1351,-1521.4253,-212.9658,12.000,0,nan,nan
24.4320,170.6167,0,-9573.3328,-1581.4658,-301.6257,nan,nan,nan,0.9341,-0.3571,-0.0000,0.3571,0.9341,-0.0000,0.0000,-0.0000,1.0000,0.0000,0.0000,0.0000,0.0000,-0.0000,-0.0000,-9859.1351,-1521.4253,-212.9658,nan,nan,nan,0.9527,-0.2001,-0.2289,0.2240,-0.0471,0.9735,90.000,nan,nan,nan,0.0000,0.0000,0.0000,nan,nan,nan,-9859.1351,-1521.4253,-212.9658,-9859.1351,-1521.4253,-212.9658,12.000,0,nan,nan
24.4600,170.6500,0,-9573.3328,-1581.4658,-301.6257,nan,nan,nan,0.9341,-0.3571,-0.0000,0.3571,0.9341,-0.0000,0.0000,-0.0000,1.0000,0.0000,0.0000,0.0000,0.0000,-0.0000,-0.0000,-9859.1349,-1521.4254,-212.9658,nan,nan,nan,0.9527,-0.2001,-0.2289,0.2240,-0.0471,0.9735,90.000,nan,nan,nan,0.0000,0.0000,0.0000,nan,nan,nan,-9859.1349,-1521.4254,-212.9658,-9859.1349,-1521.4254,-212.9658,12.000,0,nan,nan
24.4840,170.6667,0,-9573.3328,-1581.4658,-301.6257,nan,nan,nan,0.9341,-0.3571,-0.0000,0.3571,0.9341,-0.0000,0.0000,-0.0000,1.0000,0.0000,0.0000,0.0000,0.0000,-0.0000,-0.0000,-9859.1349,-1521.4254,-212.9658,nan,nan,nan,0.9527,-0.2001,-0.2289,0.2240,-0.0471,0.9735,90.000,nan,nan,nan,0.0000,0.0000,0.0000,nan,nan,nan,-9859.1349,-1521.4254,-212.9658,-9859.1349,-1521.4254,-212.9658,12.000,0,nan,nan
24.5110,170.7000,0,-9573.3328,-1581.4658,-301.6257,nan,nan,nan,0.9341,-0.3571,-0.0000,0.3571,0.9341,-0.0000,0.0000,-0.0000,1.0000,0.0000,0.0000,0.0000,0.0000,-0.0000,-0.0000,-9859.1348,-1521.4254,-212.9658,nan,nan,nan,0.9527,-0.2001,-0.2289,0.2240,-0.0471,0.9735,90.000,nan,nan,nan,0.0000,0.0000,0.0000,nan,nan,nan,-9859.1348,-1521.4254,-212.9658,-9859.1348,-1521.4254,-212.9658,12.000,0,nan,nan
24.5380,170.7167,0,-9573.3328,-1581.4658,-301.6257,nan,nan,nan,0.9341,-0.3571,-0.0000,0.3571,0.9341,-0.0000,0.0000,-0.0000,1.0000,0.0000,0.0000,0.0000,0.0000,-0.0000,-0.0000,-9859.1348,-1521.4254,-212.9658,nan,nan,nan,0.9527,-0.2001,-0.2289,0.2240,-0.0471,0.9735,90.000,nan,nan,nan,0.0000,0.0000,0.0000,nan,nan,nan,-9859.1348,-1521.4254,-212.9658,-9859.1348,-1521.4254,-212.9658,12.000,0,nan,nan
24.5640,170.7500,0,-9573.3328,-1581.4658,-301.6257,nan,nan,nan,0.9341,-0.3571,-0.0000,0.3571,0.9341,-0.0000,0.0000,-0.0000,1.0000,0.0000,0.0000,0.0000,0.0000,-0.0000,-0.0000,-9859.1347,-1521.4255,-212.9658,nan,nan,nan,0.9527,-0.2001,-0.2289,0.2240,-0.0471,0.9735,90.000,nan,nan,nan,0.0000,0.0000,0.0000,nan,nan,nan,-9859.1347,-1521.4255,-212.9658,-9859.1347,-1521.4255,-212.9658,12.000,0,nan,nan
24.5900,170.7833,0,-9573.3328,-1581.4658,-301.6257,nan,nan,nan,0.9341,-0.3571,-0.0000,0.3571,0.9341,-0.0000,0.0000,-0.0000,1.0000,0.0000,0.0000,0.0000,0.0000,-0.0000,-0.0000,-9859.1347,-1521.4255,-212.9658,nan,nan,nan,0.9527,-0.2001,-0.2289,0.2240,-0.0471,0.9735,90.000,nan,nan,nan,0.0000,0.0000,0.0000,nan,nan,nan,-9859.1347,-1521.4255,-212.9658,-9859.1347,-1521.4255,-212.9658,12.000,0,nan,nan
24.6170,170.8000,0,-9573.3328,-1581.4658,-301.6257,nan,nan,nan,0.9341,-0.3571,-0.0000,0.3571,0.9341,-0.0000,0.0000,-0.0000,1.0000,0.0000,0.0000,0.0000,0.0000,-0.0000,-0.0000,-9859.1345,-1521.4255,-212.9658,nan,nan,nan,0.9527,-0.2001,-0.2289,0.2240,-0.0471,0.9735,90.000,nan,nan,nan,0.0000,0.0000,0.0000,nan,nan,nan,-9859.1345,-1521.4255,-212.9658,-9859.1345,-1521.4255,-212.9658,12.000,0,nan,nan
24.6430,170.8333,0,-9573.3328,-1581.4658,-301.6257,nan,nan,nan,0.9341,-0.3571,-0.0000,0.3571,0.9341,-0.0000,0.0000,-0.0000,1.0000,0.0000,0.0000,0.0000,0.0000,-0.0000,-0.0000,-9859.1345,-1521.4255,-212.9658,nan,nan,nan,0.9527,-0.2001,-0.2289,0.2240,-0.0471,0.9735,90.000,nan,nan,nan,0.0000,0.0000,0.0000,nan,nan,nan,-9859.1345,-1521.4255,-212.9658,-9859.1345,-1521.4255,-212.9658,12.000,0,nan,nan
24.6700,170.8500,0,-9573.3328,-1581.4658,-301.6257,nan,nan,nan,0.9341,-0.3571,-0.0000,0.3571,0.9341,-0.0000,0.0000,-0.0000,1.0000,0.0000,0.0000,0.0000,0.0000,-0.0000,-0.0000,-9859.1344,-1521.4256,-212.9658,nan,nan,nan,0.9527,-0.2001,-0.2289,0.2240,-0.0471,0.9735,90.000,nan,nan,nan,0.0000,0.0000,0.0000,nan,nan,nan,-9859.1344,-1521.4256,-212.9658,-9859.1344,-1521.4256,-212.9658,12.000,0,nan,nan
24.6990,170.8833,0,-9573.3328,-1581.4658,-301.6257,nan,nan,nan,0.9341,-0.3571,-0.0000,0.3571,0.9341,-0.0000,0.0000,-0.0000,1.0000,0.0000,0.0000,0.0000,0.0000,-0.0000,-0.0000,-9859.1344,-1521.4256,-212.9658,nan,nan,nan,0.9527,-0.2001,-0.2289,0.2240,-0.0471,0.9735,90.000,nan,nan,nan,0.0000,0.0000,0.0000,nan,nan,nan,-9859.1344,-1521.4256,-212.9658,-9859.1344,-1521.4256,-212.9658,12.000,0,nan,nan
24.7230,170.9167,0,-9573.3328,-1581.4658,-301.6257,nan,nan,nan,0.9341,-0.3571,-0.0000,0.3571,0.9341,-0.0000,0.0000,-0.0000,1.0000,0.0000,0.0000,0.0000,0.0000,-0.0000,-0.0000,-9859.1343,-1521.4256,-212.9658,nan,nan,nan,0.9527,-0.2001,-0.2289,0.2240,-0.0471,0.9735,90.000,nan,nan,nan,0.0000,0.0000,0.0000,nan,nan,nan,-9859.1343,-1521.4256,-212.9658,-9859.1343,-1521.4256,-212.9658,12.000,0,nan,nan
24.7510,170.9333,0,-9573.3328,-1581.4658,-301.6257,nan,nan,nan,0.9341,-0.3571,-0.0000,0.3571,0.9341,-0.0000,0.0000,-0.0000,1.0000,0.0000,0.0000,0.0000,0.0000,-0.0000,-0.0000,-9859.1343,-1521.4256,-212.9658,nan,nan,nan,0.9527,-0.2001,-0.2289,0.2240,-0.0471,0.9735,90.000,nan,nan,nan,0.0000,0.0000,0.0000,nan,nan,nan,-9859.1343,-1521.4256,-212.9658,-9859.1343,-1521.4256,-212.9658,12.000,0,nan,nan
24.7770,170.9667,0,-9573.3328,-1581.4658,-301.6257,nan,nan,nan,0.9341,-0.3571,-0.0000,0.3571,0.9341,-0.0000,0.0000,-0.0000,1.0000,0.0000,0.0000,0.0000,0.0000,-0.0000,-0.0000,-9859.1343,-1521.4256,-212.9658,nan,nan,nan,0.9527,-0.2001,-0.2289,0.2240,-0.0471,0.9735,90.000,nan,nan,nan,0.0000,0.0000,0.0000,nan,nan,nan,-9859.1343,-1521.4256,-212.9658,-9859.1343,-1521.4256,-212.9658,12.000,0,nan,nan
24.8040,170.9833,0,-9573.3328,-1581.4658,-301.6257,nan,nan,nan,0.9341,-0.3571,-0.0000,0.3571,0.9341,-0.0000,0.0000,-0.0000,1.0000,0.0000,0.0000,0.0000,0.0000,-0.0000,-0.0000,-9859.1342,-1521.4257,-212.9658,nan,nan,nan,0.9527,-0.2001,-0.2289,0.2240,-0.0471,0.9735,90.000,nan,nan,nan,0.0000,0.0000,0.0000,nan,nan,nan,-9859.1342,-1521.4257,-212.9658,-9859.1342,-1521.4257,-212.9658,12.000,0,nan,nan
24.8300,171.0167,0,-9573.3328,-1581.4658,-301.6257,nan,nan,nan,0.9341,-0.3571,-0.0000,0.3571,0.9341,-0.0000,0.0000,-0.0000,1.0000,0.0000,0.0000,0.0000,0.0000,-0.0000,-0.0000,-9859.1342,-1521.4257,-212.9658,nan,nan,nan,0.9527,-0.2001,-0.2289,0.2240,-0.0471,0.9735,90.000,nan,nan,nan,0.0000,0.0000,0.0000,nan,nan,nan,-9859.1342,-1521.4257,-212.9658,-9859.1342,-1521.4257,-212.9658,12.000,0,nan,nan
24.8570,171.0500,0,-9573.3328,-1581.4658,-301.6257,nan,nan,nan,0.9341,-0.3571,-0.0000,0.3571,0.9341,-0.0000,0.0000,-0.0000,1.0000,0.0000,0.0000,0.0000,0.0000,-0.0000,-0.0000,-9859.1341,-1521.4257,-212.9658,nan,nan,nan,0.9527,-0.2001,-0.2289,0.2240,-0.0471,0.9735,90.000,nan,nan,nan,0.0000,0.0000,0.0000,nan,nan,nan,-9859.1341,-1521.4257,-212.9658,-9859.1341,-1521.4257,-212.9658,12.000,0,nan,nan
24.8850,171.0667,0,-9573.3328,-1581.4658,-301.6257,nan,nan,nan,0.9341,-0.3571,-0.0000,0.3571,0.9341,-0.0000,0.0000,-0.0000,1.0000,0.0000,0.0000,0.0000,0.0000,-0.0000,-0.0000,-9859.1341,-1521.4257,-212.9658,nan,nan,nan,0.9527,-0.2001,-0.2289,0.2240,-0.0471,0.9735,90.000,nan,nan,nan,0.0000,0.0000,0.0000,nan,nan,nan,-9859.1341,-1521.4257,-212.9658,-9859.1341,-1521.4257,-212.9658,12.000,0,nan,nan
24.9100,171.1000,0,-9573.3328,-1581.4658,-301.6257,nan,nan,nan,0.9341,-0.3571,-0.0000,0.3571,0.9341,-0.0000,0.0000,-0.0000,1.0000,0.0000,0.0000,0.0000,0.0000,-0.0000,-0.0000,-9859.1341,-1521.4257,-212.9658,nan,nan,nan,0.9527,-0.2001,-0.2289,0.2240,-0.0471,0.9735,90.000,nan,nan,nan,0.0000,0.0000,0.0000,nan,nan,nan,-9859.1341,-1521.4257,-212.9658,-9859.1341,-1521.4257,-212.9658,12.000,0,nan,nan
24.9370,171.1167,0,-9573.3328,-1581.4658,-301.6257,nan,nan,nan,0.9341,-0.3571,-0.0000,0.3571,0.9341,-0.0000,0.0000,-0.0000,1.0000,0.0000,0.0000,0.0000,0.0000,-0.0000,-0.0000,-9859.1339,-1521.4258,-212.9658,nan,nan,nan,0.9527,-0.2001,-0.2289,0.2240,-0.0471,0.9735,90.000,nan,nan,nan,0.0000,0.0000,0.0000,nan,nan,nan,-9859.1339,-1521.4258,-212.9658,-9859.1339,-1521.4258,-212.9658,12.000,0,nan,nan
24.9630,171.1500,0,-9573.3328,-1581.4658,-301.6257,nan,nan,nan,0.9341,-0.3571,-0.0000,0.3571,0.9341,-0.0000,0.0000,-0.0000,1.0000,0.0000,0.0000,0.0000,0.0000,-0.0000,-0.0000,-9859.1339,-1521.4258,-212.9658,nan,nan,nan,0.9527,-0.2001,-0.2289,0.2240,-0.0471,0.9735,90.000,nan,nan,nan,0.0000,0.0000,0.0000,nan,nan,nan,-9859.1339,-1521.4258,-212.9658,-9859.1339,-1521.4258,-212.9658,12.000,0,nan,nan
24.9890,171.1833,0,-9573.3328,-1581.4658,-301.6257,nan,nan,nan,0.9341,-0.3571,-0.0000,0.3571,0.9341,-0.0000,0.0000,-0.0000,1.0000,0.0000,0.0000,0.0000,0.0000,-0.0000,-0.0000,-9859.1338,-1521.4258,-212.9658,nan,nan,nan,0.9527,-0.2001,-0.2289,0.2240,-0.0471,0.9735,90.000,nan,nan,nan,0.0000,0.0000,0.0000,nan,nan,nan,-9859.1338,-1521.4258,-212.9658,-9859.1338,-1521.4258,-212.9658,12.000,0,nan,nan
25.0160,171.2000,0,-9573.3328,-1581.4658,-301.6257,nan,nan,nan,0.9341,-0.3571,-0.0000,0.3571,0.9341,-0.0000,0.0000,-0.0000,1.0000,0.0000,0.0000,0.0000,0.0000,-0.0000,-0.0000,-9859.1338,-1521.4258,-212.9658,nan,nan,nan,0.9527,-0.2001,-0.2289,0.2240,-0.0471,0.9735,90.000,nan,nan,nan,0.0000,0.0000,0.0000,nan,nan,nan,-9859.1338,-1521.4258,-212.9658,-9859.1338,-1521.4258,-212.9658,12.000,0,nan,nan
25.0430,171.2333,0,-9573.3328,-1581.4658,-301.6257,nan,nan,nan,0.9341,-0.3571,-0.0000,0.3571,0.9341,-0.0000,0.0000,-0.0000,1.0000,0.0000,0.0000,0.0000,0.0000,-0.0000,-0.0000,-9859.1338,-1521.4258,-212.9658,nan,nan,nan,0.9527,-0.2001,-0.2289,0.2240,-0.0471,0.9735,90.000,nan,nan,nan,0.0000,0.0000,0.0000,nan,nan,nan,-9859.1338,-1521.4258,-212.9658,-9859.1338,-1521.4258,-212.9658,12.000,0,nan,nan
25.0700,171.2500,0,-9573.3328,-1581.4658,-301.6257,nan,nan,nan,0.9341,-0.3571,-0.0000,0.3571,0.9341,-0.0000,0.0000,-0.0000,1.0000,0.0000,0.0000,0.0000,0.0000,-0.0000,-0.0000,-9859.1338,-1521.4258,-212.9658,nan,nan,nan,0.9527,-0.2001,-0.2289,0.2240,-0.0471,0.9735,90.000,nan,nan,nan,0.0000,0.0000,0.0000,nan,nan,nan,-9859.1338,-1521.4258,-212.9658,-9859.1338,-1521.4258,-212.9658,12.000,0,nan,nan
25.0960,171.2833,0,-9573.3328,-1581.4658,-301.6257,nan,nan,nan,0.9341,-0.3571,-0.0000,0.3571,0.9341,-0.0000,0.0000,-0.0000,1.0000,0.0000,0.0000,0.0000,0.0000,-0.0000,-0.0000,-9859.1337,-1521.4259,-212.9658,nan,nan,nan,0.9527,-0.2001,-0.2289,0.2240,-0.0471,0.9735,90.000,nan,nan,nan,0.0000,0.0000,0.0000,nan,nan,nan,-9859.1337,-1521.4259,-212.9658,-9859.1337,-1521.4259,-212.9658,12.000,0,nan,nan
25.1230,171.3167,0,-9573.3328,-1581.4658,-301.6257,nan,nan,nan,0.9341,-0.3571,-0.0000,0.3571,0.9341,-0.0000,0.0000,-0.0000,1.0000,0.0000,0.0000,0.0000,0.0000,-0.0000,-0.0000,-9859.1337,-1521.4259,-212.9658,nan,nan,nan,0.9527,-0.2001,-0.2289,0.2240,-0.0471,0.9735,90.000,nan,nan,nan,0.0000,0.0000,0.0000,nan,nan,nan,-9859.1337,-1521.4259,-212.9658,-9859.1337,-1521.4259,-212.9658,12.000,0,nan,nan
25.1500,171.3333,0,-9573.3328,-1581.4658,-301.6257,nan,nan,nan,0.9341,-0.3571,-0.0000,0.3571,0.9341,-0.0000,0.0000,-0.0000,1.0000,0.0000,0.0000,0.0000,0.0000,-0.0000,-0.0000,-9859.1337,-1521.4259,-212.9658,nan,nan,nan,0.9527,-0.2001,-0.2289,0.2240,-0.0471,0.9735,90.000,nan,nan,nan,0.0000,0.0000,0.0000,nan,nan,nan,-9859.1337,-1521.4259,-212.9658,-9859.1337,-1521.4259,-212.9658,12.000,0,nan,nan
25.1770,171.3667,0,-9573.3328,-1581.4658,-301.6257,nan,nan,nan,0.9341,-0.3571,-0.0000,0.3571,0.9341,-0.0000,0.0000,-0.0000,1.0000,0.0000,0.0000,0.0000,0.0000,-0.0000,-0.0000,-9859.1336,-1521.4259,-212.9658,nan,nan,nan,0.9527,-0.2001,-0.2289,0.2240,-0.0471,0.9735,90.000,nan,nan,nan,0.0000,0.0000,0.0000,nan,nan,nan,-9859.1336,-1521.4259,-212.9658,-9859.1336,-1521.4259,-212.9658,12.000,0,nan,nan
25.2030,171.3833,0,-9573.3328,-1581.4658,-301.6257,nan,nan,nan,0.9341,-0.3571,-0.0000,0.3571,0.9341,-0.0000,0.0000,-0.0000,1.0000,0.0000,0.0000,0.0000,0.0000,-0.0000,-0.0000,-9859.1336,-1521.4259,-212.9658,nan,nan,nan,0.9527,-0.2001,-0.2289,0.2240,-0.0471,0.9735,90.000,nan,nan,nan,0.0000,0.0000,0.0000,nan,nan,nan,-9859.1336,-1521.4259,-212.9658,-9859.1336,-1521.4259,-212.9658,12.000,0,nan,nan
25.2300,171.4167,0,-9573.3328,-1581.4658,-301.6257,nan,nan,nan,0.9341,-0.3571,-0.0000,0.3571,0.9341,-0.0000,0.0000,-0.0000,1.0000,0.0000,0.0000,0.0000,0.0000,-0.0000,-0.0000,-9859.1336,-1521.4259,-212.9658,nan,nan,nan,0.9527,-0.2001,-0.2289,0.2240,-0.0471,0.9735,90.000,nan,nan,nan,0.0000,0.0000,0.0000,nan,nan,nan,-9859.1336,-1521.4259,-212.9658,-9859.1336,-1521.4259,-212.9658,12.000,0,nan,nan
25.2570,171.4500,0,-9573.3328,-1581.4658,-301.6257,nan,nan,nan,0.9341,-0.3571,-0.0000,0.3571,0.9341,-0.0000,0.0000,-0.0000,1.0000,0.0000,0.0000,0.0000,0.0000,-0.0000,-0.0000,-9859.1335,-1521.4259,-212.9658,nan,nan,nan,0.9527,-0.2001,-0.2289,0.2240,-0.0471,0.9735,90.000,nan,nan,nan,0.0000,0.0000,0.0000,nan,nan,nan,-9859.1335,-1521.4259,-212.9658,-9859.1335,-1521.4259,-212.9658,12.000,0,nan,nan
25.2830,171.4667,0,-9573.3328,-1581.4658,-301.6257,nan,nan,nan,0.9341,-0.3571,-0.0000,0.3571,0.9341,-0.0000,0.0000,-0.0000,1.0000,0.0000,0.0000,0.0000,0.0000,-0.0000,-0.0000,-9859.1335,-1521.4259,-212.9658,nan,nan,nan,0.9527,-0.2001,-0.2289,0.2240,-0.0471,0.9735,90.000,nan,nan,nan,0.0000,0.0000,0.0000,nan,nan,nan,-9859.1335,-1521.4259,-212.9658,-9859.1335,-1521.4259,-212.9658,12.000,0,nan,nan
25.3100,171.5000,0,-9573.3328,-1581.4658,-301.6257,nan,nan,nan,0.9341,-0.3571,-0.0000,0.3571,0.9341,-0.0000,0.0000,-0.0000,1.0000,0.0000,0.0000,0.0000,0.0000,-0.0000,-0.0000,-9859.1335,-1521.4259,-212.9658,nan,nan,nan,0.9527,-0.2001,-0.2289,0.2240,-0.0471,0.9735,90.000,nan,nan,nan,0.0000,0.0000,0.0000,nan,nan,nan,-9859.1335,-1521.4259,-212.9658,-9859.1335,-1521.4259,-212.9658,12.000,0,nan,nan
25.3370,171.5167,0,-9573.3328,-1581.4658,-301.6257,nan,nan,nan,0.9341,-0.3571,-0.0000,0.3571,0.9341,-0.0000,0.0000,-0.0000,1.0000,0.0000,0.0000,0.0000,0.0000,-0.0000,-0.0000,-9859.1335,-1521.4259,-212.9658,nan,nan,nan,0.9527,-0.2001,-0.2289,0.2240,-0.0471,0.9735,90.000,nan,nan,nan,0.0000,0.0000,0.0000,nan,nan,nan,-9859.1335,-1521.4259,-212.9658,-9859.1335,-1521.4259,-212.9658,12.000,0,nan,nan
