t,game_t,marker,pawn_x,pawn_y,pawn_z,pawn_pitch,pawn_yaw,pawn_roll,pawn_fwd_x,pawn_fwd_y,pawn_fwd_z,pawn_right_x,pawn_right_y,pawn_right_z,pawn_up_x,pawn_up_y,pawn_up_z,vel_x,vel_y,vel_z,fvel_x,fvel_y,fvel_z,cam_x,cam_y,cam_z,cam_pitch,cam_yaw,cam_roll,cam_fwd_x,cam_fwd_y,cam_fwd_z,cam_up_x,cam_up_y,cam_up_z,fov,ctrl_pitch,ctrl_yaw,ctrl_roll,camctrl_x,camctrl_y,camctrl_z,camctrl_pitch,camctrl_yaw,camctrl_roll,pivot_x,pivot_y,pivot_z,cine_x,cine_y,cine_z,focal,move_mode,running,in_air
0.0240,351.5500,0,-8430.5995,1747.0893,-222.4756,nan,nan,nan,-0.9717,0.1860,0.1457,-0.1796,-0.9822,0.0557,0.1535,0.0279,0.9878,0.0000,0.0000,0.0000,-0.0000,0.0000,0.0000,-8248.1213,1516.6849,-135.8669,nan,nan,nan,-0.5980,0.7699,-0.2228,-0.1367,0.1760,0.9749,90.000,nan,nan,nan,0.0000,0.0000,0.0000,nan,nan,nan,-8248.1213,1516.6849,-135.8669,-8248.1213,1516.6849,-135.8669,12.000,0,nan,nan
0.0480,351.5667,0,-8430.5995,1747.0893,-222.4756,nan,nan,nan,-0.9717,0.1860,0.1457,-0.1796,-0.9822,0.0557,0.1535,0.0279,0.9878,0.0000,0.0000,0.0000,-0.0000,0.0000,0.0000,-8248.1213,1516.6849,-135.8669,nan,nan,nan,-0.5980,0.7699,-0.2228,-0.1367,0.1760,0.9749,90.000,nan,nan,nan,0.0000,0.0000,0.0000,nan,nan,nan,-8248.1213,1516.6849,-135.8669,-8248.1213,1516.6849,-135.8669,12.000,0,nan,nan
0.0720,351.6000,0,-8430.5995,1747.0893,-222.4756,nan,nan,nan,-0.9717,0.1860,0.1457,-0.1796,-0.9822,0.0557,0.1535,0.0279,0.9878,0.0000,0.0000,0.0000,-0.0000,0.0000,0.0000,-8248.1213,1516.6849,-135.8669,nan,nan,nan,-0.5980,0.7699,-0.2228,-0.1367,0.1760,0.9749,90.000,nan,nan,nan,0.0000,0.0000,0.0000,nan,nan,nan,-8248.1213,1516.6849,-135.8669,-8248.1213,1516.6849,-135.8669,12.000,0,nan,nan
0.0980,351.6167,0,-8430.5995,1747.0893,-222.4756,nan,nan,nan,-0.9717,0.1860,0.1457,-0.1796,-0.9822,0.0557,0.1535,0.0279,0.9878,0.0000,0.0000,0.0000,-0.0000,0.0000,0.0000,-8248.1214,1516.6849,-135.8668,nan,nan,nan,-0.5980,0.7699,-0.2228,-0.1367,0.1760,0.9749,90.000,nan,nan,nan,0.0000,0.0000,0.0000,nan,nan,nan,-8248.1214,1516.6849,-135.8668,-8248.1214,1516.6849,-135.8668,12.000,0,nan,nan
0.1220,351.6500,0,-8430.5995,1747.0893,-222.4756,nan,nan,nan,-0.9717,0.1860,0.1457,-0.1796,-0.9822,0.0557,0.1535,0.0279,0.9878,0.0000,0.0000,0.0000,-0.0000,0.0000,0.0000,-8248.1214,1516.6849,-135.8668,nan,nan,nan,-0.5980,0.7699,-0.2228,-0.1367,0.1760,0.9749,90.000,nan,nan,nan,0.0000,0.0000,0.0000,nan,nan,nan,-8248.1214,1516.6849,-135.8668,-8248.1214,1516.6849,-135.8668,12.000,0,nan,nan
0.1480,351.6667,0,-8430.5995,1747.0893,-222.4756,nan,nan,nan,-0.9717,0.1860,0.1457,-0.1796,-0.9822,0.0557,0.1535,0.0279,0.9878,0.0000,0.0000,0.0000,-0.0000,0.0000,0.0000,-8248.1214,1516.6849,-135.8668,nan,nan,nan,-0.5980,0.7699,-0.2228,-0.1367,0.1760,0.9749,90.000,nan,nan,nan,0.0000,0.0000,0.0000,nan,nan,nan,-8248.1214,1516.6849,-135.8668,-8248.1214,1516.6849,-135.8668,12.000,0,nan,nan
0.1720,351.7000,0,-8430.5995,1747.0893,-222.4756,nan,nan,nan,-0.9717,0.1860,0.1457,-0.1796,-0.9822,0.0557,0.1535,0.0279,0.9878,0.0000,0.0000,0.0000,-0.0000,0.0000,0.0000,-8248.1214,1516.6849,-135.8668,nan,nan,nan,-0.5980,0.7699,-0.2228,-0.1367,0.1760,0.9749,90.000,nan,nan,nan,0.0000,0.0000,0.0000,nan,nan,nan,-8248.1214,1516.6849,-135.8668,-8248.1214,1516.6849,-135.8668,12.000,0,nan,nan
0.1970,351.7167,0,-8430.5995,1747.0893,-222.4756,nan,nan,nan,-0.9717,0.1860,0.1457,-0.1796,-0.9822,0.0557,0.1535,0.0279,0.9878,0.0000,0.0000,0.0000,-0.0000,0.0000,0.0000,-8248.1214,1516.6849,-135.8668,nan,nan,nan,-0.5980,0.7699,-0.2228,-0.1367,0.1760,0.9749,90.000,nan,nan,nan,0.0000,0.0000,0.0000,nan,nan,nan,-8248.1214,1516.6849,-135.8668,-8248.1214,1516.6849,-135.8668,12.000,0,nan,nan
0.2220,351.7500,0,-8430.5995,1747.0893,-222.4756,nan,nan,nan,-0.9717,0.1860,0.1457,-0.1796,-0.9822,0.0557,0.1535,0.0279,0.9878,0.0000,0.0000,0.0000,-0.0000,0.0000,0.0000,-8248.1214,1516.6849,-135.8668,nan,nan,nan,-0.5980,0.7699,-0.2228,-0.1367,0.1760,0.9749,90.000,nan,nan,nan,0.0000,0.0000,0.0000,nan,nan,nan,-8248.1214,1516.6849,-135.8668,-8248.1214,1516.6849,-135.8668,12.000,0,nan,nan
0.2460,351.7667,0,-8430.5995,1747.0893,-222.4756,nan,nan,nan,-0.9717,0.1860,0.1457,-0.1796,-0.9822,0.0557,0.1535,0.0279,0.9878,0.0000,0.0000,0.0000,-0.0000,0.0000,0.0000,-8248.1214,1516.6849,-135.8668,nan,nan,nan,-0.5980,0.7699,-0.2228,-0.1367,0.1760,0.9749,90.000,nan,nan,nan,0.0000,0.0000,0.0000,nan,nan,nan,-8248.1214,1516.6849,-135.8668,-8248.1214,1516.6849,-135.8668,12.000,0,nan,nan
0.2720,351.7834,0,-8430.5995,1747.0893,-222.4756,nan,nan,nan,-0.9717,0.1860,0.1457,-0.1796,-0.9822,0.0557,0.1535,0.0279,0.9878,0.0000,0.0000,0.0000,-0.0000,0.0000,0.0000,-8248.1214,1516.6849,-135.8668,nan,nan,nan,-0.5980,0.7699,-0.2228,-0.1367,0.1760,0.9749,90.000,nan,nan,nan,0.0000,0.0000,0.0000,nan,nan,nan,-8248.1214,1516.6849,-135.8668,-8248.1214,1516.6849,-135.8668,12.000,0,nan,nan
0.2960,351.8167,0,-8430.5995,1747.0893,-222.4756,nan,nan,nan,-0.9717,0.1860,0.1457,-0.1796,-0.9822,0.0557,0.1535,0.0279,0.9878,0.0000,0.0000,0.0000,-0.0000,0.0000,0.0000,-8248.1214,1516.6849,-135.8668,nan,nan,nan,-0.5980,0.7699,-0.2228,-0.1367,0.1760,0.9749,90.000,nan,nan,nan,0.0000,0.0000,0.0000,nan,nan,nan,-8248.1214,1516.6849,-135.8668,-8248.1214,1516.6849,-135.8668,12.000,0,nan,nan
0.3230,351.8500,0,-8430.5995,1747.0893,-222.4756,nan,nan,nan,-0.9717,0.1860,0.1457,-0.1796,-0.9822,0.0557,0.1535,0.0279,0.9878,0.0000,0.0000,0.0000,-0.0000,0.0000,0.0000,-8248.1215,1516.6850,-135.8668,nan,nan,nan,-0.5980,0.7699,-0.2228,-0.1367,0.1760,0.9749,90.000,nan,nan,nan,0.0000,0.0000,0.0000,nan,nan,nan,-8248.1215,1516.6850,-135.8668,-8248.1215,1516.6850,-135.8668,12.000,0,nan,nan
0.3460,351.8667,0,-8430.5995,1747.0893,-222.4756,nan,nan,nan,-0.9717,0.1860,0.1457,-0.1796,-0.9822,0.0557,0.1535,0.0279,0.9878,0.0000,0.0000,0.0000,-0.0000,0.0000,0.0000,-8248.1215,1516.6850,-135.8668,nan,nan,nan,-0.5980,0.7699,-0.2228,-0.1367,0.1760,0.9749,90.000,nan,nan,nan,0.0000,0.0000,0.0000,nan,nan,nan,-8248.1215,1516.6850,-135.8668,-8248.1215,1516.6850,-135.8668,12.000,0,nan,nan
0.3710,351.8834,0,-8430.5995,1747.0893,-222.4756,nan,nan,nan,-0.9717,0.1860,0.1457,-0.1796,-0.9822,0.0557,0.1535,0.0279,0.9878,0.0000,0.0000,0.0000,-0.0000,0.0000,0.0000,-8248.1215,1516.6850,-135.8668,nan,nan,nan,-0.5980,0.7699,-0.2228,-0.1367,0.1760,0.9749,90.000,nan,nan,nan,0.0000,0.0000,0.0000,nan,nan,nan,-8248.1215,1516.6850,-135.8668,-8248.1215,1516.6850,-135.8668,12.000,0,nan,nan
0.3960,351.9167,0,-8430.5995,1747.0893,-222.4756,nan,nan,nan,-0.9717,0.1860,0.1457,-0.1796,-0.9822,0.0557,0.1535,0.0279,0.9878,0.0000,0.0000,0.0000,-0.0000,0.0000,0.0000,-8248.1215,1516.6850,-135.8668,nan,nan,nan,-0.5980,0.7699,-0.2228,-0.1367,0.1760,0.9749,90.000,nan,nan,nan,0.0000,0.0000,0.0000,nan,nan,nan,-8248.1215,1516.6850,-135.8668,-8248.1215,1516.6850,-135.8668,12.000,0,nan,nan
0.4210,351.9500,0,-8430.5995,1747.0893,-222.4756,nan,nan,nan,-0.9717,0.1860,0.1457,-0.1796,-0.9822,0.0557,0.1535,0.0279,0.9878,0.0000,0.0000,0.0000,-0.0000,0.0000,0.0000,-8248.1215,1516.6850,-135.8668,nan,nan,nan,-0.5980,0.7699,-0.2228,-0.1367,0.1760,0.9749,90.000,nan,nan,nan,0.0000,0.0000,0.0000,nan,nan,nan,-8248.1215,1516.6850,-135.8668,-8248.1215,1516.6850,-135.8668,12.000,0,nan,nan
0.4470,351.9667,0,-8430.5995,1747.0893,-222.4756,nan,nan,nan,-0.9717,0.1860,0.1457,-0.1796,-0.9822,0.0557,0.1535,0.0279,0.9878,0.0000,0.0000,0.0000,-0.0000,0.0000,0.0000,-8248.1215,1516.6850,-135.8668,nan,nan,nan,-0.5980,0.7699,-0.2228,-0.1367,0.1760,0.9749,90.000,nan,nan,nan,0.0000,0.0000,0.0000,nan,nan,nan,-8248.1215,1516.6850,-135.8668,-8248.1215,1516.6850,-135.8668,12.000,0,nan,nan
0.4710,352.0000,0,-8430.5995,1747.0893,-222.4756,nan,nan,nan,-0.9717,0.1860,0.1457,-0.1796,-0.9822,0.0557,0.1535,0.0279,0.9878,0.0000,0.0000,0.0000,-0.0000,0.0000,0.0000,-8248.1215,1516.6850,-135.8668,nan,nan,nan,-0.5980,0.7699,-0.2228,-0.1367,0.1760,0.9749,90.000,nan,nan,nan,0.0000,0.0000,0.0000,nan,nan,nan,-8248.1215,1516.6850,-135.8668,-8248.1215,1516.6850,-135.8668,12.000,0,nan,nan
0.4960,352.0167,0,-8430.5995,1747.0893,-222.4756,nan,nan,nan,-0.9717,0.1860,0.1457,-0.1796,-0.9822,0.0557,0.1535,0.0279,0.9878,0.0000,0.0000,0.0000,-0.0000,0.0000,0.0000,-8248.1215,1516.6850,-135.8668,nan,nan,nan,-0.5980,0.7699,-0.2228,-0.1367,0.1760,0.9749,90.000,nan,nan,nan,0.0000,0.0000,0.0000,nan,nan,nan,-8248.1215,1516.6850,-135.8668,-8248.1215,1516.6850,-135.8668,12.000,0,nan,nan
0.5220,352.0500,0,-8430.5995,1747.0893,-222.4756,nan,nan,nan,-0.9717,0.1860,0.1457,-0.1796,-0.9822,0.0557,0.1535,0.0279,0.9878,0.0000,0.0000,0.0000,-0.0000,0.0000,0.0000,-8248.1215,1516.6850,-135.8668,nan,nan,nan,-0.5980,0.7699,-0.2228,-0.1367,0.1760,0.9749,90.000,nan,nan,nan,0.0000,0.0000,0.0000,nan,nan,nan,-8248.1215,1516.6850,-135.8668,-8248.1215,1516.6850,-135.8668,12.000,0,nan,nan
0.5470,352.0667,0,-8430.5995,1747.0893,-222.4756,nan,nan,nan,-0.9717,0.1860,0.1457,-0.1796,-0.9822,0.0557,0.1535,0.0279,0.9878,0.0000,0.0000,0.0000,-0.0000,0.0000,0.0000,-8248.1215,1516.6850,-135.8668,nan,nan,nan,-0.5980,0.7699,-0.2228,-0.1367,0.1760,0.9749,90.000,nan,nan,nan,0.0000,0.0000,0.0000,nan,nan,nan,-8248.1215,1516.6850,-135.8668,-8248.1215,1516.6850,-135.8668,12.000,0,nan,nan
0.5710,352.1000,0,-8430.5995,1747.0893,-222.4756,nan,nan,nan,-0.9717,0.1860,0.1457,-0.1796,-0.9822,0.0557,0.1535,0.0279,0.9878,0.0000,0.0000,0.0000,-0.0000,0.0000,0.0000,-8248.1215,1516.6850,-135.8668,nan,nan,nan,-0.5980,0.7699,-0.2228,-0.1367,0.1760,0.9749,90.000,nan,nan,nan,0.0000,0.0000,0.0000,nan,nan,nan,-8248.1215,1516.6850,-135.8668,-8248.1215,1516.6850,-135.8668,12.000,0,nan,nan
0.5970,352.1167,0,-8430.5995,1747.0893,-222.4756,nan,nan,nan,-0.9717,0.1860,0.1457,-0.1796,-0.9822,0.0557,0.1535,0.0279,0.9878,0.0000,0.0000,0.0000,-0.0000,0.0000,0.0000,-8248.1216,1516.6850,-135.8668,nan,nan,nan,-0.5980,0.7699,-0.2228,-0.1367,0.1760,0.9749,90.000,nan,nan,nan,0.0000,0.0000,0.0000,nan,nan,nan,-8248.1216,1516.6850,-135.8668,-8248.1216,1516.6850,-135.8668,12.000,0,nan,nan
0.6210,352.1500,0,-8430.5995,1747.0893,-222.4756,nan,nan,nan,-0.9717,0.1860,0.1457,-0.1796,-0.9822,0.0557,0.1535,0.0279,0.9878,0.0000,0.0000,0.0000,-0.0000,0.0000,0.0000,-8248.1216,1516.6850,-135.8668,nan,nan,nan,-0.5980,0.7699,-0.2228,-0.1367,0.1760,0.9749,90.000,nan,nan,nan,0.0000,0.0000,0.0000,nan,nan,nan,-8248.1216,1516.6850,-135.8668,-8248.1216,1516.6850,-135.8668,12.000,0,nan,nan
0.6480,352.1667,0,-8430.5995,1747.0893,-222.4756,nan,nan,nan,-0.9717,0.1860,0.1457,-0.1796,-0.9822,0.0557,0.1535,0.0279,0.9878,0.0000,0.0000,0.0000,-0.0000,0.0000,0.0000,-8248.1216,1516.6850,-135.8668,nan,nan,nan,-0.5980,0.7699,-0.2228,-0.1367,0.1760,0.9749,90.000,nan,nan,nan,0.0000,0.0000,0.0000,nan,nan,nan,-8248.1216,1516.6850,-135.8668,-8248.1216,1516.6850,-135.8668,12.000,0,nan,nan
0.6710,352.2000,0,-8430.5995,1747.0893,-222.4756,nan,nan,nan,-0.9717,0.1860,0.1457,-0.1796,-0.9822,0.0557,0.1535,0.0279,0.9878,0.0000,0.0000,0.0000,-0.0000,0.0000,0.0000,-8248.1216,1516.6850,-135.8668,nan,nan,nan,-0.5980,0.7699,-0.2228,-0.1367,0.1760,0.9749,90.000,nan,nan,nan,0.0000,0.0000,0.0000,nan,nan,nan,-8248.1216,1516.6850,-135.8668,-8248.1216,1516.6850,-135.8668,12.000,0,nan,nan
0.6970,352.2167,0,-8430.5995,1747.0893,-222.4756,nan,nan,nan,-0.9717,0.1860,0.1457,-0.1796,-0.9822,0.0557,0.1535,0.0279,0.9878,0.0000,0.0000,0.0000,-0.0000,0.0000,0.0000,-8248.1216,1516.6850,-135.8668,nan,nan,nan,-0.5980,0.7699,-0.2228,-0.1367,0.1760,0.9749,90.000,nan,nan,nan,0.0000,0.0000,0.0000,nan,nan,nan,-8248.1216,1516.6850,-135.8668,-8248.1216,1516.6850,-135.8668,12.000,0,nan,nan
0.7220,352.2500,0,-8430.5995,1747.0893,-222.4756,nan,nan,nan,-0.9717,0.1860,0.1457,-0.1796,-0.9822,0.0557,0.1535,0.0279,0.9878,0.0000,0.0000,0.0000,-0.0000,0.0000,0.0000,-8248.1216,1516.6850,-135.8668,nan,nan,nan,-0.5980,0.7699,-0.2228,-0.1367,0.1760,0.9749,90.000,nan,nan,nan,0.0000,0.0000,0.0000,nan,nan,nan,-8248.1216,1516.6850,-135.8668,-8248.1216,1516.6850,-135.8668,12.000,0,nan,nan
0.7460,352.2667,0,-8430.5995,1747.0893,-222.4756,nan,nan,nan,-0.9717,0.1860,0.1457,-0.1796,-0.9822,0.0557,0.1535,0.0279,0.9878,0.0000,0.0000,0.0000,-0.0000,0.0000,0.0000,-8248.1216,1516.6850,-135.8668,nan,nan,nan,-0.5980,0.7699,-0.2228,-0.1367,0.1760,0.9749,90.000,nan,nan,nan,0.0000,0.0000,0.0000,nan,nan,nan,-8248.1216,1516.6850,-135.8668,-8248.1216,1516.6850,-135.8668,12.000,0,nan,nan
0.7710,352.3000,0,-8430.5995,1747.0893,-222.4756,nan,nan,nan,-0.9717,0.1860,0.1457,-0.1796,-0.9822,0.0557,0.1535,0.0279,0.9878,0.0000,0.0000,0.0000,-0.0000,0.0000,0.0000,-8248.1216,1516.6850,-135.8668,nan,nan,nan,-0.5980,0.7699,-0.2228,-0.1367,0.1760,0.9749,90.000,nan,nan,nan,0.0000,0.0000,0.0000,nan,nan,nan,-8248.1216,1516.6850,-135.8668,-8248.1216,1516.6850,-135.8668,12.000,0,nan,nan
0.7960,352.3167,0,-8430.5995,1747.0893,-222.4756,nan,nan,nan,-0.9717,0.1860,0.1457,-0.1796,-0.9822,0.0557,0.1535,0.0279,0.9878,0.0000,0.0000,0.0000,-0.0000,0.0000,0.0000,-8248.1216,1516.6850,-135.8668,nan,nan,nan,-0.5980,0.7699,-0.2228,-0.1367,0.1760,0.9749,90.000,nan,nan,nan,0.0000,0.0000,0.0000,nan,nan,nan,-8248.1216,1516.6850,-135.8668,-8248.1216,1516.6850,-135.8668,12.000,0,nan,nan
0.8220,352.3334,0,-8430.5995,1747.0893,-222.4756,nan,nan,nan,-0.9717,0.1860,0.1457,-0.1796,-0.9822,0.0557,0.1535,0.0279,0.9878,0.0000,0.0000,0.0000,-0.0000,0.0000,0.0000,-8248.1216,1516.6850,-135.8668,nan,nan,nan,-0.5980,0.7699,-0.2228,-0.1367,0.1760,0.9749,90.000,nan,nan,nan,0.0000,0.0000,0.0000,nan,nan,nan,-8248.1216,1516.6850,-135.8668,-8248.1216,1516.6850,-135.8668,12.000,0,nan,nan
0.8470,352.3667,0,-8430.5995,1747.0893,-222.4756,nan,nan,nan,-0.9717,0.1860,0.1457,-0.1796,-0.9822,0.0557,0.1535,0.0279,0.9878,0.0000,0.0000,0.0000,-0.0000,0.0000,0.0000,-8248.1216,1516.6850,-135.8668,nan,nan,nan,-0.5980,0.7699,-0.2228,-0.1367,0.1760,0.9749,90.000,nan,nan,nan,0.0000,0.0000,0.0000,nan,nan,nan,-8248.1216,1516.6850,-135.8668,-8248.1216,1516.6850,-135.8668,12.000,0,nan,nan
0.8710,352.4000,0,-8430.5995,1747.0893,-222.4756,nan,nan,nan,-0.9717,0.1860,0.1457,-0.1796,-0.9822,0.0557,0.1535,0.0279,0.9878,0.0000,0.0000,0.0000,-0.0000,0.0000,0.0000,-8248.1216,1516.6850,-135.8668,nan,nan,nan,-0.5980,0.7699,-0.2228,-0.1367,0.1760,0.9749,90.000,nan,nan,nan,0.0000,0.0000,0.0000,nan,nan,nan,-8248.1216,1516.6850,-135.8668,-8248.1216,1516.6850,-135.8668,12.000,0,nan,nan
0.8940,352.4167,0,-8430.5995,1747.0893,-222.4756,nan,nan,nan,-0.9717,0.1860,0.1457,-0.1796,-0.9822,0.0557,0.1535,0.0279,0.9878,0.0000,0.0000,0.0000,-0.0000,0.0000,0.0000,-8248.1216,1516.6850,-135.8668,nan,nan,nan,-0.5980,0.7699,-0.2228,-0.1367,0.1760,0.9749,90.000,nan,nan,nan,0.0000,0.0000,0.0000,nan,nan,nan,-8248.1216,1516.6850,-135.8668,-8248.1216,1516.6850,-135.8668,12.000,0,nan,nan
0.9190,352.4334,0,-8430.5995,1747.0893,-222.4756,nan,nan,nan,-0.9717,0.1860,0.1457,-0.1796,-0.9822,0.0557,0.1535,0.0279,0.9878,0.0000,0.0000,0.0000,-0.0000,0.0000,0.0000,-8248.1216,1516.6850,-135.8668,nan,nan,nan,-0.5980,0.7699,-0.2228,-0.1367,0.1760,0.9749,90.000,nan,nan,nan,0.0000,0.0000,0.0000,nan,nan,nan,-8248.1216,1516.6850,-135.8668,-8248.1216,1516.6850,-135.8668,12.000,0,nan,nan
0.9440,352.4667,0,-8430.5995,1747.0893,-222.4756,nan,nan,nan,-0.9717,0.1860,0.1457,-0.1796,-0.9822,0.0557,0.1535,0.0279,0.9878,0.0000,0.0000,0.0000,-0.0000,0.0000,0.0000,-8248.1217,1516.6851,-135.8668,nan,nan,nan,-0.5980,0.7699,-0.2228,-0.1367,0.1760,0.9749,90.000,nan,nan,nan,0.0000,0.0000,0.0000,nan,nan,nan,-8248.1217,1516.6851,-135.8668,-8248.1217,1516.6851,-135.8668,12.000,0,nan,nan
0.9690,352.4834,0,-8430.5995,1747.0893,-222.4756,nan,nan,nan,-0.9717,0.1860,0.1457,-0.1796,-0.9822,0.0557,0.1535,0.0279,0.9878,0.0000,0.0000,0.0000,-0.0000,0.0000,0.0000,-8248.1217,1516.6851,-135.8668,nan,nan,nan,-0.5980,0.7699,-0.2228,-0.1367,0.1760,0.9749,90.000,nan,nan,nan,0.0000,0.0000,0.0000,nan,nan,nan,-8248.1217,1516.6851,-135.8668,-8248.1217,1516.6851,-135.8668,12.000,0,nan,nan
0.9930,352.5167,0,-8430.5995,1747.0893,-222.4756,nan,nan,nan,-0.9717,0.1860,0.1457,-0.1796,-0.9822,0.0557,0.1535,0.0279,0.9878,0.0000,0.0000,0.0000,-0.0000,0.0000,0.0000,-8248.1217,1516.6851,-135.8668,nan,nan,nan,-0.5980,0.7699,-0.2228,-0.1367,0.1760,0.9749,90.000,nan,nan,nan,0.0000,0.0000,0.0000,nan,nan,nan,-8248.1217,1516.6851,-135.8668,-8248.1217,1516.6851,-135.8668,12.000,0,nan,nan
1.0180,352.5334,0,-8430.5995,1747.0893,-222.4756,nan,nan,nan,-0.9717,0.1860,0.1457,-0.1796,-0.9822,0.0557,0.1535,0.0279,0.9878,0.0000,0.0000,0.0000,-0.0000,0.0000,0.0000,-8248.1217,1516.6851,-135.8668,nan,nan,nan,-0.5980,0.7699,-0.2228,-0.1367,0.1760,0.9749,90.000,nan,nan,nan,0.0000,0.0000,0.0000,nan,nan,nan,-8248.1217,1516.6851,-135.8668,-8248.1217,1516.6851,-135.8668,12.000,0,nan,nan
1.0430,352.5667,0,-8430.5995,1747.0893,-222.4756,nan,nan,nan,-0.9717,0.1860,0.1457,-0.1796,-0.9822,0.0557,0.1535,0.0279,0.9878,0.0000,0.0000,0.0000,-0.0000,0.0000,0.0000,-8248.1217,1516.6851,-135.8668,nan,nan,nan,-0.5980,0.7699,-0.2228,-0.1367,0.1760,0.9749,90.000,nan,nan,nan,0.0000,0.0000,0.0000,nan,nan,nan,-8248.1217,1516.6851,-135.8668,-8248.1217,1516.6851,-135.8668,12.000,0,nan,nan
1.0680,352.5834,0,-8430.5995,1747.0893,-222.4756,nan,nan,nan,-0.9717,0.1860,0.1457,-0.1796,-0.9822,0.0557,0.1535,0.0279,0.9878,0.0000,0.0000,0.0000,-0.0000,0.0000,0.0000,-8248.1217,1516.6851,-135.8668,nan,nan,nan,-0.5980,0.7699,-0.2228,-0.1367,0.1760,0.9749,90.000,nan,nan,nan,0.0000,0.0000,0.0000,nan,nan,nan,-8248.1217,1516.6851,-135.8668,-8248.1217,1516.6851,-135.8668,12.000,0,nan,nan
1.0920,352.6167,0,-8430.5995,1747.0893,-222.4756,nan,nan,nan,-0.9717,0.1860,0.1457,-0.1796,-0.9822,0.0557,0.1535,0.0279,0.9878,0.0000,0.0000,0.0000,-0.0000,0.0000,0.0000,-8248.1217,1516.6851,-135.8668,nan,nan,nan,-0.5980,0.7699,-0.2228,-0.1367,0.1760,0.9749,90.000,nan,nan,nan,0.0000,0.0000,0.0000,nan,nan,nan,-8248.1217,1516.6851,-135.8668,-8248.1217,1516.6851,-135.8668,12.000,0,nan,nan
1.1170,352.6334,0,-8430.5995,1747.0893,-222.4756,nan,nan,nan,-0.9717,0.1860,0.1457,-0.1796,-0.9822,0.0557,0.1535,0.0279,0.9878,0.0000,0.0000,0.0000,-0.0000,0.0000,0.0000,-8248.1217,1516.6851,-135.8668,nan,nan,nan,-0.5980,0.7699,-0.2228,-0.1367,0.1760,0.9749,90.000,nan,nan,nan,0.0000,0.0000,0.0000,nan,nan,nan,-8248.1217,1516.6851,-135.8668,-8248.1217,1516.6851,-135.8668,12.000,0,nan,nan
1.1420,352.6667,0,-8430.5995,1747.0893,-222.4756,nan,nan,nan,-0.9717,0.1860,0.1457,-0.1796,-0.9822,0.0557,0.1535,0.0279,0.9878,0.0000,0.0000,0.0000,-0.0000,0.0000,0.0000,-8248.1217,1516.6851,-135.8668,nan,nan,nan,-0.5980,0.7699,-0.2228,-0.1367,0.1760,0.9749,90.000,nan,nan,nan,0.0000,0.0000,0.0000,nan,nan,nan,-8248.1217,1516.6851,-135.8668,-8248.1217,1516.6851,-135.8668,12.000,0,nan,nan
1.1660,352.6834,0,-8430.5995,1747.0893,-222.4756,nan,nan,nan,-0.9717,0.1860,0.1457,-0.1796,-0.9822,0.0557,0.1535,0.0279,0.9878,0.0000,0.0000,0.0000,-0.0000,0.0000,0.0000,-8248.1217,1516.6851,-135.8668,nan,nan,nan,-0.5980,0.7699,-0.2228,-0.1367,0.1760,0.9749,90.000,nan,nan,nan,0.0000,0.0000,0.0000,nan,nan,nan,-8248.1217,1516.6851,-135.8668,-8248.1217,1516.6851,-135.8668,12.000,0,nan,nan
1.1920,352.7167,0,-8430.5995,1747.0893,-222.4756,nan,nan,nan,-0.9717,0.1860,0.1457,-0.1796,-0.9822,0.0557,0.1535,0.0279,0.9878,0.0000,0.0000,0.0000,-0.0000,0.0000,0.0000,-8248.1217,1516.6851,-135.8668,nan,nan,nan,-0.5980,0.7699,-0.2228,-0.1367,0.1760,0.9749,90.000,nan,nan,nan,0.0000,0.0000,0.0000,nan,nan,nan,-8248.1217,1516.6851,-135.8668,-8248.1217,1516.6851,-135.8668,12.000,0,nan,nan
1.2180,352.7334,0,-8430.5995,1747.0893,-222.4756,nan,nan,nan,-0.9717,0.1860,0.1457,-0.1796,-0.9822,0.0557,0.1535,0.0279,0.9878,0.0000,0.0000,0.0000,-0.0000,0.0000,0.0000,-8248.1217,1516.6851,-135.8668,nan,nan,nan,-0.5980,0.7699,-0.2228,-0.1367,0.1760,0.9749,90.000,nan,nan,nan,0.0000,0.0000,0.0000,nan,nan,nan,-8248.1217,1516.6851,-135.8668,-8248.1217,1516.6851,-135.8668,12.000,0,nan,nan
1.2420,352.7667,0,-8430.5995,1747.0893,-222.4756,nan,nan,nan,-0.9717,0.1860,0.1457,-0.1796,-0.9822,0.0557,0.1535,0.0279,0.9878,0.0000,0.0000,0.0000,-0.0000,0.0000,0.0000,-8248.1217,1516.6851,-135.8668,nan,nan,nan,-0.5980,0.7699,-0.2228,-0.1367,0.1760,0.9749,90.000,nan,nan,nan,0.0000,0.0000,0.0000,nan,nan,nan,-8248.1217,1516.6851,-135.8668,-8248.1217,1516.6851,-135.8668,12.000,0,nan,nan
1.2670,352.7834,0,-8430.5995,1747.0893,-222.4756,nan,nan,nan,-0.9717,0.1860,0.1457,-0.1796,-0.9822,0.0557,0.1535,0.0279,0.9878,0.0000,0.0000,0.0000,-0.0000,0.0000,0.0000,-8248.1217,1516.6851,-135.8668,nan,nan,nan,-0.5980,0.7699,-0.2228,-0.1367,0.1760,0.9749,90.000,nan,nan,nan,0.0000,0.0000,0.0000,nan,nan,nan,-8248.1217,1516.6851,-135.8668,-8248.1217,1516.6851,-135.8668,12.000,0,nan,nan
1.2920,352.8167,0,-8430.5995,1747.0893,-222.4756,nan,nan,nan,-0.9717,0.1860,0.1457,-0.1796,-0.9822,0.0557,0.1535,0.0279,0.9878,0.0000,0.0000,0.0000,-0.0000,0.0000,0.0000,-8248.1217,1516.6851,-135.8668,nan,nan,nan,-0.5980,0.7699,-0.2228,-0.1367,0.1760,0.9749,90.000,nan,nan,nan,0.0000,0.0000,0.0000,nan,nan,nan,-8248.1217,1516.6851,-135.8668,-8248.1217,1516.6851,-135.8668,12.000,0,nan,nan
1.3160,352.8334,0,-8430.5995,1747.0893,-222.4756,nan,nan,nan,-0.9717,0.1860,0.1457,-0.1796,-0.9822,0.0557,0.1535,0.0279,0.9878,0.0000,0.0000,0.0000,-0.0000,0.0000,0.0000,-8248.1217,1516.6851,-135.8668,nan,nan,nan,-0.5980,0.7699,-0.2228,-0.1367,0.1760,0.9749,90.000,nan,nan,nan,0.0000,0.0000,0.0000,nan,nan,nan,-8248.1217,1516.6851,-135.8668,-8248.1217,1516.6851,-135.8668,12.000,0,nan,nan
1.3420,352.8667,0,-8430.5995,1747.0893,-222.4756,nan,nan,nan,-0.9717,0.1860,0.1457,-0.1796,-0.9822,0.0557,0.1535,0.0279,0.9878,0.0000,0.0000,0.0000,-0.0000,0.0000,0.0000,-8248.1217,1516.6851,-135.8668,nan,nan,nan,-0.5980,0.7699,-0.2228,-0.1367,0.1760,0.9749,90.000,nan,nan,nan,0.0000,0.0000,0.0000,nan,nan,nan,-8248.1217,1516.6851,-135.8668,-8248.1217,1516.6851,-135.8668,12.000,0,nan,nan
1.3660,352.8834,0,-8430.5995,1747.0893,-222.4756,nan,nan,nan,-0.9717,0.1860,0.1457,-0.1796,-0.9822,0.0557,0.1535,0.0279,0.9878,0.0000,0.0000,0.0000,-0.0000,0.0000,0.0000,-8248.1217,1516.6851,-135.8668,nan,nan,nan,-0.5980,0.7699,-0.2228,-0.1367,0.1760,0.9749,90.000,nan,nan,nan,0.0000,0.0000,0.0000,nan,nan,nan,-8248.1217,1516.6851,-135.8668,-8248.1217,1516.6851,-135.8668,12.000,0,nan,nan
1.3920,352.9167,0,-8430.5995,1747.0893,-222.4756,nan,nan,nan,-0.9717,0.1860,0.1457,-0.1796,-0.9822,0.0557,0.1535,0.0279,0.9878,0.0000,0.0000,0.0000,-0.0000,0.0000,0.0000,-8248.1218,1516.6851,-135.8668,nan,nan,nan,-0.5980,0.7699,-0.2228,-0.1367,0.1760,0.9749,90.000,nan,nan,nan,0.0000,0.0000,0.0000,nan,nan,nan,-8248.1218,1516.6851,-135.8668,-8248.1218,1516.6851,-135.8668,12.000,0,nan,nan
1.4150,352.9334,0,-8430.5995,1747.0893,-222.4756,nan,nan,nan,-0.9717,0.1860,0.1457,-0.1796,-0.9822,0.0557,0.1535,0.0279,0.9878,0.0000,0.0000,0.0000,-0.0000,0.0000,0.0000,-8248.1218,1516.6851,-135.8668,nan,nan,nan,-0.5980,0.7699,-0.2228,-0.1367,0.1760,0.9749,90.000,nan,nan,nan,0.0000,0.0000,0.0000,nan,nan,nan,-8248.1218,1516.6851,-135.8668,-8248.1218,1516.6851,-135.8668,12.000,0,nan,nan
1.4400,352.9667,0,-8430.5995,1747.0893,-222.4756,nan,nan,nan,-0.9717,0.1860,0.1457,-0.1796,-0.9822,0.0557,0.1535,0.0279,0.9878,0.0000,0.0000,0.0000,-0.0000,0.0000,0.0000,-8248.1218,1516.6851,-135.8668,nan,nan,nan,-0.5980,0.7699,-0.2228,-0.1367,0.1760,0.9749,90.000,nan,nan,nan,0.0000,0.0000,0.0000,nan,nan,nan,-8248.1218,1516.6851,-135.8668,-8248.1218,1516.6851,-135.8668,12.000,0,nan,nan
1.4650,352.9834,0,-8430.5995,1747.0893,-222.4756,nan,nan,nan,-0.9717,0.1860,0.1457,-0.1796,-0.9822,0.0557,0.1535,0.0279,0.9878,0.0000,0.0000,0.0000,-0.0000,0.0000,0.0000,-8248.1218,1516.6851,-135.8668,nan,nan,nan,-0.5980,0.7699,-0.2228,-0.1367,0.1760,0.9749,90.000,nan,nan,nan,0.0000,0.0000,0.0000,nan,nan,nan,-8248.1218,1516.6851,-135.8668,-8248.1218,1516.6851,-135.8668,12.000,0,nan,nan
1.4900,353.0167,0,-8430.5995,1747.0893,-222.4756,nan,nan,nan,-0.9717,0.1860,0.1457,-0.1796,-0.9822,0.0557,0.1535,0.0279,0.9878,0.0000,0.0000,0.0000,-0.0000,0.0000,0.0000,-8248.1218,1516.6851,-135.8668,nan,nan,nan,-0.5980,0.7699,-0.2228,-0.1367,0.1760,0.9749,90.000,nan,nan,nan,0.0000,0.0000,0.0000,nan,nan,nan,-8248.1218,1516.6851,-135.8668,-8248.1218,1516.6851,-135.8668,12.000,0,nan,nan
1.5150,353.0334,0,-8430.5995,1747.0893,-222.4756,nan,nan,nan,-0.9717,0.1860,0.1457,-0.1796,-0.9822,0.0557,0.1535,0.0279,0.9878,0.0000,0.0000,0.0000,-0.0000,0.0000,0.0000,-8248.1218,1516.6851,-135.8668,nan,nan,nan,-0.5980,0.7699,-0.2228,-0.1367,0.1760,0.9749,90.000,nan,nan,nan,0.0000,0.0000,0.0000,nan,nan,nan,-8248.1218,1516.6851,-135.8668,-8248.1218,1516.6851,-135.8668,12.000,0,nan,nan
1.5380,353.0667,0,-8430.5995,1747.0893,-222.4756,nan,nan,nan,-0.9717,0.1860,0.1457,-0.1796,-0.9822,0.0557,0.1535,0.0279,0.9878,0.0000,0.0000,0.0000,-0.0000,0.0000,0.0000,-8248.1218,1516.6851,-135.8668,nan,nan,nan,-0.5980,0.7699,-0.2228,-0.1367,0.1760,0.9749,90.000,nan,nan,nan,0.0000,0.0000,0.0000,nan,nan,nan,-8248.1218,1516.6851,-135.8668,-8248.1218,1516.6851,-135.8668,12.000,0,nan,nan
1.5640,353.0834,0,-8430.5995,1747.0893,-222.4756,nan,nan,nan,-0.9717,0.1860,0.1457,-0.1796,-0.9822,0.0557,0.1535,0.0279,0.9878,0.0000,0.0000,0.0000,-0.0000,0.0000,0.0000,-8248.1218,1516.6851,-135.8668,nan,nan,nan,-0.5980,0.7699,-0.2228,-0.1367,0.1760,0.9749,90.000,nan,nan,nan,0.0000,0.0000,0.0000,nan,nan,nan,-8248.1218,1516.6851,-135.8668,-8248.1218,1516.6851,-135.8668,12.000,0,nan,nan
1.5890,353.1167,0,-8430.5995,1747.0893,-222.4756,nan,nan,nan,-0.9717,0.1860,0.1457,-0.1796,-0.9822,0.0557,0.1535,0.0279,0.9878,0.0000,0.0000,0.0000,-0.0000,0.0000,0.0000,-8248.1218,1516.6851,-135.8668,nan,nan,nan,-0.5980,0.7699,-0.2228,-0.1367,0.1760,0.9749,90.000,nan,nan,nan,0.0000,0.0000,0.0000,nan,nan,nan,-8248.1218,1516.6851,-135.8668,-8248.1218,1516.6851,-135.8668,12.000,0,nan,nan
1.6140,353.1334,0,-8430.5995,1747.0893,-222.4756,nan,nan,nan,-0.9717,0.1860,0.1457,-0.1796,-0.9822,0.0557,0.1535,0.0279,0.9878,0.0000,0.0000,0.0000,-0.0000,0.0000,0.0000,-8248.1218,1516.6851,-135.8668,nan,nan,nan,-0.5980,0.7699,-0.2228,-0.1367,0.1760,0.9749,90.000,nan,nan,nan,0.0000,0.0000,0.0000,nan,nan,nan,-8248.1218,1516.6851,-135.8668,-8248.1218,1516.6851,-135.8668,12.000,0,nan,nan
1.6380,353.1667,0,-8430.5995,1747.0893,-222.4756,nan,nan,nan,-0.9717,0.1860,0.1457,-0.1796,-0.9822,0.0557,0.1535,0.0279,0.9878,0.0000,0.0000,0.0000,-0.0000,0.0000,0.0000,-8248.1218,1516.6851,-135.8668,nan,nan,nan,-0.5980,0.7699,-0.2228,-0.1367,0.1760,0.9749,90.000,nan,nan,nan,0.0000,0.0000,0.0000,nan,nan,nan,-8248.1218,1516.6851,-135.8668,-8248.1218,1516.6851,-135.8668,12.000,0,nan,nan
1.6630,353.1834,0,-8430.5995,1747.0893,-222.4756,nan,nan,nan,-0.9717,0.1860,0.1457,-0.1796,-0.9822,0.0557,0.1535,0.0279,0.9878,0.0000,0.0000,0.0000,-0.0000,0.0000,0.0000,-8248.1218,1516.6851,-135.8668,nan,nan,nan,-0.5980,0.7699,-0.2228,-0.1367,0.1760,0.9749,90.000,nan,nan,nan,0.0000,0.0000,0.0000,nan,nan,nan,-8248.1218,1516.6851,-135.8668,-8248.1218,1516.6851,-135.8668,12.000,0,nan,nan
1.6890,353.2167,0,-8430.5995,1747.0893,-222.4756,nan,nan,nan,-0.9717,0.1860,0.1457,-0.1796,-0.9822,0.0557,0.1535,0.0279,0.9878,0.0000,0.0000,0.0000,-0.0000,0.0000,0.0000,-8248.1218,1516.6851,-135.8668,nan,nan,nan,-0.5980,0.7699,-0.2228,-0.1367,0.1760,0.9749,90.000,nan,nan,nan,0.0000,0.0000,0.0000,nan,nan,nan,-8248.1218,1516.6851,-135.8668,-8248.1218,1516.6851,-135.8668,12.000,0,nan,nan
1.7120,353.2334,0,-8430.5995,1747.0893,-222.4756,nan,nan,nan,-0.9717,0.1860,0.1457,-0.1796,-0.9822,0.0557,0.1535,0.0279,0.9878,0.0000,0.0000,0.0000,-0.0000,0.0000,0.0000,-8248.1218,1516.6851,-135.8668,nan,nan,nan,-0.5980,0.7699,-0.2228,-0.1367,0.1760,0.9749,90.000,nan,nan,nan,0.0000,0.0000,0.0000,nan,nan,nan,-8248.1218,1516.6851,-135.8668,-8248.1218,1516.6851,-135.8668,12.000,0,nan,nan
1.7390,353.2500,0,-8430.5995,1747.0893,-222.4756,nan,nan,nan,-0.9717,0.1860,0.1457,-0.1796,-0.9822,0.0557,0.1535,0.0279,0.9878,0.0000,0.0000,0.0000,-0.0000,0.0000,0.0000,-8248.1218,1516.6851,-135.8668,nan,nan,nan,-0.5980,0.7699,-0.2228,-0.1367,0.1760,0.9749,90.000,nan,nan,nan,0.0000,0.0000,0.0000,nan,nan,nan,-8248.1218,1516.6851,-135.8668,-8248.1218,1516.6851,-135.8668,12.000,0,nan,nan
1.7650,353.2834,0,-8430.5995,1747.0893,-222.4756,nan,nan,nan,-0.9717,0.1860,0.1457,-0.1796,-0.9822,0.0557,0.1535,0.0279,0.9878,0.0000,0.0000,0.0000,-0.0000,0.0000,0.0000,-8248.1218,1516.6851,-135.8668,nan,nan,nan,-0.5980,0.7699,-0.2228,-0.1367,0.1760,0.9749,90.000,nan,nan,nan,0.0000,0.0000,0.0000,nan,nan,nan,-8248.1218,1516.6851,-135.8668,-8248.1218,1516.6851,-135.8668,12.000,0,nan,nan
1.7890,353.3167,0,-8430.5995,1747.0893,-222.4756,nan,nan,nan,-0.9717,0.1860,0.1457,-0.1796,-0.9822,0.0557,0.1535,0.0279,0.9878,0.0000,0.0000,0.0000,-0.0000,0.0000,0.0000,-8248.1218,1516.6851,-135.8668,nan,nan,nan,-0.5980,0.7699,-0.2228,-0.1367,0.1760,0.9749,90.000,nan,nan,nan,0.0000,0.0000,0.0000,nan,nan,nan,-8248.1218,1516.6851,-135.8668,-8248.1218,1516.6851,-135.8668,12.000,0,nan,nan
1.8150,353.3334,0,-8430.5995,1747.0893,-222.4756,nan,nan,nan,-0.9717,0.1860,0.1457,-0.1796,-0.9822,0.0557,0.1535,0.0279,0.9878,0.0000,0.0000,0.0000,-0.0000,0.0000,0.0000,-8248.1218,1516.6851,-135.8668,nan,nan,nan,-0.5980,0.7699,-0.2228,-0.1367,0.1760,0.9749,90.000,nan,nan,nan,0.0000,0.0000,0.0000,nan,nan,nan,-8248.1218,1516.6851,-135.8668,-8248.1218,1516.6851,-135.8668,12.000,0,nan,nan
1.8410,353.3667,0,-8430.5995,1747.0893,-222.4756,nan,nan,nan,-0.9717,0.1860,0.1457,-0.1796,-0.9822,0.0557,0.1535,0.0279,0.9878,0.0000,0.0000,0.0000,-0.0000,0.0000,0.0000,-8248.1218,1516.6851,-135.8668,nan,nan,nan,-0.5980,0.7699,-0.2228,-0.1367,0.1760,0.9749,90.000,nan,nan,nan,0.0000,0.0000,0.0000,nan,nan,nan,-8248.1218,1516.6851,-135.8668,-8248.1218,1516.6851,-135.8668,12.000,0,nan,nan
1.8660,353.3834,0,-8430.5995,1747.0893,-222.4756,nan,nan,nan,-0.9717,0.1860,0.1457,-0.1796,-0.9822,0.0557,0.1535,0.0279,0.9878,0.0000,0.0000,0.0000,-0.0000,0.0000,0.0000,-8248.1218,1516.6851,-135.8668,nan,nan,nan,-0.5980,0.7699,-0.2228,-0.1367,0.1760,0.9749,90.000,nan,nan,nan,0.0000,0.0000,0.0000,nan,nan,nan,-8248.1218,1516.6851,-135.8668,-8248.1218,1516.6851,-135.8668,12.000,0,nan,nan
1.8910,353.4167,0,-8430.5995,1747.0893,-222.4756,nan,nan,nan,-0.9717,0.1860,0.1457,-0.1796,-0.9822,0.0557,0.1535,0.0279,0.9878,0.0000,0.0000,0.0000,-0.0000,0.0000,0.0000,-8248.1218,1516.6851,-135.8668,nan,nan,nan,-0.5980,0.7699,-0.2228,-0.1367,0.1760,0.9749,90.000,nan,nan,nan,0.0000,0.0000,0.0000,nan,nan,nan,-8248.1218,1516.6851,-135.8668,-8248.1218,1516.6851,-135.8668,12.000,0,nan,nan
1.9150,353.4334,0,-8430.5995,1747.0893,-222.4756,nan,nan,nan,-0.9717,0.1860,0.1457,-0.1796,-0.9822,0.0557,0.1535,0.0279,0.9878,0.0000,0.0000,0.0000,-0.0000,0.0000,0.0000,-8248.1218,1516.6851,-135.8668,nan,nan,nan,-0.5980,0.7699,-0.2228,-0.1367,0.1760,0.9749,90.000,nan,nan,nan,0.0000,0.0000,0.0000,nan,nan,nan,-8248.1218,1516.6851,-135.8668,-8248.1218,1516.6851,-135.8668,12.000,0,nan,nan
1.9410,353.4667,0,-8430.5995,1747.0893,-222.4756,nan,nan,nan,-0.9717,0.1860,0.1457,-0.1796,-0.9822,0.0557,0.1535,0.0279,0.9878,0.0000,0.0000,0.0000,-0.0000,0.0000,0.0000,-8248.1218,1516.6851,-135.8668,nan,nan,nan,-0.5980,0.7699,-0.2228,-0.1367,0.1760,0.9749,90.000,nan,nan,nan,0.0000,0.0000,0.0000,nan,nan,nan,-8248.1218,1516.6851,-135.8668,-8248.1218,1516.6851,-135.8668,12.000,0,nan,nan
1.9650,353.4834,0,-8430.5995,1747.0893,-222.4756,nan,nan,nan,-0.9717,0.1860,0.1457,-0.1796,-0.9822,0.0557,0.1535,0.0279,0.9878,0.0000,0.0000,0.0000,-0.0000,0.0000,0.0000,-8248.1218,1516.6851,-135.8668,nan,nan,nan,-0.5980,0.7699,-0.2228,-0.1367,0.1760,0.9749,90.000,nan,nan,nan,0.0000,0.0000,0.0000,nan,nan,nan,-8248.1218,1516.6851,-135.8668,-8248.1218,1516.6851,-135.8668,12.000,0,nan,nan
1.9900,353.5167,0,-8430.5995,1747.0893,-222.4756,nan,nan,nan,-0.9717,0.1860,0.1457,-0.1796,-0.9822,0.0557,0.1535,0.0279,0.9878,0.0000,0.0000,0.0000,-0.0000,0.0000,0.0000,-8248.1218,1516.6851,-135.8668,nan,nan,nan,-0.5980,0.7699,-0.2228,-0.1367,0.1760,0.9749,90.000,nan,nan,nan,0.0000,0.0000,0.0000,nan,nan,nan,-8248.1218,1516.6851,-135.8668,-8248.1218,1516.6851,-135.8668,12.000,0,nan,nan
2.0150,353.5334,0,-8430.5995,1747.0893,-222.4756,nan,nan,nan,-0.9717,0.1860,0.1457,-0.1796,-0.9822,0.0557,0.1535,0.0279,0.9878,0.0000,0.0000,0.0000,-0.0000,0.0000,0.0000,-8248.1219,1516.6852,-135.8667,nan,nan,nan,-0.5980,0.7699,-0.2228,-0.1367,0.1760,0.9749,90.000,nan,nan,nan,0.0000,0.0000,0.0000,nan,nan,nan,-8248.1219,1516.6852,-135.8667,-8248.1219,1516.6852,-135.8667,12.000,0,nan,nan
2.0410,353.5667,0,-8430.5995,1747.0893,-222.4756,nan,nan,nan,-0.9717,0.1860,0.1457,-0.1796,-0.9822,0.0557,0.1535,0.0279,0.9878,0.0000,0.0000,0.0000,-0.0000,0.0000,0.0000,-8248.1219,1516.6852,-135.8667,nan,nan,nan,-0.5980,0.7699,-0.2228,-0.1367,0.1760,0.9749,90.000,nan,nan,nan,0.0000,0.0000,0.0000,nan,nan,nan,-8248.1219,1516.6852,-135.8667,-8248.1219,1516.6852,-135.8667,12.000,0,nan,nan
2.0650,353.5834,0,-8430.5995,1747.0893,-222.4756,nan,nan,nan,-0.9717,0.1860,0.1457,-0.1796,-0.9822,0.0557,0.1535,0.0279,0.9878,0.0000,0.0000,0.0000,-0.0000,0.0000,0.0000,-8248.1219,1516.6852,-135.8667,nan,nan,nan,-0.5980,0.7699,-0.2228,-0.1367,0.1760,0.9749,90.000,nan,nan,nan,0.0000,0.0000,0.0000,nan,nan,nan,-8248.1219,1516.6852,-135.8667,-8248.1219,1516.6852,-135.8667,12.000,0,nan,nan
2.0900,353.6167,0,-8430.5995,1747.0893,-222.4756,nan,nan,nan,-0.9717,0.1860,0.1457,-0.1796,-0.9822,0.0557,0.1535,0.0279,0.9878,0.0000,0.0000,0.0000,-0.0000,0.0000,0.0000,-8248.1219,1516.6852,-135.8667,nan,nan,nan,-0.5980,0.7699,-0.2228,-0.1367,0.1760,0.9749,90.000,nan,nan,nan,0.0000,0.0000,0.0000,nan,nan,nan,-8248.1219,1516.6852,-135.8667,-8248.1219,1516.6852,-135.8667,12.000,0,nan,nan
2.1150,353.6334,0,-8430.5995,1747.0893,-222.4756,nan,nan,nan,-0.9717,0.1860,0.1457,-0.1796,-0.9822,0.0557,0.1535,0.0279,0.9878,0.0000,0.0000,0.0000,-0.0000,0.0000,0.0000,-8248.1219,1516.6852,-135.8667,nan,nan,nan,-0.5980,0.7699,-0.2228,-0.1367,0.1760,0.9749,90.000,nan,nan,nan,0.0000,0.0000,0.0000,nan,nan,nan,-8248.1219,1516.6852,-135.8667,-8248.1219,1516.6852,-135.8667,12.000,0,nan,nan
2.1380,353.6667,0,-8430.5995,1747.0893,-222.4756,nan,nan,nan,-0.9717,0.1860,0.1457,-0.1796,-0.9822,0.0557,0.1535,0.0279,0.9878,0.0000,0.0000,0.0000,-0.0000,0.0000,0.0000,-8248.1219,1516.6852,-135.8667,nan,nan,nan,-0.5980,0.7699,-0.2228,-0.1367,0.1760,0.9749,90.000,nan,nan,nan,0.0000,0.0000,0.0000,nan,nan,nan,-8248.1219,1516.6852,-135.8667,-8248.1219,1516.6852,-135.8667,12.000,0,nan,nan
2.1630,353.6834,0,-8430.5995,1747.0893,-222.4756,nan,nan,nan,-0.9717,0.1860,0.1457,-0.1796,-0.9822,0.0557,0.1535,0.0279,0.9878,0.0000,0.0000,0.0000,-0.0000,0.0000,0.0000,-8248.1219,1516.6852,-135.8667,nan,nan,nan,-0.5980,0.7699,-0.2228,-0.1367,0.1760,0.9749,90.000,nan,nan,nan,0.0000,0.0000,0.0000,nan,nan,nan,-8248.1219,1516.6852,-135.8667,-8248.1219,1516.6852,-135.8667,12.000,0,nan,nan
2.1880,353.7167,0,-8430.5995,1747.0893,-222.4756,nan,nan,nan,-0.9717,0.1860,0.1457,-0.1796,-0.9822,0.0557,0.1535,0.0279,0.9878,0.0000,0.0000,0.0000,-0.0000,0.0000,0.0000,-8248.1219,1516.6852,-135.8667,nan,nan,nan,-0.5980,0.7699,-0.2228,-0.1367,0.1760,0.9749,90.000,nan,nan,nan,0.0000,0.0000,0.0000,nan,nan,nan,-8248.1219,1516.6852,-135.8667,-8248.1219,1516.6852,-135.8667,12.000,0,nan,nan
2.2110,353.7334,0,-8430.5995,1747.0893,-222.4756,nan,nan,nan,-0.9717,0.1860,0.1457,-0.1796,-0.9822,0.0557,0.1535,0.0279,0.9878,0.0000,0.0000,0.0000,-0.0000,0.0000,0.0000,-8248.1219,1516.6852,-135.8667,nan,nan,nan,-0.5980,0.7699,-0.2228,-0.1367,0.1760,0.9749,90.000,nan,nan,nan,0.0000,0.0000,0.0000,nan,nan,nan,-8248.1219,1516.6852,-135.8667,-8248.1219,1516.6852,-135.8667,12.000,0,nan,nan
2.2410,353.7500,0,-8430.5995,1747.0893,-222.4756,nan,nan,nan,-0.9717,0.1860,0.1457,-0.1796,-0.9822,0.0557,0.1535,0.0279,0.9878,0.0000,0.0000,0.0000,-0.0000,0.0000,0.0000,-8248.1219,1516.6852,-135.8667,nan,nan,nan,-0.5980,0.7699,-0.2228,-0.1367,0.1760,0.9749,90.000,nan,nan,nan,0.0000,0.0000,0.0000,nan,nan,nan,-8248.1219,1516.6852,-135.8667,-8248.1219,1516.6852,-135.8667,12.000,0,nan,nan
2.2670,353.7834,0,-8430.5995,1747.0893,-222.4756,nan,nan,nan,-0.9717,0.1860,0.1457,-0.1796,-0.9822,0.0557,0.1535,0.0279,0.9878,0.0000,0.0000,0.0000,-0.0000,0.0000,0.0000,-8248.1219,1516.6852,-135.8667,nan,nan,nan,-0.5980,0.7699,-0.2228,-0.1367,0.1760,0.9749,90.000,nan,nan,nan,0.0000,0.0000,0.0000,nan,nan,nan,-8248.1219,1516.6852,-135.8667,-8248.1219,1516.6852,-135.8667,12.000,0,nan,nan
2.2920,353.8167,0,-8430.5995,1747.0893,-222.4756,nan,nan,nan,-0.9717,0.1860,0.1457,-0.1796,-0.9822,0.0557,0.1535,0.0279,0.9878,0.0000,0.0000,0.0000,-0.0000,0.0000,0.0000,-8248.1219,1516.6852,-135.8667,nan,nan,nan,-0.5980,0.7699,-0.2228,-0.1367,0.1760,0.9749,90.000,nan,nan,nan,0.0000,0.0000,0.0000,nan,nan,nan,-8248.1219,1516.6852,-135.8667,-8248.1219,1516.6852,-135.8667,12.000,0,nan,nan
2.3180,353.8334,0,-8430.5995,1747.0893,-222.4756,nan,nan,nan,-0.9717,0.1860,0.1457,-0.1796,-0.9822,0.0557,0.1535,0.0279,0.9878,0.0000,0.0000,0.0000,-0.0000,0.0000,0.0000,-8248.1219,1516.6852,-135.8667,nan,nan,nan,-0.5980,0.7699,-0.2228,-0.1367,0.1760,0.9749,90.000,nan,nan,nan,0.0000,0.0000,0.0000,nan,nan,nan,-8248.1219,1516.6852,-135.8667,-8248.1219,1516.6852,-135.8667,12.000,0,nan,nan
2.3420,353.8667,0,-8430.5995,1747.0893,-222.4756,nan,nan,nan,-0.9717,0.1860,0.1457,-0.1796,-0.9822,0.0557,0.1535,0.0279,0.9878,0.0000,0.0000,0.0000,-0.0000,0.0000,0.0000,-8248.1219,1516.6852,-135.8667,nan,nan,nan,-0.5980,0.7699,-0.2228,-0.1367,0.1760,0.9749,90.000,nan,nan,nan,0.0000,0.0000,0.0000,nan,nan,nan,-8248.1219,1516.6852,-135.8667,-8248.1219,1516.6852,-135.8667,12.000,0,nan,nan
2.3660,353.8834,0,-8430.5995,1747.0893,-222.4756,nan,nan,nan,-0.9717,0.1860,0.1457,-0.1796,-0.9822,0.0557,0.1535,0.0279,0.9878,0.0000,0.0000,0.0000,-0.0000,0.0000,0.0000,-8248.1219,1516.6852,-135.8667,nan,nan,nan,-0.5980,0.7699,-0.2228,-0.1367,0.1760,0.9749,90.000,nan,nan,nan,0.0000,0.0000,0.0000,nan,nan,nan,-8248.1219,1516.6852,-135.8667,-8248.1219,1516.6852,-135.8667,12.000,0,nan,nan
2.3910,353.9167,0,-8430.5995,1747.0893,-222.4756,nan,nan,nan,-0.9717,0.1860,0.1457,-0.1796,-0.9822,0.0557,0.1535,0.0279,0.9878,0.0000,0.0000,0.0000,-0.0000,0.0000,0.0000,-8248.1219,1516.6852,-135.8667,nan,nan,nan,-0.5980,0.7699,-0.2228,-0.1367,0.1760,0.9749,90.000,nan,nan,nan,0.0000,0.0000,0.0000,nan,nan,nan,-8248.1219,1516.6852,-135.8667,-8248.1219,1516.6852,-135.8667,12.000,0,nan,nan
2.4170,353.9334,0,-8430.5995,1747.0893,-222.4756,nan,nan,nan,-0.9717,0.1860,0.1457,-0.1796,-0.9822,0.0557,0.1535,0.0279,0.9878,0.0000,0.0000,0.0000,-0.0000,0.0000,0.0000,-8248.1219,1516.6852,-135.8667,nan,nan,nan,-0.5980,0.7699,-0.2228,-0.1367,0.1760,0.9749,90.000,nan,nan,nan,0.0000,0.0000,0.0000,nan,nan,nan,-8248.1219,1516.6852,-135.8667,-8248.1219,1516.6852,-135.8667,12.000,0,nan,nan
2.4410,353.9667,0,-8430.5995,1747.0893,-222.4756,nan,nan,nan,-0.9717,0.1860,0.1457,-0.1796,-0.9822,0.0557,0.1535,0.0279,0.9878,0.0000,0.0000,0.0000,-0.0000,0.0000,0.0000,-8248.1219,1516.6852,-135.8667,nan,nan,nan,-0.5980,0.7699,-0.2228,-0.1367,0.1760,0.9749,90.000,nan,nan,nan,0.0000,0.0000,0.0000,nan,nan,nan,-8248.1219,1516.6852,-135.8667,-8248.1219,1516.6852,-135.8667,12.000,0,nan,nan
2.4660,353.9834,0,-8430.5995,1747.0893,-222.4756,nan,nan,nan,-0.9717,0.1860,0.1457,-0.1796,-0.9822,0.0557,0.1535,0.0279,0.9878,0.0000,0.0000,0.0000,-0.0000,0.0000,0.0000,-8248.1219,1516.6852,-135.8667,nan,nan,nan,-0.5980,0.7699,-0.2228,-0.1367,0.1760,0.9749,90.000,nan,nan,nan,0.0000,0.0000,0.0000,nan,nan,nan,-8248.1219,1516.6852,-135.8667,-8248.1219,1516.6852,-135.8667,12.000,0,nan,nan
2.4900,354.0167,0,-8430.5995,1747.0893,-222.4756,nan,nan,nan,-0.9717,0.1860,0.1457,-0.1796,-0.9822,0.0557,0.1535,0.0279,0.9878,0.0000,0.0000,0.0000,-0.0000,0.0000,0.0000,-8248.1219,1516.6852,-135.8667,nan,nan,nan,-0.5980,0.7699,-0.2228,-0.1367,0.1760,0.9749,90.000,nan,nan,nan,0.0000,0.0000,0.0000,nan,nan,nan,-8248.1219,1516.6852,-135.8667,-8248.1219,1516.6852,-135.8667,12.000,0,nan,nan
2.5160,354.0334,0,-8430.5995,1747.0893,-222.4756,nan,nan,nan,-0.9717,0.1860,0.1457,-0.1796,-0.9822,0.0557,0.1535,0.0279,0.9878,0.0000,0.0000,0.0000,-0.0000,0.0000,0.0000,-8248.1219,1516.6852,-135.8667,nan,nan,nan,-0.5980,0.7699,-0.2228,-0.1367,0.1760,0.9749,90.000,nan,nan,nan,0.0000,0.0000,0.0000,nan,nan,nan,-8248.1219,1516.6852,-135.8667,-8248.1219,1516.6852,-135.8667,12.000,0,nan,nan
2.5400,354.0667,0,-8430.5995,1747.0893,-222.4756,nan,nan,nan,-0.9717,0.1860,0.1457,-0.1796,-0.9822,0.0557,0.1535,0.0279,0.9878,0.0000,0.0000,0.0000,-0.0000,0.0000,0.0000,-8248.1219,1516.6852,-135.8667,nan,nan,nan,-0.5980,0.7699,-0.2228,-0.1367,0.1760,0.9749,90.000,nan,nan,nan,0.0000,0.0000,0.0000,nan,nan,nan,-8248.1219,1516.6852,-135.8667,-8248.1219,1516.6852,-135.8667,12.000,0,nan,nan
2.5660,354.0834,0,-8430.5995,1747.0893,-222.4756,nan,nan,nan,-0.9717,0.1860,0.1457,-0.1796,-0.9822,0.0557,0.1535,0.0279,0.9878,0.0000,0.0000,0.0000,-0.0000,0.0000,0.0000,-8248.1219,1516.6852,-135.8667,nan,nan,nan,-0.5980,0.7699,-0.2228,-0.1367,0.1760,0.9749,90.000,nan,nan,nan,0.0000,0.0000,0.0000,nan,nan,nan,-8248.1219,1516.6852,-135.8667,-8248.1219,1516.6852,-135.8667,12.000,0,nan,nan
2.5900,354.1167,0,-8430.5995,1747.0893,-222.4756,nan,nan,nan,-0.9717,0.1860,0.1457,-0.1796,-0.9822,0.0557,0.1535,0.0279,0.9878,0.0000,0.0000,0.0000,-0.0000,0.0000,0.0000,-8248.1219,1516.6852,-135.8667,nan,nan,nan,-0.5980,0.7699,-0.2228,-0.1367,0.1760,0.9749,90.000,nan,nan,nan,0.0000,0.0000,0.0000,nan,nan,nan,-8248.1219,1516.6852,-135.8667,-8248.1219,1516.6852,-135.8667,12.000,0,nan,nan
2.6140,354.1334,0,-8430.5995,1747.0893,-222.4756,nan,nan,nan,-0.9717,0.1860,0.1457,-0.1796,-0.9822,0.0557,0.1535,0.0279,0.9878,0.0000,0.0000,0.0000,-0.0000,0.0000,0.0000,-8248.1219,1516.6852,-135.8667,nan,nan,nan,-0.5980,0.7699,-0.2228,-0.1367,0.1760,0.9749,90.000,nan,nan,nan,0.0000,0.0000,0.0000,nan,nan,nan,-8248.1219,1516.6852,-135.8667,-8248.1219,1516.6852,-135.8667,12.000,0,nan,nan
2.6390,354.1667,0,-8430.5995,1747.0893,-222.4756,nan,nan,nan,-0.9717,0.1860,0.1457,-0.1796,-0.9822,0.0557,0.1535,0.0279,0.9878,0.0000,0.0000,0.0000,-0.0000,0.0000,0.0000,-8248.1219,1516.6852,-135.8667,nan,nan,nan,-0.5980,0.7699,-0.2228,-0.1367,0.1760,0.9749,90.000,nan,nan,nan,0.0000,0.0000,0.0000,nan,nan,nan,-8248.1219,1516.6852,-135.8667,-8248.1219,1516.6852,-135.8667,12.000,0,nan,nan
2.6640,354.1834,0,-8430.5995,1747.0893,-222.4756,nan,nan,nan,-0.9717,0.1860,0.1457,-0.1796,-0.9822,0.0557,0.1535,0.0279,0.9878,0.0000,0.0000,0.0000,-0.0000,0.0000,0.0000,-8248.1219,1516.6852,-135.8667,nan,nan,nan,-0.5980,0.7699,-0.2228,-0.1367,0.1760,0.9749,90.000,nan,nan,nan,0.0000,0.0000,0.0000,nan,nan,nan,-8248.1219,1516.6852,-135.8667,-8248.1219,1516.6852,-135.8667,12.000,0,nan,nan
2.6900,354.2167,0,-8430.5995,1747.0893,-222.4756,nan,nan,nan,-0.9717,0.1860,0.1457,-0.1796,-0.9822,0.0557,0.1535,0.0279,0.9878,0.0000,0.0000,0.0000,-0.0000,0.0000,0.0000,-8248.1219,1516.6852,-135.8667,nan,nan,nan,-0.5980,0.7699,-0.2228,-0.1367,0.1760,0.9749,90.000,nan,nan,nan,0.0000,0.0000,0.0000,nan,nan,nan,-8248.1219,1516.6852,-135.8667,-8248.1219,1516.6852,-135.8667,12.000,0,nan,nan
2.7140,354.2334,0,-8430.5995,1747.0893,-222.4756,nan,nan,nan,-0.9717,0.1860,0.1457,-0.1796,-0.9822,0.0557,0.1535,0.0279,0.9878,0.0000,0.0000,0.0000,-0.0000,0.0000,0.0000,-8248.1219,1516.6852,-135.8667,nan,nan,nan,-0.5980,0.7699,-0.2228,-0.1367,0.1760,0.9749,90.000,nan,nan,nan,0.0000,0.0000,0.0000,nan,nan,nan,-8248.1219,1516.6852,-135.8667,-8248.1219,1516.6852,-135.8667,12.000,0,nan,nan
2.7400,354.2667,0,-8430.5995,1747.0893,-222.4756,nan,nan,nan,-0.9717,0.1860,0.1457,-0.1796,-0.9822,0.0557,0.1535,0.0279,0.9878,0.0000,0.0000,0.0000,-0.0000,0.0000,0.0000,-8248.1219,1516.6852,-135.8667,nan,nan,nan,-0.5980,0.7699,-0.2228,-0.1367,0.1760,0.9749,90.000,nan,nan,nan,0.0000,0.0000,0.0000,nan,nan,nan,-8248.1219,1516.6852,-135.8667,-8248.1219,1516.6852,-135.8667,12.000,0,nan,nan
2.7650,354.2834,0,-8430.5995,1747.0893,-222.4756,nan,nan,nan,-0.9717,0.1860,0.1457,-0.1796,-0.9822,0.0557,0.1535,0.0279,0.9878,0.0000,0.0000,0.0000,-0.0000,0.0000,0.0000,-8248.1219,1516.6852,-135.8667,nan,nan,nan,-0.5980,0.7699,-0.2228,-0.1367,0.1760,0.9749,90.000,nan,nan,nan,0.0000,0.0000,0.0000,nan,nan,nan,-8248.1219,1516.6852,-135.8667,-8248.1219,1516.6852,-135.8667,12.000,0,nan,nan
2.7890,354.3167,0,-8430.5995,1747.0893,-222.4756,nan,nan,nan,-0.9717,0.1860,0.1457,-0.1796,-0.9822,0.0557,0.1535,0.0279,0.9878,0.0000,0.0000,0.0000,-0.0000,0.0000,0.0000,-8248.1219,1516.6852,-135.8667,nan,nan,nan,-0.5980,0.7699,-0.2228,-0.1367,0.1760,0.9749,90.000,nan,nan,nan,0.0000,0.0000,0.0000,nan,nan,nan,-8248.1219,1516.6852,-135.8667,-8248.1219,1516.6852,-135.8667,12.000,0,nan,nan
2.8140,354.3334,0,-8430.5995,1747.0893,-222.4756,nan,nan,nan,-0.9717,0.1860,0.1457,-0.1796,-0.9822,0.0557,0.1535,0.0279,0.9878,0.0000,0.0000,0.0000,-0.0000,0.0000,0.0000,-8248.1219,1516.6852,-135.8667,nan,nan,nan,-0.5980,0.7699,-0.2228,-0.1367,0.1760,0.9749,90.000,nan,nan,nan,0.0000,0.0000,0.0000,nan,nan,nan,-8248.1219,1516.6852,-135.8667,-8248.1219,1516.6852,-135.8667,12.000,0,nan,nan
2.8380,354.3667,0,-8430.5995,1747.0893,-222.4756,nan,nan,nan,-0.9717,0.1860,0.1457,-0.1796,-0.9822,0.0557,0.1535,0.0279,0.9878,0.0000,0.0000,0.0000,-0.0000,0.0000,0.0000,-8248.1219,1516.6852,-135.8667,nan,nan,nan,-0.5980,0.7699,-0.2228,-0.1367,0.1760,0.9749,90.000,nan,nan,nan,0.0000,0.0000,0.0000,nan,nan,nan,-8248.1219,1516.6852,-135.8667,-8248.1219,1516.6852,-135.8667,12.000,0,nan,nan
2.8630,354.3834,0,-8430.5995,1747.0893,-222.4756,nan,nan,nan,-0.9717,0.1860,0.1457,-0.1796,-0.9822,0.0557,0.1535,0.0279,0.9878,0.0000,0.0000,0.0000,-0.0000,0.0000,0.0000,-8248.1219,1516.6852,-135.8667,nan,nan,nan,-0.5980,0.7699,-0.2228,-0.1367,0.1760,0.9749,90.000,nan,nan,nan,0.0000,0.0000,0.0000,nan,nan,nan,-8248.1219,1516.6852,-135.8667,-8248.1219,1516.6852,-135.8667,12.000,0,nan,nan
2.8880,354.4167,0,-8430.5995,1747.0893,-222.4756,nan,nan,nan,-0.9717,0.1860,0.1457,-0.1796,-0.9822,0.0557,0.1535,0.0279,0.9878,0.0000,0.0000,0.0000,-0.0000,0.0000,0.0000,-8248.1219,1516.6852,-135.8667,nan,nan,nan,-0.5980,0.7699,-0.2228,-0.1367,0.1760,0.9749,90.000,nan,nan,nan,0.0000,0.0000,0.0000,nan,nan,nan,-8248.1219,1516.6852,-135.8667,-8248.1219,1516.6852,-135.8667,12.000,0,nan,nan
2.9120,354.4334,0,-8430.5995,1747.0893,-222.4756,nan,nan,nan,-0.9717,0.1860,0.1457,-0.1796,-0.9822,0.0557,0.1535,0.0279,0.9878,0.0000,0.0000,0.0000,-0.0000,0.0000,0.0000,-8248.1219,1516.6852,-135.8667,nan,nan,nan,-0.5980,0.7699,-0.2228,-0.1367,0.1760,0.9749,90.000,nan,nan,nan,0.0000,0.0000,0.0000,nan,nan,nan,-8248.1219,1516.6852,-135.8667,-8248.1219,1516.6852,-135.8667,12.000,0,nan,nan
2.9370,354.4500,0,-8430.5995,1747.0893,-222.4756,nan,nan,nan,-0.9717,0.1860,0.1457,-0.1796,-0.9822,0.0557,0.1535,0.0279,0.9878,0.0000,0.0000,0.0000,-0.0000,0.0000,0.0000,-8248.1219,1516.6852,-135.8667,nan,nan,nan,-0.5980,0.7699,-0.2228,-0.1367,0.1760,0.9749,90.000,nan,nan,nan,0.0000,0.0000,0.0000,nan,nan,nan,-8248.1219,1516.6852,-135.8667,-8248.1219,1516.6852,-135.8667,12.000,0,nan,nan
2.9620,354.4834,0,-8430.5995,1747.0893,-222.4756,nan,nan,nan,-0.9717,0.1860,0.1457,-0.1796,-0.9822,0.0557,0.1535,0.0279,0.9878,0.0000,0.0000,0.0000,-0.0000,0.0000,0.0000,-8248.1219,1516.6852,-135.8667,nan,nan,nan,-0.5980,0.7699,-0.2228,-0.1367,0.1760,0.9749,90.000,nan,nan,nan,0.0000,0.0000,0.0000,nan,nan,nan,-8248.1219,1516.6852,-135.8667,-8248.1219,1516.6852,-135.8667,12.000,0,nan,nan
2.9870,354.5000,0,-8430.5995,1747.0893,-222.4756,nan,nan,nan,-0.9717,0.1860,0.1457,-0.1796,-0.9822,0.0557,0.1535,0.0279,0.9878,0.0000,0.0000,0.0000,-0.0000,0.0000,0.0000,-8248.1219,1516.6852,-135.8667,nan,nan,nan,-0.5980,0.7699,-0.2228,-0.1367,0.1760,0.9749,90.000,nan,nan,nan,0.0000,0.0000,0.0000,nan,nan,nan,-8248.1219,1516.6852,-135.8667,-8248.1219,1516.6852,-135.8667,12.000,0,nan,nan
3.0120,354.5334,0,-8430.5995,1747.0893,-222.4756,nan,nan,nan,-0.9717,0.1860,0.1457,-0.1796,-0.9822,0.0557,0.1535,0.0279,0.9878,0.0000,0.0000,0.0000,-0.0000,0.0000,0.0000,-8248.1220,1516.6852,-135.8667,nan,nan,nan,-0.5980,0.7699,-0.2228,-0.1367,0.1760,0.9749,90.000,nan,nan,nan,0.0000,0.0000,0.0000,nan,nan,nan,-8248.1220,1516.6852,-135.8667,-8248.1220,1516.6852,-135.8667,12.000,0,nan,nan
3.0360,354.5500,0,-8430.5995,1747.0893,-222.4756,nan,nan,nan,-0.9717,0.1860,0.1457,-0.1796,-0.9822,0.0557,0.1535,0.0279,0.9878,0.0000,0.0000,0.0000,-0.0000,0.0000,0.0000,-8248.1220,1516.6852,-135.8667,nan,nan,nan,-0.5980,0.7699,-0.2228,-0.1367,0.1760,0.9749,90.000,nan,nan,nan,0.0000,0.0000,0.0000,nan,nan,nan,-8248.1220,1516.6852,-135.8667,-8248.1220,1516.6852,-135.8667,12.000,0,nan,nan
3.0600,354.5834,0,-8430.5995,1747.0893,-222.4756,nan,nan,nan,-0.9717,0.1860,0.1457,-0.1796,-0.9822,0.0557,0.1535,0.0279,0.9878,0.0000,0.0000,0.0000,-0.0000,0.0000,0.0000,-8248.1220,1516.6852,-135.8667,nan,nan,nan,-0.5980,0.7699,-0.2228,-0.1367,0.1760,0.9749,90.000,nan,nan,nan,0.0000,0.0000,0.0000,nan,nan,nan,-8248.1220,1516.6852,-135.8667,-8248.1220,1516.6852,-135.8667,12.000,0,nan,nan
3.0860,354.6000,0,-8430.5995,1747.0893,-222.4756,nan,nan,nan,-0.9717,0.1860,0.1457,-0.1796,-0.9822,0.0557,0.1535,0.0279,0.9878,0.0000,0.0000,0.0000,-0.0000,0.0000,0.0000,-8248.1220,1516.6852,-135.8667,nan,nan,nan,-0.5980,0.7699,-0.2228,-0.1367,0.1760,0.9749,90.000,nan,nan,nan,0.0000,0.0000,0.0000,nan,nan,nan,-8248.1220,1516.6852,-135.8667,-8248.1220,1516.6852,-135.8667,12.000,0,nan,nan
3.1120,354.6334,0,-8430.5995,1747.0893,-222.4756,nan,nan,nan,-0.9717,0.1860,0.1457,-0.1796,-0.9822,0.0557,0.1535,0.0279,0.9878,0.0000,0.0000,0.0000,-0.0000,0.0000,0.0000,-8248.1220,1516.6852,-135.8667,nan,nan,nan,-0.5980,0.7699,-0.2228,-0.1367,0.1760,0.9749,90.000,nan,nan,nan,0.0000,0.0000,0.0000,nan,nan,nan,-8248.1220,1516.6852,-135.8667,-8248.1220,1516.6852,-135.8667,12.000,0,nan,nan
3.1370,354.6500,0,-8430.5995,1747.0893,-222.4756,nan,nan,nan,-0.9717,0.1860,0.1457,-0.1796,-0.9822,0.0557,0.1535,0.0279,0.9878,0.0000,0.0000,0.0000,-0.0000,0.0000,0.0000,-8248.1220,1516.6852,-135.8667,nan,nan,nan,-0.5980,0.7699,-0.2228,-0.1367,0.1760,0.9749,90.000,nan,nan,nan,0.0000,0.0000,0.0000,nan,nan,nan,-8248.1220,1516.6852,-135.8667,-8248.1220,1516.6852,-135.8667,12.000,0,nan,nan
3.1620,354.6834,0,-8430.5995,1747.0893,-222.4756,nan,nan,nan,-0.9717,0.1860,0.1457,-0.1796,-0.9822,0.0557,0.1535,0.0279,0.9878,0.0000,0.0000,0.0000,-0.0000,0.0000,0.0000,-8248.1220,1516.6852,-135.8667,nan,nan,nan,-0.5980,0.7699,-0.2228,-0.1367,0.1760,0.9749,90.000,nan,nan,nan,0.0000,0.0000,0.0000,nan,nan,nan,-8248.1220,1516.6852,-135.8667,-8248.1220,1516.6852,-135.8667,12.000,0,nan,nan
3.1880,354.7000,0,-8430.5995,1747.0893,-222.4756,nan,nan,nan,-0.9717,0.1860,0.1457,-0.1796,-0.9822,0.0557,0.1535,0.0279,0.9878,0.0000,0.0000,0.0000,-0.0000,0.0000,0.0000,-8248.1220,1516.6852,-135.8667,nan,nan,nan,-0.5980,0.7699,-0.2228,-0.1367,0.1760,0.9749,90.000,nan,nan,nan,0.0000,0.0000,0.0000,nan,nan,nan,-8248.1220,1516.6852,-135.8667,-8248.1220,1516.6852,-135.8667,12.000,0,nan,nan
3.2120,354.7334,0,-8430.5995,1747.0893,-222.4756,nan,nan,nan,-0.9717,0.1860,0.1457,-0.1796,-0.9822,0.0557,0.1535,0.0279,0.9878,0.0000,0.0000,0.0000,-0.0000,0.0000,0.0000,-8248.1220,1516.6852,-135.8667,nan,nan,nan,-0.5980,0.7699,-0.2228,-0.1367,0.1760,0.9749,90.000,nan,nan,nan,0.0000,0.0000,0.0000,nan,nan,nan,-8248.1220,1516.6852,-135.8667,-8248.1220,1516.6852,-135.8667,12.000,0,nan,nan
3.2380,354.7500,0,-8430.5995,1747.0893,-222.4756,nan,nan,nan,-0.9717,0.1860,0.1457,-0.1796,-0.9822,0.0557,0.1535,0.0279,0.9878,0.0000,0.0000,0.0000,-0.0000,0.0000,0.0000,-8248.1220,1516.6852,-135.8667,nan,nan,nan,-0.5980,0.7699,-0.2228,-0.1367,0.1760,0.9749,90.000,nan,nan,nan,0.0000,0.0000,0.0000,nan,nan,nan,-8248.1220,1516.6852,-135.8667,-8248.1220,1516.6852,-135.8667,12.000,0,nan,nan
3.2740,354.7834,0,-8430.5995,1747.0893,-222.4756,nan,nan,nan,-0.9717,0.1860,0.1457,-0.1796,-0.9822,0.0557,0.1535,0.0279,0.9878,0.0000,0.0000,0.0000,-0.0000,0.0000,0.0000,-8248.1220,1516.6852,-135.8667,nan,nan,nan,-0.5980,0.7699,-0.2228,-0.1367,0.1760,0.9749,90.000,nan,nan,nan,0.0000,0.0000,0.0000,nan,nan,nan,-8248.1220,1516.6852,-135.8667,-8248.1220,1516.6852,-135.8667,12.000,0,nan,nan
3.3000,354.8167,0,-8430.5995,1747.0893,-222.4756,nan,nan,nan,-0.9717,0.1860,0.1457,-0.1796,-0.9822,0.0557,0.1535,0.0279,0.9878,0.0000,0.0000,0.0000,-0.0000,0.0000,0.0000,-8248.1220,1516.6852,-135.8667,nan,nan,nan,-0.5980,0.7699,-0.2228,-0.1367,0.1760,0.9749,90.000,nan,nan,nan,0.0000,0.0000,0.0000,nan,nan,nan,-8248.1220,1516.6852,-135.8667,-8248.1220,1516.6852,-135.8667,12.000,0,nan,nan
3.3250,354.8500,0,-8430.5995,1747.0893,-222.4756,nan,nan,nan,-0.9717,0.1860,0.1457,-0.1796,-0.9822,0.0557,0.1535,0.0279,0.9878,0.0000,0.0000,0.0000,-0.0000,0.0000,0.0000,-8248.1220,1516.6852,-135.8667,nan,nan,nan,-0.5980,0.7699,-0.2228,-0.1367,0.1760,0.9749,90.000,nan,nan,nan,0.0000,0.0000,0.0000,nan,nan,nan,-8248.1220,1516.6852,-135.8667,-8248.1220,1516.6852,-135.8667,12.000,0,nan,nan
3.3500,354.8667,0,-8430.5995,1747.0893,-222.4756,nan,nan,nan,-0.9717,0.1860,0.1457,-0.1796,-0.9822,0.0557,0.1535,0.0279,0.9878,0.0000,0.0000,0.0000,-0.0000,0.0000,0.0000,-8248.1220,1516.6852,-135.8667,nan,nan,nan,-0.5980,0.7699,-0.2228,-0.1367,0.1760,0.9749,90.000,nan,nan,nan,0.0000,0.0000,0.0000,nan,nan,nan,-8248.1220,1516.6852,-135.8667,-8248.1220,1516.6852,-135.8667,12.000,0,nan,nan
3.3740,354.9000,0,-8430.5995,1747.0893,-222.4756,nan,nan,nan,-0.9717,0.1860,0.1457,-0.1796,-0.9822,0.0557,0.1535,0.0279,0.9878,0.0000,0.0000,0.0000,-0.0000,0.0000,0.0000,-8248.1220,1516.6852,-135.8667,nan,nan,nan,-0.5980,0.7699,-0.2228,-0.1367,0.1760,0.9749,90.000,nan,nan,nan,0.0000,0.0000,0.0000,nan,nan,nan,-8248.1220,1516.6852,-135.8667,-8248.1220,1516.6852,-135.8667,12.000,0,nan,nan
3.3990,354.9167,0,-8430.5995,1747.0893,-222.4756,nan,nan,nan,-0.9717,0.1860,0.1457,-0.1796,-0.9822,0.0557,0.1535,0.0279,0.9878,0.0000,0.0000,0.0000,-0.0000,0.0000,0.0000,-8248.1220,1516.6852,-135.8667,nan,nan,nan,-0.5980,0.7699,-0.2228,-0.1367,0.1760,0.9749,90.000,nan,nan,nan,0.0000,0.0000,0.0000,nan,nan,nan,-8248.1220,1516.6852,-135.8667,-8248.1220,1516.6852,-135.8667,12.000,0,nan,nan
3.4230,354.9500,0,-8430.5995,1747.0893,-222.4756,nan,nan,nan,-0.9717,0.1860,0.1457,-0.1796,-0.9822,0.0557,0.1535,0.0279,0.9878,0.0000,0.0000,0.0000,-0.0000,0.0000,0.0000,-8248.1220,1516.6852,-135.8667,nan,nan,nan,-0.5980,0.7699,-0.2228,-0.1367,0.1760,0.9749,90.000,nan,nan,nan,0.0000,0.0000,0.0000,nan,nan,nan,-8248.1220,1516.6852,-135.8667,-8248.1220,1516.6852,-135.8667,12.000,0,nan,nan
3.4480,354.9667,0,-8430.5995,1747.0893,-222.4756,nan,nan,nan,-0.9717,0.1860,0.1457,-0.1796,-0.9822,0.0557,0.1535,0.0279,0.9878,0.0000,0.0000,0.0000,-0.0000,0.0000,0.0000,-8248.1220,1516.6852,-135.8667,nan,nan,nan,-0.5980,0.7699,-0.2228,-0.1367,0.1760,0.9749,90.000,nan,nan,nan,0.0000,0.0000,0.0000,nan,nan,nan,-8248.1220,1516.6852,-135.8667,-8248.1220,1516.6852,-135.8667,12.000,0,nan,nan
3.4740,355.0000,0,-8431.1647,1748.1138,-222.4185,nan,nan,nan,-0.7842,0.6116,0.1046,-0.6012,-0.7907,0.1157,0.1535,0.0279,0.9878,0.0000,0.0000,0.0000,-3.3914,6.1467,0.3427,-8248.2028,1516.8316,-135.8586,nan,nan,nan,-0.5980,0.7699,-0.2228,-0.1367,0.1760,0.9749,90.000,nan,nan,nan,0.0000,0.0000,0.0000,nan,nan,nan,-8248.2028,1516.8316,-135.8586,-8248.2028,1516.8316,-135.8586,12.000,1,nan,nan
3.4970,355.0167,0,-8431.5832,1748.8683,-222.3786,nan,nan,nan,-0.6223,0.7793,0.0742,-0.7650,-0.6255,0.1534,0.1659,0.0386,0.9854,0.0000,0.0000,0.0000,-9.0908,16.4300,0.8909,-8248.2589,1516.9900,-135.8550,nan,nan,nan,-0.5980,0.7699,-0.2228,-0.1367,0.1760,0.9749,90.000,nan,nan,nan,0.0000,0.0000,0.0000,nan,nan,nan,-8248.2589,1516.9900,-135.8550,-8248.2589,1516.9900,-135.8550,12.000,1,nan,nan
3.5220,355.0500,0,-8432.6735,1750.8107,-222.2812,nan,nan,nan,-0.4887,0.8713,0.0458,-0.8547,-0.4886,0.1752,0.1750,0.0465,0.9835,0.0000,0.0000,0.0000,-16.7730,30.1410,1.5850,-8248.5077,1517.6155,-135.8390,nan,nan,nan,-0.5980,0.7699,-0.2228,-0.1367,0.1760,0.9749,90.000,nan,nan,nan,0.0000,0.0000,0.0000,nan,nan,nan,-8248.5077,1517.6155,-135.8390,-8248.5077,1517.6155,-135.8390,12.000,1,nan,nan
3.5470,355.0667,0,-8433.3999,1751.9987,-222.2173,nan,nan,nan,-0.5151,0.8542,0.0710,-0.8277,-0.5173,0.2177,0.2227,0.0534,0.9734,0.0000,0.0000,0.0000,-27.0259,47.1388,2.4906,-8248.6091,1518.0568,-135.8445,nan,nan,nan,-0.5980,0.7699,-0.2228,-0.1367,0.1760,0.9749,90.000,nan,nan,nan,0.0000,0.0000,0.0000,nan,nan,nan,-8248.6091,1518.0568,-135.8445,-8248.6091,1518.0568,-135.8445,12.000,1,nan,nan
3.5720,355.1000,0,-8435.0909,1754.4469,-222.2822,nan,nan,nan,-0.5577,0.8295,0.0287,-0.7958,-0.5443,0.2654,0.2358,0.1252,0.9637,0.0000,0.0000,0.0000,-35.8309,59.0810,1.9391,-8249.0006,1519.3736,-135.8959,nan,nan,nan,-0.5980,0.7699,-0.2228,-0.1367,0.1760,0.9749,90.000,nan,nan,nan,0.0000,0.0000,0.0000,nan,nan,nan,-8249.0006,1519.3736,-135.8959,-8249.0006,1519.3736,-135.8959,12.000,1,nan,nan
3.5980,355.1167,0,-8436.1521,1755.6507,-222.3745,nan,nan,nan,-0.6485,0.7612,-0.0070,-0.7184,-0.6089,0.3363,0.2518,0.2231,0.9417,0.0000,0.0000,0.0000,-45.3056,66.8620,0.2421,-8249.2243,1520.1810,-135.9612,nan,nan,nan,-0.5980,0.7699,-0.2228,-0.1367,0.1760,0.9749,90.000,nan,nan,nan,0.0000,0.0000,0.0000,nan,nan,nan,-8249.2243,1520.1810,-135.9612,-8249.2243,1520.1810,-135.9612,12.000,1,nan,nan
3.6220,355.1500,0,-8438.6311,1758.1393,-222.7498,nan,nan,nan,-0.6922,0.7191,-0.0621,-0.6704,-0.6087,0.4242,0.2672,0.3352,0.9034,0.0000,0.0000,0.0000,-55.5318,71.6954,-2.9337,-8249.9555,1522.3335,-136.2544,nan,nan,nan,-0.5980,0.7699,-0.2228,-0.1367,0.1760,0.9749,90.000,nan,nan,nan,0.0000,0.0000,0.0000,nan,nan,nan,-8249.9555,1522.3335,-136.2544,-8249.9555,1522.3335,-136.2544,12.000,1,nan,nan
3.6480,355.1667,0,-8440.0669,1759.2530,-222.9349,nan,nan,nan,-0.7787,0.6233,-0.0715,-0.5618,-0.6421,0.5216,0.2793,0.4464,0.8502,0.0000,0.0000,0.0000,-66.0910,71.7699,-6.5569,-8250.3563,1523.4991,-136.4755,nan,nan,nan,-0.5980,0.7699,-0.2228,-0.1367,0.1760,0.9749,90.000,nan,nan,nan,0.0000,0.0000,0.0000,nan,nan,nan,-8250.3563,1523.4991,-136.4755,-8250.3563,1523.4991,-136.4755,12.000,1,nan,nan
3.6720,355.2000,0,-8443.0722,1761.3583,-223.4098,nan,nan,nan,-0.8038,0.5866,-0.0993,-0.5219,-0.6152,0.5909,0.2855,0.5267,0.8006,0.0000,0.0000,0.0000,-76.0889,69.7277,-9.7409,-8251.5173,1526.1630,-137.0971,nan,nan,nan,-0.5980,0.7699,-0.2228,-0.1367,0.1760,0.9749,90.000,nan,nan,nan,0.0000,0.0000,0.0000,nan,nan,nan,-8251.5173,1526.1630,-137.0971,-8251.5173,1526.1630,-137.0971,12.000,1,nan,nan
3.6980,355.2167,0,-8443.6153,1763.0052,-222.7145,nan,nan,nan,-0.6406,0.7481,-0.1730,-0.7127,-0.4955,0.4965,0.2857,0.4414,0.8506,0.0000,0.0000,0.0000,-71.8710,74.6353,-0.9266,-8252.0709,1527.3300,-137.2360,nan,nan,nan,-0.5980,0.7699,-0.2228,-0.1367,0.1760,0.9749,90.000,nan,nan,nan,0.0000,0.0000,0.0000,nan,nan,nan,-8252.0709,1527.3300,-137.2360,-8252.0709,1527.3300,-137.2360,12.000,1,nan,nan
3.7250,355.2500,0,-8444.5471,1766.5331,-221.3933,nan,nan,nan,-0.3907,0.8925,-0.2256,-0.8760,-0.2851,0.3891,0.2830,0.3496,0.8931,0.0000,0.0000,0.0000,-61.7445,81.8528,11.0149,-8253.2753,1529.8062,-137.1451,nan,nan,nan,-0.5980,0.7699,-0.2228,-0.1367,0.1760,0.9749,90.000,nan,nan,nan,0.0000,0.0000,0.0000,nan,nan,nan,-8253.2753,1529.8062,-137.1451,-8253.2753,1529.8062,-137.1451,12.000,1,nan,nan
3.7710,355.2667,0,-8444.9463,1768.4032,-220.7583,nan,nan,nan,-0.3330,0.9212,-0.2011,-0.9003,-0.2473,0.3583,0.2804,0.3004,0.9117,0.0000,0.0000,0.0000,-47.2784,92.3739,23.2448,-8253.8612,1531.0072,-137.0153,nan,nan,nan,-0.5980,0.7699,-0.2228,-0.1367,0.1760,0.9749,90.000,nan,nan,nan,0.0000,0.0000,0.0000,nan,nan,nan,-8253.8612,1531.0072,-137.0153,-8253.8612,1531.0072,-137.0153,12.000,1,nan,nan
3.7960,355.3167,0,-8446.1465,1774.7138,-219.9913,nan,nan,nan,-0.2444,0.9663,-0.0811,-0.9342,-0.2122,0.2866,0.2598,0.1458,0.9546,0.0000,0.0000,0.0000,-31.1542,107.0885,31.6081,-8255.9074,1535.1786,-136.2243,nan,nan,nan,-0.5980,0.7699,-0.2228,-0.1367,0.1760,0.9749,90.000,nan,nan,nan,0.0000,0.0000,0.0000,nan,nan,nan,-8255.9074,1535.1786,-136.2243,-8255.9074,1535.1786,-136.2243,12.000,1,nan,nan
3.8150,355.3334,0,-8446.6218,1776.8025,-219.7946,nan,nan,nan,-0.2517,0.9662,-0.0561,-0.9357,-0.2282,0.2692,0.2473,0.1202,0.9615,0.0000,0.0000,0.0000,-27.1160,115.3331,27.2967,-8256.5134,1536.4232,-135.9850,nan,nan,nan,-0.5980,0.7699,-0.2228,-0.1367,0.1760,0.9749,90.000,nan,nan,nan,0.0000,0.0000,0.0000,nan,nan,nan,-8256.5134,1536.4232,-135.9850,-8256.5134,1536.4232,-135.9850,12.000,1,nan,nan
3.8390,355.3667,0,-8447.5501,1781.0073,-219.4033,nan,nan,nan,-0.2287,0.9730,0.0323,-0.9542,-0.2306,0.1906,0.1929,0.0127,0.9811,0.0000,0.0000,0.0000,-26.2875,121.0429,20.8560,-8257.9466,1538.9824,-135.4209,nan,nan,nan,-0.5980,0.7699,-0.2228,-0.1367,0.1760,0.9749,90.000,nan,nan,nan,0.0000,0.0000,0.0000,nan,nan,nan,-8257.9466,1538.9824,-135.4209,-8257.9466,1538.9824,-135.4209,12.000,1,nan,nan
3.8660,355.3834,0,-8448.0066,1783.1488,-219.2720,nan,nan,nan,-0.2067,0.9755,0.0753,-0.9645,-0.2161,0.1520,0.1646,-0.0412,0.9855,0.0000,0.0000,0.0000,-26.8103,125.4424,13.5222,-8258.6634,1540.1880,-135.1568,nan,nan,nan,-0.5980,0.7699,-0.2228,-0.1367,0.1760,0.9749,90.000,nan,nan,nan,0.0000,0.0000,0.0000,nan,nan,nan,-8258.6634,1540.1880,-135.1568,-8258.6634,1540.1880,-135.1568,12.000,1,nan,nan
3.8930,355.4167,0,-8449.0930,1787.2928,-218.6342,nan,nan,nan,-0.2784,0.9599,0.0317,-0.9386,-0.2789,0.2030,0.2037,0.0267,0.9787,0.0000,0.0000,0.0000,-28.6323,125.9437,12.8143,-8259.8856,1543.1218,-134.6379,nan,nan,nan,-0.5980,0.7699,-0.2228,-0.1367,0.1760,0.9749,90.000,nan,nan,nan,0.0000,0.0000,0.0000,nan,nan,nan,-8259.8856,1543.1218,-134.6379,-8259.8856,1543.1218,-134.6379,12.000,1,nan,nan
3.9160,355.4334,0,-8449.3930,1789.2831,-218.6181,nan,nan,nan,-0.1488,0.9881,0.0388,-0.9826,-0.1521,0.1062,0.1108,-0.0224,0.9936,0.0000,0.0000,0.0000,-26.8923,124.8635,10.5065,-8260.5503,1544.3655,-134.4064,nan,nan,nan,-0.5980,0.7699,-0.2228,-0.1367,0.1760,0.9749,90.000,nan,nan,nan,0.0000,0.0000,0.0000,nan,nan,nan,-8260.5503,1544.3655,-134.4064,-8260.5503,1544.3655,-134.4064,12.000,1,nan,nan
3.9420,355.4667,0,-8449.6551,1793.2301,-219.3106,nan,nan,nan,-0.0632,0.9973,-0.0364,-0.9980,-0.0634,-0.0056,-0.0079,0.0359,0.9993,0.0000,0.0000,0.0000,-22.5473,123.1009,3.5416,-8262.0821,1547.2597,-134.1055,nan,nan,nan,-0.5980,0.7699,-0.2228,-0.1367,0.1760,0.9749,90.000,nan,nan,nan,0.0000,0.0000,0.0000,nan,nan,nan,-8262.0821,1547.2597,-134.1055,-8262.0821,1547.2597,-134.1055,12.000,1,nan,nan
3.9660,355.4834,0,-8449.8486,1795.1580,-219.9168,nan,nan,nan,-0.0978,0.9834,-0.1527,-0.9951,-0.0984,0.0038,-0.0113,0.1523,0.9883,0.0000,0.0000,0.0000,-18.5223,120.1848,-6.7013,-8262.7530,1548.8214,-134.0424,nan,nan,nan,-0.5980,0.7699,-0.2228,-0.1367,0.1760,0.9749,90.000,nan,nan,nan,0.0000,0.0000,0.0000,nan,nan,nan,-8262.7530,1548.8214,-134.0424,-8262.7530,1548.8214,-134.0424,12.000,1,nan,nan
3.9900,355.5167,0,-8450.4596,1798.9984,-221.2435,nan,nan,nan,-0.1537,0.9396,-0.3057,-0.9875,-0.1348,0.0822,0.0360,0.3145,0.9486,0.0000,0.0000,0.0000,-14.8648,117.7801,-20.5365,-8263.9866,1552.9726,-134.2663,nan,nan,nan,-0.5980,0.7699,-0.2228,-0.1367,0.1760,0.9749,90.000,nan,nan,nan,0.0000,0.0000,0.0000,nan,nan,nan,-8263.9866,1552.9726,-134.2663,-8263.9866,1552.9726,-134.2663,12.000,1,nan,nan
4.0170,355.5334,0,-8450.9281,1800.8714,-221.6835,nan,nan,nan,-0.2525,0.9130,-0.3205,-0.9593,-0.1929,0.2062,0.1265,0.3596,0.9245,0.0000,0.0000,0.0000,-16.1564,115.8913,-28.7777,-8264.3879,1554.9071,-134.4325,nan,nan,nan,-0.5980,0.7699,-0.2228,-0.1367,0.1760,0.9749,90.000,nan,nan,nan,0.0000,0.0000,0.0000,nan,nan,nan,-8264.3879,1554.9071,-134.4325,-8264.3879,1554.9071,-134.4325,12.000,1,nan,nan
4.0410,355.5667,0,-8451.1897,1804.9458,-221.2728,nan,nan,nan,-0.1395,0.9582,-0.2498,-0.9775,-0.0931,0.1892,0.1580,0.2706,0.9496,0.0000,0.0000,0.0000,-16.4115,116.2780,-23.8069,-8265.0676,1558.8382,-134.5920,nan,nan,nan,-0.5980,0.7699,-0.2228,-0.1367,0.1760,0.9749,90.000,nan,nan,nan,0.0000,0.0000,0.0000,nan,nan,nan,-8265.0676,1558.8382,-134.5920,-8265.0676,1558.8382,-134.5920,12.000,1,nan,nan
4.0660,355.5834,0,-8451.3122,1807.0025,-221.1305,nan,nan,nan,-0.1178,0.9702,-0.2117,-0.9785,-0.0771,0.1911,0.1690,0.2297,0.9585,0.0000,0.0000,0.0000,-15.6096,117.9007,-13.8295,-8265.3384,1560.5465,-134.6324,nan,nan,nan,-0.5980,0.7699,-0.2228,-0.1367,0.1760,0.9749,90.000,nan,nan,nan,0.0000,0.0000,0.0000,nan,nan,nan,-8265.3384,1560.5465,-134.6324,-8265.3384,1560.5465,-134.6324,12.000,1,nan,nan
4.0920,355.6167,0,-8451.8047,1811.0978,-221.4391,nan,nan,nan,-0.1295,0.9829,-0.1308,-0.9729,-0.1005,0.2082,0.1915,0.1542,0.9693,0.0000,0.0000,0.0000,-14.7387,119.7547,-5.7260,-8265.8483,1564.1270,-134.7219,nan,nan,nan,-0.5980,0.7699,-0.2228,-0.1367,0.1760,0.9749,90.000,nan,nan,nan,0.0000,0.0000,0.0000,nan,nan,nan,-8265.8483,1564.1270,-134.7219,-8265.8483,1564.1270,-134.7219,12.000,1,nan,nan
4.1180,355.6334,0,-8452.2136,1813.1187,-221.6100,nan,nan,nan,-0.2003,0.9751,-0.0947,-0.9515,-0.1706,0.2561,0.2336,0.1415,0.9620,0.0000,0.0000,0.0000,-13.8482,121.9001,-0.8755,-8266.0301,1565.7861,-134.7851,nan,nan,nan,-0.5980,0.7699,-0.2228,-0.1367,0.1760,0.9749,90.000,nan,nan,nan,0.0000,0.0000,0.0000,nan,nan,nan,-8266.0301,1565.7861,-134.7851,-8266.0301,1565.7861,-134.7851,12.000,1,nan,nan
4.1430,355.6667,0,-8453.1194,1817.1414,-221.9518,nan,nan,nan,-0.2176,0.9728,-0.0791,-0.9323,-0.1831,0.3120,0.2891,0.1417,0.9468,0.0000,0.0000,0.0000,-17.5358,122.0191,-4.4206,-8266.3313,1569.4678,-135.0035,nan,nan,nan,-0.5980,0.7699,-0.2228,-0.1367,0.1760,0.9749,90.000,nan,nan,nan,0.0000,0.0000,0.0000,nan,nan,nan,-8266.3313,1569.4678,-135.0035,-8266.3313,1569.4678,-135.0035,12.000,1,nan,nan
4.1670,355.6834,0,-8453.6457,1819.1360,-222.1060,nan,nan,nan,-0.2542,0.9643,-0.0736,-0.9080,-0.2118,0.3614,0.3329,0.1587,0.9295,0.0000,0.0000,0.0000,-23.1186,121.2969,-8.6871,-8266.4290,1571.1811,-135.1334,nan,nan,nan,-0.5980,0.7699,-0.2228,-0.1367,0.1760,0.9749,90.000,nan,nan,nan,0.0000,0.0000,0.0000,nan,nan,nan,-8266.4290,1571.1811,-135.1334,-8266.4290,1571.1811,-135.1334,12.000,1,nan,nan
4.1920,355.7167,0,-8454.7556,1823.1101,-222.4047,nan,nan,nan,-0.2677,0.9609,-0.0707,-0.8977,-0.2221,0.3804,0.3499,0.1653,0.9221,0.0000,0.0000,0.0000,-27.9397,120.4252,-9.4815,-8266.7364,1575.0637,-135.4494,nan,nan,nan,-0.5980,0.7699,-0.2228,-0.1367,0.1760,0.9749,90.000,nan,nan,nan,0.0000,0.0000,0.0000,nan,nan,nan,-8266.7364,1575.0637,-135.4494,-8266.7364,1575.0637,-135.4494,12.000,1,nan,nan
4.2190,355.7334,0,-8455.3335,1825.1134,-222.3962,nan,nan,nan,-0.3033,0.9511,-0.0578,-0.8764,-0.2546,0.4089,0.3742,0.1747,0.9108,0.0000,0.0000,0.0000,-30.9320,120.0402,-7.4877,-8266.8709,1576.8438,-135.5974,nan,nan,nan,-0.5980,0.7699,-0.2228,-0.1367,0.1760,0.9749,90.000,nan,nan,nan,0.0000,0.0000,0.0000,nan,nan,nan,-8266.8709,1576.8438,-135.5974,-8266.8709,1576.8438,-135.5974,12.000,1,nan,nan
4.2410,355.7667,0,-8456.0445,1829.1104,-222.4748,nan,nan,nan,-0.1821,0.9830,-0.0230,-0.9486,-0.1695,0.2673,0.2589,0.0705,0.9633,0.0000,0.0000,0.0000,-30.3615,119.8089,-5.5094,-8267.5972,1580.4394,-135.7172,nan,nan,nan,-0.5980,0.7699,-0.2228,-0.1367,0.1760,0.9749,90.000,nan,nan,nan,0.0000,0.0000,0.0000,nan,nan,nan,-8267.5972,1580.4394,-135.7172,-8267.5972,1580.4394,-135.7172,12.000,1,nan,nan
4.2670,355.7834,0,-8456.4762,1831.0384,-222.5987,nan,nan,nan,-0.2100,0.9773,-0.0284,-0.9510,-0.1974,0.2380,0.2270,0.0770,0.9708,0.0000,0.0000,0.0000,-29.1132,118.9640,-4.7500,-8267.9826,1582.0943,-135.7650,nan,nan,nan,-0.5980,0.7699,-0.2228,-0.1367,0.1760,0.9749,90.000,nan,nan,nan,0.0000,0.0000,0.0000,nan,nan,nan,-8267.9826,1582.0943,-135.7650,-8267.9826,1582.0943,-135.7650,12.000,1,nan,nan
4.2920,355.8167,0,-8456.6171,1834.0903,-221.9102,nan,nan,nan,-0.0968,0.9882,-0.1186,-0.9849,-0.0779,0.1544,0.1433,0.1318,0.9809,0.0000,0.0000,0.0000,-23.0494,113.2623,1.3251,-8269.0008,1585.8830,-135.7128,nan,nan,nan,-0.5980,0.7699,-0.2228,-0.1367,0.1760,0.9749,90.000,nan,nan,nan,0.0000,0.0000,0.0000,nan,nan,nan,-8269.0008,1585.8830,-135.7128,-8269.0008,1585.8830,-135.7128,12.000,1,nan,nan
4.3170,355.8334,0,-8456.0732,1834.8769,-220.3147,nan,nan,nan,-0.2554,0.9666,0.0202,-0.9446,-0.2539,0.2081,0.2063,0.0340,0.9779,0.0000,0.0000,0.0000,-8.3750,97.5211,21.5850,-8269.2703,1587.3082,-135.5749,nan,nan,nan,-0.5980,0.7699,-0.2228,-0.1367,0.1760,0.9749,90.000,nan,nan,nan,0.0000,0.0000,0.0000,nan,nan,nan,-8269.2703,1587.3082,-135.5749,-8269.2703,1587.3082,-135.5749,12.000,1,nan,nan
4.3420,355.8667,0,-8455.4259,1836.1573,-217.0456,nan,nan,nan,-0.3060,0.9009,0.3077,-0.8881,-0.3865,0.2486,0.3429,-0.1972,0.9184,0.0000,0.0000,0.0000,2.7098,78.0729,45.7228,-8269.2527,1589.5311,-134.9768,nan,nan,nan,-0.5980,0.7699,-0.2228,-0.1367,0.1760,0.9749,90.000,nan,nan,nan,0.0000,0.0000,0.0000,nan,nan,nan,-8269.2527,1589.5311,-134.9768,-8269.2527,1589.5311,-134.9768,12.000,1,nan,nan
4.3650,355.8834,0,-8455.3023,1836.6637,-215.3787,nan,nan,nan,-0.3770,0.8022,0.4630,-0.8344,-0.5112,0.2063,0.4022,-0.3086,0.8620,0.0000,0.0000,0.0000,11.5911,57.1247,72.0398,-8269.1297,1590.4087,-134.6528,nan,nan,nan,-0.5980,0.7699,-0.2228,-0.1367,0.1760,0.9749,90.000,nan,nan,nan,0.0000,0.0000,0.0000,nan,nan,nan,-8269.1297,1590.4087,-134.6528,-8269.1297,1590.4087,-134.6528,12.000,1,nan,nan
4.3900,355.9167,0,-8455.2426,1837.5488,-212.0233,nan,nan,nan,-0.3065,0.6518,0.6937,-0.8119,-0.5594,0.1669,0.4969,-0.5121,0.7006,0.0000,0.0000,0.0000,14.5709,39.9341,93.3047,-8268.4823,1591.5976,-133.9528,nan,nan,nan,-0.5980,0.7699,-0.2228,-0.1367,0.1760,0.9749,90.000,nan,nan,nan,0.0000,0.0000,0.0000,nan,nan,nan,-8268.4823,1591.5976,-133.9528,-8268.4823,1591.5976,-133.9528,12.000,1,nan,nan
4.4130,355.9334,0,-8455.2253,1837.9822,-210.3469,nan,nan,nan,-0.2414,0.5702,0.7852,-0.8126,-0.5611,0.1576,0.5304,-0.6001,0.5988,0.0000,0.0000,0.0000,8.8479,32.2576,98.5283,-8268.1051,1591.9919,-133.6719,nan,nan,nan,-0.5980,0.7699,-0.2228,-0.1367,0.1760,0.9749,90.000,nan,nan,nan,0.0000,0.0000,0.0000,nan,nan,nan,-8268.1051,1591.9919,-133.6719,-8268.1051,1591.9919,-133.6719,12.000,1,nan,nan
4.4390,355.9667,0,-8455.1906,1838.8490,-206.9939,nan,nan,nan,-0.0826,0.3731,0.9241,-0.8196,-0.5529,0.1500,0.5669,-0.7450,0.3515,0.0000,0.0000,0.0000,4.0276,28.2410,100.0764,-8267.1428,1592.2534,-133.5243,nan,nan,nan,-0.5980,0.7699,-0.2228,-0.1367,0.1760,0.9749,90.000,nan,nan,nan,0.0000,0.0000,0.0000,nan,nan,nan,-8267.1428,1592.2534,-133.5243,-8267.1428,1592.2534,-133.5243,12.000,1,nan,nan
4.4620,355.9834,0,-8455.1941,1839.2672,-205.3194,nan,nan,nan,-0.0109,0.2538,0.9672,-0.8233,-0.5512,0.1353,0.5675,-0.7948,0.2150,0.0000,0.0000,0.0000,1.5381,26.3783,100.4770,-8266.7400,1592.2764,-133.6199,nan,nan,nan,-0.5980,0.7699,-0.2228,-0.1367,0.1760,0.9749,90.000,nan,nan,nan,0.0000,0.0000,0.0000,nan,nan,nan,-8266.7400,1592.2764,-133.6199,-8266.7400,1592.2764,-133.6199,12.000,1,nan,nan
4.4850,356.0000,0,-8455.2798,1839.6236,-203.6581,nan,nan,nan,-0.0504,0.2095,0.9765,-0.8223,-0.5636,0.0785,0.5668,-0.7990,0.2007,0.0000,0.0000,0.0000,-0.3465,24.9725,100.3600,-8266.3961,1592.3396,-133.4905,nan,nan,nan,-0.5980,0.7699,-0.2228,-0.1367,0.1760,0.9749,90.000,nan,nan,nan,0.0000,0.0000,0.0000,nan,nan,nan,-8266.3961,1592.3396,-133.4905,-8266.3961,1592.3396,-133.4905,12.000,1,nan,nan
4.5090,356.0334,0,-8455.5585,1840.2591,-200.3409,nan,nan,nan,-0.0822,0.1875,0.9788,-0.8197,-0.5713,0.0406,0.5668,-0.7990,0.2007,0.0000,0.0000,0.0000,-2.6036,23.3037,100.1225,-8266.0118,1592.5770,-132.5148,nan,nan,nan,-0.5980,0.7699,-0.2228,-0.1367,0.1760,0.9749,90.000,nan,nan,nan,0.0000,0.0000,0.0000,nan,nan,nan,-8266.0118,1592.5770,-132.5148,-8266.0118,1592.5770,-132.5148,12.000,1,nan,nan
4.5330,356.0500,0,-8455.7110,1840.5602,-198.7116,nan,nan,nan,-0.0917,0.1809,0.9792,-0.8187,-0.5735,0.0293,0.5668,-0.7990,0.2007,0.0000,0.0000,0.0000,-5.0938,21.3815,99.5095,-8265.8921,1592.6962,-131.9800,nan,nan,nan,-0.5980,0.7699,-0.2228,-0.1367,0.1760,0.9749,90.000,nan,nan,nan,0.0000,0.0000,0.0000,nan,nan,nan,-8265.8921,1592.6962,-131.9800,-8265.8921,1592.6962,-131.9800,12.000,1,nan,nan
4.5580,356.0834,0,-8455.7492,1840.7183,-195.4045,nan,nan,nan,-0.1011,0.1743,0.9795,-0.8176,-0.5755,0.0181,0.5668,-0.7990,0.2007,0.0000,0.0000,0.0000,-5.7792,16.9278,99.1345,-8265.7223,1592.9029,-130.5552,nan,nan,nan,-0.5980,0.7699,-0.2228,-0.1367,0.1760,0.9749,90.000,nan,nan,nan,0.0000,0.0000,0.0000,nan,nan,nan,-8265.7223,1592.9029,-130.5552,-8265.7223,1592.9029,-130.5552,12.000,1,nan,nan
4.5820,356.1000,0,-8455.7563,1840.7691,-193.8001,nan,nan,nan,-0.0476,0.1004,0.9938,-0.8514,-0.5244,0.0122,0.5224,-0.8455,0.1104,0.0000,0.0000,0.0000,-4.9736,12.3696,98.3776,-8265.7407,1592.9023,-129.9554,nan,nan,nan,-0.5980,0.7699,-0.2228,-0.1367,0.1760,0.9749,90.000,nan,nan,nan,0.0000,0.0000,0.0000,nan,nan,nan,-8265.7407,1592.9023,-129.9554,-8265.7407,1592.9023,-129.9554,12.000,1,nan,nan
4.6050,356.1334,0,-8455.7661,1840.8678,-190.7522,nan,nan,nan,-0.0051,0.0313,0.9995,-0.8783,-0.4779,0.0105,0.4780,-0.8778,0.0299,0.0000,0.0000,0.0000,-3.1988,8.2370,96.6103,-8265.9358,1592.8002,-128.7276,nan,nan,nan,-0.5980,0.7699,-0.2228,-0.1367,0.1760,0.9749,90.000,nan,nan,nan,0.0000,0.0000,0.0000,nan,nan,nan,-8265.9358,1592.8002,-128.7276,-8265.9358,1592.8002,-128.7276,12.000,1,nan,nan
4.6300,356.1500,0,-8455.7950,1840.9030,-189.2868,nan,nan,nan,-0.0195,0.0235,0.9995,-0.8781,-0.4784,-0.0058,0.4780,-0.8778,0.0299,0.0000,0.0000,0.0000,-1.3601,4.2205,94.2898,-8266.0139,1592.7637,-128.1233,nan,nan,nan,-0.5980,0.7699,-0.2228,-0.1367,0.1760,0.9749,90.000,nan,nan,nan,0.0000,0.0000,0.0000,nan,nan,nan,-8266.0139,1592.7637,-128.1233,-8266.0139,1592.7637,-128.1233,12.000,1,nan,nan
4.6550,356.1834,0,-8456.0556,1841.1364,-186.6848,nan,nan,nan,-0.0579,0.0130,0.9982,-0.8753,-0.4815,-0.0445,0.4800,-0.8764,0.0393,0.0000,0.0000,0.0000,-2.3271,3.8694,89.5957,-8266.1594,1592.7473,-126.8452,nan,nan,nan,-0.5980,0.7699,-0.2228,-0.1367,0.1760,0.9749,90.000,nan,nan,nan,0.0000,0.0000,0.0000,nan,nan,nan,-8266.1594,1592.7473,-126.8452,-8266.1594,1592.7473,-126.8452,12.000,1,nan,nan
4.6790,356.2000,0,-8456.2543,1841.3679,-185.5190,nan,nan,nan,-0.0893,0.0637,0.9940,-0.8660,-0.4980,-0.0458,0.4921,-0.8648,0.0996,0.0000,0.0000,0.0000,-4.8193,5.9663,83.3928,-8266.2162,1592.7716,-126.1618,nan,nan,nan,-0.5980,0.7699,-0.2228,-0.1367,0.1760,0.9749,90.000,nan,nan,nan,0.0000,0.0000,0.0000,nan,nan,nan,-8266.2162,1592.7716,-126.1618,-8266.2162,1592.7716,-126.1618,12.000,1,nan,nan
4.7040,356.2167,0,-8456.4542,1841.6085,-184.5955,nan,nan,nan,-0.1245,0.1162,0.9854,-0.8554,-0.5159,-0.0472,0.5028,-0.8487,0.1637,0.0000,0.0000,0.0000,-7.6572,8.6814,74.9466,-8266.2696,1592.8338,-125.3539,nan,nan,nan,-0.5980,0.7699,-0.2228,-0.1367,0.1760,0.9749,90.000,nan,nan,nan,0.0000,0.0000,0.0000,nan,nan,nan,-8266.2696,1592.8338,-125.3539,-8266.2696,1592.8338,-125.3539,12.000,1,nan,nan
4.7290,356.2500,0,-8456.9018,1842.1193,-183.0395,nan,nan,nan,-0.2144,0.2205,0.9515,-0.8277,-0.5582,-0.0571,0.5186,-0.7998,0.3022,0.0000,0.0000,0.0000,-10.5634,11.8664,65.0083,-8266.3941,1593.1732,-123.1346,nan,nan,nan,-0.5980,0.7699,-0.2228,-0.1367,0.1760,0.9749,90.000,nan,nan,nan,0.0000,0.0000,0.0000,nan,nan,nan,-8266.3941,1593.1732,-123.1346,-8266.3941,1593.1732,-123.1346,12.000,1,nan,nan
4.7540,356.2667,0,-8457.1322,1842.3749,-182.3196,nan,nan,nan,-0.2606,0.2781,0.9245,-0.8119,-0.5813,-0.0540,0.5224,-0.7647,0.3773,0.0000,0.0000,0.0000,-12.3455,14.1699,56.0477,-8266.4585,1593.3884,-122.0234,nan,nan,nan,-0.5980,0.7699,-0.2228,-0.1367,0.1760,0.9749,90.000,nan,nan,nan,0.0000,0.0000,0.0000,nan,nan,nan,-8266.4585,1593.3884,-122.0234,-8266.4585,1593.3884,-122.0234,12.000,1,nan,nan
4.7750,356.3000,0,-8457.6119,1842.8729,-180.8792,nan,nan,nan,-0.3007,0.3114,0.9015,-0.7975,-0.6004,-0.0586,0.5230,-0.7366,0.4289,0.0000,0.0000,0.0000,-13.1953,14.8420,48.9092,-8266.6499,1593.9527,-119.5559,nan,nan,nan,-0.5980,0.7699,-0.2228,-0.1367,0.1760,0.9749,90.000,nan,nan,nan,0.0000,0.0000,0.0000,nan,nan,nan,-8266.6499,1593.9527,-119.5559,-8266.6499,1593.9527,-119.5559,12.000,1,nan,nan
4.7950,356.3167,0,-8457.8644,1843.1133,-180.1583,nan,nan,nan,-0.3154,0.3002,0.9002,-0.7918,-0.6061,-0.0753,0.5230,-0.7366,0.4289,0.0000,0.0000,0.0000,-13.9984,14.9729,45.0497,-8266.7479,1594.2052,-118.4761,nan,nan,nan,-0.5980,0.7699,-0.2228,-0.1367,0.1760,0.9749,90.000,nan,nan,nan,0.0000,0.0000,0.0000,nan,nan,nan,-8266.7479,1594.2052,-118.4761,-8266.7479,1594.2052,-118.4761,12.000,1,nan,nan
4.8210,356.3334,0,-8458.1170,1843.3537,-179.4375,nan,nan,nan,-0.3154,0.3002,0.9002,-0.7918,-0.6061,-0.0753,0.5230,-0.7366,0.4289,0.0000,0.0000,0.0000,-14.5043,14.8191,43.5918,-8266.8568,1594.4557,-117.4270,nan,nan,nan,-0.5980,0.7699,-0.2228,-0.1367,0.1760,0.9749,90.000,nan,nan,nan,0.0000,0.0000,0.0000,nan,nan,nan,-8266.8568,1594.4557,-117.4270,-8266.8568,1594.4557,-117.4270,12.000,1,nan,nan
4.8440,356.3667,0,-8458.6415,1843.8214,-177.9946,nan,nan,nan,-0.3268,0.2914,0.8990,-0.7872,-0.6104,-0.0883,0.5230,-0.7366,0.4289,0.0000,0.0000,0.0000,-14.9878,14.5273,43.3182,-8267.1365,1594.9915,-115.2582,nan,nan,nan,-0.5980,0.7699,-0.2228,-0.1367,0.1760,0.9749,90.000,nan,nan,nan,0.0000,0.0000,0.0000,nan,nan,nan,-8267.1365,1594.9915,-115.2582,-8267.1365,1594.9915,-115.2582,12.000,1,nan,nan
4.8690,356.3834,0,-8458.9134,1844.0488,-177.2725,nan,nan,nan,-0.3380,0.2827,0.8977,-0.7824,-0.6145,-0.1011,0.5230,-0.7366,0.4289,0.0000,0.0000,0.0000,-15.4695,14.2091,43.2867,-8267.2730,1595.2321,-114.2987,nan,nan,nan,-0.5980,0.7699,-0.2228,-0.1367,0.1760,0.9749,90.000,nan,nan,nan,0.0000,0.0000,0.0000,nan,nan,nan,-8267.2730,1595.2321,-114.2987,-8267.2730,1595.2321,-114.2987,12.000,1,nan,nan
4.8920,356.4167,0,-8459.4768,1844.4907,-175.8264,nan,nan,nan,-0.3491,0.2739,0.8962,-0.7775,-0.6184,-0.1139,0.5230,-0.7366,0.4289,0.0000,0.0000,0.0000,-15.9151,13.9127,43.3067,-8267.6099,1595.7462,-112.2939,nan,nan,nan,-0.5980,0.7699,-0.2228,-0.1367,0.1760,0.9749,90.000,nan,nan,nan,0.0000,0.0000,0.0000,nan,nan,nan,-8267.6099,1595.7462,-112.2939,-8267.6099,1595.7462,-112.2939,12.000,1,nan,nan
4.9170,356.4334,0,-8459.7773,1844.7142,-175.0761,nan,nan,nan,-0.3583,0.2665,0.8947,-0.7734,-0.6216,-0.1245,0.5230,-0.7366,0.4289,0.0000,0.0000,0.0000,-16.5791,13.6514,43.6648,-8267.7726,1595.9780,-111.3985,nan,nan,nan,-0.5980,0.7699,-0.2228,-0.1367,0.1760,0.9749,90.000,nan,nan,nan,0.0000,0.0000,0.0000,nan,nan,nan,-8267.7726,1595.9780,-111.3985,-8267.7726,1595.9780,-111.3985,12.000,1,nan,nan
4.9420,356.4667,0,-8460.3783,1845.1613,-173.5754,nan,nan,nan,-0.3583,0.2665,0.8947,-0.7734,-0.6216,-0.1245,0.5230,-0.7366,0.4289,0.0000,0.0000,0.0000,-17.1708,13.4754,44.0834,-8268.1643,1596.4772,-109.5024,nan,nan,nan,-0.5980,0.7699,-0.2228,-0.1367,0.1760,0.9749,90.000,nan,nan,nan,0.0000,0.0000,0.0000,nan,nan,nan,-8268.1643,1596.4772,-109.5024,-8268.1643,1596.4772,-109.5024,12.000,1,nan,nan
4.9660,356.4834,0,-8460.6787,1845.3848,-172.8250,nan,nan,nan,-0.3583,0.2665,0.8947,-0.7734,-0.6216,-0.1245,0.5230,-0.7366,0.4289,0.0000,0.0000,0.0000,-17.6318,13.3937,44.5053,-8268.3503,1596.7031,-108.6513,nan,nan,nan,-0.5980,0.7699,-0.2228,-0.1367,0.1760,0.9749,90.000,nan,nan,nan,0.0000,0.0000,0.0000,nan,nan,nan,-8268.3503,1596.7031,-108.6513,-8268.3503,1596.7031,-108.6513,12.000,1,nan,nan
4.9900,356.5167,0,-8461.2552,1845.8182,-171.3777,nan,nan,nan,-0.3565,0.2680,0.8950,-0.7742,-0.6210,-0.1224,0.5230,-0.7366,0.4289,0.0000,0.0000,0.0000,-17.8026,13.3261,44.5973,-8268.7818,1597.1893,-106.8463,nan,nan,nan,-0.5980,0.7699,-0.2228,-0.1367,0.1760,0.9749,90.000,nan,nan,nan,0.0000,0.0000,0.0000,nan,nan,nan,-8268.7818,1597.1893,-106.8463,-8268.7818,1597.1893,-106.8463,12.000,1,nan,nan
5.0140,356.5334,0,-8461.5345,1846.0259,-170.6803,nan,nan,nan,-0.3583,0.2665,0.8947,-0.7733,-0.6216,-0.1245,0.5230,-0.7366,0.4289,0.0000,0.0000,0.0000,-17.5826,13.1231,43.9805,-8268.9831,1597.4086,-106.0370,nan,nan,nan,-0.5980,0.7699,-0.2228,-0.1367,0.1760,0.9749,90.000,nan,nan,nan,0.0000,0.0000,0.0000,nan,nan,nan,-8268.9831,1597.4086,-106.0370,-8268.9831,1597.4086,-106.0370,12.000,1,nan,nan
5.0380,356.5667,0,-8462.0931,1846.4414,-169.2855,nan,nan,nan,-0.3583,0.2665,0.8947,-0.7733,-0.6216,-0.1245,0.5230,-0.7366,0.4289,0.0000,0.0000,0.0000,-17.2844,12.8931,43.2218,-8269.4406,1597.8798,-104.3182,nan,nan,nan,-0.5980,0.7699,-0.2228,-0.1367,0.1760,0.9749,90.000,nan,nan,nan,0.0000,0.0000,0.0000,nan,nan,nan,-8269.4406,1597.8798,-104.3182,-8269.4406,1597.8798,-104.3182,12.000,1,nan,nan
5.0630,356.5834,0,-8462.3724,1846.6492,-168.5881,nan,nan,nan,-0.3583,0.2665,0.8947,-0.7733,-0.6216,-0.1245,0.5230,-0.7366,0.4289,0.0000,0.0000,0.0000,-16.9706,12.6577,42.4348,-8269.6531,1598.0931,-103.5441,nan,nan,nan,-0.5980,0.7699,-0.2228,-0.1367,0.1760,0.9749,90.000,nan,nan,nan,0.0000,0.0000,0.0000,nan,nan,nan,-8269.6531,1598.0931,-103.5441,-8269.6531,1598.0931,-103.5441,12.000,1,nan,nan
5.0870,356.6000,0,-8462.6571,1846.8618,-167.8899,nan,nan,nan,-0.3594,0.2657,0.8946,-0.7729,-0.6220,-0.1257,0.5230,-0.7366,0.4289,0.0000,0.0000,0.0000,-16.8657,12.5619,41.9718,-8269.8704,1598.3062,-102.7760,nan,nan,nan,-0.5980,0.7699,-0.2228,-0.1367,0.1760,0.9749,90.000,nan,nan,nan,0.0000,0.0000,0.0000,nan,nan,nan,-8269.8704,1598.3062,-102.7760,-8269.8704,1598.3062,-102.7760,12.000,1,nan,nan
5.1110,356.6334,0,-8463.2883,1847.3737,-166.5390,nan,nan,nan,-0.3722,0.2842,0.8836,-0.7764,-0.6170,-0.1286,0.5086,-0.7338,0.4503,0.0000,0.0000,0.0000,-17.2798,13.1212,41.6162,-8270.4127,1598.7908,-101.0664,nan,nan,nan,-0.5980,0.7699,-0.2228,-0.1367,0.1760,0.9749,90.000,nan,nan,nan,0.0000,0.0000,0.0000,nan,nan,nan,-8270.4127,1598.7908,-101.0664,-8270.4127,1598.7908,-101.0664,12.000,1,nan,nan
5.1350,356.6500,0,-8463.6283,1847.6763,-165.8965,nan,nan,nan,-0.4093,0.3498,0.8427,-0.7896,-0.5985,-0.1351,0.4571,-0.7207,0.5212,0.0000,0.0000,0.0000,-18.0915,14.3708,40.8853,-8270.7454,1599.0409,-100.1790,nan,nan,nan,-0.5980,0.7699,-0.2228,-0.1367,0.1760,0.9749,90.000,nan,nan,nan,0.0000,0.0000,0.0000,nan,nan,nan,-8270.7454,1599.0409,-100.1790,-8270.7454,1599.0409,-100.1790,12.000,1,nan,nan
5.1610,356.6834,0,-8464.3562,1848.3705,-164.6832,nan,nan,nan,-0.4397,0.4034,0.8024,-0.7992,-0.5834,-0.1447,0.4098,-0.7049,0.5789,0.0000,0.0000,0.0000,-19.2698,16.2931,39.6503,-8271.6255,1599.6665,-98.1381,nan,nan,nan,-0.5980,0.7699,-0.2228,-0.1367,0.1760,0.9749,90.000,nan,nan,nan,0.0000,0.0000,0.0000,nan,nan,nan,-8271.6255,1599.6665,-98.1381,-8271.6255,1599.6665,-98.1381,12.000,1,nan,nan
5.1840,356.7000,0,-8464.6990,1848.7123,-164.1738,nan,nan,nan,-0.4795,0.4729,0.7392,-0.8089,-0.5649,-0.1632,0.3404,-0.6762,0.6534,0.0000,0.0000,0.0000,-20.2018,18.2280,37.1381,-8272.1304,1600.0022,-97.1159,nan,nan,nan,-0.5980,0.7699,-0.2228,-0.1367,0.1760,0.9749,90.000,nan,nan,nan,0.0000,0.0000,0.0000,nan,nan,nan,-8272.1304,1600.0022,-97.1159,-8272.1304,1600.0022,-97.1159,12.000,1,nan,nan
5.2080,356.7334,0,-8465.2279,1849.2269,-163.4089,nan,nan,nan,-0.4976,0.4842,0.7197,-0.8055,-0.5657,-0.1764,0.3217,-0.6675,0.6715,0.0000,0.0000,0.0000,-19.7752,18.6313,33.1192,-8273.2036,1600.7288,-95.0465,nan,nan,nan,-0.5980,0.7699,-0.2228,-0.1367,0.1760,0.9749,90.000,nan,nan,nan,0.0000,0.0000,0.0000,nan,nan,nan,-8273.2036,1600.7288,-95.0465,-8273.2036,1600.7288,-95.0465,12.000,1,nan,nan
5.2330,356.7500,0,-8465.4135,1849.3998,-163.1482,nan,nan,nan,-0.5101,0.4753,0.7168,-0.7977,-0.5732,-0.1876,0.3217,-0.6675,0.6715,0.0000,0.0000,0.0000,-17.8356,17.1556,27.7347,-8273.6620,1601.0426,-94.1696,nan,nan,nan,-0.5980,0.7699,-0.2228,-0.1367,0.1760,0.9749,90.000,nan,nan,nan,0.0000,0.0000,0.0000,nan,nan,nan,-8273.6620,1601.0426,-94.1696,-8273.6620,1601.0426,-94.1696,12.000,1,nan,nan
5.2580,356.7834,0,-8465.4135,1849.3998,-163.1482,nan,nan,nan,-0.5101,0.4753,0.7168,-0.7977,-0.5732,-0.1876,0.3217,-0.6675,0.6715,0.0000,0.0000,0.0000,-13.0802,12.6952,19.3777,-8274.5002,1601.6163,-92.5662,nan,nan,nan,-0.5980,0.7699,-0.2228,-0.1367,0.1760,0.9749,90.000,nan,nan,nan,0.0000,0.0000,0.0000,nan,nan,nan,-8274.5002,1601.6163,-92.5662,-8274.5002,1601.6163,-92.5662,12.000,0,nan,nan
5.2820,356.8000,0,-8465.4135,1849.3998,-163.1482,nan,nan,nan,-0.5101,0.4753,0.7168,-0.7977,-0.5732,-0.1876,0.3217,-0.6675,0.6715,0.0000,0.0000,0.0000,-8.0161,7.7012,11.5932,-8274.8490,1601.8551,-91.8989,nan,nan,nan,-0.5980,0.7699,-0.2228,-0.1367,0.1760,0.9749,90.000,nan,nan,nan,0.0000,0.0000,0.0000,nan,nan,nan,-8274.8490,1601.8551,-91.8989,-8274.8490,1601.8551,-91.8989,12.000,0,nan,nan
5.3080,356.8334,0,-8465.4135,1849.3998,-163.1482,nan,nan,nan,-0.5101,0.4753,0.7168,-0.7977,-0.5732,-0.1876,0.3217,-0.6675,0.6715,0.0000,0.0000,0.0000,-3.8294,3.6146,5.4469,-8275.4894,1602.2934,-90.6736,nan,nan,nan,-0.5980,0.7699,-0.2228,-0.1367,0.1760,0.9749,90.000,nan,nan,nan,0.0000,0.0000,0.0000,nan,nan,nan,-8275.4894,1602.2934,-90.6736,-8275.4894,1602.2934,-90.6736,12.000,0,nan,nan
5.3310,356.8500,0,-8465.4135,1849.3998,-163.1482,nan,nan,nan,-0.5101,0.4753,0.7168,-0.7977,-0.5732,-0.1876,0.3217,-0.6675,0.6715,0.0000,0.0000,0.0000,-0.7659,0.7229,1.0894,-8275.7583,1602.4775,-90.1593,nan,nan,nan,-0.5980,0.7699,-0.2228,-0.1367,0.1760,0.9749,90.000,nan,nan,nan,0.0000,0.0000,0.0000,nan,nan,nan,-8275.7583,1602.4775,-90.1593,-8275.7583,1602.4775,-90.1593,12.000,0,nan,nan
5.3570,356.8834,0,-8465.4135,1849.3998,-163.1482,nan,nan,nan,-0.5101,0.4753,0.7168,-0.7977,-0.5732,-0.1876,0.3217,-0.6675,0.6715,0.0000,0.0000,0.0000,-0.1532,0.1446,0.2179,-8276.2538,1602.8166,-89.2114,nan,nan,nan,-0.5980,0.7699,-0.2228,-0.1367,0.1760,0.9749,90.000,nan,nan,nan,0.0000,0.0000,0.0000,nan,nan,nan,-8276.2538,1602.8166,-89.2114,-8276.2538,1602.8166,-89.2114,12.000,0,nan,nan
5.3810,356.9000,0,-8465.4135,1849.3998,-163.1482,nan,nan,nan,-0.5101,0.4753,0.7168,-0.7977,-0.5732,-0.1876,0.3217,-0.6675,0.6715,0.0000,0.0000,0.0000,-0.0306,0.0289,0.0436,-8276.4635,1602.9601,-88.8103,nan,nan,nan,-0.5980,0.7699,-0.2228,-0.1367,0.1760,0.9749,90.000,nan,nan,nan,0.0000,0.0000,0.0000,nan,nan,nan,-8276.4635,1602.9601,-88.8103,-8276.4635,1602.9601,-88.8103,12.000,0,nan,nan
5.4060,356.9334,0,-8465.4135,1849.3998,-163.1482,nan,nan,nan,-0.5101,0.4753,0.7168,-0.7977,-0.5732,-0.1876,0.3217,-0.6675,0.6715,0.0000,0.0000,0.0000,-0.0061,0.0058,0.0087,-8276.8512,1603.2255,-88.0686,nan,nan,nan,-0.5980,0.7699,-0.2228,-0.1367,0.1760,0.9749,90.000,nan,nan,nan,0.0000,0.0000,0.0000,nan,nan,nan,-8276.8512,1603.2255,-88.0686,-8276.8512,1603.2255,-88.0686,12.000,0,nan,nan
5.4290,356.9500,0,-8465.4135,1849.3998,-163.1482,nan,nan,nan,-0.5101,0.4753,0.7168,-0.7977,-0.5732,-0.1876,0.3217,-0.6675,0.6715,0.0000,0.0000,0.0000,-0.0012,0.0012,0.0017,-8277.0164,1603.3386,-87.7526,nan,nan,nan,-0.5980,0.7699,-0.2228,-0.1367,0.1760,0.9749,90.000,nan,nan,nan,0.0000,0.0000,0.0000,nan,nan,nan,-8277.0164,1603.3386,-87.7526,-8277.0164,1603.3386,-87.7526,12.000,0,nan,nan
5.4540,356.9667,0,-8465.4135,1849.3998,-163.1482,nan,nan,nan,-0.5101,0.4753,0.7168,-0.7977,-0.5732,-0.1876,0.3217,-0.6675,0.6715,0.0000,0.0000,0.0000,-0.0002,0.0002,0.0003,-8277.1696,1603.4435,-87.4594,nan,nan,nan,-0.5980,0.7699,-0.2228,-0.1367,0.1760,0.9749,90.000,nan,nan,nan,0.0000,0.0000,0.0000,nan,nan,nan,-8277.1696,1603.4435,-87.4594,-8277.1696,1603.4435,-87.4594,12.000,0,nan,nan
5.4770,357.0000,0,-8465.4135,1849.3998,-163.1482,nan,nan,nan,-0.5101,0.4753,0.7168,-0.7977,-0.5732,-0.1876,0.3217,-0.6675,0.6715,0.0000,0.0000,0.0000,-0.0000,0.0000,0.0001,-8277.4542,1603.6383,-86.9150,nan,nan,nan,-0.5980,0.7699,-0.2228,-0.1367,0.1760,0.9749,90.000,nan,nan,nan,0.0000,0.0000,0.0000,nan,nan,nan,-8277.4542,1603.6383,-86.9150,-8277.4542,1603.6383,-86.9150,12.000,0,nan,nan
5.5010,357.0167,0,-8465.4135,1849.3998,-163.1482,nan,nan,nan,-0.5101,0.4753,0.7168,-0.7977,-0.5732,-0.1876,0.3217,-0.6675,0.6715,0.0000,0.0000,0.0000,-0.0000,0.0000,0.0000,-8277.5765,1603.7220,-86.6810,nan,nan,nan,-0.5980,0.7699,-0.2228,-0.1367,0.1760,0.9749,90.000,nan,nan,nan,0.0000,0.0000,0.0000,nan,nan,nan,-8277.5765,1603.7220,-86.6810,-8277.5765,1603.7220,-86.6810,12.000,0,nan,nan
5.5240,357.0500,0,-8465.4135,1849.3998,-163.1482,nan,nan,nan,-0.5101,0.4753,0.7168,-0.7977,-0.5732,-0.1876,0.3217,-0.6675,0.6715,0.0000,0.0000,0.0000,-0.0000,0.0000,0.0000,-8277.8043,1603.8779,-86.2453,nan,nan,nan,-0.5980,0.7699,-0.2228,-0.1367,0.1760,0.9749,90.000,nan,nan,nan,0.0000,0.0000,0.0000,nan,nan,nan,-8277.8043,1603.8779,-86.2453,-8277.8043,1603.8779,-86.2453,12.000,0,nan,nan
5.5480,357.0667,0,-8465.4135,1849.3998,-163.1482,nan,nan,nan,-0.5101,0.4753,0.7168,-0.7977,-0.5732,-0.1876,0.3217,-0.6675,0.6715,0.0000,0.0000,0.0000,-0.0000,0.0000,0.0000,-8277.9028,1603.9453,-86.0569,nan,nan,nan,-0.5980,0.7699,-0.2228,-0.1367,0.1760,0.9749,90.000,nan,nan,nan,0.0000,0.0000,0.0000,nan,nan,nan,-8277.9028,1603.9453,-86.0569,-8277.9028,1603.9453,-86.0569,12.000,0,nan,nan
5.5720,357.1000,0,-8465.4135,1849.3998,-163.1482,nan,nan,nan,-0.5101,0.4753,0.7168,-0.7977,-0.5732,-0.1876,0.3217,-0.6675,0.6715,0.0000,0.0000,0.0000,-0.0000,0.0000,0.0000,-8278.0866,1604.0712,-85.7052,nan,nan,nan,-0.5980,0.7699,-0.2228,-0.1367,0.1760,0.9749,90.000,nan,nan,nan,0.0000,0.0000,0.0000,nan,nan,nan,-8278.0866,1604.0712,-85.7052,-8278.0866,1604.0712,-85.7052,12.000,0,nan,nan
5.5940,357.1167,0,-8465.4135,1849.3998,-163.1482,nan,nan,nan,-0.5101,0.4753,0.7168,-0.7977,-0.5732,-0.1876,0.3217,-0.6675,0.6715,0.0000,0.0000,0.0000,-0.0000,0.0000,0.0000,-8278.1666,1604.1259,-85.5523,nan,nan,nan,-0.5980,0.7699,-0.2228,-0.1367,0.1760,0.9749,90.000,nan,nan,nan,0.0000,0.0000,0.0000,nan,nan,nan,-8278.1666,1604.1259,-85.5523,-8278.1666,1604.1259,-85.5523,12.000,0,nan,nan
5.6190,357.1334,0,-8465.4135,1849.3998,-163.1482,nan,nan,nan,-0.5101,0.4753,0.7168,-0.7977,-0.5732,-0.1876,0.3217,-0.6675,0.6715,0.0000,0.0000,0.0000,-0.0000,0.0000,0.0000,-8278.2413,1604.1771,-85.4092,nan,nan,nan,-0.5980,0.7699,-0.2228,-0.1367,0.1760,0.9749,90.000,nan,nan,nan,0.0000,0.0000,0.0000,nan,nan,nan,-8278.2413,1604.1771,-85.4092,-8278.2413,1604.1771,-85.4092,12.000,0,nan,nan
5.6420,357.1667,0,-8465.4135,1849.3998,-163.1482,nan,nan,nan,-0.5101,0.4753,0.7168,-0.7977,-0.5732,-0.1876,0.3217,-0.6675,0.6715,0.0000,0.0000,0.0000,-0.0000,0.0000,0.0000,-8278.3814,1604.2729,-85.1413,nan,nan,nan,-0.5980,0.7699,-0.2228,-0.1367,0.1760,0.9749,90.000,nan,nan,nan,0.0000,0.0000,0.0000,nan,nan,nan,-8278.3814,1604.2729,-85.1413,-8278.3814,1604.2729,-85.1413,12.000,0,nan,nan
5.6670,357.1834,0,-8465.4135,1849.3998,-163.1482,nan,nan,nan,-0.5101,0.4753,0.7168,-0.7977,-0.5732,-0.1876,0.3217,-0.6675,0.6715,0.0000,0.0000,0.0000,-0.0000,0.0000,0.0000,-8278.4427,1604.3149,-85.0240,nan,nan,nan,-0.5980,0.7699,-0.2228,-0.1367,0.1760,0.9749,90.000,nan,nan,nan,0.0000,0.0000,0.0000,nan,nan,nan,-8278.4427,1604.3149,-85.0240,-8278.4427,1604.3149,-85.0240,12.000,0,nan,nan
5.6910,357.2167,0,-8465.4135,1849.3998,-163.1482,nan,nan,nan,-0.5101,0.4753,0.7168,-0.7977,-0.5732,-0.1876,0.3217,-0.6675,0.6715,0.0000,0.0000,0.0000,-0.0000,0.0000,0.0000,-8278.5577,1604.3936,-84.8040,nan,nan,nan,-0.5980,0.7699,-0.2228,-0.1367,0.1760,0.9749,90.000,nan,nan,nan,0.0000,0.0000,0.0000,nan,nan,nan,-8278.5577,1604.3936,-84.8040,-8278.5577,1604.3936,-84.8040,12.000,0,nan,nan
5.7150,357.2334,0,-8465.4135,1849.3998,-163.1482,nan,nan,nan,-0.5101,0.4753,0.7168,-0.7977,-0.5732,-0.1876,0.3217,-0.6675,0.6715,0.0000,0.0000,0.0000,-0.0000,0.0000,0.0000,-8278.6083,1604.4282,-84.7072,nan,nan,nan,-0.5980,0.7699,-0.2228,-0.1367,0.1760,0.9749,90.000,nan,nan,nan,0.0000,0.0000,0.0000,nan,nan,nan,-8278.6083,1604.4282,-84.7072,-8278.6083,1604.4282,-84.7072,12.000,0,nan,nan
5.7390,357.2667,0,-8465.4135,1849.3998,-163.1482,nan,nan,nan,-0.5101,0.4753,0.7168,-0.7977,-0.5732,-0.1876,0.3217,-0.6675,0.6715,0.0000,0.0000,0.0000,-0.0000,0.0000,0.0000,-8278.7034,1604.4933,-84.5253,nan,nan,nan,-0.5980,0.7699,-0.2228,-0.1367,0.1760,0.9749,90.000,nan,nan,nan,0.0000,0.0000,0.0000,nan,nan,nan,-8278.7034,1604.4933,-84.5253,-8278.7034,1604.4933,-84.5253,12.000,0,nan,nan
5.7620,357.2834,0,-8465.4135,1849.3998,-163.1482,nan,nan,nan,-0.5101,0.4753,0.7168,-0.7977,-0.5732,-0.1876,0.3217,-0.6675,0.6715,0.0000,0.0000,0.0000,-0.0000,0.0000,0.0000,-8278.7454,1604.5221,-84.4450,nan,nan,nan,-0.5980,0.7699,-0.2228,-0.1367,0.1760,0.9749,90.000,nan,nan,nan,0.0000,0.0000,0.0000,nan,nan,nan,-8278.7454,1604.5221,-84.4450,-8278.7454,1604.5221,-84.4450,12.000,0,nan,nan
5.7880,357.3000,0,-8465.4135,1849.3998,-163.1482,nan,nan,nan,-0.5101,0.4753,0.7168,-0.7977,-0.5732,-0.1876,0.3217,-0.6675,0.6715,0.0000,0.0000,0.0000,-0.0000,0.0000,0.0000,-8278.7849,1604.5491,-84.3693,nan,nan,nan,-0.5980,0.7699,-0.2228,-0.1367,0.1760,0.9749,90.000,nan,nan,nan,0.0000,0.0000,0.0000,nan,nan,nan,-8278.7849,1604.5491,-84.3693,-8278.7849,1604.5491,-84.3693,12.000,0,nan,nan
5.8100,357.3334,0,-8465.4135,1849.3998,-163.1482,nan,nan,nan,-0.5101,0.4753,0.7168,-0.7977,-0.5732,-0.1876,0.3217,-0.6675,0.6715,0.0000,0.0000,0.0000,-0.0000,0.0000,0.0000,-8278.8595,1604.6002,-84.2266,nan,nan,nan,-0.5980,0.7699,-0.2228,-0.1367,0.1760,0.9749,90.000,nan,nan,nan,0.0000,0.0000,0.0000,nan,nan,nan,-8278.8595,1604.6002,-84.2266,-8278.8595,1604.6002,-84.2266,12.000,0,nan,nan
5.8360,357.3500,0,-8465.4135,1849.3998,-163.1482,nan,nan,nan,-0.5101,0.4753,0.7168,-0.7977,-0.5732,-0.1876,0.3217,-0.6675,0.6715,0.0000,0.0000,0.0000,-0.0000,0.0000,0.0000,-8278.8926,1604.6228,-84.1633,nan,nan,nan,-0.5980,0.7699,-0.2228,-0.1367,0.1760,0.9749,90.000,nan,nan,nan,0.0000,0.0000,0.0000,nan,nan,nan,-8278.8926,1604.6228,-84.1633,-8278.8926,1604.6228,-84.1633,12.000,0,nan,nan
5.8580,357.3834,0,-8465.4135,1849.3998,-163.1482,nan,nan,nan,-0.5101,0.4753,0.7168,-0.7977,-0.5732,-0.1876,0.3217,-0.6675,0.6715,0.0000,0.0000,0.0000,-0.0000,0.0000,0.0000,-8278.9552,1604.6656,-84.0437,nan,nan,nan,-0.5980,0.7699,-0.2228,-0.1367,0.1760,0.9749,90.000,nan,nan,nan,0.0000,0.0000,0.0000,nan,nan,nan,-8278.9552,1604.6656,-84.0437,-8278.9552,1604.6656,-84.0437,12.000,0,nan,nan
5.8800,357.4000,0,-8465.4135,1849.3998,-163.1482,nan,nan,nan,-0.5101,0.4753,0.7168,-0.7977,-0.5732,-0.1876,0.3217,-0.6675,0.6715,0.0000,0.0000,0.0000,-0.0000,0.0000,0.0000,-8278.9830,1604.6847,-83.9904,nan,nan,nan,-0.5980,0.7699,-0.2228,-0.1367,0.1760,0.9749,90.000,nan,nan,nan,0.0000,0.0000,0.0000,nan,nan,nan,-8278.9830,1604.6847,-83.9904,-8278.9830,1604.6847,-83.9904,12.000,0,nan,nan
5.9040,357.4334,0,-8465.4135,1849.3998,-163.1482,nan,nan,nan,-0.5101,0.4753,0.7168,-0.7977,-0.5732,-0.1876,0.3217,-0.6675,0.6715,0.0000,0.0000,0.0000,-0.0000,0.0000,0.0000,-8279.0357,1604.7208,-83.8897,nan,nan,nan,-0.5980,0.7699,-0.2228,-0.1367,0.1760,0.9749,90.000,nan,nan,nan,0.0000,0.0000,0.0000,nan,nan,nan,-8279.0357,1604.7208,-83.8897,-8279.0357,1604.7208,-83.8897,12.000,0,nan,nan
5.9260,357.4500,0,-8465.4135,1849.3998,-163.1482,nan,nan,nan,-0.5101,0.4753,0.7168,-0.7977,-0.5732,-0.1876,0.3217,-0.6675,0.6715,0.0000,0.0000,0.0000,-0.0000,0.0000,0.0000,-8279.0592,1604.7369,-83.8446,nan,nan,nan,-0.5980,0.7699,-0.2228,-0.1367,0.1760,0.9749,90.000,nan,nan,nan,0.0000,0.0000,0.0000,nan,nan,nan,-8279.0592,1604.7369,-83.8446,-8279.0592,1604.7369,-83.8446,12.000,0,nan,nan
5.9490,357.4667,0,-8465.4135,1849.3998,-163.1482,nan,nan,nan,-0.5101,0.4753,0.7168,-0.7977,-0.5732,-0.1876,0.3217,-0.6675,0.6715,0.0000,0.0000,0.0000,-0.0000,0.0000,0.0000,-8279.0815,1604.7521,-83.8019,nan,nan,nan,-0.5980,0.7699,-0.2228,-0.1367,0.1760,0.9749,90.000,nan,nan,nan,0.0000,0.0000,0.0000,nan,nan,nan,-8279.0815,1604.7521,-83.8019,-8279.0815,1604.7521,-83.8019,12.000,0,nan,nan
5.9740,357.5000,0,-8465.4135,1849.3998,-163.1482,nan,nan,nan,-0.5101,0.4753,0.7168,-0.7977,-0.5732,-0.1876,0.3217,-0.6675,0.6715,0.0000,0.0000,0.0000,-0.0000,0.0000,0.0000,-8279.1238,1604.7811,-83.7210,nan,nan,nan,-0.5980,0.7699,-0.2228,-0.1367,0.1760,0.9749,90.000,nan,nan,nan,0.0000,0.0000,0.0000,nan,nan,nan,-8279.1238,1604.7811,-83.7210,-8279.1238,1604.7811,-83.7210,12.000,0,nan,nan
5.9980,357.5167,0,-8465.4135,1849.3998,-163.1482,nan,nan,nan,-0.5101,0.4753,0.7168,-0.7977,-0.5732,-0.1876,0.3217,-0.6675,0.6715,0.0000,0.0000,0.0000,-0.0000,0.0000,0.0000,-8279.1428,1604.7941,-83.6847,nan,nan,nan,-0.5980,0.7699,-0.2228,-0.1367,0.1760,0.9749,90.000,nan,nan,nan,0.0000,0.0000,0.0000,nan,nan,nan,-8279.1428,1604.7941,-83.6847,-8279.1428,1604.7941,-83.6847,12.000,0,nan,nan
6.0210,357.5500,0,-8465.4135,1849.3998,-163.1482,nan,nan,nan,-0.5101,0.4753,0.7168,-0.7977,-0.5732,-0.1876,0.3217,-0.6675,0.6715,0.0000,0.0000,0.0000,-0.0000,0.0000,0.0000,-8279.1788,1604.8187,-83.6158,nan,nan,nan,-0.5980,0.7699,-0.2228,-0.1367,0.1760,0.9749,90.000,nan,nan,nan,0.0000,0.0000,0.0000,nan,nan,nan,-8279.1788,1604.8187,-83.6158,-8279.1788,1604.8187,-83.6158,12.000,0,nan,nan
6.0470,357.5667,0,-8465.4135,1849.3998,-163.1482,nan,nan,nan,-0.5101,0.4753,0.7168,-0.7977,-0.5732,-0.1876,0.3217,-0.6675,0.6715,0.0000,0.0000,0.0000,-0.0000,0.0000,0.0000,-8279.1951,1604.8298,-83.5848,nan,nan,nan,-0.5980,0.7699,-0.2228,-0.1367,0.1760,0.9749,90.000,nan,nan,nan,0.0000,0.0000,0.0000,nan,nan,nan,-8279.1951,1604.8298,-83.5848,-8279.1951,1604.8298,-83.5848,12.000,0,nan,nan
6.0700,357.6000,0,-8465.4135,1849.3998,-163.1482,nan,nan,nan,-0.5101,0.4753,0.7168,-0.7977,-0.5732,-0.1876,0.3217,-0.6675,0.6715,0.0000,0.0000,0.0000,-0.0000,0.0000,0.0000,-8279.2259,1604.8510,-83.5258,nan,nan,nan,-0.5980,0.7699,-0.2228,-0.1367,0.1760,0.9749,90.000,nan,nan,nan,0.0000,0.0000,0.0000,nan,nan,nan,-8279.2259,1604.8510,-83.5258,-8279.2259,1604.8510,-83.5258,12.000,0,nan,nan
6.0930,357.6167,0,-8465.4135,1849.3998,-163.1482,nan,nan,nan,-0.5101,0.4753,0.7168,-0.7977,-0.5732,-0.1876,0.3217,-0.6675,0.6715,0.0000,0.0000,0.0000,-0.0000,0.0000,0.0000,-8279.2398,1604.8605,-83.4991,nan,nan,nan,-0.5980,0.7699,-0.2228,-0.1367,0.1760,0.9749,90.000,nan,nan,nan,0.0000,0.0000,0.0000,nan,nan,nan,-8279.2398,1604.8605,-83.4991,-8279.2398,1604.8605,-83.4991,12.000,0,nan,nan
6.1170,357.6334,0,-8465.4135,1849.3998,-163.1482,nan,nan,nan,-0.5101,0.4753,0.7168,-0.7977,-0.5732,-0.1876,0.3217,-0.6675,0.6715,0.0000,0.0000,0.0000,-0.0000,0.0000,0.0000,-8279.2531,1604.8696,-83.4738,nan,nan,nan,-0.5980,0.7699,-0.2228,-0.1367,0.1760,0.9749,90.000,nan,nan,nan,0.0000,0.0000,0.0000,nan,nan,nan,-8279.2531,1604.8696,-83.4738,-8279.2531,1604.8696,-83.4738,12.000,0,nan,nan
6.1390,357.6667,0,-8465.4135,1849.3998,-163.1482,nan,nan,nan,-0.5101,0.4753,0.7168,-0.7977,-0.5732,-0.1876,0.3217,-0.6675,0.6715,0.0000,0.0000,0.0000,-0.0000,0.0000,0.0000,-8279.2783,1604.8868,-83.4255,nan,nan,nan,-0.5980,0.7699,-0.2228,-0.1367,0.1760,0.9749,90.000,nan,nan,nan,0.0000,0.0000,0.0000,nan,nan,nan,-8279.2783,1604.8868,-83.4255,-8279.2783,1604.8868,-83.4255,12.000,0,nan,nan
6.1630,357.6834,0,-8465.4135,1849.3998,-163.1482,nan,nan,nan,-0.5101,0.4753,0.7168,-0.7977,-0.5732,-0.1876,0.3217,-0.6675,0.6715,0.0000,0.0000,0.0000,-0.0000,0.0000,0.0000,-8279.2897,1604.8947,-83.4036,nan,nan,nan,-0.5980,0.7699,-0.2228,-0.1367,0.1760,0.9749,90.000,nan,nan,nan,0.0000,0.0000,0.0000,nan,nan,nan,-8279.2897,1604.8947,-83.4036,-8279.2897,1604.8947,-83.4036,12.000,0,nan,nan
6.1860,357.7000,0,-8465.4135,1849.3998,-163.1482,nan,nan,nan,-0.5101,0.4753,0.7168,-0.7977,-0.5732,-0.1876,0.3217,-0.6675,0.6715,0.0000,0.0000,0.0000,-0.0000,0.0000,0.0000,-8279.3006,1604.9021,-83.3828,nan,nan,nan,-0.5980,0.7699,-0.2228,-0.1367,0.1760,0.9749,90.000,nan,nan,nan,0.0000,0.0000,0.0000,nan,nan,nan,-8279.3006,1604.9021,-83.3828,-8279.3006,1604.9021,-83.3828,12.000,0,nan,nan
6.2100,357.7334,0,-8465.4135,1849.3998,-163.1482,nan,nan,nan,-0.5101,0.4753,0.7168,-0.7977,-0.5732,-0.1876,0.3217,-0.6675,0.6715,0.0000,0.0000,0.0000,-0.0000,0.0000,0.0000,-8279.3214,1604.9163,-83.3430,nan,nan,nan,-0.5980,0.7699,-0.2228,-0.1367,0.1760,0.9749,90.000,nan,nan,nan,0.0000,0.0000,0.0000,nan,nan,nan,-8279.3214,1604.9163,-83.3430,-8279.3214,1604.9163,-83.3430,12.000,0,nan,nan
6.2340,357.7500,0,-8465.4135,1849.3998,-163.1482,nan,nan,nan,-0.5101,0.4753,0.7168,-0.7977,-0.5732,-0.1876,0.3217,-0.6675,0.6715,0.0000,0.0000,0.0000,-0.0000,0.0000,0.0000,-8279.3309,1604.9228,-83.3249,nan,nan,nan,-0.5980,0.7699,-0.2228,-0.1367,0.1760,0.9749,90.000,nan,nan,nan,0.0000,0.0000,0.0000,nan,nan,nan,-8279.3309,1604.9228,-83.3249,-8279.3309,1604.9228,-83.3249,12.000,0,nan,nan
6.2570,357.7834,0,-8465.4135,1849.3998,-163.1482,nan,nan,nan,-0.5101,0.4753,0.7168,-0.7977,-0.5732,-0.1876,0.3217,-0.6675,0.6715,0.0000,0.0000,0.0000,-0.0000,0.0000,0.0000,-8279.3489,1604.9352,-83.2904,nan,nan,nan,-0.5980,0.7699,-0.2228,-0.1367,0.1760,0.9749,90.000,nan,nan,nan,0.0000,0.0000,0.0000,nan,nan,nan,-8279.3489,1604.9352,-83.2904,-8279.3489,1604.9352,-83.2904,12.000,0,nan,nan
6.2800,357.8000,0,-8465.4135,1849.3998,-163.1482,nan,nan,nan,-0.5101,0.4753,0.7168,-0.7977,-0.5732,-0.1876,0.3217,-0.6675,0.6715,0.0000,0.0000,0.0000,-0.0000,0.0000,0.0000,-8279.3571,1604.9408,-83.2747,nan,nan,nan,-0.5980,0.7699,-0.2228,-0.1367,0.1760,0.9749,90.000,nan,nan,nan,0.0000,0.0000,0.0000,nan,nan,nan,-8279.3571,1604.9408,-83.2747,-8279.3571,1604.9408,-83.2747,12.000,0,nan,nan
6.3020,357.8334,0,-8465.4135,1849.3998,-163.1482,nan,nan,nan,-0.5101,0.4753,0.7168,-0.7977,-0.5732,-0.1876,0.3217,-0.6675,0.6715,0.0000,0.0000,0.0000,-0.0000,0.0000,0.0000,-8279.3729,1604.9515,-83.2446,nan,nan,nan,-0.5980,0.7699,-0.2228,-0.1367,0.1760,0.9749,90.000,nan,nan,nan,0.0000,0.0000,0.0000,nan,nan,nan,-8279.3729,1604.9515,-83.2446,-8279.3729,1604.9515,-83.2446,12.000,0,nan,nan
6.3270,357.8500,0,-8465.4135,1849.3998,-163.1482,nan,nan,nan,-0.5101,0.4753,0.7168,-0.7977,-0.5732,-0.1876,0.3217,-0.6675,0.6715,0.0000,0.0000,0.0000,-0.0000,0.0000,0.0000,-8279.3800,1604.9565,-83.2309,nan,nan,nan,-0.5980,0.7699,-0.2228,-0.1367,0.1760,0.9749,90.000,nan,nan,nan,0.0000,0.0000,0.0000,nan,nan,nan,-8279.3800,1604.9565,-83.2309,-8279.3800,1604.9565,-83.2309,12.000,0,nan,nan
6.3490,357.8667,0,-8465.4135,1849.3998,-163.1482,nan,nan,nan,-0.5101,0.4753,0.7168,-0.7977,-0.5732,-0.1876,0.3217,-0.6675,0.6715,0.0000,0.0000,0.0000,-0.0000,0.0000,0.0000,-8279.3869,1604.9612,-83.2178,nan,nan,nan,-0.5980,0.7699,-0.2228,-0.1367,0.1760,0.9749,90.000,nan,nan,nan,0.0000,0.0000,0.0000,nan,nan,nan,-8279.3869,1604.9612,-83.2178,-8279.3869,1604.9612,-83.2178,12.000,0,nan,nan
6.3720,357.9000,0,-8465.4135,1849.3998,-163.1482,nan,nan,nan,-0.5101,0.4753,0.7168,-0.7977,-0.5732,-0.1876,0.3217,-0.6675,0.6715,0.0000,0.0000,0.0000,-0.0000,0.0000,0.0000,-8279.4000,1604.9701,-83.1926,nan,nan,nan,-0.5980,0.7699,-0.2228,-0.1367,0.1760,0.9749,90.000,nan,nan,nan,0.0000,0.0000,0.0000,nan,nan,nan,-8279.4000,1604.9701,-83.1926,-8279.4000,1604.9701,-83.1926,12.000,0,nan,nan
6.3970,357.9167,0,-8465.4135,1849.3998,-163.1482,nan,nan,nan,-0.5101,0.4753,0.7168,-0.7977,-0.5732,-0.1876,0.3217,-0.6675,0.6715,0.0000,0.0000,0.0000,-0.0000,0.0000,0.0000,-8279.4061,1604.9743,-83.1811,nan,nan,nan,-0.5980,0.7699,-0.2228,-0.1367,0.1760,0.9749,90.000,nan,nan,nan,0.0000,0.0000,0.0000,nan,nan,nan,-8279.4061,1604.9743,-83.1811,-8279.4061,1604.9743,-83.1811,12.000,0,nan,nan
6.4180,357.9500,0,-8465.4135,1849.3998,-163.1482,nan,nan,nan,-0.5101,0.4753,0.7168,-0.7977,-0.5732,-0.1876,0.3217,-0.6675,0.6715,0.0000,0.0000,0.0000,-0.0000,0.0000,0.0000,-8279.4176,1604.9822,-83.1591,nan,nan,nan,-0.5980,0.7699,-0.2228,-0.1367,0.1760,0.9749,90.000,nan,nan,nan,0.0000,0.0000,0.0000,nan,nan,nan,-8279.4176,1604.9822,-83.1591,-8279.4176,1604.9822,-83.1591,12.000,0,nan,nan
6.4410,357.9667,0,-8465.4135,1849.3998,-163.1482,nan,nan,nan,-0.5101,0.4753,0.7168,-0.7977,-0.5732,-0.1876,0.3217,-0.6675,0.6715,0.0000,0.0000,0.0000,-0.0000,0.0000,0.0000,-8279.4229,1604.9858,-83.1490,nan,nan,nan,-0.5980,0.7699,-0.2228,-0.1367,0.1760,0.9749,90.000,nan,nan,nan,0.0000,0.0000,0.0000,nan,nan,nan,-8279.4229,1604.9858,-83.1490,-8279.4229,1604.9858,-83.1490,12.000,0,nan,nan
6.4670,357.9834,0,-8465.4135,1849.3998,-163.1482,nan,nan,nan,-0.5101,0.4753,0.7168,-0.7977,-0.5732,-0.1876,0.3217,-0.6675,0.6715,0.0000,0.0000,0.0000,-0.0000,0.0000,0.0000,-8279.4279,1604.9892,-83.1393,nan,nan,nan,-0.5980,0.7699,-0.2228,-0.1367,0.1760,0.9749,90.000,nan,nan,nan,0.0000,0.0000,0.0000,nan,nan,nan,-8279.4279,1604.9892,-83.1393,-8279.4279,1604.9892,-83.1393,12.000,0,nan,nan
6.4890,358.0167,0,-8465.4135,1849.3998,-163.1482,nan,nan,nan,-0.5101,0.4753,0.7168,-0.7977,-0.5732,-0.1876,0.3217,-0.6675,0.6715,0.0000,0.0000,0.0000,-0.0000,0.0000,0.0000,-8279.4377,1604.9959,-83.1207,nan,nan,nan,-0.5980,0.7699,-0.2228,-0.1367,0.1760,0.9749,90.000,nan,nan,nan,0.0000,0.0000,0.0000,nan,nan,nan,-8279.4377,1604.9959,-83.1207,-8279.4377,1604.9959,-83.1207,12.000,0,nan,nan
6.5110,358.0334,0,-8465.4135,1849.3998,-163.1482,nan,nan,nan,-0.5101,0.4753,0.7168,-0.7977,-0.5732,-0.1876,0.3217,-0.6675,0.6715,0.0000,0.0000,0.0000,-0.0000,0.0000,0.0000,-8279.4421,1604.9990,-83.1121,nan,nan,nan,-0.5980,0.7699,-0.2228,-0.1367,0.1760,0.9749,90.000,nan,nan,nan,0.0000,0.0000,0.0000,nan,nan,nan,-8279.4421,1604.9990,-83.1121,-8279.4421,1604.9990,-83.1121,12.000,0,nan,nan
6.5350,358.0500,0,-8465.4135,1849.3998,-163.1482,nan,nan,nan,-0.5101,0.4753,0.7168,-0.7977,-0.5732,-0.1876,0.3217,-0.6675,0.6715,0.0000,0.0000,0.0000,-0.0000,0.0000,0.0000,-8279.4464,1605.0019,-83.1039,nan,nan,nan,-0.5980,0.7699,-0.2228,-0.1367,0.1760,0.9749,90.000,nan,nan,nan,0.0000,0.0000,0.0000,nan,nan,nan,-8279.4464,1605.0019,-83.1039,-8279.4464,1605.0019,-83.1039,12.000,0,nan,nan
6.5580,358.0834,0,-8465.4135,1849.3998,-163.1482,nan,nan,nan,-0.5101,0.4753,0.7168,-0.7977,-0.5732,-0.1876,0.3217,-0.6675,0.6715,0.0000,0.0000,0.0000,-0.0000,0.0000,0.0000,-8279.4547,1605.0076,-83.0881,nan,nan,nan,-0.5980,0.7699,-0.2228,-0.1367,0.1760,0.9749,90.000,nan,nan,nan,0.0000,0.0000,0.0000,nan,nan,nan,-8279.4547,1605.0076,-83.0881,-8279.4547,1605.0076,-83.0881,12.000,0,nan,nan
6.5840,358.1000,0,-8465.4135,1849.3998,-163.1482,nan,nan,nan,-0.5101,0.4753,0.7168,-0.7977,-0.5732,-0.1876,0.3217,-0.6675,0.6715,0.0000,0.0000,0.0000,-0.0000,0.0000,0.0000,-8279.4585,1605.0102,-83.0808,nan,nan,nan,-0.5980,0.7699,-0.2228,-0.1367,0.1760,0.9749,90.000,nan,nan,nan,0.0000,0.0000,0.0000,nan,nan,nan,-8279.4585,1605.0102,-83.0808,-8279.4585,1605.0102,-83.0808,12.000,0,nan,nan
6.6060,358.1334,0,-8465.4135,1849.3998,-163.1482,nan,nan,nan,-0.5101,0.4753,0.7168,-0.7977,-0.5732,-0.1876,0.3217,-0.6675,0.6715,0.0000,0.0000,0.0000,-0.0000,0.0000,0.0000,-8279.4658,1605.0152,-83.0668,nan,nan,nan,-0.5980,0.7699,-0.2228,-0.1367,0.1760,0.9749,90.000,nan,nan,nan,0.0000,0.0000,0.0000,nan,nan,nan,-8279.4658,1605.0152,-83.0668,-8279.4658,1605.0152,-83.0668,12.000,0,nan,nan
6.6300,358.1500,0,-8465.4135,1849.3998,-163.1482,nan,nan,nan,-0.5101,0.4753,0.7168,-0.7977,-0.5732,-0.1876,0.3217,-0.6675,0.6715,0.0000,0.0000,0.0000,-0.0000,0.0000,0.0000,-8279.4692,1605.0175,-83.0604,nan,nan,nan,-0.5980,0.7699,-0.2228,-0.1367,0.1760,0.9749,90.000,nan,nan,nan,0.0000,0.0000,0.0000,nan,nan,nan,-8279.4692,1605.0175,-83.0604,-8279.4692,1605.0175,-83.0604,12.000,0,nan,nan
6.6540,358.1834,0,-8465.4135,1849.3998,-163.1482,nan,nan,nan,-0.5101,0.4753,0.7168,-0.7977,-0.5732,-0.1876,0.3217,-0.6675,0.6715,0.0000,0.0000,0.0000,-0.0000,0.0000,0.0000,-8279.4757,1605.0219,-83.0479,nan,nan,nan,-0.5980,0.7699,-0.2228,-0.1367,0.1760,0.9749,90.000,nan,nan,nan,0.0000,0.0000,0.0000,nan,nan,nan,-8279.4757,1605.0219,-83.0479,-8279.4757,1605.0219,-83.0479,12.000,0,nan,nan
6.6760,358.2000,0,-8465.4135,1849.3998,-163.1482,nan,nan,nan,-0.5101,0.4753,0.7168,-0.7977,-0.5732,-0.1876,0.3217,-0.6675,0.6715,0.0000,0.0000,0.0000,-0.0000,0.0000,0.0000,-8279.4787,1605.0240,-83.0422,nan,nan,nan,-0.5980,0.7699,-0.2228,-0.1367,0.1760,0.9749,90.000,nan,nan,nan,0.0000,0.0000,0.0000,nan,nan,nan,-8279.4787,1605.0240,-83.0422,-8279.4787,1605.0240,-83.0422,12.000,0,nan,nan
6.7000,358.2167,0,-8465.4135,1849.3998,-163.1482,nan,nan,nan,-0.5101,0.4753,0.7168,-0.7977,-0.5732,-0.1876,0.3217,-0.6675,0.6715,0.0000,0.0000,0.0000,-0.0000,0.0000,0.0000,-8279.4816,1605.0260,-83.0367,nan,nan,nan,-0.5980,0.7699,-0.2228,-0.1367,0.1760,0.9749,90.000,nan,nan,nan,0.0000,0.0000,0.0000,nan,nan,nan,-8279.4816,1605.0260,-83.0367,-8279.4816,1605.0260,-83.0367,12.000,0,nan,nan
6.7250,358.2500,0,-8465.4135,1849.3998,-163.1482,nan,nan,nan,-0.5101,0.4753,0.7168,-0.7977,-0.5732,-0.1876,0.3217,-0.6675,0.6715,0.0000,0.0000,0.0000,-0.0000,0.0000,0.0000,-8279.4871,1605.0298,-83.0260,nan,nan,nan,-0.5980,0.7699,-0.2228,-0.1367,0.1760,0.9749,90.000,nan,nan,nan,0.0000,0.0000,0.0000,nan,nan,nan,-8279.4871,1605.0298,-83.0260,-8279.4871,1605.0298,-83.0260,12.000,0,nan,nan
6.7470,358.2667,0,-8465.4135,1849.3998,-163.1482,nan,nan,nan,-0.5101,0.4753,0.7168,-0.7977,-0.5732,-0.1876,0.3217,-0.6675,0.6715,0.0000,0.0000,0.0000,-0.0000,0.0000,0.0000,-8279.4897,1605.0315,-83.0211,nan,nan,nan,-0.5980,0.7699,-0.2228,-0.1367,0.1760,0.9749,90.000,nan,nan,nan,0.0000,0.0000,0.0000,nan,nan,nan,-8279.4897,1605.0315,-83.0211,-8279.4897,1605.0315,-83.0211,12.000,0,nan,nan
6.7710,358.3000,0,-8465.4135,1849.3998,-163.1482,nan,nan,nan,-0.5101,0.4753,0.7168,-0.7977,-0.5732,-0.1876,0.3217,-0.6675,0.6715,0.0000,0.0000,0.0000,-0.0000,0.0000,0.0000,-8279.4947,1605.0349,-83.0116,nan,nan,nan,-0.5980,0.7699,-0.2228,-0.1367,0.1760,0.9749,90.000,nan,nan,nan,0.0000,0.0000,0.0000,nan,nan,nan,-8279.4947,1605.0349,-83.0116,-8279.4947,1605.0349,-83.0116,12.000,0,nan,nan
6.7950,358.3167,0,-8465.4135,1849.3998,-163.1482,nan,nan,nan,-0.5101,0.4753,0.7168,-0.7977,-0.5732,-0.1876,0.3217,-0.6675,0.6715,0.0000,0.0000,0.0000,-0.0000,0.0000,0.0000,-8279.4970,1605.0365,-83.0072,nan,nan,nan,-0.5980,0.7699,-0.2228,-0.1367,0.1760,0.9749,90.000,nan,nan,nan,0.0000,0.0000,0.0000,nan,nan,nan,-8279.4970,1605.0365,-83.0072,-8279.4970,1605.0365,-83.0072,12.000,0,nan,nan
6.8170,358.3334,0,-8465.4135,1849.3998,-163.1482,nan,nan,nan,-0.5101,0.4753,0.7168,-0.7977,-0.5732,-0.1876,0.3217,-0.6675,0.6715,0.0000,0.0000,0.0000,-0.0000,0.0000,0.0000,-8279.4992,1605.0380,-83.0029,nan,nan,nan,-0.5980,0.7699,-0.2228,-0.1367,0.1760,0.9749,90.000,nan,nan,nan,0.0000,0.0000,0.0000,nan,nan,nan,-8279.4992,1605.0380,-83.0029,-8279.4992,1605.0380,-83.0029,12.000,0,nan,nan
6.8420,358.3667,0,-8465.4135,1849.3998,-163.1482,nan,nan,nan,-0.5101,0.4753,0.7168,-0.7977,-0.5732,-0.1876,0.3217,-0.6675,0.6715,0.0000,0.0000,0.0000,-0.0000,0.0000,0.0000,-8279.5035,1605.0410,-82.9947,nan,nan,nan,-0.5980,0.7699,-0.2228,-0.1367,0.1760,0.9749,90.000,nan,nan,nan,0.0000,0.0000,0.0000,nan,nan,nan,-8279.5035,1605.0410,-82.9947,-8279.5035,1605.0410,-82.9947,12.000,0,nan,nan
6.8650,358.3834,0,-8465.4135,1849.3998,-163.1482,nan,nan,nan,-0.5101,0.4753,0.7168,-0.7977,-0.5732,-0.1876,0.3217,-0.6675,0.6715,0.0000,0.0000,0.0000,-0.0000,0.0000,0.0000,-8279.5055,1605.0423,-82.9909,nan,nan,nan,-0.5980,0.7699,-0.2228,-0.1367,0.1760,0.9749,90.000,nan,nan,nan,0.0000,0.0000,0.0000,nan,nan,nan,-8279.5055,1605.0423,-82.9909,-8279.5055,1605.0423,-82.9909,12.000,0,nan,nan
6.8880,358.4167,0,-8465.4135,1849.3998,-163.1482,nan,nan,nan,-0.5101,0.4753,0.7168,-0.7977,-0.5732,-0.1876,0.3217,-0.6675,0.6715,0.0000,0.0000,0.0000,-0.0000,0.0000,0.0000,-8279.5094,1605.0450,-82.9835,nan,nan,nan,-0.5980,0.7699,-0.2228,-0.1367,0.1760,0.9749,90.000,nan,nan,nan,0.0000,0.0000,0.0000,nan,nan,nan,-8279.5094,1605.0450,-82.9835,-8279.5094,1605.0450,-82.9835,12.000,0,nan,nan
6.9090,358.4334,0,-8465.4135,1849.3998,-163.1482,nan,nan,nan,-0.5101,0.4753,0.7168,-0.7977,-0.5732,-0.1876,0.3217,-0.6675,0.6715,0.0000,0.0000,0.0000,-0.0000,0.0000,0.0000,-8279.5112,1605.0462,-82.9801,nan,nan,nan,-0.5980,0.7699,-0.2228,-0.1367,0.1760,0.9749,90.000,nan,nan,nan,0.0000,0.0000,0.0000,nan,nan,nan,-8279.5112,1605.0462,-82.9801,-8279.5112,1605.0462,-82.9801,12.000,0,nan,nan
6.9340,358.4500,0,-8465.4135,1849.3998,-163.1482,nan,nan,nan,-0.5101,0.4753,0.7168,-0.7977,-0.5732,-0.1876,0.3217,-0.6675,0.6715,0.0000,0.0000,0.0000,-0.0000,0.0000,0.0000,-8279.5129,1605.0474,-82.9768,nan,nan,nan,-0.5980,0.7699,-0.2228,-0.1367,0.1760,0.9749,90.000,nan,nan,nan,0.0000,0.0000,0.0000,nan,nan,nan,-8279.5129,1605.0474,-82.9768,-8279.5129,1605.0474,-82.9768,12.000,0,nan,nan
6.9550,358.4834,0,-8465.4135,1849.3998,-163.1482,nan,nan,nan,-0.5101,0.4753,0.7168,-0.7977,-0.5732,-0.1876,0.3217,-0.6675,0.6715,0.0000,0.0000,0.0000,-0.0000,0.0000,0.0000,-8279.5162,1605.0497,-82.9704,nan,nan,nan,-0.5980,0.7699,-0.2228,-0.1367,0.1760,0.9749,90.000,nan,nan,nan,0.0000,0.0000,0.0000,nan,nan,nan,-8279.5162,1605.0497,-82.9704,-8279.5162,1605.0497,-82.9704,12.000,0,nan,nan
6.9790,358.5000,0,-8465.4135,1849.3998,-163.1482,nan,nan,nan,-0.5101,0.4753,0.7168,-0.7977,-0.5732,-0.1876,0.3217,-0.6675,0.6715,0.0000,0.0000,0.0000,-0.0000,0.0000,0.0000,-8279.5178,1605.0507,-82.9674,nan,nan,nan,-0.5980,0.7699,-0.2228,-0.1367,0.1760,0.9749,90.000,nan,nan,nan,0.0000,0.0000,0.0000,nan,nan,nan,-8279.5178,1605.0507,-82.9674,-8279.5178,1605.0507,-82.9674,12.000,0,nan,nan
7.0020,358.5167,0,-8465.4135,1849.3998,-163.1482,nan,nan,nan,-0.5101,0.4753,0.7168,-0.7977,-0.5732,-0.1876,0.3217,-0.6675,0.6715,0.0000,0.0000,0.0000,-0.0000,0.0000,0.0000,-8279.5193,1605.0518,-82.9645,nan,nan,nan,-0.5980,0.7699,-0.2228,-0.1367,0.1760,0.9749,90.000,nan,nan,nan,0.0000,0.0000,0.0000,nan,nan,nan,-8279.5193,1605.0518,-82.9645,-8279.5193,1605.0518,-82.9645,12.000,0,nan,nan
7.0260,358.5500,0,-8465.4135,1849.3998,-163.1482,nan,nan,nan,-0.5101,0.4753,0.7168,-0.7977,-0.5732,-0.1876,0.3217,-0.6675,0.6715,0.0000,0.0000,0.0000,-0.0000,0.0000,0.0000,-8279.5222,1605.0538,-82.9589,nan,nan,nan,-0.5980,0.7699,-0.2228,-0.1367,0.1760,0.9749,90.000,nan,nan,nan,0.0000,0.0000,0.0000,nan,nan,nan,-8279.5222,1605.0538,-82.9589,-8279.5222,1605.0538,-82.9589,12.000,0,nan,nan
7.0480,358.5667,0,-8465.4135,1849.3998,-163.1482,nan,nan,nan,-0.5101,0.4753,0.7168,-0.7977,-0.5732,-0.1876,0.3217,-0.6675,0.6715,0.0000,0.0000,0.0000,-0.0000,0.0000,0.0000,-8279.5236,1605.0547,-82.9563,nan,nan,nan,-0.5980,0.7699,-0.2228,-0.1367,0.1760,0.9749,90.000,nan,nan,nan,0.0000,0.0000,0.0000,nan,nan,nan,-8279.5236,1605.0547,-82.9563,-8279.5236,1605.0547,-82.9563,12.000,0,nan,nan
7.0730,358.6000,0,-8465.4135,1849.3998,-163.1482,nan,nan,nan,-0.5101,0.4753,0.7168,-0.7977,-0.5732,-0.1876,0.3217,-0.6675,0.6715,0.0000,0.0000,0.0000,-0.0000,0.0000,0.0000,-8279.5262,1605.0565,-82.9513,nan,nan,nan,-0.5980,0.7699,-0.2228,-0.1367,0.1760,0.9749,90.000,nan,nan,nan,0.0000,0.0000,0.0000,nan,nan,nan,-8279.5262,1605.0565,-82.9513,-8279.5262,1605.0565,-82.9513,12.000,0,nan,nan
7.0940,358.6167,0,-8465.4135,1849.3998,-163.1482,nan,nan,nan,-0.5101,0.4753,0.7168,-0.7977,-0.5732,-0.1876,0.3217,-0.6675,0.6715,0.0000,0.0000,0.0000,-0.0000,0.0000,0.0000,-8279.5274,1605.0574,-82.9489,nan,nan,nan,-0.5980,0.7699,-0.2228,-0.1367,0.1760,0.9749,90.000,nan,nan,nan,0.0000,0.0000,0.0000,nan,nan,nan,-8279.5274,1605.0574,-82.9489,-8279.5274,1605.0574,-82.9489,12.000,0,nan,nan
7.1180,358.6334,0,-8465.4135,1849.3998,-163.1482,nan,nan,nan,-0.5101,0.4753,0.7168,-0.7977,-0.5732,-0.1876,0.3217,-0.6675,0.6715,0.0000,0.0000,0.0000,-0.0000,0.0000,0.0000,-8279.5286,1605.0582,-82.9466,nan,nan,nan,-0.5980,0.7699,-0.2228,-0.1367,0.1760,0.9749,90.000,nan,nan,nan,0.0000,0.0000,0.0000,nan,nan,nan,-8279.5286,1605.0582,-82.9466,-8279.5286,1605.0582,-82.9466,12.000,0,nan,nan
7.1420,358.6667,0,-8465.4135,1849.3998,-163.1482,nan,nan,nan,-0.5101,0.4753,0.7168,-0.7977,-0.5732,-0.1876,0.3217,-0.6675,0.6715,0.0000,0.0000,0.0000,-0.0000,0.0000,0.0000,-8279.5309,1605.0598,-82.9422,nan,nan,nan,-0.5980,0.7699,-0.2228,-0.1367,0.1760,0.9749,90.000,nan,nan,nan,0.0000,0.0000,0.0000,nan,nan,nan,-8279.5309,1605.0598,-82.9422,-8279.5309,1605.0598,-82.9422,12.000,0,nan,nan
7.1670,358.6834,0,-8465.4135,1849.3998,-163.1482,nan,nan,nan,-0.5101,0.4753,0.7168,-0.7977,-0.5732,-0.1876,0.3217,-0.6675,0.6715,0.0000,0.0000,0.0000,-0.0000,0.0000,0.0000,-8279.5320,1605.0605,-82.9401,nan,nan,nan,-0.5980,0.7699,-0.2228,-0.1367,0.1760,0.9749,90.000,nan,nan,nan,0.0000,0.0000,0.0000,nan,nan,nan,-8279.5320,1605.0605,-82.9401,-8279.5320,1605.0605,-82.9401,12.000,0,nan,nan
7.1900,358.7167,0,-8465.4135,1849.3998,-163.1482,nan,nan,nan,-0.5101,0.4753,0.7168,-0.7977,-0.5732,-0.1876,0.3217,-0.6675,0.6715,0.0000,0.0000,0.0000,-0.0000,0.0000,0.0000,-8279.5341,1605.0619,-82.9361,nan,nan,nan,-0.5980,0.7699,-0.2228,-0.1367,0.1760,0.9749,90.000,nan,nan,nan,0.0000,0.0000,0.0000,nan,nan,nan,-8279.5341,1605.0619,-82.9361,-8279.5341,1605.0619,-82.9361,12.000,0,nan,nan
7.2110,358.7334,0,-8465.4135,1849.3998,-163.1482,nan,nan,nan,-0.5101,0.4753,0.7168,-0.7977,-0.5732,-0.1876,0.3217,-0.6675,0.6715,0.0000,0.0000,0.0000,-0.0000,0.0000,0.0000,-8279.5351,1605.0626,-82.9343,nan,nan,nan,-0.5980,0.7699,-0.2228,-0.1367,0.1760,0.9749,90.000,nan,nan,nan,0.0000,0.0000,0.0000,nan,nan,nan,-8279.5351,1605.0626,-82.9343,-8279.5351,1605.0626,-82.9343,12.000,0,nan,nan
7.2430,358.7500,0,-8465.4135,1849.3998,-163.1482,nan,nan,nan,-0.5101,0.4753,0.7168,-0.7977,-0.5732,-0.1876,0.3217,-0.6675,0.6715,0.0000,0.0000,0.0000,-0.0000,0.0000,0.0000,-8279.5361,1605.0633,-82.9324,nan,nan,nan,-0.5980,0.7699,-0.2228,-0.1367,0.1760,0.9749,90.000,nan,nan,nan,0.0000,0.0000,0.0000,nan,nan,nan,-8279.5361,1605.0633,-82.9324,-8279.5361,1605.0633,-82.9324,12.000,0,nan,nan
7.2670,358.7834,0,-8465.4135,1849.3998,-163.1482,nan,nan,nan,-0.5101,0.4753,0.7168,-0.7977,-0.5732,-0.1876,0.3217,-0.6675,0.6715,0.0000,0.0000,0.0000,-0.0000,0.0000,0.0000,-8279.5379,1605.0645,-82.9289,nan,nan,nan,-0.5980,0.7699,-0.2228,-0.1367,0.1760,0.9749,90.000,nan,nan,nan,0.0000,0.0000,0.0000,nan,nan,nan,-8279.5379,1605.0645,-82.9289,-8279.5379,1605.0645,-82.9289,12.000,0,nan,nan
7.2920,358.8167,0,-8465.4135,1849.3998,-163.1482,nan,nan,nan,-0.5101,0.4753,0.7168,-0.7977,-0.5732,-0.1876,0.3217,-0.6675,0.6715,0.0000,0.0000,0.0000,-0.0000,0.0000,0.0000,-8279.5396,1605.0657,-82.9256,nan,nan,nan,-0.5980,0.7699,-0.2228,-0.1367,0.1760,0.9749,90.000,nan,nan,nan,0.0000,0.0000,0.0000,nan,nan,nan,-8279.5396,1605.0657,-82.9256,-8279.5396,1605.0657,-82.9256,12.000,0,nan,nan
7.3140,358.8334,0,-8465.4135,1849.3998,-163.1482,nan,nan,nan,-0.5101,0.4753,0.7168,-0.7977,-0.5732,-0.1876,0.3217,-0.6675,0.6715,0.0000,0.0000,0.0000,-0.0000,0.0000,0.0000,-8279.5404,1605.0663,-82.9240,nan,nan,nan,-0.5980,0.7699,-0.2228,-0.1367,0.1760,0.9749,90.000,nan,nan,nan,0.0000,0.0000,0.0000,nan,nan,nan,-8279.5404,1605.0663,-82.9240,-8279.5404,1605.0663,-82.9240,12.000,0,nan,nan
7.3370,358.8667,0,-8465.4135,1849.3998,-163.1482,nan,nan,nan,-0.5101,0.4753,0.7168,-0.7977,-0.5732,-0.1876,0.3217,-0.6675,0.6715,0.0000,0.0000,0.0000,-0.0000,0.0000,0.0000,-8279.5420,1605.0673,-82.9210,nan,nan,nan,-0.5980,0.7699,-0.2228,-0.1367,0.1760,0.9749,90.000,nan,nan,nan,0.0000,0.0000,0.0000,nan,nan,nan,-8279.5420,1605.0673,-82.9210,-8279.5420,1605.0673,-82.9210,12.000,0,nan,nan
7.3610,358.8834,0,-8465.4135,1849.3998,-163.1482,nan,nan,nan,-0.5101,0.4753,0.7168,-0.7977,-0.5732,-0.1876,0.3217,-0.6675,0.6715,0.0000,0.0000,0.0000,-0.0000,0.0000,0.0000,-8279.5428,1605.0678,-82.9196,nan,nan,nan,-0.5980,0.7699,-0.2228,-0.1367,0.1760,0.9749,90.000,nan,nan,nan,0.0000,0.0000,0.0000,nan,nan,nan,-8279.5428,1605.0678,-82.9196,-8279.5428,1605.0678,-82.9196,12.000,0,nan,nan
7.3840,358.9000,0,-8465.4135,1849.3998,-163.1482,nan,nan,nan,-0.5101,0.4753,0.7168,-0.7977,-0.5732,-0.1876,0.3217,-0.6675,0.6715,0.0000,0.0000,0.0000,-0.0000,0.0000,0.0000,-8279.5435,1605.0683,-82.9182,nan,nan,nan,-0.5980,0.7699,-0.2228,-0.1367,0.1760,0.9749,90.000,nan,nan,nan,0.0000,0.0000,0.0000,nan,nan,nan,-8279.5435,1605.0683,-82.9182,-8279.5435,1605.0683,-82.9182,12.000,0,nan,nan
7.4090,358.9334,0,-8465.4135,1849.3998,-163.1482,nan,nan,nan,-0.5101,0.4753,0.7168,-0.7977,-0.5732,-0.1876,0.3217,-0.6675,0.6715,0.0000,0.0000,0.0000,-0.0000,0.0000,0.0000,-8279.5449,1605.0693,-82.9155,nan,nan,nan,-0.5980,0.7699,-0.2228,-0.1367,0.1760,0.9749,90.000,nan,nan,nan,0.0000,0.0000,0.0000,nan,nan,nan,-8279.5449,1605.0693,-82.9155,-8279.5449,1605.0693,-82.9155,12.000,0,nan,nan
7.4310,358.9500,0,-8465.4135,1849.3998,-163.1482,nan,nan,nan,-0.5101,0.4753,0.7168,-0.7977,-0.5732,-0.1876,0.3217,-0.6675,0.6715,0.0000,0.0000,0.0000,-0.0000,0.0000,0.0000,-8279.5455,1605.0697,-82.9143,nan,nan,nan,-0.5980,0.7699,-0.2228,-0.1367,0.1760,0.9749,90.000,nan,nan,nan,0.0000,0.0000,0.0000,nan,nan,nan,-8279.5455,1605.0697,-82.9143,-8279.5455,1605.0697,-82.9143,12.000,0,nan,nan
7.4540,358.9834,0,-8465.4135,1849.3998,-163.1482,nan,nan,nan,-0.5101,0.4753,0.7168,-0.7977,-0.5732,-0.1876,0.3217,-0.6675,0.6715,0.0000,0.0000,0.0000,-0.0000,0.0000,0.0000,-8279.5468,1605.0706,-82.9118,nan,nan,nan,-0.5980,0.7699,-0.2228,-0.1367,0.1760,0.9749,90.000,nan,nan,nan,0.0000,0.0000,0.0000,nan,nan,nan,-8279.5468,1605.0706,-82.9118,-8279.5468,1605.0706,-82.9118,12.000,0,nan,nan
7.4770,359.0000,0,-8465.4135,1849.3998,-163.1482,nan,nan,nan,-0.5101,0.4753,0.7168,-0.7977,-0.5732,-0.1876,0.3217,-0.6675,0.6715,0.0000,0.0000,0.0000,-0.0000,0.0000,0.0000,-8279.5474,1605.0710,-82.9107,nan,nan,nan,-0.5980,0.7699,-0.2228,-0.1367,0.1760,0.9749,90.000,nan,nan,nan,0.0000,0.0000,0.0000,nan,nan,nan,-8279.5474,1605.0710,-82.9107,-8279.5474,1605.0710,-82.9107,12.000,0,nan,nan
7.5010,359.0167,0,-8465.4135,1849.3998,-163.1482,nan,nan,nan,-0.5101,0.4753,0.7168,-0.7977,-0.5732,-0.1876,0.3217,-0.6675,0.6715,0.0000,0.0000,0.0000,-0.0000,0.0000,0.0000,-8279.5480,1605.0714,-82.9096,nan,nan,nan,-0.5980,0.7699,-0.2228,-0.1367,0.1760,0.9749,90.000,nan,nan,nan,0.0000,0.0000,0.0000,nan,nan,nan,-8279.5480,1605.0714,-82.9096,-8279.5480,1605.0714,-82.9096,12.000,0,nan,nan
7.5240,359.0500,0,-8465.4135,1849.3998,-163.1482,nan,nan,nan,-0.5101,0.4753,0.7168,-0.7977,-0.5732,-0.1876,0.3217,-0.6675,0.6715,0.0000,0.0000,0.0000,-0.0000,0.0000,0.0000,-8279.5491,1605.0722,-82.9074,nan,nan,nan,-0.5980,0.7699,-0.2228,-0.1367,0.1760,0.9749,90.000,nan,nan,nan,0.0000,0.0000,0.0000,nan,nan,nan,-8279.5491,1605.0722,-82.9074,-8279.5491,1605.0722,-82.9074,12.000,0,nan,nan
7.5470,359.0667,0,-8465.4135,1849.3998,-163.1482,nan,nan,nan,-0.5101,0.4753,0.7168,-0.7977,-0.5732,-0.1876,0.3217,-0.6675,0.6715,0.0000,0.0000,0.0000,-0.0000,0.0000,0.0000,-8279.5497,1605.0726,-82.9064,nan,nan,nan,-0.5980,0.7699,-0.2228,-0.1367,0.1760,0.9749,90.000,nan,nan,nan,0.0000,0.0000,0.0000,nan,nan,nan,-8279.5497,1605.0726,-82.9064,-8279.5497,1605.0726,-82.9064,12.000,0,nan,nan
7.5700,359.1000,0,-8465.4135,1849.3998,-163.1482,nan,nan,nan,-0.5101,0.4753,0.7168,-0.7977,-0.5732,-0.1876,0.3217,-0.6675,0.6715,0.0000,0.0000,0.0000,-0.0000,0.0000,0.0000,-8279.5507,1605.0733,-82.9044,nan,nan,nan,-0.5980,0.7699,-0.2228,-0.1367,0.1760,0.9749,90.000,nan,nan,nan,0.0000,0.0000,0.0000,nan,nan,nan,-8279.5507,1605.0733,-82.9044,-8279.5507,1605.0733,-82.9044,12.000,0,nan,nan
7.5930,359.1167,0,-8465.4135,1849.3998,-163.1482,nan,nan,nan,-0.5101,0.4753,0.7168,-0.7977,-0.5732,-0.1876,0.3217,-0.6675,0.6715,0.0000,0.0000,0.0000,-0.0000,0.0000,0.0000,-8279.5512,1605.0736,-82.9034,nan,nan,nan,-0.5980,0.7699,-0.2228,-0.1367,0.1760,0.9749,90.000,nan,nan,nan,0.0000,0.0000,0.0000,nan,nan,nan,-8279.5512,1605.0736,-82.9034,-8279.5512,1605.0736,-82.9034,12.000,0,nan,nan
7.6170,359.1334,0,-8465.4135,1849.3998,-163.1482,nan,nan,nan,-0.5101,0.4753,0.7168,-0.7977,-0.5732,-0.1876,0.3217,-0.6675,0.6715,0.0000,0.0000,0.0000,-0.0000,0.0000,0.0000,-8279.5517,1605.0740,-82.9025,nan,nan,nan,-0.5980,0.7699,-0.2228,-0.1367,0.1760,0.9749,90.000,nan,nan,nan,0.0000,0.0000,0.0000,nan,nan,nan,-8279.5517,1605.0740,-82.9025,-8279.5517,1605.0740,-82.9025,12.000,0,nan,nan
7.6400,359.1667,0,-8465.4135,1849.3998,-163.1482,nan,nan,nan,-0.5101,0.4753,0.7168,-0.7977,-0.5732,-0.1876,0.3217,-0.6675,0.6715,0.0000,0.0000,0.0000,-0.0000,0.0000,0.0000,-8279.5526,1605.0746,-82.9007,nan,nan,nan,-0.5980,0.7699,-0.2228,-0.1367,0.1760,0.9749,90.000,nan,nan,nan,0.0000,0.0000,0.0000,nan,nan,nan,-8279.5526,1605.0746,-82.9007,-8279.5526,1605.0746,-82.9007,12.000,0,nan,nan
7.6620,359.1834,0,-8465.4135,1849.3998,-163.1482,nan,nan,nan,-0.5101,0.4753,0.7168,-0.7977,-0.5732,-0.1876,0.3217,-0.6675,0.6715,0.0000,0.0000,0.0000,-0.0000,0.0000,0.0000,-8279.5531,1605.0749,-82.8999,nan,nan,nan,-0.5980,0.7699,-0.2228,-0.1367,0.1760,0.9749,90.000,nan,nan,nan,0.0000,0.0000,0.0000,nan,nan,nan,-8279.5531,1605.0749,-82.8999,-8279.5531,1605.0749,-82.8999,12.000,0,nan,nan
7.6860,359.2000,0,-8465.4135,1849.3998,-163.1482,nan,nan,nan,-0.5101,0.4753,0.7168,-0.7977,-0.5732,-0.1876,0.3217,-0.6675,0.6715,0.0000,0.0000,0.0000,-0.0000,0.0000,0.0000,-8279.5535,1605.0752,-82.8991,nan,nan,nan,-0.5980,0.7699,-0.2228,-0.1367,0.1760,0.9749,90.000,nan,nan,nan,0.0000,0.0000,0.0000,nan,nan,nan,-8279.5535,1605.0752,-82.8991,-8279.5535,1605.0752,-82.8991,12.000,0,nan,nan
7.7100,359.2334,0,-8465.4135,1849.3998,-163.1482,nan,nan,nan,-0.5101,0.4753,0.7168,-0.7977,-0.5732,-0.1876,0.3217,-0.6675,0.6715,0.0000,0.0000,0.0000,-0.0000,0.0000,0.0000,-8279.5543,1605.0758,-82.8975,nan,nan,nan,-0.5980,0.7699,-0.2228,-0.1367,0.1760,0.9749,90.000,nan,nan,nan,0.0000,0.0000,0.0000,nan,nan,nan,-8279.5543,1605.0758,-82.8975,-8279.5543,1605.0758,-82.8975,12.000,0,nan,nan
7.7330,359.2500,0,-8465.4135,1849.3998,-163.1482,nan,nan,nan,-0.5101,0.4753,0.7168,-0.7977,-0.5732,-0.1876,0.3217,-0.6675,0.6715,0.0000,0.0000,0.0000,-0.0000,0.0000,0.0000,-8279.5547,1605.0760,-82.8967,nan,nan,nan,-0.5980,0.7699,-0.2228,-0.1367,0.1760,0.9749,90.000,nan,nan,nan,0.0000,0.0000,0.0000,nan,nan,nan,-8279.5547,1605.0760,-82.8967,-8279.5547,1605.0760,-82.8967,12.000,0,nan,nan
7.7550,359.2834,0,-8465.4135,1849.3998,-163.1482,nan,nan,nan,-0.5101,0.4753,0.7168,-0.7977,-0.5732,-0.1876,0.3217,-0.6675,0.6715,0.0000,0.0000,0.0000,-0.0000,0.0000,0.0000,-8279.5555,1605.0766,-82.8952,nan,nan,nan,-0.5980,0.7699,-0.2228,-0.1367,0.1760,0.9749,90.000,nan,nan,nan,0.0000,0.0000,0.0000,nan,nan,nan,-8279.5555,1605.0766,-82.8952,-8279.5555,1605.0766,-82.8952,12.000,0,nan,nan
7.7790,359.3000,0,-8465.4135,1849.3998,-163.1482,nan,nan,nan,-0.5101,0.4753,0.7168,-0.7977,-0.5732,-0.1876,0.3217,-0.6675,0.6715,0.0000,0.0000,0.0000,-0.0000,0.0000,0.0000,-8279.5559,1605.0768,-82.8945,nan,nan,nan,-0.5980,0.7699,-0.2228,-0.1367,0.1760,0.9749,90.000,nan,nan,nan,0.0000,0.0000,0.0000,nan,nan,nan,-8279.5559,1605.0768,-82.8945,-8279.5559,1605.0768,-82.8945,12.000,0,nan,nan
7.8030,359.3167,0,-8465.4135,1849.3998,-163.1482,nan,nan,nan,-0.5101,0.4753,0.7168,-0.7977,-0.5732,-0.1876,0.3217,-0.6675,0.6715,0.0000,0.0000,0.0000,-0.0000,0.0000,0.0000,-8279.5562,1605.0771,-82.8939,nan,nan,nan,-0.5980,0.7699,-0.2228,-0.1367,0.1760,0.9749,90.000,nan,nan,nan,0.0000,0.0000,0.0000,nan,nan,nan,-8279.5562,1605.0771,-82.8939,-8279.5562,1605.0771,-82.8939,12.000,0,nan,nan
7.8270,359.3500,0,-8465.4135,1849.3998,-163.1482,nan,nan,nan,-0.5101,0.4753,0.7168,-0.7977,-0.5732,-0.1876,0.3217,-0.6675,0.6715,0.0000,0.0000,0.0000,-0.0000,0.0000,0.0000,-8279.5569,1605.0775,-82.8925,nan,nan,nan,-0.5980,0.7699,-0.2228,-0.1367,0.1760,0.9749,90.000,nan,nan,nan,0.0000,0.0000,0.0000,nan,nan,nan,-8279.5569,1605.0775,-82.8925,-8279.5569,1605.0775,-82.8925,12.000,0,nan,nan
7.8510,359.3667,0,-8465.4135,1849.3998,-163.1482,nan,nan,nan,-0.5101,0.4753,0.7168,-0.7977,-0.5732,-0.1876,0.3217,-0.6675,0.6715,0.0000,0.0000,0.0000,-0.0000,0.0000,0.0000,-8279.5572,1605.0777,-82.8919,nan,nan,nan,-0.5980,0.7699,-0.2228,-0.1367,0.1760,0.9749,90.000,nan,nan,nan,0.0000,0.0000,0.0000,nan,nan,nan,-8279.5572,1605.0777,-82.8919,-8279.5572,1605.0777,-82.8919,12.000,0,nan,nan
7.8730,359.4000,0,-8465.4135,1849.3998,-163.1482,nan,nan,nan,-0.5101,0.4753,0.7168,-0.7977,-0.5732,-0.1876,0.3217,-0.6675,0.6715,0.0000,0.0000,0.0000,-0.0000,0.0000,0.0000,-8279.5579,1605.0782,-82.8907,nan,nan,nan,-0.5980,0.7699,-0.2228,-0.1367,0.1760,0.9749,90.000,nan,nan,nan,0.0000,0.0000,0.0000,nan,nan,nan,-8279.5579,1605.0782,-82.8907,-8279.5579,1605.0782,-82.8907,12.000,0,nan,nan
7.8960,359.4167,0,-8465.4135,1849.3998,-163.1482,nan,nan,nan,-0.5101,0.4753,0.7168,-0.7977,-0.5732,-0.1876,0.3217,-0.6675,0.6715,0.0000,0.0000,0.0000,-0.0000,0.0000,0.0000,-8279.5582,1605.0784,-82.8901,nan,nan,nan,-0.5980,0.7699,-0.2228,-0.1367,0.1760,0.9749,90.000,nan,nan,nan,0.0000,0.0000,0.0000,nan,nan,nan,-8279.5582,1605.0784,-82.8901,-8279.5582,1605.0784,-82.8901,12.000,0,nan,nan
7.9190,359.4334,0,-8465.4135,1849.3998,-163.1482,nan,nan,nan,-0.5101,0.4753,0.7168,-0.7977,-0.5732,-0.1876,0.3217,-0.6675,0.6715,0.0000,0.0000,0.0000,-0.0000,0.0000,0.0000,-8279.5585,1605.0786,-82.8896,nan,nan,nan,-0.5980,0.7699,-0.2228,-0.1367,0.1760,0.9749,90.000,nan,nan,nan,0.0000,0.0000,0.0000,nan,nan,nan,-8279.5585,1605.0786,-82.8896,-8279.5585,1605.0786,-82.8896,12.000,0,nan,nan
7.9430,359.4667,0,-8465.4135,1849.3998,-163.1482,nan,nan,nan,-0.5101,0.4753,0.7168,-0.7977,-0.5732,-0.1876,0.3217,-0.6675,0.6715,0.0000,0.0000,0.0000,-0.0000,0.0000,0.0000,-8279.5590,1605.0790,-82.8885,nan,nan,nan,-0.5980,0.7699,-0.2228,-0.1367,0.1760,0.9749,90.000,nan,nan,nan,0.0000,0.0000,0.0000,nan,nan,nan,-8279.5590,1605.0790,-82.8885,-8279.5590,1605.0790,-82.8885,12.000,0,nan,nan
7.9670,359.4834,0,-8465.4135,1849.3998,-163.1482,nan,nan,nan,-0.5101,0.4753,0.7168,-0.7977,-0.5732,-0.1876,0.3217,-0.6675,0.6715,0.0000,0.0000,0.0000,-0.0000,0.0000,0.0000,-8279.5593,1605.0792,-82.8879,nan,nan,nan,-0.5980,0.7699,-0.2228,-0.1367,0.1760,0.9749,90.000,nan,nan,nan,0.0000,0.0000,0.0000,nan,nan,nan,-8279.5593,1605.0792,-82.8879,-8279.5593,1605.0792,-82.8879,12.000,0,nan,nan
7.9900,359.5167,0,-8465.4135,1849.3998,-163.1482,nan,nan,nan,-0.5101,0.4753,0.7168,-0.7977,-0.5732,-0.1876,0.3217,-0.6675,0.6715,0.0000,0.0000,0.0000,-0.0000,0.0000,0.0000,-8279.5599,1605.0795,-82.8869,nan,nan,nan,-0.5980,0.7699,-0.2228,-0.1367,0.1760,0.9749,90.000,nan,nan,nan,0.0000,0.0000,0.0000,nan,nan,nan,-8279.5599,1605.0795,-82.8869,-8279.5599,1605.0795,-82.8869,12.000,0,nan,nan
8.0140,359.5334,0,-8465.4135,1849.3998,-163.1482,nan,nan,nan,-0.5101,0.4753,0.7168,-0.7977,-0.5732,-0.1876,0.3217,-0.6675,0.6715,0.0000,0.0000,0.0000,-0.0000,0.0000,0.0000,-8279.5601,1605.0797,-82.8864,nan,nan,nan,-0.5980,0.7699,-0.2228,-0.1367,0.1760,0.9749,90.000,nan,nan,nan,0.0000,0.0000,0.0000,nan,nan,nan,-8279.5601,1605.0797,-82.8864,-8279.5601,1605.0797,-82.8864,12.000,0,nan,nan
8.0370,359.5667,0,-8465.4135,1849.3998,-163.1482,nan,nan,nan,-0.5101,0.4753,0.7168,-0.7977,-0.5732,-0.1876,0.3217,-0.6675,0.6715,0.0000,0.0000,0.0000,-0.0000,0.0000,0.0000,-8279.5606,1605.0801,-82.8855,nan,nan,nan,-0.5980,0.7699,-0.2228,-0.1367,0.1760,0.9749,90.000,nan,nan,nan,0.0000,0.0000,0.0000,nan,nan,nan,-8279.5606,1605.0801,-82.8855,-8279.5606,1605.0801,-82.8855,12.000,0,nan,nan
8.0610,359.5834,0,-8465.4135,1849.3998,-163.1482,nan,nan,nan,-0.5101,0.4753,0.7168,-0.7977,-0.5732,-0.1876,0.3217,-0.6675,0.6715,0.0000,0.0000,0.0000,-0.0000,0.0000,0.0000,-8279.5608,1605.0802,-82.8850,nan,nan,nan,-0.5980,0.7699,-0.2228,-0.1367,0.1760,0.9749,90.000,nan,nan,nan,0.0000,0.0000,0.0000,nan,nan,nan,-8279.5608,1605.0802,-82.8850,-8279.5608,1605.0802,-82.8850,12.000,0,nan,nan
8.0840,359.6000,0,-8465.4135,1849.3998,-163.1482,nan,nan,nan,-0.5101,0.4753,0.7168,-0.7977,-0.5732,-0.1876,0.3217,-0.6675,0.6715,0.0000,0.0000,0.0000,-0.0000,0.0000,0.0000,-8279.5611,1605.0804,-82.8846,nan,nan,nan,-0.5980,0.7699,-0.2228,-0.1367,0.1760,0.9749,90.000,nan,nan,nan,0.0000,0.0000,0.0000,nan,nan,nan,-8279.5611,1605.0804,-82.8846,-8279.5611,1605.0804,-82.8846,12.000,0,nan,nan
8.1070,359.6334,0,-8465.4135,1849.3998,-163.1482,nan,nan,nan,-0.5101,0.4753,0.7168,-0.7977,-0.5732,-0.1876,0.3217,-0.6675,0.6715,0.0000,0.0000,0.0000,-0.0000,0.0000,0.0000,-8279.5615,1605.0807,-82.8837,nan,nan,nan,-0.5980,0.7699,-0.2228,-0.1367,0.1760,0.9749,90.000,nan,nan,nan,0.0000,0.0000,0.0000,nan,nan,nan,-8279.5615,1605.0807,-82.8837,-8279.5615,1605.0807,-82.8837,12.000,0,nan,nan
8.1300,359.6500,0,-8465.4135,1849.3998,-163.1482,nan,nan,nan,-0.5101,0.4753,0.7168,-0.7977,-0.5732,-0.1876,0.3217,-0.6675,0.6715,0.0000,0.0000,0.0000,-0.0000,0.0000,0.0000,-8279.5617,1605.0808,-82.8833,nan,nan,nan,-0.5980,0.7699,-0.2228,-0.1367,0.1760,0.9749,90.000,nan,nan,nan,0.0000,0.0000,0.0000,nan,nan,nan,-8279.5617,1605.0808,-82.8833,-8279.5617,1605.0808,-82.8833,12.000,0,nan,nan
8.1540,359.6834,0,-8465.4135,1849.3998,-163.1482,nan,nan,nan,-0.5101,0.4753,0.7168,-0.7977,-0.5732,-0.1876,0.3217,-0.6675,0.6715,0.0000,0.0000,0.0000,-0.0000,0.0000,0.0000,-8279.5621,1605.0811,-82.8825,nan,nan,nan,-0.5980,0.7699,-0.2228,-0.1367,0.1760,0.9749,90.000,nan,nan,nan,0.0000,0.0000,0.0000,nan,nan,nan,-8279.5621,1605.0811,-82.8825,-8279.5621,1605.0811,-82.8825,12.000,0,nan,nan
8.1770,359.7000,0,-8465.4135,1849.3998,-163.1482,nan,nan,nan,-0.5101,0.4753,0.7168,-0.7977,-0.5732,-0.1876,0.3217,-0.6675,0.6715,0.0000,0.0000,0.0000,-0.0000,0.0000,0.0000,-8279.5623,1605.0812,-82.8822,nan,nan,nan,-0.5980,0.7699,-0.2228,-0.1367,0.1760,0.9749,90.000,nan,nan,nan,0.0000,0.0000,0.0000,nan,nan,nan,-8279.5623,1605.0812,-82.8822,-8279.5623,1605.0812,-82.8822,12.000,0,nan,nan
8.1990,359.7167,0,-8465.4135,1849.3998,-163.1482,nan,nan,nan,-0.5101,0.4753,0.7168,-0.7977,-0.5732,-0.1876,0.3217,-0.6675,0.6715,0.0000,0.0000,0.0000,-0.0000,0.0000,0.0000,-8279.5625,1605.0814,-82.8818,nan,nan,nan,-0.5980,0.7699,-0.2228,-0.1367,0.1760,0.9749,90.000,nan,nan,nan,0.0000,0.0000,0.0000,nan,nan,nan,-8279.5625,1605.0814,-82.8818,-8279.5625,1605.0814,-82.8818,12.000,0,nan,nan
8.2230,359.7500,0,-8465.4135,1849.3998,-163.1482,nan,nan,nan,-0.5101,0.4753,0.7168,-0.7977,-0.5732,-0.1876,0.3217,-0.6675,0.6715,0.0000,0.0000,0.0000,-0.0000,0.0000,0.0000,-8279.5629,1605.0816,-82.8811,nan,nan,nan,-0.5980,0.7699,-0.2228,-0.1367,0.1760,0.9749,90.000,nan,nan,nan,0.0000,0.0000,0.0000,nan,nan,nan,-8279.5629,1605.0816,-82.8811,-8279.5629,1605.0816,-82.8811,12.000,0,nan,nan
8.2460,359.7667,0,-8465.4135,1849.3998,-163.1482,nan,nan,nan,-0.5101,0.4753,0.7168,-0.7977,-0.5732,-0.1876,0.3217,-0.6675,0.6715,0.0000,0.0000,0.0000,-0.0000,0.0000,0.0000,-8279.5631,1605.0818,-82.8807,nan,nan,nan,-0.5980,0.7699,-0.2228,-0.1367,0.1760,0.9749,90.000,nan,nan,nan,0.0000,0.0000,0.0000,nan,nan,nan,-8279.5631,1605.0818,-82.8807,-8279.5631,1605.0818,-82.8807,12.000,0,nan,nan
8.2680,359.8000,0,-8465.4135,1849.3998,-163.1482,nan,nan,nan,-0.5101,0.4753,0.7168,-0.7977,-0.5732,-0.1876,0.3217,-0.6675,0.6715,0.0000,0.0000,0.0000,-0.0000,0.0000,0.0000,-8279.5634,1605.0820,-82.8801,nan,nan,nan,-0.5980,0.7699,-0.2228,-0.1367,0.1760,0.9749,90.000,nan,nan,nan,0.0000,0.0000,0.0000,nan,nan,nan,-8279.5634,1605.0820,-82.8801,-8279.5634,1605.0820,-82.8801,12.000,0,nan,nan
8.2910,359.8167,0,-8465.4135,1849.3998,-163.1482,nan,nan,nan,-0.5101,0.4753,0.7168,-0.7977,-0.5732,-0.1876,0.3217,-0.6675,0.6715,0.0000,0.0000,0.0000,-0.0000,0.0000,0.0000,-8279.5636,1605.0821,-82.8797,nan,nan,nan,-0.5980,0.7699,-0.2228,-0.1367,0.1760,0.9749,90.000,nan,nan,nan,0.0000,0.0000,0.0000,nan,nan,nan,-8279.5636,1605.0821,-82.8797,-8279.5636,1605.0821,-82.8797,12.000,0,nan,nan
8.3160,359.8334,0,-8465.4135,1849.3998,-163.1482,nan,nan,nan,-0.5101,0.4753,0.7168,-0.7977,-0.5732,-0.1876,0.3217,-0.6675,0.6715,0.0000,0.0000,0.0000,-0.0000,0.0000,0.0000,-8279.5638,1605.0822,-82.8794,nan,nan,nan,-0.5980,0.7699,-0.2228,-0.1367,0.1760,0.9749,90.000,nan,nan,nan,0.0000,0.0000,0.0000,nan,nan,nan,-8279.5638,1605.0822,-82.8794,-8279.5638,1605.0822,-82.8794,12.000,0,nan,nan
8.3380,359.8667,0,-8465.4135,1849.3998,-163.1482,nan,nan,nan,-0.5101,0.4753,0.7168,-0.7977,-0.5732,-0.1876,0.3217,-0.6675,0.6715,0.0000,0.0000,0.0000,-0.0000,0.0000,0.0000,-8279.5641,1605.0824,-82.8788,nan,nan,nan,-0.5980,0.7699,-0.2228,-0.1367,0.1760,0.9749,90.000,nan,nan,nan,0.0000,0.0000,0.0000,nan,nan,nan,-8279.5641,1605.0824,-82.8788,-8279.5641,1605.0824,-82.8788,12.000,0,nan,nan
8.3620,359.8834,0,-8465.4135,1849.3998,-163.1482,nan,nan,nan,-0.5101,0.4753,0.7168,-0.7977,-0.5732,-0.1876,0.3217,-0.6675,0.6715,0.0000,0.0000,0.0000,-0.0000,0.0000,0.0000,-8279.5642,1605.0825,-82.8785,nan,nan,nan,-0.5980,0.7699,-0.2228,-0.1367,0.1760,0.9749,90.000,nan,nan,nan,0.0000,0.0000,0.0000,nan,nan,nan,-8279.5642,1605.0825,-82.8785,-8279.5642,1605.0825,-82.8785,12.000,0,nan,nan
8.3860,359.9000,0,-8465.4135,1849.3998,-163.1482,nan,nan,nan,-0.5101,0.4753,0.7168,-0.7977,-0.5732,-0.1876,0.3217,-0.6675,0.6715,0.0000,0.0000,0.0000,-0.0000,0.0000,0.0000,-8279.5644,1605.0826,-82.8782,nan,nan,nan,-0.5980,0.7699,-0.2228,-0.1367,0.1760,0.9749,90.000,nan,nan,nan,0.0000,0.0000,0.0000,nan,nan,nan,-8279.5644,1605.0826,-82.8782,-8279.5644,1605.0826,-82.8782,12.000,0,nan,nan
8.4090,359.9334,0,-8465.4135,1849.3998,-163.1482,nan,nan,nan,-0.5101,0.4753,0.7168,-0.7977,-0.5732,-0.1876,0.3217,-0.6675,0.6715,0.0000,0.0000,0.0000,-0.0000,0.0000,0.0000,-8279.5647,1605.0828,-82.8777,nan,nan,nan,-0.5980,0.7699,-0.2228,-0.1367,0.1760,0.9749,90.000,nan,nan,nan,0.0000,0.0000,0.0000,nan,nan,nan,-8279.5647,1605.0828,-82.8777,-8279.5647,1605.0828,-82.8777,12.000,0,nan,nan
8.4330,359.9500,0,-8465.4135,1849.3998,-163.1482,nan,nan,nan,-0.5101,0.4753,0.7168,-0.7977,-0.5732,-0.1876,0.3217,-0.6675,0.6715,0.0000,0.0000,0.0000,-0.0000,0.0000,0.0000,-8279.5648,1605.0829,-82.8774,nan,nan,nan,-0.5980,0.7699,-0.2228,-0.1367,0.1760,0.9749,90.000,nan,nan,nan,0.0000,0.0000,0.0000,nan,nan,nan,-8279.5648,1605.0829,-82.8774,-8279.5648,1605.0829,-82.8774,12.000,0,nan,nan
8.4550,359.9834,0,-8465.4135,1849.3998,-163.1482,nan,nan,nan,-0.5101,0.4753,0.7168,-0.7977,-0.5732,-0.1876,0.3217,-0.6675,0.6715,0.0000,0.0000,0.0000,-0.0000,0.0000,0.0000,-8279.5651,1605.0831,-82.8769,nan,nan,nan,-0.5980,0.7699,-0.2228,-0.1367,0.1760,0.9749,90.000,nan,nan,nan,0.0000,0.0000,0.0000,nan,nan,nan,-8279.5651,1605.0831,-82.8769,-8279.5651,1605.0831,-82.8769,12.000,0,nan,nan
8.4780,360.0000,0,-8465.4135,1849.3998,-163.1482,nan,nan,nan,-0.5101,0.4753,0.7168,-0.7977,-0.5732,-0.1876,0.3217,-0.6675,0.6715,0.0000,0.0000,0.0000,-0.0000,0.0000,0.0000,-8279.5652,1605.0832,-82.8767,nan,nan,nan,-0.5980,0.7699,-0.2228,-0.1367,0.1760,0.9749,90.000,nan,nan,nan,0.0000,0.0000,0.0000,nan,nan,nan,-8279.5652,1605.0832,-82.8767,-8279.5652,1605.0832,-82.8767,12.000,0,nan,nan
8.5020,360.0167,0,-8465.4135,1849.3998,-163.1482,nan,nan,nan,-0.5101,0.4753,0.7168,-0.7977,-0.5732,-0.1876,0.3217,-0.6675,0.6715,0.0000,0.0000,0.0000,-0.0000,0.0000,0.0000,-8279.5653,1605.0833,-82.8764,nan,nan,nan,-0.5980,0.7699,-0.2228,-0.1367,0.1760,0.9749,90.000,nan,nan,nan,0.0000,0.0000,0.0000,nan,nan,nan,-8279.5653,1605.0833,-82.8764,-8279.5653,1605.0833,-82.8764,12.000,0,nan,nan
8.5250,360.0500,0,-8465.4135,1849.3998,-163.1482,nan,nan,nan,-0.5101,0.4753,0.7168,-0.7977,-0.5732,-0.1876,0.3217,-0.6675,0.6715,0.0000,0.0000,0.0000,-0.0000,0.0000,0.0000,-8279.5656,1605.0835,-82.8759,nan,nan,nan,-0.5980,0.7699,-0.2228,-0.1367,0.1760,0.9749,90.000,nan,nan,nan,0.0000,0.0000,0.0000,nan,nan,nan,-8279.5656,1605.0835,-82.8759,-8279.5656,1605.0835,-82.8759,12.000,0,nan,nan
8.5530,360.0667,0,-8465.4135,1849.3998,-163.1482,nan,nan,nan,-0.5101,0.4753,0.7168,-0.7977,-0.5732,-0.1876,0.3217,-0.6675,0.6715,0.0000,0.0000,0.0000,-0.0000,0.0000,0.0000,-8279.5657,1605.0835,-82.8757,nan,nan,nan,-0.5980,0.7699,-0.2228,-0.1367,0.1760,0.9749,90.000,nan,nan,nan,0.0000,0.0000,0.0000,nan,nan,nan,-8279.5657,1605.0835,-82.8757,-8279.5657,1605.0835,-82.8757,12.000,0,nan,nan
8.5740,360.1000,0,-8465.4135,1849.3998,-163.1482,nan,nan,nan,-0.5101,0.4753,0.7168,-0.7977,-0.5732,-0.1876,0.3217,-0.6675,0.6715,0.0000,0.0000,0.0000,-0.0000,0.0000,0.0000,-8279.5659,1605.0837,-82.8753,nan,nan,nan,-0.5980,0.7699,-0.2228,-0.1367,0.1760,0.9749,90.000,nan,nan,nan,0.0000,0.0000,0.0000,nan,nan,nan,-8279.5659,1605.0837,-82.8753,-8279.5659,1605.0837,-82.8753,12.000,0,nan,nan
8.5950,360.1167,0,-8465.4135,1849.3998,-163.1482,nan,nan,nan,-0.5101,0.4753,0.7168,-0.7977,-0.5732,-0.1876,0.3217,-0.6675,0.6715,0.0000,0.0000,0.0000,-0.0000,0.0000,0.0000,-8279.5661,1605.0838,-82.8751,nan,nan,nan,-0.5980,0.7699,-0.2228,-0.1367,0.1760,0.9749,90.000,nan,nan,nan,0.0000,0.0000,0.0000,nan,nan,nan,-8279.5661,1605.0838,-82.8751,-8279.5661,1605.0838,-82.8751,12.000,0,nan,nan
8.6210,360.1334,0,-8465.4135,1849.3998,-163.1482,nan,nan,nan,-0.5101,0.4753,0.7168,-0.7977,-0.5732,-0.1876,0.3217,-0.6675,0.6715,0.0000,0.0000,0.0000,-0.0000,0.0000,0.0000,-8279.5662,1605.0839,-82.8748,nan,nan,nan,-0.5980,0.7699,-0.2228,-0.1367,0.1760,0.9749,90.000,nan,nan,nan,0.0000,0.0000,0.0000,nan,nan,nan,-8279.5662,1605.0839,-82.8748,-8279.5662,1605.0839,-82.8748,12.000,0,nan,nan
8.6440,360.1667,0,-8465.4135,1849.3998,-163.1482,nan,nan,nan,-0.5101,0.4753,0.7168,-0.7977,-0.5732,-0.1876,0.3217,-0.6675,0.6715,0.0000,0.0000,0.0000,-0.0000,0.0000,0.0000,-8279.5664,1605.0840,-82.8744,nan,nan,nan,-0.5980,0.7699,-0.2228,-0.1367,0.1760,0.9749,90.000,nan,nan,nan,0.0000,0.0000,0.0000,nan,nan,nan,-8279.5664,1605.0840,-82.8744,-8279.5664,1605.0840,-82.8744,12.000,0,nan,nan
8.6690,360.1834,0,-8465.4135,1849.3998,-163.1482,nan,nan,nan,-0.5101,0.4753,0.7168,-0.7977,-0.5732,-0.1876,0.3217,-0.6675,0.6715,0.0000,0.0000,0.0000,-0.0000,0.0000,0.0000,-8279.5665,1605.0841,-82.8742,nan,nan,nan,-0.5980,0.7699,-0.2228,-0.1367,0.1760,0.9749,90.000,nan,nan,nan,0.0000,0.0000,0.0000,nan,nan,nan,-8279.5665,1605.0841,-82.8742,-8279.5665,1605.0841,-82.8742,12.000,0,nan,nan
8.6900,360.2167,0,-8465.4135,1849.3998,-163.1482,nan,nan,nan,-0.5101,0.4753,0.7168,-0.7977,-0.5732,-0.1876,0.3217,-0.6675,0.6715,0.0000,0.0000,0.0000,-0.0000,0.0000,0.0000,-8279.5667,1605.0842,-82.8739,nan,nan,nan,-0.5980,0.7699,-0.2228,-0.1367,0.1760,0.9749,90.000,nan,nan,nan,0.0000,0.0000,0.0000,nan,nan,nan,-8279.5667,1605.0842,-82.8739,-8279.5667,1605.0842,-82.8739,12.000,0,nan,nan
8.7170,360.2334,0,-8465.4135,1849.3998,-163.1482,nan,nan,nan,-0.5101,0.4753,0.7168,-0.7977,-0.5732,-0.1876,0.3217,-0.6675,0.6715,0.0000,0.0000,0.0000,-0.0000,0.0000,0.0000,-8279.5668,1605.0843,-82.8737,nan,nan,nan,-0.5980,0.7699,-0.2228,-0.1367,0.1760,0.9749,90.000,nan,nan,nan,0.0000,0.0000,0.0000,nan,nan,nan,-8279.5668,1605.0843,-82.8737,-8279.5668,1605.0843,-82.8737,12.000,0,nan,nan
8.7390,360.2667,0,-8465.4135,1849.3998,-163.1482,nan,nan,nan,-0.5101,0.4753,0.7168,-0.7977,-0.5732,-0.1876,0.3217,-0.6675,0.6715,0.0000,0.0000,0.0000,-0.0000,0.0000,0.0000,-8279.5670,1605.0844,-82.8733,nan,nan,nan,-0.5980,0.7699,-0.2228,-0.1367,0.1760,0.9749,90.000,nan,nan,nan,0.0000,0.0000,0.0000,nan,nan,nan,-8279.5670,1605.0844,-82.8733,-8279.5670,1605.0844,-82.8733,12.000,0,nan,nan
8.7640,360.2834,0,-8465.4135,1849.3998,-163.1482,nan,nan,nan,-0.5101,0.4753,0.7168,-0.7977,-0.5732,-0.1876,0.3217,-0.6675,0.6715,0.0000,0.0000,0.0000,-0.0000,0.0000,0.0000,-8279.5670,1605.0845,-82.8732,nan,nan,nan,-0.5980,0.7699,-0.2228,-0.1367,0.1760,0.9749,90.000,nan,nan,nan,0.0000,0.0000,0.0000,nan,nan,nan,-8279.5670,1605.0845,-82.8732,-8279.5670,1605.0845,-82.8732,12.000,0,nan,nan
8.7860,360.3167,0,-8465.4135,1849.3998,-163.1482,nan,nan,nan,-0.5101,0.4753,0.7168,-0.7977,-0.5732,-0.1876,0.3217,-0.6675,0.6715,0.0000,0.0000,0.0000,-0.0000,0.0000,0.0000,-8279.5672,1605.0846,-82.8728,nan,nan,nan,-0.5980,0.7699,-0.2228,-0.1367,0.1760,0.9749,90.000,nan,nan,nan,0.0000,0.0000,0.0000,nan,nan,nan,-8279.5672,1605.0846,-82.8728,-8279.5672,1605.0846,-82.8728,12.000,0,nan,nan
8.8090,360.3334,0,-8465.4135,1849.3998,-163.1482,nan,nan,nan,-0.5101,0.4753,0.7168,-0.7977,-0.5732,-0.1876,0.3217,-0.6675,0.6715,0.0000,0.0000,0.0000,-0.0000,0.0000,0.0000,-8279.5673,1605.0846,-82.8727,nan,nan,nan,-0.5980,0.7699,-0.2228,-0.1367,0.1760,0.9749,90.000,nan,nan,nan,0.0000,0.0000,0.0000,nan,nan,nan,-8279.5673,1605.0846,-82.8727,-8279.5673,1605.0846,-82.8727,12.000,0,nan,nan
8.8310,360.3500,0,-8465.4135,1849.3998,-163.1482,nan,nan,nan,-0.5101,0.4753,0.7168,-0.7977,-0.5732,-0.1876,0.3217,-0.6675,0.6715,0.0000,0.0000,0.0000,-0.0000,0.0000,0.0000,-8279.5674,1605.0847,-82.8725,nan,nan,nan,-0.5980,0.7699,-0.2228,-0.1367,0.1760,0.9749,90.000,nan,nan,nan,0.0000,0.0000,0.0000,nan,nan,nan,-8279.5674,1605.0847,-82.8725,-8279.5674,1605.0847,-82.8725,12.000,0,nan,nan
8.8560,360.3834,0,-8465.4135,1849.3998,-163.1482,nan,nan,nan,-0.5101,0.4753,0.7168,-0.7977,-0.5732,-0.1876,0.3217,-0.6675,0.6715,0.0000,0.0000,0.0000,-0.0000,0.0000,0.0000,-8279.5675,1605.0848,-82.8722,nan,nan,nan,-0.5980,0.7699,-0.2228,-0.1367,0.1760,0.9749,90.000,nan,nan,nan,0.0000,0.0000,0.0000,nan,nan,nan,-8279.5675,1605.0848,-82.8722,-8279.5675,1605.0848,-82.8722,12.000,0,nan,nan
8.8770,360.4000,0,-8465.4135,1849.3998,-163.1482,nan,nan,nan,-0.5101,0.4753,0.7168,-0.7977,-0.5732,-0.1876,0.3217,-0.6675,0.6715,0.0000,0.0000,0.0000,-0.0000,0.0000,0.0000,-8279.5676,1605.0849,-82.8720,nan,nan,nan,-0.5980,0.7699,-0.2228,-0.1367,0.1760,0.9749,90.000,nan,nan,nan,0.0000,0.0000,0.0000,nan,nan,nan,-8279.5676,1605.0849,-82.8720,-8279.5676,1605.0849,-82.8720,12.000,0,nan,nan
8.9010,360.4167,0,-8465.4135,1849.3998,-163.1482,nan,nan,nan,-0.5101,0.4753,0.7168,-0.7977,-0.5732,-0.1876,0.3217,-0.6675,0.6715,0.0000,0.0000,0.0000,-0.0000,0.0000,0.0000,-8279.5677,1605.0849,-82.8719,nan,nan,nan,-0.5980,0.7699,-0.2228,-0.1367,0.1760,0.9749,90.000,nan,nan,nan,0.0000,0.0000,0.0000,nan,nan,nan,-8279.5677,1605.0849,-82.8719,-8279.5677,1605.0849,-82.8719,12.000,0,nan,nan
8.9230,360.4500,0,-8465.4135,1849.3998,-163.1482,nan,nan,nan,-0.5101,0.4753,0.7168,-0.7977,-0.5732,-0.1876,0.3217,-0.6675,0.6715,0.0000,0.0000,0.0000,-0.0000,0.0000,0.0000,-8279.5679,1605.0850,-82.8716,nan,nan,nan,-0.5980,0.7699,-0.2228,-0.1367,0.1760,0.9749,90.000,nan,nan,nan,0.0000,0.0000,0.0000,nan,nan,nan,-8279.5679,1605.0850,-82.8716,-8279.5679,1605.0850,-82.8716,12.000,0,nan,nan
8.9490,360.4667,0,-8465.4135,1849.3998,-163.1482,nan,nan,nan,-0.5101,0.4753,0.7168,-0.7977,-0.5732,-0.1876,0.3217,-0.6675,0.6715,0.0000,0.0000,0.0000,-0.0000,0.0000,0.0000,-8279.5679,1605.0851,-82.8715,nan,nan,nan,-0.5980,0.7699,-0.2228,-0.1367,0.1760,0.9749,90.000,nan,nan,nan,0.0000,0.0000,0.0000,nan,nan,nan,-8279.5679,1605.0851,-82.8715,-8279.5679,1605.0851,-82.8715,12.000,0,nan,nan
8.9690,360.5000,0,-8465.4135,1849.3998,-163.1482,nan,nan,nan,-0.5101,0.4753,0.7168,-0.7977,-0.5732,-0.1876,0.3217,-0.6675,0.6715,0.0000,0.0000,0.0000,-0.0000,0.0000,0.0000,-8279.5681,1605.0852,-82.8712,nan,nan,nan,-0.5980,0.7699,-0.2228,-0.1367,0.1760,0.9749,90.000,nan,nan,nan,0.0000,0.0000,0.0000,nan,nan,nan,-8279.5681,1605.0852,-82.8712,-8279.5681,1605.0852,-82.8712,12.000,0,nan,nan
8.9950,360.5167,0,-8465.4135,1849.3998,-163.1482,nan,nan,nan,-0.5101,0.4753,0.7168,-0.7977,-0.5732,-0.1876,0.3217,-0.6675,0.6715,0.0000,0.0000,0.0000,-0.0000,0.0000,0.0000,-8279.5681,1605.0852,-82.8711,nan,nan,nan,-0.5980,0.7699,-0.2228,-0.1367,0.1760,0.9749,90.000,nan,nan,nan,0.0000,0.0000,0.0000,nan,nan,nan,-8279.5681,1605.0852,-82.8711,-8279.5681,1605.0852,-82.8711,12.000,0,nan,nan
9.0160,360.5334,0,-8465.4135,1849.3998,-163.1482,nan,nan,nan,-0.5101,0.4753,0.7168,-0.7977,-0.5732,-0.1876,0.3217,-0.6675,0.6715,0.0000,0.0000,0.0000,-0.0000,0.0000,0.0000,-8279.5682,1605.0852,-82.8710,nan,nan,nan,-0.5980,0.7699,-0.2228,-0.1367,0.1760,0.9749,90.000,nan,nan,nan,0.0000,0.0000,0.0000,nan,nan,nan,-8279.5682,1605.0852,-82.8710,-8279.5682,1605.0852,-82.8710,12.000,0,nan,nan
9.0390,360.5667,0,-8465.4135,1849.3998,-163.1482,nan,nan,nan,-0.5101,0.4753,0.7168,-0.7977,-0.5732,-0.1876,0.3217,-0.6675,0.6715,0.0000,0.0000,0.0000,-0.0000,0.0000,0.0000,-8279.5683,1605.0853,-82.8707,nan,nan,nan,-0.5980,0.7699,-0.2228,-0.1367,0.1760,0.9749,90.000,nan,nan,nan,0.0000,0.0000,0.0000,nan,nan,nan,-8279.5683,1605.0853,-82.8707,-8279.5683,1605.0853,-82.8707,12.000,0,nan,nan
9.0640,360.5834,0,-8465.4135,1849.3998,-163.1482,nan,nan,nan,-0.5101,0.4753,0.7168,-0.7977,-0.5732,-0.1876,0.3217,-0.6675,0.6715,0.0000,0.0000,0.0000,-0.0000,0.0000,0.0000,-8279.5684,1605.0854,-82.8706,nan,nan,nan,-0.5980,0.7699,-0.2228,-0.1367,0.1760,0.9749,90.000,nan,nan,nan,0.0000,0.0000,0.0000,nan,nan,nan,-8279.5684,1605.0854,-82.8706,-8279.5684,1605.0854,-82.8706,12.000,0,nan,nan
9.0860,360.6167,0,-8465.4135,1849.3998,-163.1482,nan,nan,nan,-0.5101,0.4753,0.7168,-0.7977,-0.5732,-0.1876,0.3217,-0.6675,0.6715,0.0000,0.0000,0.0000,-0.0000,0.0000,0.0000,-8279.5685,1605.0855,-82.8704,nan,nan,nan,-0.5980,0.7699,-0.2228,-0.1367,0.1760,0.9749,90.000,nan,nan,nan,0.0000,0.0000,0.0000,nan,nan,nan,-8279.5685,1605.0855,-82.8704,-8279.5685,1605.0855,-82.8704,12.000,0,nan,nan
9.1090,360.6334,0,-8465.4135,1849.3998,-163.1482,nan,nan,nan,-0.5101,0.4753,0.7168,-0.7977,-0.5732,-0.1876,0.3217,-0.6675,0.6715,0.0000,0.0000,0.0000,-0.0000,0.0000,0.0000,-8279.5686,1605.0855,-82.8702,nan,nan,nan,-0.5980,0.7699,-0.2228,-0.1367,0.1760,0.9749,90.000,nan,nan,nan,0.0000,0.0000,0.0000,nan,nan,nan,-8279.5686,1605.0855,-82.8702,-8279.5686,1605.0855,-82.8702,12.000,0,nan,nan
9.1340,360.6500,0,-8465.4135,1849.3998,-163.1482,nan,nan,nan,-0.5101,0.4753,0.7168,-0.7977,-0.5732,-0.1876,0.3217,-0.6675,0.6715,0.0000,0.0000,0.0000,-0.0000,0.0000,0.0000,-8279.5686,1605.0855,-82.8701,nan,nan,nan,-0.5980,0.7699,-0.2228,-0.1367,0.1760,0.9749,90.000,nan,nan,nan,0.0000,0.0000,0.0000,nan,nan,nan,-8279.5686,1605.0855,-82.8701,-8279.5686,1605.0855,-82.8701,12.000,0,nan,nan
9.1550,360.6834,0,-8465.4135,1849.3998,-163.1482,nan,nan,nan,-0.5101,0.4753,0.7168,-0.7977,-0.5732,-0.1876,0.3217,-0.6675,0.6715,0.0000,0.0000,0.0000,-0.0000,0.0000,0.0000,-8279.5687,1605.0856,-82.8699,nan,nan,nan,-0.5980,0.7699,-0.2228,-0.1367,0.1760,0.9749,90.000,nan,nan,nan,0.0000,0.0000,0.0000,nan,nan,nan,-8279.5687,1605.0856,-82.8699,-8279.5687,1605.0856,-82.8699,12.000,0,nan,nan
9.1780,360.7000,0,-8465.4135,1849.3998,-163.1482,nan,nan,nan,-0.5101,0.4753,0.7168,-0.7977,-0.5732,-0.1876,0.3217,-0.6675,0.6715,0.0000,0.0000,0.0000,-0.0000,0.0000,0.0000,-8279.5688,1605.0857,-82.8698,nan,nan,nan,-0.5980,0.7699,-0.2228,-0.1367,0.1760,0.9749,90.000,nan,nan,nan,0.0000,0.0000,0.0000,nan,nan,nan,-8279.5688,1605.0857,-82.8698,-8279.5688,1605.0857,-82.8698,12.000,0,nan,nan
9.1980,360.7167,0,-8465.4135,1849.3998,-163.1482,nan,nan,nan,-0.5101,0.4753,0.7168,-0.7977,-0.5732,-0.1876,0.3217,-0.6675,0.6715,0.0000,0.0000,0.0000,-0.0000,0.0000,0.0000,-8279.5688,1605.0857,-82.8697,nan,nan,nan,-0.5980,0.7699,-0.2228,-0.1367,0.1760,0.9749,90.000,nan,nan,nan,0.0000,0.0000,0.0000,nan,nan,nan,-8279.5688,1605.0857,-82.8697,-8279.5688,1605.0857,-82.8697,12.000,0,nan,nan
9.2250,360.7500,0,-8465.4135,1849.3998,-163.1482,nan,nan,nan,-0.5101,0.4753,0.7168,-0.7977,-0.5732,-0.1876,0.3217,-0.6675,0.6715,0.0000,0.0000,0.0000,-0.0000,0.0000,0.0000,-8279.5689,1605.0858,-82.8695,nan,nan,nan,-0.5980,0.7699,-0.2228,-0.1367,0.1760,0.9749,90.000,nan,nan,nan,0.0000,0.0000,0.0000,nan,nan,nan,-8279.5689,1605.0858,-82.8695,-8279.5689,1605.0858,-82.8695,12.000,0,nan,nan
9.2470,360.7667,0,-8465.4135,1849.3998,-163.1482,nan,nan,nan,-0.5101,0.4753,0.7168,-0.7977,-0.5732,-0.1876,0.3217,-0.6675,0.6715,0.0000,0.0000,0.0000,-0.0000,0.0000,0.0000,-8279.5689,1605.0858,-82.8695,nan,nan,nan,-0.5980,0.7699,-0.2228,-0.1367,0.1760,0.9749,90.000,nan,nan,nan,0.0000,0.0000,0.0000,nan,nan,nan,-8279.5689,1605.0858,-82.8695,-8279.5689,1605.0858,-82.8695,12.000,0,nan,nan
9.2710,360.8000,0,-8465.4135,1849.3998,-163.1482,nan,nan,nan,-0.5101,0.4753,0.7168,-0.7977,-0.5732,-0.1876,0.3217,-0.6675,0.6715,0.0000,0.0000,0.0000,-0.0000,0.0000,0.0000,-8279.5691,1605.0859,-82.8692,nan,nan,nan,-0.5980,0.7699,-0.2228,-0.1367,0.1760,0.9749,90.000,nan,nan,nan,0.0000,0.0000,0.0000,nan,nan,nan,-8279.5691,1605.0859,-82.8692,-8279.5691,1605.0859,-82.8692,12.000,0,nan,nan
9.2940,360.8167,0,-8465.4135,1849.3998,-163.1482,nan,nan,nan,-0.5101,0.4753,0.7168,-0.7977,-0.5732,-0.1876,0.3217,-0.6675,0.6715,0.0000,0.0000,0.0000,-0.0000,0.0000,0.0000,-8279.5691,1605.0859,-82.8692,nan,nan,nan,-0.5980,0.7699,-0.2228,-0.1367,0.1760,0.9749,90.000,nan,nan,nan,0.0000,0.0000,0.0000,nan,nan,nan,-8279.5691,1605.0859,-82.8692,-8279.5691,1605.0859,-82.8692,12.000,0,nan,nan
9.3160,360.8334,0,-8465.4135,1849.3998,-163.1482,nan,nan,nan,-0.5101,0.4753,0.7168,-0.7977,-0.5732,-0.1876,0.3217,-0.6675,0.6715,0.0000,0.0000,0.0000,-0.0000,0.0000,0.0000,-8279.5692,1605.0859,-82.8691,nan,nan,nan,-0.5980,0.7699,-0.2228,-0.1367,0.1760,0.9749,90.000,nan,nan,nan,0.0000,0.0000,0.0000,nan,nan,nan,-8279.5692,1605.0859,-82.8691,-8279.5692,1605.0859,-82.8691,12.000,0,nan,nan
9.3370,360.8667,0,-8465.4135,1849.3998,-163.1482,nan,nan,nan,-0.5101,0.4753,0.7168,-0.7977,-0.5732,-0.1876,0.3217,-0.6675,0.6715,0.0000,0.0000,0.0000,-0.0000,0.0000,0.0000,-8279.5693,1605.0860,-82.8689,nan,nan,nan,-0.5980,0.7699,-0.2228,-0.1367,0.1760,0.9749,90.000,nan,nan,nan,0.0000,0.0000,0.0000,nan,nan,nan,-8279.5693,1605.0860,-82.8689,-8279.5693,1605.0860,-82.8689,12.000,0,nan,nan
9.3600,360.8834,0,-8465.4135,1849.3998,-163.1482,nan,nan,nan,-0.5101,0.4753,0.7168,-0.7977,-0.5732,-0.1876,0.3217,-0.6675,0.6715,0.0000,0.0000,0.0000,-0.0000,0.0000,0.0000,-8279.5693,1605.0860,-82.8689,nan,nan,nan,-0.5980,0.7699,-0.2228,-0.1367,0.1760,0.9749,90.000,nan,nan,nan,0.0000,0.0000,0.0000,nan,nan,nan,-8279.5693,1605.0860,-82.8689,-8279.5693,1605.0860,-82.8689,12.000,0,nan,nan
9.3850,360.9000,0,-8465.4135,1849.3998,-163.1482,nan,nan,nan,-0.5101,0.4753,0.7168,-0.7977,-0.5732,-0.1876,0.3217,-0.6675,0.6715,0.0000,0.0000,0.0000,-0.0000,0.0000,0.0000,-8279.5694,1605.0861,-82.8687,nan,nan,nan,-0.5980,0.7699,-0.2228,-0.1367,0.1760,0.9749,90.000,nan,nan,nan,0.0000,0.0000,0.0000,nan,nan,nan,-8279.5694,1605.0861,-82.8687,-8279.5694,1605.0861,-82.8687,12.000,0,nan,nan
9.4070,360.9334,0,-8465.4135,1849.3998,-163.1482,nan,nan,nan,-0.5101,0.4753,0.7168,-0.7977,-0.5732,-0.1876,0.3217,-0.6675,0.6715,0.0000,0.0000,0.0000,-0.0000,0.0000,0.0000,-8279.5694,1605.0861,-82.8686,nan,nan,nan,-0.5980,0.7699,-0.2228,-0.1367,0.1760,0.9749,90.000,nan,nan,nan,0.0000,0.0000,0.0000,nan,nan,nan,-8279.5694,1605.0861,-82.8686,-8279.5694,1605.0861,-82.8686,12.000,0,nan,nan
9.4310,360.9500,0,-8465.4135,1849.3998,-163.1482,nan,nan,nan,-0.5101,0.4753,0.7168,-0.7977,-0.5732,-0.1876,0.3217,-0.6675,0.6715,0.0000,0.0000,0.0000,-0.0000,0.0000,0.0000,-8279.5694,1605.0861,-82.8686,nan,nan,nan,-0.5980,0.7699,-0.2228,-0.1367,0.1760,0.9749,90.000,nan,nan,nan,0.0000,0.0000,0.0000,nan,nan,nan,-8279.5694,1605.0861,-82.8686,-8279.5694,1605.0861,-82.8686,12.000,0,nan,nan
9.4530,360.9834,0,-8465.4135,1849.3998,-163.1482,nan,nan,nan,-0.5101,0.4753,0.7168,-0.7977,-0.5732,-0.1876,0.3217,-0.6675,0.6715,0.0000,0.0000,0.0000,-0.0000,0.0000,0.0000,-8279.5696,1605.0862,-82.8683,nan,nan,nan,-0.5980,0.7699,-0.2228,-0.1367,0.1760,0.9749,90.000,nan,nan,nan,0.0000,0.0000,0.0000,nan,nan,nan,-8279.5696,1605.0862,-82.8683,-8279.5696,1605.0862,-82.8683,12.000,0,nan,nan
9.4770,361.0000,0,-8465.4135,1849.3998,-163.1482,nan,nan,nan,-0.5101,0.4753,0.7168,-0.7977,-0.5732,-0.1876,0.3217,-0.6675,0.6715,0.0000,0.0000,0.0000,-0.0000,0.0000,0.0000,-8279.5696,1605.0862,-82.8683,nan,nan,nan,-0.5980,0.7699,-0.2228,-0.1367,0.1760,0.9749,90.000,nan,nan,nan,0.0000,0.0000,0.0000,nan,nan,nan,-8279.5696,1605.0862,-82.8683,-8279.5696,1605.0862,-82.8683,12.000,0,nan,nan
9.4980,361.0167,0,-8465.4135,1849.3998,-163.1482,nan,nan,nan,-0.5101,0.4753,0.7168,-0.7977,-0.5732,-0.1876,0.3217,-0.6675,0.6715,0.0000,0.0000,0.0000,-0.0000,0.0000,0.0000,-8279.5696,1605.0862,-82.8682,nan,nan,nan,-0.5980,0.7699,-0.2228,-0.1367,0.1760,0.9749,90.000,nan,nan,nan,0.0000,0.0000,0.0000,nan,nan,nan,-8279.5696,1605.0862,-82.8682,-8279.5696,1605.0862,-82.8682,12.000,0,nan,nan
9.5220,361.0500,0,-8465.4135,1849.3998,-163.1482,nan,nan,nan,-0.5101,0.4753,0.7168,-0.7977,-0.5732,-0.1876,0.3217,-0.6675,0.6715,0.0000,0.0000,0.0000,-0.0000,0.0000,0.0000,-8279.5697,1605.0863,-82.8680,nan,nan,nan,-0.5980,0.7699,-0.2228,-0.1367,0.1760,0.9749,90.000,nan,nan,nan,0.0000,0.0000,0.0000,nan,nan,nan,-8279.5697,1605.0863,-82.8680,-8279.5697,1605.0863,-82.8680,12.000,0,nan,nan
9.5430,361.0667,0,-8465.4135,1849.3998,-163.1482,nan,nan,nan,-0.5101,0.4753,0.7168,-0.7977,-0.5732,-0.1876,0.3217,-0.6675,0.6715,0.0000,0.0000,0.0000,-0.0000,0.0000,0.0000,-8279.5697,1605.0863,-82.8680,nan,nan,nan,-0.5980,0.7699,-0.2228,-0.1367,0.1760,0.9749,90.000,nan,nan,nan,0.0000,0.0000,0.0000,nan,nan,nan,-8279.5697,1605.0863,-82.8680,-8279.5697,1605.0863,-82.8680,12.000,0,nan,nan
9.5660,361.0834,0,-8465.4135,1849.3998,-163.1482,nan,nan,nan,-0.5101,0.4753,0.7168,-0.7977,-0.5732,-0.1876,0.3217,-0.6675,0.6715,0.0000,0.0000,0.0000,-0.0000,0.0000,0.0000,-8279.5698,1605.0863,-82.8679,nan,nan,nan,-0.5980,0.7699,-0.2228,-0.1367,0.1760,0.9749,90.000,nan,nan,nan,0.0000,0.0000,0.0000,nan,nan,nan,-8279.5698,1605.0863,-82.8679,-8279.5698,1605.0863,-82.8679,12.000,0,nan,nan
9.5900,361.1167,0,-8465.4135,1849.3998,-163.1482,nan,nan,nan,-0.5101,0.4753,0.7168,-0.7977,-0.5732,-0.1876,0.3217,-0.6675,0.6715,0.0000,0.0000,0.0000,-0.0000,0.0000,0.0000,-8279.5699,1605.0864,-82.8678,nan,nan,nan,-0.5980,0.7699,-0.2228,-0.1367,0.1760,0.9749,90.000,nan,nan,nan,0.0000,0.0000,0.0000,nan,nan,nan,-8279.5699,1605.0864,-82.8678,-8279.5699,1605.0864,-82.8678,12.000,0,nan,nan
9.6150,361.1334,0,-8465.4135,1849.3998,-163.1482,nan,nan,nan,-0.5101,0.4753,0.7168,-0.7977,-0.5732,-0.1876,0.3217,-0.6675,0.6715,0.0000,0.0000,0.0000,-0.0000,0.0000,0.0000,-8279.5699,1605.0864,-82.8678,nan,nan,nan,-0.5980,0.7699,-0.2228,-0.1367,0.1760,0.9749,90.000,nan,nan,nan,0.0000,0.0000,0.0000,nan,nan,nan,-8279.5699,1605.0864,-82.8678,-8279.5699,1605.0864,-82.8678,12.000,0,nan,nan
9.6360,361.1667,0,-8465.4135,1849.3998,-163.1482,nan,nan,nan,-0.5101,0.4753,0.7168,-0.7977,-0.5732,-0.1876,0.3217,-0.6675,0.6715,0.0000,0.0000,0.0000,-0.0000,0.0000,0.0000,-8279.5700,1605.0865,-82.8676,nan,nan,nan,-0.5980,0.7699,-0.2228,-0.1367,0.1760,0.9749,90.000,nan,nan,nan,0.0000,0.0000,0.0000,nan,nan,nan,-8279.5700,1605.0865,-82.8676,-8279.5700,1605.0865,-82.8676,12.000,0,nan,nan
9.6600,361.1834,0,-8465.4135,1849.3998,-163.1482,nan,nan,nan,-0.5101,0.4753,0.7168,-0.7977,-0.5732,-0.1876,0.3217,-0.6675,0.6715,0.0000,0.0000,0.0000,-0.0000,0.0000,0.0000,-8279.5700,1605.0865,-82.8676,nan,nan,nan,-0.5980,0.7699,-0.2228,-0.1367,0.1760,0.9749,90.000,nan,nan,nan,0.0000,0.0000,0.0000,nan,nan,nan,-8279.5700,1605.0865,-82.8676,-8279.5700,1605.0865,-82.8676,12.000,0,nan,nan
9.6820,361.2000,0,-8465.4135,1849.3998,-163.1482,nan,nan,nan,-0.5101,0.4753,0.7168,-0.7977,-0.5732,-0.1876,0.3217,-0.6675,0.6715,0.0000,0.0000,0.0000,-0.0000,0.0000,0.0000,-8279.5700,1605.0865,-82.8675,nan,nan,nan,-0.5980,0.7699,-0.2228,-0.1367,0.1760,0.9749,90.000,nan,nan,nan,0.0000,0.0000,0.0000,nan,nan,nan,-8279.5700,1605.0865,-82.8675,-8279.5700,1605.0865,-82.8675,12.000,0,nan,nan
9.7060,361.2334,0,-8465.4135,1849.3998,-163.1482,nan,nan,nan,-0.5101,0.4753,0.7168,-0.7977,-0.5732,-0.1876,0.3217,-0.6675,0.6715,0.0000,0.0000,0.0000,-0.0000,0.0000,0.0000,-8279.5701,1605.0865,-82.8673,nan,nan,nan,-0.5980,0.7699,-0.2228,-0.1367,0.1760,0.9749,90.000,nan,nan,nan,0.0000,0.0000,0.0000,nan,nan,nan,-8279.5701,1605.0865,-82.8673,-8279.5701,1605.0865,-82.8673,12.000,0,nan,nan
9.7310,361.2500,0,-8465.4135,1849.3998,-163.1482,nan,nan,nan,-0.5101,0.4753,0.7168,-0.7977,-0.5732,-0.1876,0.3217,-0.6675,0.6715,0.0000,0.0000,0.0000,-0.0000,0.0000,0.0000,-8279.5701,1605.0865,-82.8673,nan,nan,nan,-0.5980,0.7699,-0.2228,-0.1367,0.1760,0.9749,90.000,nan,nan,nan,0.0000,0.0000,0.0000,nan,nan,nan,-8279.5701,1605.0865,-82.8673,-8279.5701,1605.0865,-82.8673,12.000,0,nan,nan
9.7560,361.2834,0,-8465.4135,1849.3998,-163.1482,nan,nan,nan,-0.5101,0.4753,0.7168,-0.7977,-0.5732,-0.1876,0.3217,-0.6675,0.6715,0.0000,0.0000,0.0000,-0.0000,0.0000,0.0000,-8279.5702,1605.0866,-82.8672,nan,nan,nan,-0.5980,0.7699,-0.2228,-0.1367,0.1760,0.9749,90.000,nan,nan,nan,0.0000,0.0000,0.0000,nan,nan,nan,-8279.5702,1605.0866,-82.8672,-8279.5702,1605.0866,-82.8672,12.000,0,nan,nan
9.7780,361.3000,0,-8465.4135,1849.3998,-163.1482,nan,nan,nan,-0.5101,0.4753,0.7168,-0.7977,-0.5732,-0.1876,0.3217,-0.6675,0.6715,0.0000,0.0000,0.0000,-0.0000,0.0000,0.0000,-8279.5702,1605.0866,-82.8672,nan,nan,nan,-0.5980,0.7699,-0.2228,-0.1367,0.1760,0.9749,90.000,nan,nan,nan,0.0000,0.0000,0.0000,nan,nan,nan,-8279.5702,1605.0866,-82.8672,-8279.5702,1605.0866,-82.8672,12.000,0,nan,nan
9.7970,361.3167,0,-8465.4135,1849.3998,-163.1482,nan,nan,nan,-0.5101,0.4753,0.7168,-0.7977,-0.5732,-0.1876,0.3217,-0.6675,0.6715,0.0000,0.0000,0.0000,-0.0000,0.0000,0.0000,-8279.5702,1605.0866,-82.8671,nan,nan,nan,-0.5980,0.7699,-0.2228,-0.1367,0.1760,0.9749,90.000,nan,nan,nan,0.0000,0.0000,0.0000,nan,nan,nan,-8279.5702,1605.0866,-82.8671,-8279.5702,1605.0866,-82.8671,12.000,0,nan,nan
9.8130,361.3500,0,-8465.4135,1849.3998,-163.1482,nan,nan,nan,-0.5101,0.4753,0.7168,-0.7977,-0.5732,-0.1876,0.3217,-0.6675,0.6715,0.0000,0.0000,0.0000,-0.0000,0.0000,0.0000,-8279.5703,1605.0867,-82.8670,nan,nan,nan,-0.5980,0.7699,-0.2228,-0.1367,0.1760,0.9749,90.000,nan,nan,nan,0.0000,0.0000,0.0000,nan,nan,nan,-8279.5703,1605.0867,-82.8670,-8279.5703,1605.0867,-82.8670,12.000,0,nan,nan
9.8370,361.3667,0,-8465.4135,1849.3998,-163.1482,nan,nan,nan,-0.5101,0.4753,0.7168,-0.7977,-0.5732,-0.1876,0.3217,-0.6675,0.6715,0.0000,0.0000,0.0000,-0.0000,0.0000,0.0000,-8279.5703,1605.0867,-82.8670,nan,nan,nan,-0.5980,0.7699,-0.2228,-0.1367,0.1760,0.9749,90.000,nan,nan,nan,0.0000,0.0000,0.0000,nan,nan,nan,-8279.5703,1605.0867,-82.8670,-8279.5703,1605.0867,-82.8670,12.000,0,nan,nan
9.8590,361.3834,0,-8465.4135,1849.3998,-163.1482,nan,nan,nan,-0.5101,0.4753,0.7168,-0.7977,-0.5732,-0.1876,0.3217,-0.6675,0.6715,0.0000,0.0000,0.0000,-0.0000,0.0000,0.0000,-8279.5703,1605.0867,-82.8670,nan,nan,nan,-0.5980,0.7699,-0.2228,-0.1367,0.1760,0.9749,90.000,nan,nan,nan,0.0000,0.0000,0.0000,nan,nan,nan,-8279.5703,1605.0867,-82.8670,-8279.5703,1605.0867,-82.8670,12.000,0,nan,nan
9.8830,361.4000,0,-8465.4135,1849.3998,-163.1482,nan,nan,nan,-0.5101,0.4753,0.7168,-0.7977,-0.5732,-0.1876,0.3217,-0.6675,0.6715,0.0000,0.0000,0.0000,-0.0000,0.0000,0.0000,-8279.5704,1605.0867,-82.8668,nan,nan,nan,-0.5980,0.7699,-0.2228,-0.1367,0.1760,0.9749,90.000,nan,nan,nan,0.0000,0.0000,0.0000,nan,nan,nan,-8279.5704,1605.0867,-82.8668,-8279.5704,1605.0867,-82.8668,12.000,0,nan,nan
9.9060,361.4334,0,-8465.4135,1849.3998,-163.1482,nan,nan,nan,-0.5101,0.4753,0.7168,-0.7977,-0.5732,-0.1876,0.3217,-0.6675,0.6715,0.0000,0.0000,0.0000,-0.0000,0.0000,0.0000,-8279.5704,1605.0867,-82.8668,nan,nan,nan,-0.5980,0.7699,-0.2228,-0.1367,0.1760,0.9749,90.000,nan,nan,nan,0.0000,0.0000,0.0000,nan,nan,nan,-8279.5704,1605.0867,-82.8668,-8279.5704,1605.0867,-82.8668,12.000,0,nan,nan
9.9290,361.4500,0,-8465.4135,1849.3998,-163.1482,nan,nan,nan,-0.5101,0.4753,0.7168,-0.7977,-0.5732,-0.1876,0.3217,-0.6675,0.6715,0.0000,0.0000,0.0000,-0.0000,0.0000,0.0000,-8279.5704,1605.0868,-82.8667,nan,nan,nan,-0.5980,0.7699,-0.2228,-0.1367,0.1760,0.9749,90.000,nan,nan,nan,0.0000,0.0000,0.0000,nan,nan,nan,-8279.5704,1605.0868,-82.8667,-8279.5704,1605.0868,-82.8667,12.000,0,nan,nan
9.9530,361.4667,0,-8465.4135,1849.3998,-163.1482,nan,nan,nan,-0.5101,0.4753,0.7168,-0.7977,-0.5732,-0.1876,0.3217,-0.6675,0.6715,0.0000,0.0000,0.0000,-0.0000,0.0000,0.0000,-8279.5704,1605.0868,-82.8667,nan,nan,nan,-0.5980,0.7699,-0.2228,-0.1367,0.1760,0.9749,90.000,nan,nan,nan,0.0000,0.0000,0.0000,nan,nan,nan,-8279.5704,1605.0868,-82.8667,-8279.5704,1605.0868,-82.8667,12.000,0,nan,nan
9.9760,361.5000,0,-8465.4135,1849.3998,-163.1482,nan,nan,nan,-0.5101,0.4753,0.7168,-0.7977,-0.5732,-0.1876,0.3217,-0.6675,0.6715,0.0000,0.0000,0.0000,-0.0000,0.0000,0.0000,-8279.5705,1605.0868,-82.8665,nan,nan,nan,-0.5980,0.7699,-0.2228,-0.1367,0.1760,0.9749,90.000,nan,nan,nan,0.0000,0.0000,0.0000,nan,nan,nan,-8279.5705,1605.0868,-82.8665,-8279.5705,1605.0868,-82.8665,12.000,0,nan,nan
10.0000,361.5167,0,-8465.4135,1849.3998,-163.1482,nan,nan,nan,-0.5101,0.4753,0.7168,-0.7977,-0.5732,-0.1876,0.3217,-0.6675,0.6715,0.0000,0.0000,0.0000,-0.0000,0.0000,0.0000,-8279.5705,1605.0868,-82.8665,nan,nan,nan,-0.5980,0.7699,-0.2228,-0.1367,0.1760,0.9749,90.000,nan,nan,nan,0.0000,0.0000,0.0000,nan,nan,nan,-8279.5705,1605.0868,-82.8665,-8279.5705,1605.0868,-82.8665,12.000,0,nan,nan
10.0230,361.5500,0,-8465.4135,1849.3998,-163.1482,nan,nan,nan,-0.5101,0.4753,0.7168,-0.7977,-0.5732,-0.1876,0.3217,-0.6675,0.6715,0.0000,0.0000,0.0000,-0.0000,0.0000,0.0000,-8279.5706,1605.0869,-82.8664,nan,nan,nan,-0.5980,0.7699,-0.2228,-0.1367,0.1760,0.9749,90.000,nan,nan,nan,0.0000,0.0000,0.0000,nan,nan,nan,-8279.5706,1605.0869,-82.8664,-8279.5706,1605.0869,-82.8664,12.000,0,nan,nan
10.0460,361.5667,0,-8465.4135,1849.3998,-163.1482,nan,nan,nan,-0.5101,0.4753,0.7168,-0.7977,-0.5732,-0.1876,0.3217,-0.6675,0.6715,0.0000,0.0000,0.0000,-0.0000,0.0000,0.0000,-8279.5706,1605.0869,-82.8664,nan,nan,nan,-0.5980,0.7699,-0.2228,-0.1367,0.1760,0.9749,90.000,nan,nan,nan,0.0000,0.0000,0.0000,nan,nan,nan,-8279.5706,1605.0869,-82.8664,-8279.5706,1605.0869,-82.8664,12.000,0,nan,nan
10.0700,361.6000,0,-8465.4135,1849.3998,-163.1482,nan,nan,nan,-0.5101,0.4753,0.7168,-0.7977,-0.5732,-0.1876,0.3217,-0.6675,0.6715,0.0000,0.0000,0.0000,-0.0000,0.0000,0.0000,-8279.5706,1605.0869,-82.8663,nan,nan,nan,-0.5980,0.7699,-0.2228,-0.1367,0.1760,0.9749,90.000,nan,nan,nan,0.0000,0.0000,0.0000,nan,nan,nan,-8279.5706,1605.0869,-82.8663,-8279.5706,1605.0869,-82.8663,12.000,0,nan,nan
10.0930,361.6167,0,-8465.4135,1849.3998,-163.1482,nan,nan,nan,-0.5101,0.4753,0.7168,-0.7977,-0.5732,-0.1876,0.3217,-0.6675,0.6715,0.0000,0.0000,0.0000,-0.0000,0.0000,0.0000,-8279.5706,1605.0869,-82.8663,nan,nan,nan,-0.5980,0.7699,-0.2228,-0.1367,0.1760,0.9749,90.000,nan,nan,nan,0.0000,0.0000,0.0000,nan,nan,nan,-8279.5706,1605.0869,-82.8663,-8279.5706,1605.0869,-82.8663,12.000,0,nan,nan
10.1160,361.6334,0,-8465.4135,1849.3998,-163.1482,nan,nan,nan,-0.5101,0.4753,0.7168,-0.7977,-0.5732,-0.1876,0.3217,-0.6675,0.6715,0.0000,0.0000,0.0000,-0.0000,0.0000,0.0000,-8279.5706,1605.0869,-82.8663,nan,nan,nan,-0.5980,0.7699,-0.2228,-0.1367,0.1760,0.9749,90.000,nan,nan,nan,0.0000,0.0000,0.0000,nan,nan,nan,-8279.5706,1605.0869,-82.8663,-8279.5706,1605.0869,-82.8663,12.000,0,nan,nan
10.1400,361.6667,0,-8465.4135,1849.3998,-163.1482,nan,nan,nan,-0.5101,0.4753,0.7168,-0.7977,-0.5732,-0.1876,0.3217,-0.6675,0.6715,0.0000,0.0000,0.0000,-0.0000,0.0000,0.0000,-8279.5707,1605.0870,-82.8662,nan,nan,nan,-0.5980,0.7699,-0.2228,-0.1367,0.1760,0.9749,90.000,nan,nan,nan,0.0000,0.0000,0.0000,nan,nan,nan,-8279.5707,1605.0870,-82.8662,-8279.5707,1605.0870,-82.8662,12.000,0,nan,nan
10.1630,361.6834,0,-8465.4135,1849.3998,-163.1482,nan,nan,nan,-0.5101,0.4753,0.7168,-0.7977,-0.5732,-0.1876,0.3217,-0.6675,0.6715,0.0000,0.0000,0.0000,-0.0000,0.0000,0.0000,-8279.5707,1605.0870,-82.8662,nan,nan,nan,-0.5980,0.7699,-0.2228,-0.1367,0.1760,0.9749,90.000,nan,nan,nan,0.0000,0.0000,0.0000,nan,nan,nan,-8279.5707,1605.0870,-82.8662,-8279.5707,1605.0870,-82.8662,12.000,0,nan,nan
10.1860,361.7167,0,-8465.4135,1849.3998,-163.1482,nan,nan,nan,-0.5101,0.4753,0.7168,-0.7977,-0.5732,-0.1876,0.3217,-0.6675,0.6715,0.0000,0.0000,0.0000,-0.0000,0.0000,0.0000,-8279.5708,1605.0870,-82.8660,nan,nan,nan,-0.5980,0.7699,-0.2228,-0.1367,0.1760,0.9749,90.000,nan,nan,nan,0.0000,0.0000,0.0000,nan,nan,nan,-8279.5708,1605.0870,-82.8660,-8279.5708,1605.0870,-82.8660,12.000,0,nan,nan
10.2090,361.7334,0,-8465.4135,1849.3998,-163.1482,nan,nan,nan,-0.5101,0.4753,0.7168,-0.7977,-0.5732,-0.1876,0.3217,-0.6675,0.6715,0.0000,0.0000,0.0000,-0.0000,0.0000,0.0000,-8279.5708,1605.0870,-82.8660,nan,nan,nan,-0.5980,0.7699,-0.2228,-0.1367,0.1760,0.9749,90.000,nan,nan,nan,0.0000,0.0000,0.0000,nan,nan,nan,-8279.5708,1605.0870,-82.8660,-8279.5708,1605.0870,-82.8660,12.000,0,nan,nan
10.2320,361.7500,0,-8465.4135,1849.3998,-163.1482,nan,nan,nan,-0.5101,0.4753,0.7168,-0.7977,-0.5732,-0.1876,0.3217,-0.6675,0.6715,0.0000,0.0000,0.0000,-0.0000,0.0000,0.0000,-8279.5708,1605.0870,-82.8660,nan,nan,nan,-0.5980,0.7699,-0.2228,-0.1367,0.1760,0.9749,90.000,nan,nan,nan,0.0000,0.0000,0.0000,nan,nan,nan,-8279.5708,1605.0870,-82.8660,-8279.5708,1605.0870,-82.8660,12.000,0,nan,nan
10.2550,361.7834,0,-8465.4135,1849.3998,-163.1482,nan,nan,nan,-0.5101,0.4753,0.7168,-0.7977,-0.5732,-0.1876,0.3217,-0.6675,0.6715,0.0000,0.0000,0.0000,-0.0000,0.0000,0.0000,-8279.5708,1605.0871,-82.8659,nan,nan,nan,-0.5980,0.7699,-0.2228,-0.1367,0.1760,0.9749,90.000,nan,nan,nan,0.0000,0.0000,0.0000,nan,nan,nan,-8279.5708,1605.0871,-82.8659,-8279.5708,1605.0871,-82.8659,12.000,0,nan,nan
10.2790,361.8000,0,-8465.4135,1849.3998,-163.1482,nan,nan,nan,-0.5101,0.4753,0.7168,-0.7977,-0.5732,-0.1876,0.3217,-0.6675,0.6715,0.0000,0.0000,0.0000,-0.0000,0.0000,0.0000,-8279.5708,1605.0871,-82.8659,nan,nan,nan,-0.5980,0.7699,-0.2228,-0.1367,0.1760,0.9749,90.000,nan,nan,nan,0.0000,0.0000,0.0000,nan,nan,nan,-8279.5708,1605.0871,-82.8659,-8279.5708,1605.0871,-82.8659,12.000,0,nan,nan
10.3010,361.8167,0,-8465.4135,1849.3998,-163.1482,nan,nan,nan,-0.5101,0.4753,0.7168,-0.7977,-0.5732,-0.1876,0.3217,-0.6675,0.6715,0.0000,0.0000,0.0000,-0.0000,0.0000,0.0000,-8279.5708,1605.0871,-82.8659,nan,nan,nan,-0.5980,0.7699,-0.2228,-0.1367,0.1760,0.9749,90.000,nan,nan,nan,0.0000,0.0000,0.0000,nan,nan,nan,-8279.5708,1605.0871,-82.8659,-8279.5708,1605.0871,-82.8659,12.000,0,nan,nan
10.3260,361.8500,0,-8465.4135,1849.3998,-163.1482,nan,nan,nan,-0.5101,0.4753,0.7168,-0.7977,-0.5732,-0.1876,0.3217,-0.6675,0.6715,0.0000,0.0000,0.0000,-0.0000,0.0000,0.0000,-8279.5709,1605.0871,-82.8658,nan,nan,nan,-0.5980,0.7699,-0.2228,-0.1367,0.1760,0.9749,90.000,nan,nan,nan,0.0000,0.0000,0.0000,nan,nan,nan,-8279.5709,1605.0871,-82.8658,-8279.5709,1605.0871,-82.8658,12.000,0,nan,nan
10.3490,361.8667,0,-8465.4135,1849.3998,-163.1482,nan,nan,nan,-0.5101,0.4753,0.7168,-0.7977,-0.5732,-0.1876,0.3217,-0.6675,0.6715,0.0000,0.0000,0.0000,-0.0000,0.0000,0.0000,-8279.5709,1605.0871,-82.8658,nan,nan,nan,-0.5980,0.7699,-0.2228,-0.1367,0.1760,0.9749,90.000,nan,nan,nan,0.0000,0.0000,0.0000,nan,nan,nan,-8279.5709,1605.0871,-82.8658,-8279.5709,1605.0871,-82.8658,12.000,0,nan,nan
10.3710,361.9000,0,-8465.4135,1849.3998,-163.1482,nan,nan,nan,-0.5101,0.4753,0.7168,-0.7977,-0.5732,-0.1876,0.3217,-0.6675,0.6715,0.0000,0.0000,0.0000,-0.0000,0.0000,0.0000,-8279.5709,1605.0871,-82.8658,nan,nan,nan,-0.5980,0.7699,-0.2228,-0.1367,0.1760,0.9749,90.000,nan,nan,nan,0.0000,0.0000,0.0000,nan,nan,nan,-8279.5709,1605.0871,-82.8658,-8279.5709,1605.0871,-82.8658,12.000,0,nan,nan
10.3960,361.9167,0,-8465.4135,1849.3998,-163.1482,nan,nan,nan,-0.5101,0.4753,0.7168,-0.7977,-0.5732,-0.1876,0.3217,-0.6675,0.6715,0.0000,0.0000,0.0000,-0.0000,0.0000,0.0000,-8279.5710,1605.0871,-82.8657,nan,nan,nan,-0.5980,0.7699,-0.2228,-0.1367,0.1760,0.9749,90.000,nan,nan,nan,0.0000,0.0000,0.0000,nan,nan,nan,-8279.5710,1605.0871,-82.8657,-8279.5710,1605.0871,-82.8657,12.000,0,nan,nan
10.4190,361.9334,0,-8465.4135,1849.3998,-163.1482,nan,nan,nan,-0.5101,0.4753,0.7168,-0.7977,-0.5732,-0.1876,0.3217,-0.6675,0.6715,0.0000,0.0000,0.0000,-0.0000,0.0000,0.0000,-8279.5710,1605.0871,-82.8657,nan,nan,nan,-0.5980,0.7699,-0.2228,-0.1367,0.1760,0.9749,90.000,nan,nan,nan,0.0000,0.0000,0.0000,nan,nan,nan,-8279.5710,1605.0871,-82.8657,-8279.5710,1605.0871,-82.8657,12.000,0,nan,nan
10.4430,361.9667,0,-8465.4135,1849.3998,-163.1482,nan,nan,nan,-0.5101,0.4753,0.7168,-0.7977,-0.5732,-0.1876,0.3217,-0.6675,0.6715,0.0000,0.0000,0.0000,-0.0000,0.0000,0.0000,-8279.5710,1605.0871,-82.8657,nan,nan,nan,-0.5980,0.7699,-0.2228,-0.1367,0.1760,0.9749,90.000,nan,nan,nan,0.0000,0.0000,0.0000,nan,nan,nan,-8279.5710,1605.0871,-82.8657,-8279.5710,1605.0871,-82.8657,12.000,0,nan,nan
10.4660,361.9834,0,-8465.4135,1849.3998,-163.1482,nan,nan,nan,-0.5101,0.4753,0.7168,-0.7977,-0.5732,-0.1876,0.3217,-0.6675,0.6715,0.0000,0.0000,0.0000,-0.0000,0.0000,0.0000,-8279.5710,1605.0872,-82.8655,nan,nan,nan,-0.5980,0.7699,-0.2228,-0.1367,0.1760,0.9749,90.000,nan,nan,nan,0.0000,0.0000,0.0000,nan,nan,nan,-8279.5710,1605.0872,-82.8655,-8279.5710,1605.0872,-82.8655,12.000,0,nan,nan
10.4900,362.0167,0,-8465.4135,1849.3998,-163.1482,nan,nan,nan,-0.5101,0.4753,0.7168,-0.7977,-0.5732,-0.1876,0.3217,-0.6675,0.6715,0.0000,0.0000,0.0000,-0.0000,0.0000,0.0000,-8279.5710,1605.0872,-82.8655,nan,nan,nan,-0.5980,0.7699,-0.2228,-0.1367,0.1760,0.9749,90.000,nan,nan,nan,0.0000,0.0000,0.0000,nan,nan,nan,-8279.5710,1605.0872,-82.8655,-8279.5710,1605.0872,-82.8655,12.000,0,nan,nan
10.5130,362.0334,0,-8465.4135,1849.3998,-163.1482,nan,nan,nan,-0.5101,0.4753,0.7168,-0.7977,-0.5732,-0.1876,0.3217,-0.6675,0.6715,0.0000,0.0000,0.0000,-0.0000,0.0000,0.0000,-8279.5710,1605.0872,-82.8655,nan,nan,nan,-0.5980,0.7699,-0.2228,-0.1367,0.1760,0.9749,90.000,nan,nan,nan,0.0000,0.0000,0.0000,nan,nan,nan,-8279.5710,1605.0872,-82.8655,-8279.5710,1605.0872,-82.8655,12.000,0,nan,nan
10.5360,362.0500,0,-8465.4135,1849.3998,-163.1482,nan,nan,nan,-0.5101,0.4753,0.7168,-0.7977,-0.5732,-0.1876,0.3217,-0.6675,0.6715,0.0000,0.0000,0.0000,-0.0000,0.0000,0.0000,-8279.5711,1605.0872,-82.8654,nan,nan,nan,-0.5980,0.7699,-0.2228,-0.1367,0.1760,0.9749,90.000,nan,nan,nan,0.0000,0.0000,0.0000,nan,nan,nan,-8279.5711,1605.0872,-82.8654,-8279.5711,1605.0872,-82.8654,12.000,0,nan,nan
10.5610,362.0834,1,-8465.4135,1849.3998,-163.1482,nan,nan,nan,-0.5101,0.4753,0.7168,-0.7977,-0.5732,-0.1876,0.3217,-0.6675,0.6715,0.0000,0.0000,0.0000,-0.0000,0.0000,0.0000,-8279.5711,1605.0872,-82.8654,nan,nan,nan,-0.5980,0.7699,-0.2228,-0.1367,0.1760,0.9749,90.000,nan,nan,nan,0.0000,0.0000,0.0000,nan,nan,nan,-8279.5711,1605.0872,-82.8654,-8279.5711,1605.0872,-82.8654,12.000,0,nan,nan
10.5850,362.1000,1,-8465.4135,1849.3998,-163.1482,nan,nan,nan,-0.5101,0.4753,0.7168,-0.7977,-0.5732,-0.1876,0.3217,-0.6675,0.6715,0.0000,0.0000,0.0000,-0.0000,0.0000,0.0000,-8279.5711,1605.0872,-82.8654,nan,nan,nan,-0.5980,0.7699,-0.2228,-0.1367,0.1760,0.9749,90.000,nan,nan,nan,0.0000,0.0000,0.0000,nan,nan,nan,-8279.5711,1605.0872,-82.8654,-8279.5711,1605.0872,-82.8654,12.000,0,nan,nan
10.6070,362.1334,1,-8465.4135,1849.3998,-163.1482,nan,nan,nan,-0.5101,0.4753,0.7168,-0.7977,-0.5732,-0.1876,0.3217,-0.6675,0.6715,0.0000,0.0000,0.0000,-0.0000,0.0000,0.0000,-8279.5711,1605.0873,-82.8653,nan,nan,nan,-0.5980,0.7699,-0.2228,-0.1367,0.1760,0.9749,90.000,nan,nan,nan,0.0000,0.0000,0.0000,nan,nan,nan,-8279.5711,1605.0873,-82.8653,-8279.5711,1605.0873,-82.8653,12.000,0,nan,nan
10.6310,362.1500,1,-8465.4135,1849.3998,-163.1482,nan,nan,nan,-0.5101,0.4753,0.7168,-0.7977,-0.5732,-0.1876,0.3217,-0.6675,0.6715,0.0000,0.0000,0.0000,-0.0000,0.0000,0.0000,-8279.5711,1605.0873,-82.8653,nan,nan,nan,-0.5980,0.7699,-0.2228,-0.1367,0.1760,0.9749,90.000,nan,nan,nan,0.0000,0.0000,0.0000,nan,nan,nan,-8279.5711,1605.0873,-82.8653,-8279.5711,1605.0873,-82.8653,12.000,0,nan,nan
10.6540,362.1834,1,-8465.4135,1849.3998,-163.1482,nan,nan,nan,-0.5101,0.4753,0.7168,-0.7977,-0.5732,-0.1876,0.3217,-0.6675,0.6715,0.0000,0.0000,0.0000,-0.0000,0.0000,0.0000,-8279.5711,1605.0873,-82.8653,nan,nan,nan,-0.5980,0.7699,-0.2228,-0.1367,0.1760,0.9749,90.000,nan,nan,nan,0.0000,0.0000,0.0000,nan,nan,nan,-8279.5711,1605.0873,-82.8653,-8279.5711,1605.0873,-82.8653,12.000,0,nan,nan
10.6770,362.2000,1,-8465.4135,1849.3998,-163.1482,nan,nan,nan,-0.5101,0.4753,0.7168,-0.7977,-0.5732,-0.1876,0.3217,-0.6675,0.6715,0.0000,0.0000,0.0000,-0.0000,0.0000,0.0000,-8279.5711,1605.0873,-82.8653,nan,nan,nan,-0.5980,0.7699,-0.2228,-0.1367,0.1760,0.9749,90.000,nan,nan,nan,0.0000,0.0000,0.0000,nan,nan,nan,-8279.5711,1605.0873,-82.8653,-8279.5711,1605.0873,-82.8653,12.000,0,nan,nan
10.6980,362.2167,1,-8465.4135,1849.3998,-163.1482,nan,nan,nan,-0.5101,0.4753,0.7168,-0.7977,-0.5732,-0.1876,0.3217,-0.6675,0.6715,0.0000,0.0000,0.0000,-0.0000,0.0000,0.0000,-8279.5712,1605.0873,-82.8652,nan,nan,nan,-0.5980,0.7699,-0.2228,-0.1367,0.1760,0.9749,90.000,nan,nan,nan,0.0000,0.0000,0.0000,nan,nan,nan,-8279.5712,1605.0873,-82.8652,-8279.5712,1605.0873,-82.8652,12.000,0,nan,nan
10.7230,362.2500,1,-8465.4135,1849.3998,-163.1482,nan,nan,nan,-0.5101,0.4753,0.7168,-0.7977,-0.5732,-0.1876,0.3217,-0.6675,0.6715,0.0000,0.0000,0.0000,-0.0000,0.0000,0.0000,-8279.5712,1605.0873,-82.8652,nan,nan,nan,-0.5980,0.7699,-0.2228,-0.1367,0.1760,0.9749,90.000,nan,nan,nan,0.0000,0.0000,0.0000,nan,nan,nan,-8279.5712,1605.0873,-82.8652,-8279.5712,1605.0873,-82.8652,12.000,0,nan,nan
10.7460,362.2667,1,-8465.4135,1849.3998,-163.1482,nan,nan,nan,-0.5101,0.4753,0.7168,-0.7977,-0.5732,-0.1876,0.3217,-0.6675,0.6715,0.0000,0.0000,0.0000,-0.0000,0.0000,0.0000,-8279.5712,1605.0873,-82.8652,nan,nan,nan,-0.5980,0.7699,-0.2228,-0.1367,0.1760,0.9749,90.000,nan,nan,nan,0.0000,0.0000,0.0000,nan,nan,nan,-8279.5712,1605.0873,-82.8652,-8279.5712,1605.0873,-82.8652,12.000,0,nan,nan
10.7700,362.3000,1,-8465.4135,1849.3998,-163.1482,nan,nan,nan,-0.5101,0.4753,0.7168,-0.7977,-0.5732,-0.1876,0.3217,-0.6675,0.6715,0.0000,0.0000,0.0000,-0.0000,0.0000,0.0000,-8279.5713,1605.0873,-82.8651,nan,nan,nan,-0.5980,0.7699,-0.2228,-0.1367,0.1760,0.9749,90.000,nan,nan,nan,0.0000,0.0000,0.0000,nan,nan,nan,-8279.5713,1605.0873,-82.8651,-8279.5713,1605.0873,-82.8651,12.000,0,nan,nan
10.7930,362.3167,1,-8465.4135,1849.3998,-163.1482,nan,nan,nan,-0.5101,0.4753,0.7168,-0.7977,-0.5732,-0.1876,0.3217,-0.6675,0.6715,0.0000,0.0000,0.0000,-0.0000,0.0000,0.0000,-8279.5713,1605.0873,-82.8651,nan,nan,nan,-0.5980,0.7699,-0.2228,-0.1367,0.1760,0.9749,90.000,nan,nan,nan,0.0000,0.0000,0.0000,nan,nan,nan,-8279.5713,1605.0873,-82.8651,-8279.5713,1605.0873,-82.8651,12.000,0,nan,nan
10.8170,362.3334,1,-8465.4135,1849.3998,-163.1482,nan,nan,nan,-0.5101,0.4753,0.7168,-0.7977,-0.5732,-0.1876,0.3217,-0.6675,0.6715,0.0000,0.0000,0.0000,-0.0000,0.0000,0.0000,-8279.5713,1605.0873,-82.8651,nan,nan,nan,-0.5980,0.7699,-0.2228,-0.1367,0.1760,0.9749,90.000,nan,nan,nan,0.0000,0.0000,0.0000,nan,nan,nan,-8279.5713,1605.0873,-82.8651,-8279.5713,1605.0873,-82.8651,12.000,0,nan,nan
10.8410,362.3667,1,-8465.4135,1849.3998,-163.1482,nan,nan,nan,-0.5101,0.4753,0.7168,-0.7977,-0.5732,-0.1876,0.3217,-0.6675,0.6715,0.0000,0.0000,0.0000,-0.0000,0.0000,0.0000,-8279.5713,1605.0873,-82.8651,nan,nan,nan,-0.5980,0.7699,-0.2228,-0.1367,0.1760,0.9749,90.000,nan,nan,nan,0.0000,0.0000,0.0000,nan,nan,nan,-8279.5713,1605.0873,-82.8651,-8279.5713,1605.0873,-82.8651,12.000,0,nan,nan
10.8640,362.3834,1,-8465.4135,1849.3998,-163.1482,nan,nan,nan,-0.5101,0.4753,0.7168,-0.7977,-0.5732,-0.1876,0.3217,-0.6675,0.6715,0.0000,0.0000,0.0000,-0.0000,0.0000,0.0000,-8279.5713,1605.0873,-82.8651,nan,nan,nan,-0.5980,0.7699,-0.2228,-0.1367,0.1760,0.9749,90.000,nan,nan,nan,0.0000,0.0000,0.0000,nan,nan,nan,-8279.5713,1605.0873,-82.8651,-8279.5713,1605.0873,-82.8651,12.000,0,nan,nan
10.8860,362.4167,1,-8465.4135,1849.3998,-163.1482,nan,nan,nan,-0.5101,0.4753,0.7168,-0.7977,-0.5732,-0.1876,0.3217,-0.6675,0.6715,0.0000,0.0000,0.0000,-0.0000,0.0000,0.0000,-8279.5713,1605.0874,-82.8650,nan,nan,nan,-0.5980,0.7699,-0.2228,-0.1367,0.1760,0.9749,90.000,nan,nan,nan,0.0000,0.0000,0.0000,nan,nan,nan,-8279.5713,1605.0874,-82.8650,-8279.5713,1605.0874,-82.8650,12.000,0,nan,nan
10.9090,362.4334,1,-8465.4135,1849.3998,-163.1482,nan,nan,nan,-0.5101,0.4753,0.7168,-0.7977,-0.5732,-0.1876,0.3217,-0.6675,0.6715,0.0000,0.0000,0.0000,-0.0000,0.0000,0.0000,-8279.5713,1605.0874,-82.8650,nan,nan,nan,-0.5980,0.7699,-0.2228,-0.1367,0.1760,0.9749,90.000,nan,nan,nan,0.0000,0.0000,0.0000,nan,nan,nan,-8279.5713,1605.0874,-82.8650,-8279.5713,1605.0874,-82.8650,12.000,0,nan,nan
10.9330,362.4500,1,-8465.4135,1849.3998,-163.1482,nan,nan,nan,-0.5101,0.4753,0.7168,-0.7977,-0.5732,-0.1876,0.3217,-0.6675,0.6715,0.0000,0.0000,0.0000,-0.0000,0.0000,0.0000,-8279.5713,1605.0874,-82.8650,nan,nan,nan,-0.5980,0.7699,-0.2228,-0.1367,0.1760,0.9749,90.000,nan,nan,nan,0.0000,0.0000,0.0000,nan,nan,nan,-8279.5713,1605.0874,-82.8650,-8279.5713,1605.0874,-82.8650,12.000,0,nan,nan
10.9560,362.4834,1,-8465.4135,1849.3998,-163.1482,nan,nan,nan,-0.5101,0.4753,0.7168,-0.7977,-0.5732,-0.1876,0.3217,-0.6675,0.6715,0.0000,0.0000,0.0000,-0.0000,0.0000,0.0000,-8279.5713,1605.0874,-82.8650,nan,nan,nan,-0.5980,0.7699,-0.2228,-0.1367,0.1760,0.9749,90.000,nan,nan,nan,0.0000,0.0000,0.0000,nan,nan,nan,-8279.5713,1605.0874,-82.8650,-8279.5713,1605.0874,-82.8650,12.000,0,nan,nan
10.9800,362.5000,1,-8465.4135,1849.3998,-163.1482,nan,nan,nan,-0.5101,0.4753,0.7168,-0.7977,-0.5732,-0.1876,0.3217,-0.6675,0.6715,0.0000,0.0000,0.0000,-0.0000,0.0000,0.0000,-8279.5713,1605.0874,-82.8650,nan,nan,nan,-0.5980,0.7699,-0.2228,-0.1367,0.1760,0.9749,90.000,nan,nan,nan,0.0000,0.0000,0.0000,nan,nan,nan,-8279.5713,1605.0874,-82.8650,-8279.5713,1605.0874,-82.8650,12.000,0,nan,nan
11.0020,362.5334,1,-8465.4135,1849.3998,-163.1482,nan,nan,nan,-0.5101,0.4753,0.7168,-0.7977,-0.5732,-0.1876,0.3217,-0.6675,0.6715,0.0000,0.0000,0.0000,-0.0000,0.0000,0.0000,-8279.5714,1605.0874,-82.8648,nan,nan,nan,-0.5980,0.7699,-0.2228,-0.1367,0.1760,0.9749,90.000,nan,nan,nan,0.0000,0.0000,0.0000,nan,nan,nan,-8279.5714,1605.0874,-82.8648,-8279.5714,1605.0874,-82.8648,12.000,0,nan,nan
11.0250,362.5500,1,-8465.4135,1849.3998,-163.1482,nan,nan,nan,-0.5101,0.4753,0.7168,-0.7977,-0.5732,-0.1876,0.3217,-0.6675,0.6715,0.0000,0.0000,0.0000,-0.0000,0.0000,0.0000,-8279.5714,1605.0874,-82.8648,nan,nan,nan,-0.5980,0.7699,-0.2228,-0.1367,0.1760,0.9749,90.000,nan,nan,nan,0.0000,0.0000,0.0000,nan,nan,nan,-8279.5714,1605.0874,-82.8648,-8279.5714,1605.0874,-82.8648,12.000,0,nan,nan
11.0490,362.5667,1,-8465.4135,1849.3998,-163.1482,nan,nan,nan,-0.5101,0.4753,0.7168,-0.7977,-0.5732,-0.1876,0.3217,-0.6675,0.6715,0.0000,0.0000,0.0000,-0.0000,0.0000,0.0000,-8279.5714,1605.0874,-82.8648,nan,nan,nan,-0.5980,0.7699,-0.2228,-0.1367,0.1760,0.9749,90.000,nan,nan,nan,0.0000,0.0000,0.0000,nan,nan,nan,-8279.5714,1605.0874,-82.8648,-8279.5714,1605.0874,-82.8648,12.000,0,nan,nan
11.0710,362.6000,1,-8465.4135,1849.3998,-163.1482,nan,nan,nan,-0.5101,0.4753,0.7168,-0.7977,-0.5732,-0.1876,0.3217,-0.6675,0.6715,0.0000,0.0000,0.0000,-0.0000,0.0000,0.0000,-8279.5714,1605.0874,-82.8648,nan,nan,nan,-0.5980,0.7699,-0.2228,-0.1367,0.1760,0.9749,90.000,nan,nan,nan,0.0000,0.0000,0.0000,nan,nan,nan,-8279.5714,1605.0874,-82.8648,-8279.5714,1605.0874,-82.8648,12.000,0,nan,nan
11.0940,362.6167,1,-8465.4135,1849.3998,-163.1482,nan,nan,nan,-0.5101,0.4753,0.7168,-0.7977,-0.5732,-0.1876,0.3217,-0.6675,0.6715,0.0000,0.0000,0.0000,-0.0000,0.0000,0.0000,-8279.5714,1605.0874,-82.8648,nan,nan,nan,-0.5980,0.7699,-0.2228,-0.1367,0.1760,0.9749,90.000,nan,nan,nan,0.0000,0.0000,0.0000,nan,nan,nan,-8279.5714,1605.0874,-82.8648,-8279.5714,1605.0874,-82.8648,12.000,0,nan,nan
11.1170,362.6334,1,-8465.4135,1849.3998,-163.1482,nan,nan,nan,-0.5101,0.4753,0.7168,-0.7977,-0.5732,-0.1876,0.3217,-0.6675,0.6715,0.0000,0.0000,0.0000,-0.0000,0.0000,0.0000,-8279.5714,1605.0874,-82.8648,nan,nan,nan,-0.5980,0.7699,-0.2228,-0.1367,0.1760,0.9749,90.000,nan,nan,nan,0.0000,0.0000,0.0000,nan,nan,nan,-8279.5714,1605.0874,-82.8648,-8279.5714,1605.0874,-82.8648,12.000,0,nan,nan
11.1410,362.6667,1,-8465.4135,1849.3998,-163.1482,nan,nan,nan,-0.5101,0.4753,0.7168,-0.7977,-0.5732,-0.1876,0.3217,-0.6675,0.6715,0.0000,0.0000,0.0000,-0.0000,0.0000,0.0000,-8279.5715,1605.0875,-82.8647,nan,nan,nan,-0.5980,0.7699,-0.2228,-0.1367,0.1760,0.9749,90.000,nan,nan,nan,0.0000,0.0000,0.0000,nan,nan,nan,-8279.5715,1605.0875,-82.8647,-8279.5715,1605.0875,-82.8647,12.000,0,nan,nan
11.1630,362.6834,1,-8465.4135,1849.3998,-163.1482,nan,nan,nan,-0.5101,0.4753,0.7168,-0.7977,-0.5732,-0.1876,0.3217,-0.6675,0.6715,0.0000,0.0000,0.0000,-0.0000,0.0000,0.0000,-8279.5715,1605.0875,-82.8647,nan,nan,nan,-0.5980,0.7699,-0.2228,-0.1367,0.1760,0.9749,90.000,nan,nan,nan,0.0000,0.0000,0.0000,nan,nan,nan,-8279.5715,1605.0875,-82.8647,-8279.5715,1605.0875,-82.8647,12.000,0,nan,nan
11.1850,362.7000,1,-8465.4135,1849.3998,-163.1482,nan,nan,nan,-0.5101,0.4753,0.7168,-0.7977,-0.5732,-0.1876,0.3217,-0.6675,0.6715,0.0000,0.0000,0.0000,-0.0000,0.0000,0.0000,-8279.5715,1605.0875,-82.8647,nan,nan,nan,-0.5980,0.7699,-0.2228,-0.1367,0.1760,0.9749,90.000,nan,nan,nan,0.0000,0.0000,0.0000,nan,nan,nan,-8279.5715,1605.0875,-82.8647,-8279.5715,1605.0875,-82.8647,12.000,0,nan,nan
11.2100,362.7334,1,-8465.4135,1849.3998,-163.1482,nan,nan,nan,-0.5101,0.4753,0.7168,-0.7977,-0.5732,-0.1876,0.3217,-0.6675,0.6715,0.0000,0.0000,0.0000,-0.0000,0.0000,0.0000,-8279.5715,1605.0875,-82.8647,nan,nan,nan,-0.5980,0.7699,-0.2228,-0.1367,0.1760,0.9749,90.000,nan,nan,nan,0.0000,0.0000,0.0000,nan,nan,nan,-8279.5715,1605.0875,-82.8647,-8279.5715,1605.0875,-82.8647,12.000,0,nan,nan
11.2320,362.7500,1,-8465.4135,1849.3998,-163.1482,nan,nan,nan,-0.5101,0.4753,0.7168,-0.7977,-0.5732,-0.1876,0.3217,-0.6675,0.6715,0.0000,0.0000,0.0000,-0.0000,0.0000,0.0000,-8279.5715,1605.0875,-82.8647,nan,nan,nan,-0.5980,0.7699,-0.2228,-0.1367,0.1760,0.9749,90.000,nan,nan,nan,0.0000,0.0000,0.0000,nan,nan,nan,-8279.5715,1605.0875,-82.8647,-8279.5715,1605.0875,-82.8647,12.000,0,nan,nan
11.2550,362.7834,1,-8465.4135,1849.3998,-163.1482,nan,nan,nan,-0.5101,0.4753,0.7168,-0.7977,-0.5732,-0.1876,0.3217,-0.6675,0.6715,0.0000,0.0000,0.0000,-0.0000,0.0000,0.0000,-8279.5715,1605.0875,-82.8647,nan,nan,nan,-0.5980,0.7699,-0.2228,-0.1367,0.1760,0.9749,90.000,nan,nan,nan,0.0000,0.0000,0.0000,nan,nan,nan,-8279.5715,1605.0875,-82.8647,-8279.5715,1605.0875,-82.8647,12.000,0,nan,nan
11.2790,362.8000,1,-8465.4135,1849.3998,-163.1482,nan,nan,nan,-0.5101,0.4753,0.7168,-0.7977,-0.5732,-0.1876,0.3217,-0.6675,0.6715,0.0000,0.0000,0.0000,-0.0000,0.0000,0.0000,-8279.5715,1605.0875,-82.8646,nan,nan,nan,-0.5980,0.7699,-0.2228,-0.1367,0.1760,0.9749,90.000,nan,nan,nan,0.0000,0.0000,0.0000,nan,nan,nan,-8279.5715,1605.0875,-82.8646,-8279.5715,1605.0875,-82.8646,12.000,0,nan,nan
11.3020,362.8167,1,-8465.4135,1849.3998,-163.1482,nan,nan,nan,-0.5101,0.4753,0.7168,-0.7977,-0.5732,-0.1876,0.3217,-0.6675,0.6715,0.0000,0.0000,0.0000,-0.0000,0.0000,0.0000,-8279.5715,1605.0875,-82.8646,nan,nan,nan,-0.5980,0.7699,-0.2228,-0.1367,0.1760,0.9749,90.000,nan,nan,nan,0.0000,0.0000,0.0000,nan,nan,nan,-8279.5715,1605.0875,-82.8646,-8279.5715,1605.0875,-82.8646,12.000,0,nan,nan
11.3250,362.8500,1,-8465.4135,1849.3998,-163.1482,nan,nan,nan,-0.5101,0.4753,0.7168,-0.7977,-0.5732,-0.1876,0.3217,-0.6675,0.6715,0.0000,0.0000,0.0000,-0.0000,0.0000,0.0000,-8279.5715,1605.0875,-82.8646,nan,nan,nan,-0.5980,0.7699,-0.2228,-0.1367,0.1760,0.9749,90.000,nan,nan,nan,0.0000,0.0000,0.0000,nan,nan,nan,-8279.5715,1605.0875,-82.8646,-8279.5715,1605.0875,-82.8646,12.000,0,nan,nan
11.3480,362.8667,1,-8465.4135,1849.3998,-163.1482,nan,nan,nan,-0.5101,0.4753,0.7168,-0.7977,-0.5732,-0.1876,0.3217,-0.6675,0.6715,0.0000,0.0000,0.0000,-0.0000,0.0000,0.0000,-8279.5715,1605.0875,-82.8646,nan,nan,nan,-0.5980,0.7699,-0.2228,-0.1367,0.1760,0.9749,90.000,nan,nan,nan,0.0000,0.0000,0.0000,nan,nan,nan,-8279.5715,1605.0875,-82.8646,-8279.5715,1605.0875,-82.8646,12.000,0,nan,nan
11.3720,362.9000,1,-8465.4135,1849.3998,-163.1482,nan,nan,nan,-0.5101,0.4753,0.7168,-0.7977,-0.5732,-0.1876,0.3217,-0.6675,0.6715,0.0000,0.0000,0.0000,-0.0000,0.0000,0.0000,-8279.5715,1605.0875,-82.8646,nan,nan,nan,-0.5980,0.7699,-0.2228,-0.1367,0.1760,0.9749,90.000,nan,nan,nan,0.0000,0.0000,0.0000,nan,nan,nan,-8279.5715,1605.0875,-82.8646,-8279.5715,1605.0875,-82.8646,12.000,0,nan,nan
11.3940,362.9167,1,-8465.4135,1849.3998,-163.1482,nan,nan,nan,-0.5101,0.4753,0.7168,-0.7977,-0.5732,-0.1876,0.3217,-0.6675,0.6715,0.0000,0.0000,0.0000,-0.0000,0.0000,0.0000,-8279.5715,1605.0875,-82.8646,nan,nan,nan,-0.5980,0.7699,-0.2228,-0.1367,0.1760,0.9749,90.000,nan,nan,nan,0.0000,0.0000,0.0000,nan,nan,nan,-8279.5715,1605.0875,-82.8646,-8279.5715,1605.0875,-82.8646,12.000,0,nan,nan
11.4170,362.9334,1,-8465.4135,1849.3998,-163.1482,nan,nan,nan,-0.5101,0.4753,0.7168,-0.7977,-0.5732,-0.1876,0.3217,-0.6675,0.6715,0.0000,0.0000,0.0000,-0.0000,0.0000,0.0000,-8279.5716,1605.0876,-82.8645,nan,nan,nan,-0.5980,0.7699,-0.2228,-0.1367,0.1760,0.9749,90.000,nan,nan,nan,0.0000,0.0000,0.0000,nan,nan,nan,-8279.5716,1605.0876,-82.8645,-8279.5716,1605.0876,-82.8645,12.000,0,nan,nan
11.4400,362.9667,1,-8465.4135,1849.3998,-163.1482,nan,nan,nan,-0.5101,0.4753,0.7168,-0.7977,-0.5732,-0.1876,0.3217,-0.6675,0.6715,0.0000,0.0000,0.0000,-0.0000,0.0000,0.0000,-8279.5716,1605.0876,-82.8645,nan,nan,nan,-0.5980,0.7699,-0.2228,-0.1367,0.1760,0.9749,90.000,nan,nan,nan,0.0000,0.0000,0.0000,nan,nan,nan,-8279.5716,1605.0876,-82.8645,-8279.5716,1605.0876,-82.8645,12.000,0,nan,nan
11.4630,362.9834,1,-8465.4135,1849.3998,-163.1482,nan,nan,nan,-0.5101,0.4753,0.7168,-0.7977,-0.5732,-0.1876,0.3217,-0.6675,0.6715,0.0000,0.0000,0.0000,-0.0000,0.0000,0.0000,-8279.5716,1605.0876,-82.8645,nan,nan,nan,-0.5980,0.7699,-0.2228,-0.1367,0.1760,0.9749,90.000,nan,nan,nan,0.0000,0.0000,0.0000,nan,nan,nan,-8279.5716,1605.0876,-82.8645,-8279.5716,1605.0876,-82.8645,12.000,0,nan,nan
11.4880,363.0000,1,-8465.4135,1849.3998,-163.1482,nan,nan,nan,-0.5101,0.4753,0.7168,-0.7977,-0.5732,-0.1876,0.3217,-0.6675,0.6715,0.0000,0.0000,0.0000,-0.0000,0.0000,0.0000,-8279.5716,1605.0876,-82.8645,nan,nan,nan,-0.5980,0.7699,-0.2228,-0.1367,0.1760,0.9749,90.000,nan,nan,nan,0.0000,0.0000,0.0000,nan,nan,nan,-8279.5716,1605.0876,-82.8645,-8279.5716,1605.0876,-82.8645,12.000,0,nan,nan
11.5100,363.0334,1,-8465.4135,1849.3998,-163.1482,nan,nan,nan,-0.5101,0.4753,0.7168,-0.7977,-0.5732,-0.1876,0.3217,-0.6675,0.6715,0.0000,0.0000,0.0000,-0.0000,0.0000,0.0000,-8279.5716,1605.0876,-82.8645,nan,nan,nan,-0.5980,0.7699,-0.2228,-0.1367,0.1760,0.9749,90.000,nan,nan,nan,0.0000,0.0000,0.0000,nan,nan,nan,-8279.5716,1605.0876,-82.8645,-8279.5716,1605.0876,-82.8645,12.000,0,nan,nan
11.5340,363.0500,1,-8465.4135,1849.3998,-163.1482,nan,nan,nan,-0.5101,0.4753,0.7168,-0.7977,-0.5732,-0.1876,0.3217,-0.6675,0.6715,0.0000,0.0000,0.0000,-0.0000,0.0000,0.0000,-8279.5716,1605.0876,-82.8645,nan,nan,nan,-0.5980,0.7699,-0.2228,-0.1367,0.1760,0.9749,90.000,nan,nan,nan,0.0000,0.0000,0.0000,nan,nan,nan,-8279.5716,1605.0876,-82.8645,-8279.5716,1605.0876,-82.8645,12.000,0,nan,nan
11.5580,363.0834,1,-8465.4135,1849.3998,-163.1482,nan,nan,nan,-0.5101,0.4753,0.7168,-0.7977,-0.5732,-0.1876,0.3217,-0.6675,0.6715,0.0000,0.0000,0.0000,-0.0000,0.0000,0.0000,-8279.5716,1605.0876,-82.8644,nan,nan,nan,-0.5980,0.7699,-0.2228,-0.1367,0.1760,0.9749,90.000,nan,nan,nan,0.0000,0.0000,0.0000,nan,nan,nan,-8279.5716,1605.0876,-82.8644,-8279.5716,1605.0876,-82.8644,12.000,0,nan,nan
11.5820,363.1000,1,-8465.4135,1849.3998,-163.1482,nan,nan,nan,-0.5101,0.4753,0.7168,-0.7977,-0.5732,-0.1876,0.3217,-0.6675,0.6715,0.0000,0.0000,0.0000,-0.0000,0.0000,0.0000,-8279.5716,1605.0876,-82.8644,nan,nan,nan,-0.5980,0.7699,-0.2228,-0.1367,0.1760,0.9749,90.000,nan,nan,nan,0.0000,0.0000,0.0000,nan,nan,nan,-8279.5716,1605.0876,-82.8644,-8279.5716,1605.0876,-82.8644,12.000,0,nan,nan
11.6060,363.1334,1,-8465.4135,1849.3998,-163.1482,nan,nan,nan,-0.5101,0.4753,0.7168,-0.7977,-0.5732,-0.1876,0.3217,-0.6675,0.6715,0.0000,0.0000,0.0000,-0.0000,0.0000,0.0000,-8279.5716,1605.0876,-82.8644,nan,nan,nan,-0.5980,0.7699,-0.2228,-0.1367,0.1760,0.9749,90.000,nan,nan,nan,0.0000,0.0000,0.0000,nan,nan,nan,-8279.5716,1605.0876,-82.8644,-8279.5716,1605.0876,-82.8644,12.000,0,nan,nan
11.6280,363.1500,1,-8465.4135,1849.3998,-163.1482,nan,nan,nan,-0.5101,0.4753,0.7168,-0.7977,-0.5732,-0.1876,0.3217,-0.6675,0.6715,0.0000,0.0000,0.0000,-0.0000,0.0000,0.0000,-8279.5716,1605.0876,-82.8644,nan,nan,nan,-0.5980,0.7699,-0.2228,-0.1367,0.1760,0.9749,90.000,nan,nan,nan,0.0000,0.0000,0.0000,nan,nan,nan,-8279.5716,1605.0876,-82.8644,-8279.5716,1605.0876,-82.8644,12.000,0,nan,nan
11.6510,363.1667,1,-8465.4135,1849.3998,-163.1482,nan,nan,nan,-0.5101,0.4753,0.7168,-0.7977,-0.5732,-0.1876,0.3217,-0.6675,0.6715,0.0000,0.0000,0.0000,-0.0000,0.0000,0.0000,-8279.5716,1605.0876,-82.8644,nan,nan,nan,-0.5980,0.7699,-0.2228,-0.1367,0.1760,0.9749,90.000,nan,nan,nan,0.0000,0.0000,0.0000,nan,nan,nan,-8279.5716,1605.0876,-82.8644,-8279.5716,1605.0876,-82.8644,12.000,0,nan,nan
11.6740,363.2000,1,-8465.4135,1849.3998,-163.1482,nan,nan,nan,-0.5101,0.4753,0.7168,-0.7977,-0.5732,-0.1876,0.3217,-0.6675,0.6715,0.0000,0.0000,0.0000,-0.0000,0.0000,0.0000,-8279.5716,1605.0876,-82.8644,nan,nan,nan,-0.5980,0.7699,-0.2228,-0.1367,0.1760,0.9749,90.000,nan,nan,nan,0.0000,0.0000,0.0000,nan,nan,nan,-8279.5716,1605.0876,-82.8644,-8279.5716,1605.0876,-82.8644,12.000,0,nan,nan
11.6970,363.2167,1,-8465.4135,1849.3998,-163.1482,nan,nan,nan,-0.5101,0.4753,0.7168,-0.7977,-0.5732,-0.1876,0.3217,-0.6675,0.6715,0.0000,0.0000,0.0000,-0.0000,0.0000,0.0000,-8279.5716,1605.0876,-82.8644,nan,nan,nan,-0.5980,0.7699,-0.2228,-0.1367,0.1760,0.9749,90.000,nan,nan,nan,0.0000,0.0000,0.0000,nan,nan,nan,-8279.5716,1605.0876,-82.8644,-8279.5716,1605.0876,-82.8644,12.000,0,nan,nan
11.7180,363.2500,1,-8465.4135,1849.3998,-163.1482,nan,nan,nan,-0.5101,0.4753,0.7168,-0.7977,-0.5732,-0.1876,0.3217,-0.6675,0.6715,0.0000,0.0000,0.0000,-0.0000,0.0000,0.0000,-8279.5716,1605.0876,-82.8644,nan,nan,nan,-0.5980,0.7699,-0.2228,-0.1367,0.1760,0.9749,90.000,nan,nan,nan,0.0000,0.0000,0.0000,nan,nan,nan,-8279.5716,1605.0876,-82.8644,-8279.5716,1605.0876,-82.8644,12.000,0,nan,nan
11.7420,363.2667,1,-8465.4135,1849.3998,-163.1482,nan,nan,nan,-0.5101,0.4753,0.7168,-0.7977,-0.5732,-0.1876,0.3217,-0.6675,0.6715,0.0000,0.0000,0.0000,-0.0000,0.0000,0.0000,-8279.5717,1605.0876,-82.8643,nan,nan,nan,-0.5980,0.7699,-0.2228,-0.1367,0.1760,0.9749,90.000,nan,nan,nan,0.0000,0.0000,0.0000,nan,nan,nan,-8279.5717,1605.0876,-82.8643,-8279.5717,1605.0876,-82.8643,12.000,0,nan,nan
11.7670,363.2834,1,-8465.4135,1849.3998,-163.1482,nan,nan,nan,-0.5101,0.4753,0.7168,-0.7977,-0.5732,-0.1876,0.3217,-0.6675,0.6715,0.0000,0.0000,0.0000,-0.0000,0.0000,0.0000,-8279.5717,1605.0876,-82.8643,nan,nan,nan,-0.5980,0.7699,-0.2228,-0.1367,0.1760,0.9749,90.000,nan,nan,nan,0.0000,0.0000,0.0000,nan,nan,nan,-8279.5717,1605.0876,-82.8643,-8279.5717,1605.0876,-82.8643,12.000,0,nan,nan
11.7900,363.3167,1,-8465.4135,1849.3998,-163.1482,nan,nan,nan,-0.5101,0.4753,0.7168,-0.7977,-0.5732,-0.1876,0.3217,-0.6675,0.6715,0.0000,0.0000,0.0000,-0.0000,0.0000,0.0000,-8279.5717,1605.0876,-82.8643,nan,nan,nan,-0.5980,0.7699,-0.2228,-0.1367,0.1760,0.9749,90.000,nan,nan,nan,0.0000,0.0000,0.0000,nan,nan,nan,-8279.5717,1605.0876,-82.8643,-8279.5717,1605.0876,-82.8643,12.000,0,nan,nan
11.8120,363.3334,1,-8465.4135,1849.3998,-163.1482,nan,nan,nan,-0.5101,0.4753,0.7168,-0.7977,-0.5732,-0.1876,0.3217,-0.6675,0.6715,0.0000,0.0000,0.0000,-0.0000,0.0000,0.0000,-8279.5717,1605.0876,-82.8643,nan,nan,nan,-0.5980,0.7699,-0.2228,-0.1367,0.1760,0.9749,90.000,nan,nan,nan,0.0000,0.0000,0.0000,nan,nan,nan,-8279.5717,1605.0876,-82.8643,-8279.5717,1605.0876,-82.8643,12.000,0,nan,nan
11.8380,363.3500,1,-8465.4135,1849.3998,-163.1482,nan,nan,nan,-0.5101,0.4753,0.7168,-0.7977,-0.5732,-0.1876,0.3217,-0.6675,0.6715,0.0000,0.0000,0.0000,-0.0000,0.0000,0.0000,-8279.5717,1605.0876,-82.8643,nan,nan,nan,-0.5980,0.7699,-0.2228,-0.1367,0.1760,0.9749,90.000,nan,nan,nan,0.0000,0.0000,0.0000,nan,nan,nan,-8279.5717,1605.0876,-82.8643,-8279.5717,1605.0876,-82.8643,12.000,0,nan,nan
11.8610,363.3834,1,-8465.4135,1849.3998,-163.1482,nan,nan,nan,-0.5101,0.4753,0.7168,-0.7977,-0.5732,-0.1876,0.3217,-0.6675,0.6715,0.0000,0.0000,0.0000,-0.0000,0.0000,0.0000,-8279.5717,1605.0876,-82.8643,nan,nan,nan,-0.5980,0.7699,-0.2228,-0.1367,0.1760,0.9749,90.000,nan,nan,nan,0.0000,0.0000,0.0000,nan,nan,nan,-8279.5717,1605.0876,-82.8643,-8279.5717,1605.0876,-82.8643,12.000,0,nan,nan
11.8840,363.4000,1,-8465.4135,1849.3998,-163.1482,nan,nan,nan,-0.5101,0.4753,0.7168,-0.7977,-0.5732,-0.1876,0.3217,-0.6675,0.6715,0.0000,0.0000,0.0000,-0.0000,0.0000,0.0000,-8279.5717,1605.0876,-82.8643,nan,nan,nan,-0.5980,0.7699,-0.2228,-0.1367,0.1760,0.9749,90.000,nan,nan,nan,0.0000,0.0000,0.0000,nan,nan,nan,-8279.5717,1605.0876,-82.8643,-8279.5717,1605.0876,-82.8643,12.000,0,nan,nan
11.9070,363.4334,1,-8465.4135,1849.3998,-163.1482,nan,nan,nan,-0.5101,0.4753,0.7168,-0.7977,-0.5732,-0.1876,0.3217,-0.6675,0.6715,0.0000,0.0000,0.0000,-0.0000,0.0000,0.0000,-8279.5717,1605.0876,-82.8643,nan,nan,nan,-0.5980,0.7699,-0.2228,-0.1367,0.1760,0.9749,90.000,nan,nan,nan,0.0000,0.0000,0.0000,nan,nan,nan,-8279.5717,1605.0876,-82.8643,-8279.5717,1605.0876,-82.8643,12.000,0,nan,nan
11.9300,363.4500,1,-8465.4135,1849.3998,-163.1482,nan,nan,nan,-0.5101,0.4753,0.7168,-0.7977,-0.5732,-0.1876,0.3217,-0.6675,0.6715,0.0000,0.0000,0.0000,-0.0000,0.0000,0.0000,-8279.5717,1605.0876,-82.8643,nan,nan,nan,-0.5980,0.7699,-0.2228,-0.1367,0.1760,0.9749,90.000,nan,nan,nan,0.0000,0.0000,0.0000,nan,nan,nan,-8279.5717,1605.0876,-82.8643,-8279.5717,1605.0876,-82.8643,12.000,0,nan,nan
11.9540,363.4834,1,-8465.4135,1849.3998,-163.1482,nan,nan,nan,-0.5101,0.4753,0.7168,-0.7977,-0.5732,-0.1876,0.3217,-0.6675,0.6715,0.0000,0.0000,0.0000,-0.0000,0.0000,0.0000,-8279.5717,1605.0877,-82.8642,nan,nan,nan,-0.5980,0.7699,-0.2228,-0.1367,0.1760,0.9749,90.000,nan,nan,nan,0.0000,0.0000,0.0000,nan,nan,nan,-8279.5717,1605.0877,-82.8642,-8279.5717,1605.0877,-82.8642,12.000,0,nan,nan
11.9780,363.5000,1,-8465.4135,1849.3998,-163.1482,nan,nan,nan,-0.5101,0.4753,0.7168,-0.7977,-0.5732,-0.1876,0.3217,-0.6675,0.6715,0.0000,0.0000,0.0000,-0.0000,0.0000,0.0000,-8279.5717,1605.0877,-82.8642,nan,nan,nan,-0.5980,0.7699,-0.2228,-0.1367,0.1760,0.9749,90.000,nan,nan,nan,0.0000,0.0000,0.0000,nan,nan,nan,-8279.5717,1605.0877,-82.8642,-8279.5717,1605.0877,-82.8642,12.000,0,nan,nan
11.9990,363.5167,1,-8465.5977,1849.6459,-162.8153,nan,nan,nan,-0.4066,0.5431,0.7346,-0.8551,-0.5094,-0.0967,0.3217,-0.6675,0.6715,0.0000,0.0000,0.0000,-2.2112,2.9534,3.9948,-8279.5866,1605.1076,-82.8372,nan,nan,nan,-0.5980,0.7699,-0.2228,-0.1367,0.1760,0.9749,90.000,nan,nan,nan,0.0000,0.0000,0.0000,nan,nan,nan,-8279.5866,1605.1076,-82.8372,-8279.5866,1605.1076,-82.8372,12.000,1,nan,nan
12.0220,363.5500,1,-8466.3300,1850.4052,-161.7098,nan,nan,nan,-0.4792,0.4969,0.7235,-0.8166,-0.5546,-0.1600,0.3217,-0.6675,0.6715,0.0000,0.0000,0.0000,-7.0472,8.0998,11.4266,-8279.7239,1605.2576,-82.6223,nan,nan,nan,-0.5980,0.7699,-0.2228,-0.1367,0.1760,0.9749,90.000,nan,nan,nan,0.0000,0.0000,0.0000,nan,nan,nan,-8279.7239,1605.2576,-82.6223,-8279.7239,1605.2576,-82.6223,12.000,1,nan,nan
12.0450,363.5667,1,-8466.9883,1850.9236,-160.8792,nan,nan,nan,-0.5579,0.4394,0.7040,-0.7650,-0.6012,-0.2311,0.3217,-0.6675,0.6715,0.0000,0.0000,0.0000,-15.9141,15.3502,22.8807,-8279.8680,1605.3947,-82.4171,nan,nan,nan,-0.5980,0.7699,-0.2228,-0.1367,0.1760,0.9749,90.000,nan,nan,nan,0.0000,0.0000,0.0000,nan,nan,nan,-8279.8680,1605.3947,-82.4171,-8279.8680,1605.3947,-82.4171,12.000,1,nan,nan
12.0690,363.5834,1,-8467.8412,1851.4981,-159.8996,nan,nan,nan,-0.6005,0.4045,0.6897,-0.7320,-0.6252,-0.2707,0.3217,-0.6675,0.6715,0.0000,0.0000,0.0000,-27.9216,23.6939,36.9258,-8280.0950,1605.5855,-82.1186,nan,nan,nan,-0.5980,0.7699,-0.2228,-0.1367,0.1760,0.9749,90.000,nan,nan,nan,0.0000,0.0000,0.0000,nan,nan,nan,-8280.0950,1605.5855,-82.1186,-8280.0950,1605.5855,-82.1186,12.000,1,nan,nan
12.0930,363.6167,1,-8469.9733,1852.5448,-157.8380,nan,nan,nan,-0.6779,0.3328,0.6555,-0.6610,-0.6661,-0.3454,0.3217,-0.6675,0.6715,0.0000,0.0000,0.0000,-40.9044,28.6893,48.1101,-8280.8685,1606.0927,-81.2439,nan,nan,nan,-0.5980,0.7699,-0.2228,-0.1367,0.1760,0.9749,90.000,nan,nan,nan,0.0000,0.0000,0.0000,nan,nan,nan,-8280.8685,1606.0927,-81.2439,-8280.8685,1606.0927,-81.2439,12.000,1,nan,nan
12.1170,363.6334,1,-8471.0996,1853.0411,-156.8051,nan,nan,nan,-0.7010,0.3089,0.6428,-0.6365,-0.6775,-0.3685,0.3217,-0.6675,0.6715,0.0000,0.0000,0.0000,-52.6230,31.0884,56.1082,-8281.2901,1606.3459,-80.7902,nan,nan,nan,-0.5980,0.7699,-0.2228,-0.1367,0.1760,0.9749,90.000,nan,nan,nan,0.0000,0.0000,0.0000,nan,nan,nan,-8281.2901,1606.3459,-80.7902,-8281.2901,1606.3459,-80.7902,12.000,1,nan,nan
12.1410,363.6667,1,-8473.3894,1854.0270,-154.7282,nan,nan,nan,-0.7057,0.3039,0.6401,-0.6313,-0.6798,-0.3733,0.3217,-0.6675,0.6715,0.0000,0.0000,0.0000,-60.8060,31.2629,60.2014,-8282.3610,1606.9225,-79.7042,nan,nan,nan,-0.5980,0.7699,-0.2228,-0.1367,0.1760,0.9749,90.000,nan,nan,nan,0.0000,0.0000,0.0000,nan,nan,nan,-8282.3610,1606.9225,-79.7042,-8282.3610,1606.9225,-79.7042,12.000,1,nan,nan
12.1650,363.6834,1,-8474.5343,1854.5200,-153.6898,nan,nan,nan,-0.7057,0.3039,0.6401,-0.6313,-0.6798,-0.3733,0.3217,-0.6675,0.6715,0.0000,0.0000,0.0000,-65.9474,30.3200,61.7271,-8282.9030,1607.2038,-79.1649,nan,nan,nan,-0.5980,0.7699,-0.2228,-0.1367,0.1760,0.9749,90.000,nan,nan,nan,0.0000,0.0000,0.0000,nan,nan,nan,-8282.9030,1607.2038,-79.1649,-8282.9030,1607.2038,-79.1649,12.000,1,nan,nan
12.1880,363.7167,1,-8476.8241,1855.5060,-151.6129,nan,nan,nan,-0.7057,0.3039,0.6401,-0.6313,-0.6798,-0.3733,0.3217,-0.6675,0.6715,0.0000,0.0000,0.0000,-67.9222,29.7671,62.1234,-8284.1662,1607.8276,-77.9397,nan,nan,nan,-0.5980,0.7699,-0.2228,-0.1367,0.1760,0.9749,90.000,nan,nan,nan,0.0000,0.0000,0.0000,nan,nan,nan,-8284.1662,1607.8276,-77.9397,-8284.1662,1607.8276,-77.9397,12.000,1,nan,nan
12.2120,363.7334,1,-8477.9691,1855.9990,-150.5745,nan,nan,nan,-0.7057,0.3039,0.6401,-0.6313,-0.6798,-0.3733,0.3217,-0.6675,0.6715,0.0000,0.0000,0.0000,-68.5402,29.6166,62.2698,-8284.7938,1608.1319,-77.3367,nan,nan,nan,-0.5980,0.7699,-0.2228,-0.1367,0.1760,0.9749,90.000,nan,nan,nan,0.0000,0.0000,0.0000,nan,nan,nan,-8284.7938,1608.1319,-77.3367,-8284.7938,1608.1319,-77.3367,12.000,1,nan,nan
12.2360,363.7500,1,-8479.1004,1856.4781,-149.5563,nan,nan,nan,-0.7090,0.3003,0.6381,-0.6275,-0.6814,-0.3767,0.3217,-0.6675,0.6715,0.0000,0.0000,0.0000,-68.5008,29.4199,62.0555,-8285.4356,1608.4377,-76.7253,nan,nan,nan,-0.5980,0.7699,-0.2228,-0.1367,0.1760,0.9749,90.000,nan,nan,nan,0.0000,0.0000,0.0000,nan,nan,nan,-8285.4356,1608.4377,-76.7253,-8285.4356,1608.4377,-76.7253,12.000,1,nan,nan
12.2670,363.7834,1,-8481.3630,1857.4363,-147.5201,nan,nan,nan,-0.7090,0.3003,0.6381,-0.6275,-0.6814,-0.3767,0.3217,-0.6675,0.6715,0.0000,0.0000,0.0000,-68.3298,29.2139,61.7689,-8286.8915,1609.1142,-75.3554,nan,nan,nan,-0.5980,0.7699,-0.2228,-0.1367,0.1760,0.9749,90.000,nan,nan,nan,0.0000,0.0000,0.0000,nan,nan,nan,-8286.8915,1609.1142,-75.3554,-8286.8915,1609.1142,-75.3554,12.000,1,nan,nan
12.2930,363.8167,1,-8483.6257,1858.3945,-145.4838,nan,nan,nan,-0.7090,0.3003,0.6381,-0.6275,-0.6814,-0.3767,0.3217,-0.6675,0.6715,0.0000,0.0000,0.0000,-68.1326,29.0062,61.4679,-8288.4864,1609.8417,-73.8683,nan,nan,nan,-0.5980,0.7699,-0.2228,-0.1367,0.1760,0.9749,90.000,nan,nan,nan,0.0000,0.0000,0.0000,nan,nan,nan,-8288.4864,1609.8417,-73.8683,-8288.4864,1609.8417,-73.8683,12.000,1,nan,nan
12.3170,363.8334,1,-8484.6755,1858.7690,-144.3563,nan,nan,nan,-0.7006,0.3093,0.6431,-0.6370,-0.6773,-0.3681,0.3217,-0.6675,0.6715,0.0000,0.0000,0.0000,-66.9526,27.5433,62.4759,-8289.2369,1610.1764,-73.1578,nan,nan,nan,-0.5980,0.7699,-0.2228,-0.1367,0.1760,0.9749,90.000,nan,nan,nan,0.0000,0.0000,0.0000,nan,nan,nan,-8289.2369,1610.1764,-73.1578,-8289.2369,1610.1764,-73.1578,12.000,1,nan,nan
12.3400,363.8667,1,-8486.8644,1859.3505,-142.1080,nan,nan,nan,-0.6830,0.1904,0.7051,-0.5460,-0.7744,-0.3198,0.4851,-0.6034,0.6329,0.0000,0.0000,0.0000,-66.2738,24.9901,63.9498,-8290.4709,1611.0666,-71.6276,nan,nan,nan,-0.5980,0.7699,-0.2228,-0.1367,0.1760,0.9749,90.000,nan,nan,nan,0.0000,0.0000,0.0000,nan,nan,nan,-8290.4709,1611.0666,-71.6276,-8290.4709,1611.0666,-71.6276,12.000,1,nan,nan
12.3640,363.8834,1,-8487.9588,1859.6412,-140.9839,nan,nan,nan,-0.6859,0.1822,0.7045,-0.5389,-0.7778,-0.3235,0.4890,-0.6015,0.6317,0.0000,0.0000,0.0000,-65.6954,22.2189,65.5169,-8291.0668,1611.4673,-70.9003,nan,nan,nan,-0.5980,0.7699,-0.2228,-0.1367,0.1760,0.9749,90.000,nan,nan,nan,0.0000,0.0000,0.0000,nan,nan,nan,-8291.0668,1611.4673,-70.9003,-8291.0668,1611.4673,-70.9003,12.000,1,nan,nan
12.3890,363.9167,1,-8488.0320,1858.1304,-140.0615,nan,nan,nan,-0.8558,-0.1908,0.4809,-0.1688,-0.7757,-0.6081,0.4890,-0.6015,0.6317,0.0000,0.0000,0.0000,-52.4426,6.8507,59.1466,-8292.1706,1611.9882,-69.4347,nan,nan,nan,-0.5980,0.7699,-0.2228,-0.1367,0.1760,0.9749,90.000,nan,nan,nan,0.0000,0.0000,0.0000,nan,nan,nan,-8292.1706,1611.9882,-69.4347,-8292.1706,1611.9882,-69.4347,12.000,1,nan,nan
12.4140,363.9334,1,-8487.5178,1856.6545,-139.9223,nan,nan,nan,-0.7401,-0.0722,0.6686,-0.3949,-0.7581,-0.5190,0.5443,-0.6482,0.5326,0.0000,0.0000,0.0000,-31.0236,-18.4273,46.0140,-8292.6047,1612.0519,-68.8319,nan,nan,nan,-0.5980,0.7699,-0.2228,-0.1367,0.1760,0.9749,90.000,nan,nan,nan,0.0000,0.0000,0.0000,nan,nan,nan,-8292.6047,1612.0519,-68.8319,-8292.6047,1612.0519,-68.8319,12.000,1,nan,nan
12.4360,363.9667,1,-8486.4327,1853.7817,-139.6382,nan,nan,nan,-0.5217,-0.1092,0.8461,-0.5715,-0.6916,-0.4417,0.6334,-0.7140,0.2984,0.0000,0.0000,0.0000,-7.0959,-44.2085,31.6024,-8292.9925,1611.2748,-68.3858,nan,nan,nan,-0.5980,0.7699,-0.2228,-0.1367,0.1760,0.9749,90.000,nan,nan,nan,0.0000,0.0000,0.0000,nan,nan,nan,-8292.9925,1611.2748,-68.3858,-8292.9925,1611.2748,-68.3858,12.000,1,nan,nan
12.4590,363.9834,1,-8485.8849,1852.3638,-139.4960,nan,nan,nan,-0.4338,-0.1851,0.8818,-0.6109,-0.6590,-0.4388,0.6623,-0.7291,0.1728,0.0000,0.0000,0.0000,17.3962,-69.8681,16.9358,-8293.0184,1610.7920,-68.4726,nan,nan,nan,-0.5980,0.7699,-0.2228,-0.1367,0.1760,0.9749,90.000,nan,nan,nan,0.0000,0.0000,0.0000,nan,nan,nan,-8293.0184,1610.7920,-68.4726,-8293.0184,1610.7920,-68.4726,12.000,1,nan,nan
12.4840,364.0000,1,-8485.3371,1850.9459,-139.3539,nan,nan,nan,-0.3525,-0.2735,0.8949,-0.6429,-0.6242,-0.4440,0.6800,-0.7319,0.0442,0.0000,0.0000,0.0000,29.3067,-82.9500,10.1741,-8292.9530,1610.2755,-68.7707,nan,nan,nan,-0.5980,0.7699,-0.2228,-0.1367,0.1760,0.9749,90.000,nan,nan,nan,0.0000,0.0000,0.0000,nan,nan,nan,-8292.9530,1610.2755,-68.7707,-8292.9530,1610.2755,-68.7707,12.000,1,nan,nan
12.5080,364.0334,1,-8484.1892,1848.0914,-139.0608,nan,nan,nan,-0.1834,-0.4447,0.8767,-0.7090,-0.5580,-0.4313,0.6810,-0.7007,-0.2129,0.0000,0.0000,0.0000,32.4061,-84.9836,8.9096,-8292.6739,1609.1599,-69.9697,nan,nan,nan,-0.5980,0.7699,-0.2228,-0.1367,0.1760,0.9749,90.000,nan,nan,nan,0.0000,0.0000,0.0000,nan,nan,nan,-8292.6739,1609.1599,-69.9697,-8292.6739,1609.1599,-69.9697,12.000,1,nan,nan
12.5320,364.0500,1,-8483.5888,1846.6209,-138.9083,nan,nan,nan,-0.0915,-0.5202,0.8491,-0.7419,-0.5332,-0.4066,0.6642,-0.6672,-0.3372,0.0000,0.0000,0.0000,33.7206,-85.7996,8.7809,-8292.5342,1608.6221,-70.6634,nan,nan,nan,-0.5980,0.7699,-0.2228,-0.1367,0.1760,0.9749,90.000,nan,nan,nan,0.0000,0.0000,0.0000,nan,nan,nan,-8292.5342,1608.6221,-70.6634,-8292.5342,1608.6221,-70.6634,12.000,1,nan,nan
12.5580,364.0834,1,-8482.3539,1843.6354,-138.5964,nan,nan,nan,0.0712,-0.6864,0.7238,-0.8045,-0.4684,-0.3651,0.5896,-0.5563,-0.5855,0.0000,0.0000,0.0000,34.8197,-86.8608,8.9211,-8292.3348,1607.6000,-72.5111,nan,nan,nan,-0.5980,0.7699,-0.2228,-0.1367,0.1760,0.9749,90.000,nan,nan,nan,0.0000,0.0000,0.0000,nan,nan,nan,-8292.3348,1607.6000,-72.5111,-8292.3348,1607.6000,-72.5111,12.000,1,nan,nan
12.5820,364.1000,1,-8481.7364,1842.1427,-138.4405,nan,nan,nan,0.1540,-0.7508,0.6423,-0.8312,-0.4499,-0.3266,0.5342,-0.4836,-0.6934,0.0000,0.0000,0.0000,35.8757,-87.9711,9.1151,-8292.2846,1607.1570,-73.4523,nan,nan,nan,-0.5980,0.7699,-0.2228,-0.1367,0.1760,0.9749,90.000,nan,nan,nan,0.0000,0.0000,0.0000,nan,nan,nan,-8292.2846,1607.1570,-73.4523,-8292.2846,1607.1570,-73.4523,12.000,1,nan,nan
12.6060,364.1334,1,-8480.5015,1839.1572,-138.1285,nan,nan,nan,0.2981,-0.8999,0.3183,-0.9007,-0.3756,-0.2181,0.3158,-0.2216,-0.9226,0.0000,0.0000,0.0000,36.6092,-88.9790,9.2666,-8292.6546,1606.6531,-75.8679,nan,nan,nan,-0.5980,0.7699,-0.2228,-0.1367,0.1760,0.9749,90.000,nan,nan,nan,0.0000,0.0000,0.0000,nan,nan,nan,-8292.6546,1606.6531,-75.8679,-8292.6546,1606.6531,-75.8679,12.000,1,nan,nan
12.6300,364.1500,1,-8479.8840,1837.6645,-137.9726,nan,nan,nan,0.3669,-0.9202,0.1367,-0.9121,-0.3848,-0.1418,0.1831,-0.0726,-0.9804,0.0000,0.0000,0.0000,36.9600,-89.4470,9.3393,-8292.9583,1606.5507,-76.9528,nan,nan,nan,-0.5980,0.7699,-0.2228,-0.1367,0.1760,0.9749,90.000,nan,nan,nan,0.0000,0.0000,0.0000,nan,nan,nan,-8292.9583,1606.5507,-76.9528,-8292.9583,1606.5507,-76.9528,12.000,1,nan,nan
12.6540,364.1834,1,-8478.6491,1834.6790,-137.6607,nan,nan,nan,0.3802,-0.9199,0.0961,-0.9121,-0.3901,-0.1258,0.1532,-0.0398,-0.9874,0.0000,0.0000,0.0000,37.0302,-89.5406,9.3538,-8293.4249,1606.0246,-78.9244,nan,nan,nan,-0.5980,0.7699,-0.2228,-0.1367,0.1760,0.9749,90.000,nan,nan,nan,0.0000,0.0000,0.0000,nan,nan,nan,-8293.4249,1606.0246,-78.9244,-8293.4249,1606.0246,-78.9244,12.000,1,nan,nan
12.6770,364.2000,1,-8478.0145,1833.1641,-137.5012,nan,nan,nan,0.3845,-0.9180,0.0967,-0.9103,-0.3945,-0.1253,0.1532,-0.0398,-0.9874,0.0000,0.0000,0.0000,37.2493,-89.8256,9.3993,-8293.5900,1605.6646,-79.8186,nan,nan,nan,-0.5980,0.7699,-0.2228,-0.1367,0.1760,0.9749,90.000,nan,nan,nan,0.0000,0.0000,0.0000,nan,nan,nan,-8293.5900,1605.6646,-79.8186,-8293.5900,1605.6646,-79.8186,12.000,1,nan,nan
12.7020,364.2167,1,-8477.3738,1831.6562,-137.3255,nan,nan,nan,0.3903,-0.9155,0.0975,-0.9079,-0.4003,-0.1247,0.1532,-0.0398,-0.9874,0.0000,0.0000,0.0000,37.5728,-90.0650,9.6447,-8293.6941,1605.2071,-80.6438,nan,nan,nan,-0.5980,0.7699,-0.2228,-0.1367,0.1760,0.9749,90.000,nan,nan,nan,0.0000,0.0000,0.0000,nan,nan,nan,-8293.6941,1605.2071,-80.6438,-8293.6941,1605.2071,-80.6438,12.000,1,nan,nan
12.7270,364.2500,1,-8476.2264,1828.6830,-136.6191,nan,nan,nan,0.3650,-0.9209,0.1365,-0.9197,-0.3795,-0.1007,0.1446,-0.0888,-0.9855,0.0000,0.0000,0.0000,37.1123,-90.0389,12.0606,-8293.7298,1603.7903,-81.9949,nan,nan,nan,-0.5980,0.7699,-0.2228,-0.1367,0.1760,0.9749,90.000,nan,nan,nan,0.0000,0.0000,0.0000,nan,nan,nan,-8293.7298,1603.7903,-81.9949,-8293.7298,1603.7903,-81.9949,12.000,1,nan,nan
12.7530,364.2667,1,-8475.8121,1827.1953,-136.0590,nan,nan,nan,0.2696,-0.9394,0.2117,-0.9546,-0.2897,-0.0696,0.1268,-0.1833,-0.9748,0.0000,0.0000,0.0000,34.5824,-89.9742,17.3939,-8293.7405,1602.9335,-82.5069,nan,nan,nan,-0.5980,0.7699,-0.2228,-0.1367,0.1760,0.9749,90.000,nan,nan,nan,0.0000,0.0000,0.0000,nan,nan,nan,-8293.7405,1602.9335,-82.5069,-8293.7405,1602.9335,-82.5069,12.000,1,nan,nan
12.7760,364.3000,1,-8475.1287,1824.3703,-134.4993,nan,nan,nan,0.2244,-0.8962,0.3827,-0.9707,-0.2403,0.0064,0.0863,-0.3729,-0.9238,0.0000,0.0000,0.0000,30.5617,-88.7320,25.9049,-8293.7786,1600.3960,-83.0470,nan,nan,nan,-0.5980,0.7699,-0.2228,-0.1367,0.1760,0.9749,90.000,nan,nan,nan,0.0000,0.0000,0.0000,nan,nan,nan,-8293.7786,1600.3960,-83.0470,-8293.7786,1600.3960,-83.0470,12.000,1,nan,nan
12.8020,364.3167,1,-8474.9458,1823.0702,-133.5051,nan,nan,nan,0.1199,-0.8627,0.4913,-0.9911,-0.1330,0.0083,0.0581,-0.4879,-0.8710,0.0000,0.0000,0.0000,24.2632,-85.9897,37.4292,-8293.8236,1599.0370,-83.1241,nan,nan,nan,-0.5980,0.7699,-0.2228,-0.1367,0.1760,0.9749,90.000,nan,nan,nan,0.0000,0.0000,0.0000,nan,nan,nan,-8293.8236,1599.0370,-83.1241,-8293.8236,1599.0370,-83.1241,12.000,1,nan,nan
12.8250,364.3500,1,-8474.5558,1820.5564,-131.6875,nan,nan,nan,0.1306,-0.7542,0.6435,-0.9913,-0.1080,0.0746,0.0133,-0.6477,-0.7618,0.0000,0.0000,0.0000,18.4594,-82.6848,46.4016,-8293.9905,1595.5089,-82.6429,nan,nan,nan,-0.5980,0.7699,-0.2228,-0.1367,0.1760,0.9749,90.000,nan,nan,nan,0.0000,0.0000,0.0000,nan,nan,nan,-8293.9905,1595.5089,-82.6429,-8293.9905,1595.5089,-82.6429,12.000,1,nan,nan
12.8490,364.3667,1,-8473.2718,1819.5068,-131.7347,nan,nan,nan,0.3632,-0.7644,0.5328,-0.9311,-0.3185,0.1778,0.0338,-0.5606,-0.8274,0.0000,0.0000,0.0000,27.7343,-76.7663,40.9083,-8293.9300,1594.1377,-82.5513,nan,nan,nan,-0.5980,0.7699,-0.2228,-0.1367,0.1760,0.9749,90.000,nan,nan,nan,0.0000,0.0000,0.0000,nan,nan,nan,-8293.9300,1594.1377,-82.5513,-8293.9300,1594.1377,-82.5513,12.000,1,nan,nan
12.8730,364.4000,1,-8470.8143,1817.2990,-131.6982,nan,nan,nan,0.6413,-0.6550,0.3996,-0.7656,-0.5803,0.2776,0.0501,-0.4839,-0.8737,0.0000,0.0000,0.0000,40.2347,-71.8796,30.6697,-8293.4005,1591.5123,-82.5162,nan,nan,nan,-0.5980,0.7699,-0.2228,-0.1367,0.1760,0.9749,90.000,nan,nan,nan,0.0000,0.0000,0.0000,nan,nan,nan,-8293.4005,1591.5123,-82.5162,-8293.4005,1591.5123,-82.5162,12.000,1,nan,nan
12.8980,364.4167,1,-8469.6366,1816.1391,-131.6013,nan,nan,nan,0.6804,-0.6313,0.3723,-0.7309,-0.6219,0.2812,0.0540,-0.4634,-0.8845,0.0000,0.0000,0.0000,54.6728,-69.2194,17.8556,-8293.0874,1590.3632,-82.5104,nan,nan,nan,-0.5980,0.7699,-0.2228,-0.1367,0.1760,0.9749,90.000,nan,nan,nan,0.0000,0.0000,0.0000,nan,nan,nan,-8293.0874,1590.3632,-82.5104,-8293.0874,1590.3632,-82.5104,12.000,1,nan,nan
12.9210,364.4500,1,-8467.1139,1813.9274,-131.2085,nan,nan,nan,0.6994,-0.6285,0.3404,-0.7121,-0.6537,0.2561,0.0615,-0.4215,-0.9047,0.0000,0.0000,0.0000,70.3562,-66.8752,6.7436,-8292.1019,1588.0042,-82.5013,nan,nan,nan,-0.5980,0.7699,-0.2228,-0.1367,0.1760,0.9749,90.000,nan,nan,nan,0.0000,0.0000,0.0000,nan,nan,nan,-8292.1019,1588.0042,-82.5013,-8292.1019,1588.0042,-82.5013,12.000,1,nan,nan
12.9460,364.4667,1,-8465.8321,1812.8042,-130.9231,nan,nan,nan,0.7087,-0.6264,0.3245,-0.7025,-0.6689,0.2430,0.0648,-0.4002,-0.9141,0.0000,0.0000,0.0000,73.4670,-67.2890,8.5124,-8291.5827,1586.9494,-82.4902,nan,nan,nan,-0.5980,0.7699,-0.2228,-0.1367,0.1760,0.9749,90.000,nan,nan,nan,0.0000,0.0000,0.0000,nan,nan,nan,-8291.5827,1586.9494,-82.4902,-8291.5827,1586.9494,-82.4902,12.000,1,nan,nan
12.9690,364.5000,1,-8462.9889,1810.6617,-130.2586,nan,nan,nan,0.7465,-0.6006,0.2864,-0.6617,-0.7156,0.2240,0.0704,-0.3567,-0.9316,0.0000,0.0000,0.0000,76.4031,-66.9800,12.6348,-8290.1636,1584.7799,-82.4217,nan,nan,nan,-0.5980,0.7699,-0.2228,-0.1367,0.1760,0.9749,90.000,nan,nan,nan,0.0000,0.0000,0.0000,nan,nan,nan,-8290.1636,1584.7799,-82.4217,-8290.1636,1584.7799,-82.4217,12.000,1,nan,nan
12.9930,364.5167,1,-8461.5567,1809.9871,-129.9961,nan,nan,nan,0.7936,-0.5511,0.2579,-0.6041,-0.7644,0.2254,0.0729,-0.3347,-0.9395,0.0000,0.0000,0.0000,80.0440,-61.0947,15.4460,-8289.4705,1583.8691,-82.3859,nan,nan,nan,-0.5980,0.7699,-0.2228,-0.1367,0.1760,0.9749,90.000,nan,nan,nan,0.0000,0.0000,0.0000,nan,nan,nan,-8289.4705,1583.8691,-82.3859,-8289.4705,1583.8691,-82.3859,12.000,1,nan,nan
13.0170,364.5334,1,-8460.1346,1809.4629,-129.7490,nan,nan,nan,0.8311,-0.5050,0.2330,-0.5510,-0.8045,0.2215,0.0756,-0.3125,-0.9469,0.0000,0.0000,0.0000,82.7003,-52.9380,16.6167,-8288.7216,1583.0207,-82.3455,nan,nan,nan,-0.5980,0.7699,-0.2228,-0.1367,0.1760,0.9749,90.000,nan,nan,nan,0.0000,0.0000,0.0000,nan,nan,nan,-8288.7216,1583.0207,-82.3455,-8288.7216,1583.0207,-82.3455,12.000,1,nan,nan
13.0410,364.5667,1,-8457.1359,1808.7854,-129.3091,nan,nan,nan,0.9659,-0.2186,0.1385,-0.2446,-0.9459,0.2132,0.0844,-0.2398,-0.9671,0.0000,0.0000,0.0000,85.8423,-41.8931,16.0652,-8286.8541,1581.5490,-82.2649,nan,nan,nan,-0.5980,0.7699,-0.2228,-0.1367,0.1760,0.9749,90.000,nan,nan,nan,0.0000,0.0000,0.0000,nan,nan,nan,-8286.8541,1581.5490,-82.2649,-8286.8541,1581.5490,-82.2649,12.000,1,nan,nan
13.0650,364.5834,1,-8455.4678,1808.5406,-129.0961,nan,nan,nan,0.9817,-0.1442,0.1248,-0.1725,-0.9504,0.2587,0.0813,-0.2755,-0.9579,0.0000,0.0000,0.0000,89.4296,-29.7670,14.5231,-8285.9414,1580.8523,-82.2013,nan,nan,nan,-0.5980,0.7699,-0.2228,-0.1367,0.1760,0.9749,90.000,nan,nan,nan,0.0000,0.0000,0.0000,nan,nan,nan,-8285.9414,1580.8523,-82.2013,-8285.9414,1580.8523,-82.2013,12.000,1,nan,nan
13.0890,364.6167,1,-8451.5117,1808.3027,-128.6919,nan,nan,nan,0.9930,-0.0597,0.1015,-0.0860,-0.9564,0.2791,0.0804,-0.2859,-0.9549,0.0000,0.0000,0.0000,96.6967,-20.6741,13.4894,-8283.4275,1579.3501,-81.9954,nan,nan,nan,-0.5980,0.7699,-0.2228,-0.1367,0.1760,0.9749,90.000,nan,nan,nan,0.0000,0.0000,0.0000,nan,nan,nan,-8283.4275,1579.3501,-81.9954,-8283.4275,1579.3501,-81.9954,12.000,1,nan,nan
13.1140,364.6334,1,-8449.3250,1808.3531,-128.5218,nan,nan,nan,0.9968,0.0228,0.0771,-0.0002,-0.9580,0.2868,0.0804,-0.2859,-0.9549,0.0000,0.0000,0.0000,107.3265,-11.9600,12.3599,-8282.0400,1578.6456,-81.8825,nan,nan,nan,-0.5980,0.7699,-0.2228,-0.1367,0.1760,0.9749,90.000,nan,nan,nan,0.0000,0.0000,0.0000,nan,nan,nan,-8282.0400,1578.6456,-81.8825,-8282.0400,1578.6456,-81.8825,12.000,1,nan,nan
13.1360,364.6667,1,-8444.8541,1808.6917,-127.9119,nan,nan,nan,0.9961,0.0561,0.0687,0.0349,-0.9603,0.2769,0.0815,-0.2734,-0.9584,0.0000,0.0000,0.0000,118.2858,-4.1206,13.1538,-8278.7663,1577.4987,-81.5851,nan,nan,nan,-0.5980,0.7699,-0.2228,-0.1367,0.1760,0.9749,90.000,nan,nan,nan,0.0000,0.0000,0.0000,nan,nan,nan,-8278.7663,1577.4987,-81.5851,-8278.7663,1577.4987,-81.5851,12.000,1,nan,nan
13.1610,364.6834,1,-8442.7709,1809.3591,-127.2366,nan,nan,nan,0.9628,0.2447,0.1143,0.2023,-0.9339,0.2949,0.1789,-0.2608,-0.9487,0.0000,0.0000,0.0000,125.4578,8.3940,18.8607,-8277.0487,1577.1081,-81.3834,nan,nan,nan,-0.5980,0.7699,-0.2228,-0.1367,0.1760,0.9749,90.000,nan,nan,nan,0.0000,0.0000,0.0000,nan,nan,nan,-8277.0487,1577.1081,-81.3834,-8277.0487,1577.1081,-81.3834,12.000,1,nan,nan
13.1850,364.7000,1,-8440.9416,1810.3635,-126.3393,nan,nan,nan,0.9033,0.3924,0.1733,0.3236,-0.8886,0.3250,0.2815,-0.2375,-0.9297,0.0000,0.0000,0.0000,125.1082,24.3767,28.3444,-8275.2208,1576.8956,-81.0978,nan,nan,nan,-0.5980,0.7699,-0.2228,-0.1367,0.1760,0.9749,90.000,nan,nan,nan,0.0000,0.0000,0.0000,nan,nan,nan,-8275.2208,1576.8956,-81.0978,-8275.2208,1576.8956,-81.0978,12.000,1,nan,nan
13.2090,364.7334,1,-8437.4949,1812.1867,-126.3321,nan,nan,nan,0.7424,0.5781,0.3385,0.4398,-0.8017,0.4047,0.5054,-0.1516,-0.8495,0.0000,0.0000,0.0000,119.4778,37.9075,28.2422,-8270.7537,1577.1084,-80.3386,nan,nan,nan,-0.5980,0.7699,-0.2228,-0.1367,0.1760,0.9749,90.000,nan,nan,nan,0.0000,0.0000,0.0000,nan,nan,nan,-8270.7537,1577.1084,-80.3386,-8270.7537,1577.1084,-80.3386,12.000,1,nan,nan
13.2330,364.7500,1,-8435.4034,1811.3575,-126.4389,nan,nan,nan,0.8684,0.3584,0.3426,0.2498,-0.9132,0.3221,0.4283,-0.1941,-0.8825,0.0000,0.0000,0.0000,116.6242,28.6314,23.2812,-8268.8241,1577.0592,-80.0819,nan,nan,nan,-0.5980,0.7699,-0.2228,-0.1367,0.1760,0.9749,90.000,nan,nan,nan,0.0000,0.0000,0.0000,nan,nan,nan,-8268.8241,1577.0592,-80.0819,-8268.8241,1577.0592,-80.0819,12.000,1,nan,nan
13.2570,364.7834,1,-8430.9814,1810.2931,-126.3670,nan,nan,nan,0.9314,0.0617,0.3586,-0.0248,-0.9724,0.2318,0.3630,-0.2249,-0.9042,0.0000,0.0000,0.0000,117.5868,12.3810,14.6167,-8264.8095,1576.6947,-79.6751,nan,nan,nan,-0.5980,0.7699,-0.2228,-0.1367,0.1760,0.9749,90.000,nan,nan,nan,0.0000,0.0000,0.0000,nan,nan,nan,-8264.8095,1576.6947,-79.6751,-8264.8095,1576.6947,-79.6751,12.000,1,nan,nan
13.2800,364.8000,1,-8428.7194,1810.1281,-126.3477,nan,nan,nan,0.9383,0.0292,0.3445,-0.0535,-0.9722,0.2279,0.3416,-0.2323,-0.9107,0.0000,0.0000,0.0000,122.9718,-4.9018,2.3483,-8262.9160,1576.5103,-79.5083,nan,nan,nan,-0.5980,0.7699,-0.2228,-0.1367,0.1760,0.9749,90.000,nan,nan,nan,0.0000,0.0000,0.0000,nan,nan,nan,-8262.9160,1576.5103,-79.5083,-8262.9160,1576.5103,-79.5083,12.000,1,nan,nan
13.3060,364.8334,1,-8424.1702,1809.7595,-126.2960,nan,nan,nan,0.9522,0.0099,0.3053,-0.0662,-0.9690,0.2379,0.2982,-0.2468,-0.9220,0.0000,0.0000,0.0000,130.6638,-21.5089,0.1615,-8258.9250,1576.0721,-79.2393,nan,nan,nan,-0.5980,0.7699,-0.2228,-0.1367,0.1760,0.9749,90.000,nan,nan,nan,0.0000,0.0000,0.0000,nan,nan,nan,-8258.9250,1576.0721,-79.2393,-8258.9250,1576.0721,-79.2393,12.000,1,nan,nan
13.3310,364.8500,1,-8421.8861,1809.5607,-126.2652,nan,nan,nan,0.9582,-0.0016,0.2860,-0.0741,-0.9673,0.2427,0.2763,-0.2538,-0.9270,0.0000,0.0000,0.0000,134.5128,-17.2649,1.3748,-8257.0292,1575.8522,-79.1281,nan,nan,nan,-0.5980,0.7699,-0.2228,-0.1367,0.1760,0.9749,90.000,nan,nan,nan,0.0000,0.0000,0.0000,nan,nan,nan,-8257.0292,1575.8522,-79.1281,-8257.0292,1575.8522,-79.1281,12.000,1,nan,nan
13.3560,364.8834,1,-8417.2478,1809.0797,-126.1756,nan,nan,nan,0.9681,-0.0304,0.2488,-0.0950,-0.9631,0.2518,0.2320,-0.2674,-0.9352,0.0000,0.0000,0.0000,136.5811,-12.9161,1.7242,-8252.9823,1575.3285,-78.9411,nan,nan,nan,-0.5980,0.7699,-0.2228,-0.1367,0.1760,0.9749,90.000,nan,nan,nan,0.0000,0.0000,0.0000,nan,nan,nan,-8252.9823,1575.3285,-78.9411,-8252.9823,1575.3285,-78.9411,12.000,1,nan,nan
13.3780,364.9000,1,-8414.9453,1808.8167,-126.1226,nan,nan,nan,0.9719,-0.0468,0.2307,-0.1071,-0.9606,0.2565,0.2096,-0.2740,-0.9386,0.0000,0.0000,0.0000,137.4793,-13.2222,2.1978,-8251.0847,1575.0694,-78.8621,nan,nan,nan,-0.5980,0.7699,-0.2228,-0.1367,0.1760,0.9749,90.000,nan,nan,nan,0.0000,0.0000,0.0000,nan,nan,nan,-8251.0847,1575.0694,-78.8621,-8251.0847,1575.0694,-78.8621,12.000,1,nan,nan
13.4030,364.9167,1,-8412.6233,1808.5351,-126.0629,nan,nan,nan,0.9788,-0.0657,0.1939,-0.1174,-0.9560,0.2688,0.1677,-0.2859,-0.9435,0.0000,0.0000,0.0000,138.2277,-14.4512,2.6996,-8249.1928,1574.7829,-78.7923,nan,nan,nan,-0.5980,0.7699,-0.2228,-0.1367,0.1760,0.9749,90.000,nan,nan,nan,0.0000,0.0000,0.0000,nan,nan,nan,-8249.1928,1574.7829,-78.7923,-8249.1928,1574.7829,-78.7923,12.000,1,nan,nan
13.4270,364.9500,1,-8408.0387,1807.9597,-125.8644,nan,nan,nan,0.9903,-0.1349,0.0335,-0.1382,-0.9307,0.3387,-0.0146,-0.3400,-0.9403,0.0000,0.0000,0.0000,138.4766,-15.7643,3.6217,-8245.5752,1573.9646,-78.6182,nan,nan,nan,-0.5980,0.7699,-0.2228,-0.1367,0.1760,0.9749,90.000,nan,nan,nan,0.0000,0.0000,0.0000,nan,nan,nan,-8245.5752,1573.9646,-78.6182,-8245.5752,1573.9646,-78.6182,12.000,1,nan,nan
13.4500,364.9667,1,-8405.8142,1807.5902,-125.6726,nan,nan,nan,0.9832,-0.1655,0.0768,-0.1825,-0.8901,0.4176,-0.0008,-0.4246,-0.9054,0.0000,0.0000,0.0000,137.3903,-17.5741,5.5688,-8243.8790,1573.4485,-78.4684,nan,nan,nan,-0.5980,0.7699,-0.2228,-0.1367,0.1760,0.9749,90.000,nan,nan,nan,0.0000,0.0000,0.0000,nan,nan,nan,-8243.8790,1573.4485,-78.4684,-8243.8790,1573.4485,-78.4684,12.000,1,nan,nan
13.4750,365.0000,1,-8401.4976,1806.8098,-125.1223,nan,nan,nan,0.9768,-0.1860,0.1058,-0.2139,-0.8639,0.4560,0.0065,-0.4681,-0.8837,0.0000,0.0000,0.0000,135.4437,-19.4621,8.6249,-8240.2951,1572.3101,-78.0553,nan,nan,nan,-0.5980,0.7699,-0.2228,-0.1367,0.1760,0.9749,90.000,nan,nan,nan,0.0000,0.0000,0.0000,nan,nan,nan,-8240.2951,1572.3101,-78.0553,-8240.2951,1572.3101,-78.0553,12.000,1,nan,nan
13.4990,365.0167,1,-8399.3663,1806.3735,-124.7276,nan,nan,nan,0.9649,-0.2076,0.1606,-0.2616,-0.8093,0.5259,0.0208,-0.5495,-0.8352,0.0000,0.0000,0.0000,132.7650,-21.6969,13.2550,-8238.5783,1571.6575,-77.7676,nan,nan,nan,-0.5980,0.7699,-0.2228,-0.1367,0.1760,0.9749,90.000,nan,nan,nan,0.0000,0.0000,0.0000,nan,nan,nan,-8238.5783,1571.6575,-77.7676,-8238.5783,1571.6575,-77.7676,12.000,1,nan,nan
13.5220,365.0500,1,-8395.1799,1805.4573,-123.8359,nan,nan,nan,0.9568,-0.2082,0.2030,-0.2889,-0.7597,0.5826,0.0329,-0.6160,-0.7870,0.0000,0.0000,0.0000,129.8400,-24.1884,18.3399,-8234.7836,1570.1239,-76.9518,nan,nan,nan,-0.5980,0.7699,-0.2228,-0.1367,0.1760,0.9749,90.000,nan,nan,nan,0.0000,0.0000,0.0000,nan,nan,nan,-8234.7836,1570.1239,-76.9518,-8234.7836,1570.1239,-76.9518,12.000,1,nan,nan
13.5460,365.0667,1,-8393.1008,1805.0113,-123.4001,nan,nan,nan,0.9578,-0.2055,0.2007,-0.2854,-0.7607,0.5831,0.0329,-0.6158,-0.7872,0.0000,0.0000,0.0000,127.5106,-25.6054,22.2861,-8233.0536,1569.4565,-76.5810,nan,nan,nan,-0.5980,0.7699,-0.2228,-0.1367,0.1760,0.9749,90.000,nan,nan,nan,0.0000,0.0000,0.0000,nan,nan,nan,-8233.0536,1569.4565,-76.5810,-8233.0536,1569.4565,-76.5810,12.000,1,nan,nan
13.5710,365.0834,1,-8391.0421,1804.5736,-122.9634,nan,nan,nan,0.9578,-0.2055,0.2007,-0.2854,-0.7607,0.5831,0.0329,-0.6158,-0.7872,0.0000,0.0000,0.0000,125.8484,-26.4594,25.0137,-8231.2941,1568.8062,-76.2043,nan,nan,nan,-0.5980,0.7699,-0.2228,-0.1367,0.1760,0.9749,90.000,nan,nan,nan,0.0000,0.0000,0.0000,nan,nan,nan,-8231.2941,1568.8062,-76.2043,-8231.2941,1568.8062,-76.2043,12.000,1,nan,nan
13.5940,365.1167,1,-8387.3280,1803.7603,-122.0733,nan,nan,nan,0.9517,-0.2151,0.2190,-0.3029,-0.7738,0.5563,0.0498,-0.5958,-0.8016,0.0000,0.0000,0.0000,122.2261,-26.2733,26.1633,-8227.3442,1567.5218,-75.4015,nan,nan,nan,-0.5980,0.7699,-0.2228,-0.1367,0.1760,0.9749,90.000,nan,nan,nan,0.0000,0.0000,0.0000,nan,nan,nan,-8227.3442,1567.5218,-75.4015,-8227.3442,1567.5218,-75.4015,12.000,1,nan,nan
13.6190,365.1334,1,-8385.6928,1803.3948,-121.6607,nan,nan,nan,0.9474,-0.2123,0.2394,-0.3080,-0.8079,0.5024,0.0868,-0.5498,-0.8308,0.0000,0.0000,0.0000,116.0057,-25.1257,25.9953,-8225.5287,1567.0372,-75.0846,nan,nan,nan,-0.5980,0.7699,-0.2228,-0.1367,0.1760,0.9749,90.000,nan,nan,nan,0.0000,0.0000,0.0000,nan,nan,nan,-8225.5287,1567.0372,-75.0846,-8225.5287,1567.0372,-75.0846,12.000,1,nan,nan
13.6420,365.1667,1,-8383.0549,1802.6208,-120.8730,nan,nan,nan,0.9224,-0.2706,0.2754,-0.3763,-0.7903,0.4836,0.0868,-0.5498,-0.8308,0.0000,0.0000,0.0000,105.6397,-24.1877,25.4579,-8221.7377,1566.0141,-74.3704,nan,nan,nan,-0.5980,0.7699,-0.2228,-0.1367,0.1760,0.9749,90.000,nan,nan,nan,0.0000,0.0000,0.0000,nan,nan,nan,-8221.7377,1566.0141,-74.3704,-8221.7377,1566.0141,-74.3704,12.000,1,nan,nan
13.6680,365.1834,1,-8382.0741,1802.2109,-120.4993,nan,nan,nan,0.8704,-0.3638,0.3317,-0.4846,-0.7519,0.4470,0.0868,-0.5498,-0.8308,0.0000,0.0000,0.0000,90.6316,-23.6666,24.5940,-8220.1085,1565.5631,-74.0487,nan,nan,nan,-0.5980,0.7699,-0.2228,-0.1367,0.1760,0.9749,90.000,nan,nan,nan,0.0000,0.0000,0.0000,nan,nan,nan,-8220.1085,1565.5631,-74.0487,-8220.1085,1565.5631,-74.0487,12.000,1,nan,nan
13.6930,365.2167,1,-8380.4105,1801.3931,-119.7844,nan,nan,nan,0.8373,-0.4116,0.3598,-0.5398,-0.7269,0.4246,0.0868,-0.5498,-0.8308,0.0000,0.0000,0.0000,75.3272,-23.5899,23.3702,-8216.8384,1564.6017,-73.3423,nan,nan,nan,-0.5980,0.7699,-0.2228,-0.1367,0.1760,0.9749,90.000,nan,nan,nan,0.0000,0.0000,0.0000,nan,nan,nan,-8216.8384,1564.6017,-73.3423,-8216.8384,1564.6017,-73.3423,12.000,1,nan,nan
13.7180,365.2334,1,-8379.5447,1800.9507,-119.4013,nan,nan,nan,0.8285,-0.4233,0.3666,-0.5532,-0.7201,0.4187,0.0868,-0.5498,-0.8308,0.0000,0.0000,0.0000,63.0328,-24.4960,22.7709,-8215.4257,1564.1720,-73.0221,nan,nan,nan,-0.5980,0.7699,-0.2228,-0.1367,0.1760,0.9749,90.000,nan,nan,nan,0.0000,0.0000,0.0000,nan,nan,nan,-8215.4257,1564.1720,-73.0221,-8215.4257,1564.1720,-73.0221,12.000,1,nan,nan
13.7430,365.2667,1,-8377.7502,1799.9591,-118.5578,nan,nan,nan,0.8094,-0.4473,0.3805,-0.5808,-0.7055,0.4062,0.0868,-0.5498,-0.8308,0.0000,0.0000,0.0000,55.5137,-25.9830,22.9867,-8212.5234,1563.2204,-72.2969,nan,nan,nan,-0.5980,0.7699,-0.2228,-0.1367,0.1760,0.9749,90.000,nan,nan,nan,0.0000,0.0000,0.0000,nan,nan,nan,-8212.5234,1563.2204,-72.2969,-8212.5234,1563.2204,-72.2969,12.000,1,nan,nan
13.7680,365.2834,1,-8376.8308,1799.3663,-118.0695,nan,nan,nan,0.7675,-0.4948,0.4076,-0.6352,-0.6730,0.3790,0.0868,-0.5498,-0.8308,0.0000,0.0000,0.0000,53.2737,-28.4747,24.4049,-8211.2517,1562.7814,-71.9596,nan,nan,nan,-0.5980,0.7699,-0.2228,-0.1367,0.1760,0.9749,90.000,nan,nan,nan,0.0000,0.0000,0.0000,nan,nan,nan,-8211.2517,1562.7814,-71.9596,-8211.2517,1562.7814,-71.9596,12.000,1,nan,nan
13.7910,365.3167,1,-8374.8046,1797.9047,-116.8907,nan,nan,nan,0.7335,-0.5291,0.4267,-0.6742,-0.6464,0.3573,0.0868,-0.5498,-0.8308,0.0000,0.0000,0.0000,55.0011,-32.8357,27.4717,-8208.5592,1561.7353,-71.1474,nan,nan,nan,-0.5980,0.7699,-0.2228,-0.1367,0.1760,0.9749,90.000,nan,nan,nan,0.0000,0.0000,0.0000,nan,nan,nan,-8208.5592,1561.7353,-71.1474,-8208.5592,1561.7353,-71.1474,12.000,1,nan,nan
13.8170,365.3334,1,-8373.7713,1797.1449,-116.2800,nan,nan,nan,0.7274,-0.5349,0.4299,-0.6808,-0.6416,0.3535,0.0868,-0.5498,-0.8308,0.0000,0.0000,0.0000,57.3565,-37.5184,30.8165,-8207.3610,1561.2429,-70.7634,nan,nan,nan,-0.5980,0.7699,-0.2228,-0.1367,0.1760,0.9749,90.000,nan,nan,nan,0.0000,0.0000,0.0000,nan,nan,nan,-8207.3610,1561.2429,-70.7634,-8207.3610,1561.2429,-70.7634,12.000,1,nan,nan
13.8410,365.3667,1,-8371.7048,1795.6251,-115.0585,nan,nan,nan,0.7274,-0.5349,0.4299,-0.6808,-0.6416,0.3535,0.0868,-0.5498,-0.8308,0.0000,0.0000,0.0000,59.4593,-41.6239,33.7528,-8204.7959,1560.0862,-69.8560,nan,nan,nan,-0.5980,0.7699,-0.2228,-0.1367,0.1760,0.9749,90.000,nan,nan,nan,0.0000,0.0000,0.0000,nan,nan,nan,-8204.7959,1560.0862,-69.8560,-8204.7959,1560.0862,-69.8560,12.000,1,nan,nan
13.8650,365.3834,1,-8370.6717,1794.8650,-114.4476,nan,nan,nan,0.7274,-0.5349,0.4299,-0.6808,-0.6416,0.3535,0.0868,-0.5498,-0.8308,0.0000,0.0000,0.0000,61.2444,-44.4525,35.8114,-8203.6499,1559.5474,-69.4322,nan,nan,nan,-0.5980,0.7699,-0.2228,-0.1367,0.1760,0.9749,90.000,nan,nan,nan,0.0000,0.0000,0.0000,nan,nan,nan,-8203.6499,1559.5474,-69.4322,-8203.6499,1559.5474,-69.4322,12.000,1,nan,nan
13.8900,365.4167,1,-8368.5524,1793.3520,-113.1877,nan,nan,nan,0.7335,-0.5288,0.4269,-0.6742,-0.6453,0.3592,0.0855,-0.5513,-0.8299,0.0000,0.0000,0.0000,62.1600,-45.3267,36.7104,-8201.1757,1558.2987,-68.4403,nan,nan,nan,-0.5980,0.7699,-0.2228,-0.1367,0.1760,0.9749,90.000,nan,nan,nan,0.0000,0.0000,0.0000,nan,nan,nan,-8201.1757,1558.2987,-68.4403,-8201.1757,1558.2987,-68.4403,12.000,1,nan,nan
13.9140,365.4334,1,-8367.4295,1792.6096,-112.4886,nan,nan,nan,0.7419,-0.4960,0.4511,-0.6659,-0.6237,0.4094,0.0783,-0.6041,-0.7931,0.0000,0.0000,0.0000,63.4188,-45.2918,37.9504,-8200.0624,1557.6382,-67.9151,nan,nan,nan,-0.5980,0.7699,-0.2228,-0.1367,0.1760,0.9749,90.000,nan,nan,nan,0.0000,0.0000,0.0000,nan,nan,nan,-8200.0624,1557.6382,-67.9151,-8200.0624,1557.6382,-67.9151,12.000,1,nan,nan
13.9380,365.4667,1,-8365.2415,1791.1554,-110.9679,nan,nan,nan,0.7233,-0.4962,0.4803,-0.6871,-0.5866,0.4287,0.0690,-0.6401,-0.7652,0.0000,0.0000,0.0000,64.3996,-44.8915,39.9938,-8197.6513,1556.0555,-66.6027,nan,nan,nan,-0.5980,0.7699,-0.2228,-0.1367,0.1760,0.9749,90.000,nan,nan,nan,0.0000,0.0000,0.0000,nan,nan,nan,-8197.6513,1556.0555,-66.6027,-8197.6513,1556.0555,-66.6027,12.000,1,nan,nan
13.9630,365.4834,1,-8364.1905,1790.4291,-110.1160,nan,nan,nan,0.6871,-0.4873,0.5389,-0.7251,-0.5067,0.4663,0.0458,-0.7112,-0.7015,0.0000,0.0000,0.0000,64.8104,-44.4052,43.2937,-8196.5938,1555.2260,-65.8884,nan,nan,nan,-0.5980,0.7699,-0.2228,-0.1367,0.1760,0.9749,90.000,nan,nan,nan,0.0000,0.0000,0.0000,nan,nan,nan,-8196.5938,1555.2260,-65.8884,-8196.5938,1555.2260,-65.8884,12.000,1,nan,nan
13.9890,365.5000,1,-8363.1737,1789.7217,-109.2082,nan,nan,nan,0.6635,-0.4726,0.5800,-0.7476,-0.4484,0.4899,0.0286,-0.7587,-0.6508,0.0000,0.0000,0.0000,64.3789,-43.7196,47.2885,-8195.5578,1554.3260,-65.0752,nan,nan,nan,-0.5980,0.7699,-0.2228,-0.1367,0.1760,0.9749,90.000,nan,nan,nan,0.0000,0.0000,0.0000,nan,nan,nan,-8195.5578,1554.3260,-65.0752,-8195.5578,1554.3260,-65.0752,12.000,1,nan,nan
14.0130,365.5334,1,-8361.2482,1788.4464,-107.3083,nan,nan,nan,0.6454,-0.4542,0.6141,-0.7637,-0.3978,0.5085,0.0133,-0.7972,-0.6036,0.0000,0.0000,0.0000,62.3706,-42.3256,51.0974,-8193.3530,1552.3102,-63.0967,nan,nan,nan,-0.5980,0.7699,-0.2228,-0.1367,0.1760,0.9749,90.000,nan,nan,nan,0.0000,0.0000,0.0000,nan,nan,nan,-8193.3530,1552.3102,-63.0967,-8193.3530,1552.3102,-63.0967,12.000,1,nan,nan
14.0380,365.5667,1,-8359.3639,1787.4112,-105.4102,nan,nan,nan,0.6595,-0.3895,0.6430,-0.7516,-0.3232,0.5751,-0.0162,-0.8625,-0.5058,0.0000,0.0000,0.0000,60.1467,-39.5322,54.1239,-8191.2784,1550.2298,-60.8079,nan,nan,nan,-0.5980,0.7699,-0.2228,-0.1367,0.1760,0.9749,90.000,nan,nan,nan,0.0000,0.0000,0.0000,nan,nan,nan,-8191.2784,1550.2298,-60.8079,-8191.2784,1550.2298,-60.8079,12.000,1,nan,nan
14.0660,365.5834,1,-8358.2735,1786.8377,-104.5642,nan,nan,nan,0.7386,-0.3021,0.6027,-0.6727,-0.2709,0.6885,-0.0447,-0.9140,-0.4033,0.0000,0.0000,0.0000,60.1744,-37.1407,54.6587,-8190.3701,1549.2335,-59.6226,nan,nan,nan,-0.5980,0.7699,-0.2228,-0.1367,0.1760,0.9749,90.000,nan,nan,nan,0.0000,0.0000,0.0000,nan,nan,nan,-8190.3701,1549.2335,-59.6226,-8190.3701,1549.2335,-59.6226,12.000,1,nan,nan
14.0940,365.6167,1,-8355.1912,1786.2913,-103.8934,nan,nan,nan,0.9572,-0.1605,0.2408,-0.2893,-0.5062,0.8125,-0.0085,-0.8474,-0.5310,0.0000,0.0000,0.0000,66.4716,-31.4510,47.8960,-8188.1190,1547.5392,-57.7545,nan,nan,nan,-0.5980,0.7699,-0.2228,-0.1367,0.1760,0.9749,90.000,nan,nan,nan,0.0000,0.0000,0.0000,nan,nan,nan,-8188.1190,1547.5392,-57.7545,-8188.1190,1547.5392,-57.7545,12.000,1,nan,nan
14.1170,365.6334,1,-8353.6287,1786.0288,-103.5564,nan,nan,nan,0.9628,-0.1515,0.2238,-0.2702,-0.5556,0.7863,0.0052,-0.8175,-0.5759,0.0000,0.0000,0.0000,74.9289,-25.8120,39.1882,-8187.0529,1546.8675,-57.0287,nan,nan,nan,-0.5980,0.7699,-0.2228,-0.1367,0.1760,0.9749,90.000,nan,nan,nan,0.0000,0.0000,0.0000,nan,nan,nan,-8187.0529,1546.8675,-57.0287,-8187.0529,1546.8675,-57.0287,12.000,1,nan,nan
14.1420,365.6667,1,-8350.5036,1785.5037,-102.8825,nan,nan,nan,0.9629,-0.1540,0.2216,-0.2673,-0.6559,0.7060,0.0366,-0.7390,-0.6727,0.0000,0.0000,0.0000,84.0651,-21.6241,30.1013,-8184.4971,1545.7793,-55.8731,nan,nan,nan,-0.5980,0.7699,-0.2228,-0.1367,0.1760,0.9749,90.000,nan,nan,nan,0.0000,0.0000,0.0000,nan,nan,nan,-8184.4971,1545.7793,-55.8731,-8184.4971,1545.7793,-55.8731,12.000,1,nan,nan
14.1680,365.6834,1,-8348.9886,1785.2745,-102.5613,nan,nan,nan,0.9671,-0.1439,0.2098,-0.2486,-0.7097,0.6591,0.0540,-0.6896,-0.7222,0.0000,0.0000,0.0000,90.9874,-16.6541,21.9873,-8183.2965,1545.3845,-55.4436,nan,nan,nan,-0.5980,0.7699,-0.2228,-0.1367,0.1760,0.9749,90.000,nan,nan,nan,0.0000,0.0000,0.0000,nan,nan,nan,-8183.2965,1545.3845,-55.4436,-8183.2965,1545.3845,-55.4436,12.000,1,nan,nan
14.1940,365.7167,1,-8345.7965,1785.0437,-101.9386,nan,nan,nan,0.9824,-0.0818,0.1678,-0.1607,-0.8275,0.5380,0.0948,-0.5555,-0.8261,0.0000,0.0000,0.0000,93.0308,-13.7665,20.0758,-8180.4258,1545.0163,-54.8578,nan,nan,nan,-0.5980,0.7699,-0.2228,-0.1367,0.1760,0.9749,90.000,nan,nan,nan,0.0000,0.0000,0.0000,nan,nan,nan,-8180.4258,1545.0163,-54.8578,-8180.4258,1545.0163,-54.8578,12.000,1,nan,nan
14.2190,365.7334,1,-8344.0848,1785.0109,-101.6242,nan,nan,nan,0.9884,-0.0314,0.1484,-0.0979,-0.8793,0.4661,0.1159,-0.4752,-0.8722,0.0000,0.0000,0.0000,95.2288,-10.4326,19.4223,-8179.0626,1544.9807,-54.6584,nan,nan,nan,-0.5980,0.7699,-0.2228,-0.1367,0.1760,0.9749,90.000,nan,nan,nan,0.0000,0.0000,0.0000,nan,nan,nan,-8179.0626,1544.9807,-54.6584,-8179.0626,1544.9807,-54.6584,12.000,1,nan,nan
14.2440,365.7667,1,-8341.1550,1783.2718,-100.7162,nan,nan,nan,0.9512,-0.1962,0.2381,-0.2908,-0.8278,0.4798,0.1029,-0.5257,-0.8444,0.0000,0.0000,0.0000,94.4970,-17.0494,20.6961,-8176.0847,1544.4912,-54.0578,nan,nan,nan,-0.5980,0.7699,-0.2228,-0.1367,0.1760,0.9749,90.000,nan,nan,nan,0.0000,0.0000,0.0000,nan,nan,nan,-8176.0847,1544.4912,-54.0578,-8176.0847,1544.4912,-54.0578,12.000,1,nan,nan
14.2670,365.7834,1,-8339.4011,1783.2642,-100.4069,nan,nan,nan,0.9702,-0.1343,0.2018,-0.2170,-0.8522,0.4761,0.1080,-0.5057,-0.8559,0.0000,0.0000,0.0000,97.2174,-15.7146,20.8075,-8174.7008,1544.3166,-53.8010,nan,nan,nan,-0.5980,0.7699,-0.2228,-0.1367,0.1760,0.9749,90.000,nan,nan,nan,0.0000,0.0000,0.0000,nan,nan,nan,-8174.7008,1544.3166,-53.8010,-8174.7008,1544.3166,-53.8010,12.000,1,nan,nan
14.2940,365.8167,1,-8335.7992,1783.5739,-99.8277,nan,nan,nan,0.9919,0.0666,0.1083,0.0128,-0.8999,0.4360,0.1264,-0.4311,-0.8934,0.0000,0.0000,0.0000,100.2203,-12.2051,20.5683,-8171.4654,1544.2659,-53.3416,nan,nan,nan,-0.5980,0.7699,-0.2228,-0.1367,0.1760,0.9749,90.000,nan,nan,nan,0.0000,0.0000,0.0000,nan,nan,nan,-8171.4654,1544.2659,-53.3416,-8171.4654,1544.2659,-53.3416,12.000,1,nan,nan
14.3190,365.8334,1,-8333.8757,1783.6543,-99.7052,nan,nan,nan,0.9913,0.0495,0.1218,-0.0052,-0.9108,0.4129,0.1314,-0.4100,-0.9026,0.0000,0.0000,0.0000,103.3633,-10.1432,18.2184,-8169.9607,1544.2833,-53.1547,nan,nan,nan,-0.5980,0.7699,-0.2228,-0.1367,0.1760,0.9749,90.000,nan,nan,nan,0.0000,0.0000,0.0000,nan,nan,nan,-8169.9607,1544.2833,-53.1547,-8169.9607,1544.2833,-53.1547,12.000,1,nan,nan
14.3440,365.8667,1,-8330.0751,1782.5713,-98.5846,nan,nan,nan,0.9494,-0.2041,0.2388,-0.2936,-0.8470,0.4431,0.1118,-0.4908,-0.8640,0.0000,0.0000,0.0000,109.2160,-5.7946,19.0241,-8166.5862,1543.8930,-52.5053,nan,nan,nan,-0.5980,0.7699,-0.2228,-0.1367,0.1760,0.9749,90.000,nan,nan,nan,0.0000,0.0000,0.0000,nan,nan,nan,-8166.5862,1543.8930,-52.5053,-8166.5862,1543.8930,-52.5053,12.000,1,nan,nan
14.3700,365.8834,1,-8328.0613,1782.8286,-98.4767,nan,nan,nan,0.9635,-0.1597,0.2148,-0.2407,-0.8679,0.4346,0.1170,-0.4704,-0.8747,0.0000,0.0000,0.0000,113.5058,-1.7465,16.7683,-8164.9896,1543.7800,-52.2384,nan,nan,nan,-0.5980,0.7699,-0.2228,-0.1367,0.1760,0.9749,90.000,nan,nan,nan,0.0000,0.0000,0.0000,nan,nan,nan,-8164.9896,1543.7800,-52.2384,-8164.9896,1543.7800,-52.2384,12.000,1,nan,nan
14.3960,365.9167,1,-8324.1731,1781.7730,-97.3534,nan,nan,nan,0.9391,-0.2262,0.2587,-0.3298,-0.8049,0.4933,0.0966,-0.5486,-0.8305,0.0000,0.0000,0.0000,116.0813,-9.1283,19.5824,-8161.4854,1543.1567,-51.4272,nan,nan,nan,-0.5980,0.7699,-0.2228,-0.1367,0.1760,0.9749,90.000,nan,nan,nan,0.0000,0.0000,0.0000,nan,nan,nan,-8161.4854,1543.1567,-51.4272,-8161.4854,1543.1567,-51.4272,12.000,1,nan,nan
14.4200,365.9500,1,-8320.0544,1782.0402,-97.5838,nan,nan,nan,0.9489,-0.2039,0.2407,-0.2967,-0.8362,0.4613,0.1072,-0.5091,-0.8540,0.0000,0.0000,0.0000,118.2265,-9.9669,17.2923,-8157.8416,1542.7981,-50.8536,nan,nan,nan,-0.5980,0.7699,-0.2228,-0.1367,0.1760,0.9749,90.000,nan,nan,nan,0.0000,0.0000,0.0000,nan,nan,nan,-8157.8416,1542.7981,-50.8536,-8157.8416,1542.7981,-50.8536,12.000,1,nan,nan
14.4490,365.9667,1,-8318.1174,1781.6380,-96.8986,nan,nan,nan,0.9278,-0.2541,0.2734,-0.3596,-0.8046,0.4725,0.0999,-0.5367,-0.8379,0.0000,0.0000,0.0000,119.0965,-8.4628,18.3329,-8156.1631,1542.5713,-50.5317,nan,nan,nan,-0.5980,0.7699,-0.2228,-0.1367,0.1760,0.9749,90.000,nan,nan,nan,0.0000,0.0000,0.0000,nan,nan,nan,-8156.1631,1542.5713,-50.5317,-8156.1631,1542.5713,-50.5317,12.000,1,nan,nan
14.4730,366.0000,1,-8314.1837,1780.5567,-95.6446,nan,nan,nan,0.9290,-0.2464,0.2763,-0.3593,-0.7800,0.5125,0.0892,-0.5753,-0.8131,0.0000,0.0000,0.0000,118.7071,-17.7366,24.7703,-8152.4627,1541.8554,-49.6567,nan,nan,nan,-0.5980,0.7699,-0.2228,-0.1367,0.1760,0.9749,90.000,nan,nan,nan,0.0000,0.0000,0.0000,nan,nan,nan,-8152.4627,1541.8554,-49.6567,-8152.4627,1541.8554,-49.6567,12.000,1,nan,nan
14.4970,366.0167,1,-8312.2009,1779.9820,-94.9589,nan,nan,nan,0.9106,-0.2827,0.3015,-0.4060,-0.7480,0.5250,0.0771,-0.6004,-0.7960,0.0000,0.0000,0.0000,119.0946,-20.1546,27.5463,-8150.7363,1541.4612,-49.1982,nan,nan,nan,-0.5980,0.7699,-0.2228,-0.1367,0.1760,0.9749,90.000,nan,nan,nan,0.0000,0.0000,0.0000,nan,nan,nan,-8150.7363,1541.4612,-49.1982,-8150.7363,1541.4612,-49.1982,12.000,1,nan,nan
14.5250,366.0500,1,-8308.1331,1778.6535,-93.8718,nan,nan,nan,0.9316,-0.2418,0.2713,-0.3612,-0.6991,0.6171,0.0404,-0.6729,-0.7387,0.0000,0.0000,0.0000,118.8661,-30.2128,36.0063,-8147.0676,1540.2993,-48.0074,nan,nan,nan,-0.5980,0.7699,-0.2228,-0.1367,0.1760,0.9749,90.000,nan,nan,nan,0.0000,0.0000,0.0000,nan,nan,nan,-8147.0676,1540.2993,-48.0074,-8147.0676,1540.2993,-48.0074,12.000,1,nan,nan
14.5520,366.0667,1,-8305.9303,1778.6545,-94.0018,nan,nan,nan,0.9531,-0.2018,0.2254,-0.2999,-0.7279,0.6166,0.0397,-0.6553,-0.7543,0.0000,0.0000,0.0000,122.0094,-27.3863,27.9158,-8145.3170,1539.8306,-47.5338,nan,nan,nan,-0.5980,0.7699,-0.2228,-0.1367,0.1760,0.9749,90.000,nan,nan,nan,0.0000,0.0000,0.0000,nan,nan,nan,-8145.3170,1539.8306,-47.5338,-8145.3170,1539.8306,-47.5338,12.000,1,nan,nan
14.5790,366.1000,1,-8301.7335,1777.3500,-92.9774,nan,nan,nan,0.9458,-0.2201,0.2386,-0.3238,-0.6913,0.6459,0.0228,-0.6882,-0.7251,0.0000,0.0000,0.0000,124.2172,-28.1605,24.9207,-8141.5345,1538.6680,-46.4195,nan,nan,nan,-0.5980,0.7699,-0.2228,-0.1367,0.1760,0.9749,90.000,nan,nan,nan,0.0000,0.0000,0.0000,nan,nan,nan,-8141.5345,1538.6680,-46.4195,-8141.5345,1538.6680,-46.4195,12.000,1,nan,nan
14.6060,366.1167,1,-8299.6299,1777.4813,-93.4145,nan,nan,nan,0.9507,-0.2108,0.2273,-0.3087,-0.7106,0.6323,0.0282,-0.6713,-0.7406,0.0000,0.0000,0.0000,126.1074,-19.8427,10.8475,-8139.7928,1538.2241,-46.0178,nan,nan,nan,-0.5980,0.7699,-0.2228,-0.1367,0.1760,0.9749,90.000,nan,nan,nan,0.0000,0.0000,0.0000,nan,nan,nan,-8139.7928,1538.2241,-46.0178,-8139.7928,1538.2241,-46.0178,12.000,1,nan,nan
14.6290,366.1500,1,-8295.4070,1776.4008,-92.3274,nan,nan,nan,0.9432,-0.2286,0.2411,-0.3320,-0.6730,0.6609,0.0112,-0.7034,-0.7107,0.0000,0.0000,0.0000,127.4163,-16.6910,8.0329,-8135.9100,1537.1160,-44.9943,nan,nan,nan,-0.5980,0.7699,-0.2228,-0.1367,0.1760,0.9749,90.000,nan,nan,nan,0.0000,0.0000,0.0000,nan,nan,nan,-8135.9100,1537.1160,-44.9943,-8135.9100,1537.1160,-44.9943,12.000,1,nan,nan
14.6570,366.1667,1,-8293.2782,1775.8570,-91.7707,nan,nan,nan,0.9395,-0.2363,0.2481,-0.3426,-0.6471,0.6811,-0.0004,-0.7249,-0.6889,0.0000,0.0000,0.0000,126.7903,-22.5975,15.7116,-8134.0864,1536.5598,-44.4728,nan,nan,nan,-0.5980,0.7699,-0.2228,-0.1367,0.1760,0.9749,90.000,nan,nan,nan,0.0000,0.0000,0.0000,nan,nan,nan,-8134.0864,1536.5598,-44.4728,-8134.0864,1536.5598,-44.4728,12.000,1,nan,nan
14.6820,366.2000,1,-8289.0336,1774.7852,-90.6688,nan,nan,nan,0.9404,-0.2349,0.2458,-0.3396,-0.6128,0.7135,-0.0170,-0.7545,-0.6561,0.0000,0.0000,0.0000,126.9520,-22.3827,17.7114,-8130.1660,1535.2879,-43.2481,nan,nan,nan,-0.5980,0.7699,-0.2228,-0.1367,0.1760,0.9749,90.000,nan,nan,nan,0.0000,0.0000,0.0000,nan,nan,nan,-8130.1660,1535.2879,-43.2481,-8130.1660,1535.2879,-43.2481,12.000,1,nan,nan
14.7090,366.2334,1,-8284.8064,1773.7078,-89.5070,nan,nan,nan,0.9359,-0.2426,0.2554,-0.3507,-0.5735,0.7403,-0.0331,-0.7825,-0.6218,0.0000,0.0000,0.0000,127.1042,-30.3799,30.3282,-8126.2402,1533.9538,-41.9193,nan,nan,nan,-0.5980,0.7699,-0.2228,-0.1367,0.1760,0.9749,90.000,nan,nan,nan,0.0000,0.0000,0.0000,nan,nan,nan,-8126.2402,1533.9538,-41.9193,-8126.2402,1533.9538,-41.9193,12.000,1,nan,nan
14.7360,366.2500,1,-8282.7005,1773.1652,-88.9030,nan,nan,nan,0.9322,-0.2481,0.2635,-0.3596,-0.5523,0.7521,-0.0411,-0.7958,-0.6041,0.0000,0.0000,0.0000,127.0684,-32.0078,33.5775,-8124.4403,1533.3301,-41.2858,nan,nan,nan,-0.5980,0.7699,-0.2228,-0.1367,0.1760,0.9749,90.000,nan,nan,nan,0.0000,0.0000,0.0000,nan,nan,nan,-8124.4403,1533.3301,-41.2858,-8124.4403,1533.3301,-41.2858,12.000,1,nan,nan
14.7640,366.2834,1,-8278.5146,1771.9336,-87.7733,nan,nan,nan,0.9343,-0.2442,0.2597,-0.3519,-0.5157,0.7812,-0.0568,-0.8213,-0.5677,0.0000,0.0000,0.0000,126.6307,-33.1979,34.3238,-8120.4835,1531.8938,-39.8122,nan,nan,nan,-0.5980,0.7699,-0.2228,-0.1367,0.1760,0.9749,90.000,nan,nan,nan,0.0000,0.0000,0.0000,nan,nan,nan,-8120.4835,1531.8938,-39.8122,-8120.4835,1531.8938,-39.8122,12.000,1,nan,nan
14.7900,366.3167,1,-8274.4834,1770.1790,-87.2557,nan,nan,nan,0.9407,-0.2495,0.2300,-0.3271,-0.4861,0.8104,-0.0904,-0.8375,-0.5389,0.0000,0.0000,0.0000,125.2628,-37.5326,30.9679,-8116.6367,1530.3572,-38.4051,nan,nan,nan,-0.5980,0.7699,-0.2228,-0.1367,0.1760,0.9749,90.000,nan,nan,nan,0.0000,0.0000,0.0000,nan,nan,nan,-8116.6367,1530.3572,-38.4051,-8116.6367,1530.3572,-38.4051,12.000,1,nan,nan
14.8190,366.3334,1,-8272.7080,1768.8461,-86.8474,nan,nan,nan,0.9330,-0.2742,0.2332,-0.3417,-0.4710,0.8132,-0.1132,-0.8384,-0.5332,0.0000,0.0000,0.0000,120.9306,-47.9298,28.2253,-8114.9112,1529.6005,-37.7706,nan,nan,nan,-0.5980,0.7699,-0.2228,-0.1367,0.1760,0.9749,90.000,nan,nan,nan,0.0000,0.0000,0.0000,nan,nan,nan,-8114.9112,1529.6005,-37.7706,-8114.9112,1529.6005,-37.7706,12.000,1,nan,nan
14.8430,366.3667,1,-8269.1299,1766.2031,-86.0772,nan,nan,nan,0.8695,-0.4126,0.2716,-0.4321,-0.3689,0.8230,-0.2393,-0.8329,-0.4990,0.0000,0.0000,0.0000,116.2621,-59.3558,25.0492,-8111.5937,1527.8089,-36.3775,nan,nan,nan,-0.5980,0.7699,-0.2228,-0.1367,0.1760,0.9749,90.000,nan,nan,nan,0.0000,0.0000,0.0000,nan,nan,nan,-8111.5937,1527.8089,-36.3775,-8111.5937,1527.8089,-36.3775,12.000,1,nan,nan
14.8720,366.3834,1,-8267.3125,1764.9138,-85.7612,nan,nan,nan,0.8618,-0.4640,0.2048,-0.3889,-0.3454,0.8541,-0.3255,-0.8157,-0.4781,0.0000,0.0000,0.0000,112.0221,-69.7229,21.4291,-8110.1205,1526.9366,-35.6994,nan,nan,nan,-0.5980,0.7699,-0.2228,-0.1367,0.1760,0.9749,90.000,nan,nan,nan,0.0000,0.0000,0.0000,nan,nan,nan,-8110.1205,1526.9366,-35.6994,-8110.1205,1526.9366,-35.6994,12.000,1,nan,nan
14.8970,366.4167,1,-8263.6444,1762.4387,-85.2683,nan,nan,nan,0.8202,-0.5611,0.1115,-0.3388,-0.3193,0.8850,-0.4610,-0.7636,-0.4520,0.0000,0.0000,0.0000,108.9951,-76.1194,20.5561,-8107.2932,1525.1156,-34.3005,nan,nan,nan,-0.5980,0.7699,-0.2228,-0.1367,0.1760,0.9749,90.000,nan,nan,nan,0.0000,0.0000,0.0000,nan,nan,nan,-8107.2932,1525.1156,-34.3005,-8107.2932,1525.1156,-34.3005,12.000,1,nan,nan
14.9210,366.4500,1,-8259.8763,1760.1831,-85.0494,nan,nan,nan,0.8523,-0.5212,0.0448,-0.2946,-0.4074,0.8645,-0.4323,-0.7499,-0.5007,0.0000,0.0000,0.0000,109.6940,-74.9381,16.7955,-8104.2795,1523.3097,-33.2908,nan,nan,nan,-0.5980,0.7699,-0.2228,-0.1367,0.1760,0.9749,90.000,nan,nan,nan,0.0000,0.0000,0.0000,nan,nan,nan,-8104.2795,1523.3097,-33.2908,-8104.2795,1523.3097,-33.2908,12.000,1,nan,nan
14.9480,366.4667,1,-8257.9321,1759.1748,-85.0587,nan,nan,nan,0.8841,-0.4672,-0.0082,-0.2590,-0.5046,0.8236,-0.3889,-0.7260,-0.5671,0.0000,0.0000,0.0000,111.6947,-70.9433,11.3104,-8102.7580,1522.4957,-32.9740,nan,nan,nan,-0.5980,0.7699,-0.2228,-0.1367,0.1760,0.9749,90.000,nan,nan,nan,0.0000,0.0000,0.0000,nan,nan,nan,-8102.7580,1522.4957,-32.9740,-8102.7580,1522.4957,-32.9740,12.000,1,nan,nan
14.9750,366.5000,1,-8253.9149,1757.3013,-85.1775,nan,nan,nan,0.9022,-0.4302,-0.0327,-0.2383,-0.5600,0.7935,-0.3597,-0.7081,-0.6077,0.0000,0.0000,0.0000,114.3891,-65.9135,5.7082,-8099.3310,1520.8165,-32.5676,nan,nan,nan,-0.5980,0.7699,-0.2228,-0.1367,0.1760,0.9749,90.000,nan,nan,nan,0.0000,0.0000,0.0000,nan,nan,nan,-8099.3310,1520.8165,-32.5676,-8099.3310,1520.8165,-32.5676,12.000,1,nan,nan
15.0010,366.5167,1,-8251.9008,1756.4144,-85.2884,nan,nan,nan,0.9140,-0.4026,-0.0502,-0.2193,-0.5944,0.7737,-0.3413,-0.6962,-0.6316,0.0000,0.0000,0.0000,117.0897,-60.7002,0.2994,-8097.6704,1520.0458,-32.4430,nan,nan,nan,-0.5980,0.7699,-0.2228,-0.1367,0.1760,0.9749,90.000,nan,nan,nan,0.0000,0.0000,0.0000,nan,nan,nan,-8097.6704,1520.0458,-32.4430,-8097.6704,1520.0458,-32.4430,12.000,1,nan,nan
15.0270,366.5500,1,-8247.8724,1754.6405,-85.5103,nan,nan,nan,0.9140,-0.4026,-0.0502,-0.2193,-0.5944,0.7737,-0.3413,-0.6962,-0.6316,0.0000,0.0000,0.0000,119.1912,-56.7669,-3.4274,-8094.0840,1518.3967,-32.2578,nan,nan,nan,-0.5980,0.7699,-0.2228,-0.1367,0.1760,0.9749,90.000,nan,nan,nan,0.0000,0.0000,0.0000,nan,nan,nan,-8094.0840,1518.3967,-32.2578,-8094.0840,1518.3967,-32.2578,12.000,1,nan,nan
15.0530,366.5667,1,-8245.9701,1753.6862,-85.7893,nan,nan,nan,0.9203,-0.3841,-0.0740,-0.1911,-0.6065,0.7718,-0.3413,-0.6962,-0.6316,0.0000,0.0000,0.0000,119.1087,-55.3323,-7.4086,-8092.4322,1517.6308,-32.2027,nan,nan,nan,-0.5980,0.7699,-0.2228,-0.1367,0.1760,0.9749,90.000,nan,nan,nan,0.0000,0.0000,0.0000,nan,nan,nan,-8092.4322,1517.6308,-32.2027,-8092.4322,1517.6308,-32.2027,12.000,1,nan,nan
15.0790,366.6000,1,-8243.1563,1751.2162,-87.4955,nan,nan,nan,0.8494,-0.4856,-0.2067,-0.2436,-0.7082,0.6627,-0.4681,-0.5125,-0.7198,0.0000,0.0000,0.0000,111.8723,-58.6242,-17.7299,-8089.3739,1516.4235,-32.6515,nan,nan,nan,-0.5980,0.7699,-0.2228,-0.1367,0.1760,0.9749,90.000,nan,nan,nan,0.0000,0.0000,0.0000,nan,nan,nan,-8089.3739,1516.4235,-32.6515,-8089.3739,1516.4235,-32.6515,12.000,1,nan,nan
15.1070,366.6334,1,-8242.8448,1747.1055,-85.6347,nan,nan,nan,0.4931,-0.8698,-0.0196,-0.4976,-0.3004,0.8137,-0.7137,-0.3915,-0.5809,0.0000,0.0000,0.0000,88.1239,-73.3040,-7.2976,-8087.0142,1514.7828,-32.1958,nan,nan,nan,-0.5980,0.7699,-0.2228,-0.1367,0.1760,0.9749,90.000,nan,nan,nan,0.0000,0.0000,0.0000,nan,nan,nan,-8087.0142,1514.7828,-32.1958,-8087.0142,1514.7828,-32.1958,12.000,1,nan,nan
15.1340,366.6500,1,-8242.2612,1745.2211,-84.5532,nan,nan,nan,0.3382,-0.9281,0.1559,-0.5002,-0.0370,0.8651,-0.7971,-0.3706,-0.4767,0.0000,0.0000,0.0000,66.2065,-88.2089,9.0978,-8086.1383,1513.9371,-31.6669,nan,nan,nan,-0.5980,0.7699,-0.2228,-0.1367,0.1760,0.9749,90.000,nan,nan,nan,0.0000,0.0000,0.0000,nan,nan,nan,-8086.1383,1513.9371,-31.6669,-8086.1383,1513.9371,-31.6669,12.000,1,nan,nan
15.1620,366.6834,1,-8240.2697,1741.7722,-82.3996,nan,nan,nan,0.2493,-0.8537,0.4573,-0.3678,0.3533,0.8602,-0.8958,-0.3827,-0.2259,0.0000,0.0000,0.0000,50.9450,-100.4319,28.6469,-8084.7592,1511.9170,-29.4927,nan,nan,nan,-0.5980,0.7699,-0.2228,-0.1367,0.1760,0.9749,90.000,nan,nan,nan,0.0000,0.0000,0.0000,nan,nan,nan,-8084.7592,1511.9170,-29.4927,-8084.7592,1511.9170,-29.4927,12.000,1,nan,nan
15.1930,366.7000,1,-8238.8733,1740.2712,-81.4030,nan,nan,nan,0.3834,-0.8218,0.4214,-0.3192,0.3103,0.8954,-0.8667,-0.4778,-0.1434,0.0000,0.0000,0.0000,47.7662,-106.0688,54.7529,-8084.0316,1510.8051,-28.3889,nan,nan,nan,-0.5980,0.7699,-0.2228,-0.1367,0.1760,0.9749,90.000,nan,nan,nan,0.0000,0.0000,0.0000,nan,nan,nan,-8084.0316,1510.8051,-28.3889,-8084.0316,1510.8051,-28.3889,12.000,1,nan,nan
15.2180,366.7334,1,-8235.3858,1737.9379,-79.5267,nan,nan,nan,0.6082,-0.6785,0.4120,-0.2973,0.2866,0.9108,-0.7360,-0.6764,-0.0275,0.0000,0.0000,0.0000,66.1868,-96.5313,60.0668,-8081.8618,1507.9804,-25.9206,nan,nan,nan,-0.5980,0.7699,-0.2228,-0.1367,0.1760,0.9749,90.000,nan,nan,nan,0.0000,0.0000,0.0000,nan,nan,nan,-8081.8618,1507.9804,-25.9206,-8081.8618,1507.9804,-25.9206,12.000,1,nan,nan
15.2460,366.7667,1,-8231.3168,1736.6576,-77.8753,nan,nan,nan,0.7872,-0.4882,0.3768,-0.3152,0.2066,0.9262,-0.5301,-0.8479,0.0088,0.0000,0.0000,0.0000,87.2820,-79.6934,58.0606,-8078.7584,1504.8943,-23.5031,nan,nan,nan,-0.5980,0.7699,-0.2228,-0.1367,0.1760,0.9749,90.000,nan,nan,nan,0.0000,0.0000,0.0000,nan,nan,nan,-8078.7584,1504.8943,-23.5031,-8078.7584,1504.8943,-23.5031,12.000,1,nan,nan
15.2730,366.7834,1,-8229.2190,1736.1800,-77.1985,nan,nan,nan,0.8737,-0.3856,0.2966,-0.2812,0.0971,0.9547,-0.3970,-0.9175,-0.0236,0.0000,0.0000,0.0000,104.7256,-61.3636,52.8579,-8077.0336,1503.4143,-22.4615,nan,nan,nan,-0.5980,0.7699,-0.2228,-0.1367,0.1760,0.9749,90.000,nan,nan,nan,0.0000,0.0000,0.0000,nan,nan,nan,-8077.0336,1503.4143,-22.4615,-8077.0336,1503.4143,-22.4615,12.000,1,nan,nan
15.3000,366.8167,1,-8225.0234,1735.2247,-75.8451,nan,nan,nan,0.9272,-0.2118,0.3090,-0.3161,0.0004,0.9487,-0.2010,-0.9773,-0.0666,0.0000,0.0000,0.0000,116.6312,-45.4174,47.9789,-8072.9065,1500.5976,-20.6330,nan,nan,nan,-0.5980,0.7699,-0.2228,-0.1367,0.1760,0.9749,90.000,nan,nan,nan,0.0000,0.0000,0.0000,nan,nan,nan,-8072.9065,1500.5976,-20.6330,-8072.9065,1500.5976,-20.6330,12.000,1,nan,nan
15.3280,366.8500,1,-8220.8278,1734.2694,-74.4917,nan,nan,nan,0.9301,-0.2118,0.3000,-0.3073,-0.0016,0.9516,-0.2010,-0.9773,-0.0666,0.0000,0.0000,0.0000,123.2605,-33.9600,43.8658,-8068.8983,1498.1405,-18.9309,nan,nan,nan,-0.5980,0.7699,-0.2228,-0.1367,0.1760,0.9749,90.000,nan,nan,nan,0.0000,0.0000,0.0000,nan,nan,nan,-8068.8983,1498.1405,-18.9309,-8068.8983,1498.1405,-18.9309,12.000,1,nan,nan
15.3550,366.8667,1,-8218.7145,1733.7962,-73.6995,nan,nan,nan,0.9151,-0.2116,0.3431,-0.3494,0.0080,0.9369,-0.2010,-0.9773,-0.0666,0.0000,0.0000,0.0000,125.5325,-29.6653,42.6412,-8066.8667,1496.9605,-18.0765,nan,nan,nan,-0.5980,0.7699,-0.2228,-0.1367,0.1760,0.9749,90.000,nan,nan,nan,0.0000,0.0000,0.0000,nan,nan,nan,-8066.8667,1496.9605,-18.0765,-8066.8667,1496.9605,-18.0765,12.000,1,nan,nan
15.3810,366.9000,1,-8214.4420,1733.0791,-71.9315,nan,nan,nan,0.9109,-0.1672,0.3772,-0.3803,0.0145,0.9248,-0.1601,-0.9858,-0.0504,0.0000,0.0000,0.0000,126.4485,-27.3775,44.8837,-8062.6914,1494.8371,-16.3277,nan,nan,nan,-0.5980,0.7699,-0.2228,-0.1367,0.1760,0.9749,90.000,nan,nan,nan,0.0000,0.0000,0.0000,nan,nan,nan,-8062.6914,1494.8371,-16.3277,-8062.6914,1494.8371,-16.3277,12.000,1,nan,nan
15.4090,366.9334,1,-8210.0861,1732.7137,-69.9959,nan,nan,nan,0.9026,-0.1526,0.4026,-0.4047,0.0184,0.9143,-0.1469,-0.9881,-0.0451,0.0000,0.0000,0.0000,127.5937,-23.3809,48.8254,-8058.4254,1492.9520,-14.5256,nan,nan,nan,-0.5980,0.7699,-0.2228,-0.1367,0.1760,0.9749,90.000,nan,nan,nan,0.0000,0.0000,0.0000,nan,nan,nan,-8058.4254,1492.9520,-14.5256,-8058.4254,1492.9520,-14.5256,12.000,1,nan,nan
15.4360,366.9500,1,-8207.8615,1732.9063,-69.1056,nan,nan,nan,0.9307,-0.0326,0.3643,-0.3657,-0.0838,0.9269,0.0003,-0.9959,-0.0899,0.0000,0.0000,0.0000,129.3446,-14.5387,52.1766,-8055.2280,1491.7866,-13.4083,nan,nan,nan,-0.5980,0.7699,-0.2228,-0.1367,0.1760,0.9749,90.000,nan,nan,nan,0.0000,0.0000,0.0000,nan,nan,nan,-8055.2280,1491.7866,-13.4083,-8055.2280,1491.7866,-13.4083,12.000,1,nan,nan
15.4630,366.9834,1,-8203.5034,1734.1051,-67.2933,nan,nan,nan,0.9201,0.1350,0.3676,-0.3361,-0.2097,0.9182,0.2010,-0.9684,-0.1476,0.0000,0.0000,0.0000,130.4836,0.1015,54.2141,-8048.2576,1490.1980,-11.4219,nan,nan,nan,-0.5980,0.7699,-0.2228,-0.1367,0.1760,0.9749,90.000,nan,nan,nan,0.0000,0.0000,0.0000,nan,nan,nan,-8048.2576,1490.1980,-11.4219,-8048.2576,1490.1980,-11.4219,12.000,1,nan,nan
15.4900,367.0000,1,-8201.4720,1735.1226,-66.4627,nan,nan,nan,0.9054,0.2819,0.3174,-0.2381,-0.2818,0.9295,0.3514,-0.9171,-0.1880,0.0000,0.0000,0.0000,129.4531,19.5416,53.9806,-8043.9549,1489.6306,-10.3789,nan,nan,nan,-0.5980,0.7699,-0.2228,-0.1367,0.1760,0.9749,90.000,nan,nan,nan,0.0000,0.0000,0.0000,nan,nan,nan,-8043.9549,1489.6306,-10.3789,-8043.9549,1489.6306,-10.3789,12.000,1,nan,nan
15.5180,367.0334,1,-8196.9987,1736.1004,-65.6028,nan,nan,nan,0.8356,0.4743,0.2773,-0.1137,-0.3446,0.9318,0.5375,-0.8101,-0.2341,0.0000,0.0000,0.0000,129.9511,31.4894,47.4797,-8036.3235,1489.4878,-8.9501,nan,nan,nan,-0.5980,0.7699,-0.2228,-0.1367,0.1760,0.9749,90.000,nan,nan,nan,0.0000,0.0000,0.0000,nan,nan,nan,-8036.3235,1489.4878,-8.9501,-8036.3235,1489.4878,-8.9501,12.000,1,nan,nan
15.5460,367.0667,1,-8192.2650,1736.2000,-64.7707,nan,nan,nan,0.9027,0.2694,0.3355,-0.1585,-0.5167,0.8414,0.4000,-0.8127,-0.4237,0.0000,0.0000,0.0000,131.7575,32.1649,40.4891,-8031.3406,1489.4081,-8.5450,nan,nan,nan,-0.5980,0.7699,-0.2228,-0.1367,0.1760,0.9749,90.000,nan,nan,nan,0.0000,0.0000,0.0000,nan,nan,nan,-8031.3406,1489.4081,-8.5450,-8031.3406,1489.4081,-8.5450,12.000,1,nan,nan
15.5740,367.0834,1,-8189.9012,1736.2374,-64.3360,nan,nan,nan,0.9350,0.1829,0.3037,-0.1510,-0.5696,0.8080,0.3208,-0.8013,-0.5050,0.0000,0.0000,0.0000,134.3351,25.5559,33.4337,-8029.0716,1489.3948,-8.4648,nan,nan,nan,-0.5980,0.7699,-0.2228,-0.1367,0.1760,0.9749,90.000,nan,nan,nan,0.0000,0.0000,0.0000,nan,nan,nan,-8029.0716,1489.3948,-8.4648,-8029.0716,1489.3948,-8.4648,12.000,1,nan,nan
15.6020,367.1167,1,-8185.1781,1736.3025,-63.4422,nan,nan,nan,0.9819,0.0314,0.1869,-0.1209,-0.6555,0.7454,0.1459,-0.7545,-0.6399,0.0000,0.0000,0.0000,138.8129,12.4152,27.4183,-8024.6395,1489.5394,-8.6204,nan,nan,nan,-0.5980,0.7699,-0.2228,-0.1367,0.1760,0.9749,90.000,nan,nan,nan,0.0000,0.0000,0.0000,nan,nan,nan,-8024.6395,1489.5394,-8.6204,-8024.6395,1489.5394,-8.6204,12.000,1,nan,nan
15.6300,367.1500,1,-8180.4639,1736.3455,-62.5006,nan,nan,nan,0.9808,0.0078,0.1950,-0.1451,-0.6393,0.7551,0.1306,-0.7689,-0.6259,0.0000,0.0000,0.0000,141.1539,4.1782,26.7050,-8020.2083,1489.6183,-8.5434,nan,nan,nan,-0.5980,0.7699,-0.2228,-0.1367,0.1760,0.9749,90.000,nan,nan,nan,0.0000,0.0000,0.0000,nan,nan,nan,-8020.2083,1489.6183,-8.5434,-8020.2083,1489.6183,-8.5434,12.000,1,nan,nan
15.6570,367.1834,1,-8175.7504,1736.3499,-61.4767,nan,nan,nan,0.9775,-0.0007,0.2110,-0.1671,-0.6130,0.7722,0.1288,-0.7901,-0.5993,0.0000,0.0000,0.0000,141.5010,1.9599,27.7131,-8015.7414,1489.6129,-8.2167,nan,nan,nan,-0.5980,0.7699,-0.2228,-0.1367,0.1760,0.9749,90.000,nan,nan,nan,0.0000,0.0000,0.0000,nan,nan,nan,-8015.7414,1489.6129,-8.2167,-8015.7414,1489.6129,-8.2167,12.000,1,nan,nan
15.6840,367.2000,1,-8173.3820,1736.3212,-60.9004,nan,nan,nan,0.9718,-0.0129,0.2355,-0.1990,-0.5806,0.7895,0.1266,-0.8141,-0.5668,0.0000,0.0000,0.0000,141.6254,0.7219,29.6135,-8013.5994,1489.5658,-7.9669,nan,nan,nan,-0.5980,0.7699,-0.2228,-0.1367,0.1760,0.9749,90.000,nan,nan,nan,0.0000,0.0000,0.0000,nan,nan,nan,-8013.5994,1489.5658,-7.9669,-8013.5994,1489.5658,-7.9669,12.000,1,nan,nan
15.7130,367.2334,1,-8168.6570,1736.2645,-59.7004,nan,nan,nan,0.9696,-0.0145,0.2442,-0.2102,-0.5600,0.8014,0.1251,-0.8284,-0.5461,0.0000,0.0000,0.0000,141.6617,-0.2560,31.8310,-8009.0605,1489.4254,-7.2571,nan,nan,nan,-0.5980,0.7699,-0.2228,-0.1367,0.1760,0.9749,90.000,nan,nan,nan,0.0000,0.0000,0.0000,nan,nan,nan,-8009.0605,1489.4254,-7.2571,-8009.0605,1489.4254,-7.2571,12.000,1,nan,nan
15.7400,367.2500,1,-8166.2999,1736.2229,-59.0471,nan,nan,nan,0.9640,-0.0196,0.2653,-0.2364,-0.5208,0.8203,0.1221,-0.8535,-0.5066,0.0000,0.0000,0.0000,141.6682,-1.2098,34.4645,-8006.9063,1489.3174,-6.8255,nan,nan,nan,-0.5980,0.7699,-0.2228,-0.1367,0.1760,0.9749,90.000,nan,nan,nan,0.0000,0.0000,0.0000,nan,nan,nan,-8006.9063,1489.3174,-6.8255,-8006.9063,1489.3174,-6.8255,12.000,1,nan,nan
15.7690,367.2834,1,-8161.5826,1736.1207,-57.6088,nan,nan,nan,0.9572,-0.0270,0.2880,-0.2632,-0.4944,0.8284,0.1200,-0.8688,-0.4804,0.0000,0.0000,0.0000,141.6921,-2.0402,37.4779,-8002.3159,1489.0577,-5.7320,nan,nan,nan,-0.5980,0.7699,-0.2228,-0.1367,0.1760,0.9749,90.000,nan,nan,nan,0.0000,0.0000,0.0000,nan,nan,nan,-8002.3159,1489.0577,-5.7320,-8002.3159,1489.0577,-5.7320,12.000,1,nan,nan
15.7920,367.3167,1,-8156.8612,1735.9683,-55.9786,nan,nan,nan,0.9450,-0.0304,0.3257,-0.3063,-0.4314,0.8486,0.1147,-0.9017,-0.4170,0.0000,0.0000,0.0000,141.6057,-2.7751,40.9463,-7997.6962,1488.7031,-4.3255,nan,nan,nan,-0.5980,0.7699,-0.2228,-0.1367,0.1760,0.9749,90.000,nan,nan,nan,0.0000,0.0000,0.0000,nan,nan,nan,-7997.6962,1488.7031,-4.3255,-7997.6962,1488.7031,-4.3255,12.000,1,nan,nan
15.8170,367.3334,1,-8154.4942,1735.8805,-55.1365,nan,nan,nan,0.9416,-0.0349,0.3350,-0.3167,-0.4304,0.8452,0.1147,-0.9020,-0.4163,0.0000,0.0000,0.0000,141.6416,-3.6366,44.5452,-7995.4911,1488.5416,-3.6422,nan,nan,nan,-0.5980,0.7699,-0.2228,-0.1367,0.1760,0.9749,90.000,nan,nan,nan,0.0000,0.0000,0.0000,nan,nan,nan,-7995.4911,1488.5416,-3.6422,-7995.4911,1488.5416,-3.6422,12.000,1,nan,nan
15.8440,367.3667,1,-8149.7526,1735.6909,-53.4202,nan,nan,nan,0.9396,-0.0376,0.3401,-0.3224,-0.4302,0.8432,0.1147,-0.9020,-0.4163,0.0000,0.0000,0.0000,141.8141,-4.4462,47.7236,-7990.8035,1488.2252,-2.1475,nan,nan,nan,-0.5980,0.7699,-0.2228,-0.1367,0.1760,0.9749,90.000,nan,nan,nan,0.0000,0.0000,0.0000,nan,nan,nan,-7990.8035,1488.2252,-2.1475,-7990.8035,1488.2252,-2.1475,12.000,1,nan,nan
15.8730,367.3834,1,-8147.3818,1735.5961,-52.5620,nan,nan,nan,0.9396,-0.0376,0.3401,-0.3224,-0.4302,0.8432,0.1147,-0.9020,-0.4163,0.0000,0.0000,0.0000,141.9947,-5.1323,50.0269,-7988.5814,1488.0811,-1.4300,nan,nan,nan,-0.5980,0.7699,-0.2228,-0.1367,0.1760,0.9749,90.000,nan,nan,nan,0.0000,0.0000,0.0000,nan,nan,nan,-7988.5814,1488.0811,-1.4300,-7988.5814,1488.0811,-1.4300,12.000,1,nan,nan
15.9000,367.4167,1,-8142.6961,1735.4004,-50.8476,nan,nan,nan,0.9384,-0.0392,0.3433,-0.3260,-0.4300,0.8419,0.1147,-0.9020,-0.4163,0.0000,0.0000,0.0000,141.8162,-5.5299,50.9927,-7983.9336,1487.7977,0.1048,nan,nan,nan,-0.5980,0.7699,-0.2228,-0.1367,0.1760,0.9749,90.000,nan,nan,nan,0.0000,0.0000,0.0000,nan,nan,nan,-7983.9336,1487.7977,0.1048,-7983.9336,1487.7977,0.1048,12.000,1,nan,nan
15.9250,367.4500,1,-8137.9897,1735.1724,-49.1347,nan,nan,nan,0.9380,-0.0397,0.3443,-0.3271,-0.4300,0.8415,0.1147,-0.9020,-0.4163,0.0000,0.0000,0.0000,141.6154,-5.9230,51.3579,-7979.2640,1487.5230,1.6737,nan,nan,nan,-0.5980,0.7699,-0.2228,-0.1367,0.1760,0.9749,90.000,nan,nan,nan,0.0000,0.0000,0.0000,nan,nan,nan,-7979.2640,1487.5230,1.6737,-7979.2640,1487.5230,1.6737,12.000,1,nan,nan
15.9500,367.4667,1,-8135.5592,1735.1178,-48.4504,nan,nan,nan,0.9606,-0.0114,0.2776,-0.2466,-0.4952,0.8330,0.1280,-0.8687,-0.4785,0.0000,0.0000,0.0000,142.2914,-5.5191,49.3448,-7976.9983,1487.4576,2.3055,nan,nan,nan,-0.5980,0.7699,-0.2228,-0.1367,0.1760,0.9749,90.000,nan,nan,nan,0.0000,0.0000,0.0000,nan,nan,nan,-7976.9983,1487.4576,2.3055,-7976.9983,1487.4576,2.3055,12.000,1,nan,nan
15.9760,367.5000,1,-8130.7411,1734.9772,-47.0541,nan,nan,nan,0.9602,-0.0264,0.2782,-0.2317,-0.6315,0.7399,0.1561,-0.7749,-0.6125,0.0000,0.0000,0.0000,142.8853,-5.1446,47.0221,-7972.1359,1487.6366,3.1913,nan,nan,nan,-0.5980,0.7699,-0.2228,-0.1367,0.1760,0.9749,90.000,nan,nan,nan,0.0000,0.0000,0.0000,nan,nan,nan,-7972.1359,1487.6366,3.1913,-7972.1359,1487.6366,3.1913,12.000,1,nan,nan
16.0030,367.5167,1,-8128.3321,1734.9070,-46.3560,nan,nan,nan,0.9601,-0.0280,0.2782,-0.2304,-0.6432,0.7302,0.1585,-0.7652,-0.6240,0.0000,0.0000,0.0000,143.7985,-4.7386,44.6490,-7969.8289,1487.7244,3.6134,nan,nan,nan,-0.5980,0.7699,-0.2228,-0.1367,0.1760,0.9749,90.000,nan,nan,nan,0.0000,0.0000,0.0000,nan,nan,nan,-7969.8289,1487.7244,3.6134,-7969.8289,1487.7244,3.6134,12.000,1,nan,nan
16.0300,367.5500,1,-8123.5527,1734.7284,-44.9230,nan,nan,nan,0.9573,-0.0358,0.2870,-0.2419,-0.6428,0.7268,0.1585,-0.7652,-0.6240,0.0000,0.0000,0.0000,144.4191,-4.3608,42.4951,-7964.9910,1487.8480,4.5923,nan,nan,nan,-0.5980,0.7699,-0.2228,-0.1367,0.1760,0.9749,90.000,nan,nan,nan,0.0000,0.0000,0.0000,nan,nan,nan,-7964.9910,1487.8480,4.5923,-7964.9910,1487.8480,4.5923,12.000,1,nan,nan
16.0550,367.5834,1,-8118.7717,1734.5527,-43.4895,nan,nan,nan,0.9573,-0.0355,0.2868,-0.2416,-0.6428,0.7269,0.1585,-0.7652,-0.6240,0.0000,0.0000,0.0000,144.0631,-4.6847,42.4533,-7960.1633,1487.9215,5.6473,nan,nan,nan,-0.5980,0.7699,-0.2228,-0.1367,0.1760,0.9749,90.000,nan,nan,nan,0.0000,0.0000,0.0000,nan,nan,nan,-7960.1633,1487.9215,5.6473,-7960.1633,1487.9215,5.6473,12.000,1,nan,nan
16.0800,367.6000,1,-8116.3692,1734.4981,-42.7519,nan,nan,nan,0.9566,-0.0254,0.2904,-0.2360,-0.6525,0.7201,0.1712,-0.7573,-0.6302,0.0000,0.0000,0.0000,143.9135,-4.5612,42.9188,-7957.8453,1487.9623,6.1567,nan,nan,nan,-0.5980,0.7699,-0.2228,-0.1367,0.1760,0.9749,90.000,nan,nan,nan,0.0000,0.0000,0.0000,nan,nan,nan,-7957.8453,1487.9623,6.1567,-7957.8453,1487.9623,6.1567,12.000,1,nan,nan
16.1080,367.6334,1,-8111.5611,1734.4022,-41.2907,nan,nan,nan,0.9566,-0.0191,0.2907,-0.2311,-0.6573,0.7173,0.1774,-0.7534,-0.6332,0.0000,0.0000,0.0000,143.8236,-4.2685,43.4014,-7952.9481,1488.0308,7.2860,nan,nan,nan,-0.5980,0.7699,-0.2228,-0.1367,0.1760,0.9749,90.000,nan,nan,nan,0.0000,0.0000,0.0000,nan,nan,nan,-7952.9481,1488.0308,7.2860,-7952.9481,1488.0308,7.2860,12.000,1,nan,nan
16.1340,367.6500,1,-8109.1571,1734.3542,-40.5601,nan,nan,nan,0.9566,-0.0191,0.2907,-0.2311,-0.6573,0.7173,0.1774,-0.7534,-0.6332,0.0000,0.0000,0.0000,143.9777,-3.7141,43.6670,-7950.6279,1488.0563,7.8364,nan,nan,nan,-0.5980,0.7699,-0.2228,-0.1367,0.1760,0.9749,90.000,nan,nan,nan,0.0000,0.0000,0.0000,nan,nan,nan,-7950.6279,1488.0563,7.8364,-7950.6279,1488.0563,7.8364,12.000,1,nan,nan
16.1620,367.6834,1,-8104.3490,1734.2583,-39.0989,nan,nan,nan,0.9566,-0.0191,0.2907,-0.2311,-0.6573,0.7173,0.1774,-0.7534,-0.6332,0.0000,0.0000,0.0000,144.1711,-3.1246,43.8867,-7945.7499,1488.0849,9.0470,nan,nan,nan,-0.5980,0.7699,-0.2228,-0.1367,0.1760,0.9749,90.000,nan,nan,nan,0.0000,0.0000,0.0000,nan,nan,nan,-7945.7499,1488.0849,9.0470,-7945.7499,1488.0849,9.0470,12.000,1,nan,nan
16.1870,367.7000,1,-8101.9449,1734.2103,-38.3683,nan,nan,nan,0.9566,-0.0191,0.2907,-0.2311,-0.6573,0.7173,0.1774,-0.7534,-0.6332,0.0000,0.0000,0.0000,144.2282,-2.9270,43.8463,-7943.4323,1488.0931,9.6338,nan,nan,nan,-0.5980,0.7699,-0.2228,-0.1367,0.1760,0.9749,90.000,nan,nan,nan,0.0000,0.0000,0.0000,nan,nan,nan,-7943.4323,1488.0931,9.6338,-7943.4323,1488.0931,9.6338,12.000,1,nan,nan
16.2140,367.7334,1,-8097.1364,1734.1201,-36.9066,nan,nan,nan,0.9568,-0.0186,0.2902,-0.2305,-0.6573,0.7175,0.1774,-0.7534,-0.6332,0.0000,0.0000,0.0000,144.2426,-2.8536,43.8410,-7938.5692,1488.0926,10.9056,nan,nan,nan,-0.5980,0.7699,-0.2228,-0.1367,0.1760,0.9749,90.000,nan,nan,nan,0.0000,0.0000,0.0000,nan,nan,nan,-7938.5692,1488.0926,10.9056,-7938.5692,1488.0926,10.9056,12.000,1,nan,nan
16.2410,367.7667,1,-8092.3210,1734.0942,-35.4621,nan,nan,nan,0.9587,-0.0085,0.2844,-0.2154,-0.6748,0.7059,0.1859,-0.7380,-0.6487,0.0000,0.0000,0.0000,144.2891,-2.4185,43.7394,-7933.6988,1488.1391,12.1511,nan,nan,nan,-0.5980,0.7699,-0.2228,-0.1367,0.1760,0.9749,90.000,nan,nan,nan,0.0000,0.0000,0.0000,nan,nan,nan,-7933.6988,1488.1391,12.1511,-7933.6988,1488.1391,12.1511,12.000,1,nan,nan
16.2680,367.7834,1,-8089.8877,1734.1145,-34.7412,nan,nan,nan,0.9593,0.0059,0.2824,-0.1935,-0.7145,0.6724,0.2058,-0.6996,-0.6842,0.0000,0.0000,0.0000,144.6502,-1.5129,43.6031,-7931.3238,1488.2277,12.6965,nan,nan,nan,-0.5980,0.7699,-0.2228,-0.1367,0.1760,0.9749,90.000,nan,nan,nan,0.0000,0.0000,0.0000,nan,nan,nan,-7931.3238,1488.2277,12.6965,-7931.3238,1488.2277,12.6965,12.000,1,nan,nan
16.2950,367.8167,1,-8085.0016,1734.2141,-33.2924,nan,nan,nan,0.9598,0.0157,0.2803,-0.1790,-0.7350,0.6541,0.2163,-0.6779,-0.7026,0.0000,0.0000,0.0000,145.1902,-0.1587,43.5012,-7926.3583,1488.4699,13.8221,nan,nan,nan,-0.5980,0.7699,-0.2228,-0.1367,0.1760,0.9749,90.000,nan,nan,nan,0.0000,0.0000,0.0000,nan,nan,nan,-7926.3583,1488.4699,13.8221,-7926.3583,1488.4699,13.8221,12.000,1,nan,nan
16.3220,367.8334,1,-8082.5521,1734.3401,-32.5989,nan,nan,nan,0.9619,0.0467,0.2695,-0.1353,-0.7751,0.6172,0.2377,-0.6301,-0.7392,0.0000,0.0000,0.0000,145.8406,2.1666,43.0333,-7923.9370,1488.6695,14.3111,nan,nan,nan,-0.5980,0.7699,-0.2228,-0.1367,0.1760,0.9749,90.000,nan,nan,nan,0.0000,0.0000,0.0000,nan,nan,nan,-7923.9370,1488.6695,14.3111,-7923.9370,1488.6695,14.3111,12.000,1,nan,nan
16.3460,367.8667,1,-8077.6345,1734.6762,-31.1895,nan,nan,nan,0.9614,0.0604,0.2686,-0.1155,-0.7971,0.5927,0.2499,-0.6008,-0.7593,0.0000,0.0000,0.0000,146.5842,4.8033,42.7295,-7918.9340,1489.1629,15.3158,nan,nan,nan,-0.5980,0.7699,-0.2228,-0.1367,0.1760,0.9749,90.000,nan,nan,nan,0.0000,0.0000,0.0000,nan,nan,nan,-7918.9340,1489.1629,15.3158,-7918.9340,1489.1629,15.3158,12.000,1,nan,nan
16.3720,367.8834,1,-8075.1866,1734.9321,-30.5026,nan,nan,nan,0.9594,0.0967,0.2650,-0.0648,-0.8387,0.5408,0.2745,-0.5360,-0.7984,0.0000,0.0000,0.0000,146.9077,8.1584,42.2595,-7916.4735,1489.5140,15.7511,nan,nan,nan,-0.5980,0.7699,-0.2228,-0.1367,0.1760,0.9749,90.000,nan,nan,nan,0.0000,0.0000,0.0000,nan,nan,nan,-7916.4735,1489.5140,15.7511,-7916.4735,1489.5140,15.7511,12.000,1,nan,nan
16.3980,367.9167,1,-8070.3496,1735.4921,-29.0749,nan,nan,nan,0.9565,0.1046,0.2723,-0.0503,-0.8604,0.5071,0.2874,-0.4987,-0.8178,0.0000,0.0000,0.0000,146.6784,11.5915,42.0394,-7911.5423,1490.3089,16.6455,nan,nan,nan,-0.5980,0.7699,-0.2228,-0.1367,0.1760,0.9749,90.000,nan,nan,nan,0.0000,0.0000,0.0000,nan,nan,nan,-7911.5423,1490.3089,16.6455,-7911.5423,1490.3089,16.6455,12.000,1,nan,nan
16.4250,367.9500,1,-8065.5551,1736.2698,-27.6166,nan,nan,nan,0.9498,0.1466,0.2763,0.0098,-0.8970,0.4420,0.3126,-0.4171,-0.8534,0.0000,0.0000,0.0000,146.0055,15.4318,42.4224,-7906.6504,1491.3379,17.4993,nan,nan,nan,-0.5980,0.7699,-0.2228,-0.1367,0.1760,0.9749,90.000,nan,nan,nan,0.0000,0.0000,0.0000,nan,nan,nan,-7906.6504,1491.3379,17.4993,-7906.6504,1491.3379,17.4993,12.000,1,nan,nan
16.4510,367.9667,1,-8063.1870,1736.8103,-26.8909,nan,nan,nan,0.9371,0.2091,0.2794,0.0932,-0.9215,0.3770,0.3363,-0.3273,-0.8831,0.0000,0.0000,0.0000,144.7820,20.6695,42.7517,-7904.2319,1491.9887,17.8917,nan,nan,nan,-0.5980,0.7699,-0.2228,-0.1367,0.1760,0.9749,90.000,nan,nan,nan,0.0000,0.0000,0.0000,nan,nan,nan,-7904.2319,1491.9887,17.8917,-7904.2319,1491.9887,17.8917,12.000,1,nan,nan
16.4760,368.0000,1,-8058.4323,1737.9480,-25.4475,nan,nan,nan,0.9321,0.2235,0.2848,0.1147,-0.9285,0.3533,0.3434,-0.2967,-0.8911,0.0000,0.0000,0.0000,143.6907,25.4720,43.2360,-7899.3964,1493.3552,18.7499,nan,nan,nan,-0.5980,0.7699,-0.2228,-0.1367,0.1760,0.9749,90.000,nan,nan,nan,0.0000,0.0000,0.0000,nan,nan,nan,-7899.3964,1493.3552,18.7499,-7899.3964,1493.3552,18.7499,12.000,1,nan,nan
16.5040,368.0167,1,-8056.0525,1738.5114,-24.7286,nan,nan,nan,0.9336,0.2210,0.2820,0.1141,-0.9295,0.3508,0.3397,-0.2953,-0.8930,0.0000,0.0000,0.0000,143.0077,29.8337,43.3932,-7896.9809,1494.0328,19.2008,nan,nan,nan,-0.5980,0.7699,-0.2228,-0.1367,0.1760,0.9749,90.000,nan,nan,nan,0.0000,0.0000,0.0000,nan,nan,nan,-7896.9809,1494.0328,19.2008,-7896.9809,1494.0328,19.2008,12.000,1,nan,nan
16.5300,368.0500,1,-8051.2929,1739.6382,-23.2907,nan,nan,nan,0.9336,0.2210,0.2820,0.1141,-0.9295,0.3508,0.3397,-0.2953,-0.8930,0.0000,0.0000,0.0000,142.6616,32.8004,43.3021,-7892.1564,1495.3547,20.1846,nan,nan,nan,-0.5980,0.7699,-0.2228,-0.1367,0.1760,0.9749,90.000,nan,nan,nan,0.0000,0.0000,0.0000,nan,nan,nan,-7892.1564,1495.3547,20.1846,-7892.1564,1495.3547,20.1846,12.000,1,nan,nan
16.5560,368.0834,1,-8046.5334,1740.7666,-21.8526,nan,nan,nan,0.9336,0.2214,0.2819,0.1144,-0.9294,0.3509,0.3397,-0.2953,-0.8930,0.0000,0.0000,0.0000,142.7326,33.6782,43.2034,-7887.3385,1496.6482,21.2378,nan,nan,nan,-0.5980,0.7699,-0.2228,-0.1367,0.1760,0.9749,90.000,nan,nan,nan,0.0000,0.0000,0.0000,nan,nan,nan,-7887.3385,1496.6482,21.2378,-7887.3385,1496.6482,21.2378,12.000,1,nan,nan
16.5820,368.1000,1,-8044.1434,1741.3475,-21.1116,nan,nan,nan,0.9325,0.2243,0.2829,0.1196,-0.9313,0.3441,0.3407,-0.2870,-0.8953,0.0000,0.0000,0.0000,142.8987,33.9983,43.4151,-7884.9158,1497.3068,21.7812,nan,nan,nan,-0.5980,0.7699,-0.2228,-0.1367,0.1760,0.9749,90.000,nan,nan,nan,0.0000,0.0000,0.0000,nan,nan,nan,-7884.9158,1497.3068,21.7812,-7884.9158,1497.3068,21.7812,12.000,1,nan,nan
16.6080,368.1334,1,-8039.4454,1742.5287,-19.5695,nan,nan,nan,0.9283,0.2292,0.2927,0.1368,-0.9427,0.3044,0.3457,-0.2425,-0.9065,0.0000,0.0000,0.0000,142.5626,34.3887,44.0830,-7880.1573,1498.7152,22.8849,nan,nan,nan,-0.5980,0.7699,-0.2228,-0.1367,0.1760,0.9749,90.000,nan,nan,nan,0.0000,0.0000,0.0000,nan,nan,nan,-7880.1573,1498.7152,22.8849,-7880.1573,1498.7152,22.8849,12.000,1,nan,nan
16.6340,368.1500,1,-8037.1914,1743.0864,-18.7841,nan,nan,nan,0.9216,0.2258,0.3157,0.1603,-0.9622,0.2200,0.3535,-0.1521,-0.9230,0.0000,0.0000,0.0000,140.9859,34.3988,45.0155,-7877.8521,1499.5268,23.4114,nan,nan,nan,-0.5980,0.7699,-0.2228,-0.1367,0.1760,0.9749,90.000,nan,nan,nan,0.0000,0.0000,0.0000,nan,nan,nan,-7877.8521,1499.5268,23.4114,-7877.8521,1499.5268,23.4114,12.000,1,nan,nan
16.6610,368.1834,1,-8032.7506,1744.2376,-17.1581,nan,nan,nan,0.9164,0.2351,0.3239,0.1828,-0.9658,0.1838,0.3561,-0.1093,-0.9280,0.0000,0.0000,0.0000,138.7583,34.5372,46.3289,-7873.2749,1501.2002,24.5290,nan,nan,nan,-0.5980,0.7699,-0.2228,-0.1367,0.1760,0.9749,90.000,nan,nan,nan,0.0000,0.0000,0.0000,nan,nan,nan,-7873.2749,1501.2002,24.5290,-7873.2749,1501.2002,24.5290,12.000,1,nan,nan
16.6870,368.2000,1,-8030.5792,1744.9164,-16.3184,nan,nan,nan,0.8983,0.2787,0.3396,0.2528,-0.9601,0.1194,0.3594,-0.0214,-0.9330,0.0000,0.0000,0.0000,135.6890,35.7407,47.7759,-7870.9248,1502.1892,25.1185,nan,nan,nan,-0.5980,0.7699,-0.2228,-0.1367,0.1760,0.9749,90.000,nan,nan,nan,0.0000,0.0000,0.0000,nan,nan,nan,-7870.9248,1502.1892,25.1185,-7870.9248,1502.1892,25.1185,12.000,1,nan,nan
16.7130,368.2334,1,-8026.3057,1746.3739,-14.5341,nan,nan,nan,0.8865,0.3004,0.3519,0.2907,-0.9533,0.0815,0.3600,0.0301,-0.9325,0.0000,0.0000,0.0000,132.5279,37.6390,49.5188,-7866.3090,1504.2326,26.3826,nan,nan,nan,-0.5980,0.7699,-0.2228,-0.1367,0.1760,0.9749,90.000,nan,nan,nan,0.0000,0.0000,0.0000,nan,nan,nan,-7866.3090,1504.2326,26.3826,-7866.3090,1504.2326,26.3826,12.000,1,nan,nan
16.7400,368.2667,1,-8022.2314,1748.1331,-12.5572,nan,nan,nan,0.8490,0.3639,0.3831,0.3885,-0.9214,0.0143,0.3582,0.1367,-0.9236,0.0000,0.0000,0.0000,129.2935,41.8808,52.3033,-7861.4184,1506.7334,27.8893,nan,nan,nan,-0.5980,0.7699,-0.2228,-0.1367,0.1760,0.9749,90.000,nan,nan,nan,0.0000,0.0000,0.0000,nan,nan,nan,-7861.4184,1506.7334,27.8893,-7861.4184,1506.7334,27.8893,12.000,1,nan,nan
16.7680,368.2834,1,-8019.9980,1748.5777,-12.3665,nan,nan,nan,0.9092,0.1332,0.3946,0.2253,-0.9542,-0.1970,0.3502,0.2680,-0.8975,0.0000,0.0000,0.0000,128.8036,41.1578,45.3928,-7858.6111,1508.3717,28.7616,nan,nan,nan,-0.5980,0.7699,-0.2228,-0.1367,0.1760,0.9749,90.000,nan,nan,nan,0.0000,0.0000,0.0000,nan,nan,nan,-7858.6111,1508.3717,28.7616,-7858.6111,1508.3717,28.7616,12.000,1,nan,nan
16.7930,368.3167,1,-8015.9209,1747.8250,-10.1849,nan,nan,nan,0.9247,-0.1669,0.3423,-0.1223,-0.9814,-0.1481,0.3606,0.0951,-0.9278,0.0000,0.0000,0.0000,127.1111,28.3506,47.0239,-7854.0981,1509.9719,30.2013,nan,nan,nan,-0.5980,0.7699,-0.2228,-0.1367,0.1760,0.9749,90.000,nan,nan,nan,0.0000,0.0000,0.0000,nan,nan,nan,-7854.0981,1509.9719,30.2013,-7854.0981,1509.9719,30.2013,12.000,1,nan,nan
16.8210,368.3334,1,-8013.7935,1748.4378,-9.6587,nan,nan,nan,0.9318,0.0030,0.3631,0.0573,-0.9887,-0.1387,0.3585,0.1500,-0.9214,0.0000,0.0000,0.0000,126.6616,24.3981,42.9580,-7851.8658,1510.8441,30.9126,nan,nan,nan,-0.5980,0.7699,-0.2228,-0.1367,0.1760,0.9749,90.000,nan,nan,nan,0.0000,0.0000,0.0000,nan,nan,nan,-7851.8658,1510.8441,30.9126,-7851.8658,1510.8441,30.9126,12.000,1,nan,nan
16.8480,368.3667,1,-8009.5413,1747.4719,-7.6881,nan,nan,nan,0.9270,-0.1312,0.3514,-0.1004,-0.9894,-0.1047,0.3615,0.0618,-0.9303,0.0000,0.0000,0.0000,127.6388,7.2572,42.1070,-7847.2388,1511.9468,32.4537,nan,nan,nan,-0.5980,0.7699,-0.2228,-0.1367,0.1760,0.9749,90.000,nan,nan,nan,0.0000,0.0000,0.0000,nan,nan,nan,-7847.2388,1511.9468,32.4537,-7847.2388,1511.9468,32.4537,12.000,1,nan,nan
16.8760,368.4000,1,-8005.1836,1748.5535,-6.7350,nan,nan,nan,0.9268,-0.1054,0.3604,-0.0585,-0.9886,-0.1385,0.3709,0.1073,-0.9225,0.0000,0.0000,0.0000,127.1789,4.9831,45.3673,-7842.6254,1513.1913,33.9259,nan,nan,nan,-0.5980,0.7699,-0.2228,-0.1367,0.1760,0.9749,90.000,nan,nan,nan,0.0000,0.0000,0.0000,nan,nan,nan,-7842.6254,1513.1913,33.9259,-7842.6254,1513.1913,33.9259,12.000,1,nan,nan
16.9020,368.4167,1,-8003.3803,1748.3733,-5.2182,nan,nan,nan,0.9127,-0.2091,0.3511,-0.1671,-0.9750,-0.1462,0.3729,0.0747,-0.9248,0.0000,0.0000,0.0000,124.2645,6.8823,51.1318,-7840.4751,1513.6619,34.6846,nan,nan,nan,-0.5980,0.7699,-0.2228,-0.1367,0.1760,0.9749,90.000,nan,nan,nan,0.0000,0.0000,0.0000,nan,nan,nan,-7840.4751,1513.6619,34.6846,-7840.4751,1513.6619,34.6846,12.000,1,nan,nan
16.9290,368.4500,1,-7999.4259,1747.3550,-3.2235,nan,nan,nan,0.9147,-0.1061,0.3899,-0.1265,-0.9916,0.0269,0.3838,-0.0740,-0.9205,0.0000,0.0000,0.0000,121.8783,-6.2012,57.9388,-7835.7968,1513.8700,36.4368,nan,nan,nan,-0.5980,0.7699,-0.2228,-0.1367,0.1760,0.9749,90.000,nan,nan,nan,0.0000,0.0000,0.0000,nan,nan,nan,-7835.7968,1513.8700,36.4368,-7835.7968,1513.8700,36.4368,12.000,1,nan,nan
16.9550,368.4667,1,-7997.3513,1747.8779,-2.2371,nan,nan,nan,0.9195,0.0255,0.3923,0.0104,-0.9991,0.0405,0.3930,-0.0331,-0.9189,0.0000,0.0000,0.0000,120.7824,3.2516,59.3134,-7833.6891,1514.0654,37.2402,nan,nan,nan,-0.5980,0.7699,-0.2228,-0.1367,0.1760,0.9749,90.000,nan,nan,nan,0.0000,0.0000,0.0000,nan,nan,nan,-7833.6891,1514.0654,37.2402,-7833.6891,1514.0654,37.2402,12.000,1,nan,nan
16.9830,368.5000,1,-7993.1961,1748.9048,-0.2578,nan,nan,nan,0.9147,0.0489,0.4012,0.0501,-0.9987,0.0075,0.4011,0.0132,-0.9160,0.0000,0.0000,0.0000,119.3486,4.8138,65.7455,-7829.0828,1514.7487,39.0609,nan,nan,nan,-0.5980,0.7699,-0.2228,-0.1367,0.1760,0.9749,90.000,nan,nan,nan,0.0000,0.0000,0.0000,nan,nan,nan,-7829.0828,1514.7487,39.0609,-7829.0828,1514.7487,39.0609,12.000,1,nan,nan
17.0090,368.5334,1,-7988.7414,1749.4814,1.2056,nan,nan,nan,0.9019,0.1100,0.4177,0.1429,-0.9886,-0.0483,0.4076,0.1032,-0.9073,0.0000,0.0000,0.0000,124.1505,10.7481,57.6100,-7824.5090,1515.7053,40.8399,nan,nan,nan,-0.5980,0.7699,-0.2228,-0.1367,0.1760,0.9749,90.000,nan,nan,nan,0.0000,0.0000,0.0000,nan,nan,nan,-7824.5090,1515.7053,40.8399,-7824.5090,1515.7053,40.8399,12.000,1,nan,nan
17.0350,368.5500,1,-7987.0052,1749.1386,2.5799,nan,nan,nan,0.9111,0.0057,0.4121,0.0343,-0.9975,-0.0621,0.4107,0.0707,-0.9090,0.0000,0.0000,0.0000,122.2187,13.9320,60.5063,-7822.4517,1516.0234,41.6925,nan,nan,nan,-0.5980,0.7699,-0.2228,-0.1367,0.1760,0.9749,90.000,nan,nan,nan,0.0000,0.0000,0.0000,nan,nan,nan,-7822.4517,1516.0234,41.6925,-7822.4517,1516.0234,41.6925,12.000,1,nan,nan
17.0610,368.5834,1,-7982.5362,1749.1586,3.6457,nan,nan,nan,0.9083,-0.0042,0.4183,0.0144,-0.9990,-0.0413,0.4181,0.0436,-0.9074,0.0000,0.0000,0.0000,123.7516,8.4147,55.6434,-7817.8431,1516.5302,43.4670,nan,nan,nan,-0.5980,0.7699,-0.2228,-0.1367,0.1760,0.9749,90.000,nan,nan,nan,0.0000,0.0000,0.0000,nan,nan,nan,-7817.8431,1516.5302,43.4670,-7817.8431,1516.5302,43.4670,12.000,1,nan,nan
17.0870,368.6000,1,-7980.9040,1748.6753,5.1399,nan,nan,nan,0.8992,-0.1516,0.4104,-0.1393,-0.9884,-0.0597,0.4147,-0.0035,-0.9100,0.0000,0.0000,0.0000,118.7131,-4.6504,60.7263,-7815.8365,1516.6209,44.3081,nan,nan,nan,-0.5980,0.7699,-0.2228,-0.1367,0.1760,0.9749,90.000,nan,nan,nan,0.0000,0.0000,0.0000,nan,nan,nan,-7815.8365,1516.6209,44.3081,-7815.8365,1516.6209,44.3081,12.000,1,nan,nan
17.1160,368.6334,1,-7976.4817,1748.6018,6.3240,nan,nan,nan,0.9194,-0.1286,0.3718,-0.1212,-0.9917,-0.0433,0.3743,-0.0053,-0.9273,0.0000,0.0000,0.0000,117.5111,-11.1641,60.0672,-7811.5149,1516.7713,46.0078,nan,nan,nan,-0.5980,0.7699,-0.2228,-0.1367,0.1760,0.9749,90.000,nan,nan,nan,0.0000,0.0000,0.0000,nan,nan,nan,-7811.5149,1516.7713,46.0078,-7811.5149,1516.7713,46.0078,12.000,1,nan,nan
17.1420,368.6667,1,-7972.9752,1746.8249,8.4552,nan,nan,nan,0.9148,-0.1517,0.3743,-0.1602,-0.9870,-0.0084,0.3707,-0.0523,-0.9273,0.0000,0.0000,0.0000,117.4749,-19.0153,56.2313,-7807.3575,1516.4510,47.7710,nan,nan,nan,-0.5980,0.7699,-0.2228,-0.1367,0.1760,0.9749,90.000,nan,nan,nan,0.0000,0.0000,0.0000,nan,nan,nan,-7807.3575,1516.4510,47.7710,-7807.3575,1516.4510,47.7710,12.000,1,nan,nan
17.1690,368.6834,1,-7970.8406,1746.8539,9.3058,nan,nan,nan,0.9256,-0.0522,0.3750,-0.0801,-0.9950,0.0593,0.3700,-0.0849,-0.9251,0.0000,0.0000,0.0000,116.2700,-20.3577,59.2764,-7805.4488,1516.2663,48.5799,nan,nan,nan,-0.5980,0.7699,-0.2228,-0.1367,0.1760,0.9749,90.000,nan,nan,nan,0.0000,0.0000,0.0000,nan,nan,nan,-7805.4488,1516.2663,48.5799,-7805.4488,1516.2663,48.5799,12.000,1,nan,nan
17.1960,368.7167,1,-7966.5714,1746.9295,11.0068,nan,nan,nan,0.9267,-0.0286,0.3746,-0.0700,-0.9928,0.0975,0.3691,-0.1166,-0.9220,0.0000,0.0000,0.0000,122.0575,-14.3722,52.1597,-7801.2299,1515.8339,50.3616,nan,nan,nan,-0.5980,0.7699,-0.2228,-0.1367,0.1760,0.9749,90.000,nan,nan,nan,0.0000,0.0000,0.0000,nan,nan,nan,-7801.2299,1515.8339,50.3616,-7801.2299,1515.8339,50.3616,12.000,1,nan,nan
17.2240,368.7334,1,-7964.4369,1746.9877,11.8562,nan,nan,nan,0.9275,-0.0169,0.3735,-0.0539,-0.9946,0.0889,0.3700,-0.1026,-0.9233,0.0000,0.0000,0.0000,122.2953,-12.0352,53.8255,-7799.3052,1515.6822,51.1675,nan,nan,nan,-0.5980,0.7699,-0.2228,-0.1367,0.1760,0.9749,90.000,nan,nan,nan,0.0000,0.0000,0.0000,nan,nan,nan,-7799.3052,1515.6822,51.1675,-7799.3052,1515.6822,51.1675,12.000,1,nan,nan
17.2540,368.7667,1,-7960.2116,1747.1551,13.5366,nan,nan,nan,0.9284,0.0066,0.3716,-0.0290,-0.9955,0.0900,0.3705,-0.0943,-0.9240,0.0000,0.0000,0.0000,126.6560,0.0973,51.4533,-7795.0432,1515.4561,52.9344,nan,nan,nan,-0.5980,0.7699,-0.2228,-0.1367,0.1760,0.9749,90.000,nan,nan,nan,0.0000,0.0000,0.0000,nan,nan,nan,-7795.0432,1515.4561,52.9344,-7795.0432,1515.4561,52.9344,12.000,1,nan,nan
17.2810,368.8000,1,-7956.5882,1745.0989,15.3065,nan,nan,nan,0.8678,-0.2836,0.4081,-0.3486,-0.9326,0.0931,0.3541,-0.2231,-0.9082,0.0000,0.0000,0.0000,123.6530,-10.1613,51.3917,-7790.9457,1514.5066,54.7514,nan,nan,nan,-0.5980,0.7699,-0.2228,-0.1367,0.1760,0.9749,90.000,nan,nan,nan,0.0000,0.0000,0.0000,nan,nan,nan,-7790.9457,1514.5066,54.7514,-7790.9457,1514.5066,54.7514,12.000,1,nan,nan
17.3080,368.8334,1,-7952.3309,1744.8922,16.8871,nan,nan,nan,0.9255,-0.0387,0.3768,-0.1160,-0.9759,0.1848,0.3606,-0.2147,-0.9077,0.0000,0.0000,0.0000,122.9810,-13.9071,50.6569,-7786.8008,1513.7066,56.5313,nan,nan,nan,-0.5980,0.7699,-0.2228,-0.1367,0.1760,0.9749,90.000,nan,nan,nan,0.0000,0.0000,0.0000,nan,nan,nan,-7786.8008,1513.7066,56.5313,-7786.8008,1513.7066,56.5313,12.000,1,nan,nan
17.3330,368.8500,1,-7950.2046,1744.6901,17.6716,nan,nan,nan,0.9283,-0.0756,0.3641,-0.1508,-0.9715,0.1827,0.3399,-0.2245,-0.9133,0.0000,0.0000,0.0000,122.7477,-17.7791,49.7306,-7784.9461,1513.3431,57.3226,nan,nan,nan,-0.5980,0.7699,-0.2228,-0.1367,0.1760,0.9749,90.000,nan,nan,nan,0.0000,0.0000,0.0000,nan,nan,nan,-7784.9461,1513.3431,57.3226,-7784.9461,1513.3431,57.3226,12.000,1,nan,nan
17.3590,368.8834,1,-7945.9683,1744.2386,19.2720,nan,nan,nan,0.9318,-0.1004,0.3489,-0.1814,-0.9612,0.2078,0.3145,-0.2569,-0.9138,0.0000,0.0000,0.0000,122.7670,-22.2670,49.0658,-7780.9097,1512.4918,59.0445,nan,nan,nan,-0.5980,0.7699,-0.2228,-0.1367,0.1760,0.9749,90.000,nan,nan,nan,0.0000,0.0000,0.0000,nan,nan,nan,-7780.9097,1512.4918,59.0445,-7780.9097,1512.4918,59.0445,12.000,1,nan,nan
17.3860,368.9000,1,-7943.8663,1743.9610,20.0983,nan,nan,nan,0.9252,-0.1233,0.3588,-0.2145,-0.9501,0.2266,0.3129,-0.2866,-0.9055,0.0000,0.0000,0.0000,126.2551,-14.1584,48.2281,-7779.0649,1512.0673,59.8404,nan,nan,nan,-0.5980,0.7699,-0.2228,-0.1367,0.1760,0.9749,90.000,nan,nan,nan,0.0000,0.0000,0.0000,nan,nan,nan,-7779.0649,1512.0673,59.8404,-7779.0649,1512.0673,59.8404,12.000,1,nan,nan
17.4120,368.9334,1,-7939.6854,1743.3656,21.7965,nan,nan,nan,0.9204,-0.1326,0.3677,-0.2374,-0.9370,0.2563,0.3106,-0.3232,-0.8939,0.0000,0.0000,0.0000,126.4943,-14.8686,48.7667,-7774.9566,1511.0604,61.6369,nan,nan,nan,-0.5980,0.7699,-0.2228,-0.1367,0.1760,0.9749,90.000,nan,nan,nan,0.0000,0.0000,0.0000,nan,nan,nan,-7774.9566,1511.0604,61.6369,-7774.9566,1511.0604,61.6369,12.000,1,nan,nan
17.4390,368.9500,1,-7937.6201,1743.0112,22.6851,nan,nan,nan,0.9162,-0.1421,0.3748,-0.2553,-0.9277,0.2725,0.3089,-0.3454,-0.8862,0.0000,0.0000,0.0000,125.8107,-16.8397,50.1231,-7773.1035,1510.5819,62.4597,nan,nan,nan,-0.5980,0.7699,-0.2228,-0.1367,0.1760,0.9749,90.000,nan,nan,nan,0.0000,0.0000,0.0000,nan,nan,nan,-7773.1035,1510.5819,62.4597,-7773.1035,1510.5819,62.4597,12.000,1,nan,nan
17.4660,368.9834,1,-7933.5297,1742.2543,24.5353,nan,nan,nan,0.9029,-0.1719,0.3939,-0.3027,-0.9050,0.2989,0.3051,-0.3892,-0.8692,0.0000,0.0000,0.0000,124.7982,-19.0653,51.8933,-7768.9655,1509.4151,64.3644,nan,nan,nan,-0.5980,0.7699,-0.2228,-0.1367,0.1760,0.9749,90.000,nan,nan,nan,0.0000,0.0000,0.0000,nan,nan,nan,-7768.9655,1509.4151,64.3644,-7768.9655,1509.4151,64.3644,12.000,1,nan,nan
17.4910,369.0167,1,-7929.5223,1741.4001,26.5216,nan,nan,nan,0.8840,-0.1921,0.4261,-0.3627,-0.8571,0.3660,0.2949,-0.4780,-0.8274,0.0000,0.0000,0.0000,123.4156,-21.3049,54.2499,-7764.8689,1508.0018,66.4276,nan,nan,nan,-0.5980,0.7699,-0.2228,-0.1367,0.1760,0.9749,90.000,nan,nan,nan,0.0000,0.0000,0.0000,nan,nan,nan,-7764.8689,1508.0018,66.4276,-7764.8689,1508.0018,66.4276,12.000,1,nan,nan
17.5170,369.0334,1,-7927.5656,1740.9254,27.5853,nan,nan,nan,0.8619,-0.2118,0.4608,-0.4205,-0.8064,0.4159,0.2835,-0.5522,-0.7841,0.0000,0.0000,0.0000,121.5341,-23.8765,57.2970,-7763.0410,1507.2601,67.4346,nan,nan,nan,-0.5980,0.7699,-0.2228,-0.1367,0.1760,0.9749,90.000,nan,nan,nan,0.0000,0.0000,0.0000,nan,nan,nan,-7763.0410,1507.2601,67.4346,-7763.0410,1507.2601,67.4346,12.000,1,nan,nan
17.5440,369.0667,1,-7923.7237,1739.9679,29.8378,nan,nan,nan,0.8483,-0.2198,0.4818,-0.4519,-0.7748,0.4421,0.2761,-0.5927,-0.7566,0.0000,0.0000,0.0000,119.4252,-25.8832,60.7584,-7759.0047,1505.5772,69.7861,nan,nan,nan,-0.5980,0.7699,-0.2228,-0.1367,0.1760,0.9749,90.000,nan,nan,nan,0.0000,0.0000,0.0000,nan,nan,nan,-7759.0047,1505.5772,69.7861,-7759.0047,1505.5772,69.7861,12.000,1,nan,nan
17.5710,369.0834,1,-7921.8644,1739.4646,31.0540,nan,nan,nan,0.8198,-0.2265,0.5260,-0.5112,-0.7033,0.4940,0.2581,-0.6738,-0.6924,0.0000,0.0000,0.0000,116.7731,-27.7824,64.9434,-7757.2198,1504.7097,70.9597,nan,nan,nan,-0.5980,0.7699,-0.2228,-0.1367,0.1760,0.9749,90.000,nan,nan,nan,0.0000,0.0000,0.0000,nan,nan,nan,-7757.2198,1504.7097,70.9597,-7757.2198,1504.7097,70.9597,12.000,1,nan,nan
17.5970,369.1167,1,-7918.2357,1738.5033,33.6382,nan,nan,nan,0.8024,-0.2269,0.5520,-0.5434,-0.6601,0.5186,0.2467,-0.7161,-0.6529,0.0000,0.0000,0.0000,113.9697,-28.8047,69.3682,-7753.4309,1502.8433,73.6355,nan,nan,nan,-0.5980,0.7699,-0.2228,-0.1367,0.1760,0.9749,90.000,nan,nan,nan,0.0000,0.0000,0.0000,nan,nan,nan,-7753.4309,1502.8433,73.6355,-7753.4309,1502.8433,73.6355,12.000,1,nan,nan
17.6240,369.1500,1,-7914.5253,1736.7898,35.5233,nan,nan,nan,0.7956,-0.1902,0.5753,-0.5638,-0.5799,0.5880,0.2218,-0.7921,-0.5686,0.0000,0.0000,0.0000,112.1913,-33.5943,68.7985,-7749.8059,1500.7943,76.4033,nan,nan,nan,-0.5980,0.7699,-0.2228,-0.1367,0.1760,0.9749,90.000,nan,nan,nan,0.0000,0.0000,0.0000,nan,nan,nan,-7749.8059,1500.7943,76.4033,-7749.8059,1500.7943,76.4033,12.000,1,nan,nan
17.6490,369.1667,1,-7912.5606,1736.1616,36.2226,nan,nan,nan,0.8702,-0.1697,0.4625,-0.4480,-0.6631,0.5997,0.2049,-0.7290,-0.6531,0.0000,0.0000,0.0000,112.3611,-36.3448,63.5617,-7748.1149,1499.9651,77.5125,nan,nan,nan,-0.5980,0.7699,-0.2228,-0.1367,0.1760,0.9749,90.000,nan,nan,nan,0.0000,0.0000,0.0000,nan,nan,nan,-7748.1149,1499.9651,77.5125,-7748.1149,1499.9651,77.5125,12.000,1,nan,nan
17.6760,369.2000,1,-7908.6383,1735.0910,37.5108,nan,nan,nan,0.9047,-0.1897,0.3816,-0.3858,-0.7447,0.5446,0.1808,-0.6399,-0.7469,0.0000,0.0000,0.0000,113.6171,-37.2794,55.6494,-7744.4460,1498.5573,79.4552,nan,nan,nan,-0.5980,0.7699,-0.2228,-0.1367,0.1760,0.9749,90.000,nan,nan,nan,0.0000,0.0000,0.0000,nan,nan,nan,-7744.4460,1498.5573,79.4552,-7744.4460,1498.5573,79.4552,12.000,1,nan,nan
17.7010,369.2167,1,-7906.6751,1734.5389,38.0633,nan,nan,nan,0.9146,-0.2055,0.3483,-0.3680,-0.7800,0.5061,0.1676,-0.5911,-0.7890,0.0000,0.0000,0.0000,115.6551,-38.3247,45.1914,-7742.8139,1498.0165,80.2249,nan,nan,nan,-0.5980,0.7699,-0.2228,-0.1367,0.1760,0.9749,90.000,nan,nan,nan,0.0000,0.0000,0.0000,nan,nan,nan,-7742.8139,1498.0165,80.2249,-7742.8139,1498.0165,80.2249,12.000,1,nan,nan
17.7280,369.2500,1,-7902.9079,1733.0262,39.1749,nan,nan,nan,0.8937,-0.3510,0.2794,-0.4474,-0.7431,0.4976,0.0329,-0.5697,-0.8212,0.0000,0.0000,0.0000,116.4036,-37.3288,38.4589,-7739.6505,1496.8529,81.7106,nan,nan,nan,-0.5980,0.7699,-0.2228,-0.1367,0.1760,0.9749,90.000,nan,nan,nan,0.0000,0.0000,0.0000,nan,nan,nan,-7739.6505,1496.8529,81.7106,-7739.6505,1496.8529,81.7106,12.000,1,nan,nan
17.7560,369.2667,1,-7901.0258,1732.4272,39.8940,nan,nan,nan,0.8988,-0.3234,0.2958,-0.4368,-0.7169,0.5434,0.0363,-0.6176,-0.7856,0.0000,0.0000,0.0000,115.5607,-36.7785,37.3495,-7738.1716,1496.2427,82.4458,nan,nan,nan,-0.5980,0.7699,-0.2228,-0.1367,0.1760,0.9749,90.000,nan,nan,nan,0.0000,0.0000,0.0000,nan,nan,nan,-7738.1716,1496.2427,82.4458,-7738.1716,1496.2427,82.4458,12.000,1,nan,nan
17.7810,369.3000,1,-7897.2502,1731.6664,41.6363,nan,nan,nan,0.9058,-0.2520,0.3405,-0.4175,-0.6677,0.6164,0.0720,-0.7005,-0.7100,0.0000,0.0000,0.0000,114.5119,-34.8100,39.8520,-7734.6307,1494.6896,84.3723,nan,nan,nan,-0.5980,0.7699,-0.2228,-0.1367,0.1760,0.9749,90.000,nan,nan,nan,0.0000,0.0000,0.0000,nan,nan,nan,-7734.6307,1494.6896,84.3723,-7734.6307,1494.6896,84.3723,12.000,1,nan,nan
17.8080,369.3334,1,-7893.3527,1731.2269,43.5574,nan,nan,nan,0.9077,-0.1822,0.3779,-0.4047,-0.6180,0.6740,0.1108,-0.7648,-0.6347,0.0000,0.0000,0.0000,114.1289,-30.4271,45.2494,-7730.8600,1493.0892,86.5695,nan,nan,nan,-0.5980,0.7699,-0.2228,-0.1367,0.1760,0.9749,90.000,nan,nan,nan,0.0000,0.0000,0.0000,nan,nan,nan,-7730.8600,1493.0892,86.5695,-7730.8600,1493.0892,86.5695,12.000,1,nan,nan
17.8330,369.3500,1,-7891.3834,1731.0196,44.5043,nan,nan,nan,0.9070,-0.1471,0.3946,-0.4007,-0.5901,0.7009,0.1298,-0.7938,-0.5942,0.0000,0.0000,0.0000,115.0807,-22.9622,51.0219,-7729.1127,1492.3645,87.6193,nan,nan,nan,-0.5980,0.7699,-0.2228,-0.1367,0.1760,0.9749,90.000,nan,nan,nan,0.0000,0.0000,0.0000,nan,nan,nan,-7729.1127,1492.3645,87.6193,-7729.1127,1492.3645,87.6193,12.000,1,nan,nan
17.8610,369.3834,1,-7887.4200,1730.6338,46.3593,nan,nan,nan,0.9031,-0.0867,0.4207,-0.3979,-0.5377,0.7434,0.1618,-0.8387,-0.5200,0.0000,0.0000,0.0000,116.4668,-16.5973,54.6773,-7725.0850,1490.7978,90.1338,nan,nan,nan,-0.5980,0.7699,-0.2228,-0.1367,0.1760,0.9749,90.000,nan,nan,nan,0.0000,0.0000,0.0000,nan,nan,nan,-7725.0850,1490.7978,90.1338,-7725.0850,1490.7978,90.1338,12.000,1,nan,nan
17.8880,369.4000,1,-7885.3937,1730.4642,47.2750,nan,nan,nan,0.9091,-0.0784,0.4092,-0.3839,-0.5390,0.7498,0.1618,-0.8387,-0.5200,0.0000,0.0000,0.0000,118.4072,-12.7935,55.9439,-7723.2577,1490.1376,91.2460,nan,nan,nan,-0.5980,0.7699,-0.2228,-0.1367,0.1760,0.9749,90.000,nan,nan,nan,0.0000,0.0000,0.0000,nan,nan,nan,-7723.2577,1490.1376,91.2460,-7723.2577,1490.1376,91.2460,12.000,1,nan,nan
17.9150,369.4334,1,-7881.1614,1730.2427,49.0023,nan,nan,nan,0.9248,-0.0484,0.3774,-0.3454,-0.5225,0.7795,0.1595,-0.8513,-0.4999,0.0000,0.0000,0.0000,120.8036,-10.7252,55.0343,-7719.1489,1488.8260,93.6774,nan,nan,nan,-0.5980,0.7699,-0.2228,-0.1367,0.1760,0.9749,90.000,nan,nan,nan,0.0000,0.0000,0.0000,nan,nan,nan,-7719.1489,1488.8260,93.6774,-7719.1489,1488.8260,93.6774,12.000,1,nan,nan
17.9410,369.4667,1,-7876.8198,1730.1098,50.6134,nan,nan,nan,0.9371,-0.0287,0.3478,-0.3104,-0.5239,0.7932,0.1595,-0.8513,-0.4999,0.0000,0.0000,0.0000,123.7004,-8.6207,53.1560,-7715.0152,1487.7142,95.9647,nan,nan,nan,-0.5980,0.7699,-0.2228,-0.1367,0.1760,0.9749,90.000,nan,nan,nan,0.0000,0.0000,0.0000,nan,nan,nan,-7715.0152,1487.7142,95.9647,-7715.0152,1487.7142,95.9647,12.000,1,nan,nan
17.9680,369.4834,1,-7874.6191,1730.0807,51.3649,nan,nan,nan,0.9463,-0.0125,0.3231,-0.2813,-0.5246,0.8035,0.1595,-0.8513,-0.4999,0.0000,0.0000,0.0000,126.9086,-6.2341,50.6687,-7713.1439,1487.2567,96.9621,nan,nan,nan,-0.5980,0.7699,-0.2228,-0.1367,0.1760,0.9749,90.000,nan,nan,nan,0.0000,0.0000,0.0000,nan,nan,nan,-7713.1439,1487.2567,96.9621,-7713.1439,1487.2567,96.9621,12.000,1,nan,nan
17.9920,369.5167,1,-7870.1990,1730.0666,52.7987,nan,nan,nan,0.9512,-0.0030,0.3086,-0.2642,-0.5247,0.8093,0.1595,-0.8513,-0.4999,0.0000,0.0000,0.0000,129.7538,-3.8072,47.7850,-7708.9161,1486.3997,99.0631,nan,nan,nan,-0.5980,0.7699,-0.2228,-0.1367,0.1760,0.9749,90.000,nan,nan,nan,0.0000,0.0000,0.0000,nan,nan,nan,-7708.9161,1486.3997,99.0631,-7708.9161,1486.3997,99.0631,12.000,1,nan,nan
18.0190,369.5334,1,-7867.9613,1730.0644,53.5163,nan,nan,nan,0.9522,-0.0009,0.3053,-0.2604,-0.5247,0.8105,0.1595,-0.8513,-0.4999,0.0000,0.0000,0.0000,131.7824,-2.0190,45.4553,-7706.9768,1486.0437,99.9943,nan,nan,nan,-0.5980,0.7699,-0.2228,-0.1367,0.1760,0.9749,90.000,nan,nan,nan,0.0000,0.0000,0.0000,nan,nan,nan,-7706.9768,1486.0437,99.9943,-7706.9768,1486.0437,99.9943,12.000,1,nan,nan
18.0450,369.5667,1,-7863.4954,1730.0757,54.9214,nan,nan,nan,0.9539,0.0024,0.3001,-0.2543,-0.5247,0.8124,0.1595,-0.8513,-0.4999,0.0000,0.0000,0.0000,132.9338,-0.7962,43.7539,-7702.6632,1485.3894,101.9433,nan,nan,nan,-0.5980,0.7699,-0.2228,-0.1367,0.1760,0.9749,90.000,nan,nan,nan,0.0000,0.0000,0.0000,nan,nan,nan,-7702.6632,1485.3894,101.9433,-7702.6632,1485.3894,101.9433,12.000,1,nan,nan
18.0710,369.5834,1,-7861.2347,1730.0863,55.6246,nan,nan,nan,0.9549,0.0045,0.2970,-0.2506,-0.5247,0.8136,0.1595,-0.8513,-0.4999,0.0000,0.0000,0.0000,133.8839,-0.0760,42.8332,-7700.6689,1485.1163,102.8180,nan,nan,nan,-0.5980,0.7699,-0.2228,-0.1367,0.1760,0.9749,90.000,nan,nan,nan,0.0000,0.0000,0.0000,nan,nan,nan,-7700.6689,1485.1163,102.8180,-7700.6689,1485.1163,102.8180,12.000,1,nan,nan
18.0970,369.6167,1,-7856.6388,1730.2428,56.8239,nan,nan,nan,0.9671,0.0329,0.2524,-0.1984,-0.5237,0.8285,0.1595,-0.8513,-0.4999,0.0000,0.0000,0.0000,135.1288,1.0920,41.2418,-7696.2642,1484.6430,104.6148,nan,nan,nan,-0.5980,0.7699,-0.2228,-0.1367,0.1760,0.9749,90.000,nan,nan,nan,0.0000,0.0000,0.0000,nan,nan,nan,-7696.2642,1484.6430,104.6148,-7696.2642,1484.6430,104.6148,12.000,1,nan,nan
18.1220,369.6500,1,-7851.9867,1730.5488,57.7868,nan,nan,nan,0.9772,0.0643,0.2023,-0.1401,-0.5208,0.8421,0.1595,-0.8513,-0.4999,0.0000,0.0000,0.0000,136.4377,3.1878,38.0904,-7691.8228,1484.2989,106.2721,nan,nan,nan,-0.5980,0.7699,-0.2228,-0.1367,0.1760,0.9749,90.000,nan,nan,nan,0.0000,0.0000,0.0000,nan,nan,nan,-7691.8228,1484.2989,106.2721,-7691.8228,1484.2989,106.2721,12.000,1,nan,nan
18.1490,369.6667,1,-7849.6575,1730.7397,58.2045,nan,nan,nan,0.9811,0.0804,0.1759,-0.1096,-0.5185,0.8480,0.1595,-0.8513,-0.4999,0.0000,0.0000,0.0000,137.8541,5.8306,34.0417,-7689.7580,1484.1699,107.0049,nan,nan,nan,-0.5980,0.7699,-0.2228,-0.1367,0.1760,0.9749,90.000,nan,nan,nan,0.0000,0.0000,0.0000,nan,nan,nan,-7689.7580,1484.1699,107.0049,-7689.7580,1484.1699,107.0049,12.000,1,nan,nan
18.1750,369.7000,1,-7844.9992,1731.1217,59.0399,nan,nan,nan,0.9811,0.0804,0.1759,-0.1096,-0.5185,0.8480,0.1595,-0.8513,-0.4999,0.0000,0.0000,0.0000,138.9585,8.5245,29.8065,-7685.2364,1483.9987,108.4745,nan,nan,nan,-0.5980,0.7699,-0.2228,-0.1367,0.1760,0.9749,90.000,nan,nan,nan,0.0000,0.0000,0.0000,nan,nan,nan,-7685.2364,1483.9987,108.4745,-7685.2364,1483.9987,108.4745,12.000,1,nan,nan
18.2010,369.7167,1,-7842.6701,1731.3127,59.4576,nan,nan,nan,0.9811,0.0804,0.1759,-0.1096,-0.5185,0.8480,0.1595,-0.8513,-0.4999,0.0000,0.0000,0.0000,139.5541,10.4156,26.7761,-7683.1396,1483.9426,109.1277,nan,nan,nan,-0.5980,0.7699,-0.2228,-0.1367,0.1760,0.9749,90.000,nan,nan,nan,0.0000,0.0000,0.0000,nan,nan,nan,-7683.1396,1483.9426,109.1277,-7683.1396,1483.9426,109.1277,12.000,1,nan,nan
18.2260,369.7500,1,-7837.9714,1731.7370,60.2338,nan,nan,nan,0.9827,0.0887,0.1623,-0.0938,-0.5172,0.8507,0.1595,-0.8513,-0.4999,0.0000,0.0000,0.0000,139.9523,11.5042,25.0493,-7678.5470,1483.9106,110.4447,nan,nan,nan,-0.5980,0.7699,-0.2228,-0.1367,0.1760,0.9749,90.000,nan,nan,nan,0.0000,0.0000,0.0000,nan,nan,nan,-7678.5470,1483.9106,110.4447,-7678.5470,1483.9106,110.4447,12.000,1,nan,nan
18.2530,369.7667,1,-7835.6545,1731.9250,60.5363,nan,nan,nan,0.9847,0.1013,0.1415,-0.0698,-0.5148,0.8544,0.1595,-0.8513,-0.4999,0.0000,0.0000,0.0000,139.8850,11.6860,23.3224,-7676.4515,1483.9128,111.0158,nan,nan,nan,-0.5980,0.7699,-0.2228,-0.1367,0.1760,0.9749,90.000,nan,nan,nan,0.0000,0.0000,0.0000,nan,nan,nan,-7676.4515,1483.9128,111.0158,-7676.4515,1483.9128,111.0158,12.000,1,nan,nan
18.2790,369.8000,1,-7830.9087,1731.6747,60.9598,nan,nan,nan,0.9949,-0.0510,0.0865,-0.1003,-0.5464,0.8315,0.0049,-0.8360,-0.5487,0.0000,0.0000,0.0000,140.3964,7.9292,20.5053,-7672.2146,1483.9263,112.0009,nan,nan,nan,-0.5980,0.7699,-0.2228,-0.1367,0.1760,0.9749,90.000,nan,nan,nan,0.0000,0.0000,0.0000,nan,nan,nan,-7672.2146,1483.9263,112.0009,-7672.2146,1483.9263,112.0009,12.000,1,nan,nan
18.3040,369.8167,1,-7828.5358,1731.5496,61.1715,nan,nan,nan,0.9947,-0.0525,0.0888,-0.1030,-0.5462,0.8313,0.0049,-0.8360,-0.5487,0.0000,0.0000,0.0000,141.0236,3.3846,17.4702,-7670.1897,1483.9212,112.4420,nan,nan,nan,-0.5980,0.7699,-0.2228,-0.1367,0.1760,0.9749,90.000,nan,nan,nan,0.0000,0.0000,0.0000,nan,nan,nan,-7670.1897,1483.9212,112.4420,-7670.1897,1483.9212,112.4420,12.000,1,nan,nan
18.3320,369.8500,1,-7823.7900,1731.2994,61.5950,nan,nan,nan,0.9947,-0.0525,0.0888,-0.1030,-0.5462,0.8313,0.0049,-0.8360,-0.5487,0.0000,0.0000,0.0000,141.4316,-1.5717,14.7471,-7665.8530,1483.8703,113.2845,nan,nan,nan,-0.5980,0.7699,-0.2228,-0.1367,0.1760,0.9749,90.000,nan,nan,nan,0.0000,0.0000,0.0000,nan,nan,nan,-7665.8530,1483.8703,113.2845,-7665.8530,1483.8703,113.2845,12.000,1,nan,nan
18.3560,369.8834,1,-7819.0411,1731.0663,62.0225,nan,nan,nan,0.9948,-0.0517,0.0876,-0.1016,-0.5463,0.8314,0.0049,-0.8360,-0.5487,0.0000,0.0000,0.0000,142.2037,-6.2174,13.1368,-7661.4670,1483.7893,114.0541,nan,nan,nan,-0.5980,0.7699,-0.2228,-0.1367,0.1760,0.9749,90.000,nan,nan,nan,0.0000,0.0000,0.0000,nan,nan,nan,-7661.4670,1483.7893,114.0541,-7661.4670,1483.7893,114.0541,12.000,1,nan,nan
18.3840,369.9000,1,-7816.6604,1731.0418,62.2261,nan,nan,nan,0.9968,-0.0227,0.0767,-0.0756,-0.5816,0.8099,0.0262,-0.8132,-0.5815,0.0000,0.0000,0.0000,142.4521,-5.9386,12.7175,-7659.3465,1483.7916,114.3453,nan,nan,nan,-0.5980,0.7699,-0.2228,-0.1367,0.1760,0.9749,90.000,nan,nan,nan,0.0000,0.0000,0.0000,nan,nan,nan,-7659.3465,1483.7916,114.3453,-7659.3465,1483.7916,114.3453,12.000,1,nan,nan
18.4080,369.9334,1,-7811.9003,1731.1311,62.5506,nan,nan,nan,0.9975,0.0179,0.0684,-0.0419,-0.6289,0.7764,0.0569,-0.7773,-0.6266,0.0000,0.0000,0.0000,142.5881,-3.8453,12.0395,-7654.7413,1483.9284,114.7612,nan,nan,nan,-0.5980,0.7699,-0.2228,-0.1367,0.1760,0.9749,90.000,nan,nan,nan,0.0000,0.0000,0.0000,nan,nan,nan,-7654.7413,1483.9284,114.7612,-7654.7413,1483.9284,114.7612,12.000,1,nan,nan
18.4350,369.9500,1,-7809.5189,1731.2240,62.7198,nan,nan,nan,0.9976,0.0291,0.0629,-0.0298,-0.6389,0.7687,0.0626,-0.7687,-0.6365,0.0000,0.0000,0.0000,142.7170,-0.8110,11.3946,-7652.5581,1484.0094,114.9368,nan,nan,nan,-0.5980,0.7699,-0.2228,-0.1367,0.1760,0.9749,90.000,nan,nan,nan,0.0000,0.0000,0.0000,nan,nan,nan,-7652.5581,1484.0094,114.9368,-7652.5581,1484.0094,114.9368,12.000,1,nan,nan
18.4620,369.9834,1,-7804.7050,1731.5389,63.1789,nan,nan,nan,0.9958,0.0467,0.0786,-0.0255,-0.6834,0.7296,0.0878,-0.7286,-0.6793,0.0000,0.0000,0.0000,143.1329,3.0842,11.4549,-7647.7506,1484.3401,115.1869,nan,nan,nan,-0.5980,0.7699,-0.2228,-0.1367,0.1760,0.9749,90.000,nan,nan,nan,0.0000,0.0000,0.0000,nan,nan,nan,-7647.7506,1484.3401,115.1869,-7647.7506,1484.3401,115.1869,12.000,1,nan,nan
18.4900,370.0000,1,-7802.2729,1731.8411,63.4539,nan,nan,nan,0.9916,0.0974,0.0849,0.0166,-0.7478,0.6637,0.1281,-0.6567,-0.7432,0.0000,0.0000,0.0000,143.8327,7.7830,12.3229,-7645.4198,1484.6292,115.2087,nan,nan,nan,-0.5980,0.7699,-0.2228,-0.1367,0.1760,0.9749,90.000,nan,nan,nan,0.0000,0.0000,0.0000,nan,nan,nan,-7645.4198,1484.6292,115.2087,-7645.4198,1484.6292,115.2087,12.000,1,nan,nan
18.5160,370.0334,1,-7797.4524,1732.8712,64.2864,nan,nan,nan,0.9728,0.1831,0.1417,0.0567,-0.7819,0.6208,0.2245,-0.5959,-0.7711,0.0000,0.0000,0.0000,144.3345,14.3670,15.5452,-7640.4897,1485.4589,115.2876,nan,nan,nan,-0.5980,0.7699,-0.2228,-0.1367,0.1760,0.9749,90.000,nan,nan,nan,0.0000,0.0000,0.0000,nan,nan,nan,-7640.4897,1485.4589,115.2876,-7640.4897,1485.4589,115.2876,12.000,1,nan,nan
18.5450,370.0667,1,-7792.7101,1734.3602,65.2560,nan,nan,nan,0.9488,0.2717,0.1613,0.1508,-0.8380,0.5244,0.2777,-0.4732,-0.8360,0.0000,0.0000,0.0000,144.3122,23.5038,19.9759,-7635.5870,1486.7279,115.3028,nan,nan,nan,-0.5980,0.7699,-0.2228,-0.1367,0.1760,0.9749,90.000,nan,nan,nan,0.0000,0.0000,0.0000,nan,nan,nan,-7635.5870,1486.7279,115.3028,-7635.5870,1486.7279,115.3028,12.000,1,nan,nan
18.5730,370.0834,1,-7790.2201,1734.2792,64.7959,nan,nan,nan,0.9471,0.1376,0.2899,0.0232,-0.9304,0.3658,0.3201,-0.3397,-0.8844,0.0000,0.0000,0.0000,145.3040,22.4698,12.5857,-7633.0076,1487.5383,115.1919,nan,nan,nan,-0.5980,0.7699,-0.2228,-0.1367,0.1760,0.9749,90.000,nan,nan,nan,0.0000,0.0000,0.0000,nan,nan,nan,-7633.0076,1487.5383,115.1919,-7633.0076,1487.5383,115.1919,12.000,1,nan,nan
18.5990,370.1167,1,-7785.3685,1733.0749,66.2366,nan,nan,nan,0.9221,-0.1473,0.3579,-0.2964,-0.8635,0.4082,0.2489,-0.4824,-0.8398,0.0000,0.0000,0.0000,145.4270,11.4105,16.4528,-7627.8687,1488.3288,115.3687,nan,nan,nan,-0.5980,0.7699,-0.2228,-0.1367,0.1760,0.9749,90.000,nan,nan,nan,0.0000,0.0000,0.0000,nan,nan,nan,-7627.8687,1488.3288,115.3687,-7627.8687,1488.3288,115.3687,12.000,1,nan,nan
18.6270,370.1500,1,-7780.4882,1731.8879,67.6580,nan,nan,nan,0.9274,-0.1481,0.3434,-0.3067,-0.8267,0.4716,0.2140,-0.5427,-0.8122,0.0000,0.0000,0.0000,145.8104,-4.1034,20.7589,-7622.6796,1488.6198,115.8530,nan,nan,nan,-0.5980,0.7699,-0.2228,-0.1367,0.1760,0.9749,90.000,nan,nan,nan,0.0000,0.0000,0.0000,nan,nan,nan,-7622.6796,1488.6198,115.8530,-7622.6796,1488.6198,115.8530,12.000,1,nan,nan
18.6560,370.1667,1,-7778.0326,1731.3046,68.3559,nan,nan,nan,0.9310,-0.1459,0.3346,-0.3068,-0.8093,0.5009,0.1977,-0.5690,-0.7982,0.0000,0.0000,0.0000,146.9004,-23.1399,24.1775,-7620.1741,1488.6504,116.1565,nan,nan,nan,-0.5980,0.7699,-0.2228,-0.1367,0.1760,0.9749,90.000,nan,nan,nan,0.0000,0.0000,0.0000,nan,nan,nan,-7620.1741,1488.6504,116.1565,-7620.1741,1488.6504,116.1565,12.000,1,nan,nan
18.6780,370.2000,1,-7773.0661,1730.0846,69.8539,nan,nan,nan,0.9283,-0.1705,0.3305,-0.3391,-0.7527,0.5644,0.1525,-0.6360,-0.7565,0.0000,0.0000,0.0000,147.0376,-33.2953,39.3711,-7614.9470,1488.2531,117.1149,nan,nan,nan,-0.5980,0.7699,-0.2228,-0.1367,0.1760,0.9749,90.000,nan,nan,nan,0.0000,0.0000,0.0000,nan,nan,nan,-7614.9470,1488.2531,117.1149,-7614.9470,1488.2531,117.1149,12.000,1,nan,nan
18.7120,370.2167,1,-7770.5677,1729.4832,70.5928,nan,nan,nan,0.9317,-0.1710,0.3206,-0.3389,-0.7270,0.5971,0.1310,-0.6650,-0.7353,0.0000,0.0000,0.0000,147.9358,-35.3168,42.6327,-7612.4982,1487.9720,117.6366,nan,nan,nan,-0.5980,0.7699,-0.2228,-0.1367,0.1760,0.9749,90.000,nan,nan,nan,0.0000,0.0000,0.0000,nan,nan,nan,-7612.4982,1487.9720,117.6366,-7612.4982,1487.9720,117.6366,12.000,1,nan,nan
18.7370,370.2500,1,-7765.5440,1728.2512,72.0482,nan,nan,nan,0.9345,-0.1917,0.2999,-0.3517,-0.6262,0.6958,0.0544,-0.7557,-0.6526,0.0000,0.0000,0.0000,148.9763,-35.9914,43.4894,-7607.5303,1486.9228,119.1230,nan,nan,nan,-0.5980,0.7699,-0.2228,-0.1367,0.1760,0.9749,90.000,nan,nan,nan,0.0000,0.0000,0.0000,nan,nan,nan,-7607.5303,1486.9228,119.1230,-7607.5303,1486.9228,119.1230,12.000,1,nan,nan
18.7670,370.2834,1,-7760.4314,1727.5038,73.5191,nan,nan,nan,0.9523,-0.1542,0.2633,-0.3043,-0.5439,0.7820,0.0226,-0.8248,-0.5649,0.0000,0.0000,0.0000,150.3934,-33.6112,44.1111,-7602.6733,1485.6837,120.9159,nan,nan,nan,-0.5980,0.7699,-0.2228,-0.1367,0.1760,0.9749,90.000,nan,nan,nan,0.0000,0.0000,0.0000,nan,nan,nan,-7602.6733,1485.6837,120.9159,-7602.6733,1485.6837,120.9159,12.000,1,nan,nan
18.7970,370.3167,1,-7755.2559,1726.8135,74.9117,nan,nan,nan,0.9565,-0.1149,0.2682,-0.2834,-0.5843,0.7604,0.0694,-0.8034,-0.5914,0.0000,0.0000,0.0000,151.9305,-29.9572,43.6030,-7597.6253,1484.6281,122.5300,nan,nan,nan,-0.5980,0.7699,-0.2228,-0.1367,0.1760,0.9749,90.000,nan,nan,nan,0.0000,0.0000,0.0000,nan,nan,nan,-7597.6253,1484.6281,122.5300,-7597.6253,1484.6281,122.5300,12.000,1,nan,nan
18.8270,370.3500,1,-7750.1327,1725.9151,76.6514,nan,nan,nan,0.9339,-0.1640,0.3176,-0.3568,-0.4824,0.8000,0.0220,-0.8604,-0.5091,0.0000,0.0000,0.0000,152.9963,-27.4006,45.0722,-7592.6583,1483.3775,124.4909,nan,nan,nan,-0.5980,0.7699,-0.2228,-0.1367,0.1760,0.9749,90.000,nan,nan,nan,0.0000,0.0000,0.0000,nan,nan,nan,-7592.6583,1483.3775,124.4909,-7592.6583,1483.3775,124.4909,12.000,1,nan,nan
18.8540,370.3667,1,-7747.5882,1725.4563,77.5366,nan,nan,nan,0.9311,-0.1679,0.3239,-0.3641,-0.4811,0.7974,0.0220,-0.8604,-0.5091,0.0000,0.0000,0.0000,153.6019,-25.0020,47.2560,-7590.3056,1482.8023,125.4084,nan,nan,nan,-0.5980,0.7699,-0.2228,-0.1367,0.1760,0.9749,90.000,nan,nan,nan,0.0000,0.0000,0.0000,nan,nan,nan,-7590.3056,1482.8023,125.4084,-7590.3056,1482.8023,125.4084,12.000,1,nan,nan
18.8850,370.4000,1,-7742.5078,1724.4659,79.4299,nan,nan,nan,0.9218,-0.1797,0.3435,-0.3871,-0.4768,0.7892,0.0220,-0.8604,-0.5091,0.0000,0.0000,0.0000,153.5293,-25.9804,50.2269,-7585.2849,1481.6206,127.3505,nan,nan,nan,-0.5980,0.7699,-0.2228,-0.1367,0.1760,0.9749,90.000,nan,nan,nan,0.0000,0.0000,0.0000,nan,nan,nan,-7585.2849,1481.6206,127.3505,-7585.2849,1481.6206,127.3505,12.000,1,nan,nan
18.9070,370.4334,1,-7737.6196,1723.3492,81.5283,nan,nan,nan,0.8993,-0.2054,0.3861,-0.4368,-0.4663,0.7693,0.0220,-0.8604,-0.5091,0.0000,0.0000,0.0000,151.7909,-28.7342,55.0557,-7580.3442,1480.4638,129.2988,nan,nan,nan,-0.5980,0.7699,-0.2228,-0.1367,0.1760,0.9749,90.000,nan,nan,nan,0.0000,0.0000,0.0000,nan,nan,nan,-7580.3442,1480.4638,129.2988,-7580.3442,1480.4638,129.2988,12.000,1,nan,nan
18.9320,370.4500,1,-7735.2530,1722.7372,82.6648,nan,nan,nan,0.8779,-0.2270,0.4216,-0.4783,-0.4562,0.7504,0.0220,-0.8604,-0.5091,0.0000,0.0000,0.0000,149.1038,-31.2384,59.2220,-7578.0246,1479.9152,130.2325,nan,nan,nan,-0.5980,0.7699,-0.2228,-0.1367,0.1760,0.9749,90.000,nan,nan,nan,0.0000,0.0000,0.0000,nan,nan,nan,-7578.0246,1479.9152,130.2325,-7578.0246,1479.9152,130.2325,12.000,1,nan,nan
18.9630,370.4834,1,-7730.5682,1721.5587,85.1060,nan,nan,nan,0.8663,-0.2378,0.4393,-0.4991,-0.4507,0.7401,0.0220,-0.8604,-0.5091,0.0000,0.0000,0.0000,146.1400,-33.3057,64.0802,-7573.1561,1478.7514,132.2911,nan,nan,nan,-0.5980,0.7699,-0.2228,-0.1367,0.1760,0.9749,90.000,nan,nan,nan,0.0000,0.0000,0.0000,nan,nan,nan,-7573.1561,1478.7514,132.2911,-7573.1561,1478.7514,132.2911,12.000,1,nan,nan
18.9900,370.5000,1,-7728.1734,1721.0583,86.1974,nan,nan,nan,0.8890,-0.1497,0.4328,-0.4465,-0.4937,0.7463,0.1019,-0.8567,-0.5057,0.0000,0.0000,0.0000,143.8024,-33.7812,66.7889,-7570.7664,1478.2280,133.2537,nan,nan,nan,-0.5980,0.7699,-0.2228,-0.1367,0.1760,0.9749,90.000,nan,nan,nan,0.0000,0.0000,0.0000,nan,nan,nan,-7570.7664,1478.2280,133.2537,-7570.7664,1478.2280,133.2537,12.000,1,nan,nan
19.0170,370.5334,1,-7723.2313,1719.8732,88.1173,nan,nan,nan,0.9085,-0.1904,0.3721,-0.4082,-0.5957,0.6918,0.0900,-0.7803,-0.6188,0.0000,0.0000,0.0000,143.6589,-34.2867,66.2598,-7565.6668,1477.3544,134.9110,nan,nan,nan,-0.5980,0.7699,-0.2228,-0.1367,0.1760,0.9749,90.000,nan,nan,nan,0.0000,0.0000,0.0000,nan,nan,nan,-7565.6668,1477.3544,134.9110,-7565.6668,1477.3544,134.9110,12.000,1,nan,nan
19.0450,370.5667,1,-7718.2800,1718.7037,90.0232,nan,nan,nan,0.9118,-0.2147,0.3500,-0.4013,-0.6463,0.6491,0.0868,-0.7323,-0.6754,0.0000,0.0000,0.0000,144.9384,-34.0609,63.9504,-7560.5106,1476.5847,136.4395,nan,nan,nan,-0.5980,0.7699,-0.2228,-0.1367,0.1760,0.9749,90.000,nan,nan,nan,0.0000,0.0000,0.0000,nan,nan,nan,-7560.5106,1476.5847,136.4395,-7560.5106,1476.5847,136.4395,12.000,1,nan,nan
19.0730,370.5834,1,-7715.7988,1718.1284,90.9675,nan,nan,nan,0.9134,-0.2119,0.3476,-0.3968,-0.6541,0.6440,0.0909,-0.7261,-0.6815,0.0000,0.0000,0.0000,146.8600,-33.8474,60.1734,-7558.0737,1476.2145,137.1677,nan,nan,nan,-0.5980,0.7699,-0.2228,-0.1367,0.1760,0.9749,90.000,nan,nan,nan,0.0000,0.0000,0.0000,nan,nan,nan,-7558.0737,1476.2145,137.1677,-7558.0737,1476.2145,137.1677,12.000,1,nan,nan
19.1010,370.6167,1,-7710.8101,1717.0339,92.7920,nan,nan,nan,0.9197,-0.2010,0.3372,-0.3813,-0.6617,0.6456,0.0933,-0.7224,-0.6852,0.0000,0.0000,0.0000,148.4393,-34.3670,57.2684,-7552.9499,1475.3904,138.7431,nan,nan,nan,-0.5980,0.7699,-0.2228,-0.1367,0.1760,0.9749,90.000,nan,nan,nan,0.0000,0.0000,0.0000,nan,nan,nan,-7552.9499,1475.3904,138.7431,-7552.9499,1475.3904,138.7431,12.000,1,nan,nan
19.1290,370.6500,1,-7705.7703,1715.8030,94.4021,nan,nan,nan,0.9240,-0.1926,0.3304,-0.3689,-0.6767,0.6372,0.1009,-0.7106,-0.6963,0.0000,0.0000,0.0000,149.3408,-34.7460,54.8282,-7547.8122,1474.5351,140.2854,nan,nan,nan,-0.5980,0.7699,-0.2228,-0.1367,0.1760,0.9749,90.000,nan,nan,nan,0.0000,0.0000,0.0000,nan,nan,nan,-7547.8122,1474.5351,140.2854,-7547.8122,1474.5351,140.2854,12.000,1,nan,nan
19.1580,370.6667,1,-7703.1287,1715.8271,95.0348,nan,nan,nan,0.9819,-0.0182,0.1885,-0.1319,-0.7802,0.6115,0.1359,-0.6253,-0.7685,0.0000,0.0000,0.0000,151.5127,-27.5158,50.4982,-7545.3027,1474.3315,140.8689,nan,nan,nan,-0.5980,0.7699,-0.2228,-0.1367,0.1760,0.9749,90.000,nan,nan,nan,0.0000,0.0000,0.0000,nan,nan,nan,-7545.3027,1474.3315,140.8689,-7545.3027,1474.3315,140.8689,12.000,1,nan,nan
19.1850,370.7000,1,-7698.0402,1715.9777,96.0989,nan,nan,nan,0.9769,0.0254,0.2121,-0.0679,-0.9046,0.4209,0.2026,-0.4256,-0.8819,0.0000,0.0000,0.0000,152.7038,-18.2634,44.6848,-7540.1681,1474.6945,141.6118,nan,nan,nan,-0.5980,0.7699,-0.2228,-0.1367,0.1760,0.9749,90.000,nan,nan,nan,0.0000,0.0000,0.0000,nan,nan,nan,-7540.1681,1474.6945,141.6118,-7540.1681,1474.6945,141.6118,12.000,1,nan,nan
19.2130,370.7334,1,-7693.1558,1715.8312,97.3582,nan,nan,nan,0.9698,-0.0345,0.2416,-0.1646,-0.8232,0.5433,0.1801,-0.5666,-0.8041,0.0000,0.0000,0.0000,152.3159,-10.7248,40.1308,-7535.2403,1474.5045,142.6818,nan,nan,nan,-0.5980,0.7699,-0.2228,-0.1367,0.1760,0.9749,90.000,nan,nan,nan,0.0000,0.0000,0.0000,nan,nan,nan,-7535.2403,1474.5045,142.6818,-7535.2403,1474.5045,142.6818,12.000,1,nan,nan
19.2410,370.7667,1,-7688.2980,1716.1579,98.3432,nan,nan,nan,0.9775,0.0662,0.2002,-0.0485,-0.8533,0.5192,0.2052,-0.5172,-0.8309,0.0000,0.0000,0.0000,151.1468,0.1285,35.4696,-7530.3318,1474.5603,143.6324,nan,nan,nan,-0.5980,0.7699,-0.2228,-0.1367,0.1760,0.9749,90.000,nan,nan,nan,0.0000,0.0000,0.0000,nan,nan,nan,-7530.3318,1474.5603,143.6324,-7530.3318,1474.5603,143.6324,12.000,1,nan,nan
19.2680,370.7834,1,-7685.8677,1716.3061,98.7209,nan,nan,nan,0.9864,0.0603,0.1532,-0.0279,-0.8558,0.5165,0.1623,-0.5137,-0.8425,0.0000,0.0000,0.0000,148.3766,3.7896,31.4765,-7528.0290,1474.6035,144.0649,nan,nan,nan,-0.5980,0.7699,-0.2228,-0.1367,0.1760,0.9749,90.000,nan,nan,nan,0.0000,0.0000,0.0000,nan,nan,nan,-7528.0290,1474.6035,144.0649,-7528.0290,1474.6035,144.0649,12.000,1,nan,nan
19.2970,370.8167,1,-7680.9354,1716.7145,99.4219,nan,nan,nan,0.9867,0.0817,0.1402,-0.0032,-0.8541,0.5202,0.1623,-0.5137,-0.8425,0.0000,0.0000,0.0000,146.8861,6.0683,28.4995,-7523.1103,1474.7481,144.9515,nan,nan,nan,-0.5980,0.7699,-0.2228,-0.1367,0.1760,0.9749,90.000,nan,nan,nan,0.0000,0.0000,0.0000,nan,nan,nan,-7523.1103,1474.7481,144.9515,-7523.1103,1474.7481,144.9515,12.000,1,nan,nan
19.3260,370.8500,1,-7675.9674,1717.1683,100.1021,nan,nan,nan,0.9867,0.0901,0.1351,0.0065,-0.8532,0.5215,0.1623,-0.5137,-0.8425,0.0000,0.0000,0.0000,147.0894,10.1260,24.4290,-7518.1530,1474.9450,145.8091,nan,nan,nan,-0.5980,0.7699,-0.2228,-0.1367,0.1760,0.9749,90.000,nan,nan,nan,0.0000,0.0000,0.0000,nan,nan,nan,-7518.1530,1474.9450,145.8091,-7518.1530,1474.9450,145.8091,12.000,1,nan,nan
19.3520,370.8667,1,-7673.5037,1717.4245,100.4204,nan,nan,nan,0.9865,0.1026,0.1275,0.0210,-0.8518,0.5235,0.1623,-0.5137,-0.8425,0.0000,0.0000,0.0000,147.5476,12.0520,21.5247,-7515.8072,1475.0518,146.2057,nan,nan,nan,-0.5980,0.7699,-0.2228,-0.1367,0.1760,0.9749,90.000,nan,nan,nan,0.0000,0.0000,0.0000,nan,nan,nan,-7515.8072,1475.0518,146.2057,-7515.8072,1475.0518,146.2057,12.000,1,nan,nan
19.3810,370.9000,1,-7668.5762,1717.9370,101.0570,nan,nan,nan,0.9865,0.1026,0.1275,0.0210,-0.8518,0.5235,0.1623,-0.5137,-0.8425,0.0000,0.0000,0.0000,148.0408,13.7328,20.2312,-7510.8792,1475.3236,147.0065,nan,nan,nan,-0.5980,0.7699,-0.2228,-0.1367,0.1760,0.9749,90.000,nan,nan,nan,0.0000,0.0000,0.0000,nan,nan,nan,-7510.8792,1475.3236,147.0065,-7510.8792,1475.3236,147.0065,12.000,1,nan,nan
19.4090,370.9334,1,-7663.6488,1718.4494,101.6936,nan,nan,nan,0.9865,0.1026,0.1275,0.0210,-0.8518,0.5235,0.1623,-0.5137,-0.8425,0.0000,0.0000,0.0000,148.1097,14.6937,19.5858,-7505.9493,1475.6353,147.7804,nan,nan,nan,-0.5980,0.7699,-0.2228,-0.1367,0.1760,0.9749,90.000,nan,nan,nan,0.0000,0.0000,0.0000,nan,nan,nan,-7505.9493,1475.6353,147.7804,-7505.9493,1475.6353,147.7804,12.000,1,nan,nan
19.4370,370.9500,1,-7661.1851,1718.7057,102.0119,nan,nan,nan,0.9865,0.1026,0.1275,0.0210,-0.8518,0.5235,0.1623,-0.5137,-0.8425,0.0000,0.0000,0.0000,147.8805,15.2374,19.1955,-7503.5964,1475.7926,148.1440,nan,nan,nan,-0.5980,0.7699,-0.2228,-0.1367,0.1760,0.9749,90.000,nan,nan,nan,0.0000,0.0000,0.0000,nan,nan,nan,-7503.5964,1475.7926,148.1440,-7503.5964,1475.7926,148.1440,12.000,1,nan,nan
19.4660,370.9834,1,-7656.2219,1719.2637,102.6276,nan,nan,nan,0.9863,0.1109,0.1224,0.0306,-0.8508,0.5247,0.1623,-0.5137,-0.8425,0.0000,0.0000,0.0000,148.0493,15.6196,18.9921,-7498.6328,1476.1620,148.8858,nan,nan,nan,-0.5980,0.7699,-0.2228,-0.1367,0.1760,0.9749,90.000,nan,nan,nan,0.0000,0.0000,0.0000,nan,nan,nan,-7498.6328,1476.1620,148.8858,-7498.6328,1476.1620,148.8858,12.000,1,nan,nan
19.4930,371.0167,1,-7651.2891,1719.8416,103.2252,nan,nan,nan,0.9861,0.1155,0.1195,0.0360,-0.8501,0.5253,0.1623,-0.5137,-0.8425,0.0000,0.0000,0.0000,148.1149,16.0891,18.7178,-7493.6981,1476.5639,149.6005,nan,nan,nan,-0.5980,0.7699,-0.2228,-0.1367,0.1760,0.9749,90.000,nan,nan,nan,0.0000,0.0000,0.0000,nan,nan,nan,-7493.6981,1476.5639,149.6005,-7493.6981,1476.5639,149.6005,12.000,1,nan,nan
19.5220,371.0334,1,-7648.8227,1720.1306,103.5241,nan,nan,nan,0.9861,0.1155,0.1195,0.0360,-0.8501,0.5253,0.1623,-0.5137,-0.8425,0.0000,0.0000,0.0000,148.1600,16.5761,18.4294,-7491.3356,1476.7638,149.9376,nan,nan,nan,-0.5980,0.7699,-0.2228,-0.1367,0.1760,0.9749,90.000,nan,nan,nan,0.0000,0.0000,0.0000,nan,nan,nan,-7491.3356,1476.7638,149.9376,-7491.3356,1476.7638,149.9376,12.000,1,nan,nan
19.5500,371.0667,1,-7643.9002,1720.7774,104.2045,nan,nan,nan,0.9860,0.1181,0.1179,0.0390,-0.8498,0.5257,0.1623,-0.5137,-0.8425,0.0000,0.0000,0.0000,148.1396,17.4796,18.6347,-7486.3947,1477.2198,150.6390,nan,nan,nan,-0.5980,0.7699,-0.2228,-0.1367,0.1760,0.9749,90.000,nan,nan,nan,0.0000,0.0000,0.0000,nan,nan,nan,-7486.3947,1477.2198,150.6390,-7486.3947,1477.2198,150.6390,12.000,1,nan,nan
19.5800,371.1000,1,-7639.0720,1721.9726,105.0883,nan,nan,nan,0.9677,0.2139,0.1335,0.1355,-0.8876,0.4402,0.2127,-0.4079,-0.8879,0.0000,0.0000,0.0000,147.3257,21.4833,20.2843,-7481.4555,1478.1178,151.2041,nan,nan,nan,-0.5980,0.7699,-0.2228,-0.1367,0.1760,0.9749,90.000,nan,nan,nan,0.0000,0.0000,0.0000,nan,nan,nan,-7481.4555,1478.1178,151.2041,-7481.4555,1478.1178,151.2041,12.000,1,nan,nan
19.6080,371.1334,1,-7634.3219,1723.7048,106.2836,nan,nan,nan,0.9275,0.3171,0.1978,0.2470,-0.9173,0.3123,0.2805,-0.2408,-0.9292,0.0000,0.0000,0.0000,146.0666,29.2092,24.2002,-7476.5107,1479.6264,151.7193,nan,nan,nan,-0.5980,0.7699,-0.2228,-0.1367,0.1760,0.9749,90.000,nan,nan,nan,0.0000,0.0000,0.0000,nan,nan,nan,-7476.5107,1479.6264,151.7193,-7476.5107,1479.6264,151.7193,12.000,1,nan,nan
19.6360,371.1500,1,-7631.9095,1724.6490,106.9409,nan,nan,nan,0.9075,0.3496,0.2327,0.2880,-0.9214,0.2609,0.3056,-0.1697,-0.9369,0.0000,0.0000,0.0000,145.1678,38.6172,29.2852,-7474.0048,1480.5137,151.9970,nan,nan,nan,-0.5980,0.7699,-0.2228,-0.1367,0.1760,0.9749,90.000,nan,nan,nan,0.0000,0.0000,0.0000,nan,nan,nan,-7474.0048,1480.5137,151.9970,-7474.0048,1480.5137,151.9970,12.000,1,nan,nan
19.6640,371.1834,1,-7627.2350,1726.6826,108.4724,nan,nan,nan,0.8862,0.3787,0.2668,0.3299,-0.9202,0.2106,0.3253,-0.0987,-0.9405,0.0000,0.0000,0.0000,143.4998,48.8198,35.4084,-7468.9034,1482.5793,152.7025,nan,nan,nan,-0.5980,0.7699,-0.2228,-0.1367,0.1760,0.9749,90.000,nan,nan,nan,0.0000,0.0000,0.0000,nan,nan,nan,-7468.9034,1482.5793,152.7025,-7468.9034,1482.5793,152.7025,12.000,1,nan,nan
19.6930,371.2167,1,-7622.6065,1728.8057,109.9948,nan,nan,nan,0.8710,0.3991,0.2865,0.3587,-0.9151,0.1842,0.3357,-0.0577,-0.9402,0.0000,0.0000,0.0000,141.9676,56.4282,40.4648,-7463.6831,1484.8515,153.5627,nan,nan,nan,-0.5980,0.7699,-0.2228,-0.1367,0.1760,0.9749,90.000,nan,nan,nan,0.0000,0.0000,0.0000,nan,nan,nan,-7463.6831,1484.8515,153.5627,-7463.6831,1484.8515,153.5627,12.000,1,nan,nan
19.7210,371.2334,1,-7620.2577,1729.8454,110.7697,nan,nan,nan,0.8754,0.3875,0.2888,0.3477,-0.9201,0.1806,0.3357,-0.0577,-0.9402,0.0000,0.0000,0.0000,141.3460,60.0331,43.6025,-7461.2557,1485.9095,153.9946,nan,nan,nan,-0.5980,0.7699,-0.2228,-0.1367,0.1760,0.9749,90.000,nan,nan,nan,0.0000,0.0000,0.0000,nan,nan,nan,-7461.2557,1485.9095,153.9946,-7461.2557,1485.9095,153.9946,12.000,1,nan,nan
19.7510,371.2667,1,-7615.4647,1731.7532,112.3641,nan,nan,nan,0.8877,0.3533,0.2953,0.3152,-0.9337,0.1698,0.3357,-0.0577,-0.9402,0.0000,0.0000,0.0000,141.0304,60.8702,45.9086,-7456.3782,1488.0076,154.9757,nan,nan,nan,-0.5980,0.7699,-0.2228,-0.1367,0.1760,0.9749,90.000,nan,nan,nan,0.0000,0.0000,0.0000,nan,nan,nan,-7456.3782,1488.0076,154.9757,-7456.3782,1488.0076,154.9757,12.000,1,nan,nan
19.7810,371.3000,1,-7610.6194,1733.4395,113.9907,nan,nan,nan,0.9003,0.3133,0.3022,0.2771,-0.9479,0.1571,0.3357,-0.0577,-0.9402,0.0000,0.0000,0.0000,141.9920,58.9538,46.9410,-7451.5126,1490.0399,156.0539,nan,nan,nan,-0.5980,0.7699,-0.2228,-0.1367,0.1760,0.9749,90.000,nan,nan,nan,0.0000,0.0000,0.0000,nan,nan,nan,-7451.5126,1490.0399,156.0539,-7451.5126,1490.0399,156.0539,12.000,1,nan,nan
19.8090,371.3334,1,-7605.7099,1735.0390,115.6456,nan,nan,nan,0.9054,0.2950,0.3052,0.2597,-0.9538,0.1513,0.3357,-0.0577,-0.9402,0.0000,0.0000,0.0000,143.8703,55.4283,47.9423,-7446.6039,1492.0208,157.2289,nan,nan,nan,-0.5980,0.7699,-0.2228,-0.1367,0.1760,0.9749,90.000,nan,nan,nan,0.0000,0.0000,0.0000,nan,nan,nan,-7446.6039,1492.0208,157.2289,-7446.6039,1492.0208,157.2289,12.000,1,nan,nan
19.8360,371.3500,1,-7603.2374,1735.7966,116.4820,nan,nan,nan,0.9097,0.2788,0.3077,0.2443,-0.9586,0.1461,0.3357,-0.0577,-0.9402,0.0000,0.0000,0.0000,145.7310,51.3385,48.8805,-7444.1409,1492.9947,157.8389,nan,nan,nan,-0.5980,0.7699,-0.2228,-0.1367,0.1760,0.9749,90.000,nan,nan,nan,0.0000,0.0000,0.0000,nan,nan,nan,-7444.1409,1492.9947,157.8389,-7444.1409,1492.9947,157.8389,12.000,1,nan,nan
19.8660,371.3834,1,-7598.2302,1737.2927,118.2382,nan,nan,nan,0.9117,0.2708,0.3089,0.2368,-0.9609,0.1435,0.3357,-0.0577,-0.9402,0.0000,0.0000,0.0000,147.3881,48.0506,50.0393,-7439.1376,1494.8975,159.1586,nan,nan,nan,-0.5980,0.7699,-0.2228,-0.1367,0.1760,0.9749,90.000,nan,nan,nan,0.0000,0.0000,0.0000,nan,nan,nan,-7439.1376,1494.8975,159.1586,-7439.1376,1494.8975,159.1586,12.000,1,nan,nan
19.8940,371.4167,1,-7593.2426,1738.8777,119.5700,nan,nan,nan,0.8971,0.2905,0.3330,0.2843,-0.9563,0.0683,0.3383,0.0334,-0.9404,0.0000,0.0000,0.0000,148.5735,46.7848,48.5018,-7433.8838,1497.1398,160.5440,nan,nan,nan,-0.5980,0.7699,-0.2228,-0.1367,0.1760,0.9749,90.000,nan,nan,nan,0.0000,0.0000,0.0000,nan,nan,nan,-7433.8838,1497.1398,160.5440,-7433.8838,1497.1398,160.5440,12.000,1,nan,nan
19.9210,371.4334,1,-7590.7785,1739.5431,120.3988,nan,nan,nan,0.9160,0.2557,0.3092,0.2826,-0.9582,-0.0445,0.2849,0.1282,-0.9499,0.0000,0.0000,0.0000,148.9228,44.9201,48.2105,-7431.5490,1498.2988,161.1820,nan,nan,nan,-0.5980,0.7699,-0.2228,-0.1367,0.1760,0.9749,90.000,nan,nan,nan,0.0000,0.0000,0.0000,nan,nan,nan,-7431.5490,1498.2988,161.1820,-7431.5490,1498.2988,161.1820,12.000,1,nan,nan
19.9510,371.4667,1,-7586.4517,1741.5823,122.6126,nan,nan,nan,0.8334,0.3915,0.3901,0.4901,-0.8498,-0.1941,0.2555,0.3529,-0.9001,0.0000,0.0000,0.0000,145.2833,47.6911,51.3985,-7426.0397,1501.9041,163.0949,nan,nan,nan,-0.5980,0.7699,-0.2228,-0.1367,0.1760,0.9749,90.000,nan,nan,nan,0.0000,0.0000,0.0000,nan,nan,nan,-7426.0397,1501.9041,163.0949,-7426.0397,1501.9041,163.0949,12.000,1,nan,nan
19.9790,371.5000,1,-7582.0298,1743.4720,124.7784,nan,nan,nan,0.8390,0.3573,0.4103,0.4878,-0.8280,-0.2764,0.2410,0.4321,-0.8690,0.0000,0.0000,0.0000,141.0437,50.6066,54.4933,-7421.3672,1505.0890,164.9410,nan,nan,nan,-0.5980,0.7699,-0.2228,-0.1367,0.1760,0.9749,90.000,nan,nan,nan,0.0000,0.0000,0.0000,nan,nan,nan,-7421.3672,1505.0890,164.9410,-7421.3672,1505.0890,164.9410,12.000,1,nan,nan
20.0080,371.5167,1,-7579.7866,1744.3404,125.8322,nan,nan,nan,0.8542,0.3307,0.4013,0.4607,-0.8390,-0.2894,0.2410,0.4321,-0.8690,0.0000,0.0000,0.0000,137.1883,52.1002,59.7674,-7419.2856,1506.4546,165.7769,nan,nan,nan,-0.5980,0.7699,-0.2228,-0.1367,0.1760,0.9749,90.000,nan,nan,nan,0.0000,0.0000,0.0000,nan,nan,nan,-7419.2856,1506.4546,165.7769,-7419.2856,1506.4546,165.7769,12.000,1,nan,nan
20.0360,371.5500,1,-7575.3118,1746.0433,127.9198,nan,nan,nan,0.8567,0.3260,0.3997,0.4560,-0.8408,-0.2916,0.2410,0.4321,-0.8690,0.0000,0.0000,0.0000,133.6967,54.6310,63.4022,-7415.0829,1509.0279,167.5080,nan,nan,nan,-0.5980,0.7699,-0.2228,-0.1367,0.1760,0.9749,90.000,nan,nan,nan,0.0000,0.0000,0.0000,nan,nan,nan,-7415.0829,1509.0279,167.5080,-7415.0829,1509.0279,167.5080,12.000,1,nan,nan
20.0640,371.5834,1,-7570.9075,1747.7524,129.9909,nan,nan,nan,0.8538,0.3313,0.4015,0.4614,-0.8388,-0.2891,0.2410,0.4321,-0.8690,0.0000,0.0000,0.0000,133.4634,53.1567,63.2734,-7410.8861,1511.4517,169.2746,nan,nan,nan,-0.5980,0.7699,-0.2228,-0.1367,0.1760,0.9749,90.000,nan,nan,nan,0.0000,0.0000,0.0000,nan,nan,nan,-7410.8861,1511.4517,169.2746,-7410.8861,1511.4517,169.2746,12.000,1,nan,nan
20.0920,371.6167,1,-7566.7408,1749.5058,132.0452,nan,nan,nan,0.8403,0.3552,0.4096,0.4856,-0.8290,-0.2775,0.2410,0.4321,-0.8690,0.0000,0.0000,0.0000,131.8853,52.0437,62.5782,-7406.7951,1513.7203,171.0400,nan,nan,nan,-0.5980,0.7699,-0.2228,-0.1367,0.1760,0.9749,90.000,nan,nan,nan,0.0000,0.0000,0.0000,nan,nan,nan,-7406.7951,1513.7203,171.0400,-7406.7951,1513.7203,171.0400,12.000,1,nan,nan
20.1200,371.6334,1,-7564.7275,1750.4423,133.1203,nan,nan,nan,0.8172,0.3813,0.4321,0.5320,-0.7874,-0.3113,0.2216,0.4843,-0.8464,0.0000,0.0000,0.0000,128.8115,52.6397,62.6951,-7404.8000,1514.9098,171.9646,nan,nan,nan,-0.5980,0.7699,-0.2228,-0.1367,0.1760,0.9749,90.000,nan,nan,nan,0.0000,0.0000,0.0000,nan,nan,nan,-7404.8000,1514.9098,171.9646,-7404.8000,1514.9098,171.9646,12.000,1,nan,nan
20.1490,371.6667,1,-7560.8181,1752.2144,135.2570,nan,nan,nan,0.8174,0.3744,0.4378,0.5365,-0.7715,-0.3420,0.2097,0.5144,-0.8315,0.0000,0.0000,0.0000,124.8043,53.1741,63.0131,-7400.8516,1517.2903,173.8993,nan,nan,nan,-0.5980,0.7699,-0.2228,-0.1367,0.1760,0.9749,90.000,nan,nan,nan,0.0000,0.0000,0.0000,nan,nan,nan,-7400.8516,1517.2903,173.8993,-7400.8516,1517.2903,173.8993,12.000,1,nan,nan
20.1780,371.7000,1,-7557.9919,1750.2379,132.9072,nan,nan,nan,0.9903,0.0909,0.1052,0.1368,-0.7717,-0.6211,0.0247,0.6294,-0.7767,0.0000,0.0000,0.0000,114.5345,31.1671,36.5510,-7397.0853,1519.7018,175.6083,nan,nan,nan,-0.5980,0.7699,-0.2228,-0.1367,0.1760,0.9749,90.000,nan,nan,nan,0.0000,0.0000,0.0000,nan,nan,nan,-7397.0853,1519.7018,175.6083,-7397.0853,1519.7018,175.6083,12.000,1,nan,nan
20.2050,371.7167,1,-7556.3908,1749.7752,132.4797,nan,nan,nan,0.9954,-0.0674,-0.0676,-0.0955,-0.7100,-0.6977,-0.0010,0.7009,-0.7132,0.0000,0.0000,0.0000,106.6946,10.6933,13.8029,-7395.4616,1520.7634,176.3732,nan,nan,nan,-0.5980,0.7699,-0.2228,-0.1367,0.1760,0.9749,90.000,nan,nan,nan,0.0000,0.0000,0.0000,nan,nan,nan,-7395.4616,1520.7634,176.3732,-7395.4616,1520.7634,176.3732,12.000,1,nan,nan
20.2350,371.7500,1,-7552.8873,1749.1523,132.4729,nan,nan,nan,0.9896,-0.1388,-0.0379,-0.1196,-0.6477,-0.7524,0.0799,0.7491,-0.6576,0.0000,0.0000,0.0000,101.9872,-8.3774,-3.6892,-7391.5747,1522.8090,177.9889,nan,nan,nan,-0.5980,0.7699,-0.2228,-0.1367,0.1760,0.9749,90.000,nan,nan,nan,0.0000,0.0000,0.0000,nan,nan,nan,-7391.5747,1522.8090,177.9889,-7391.5747,1522.8090,177.9889,12.000,1,nan,nan
20.2610,371.7834,1,-7549.1851,1748.5550,133.0418,nan,nan,nan,0.9899,-0.0997,0.1005,0.0123,-0.6465,-0.7628,0.1411,0.7564,-0.6388,0.0000,0.0000,0.0000,99.8029,-26.4078,-16.5940,-7387.5260,1524.4389,179.4906,nan,nan,nan,-0.5980,0.7699,-0.2228,-0.1367,0.1760,0.9749,90.000,nan,nan,nan,0.0000,0.0000,0.0000,nan,nan,nan,-7387.5260,1524.4389,179.4906,-7387.5260,1524.4389,179.4906,12.000,1,nan,nan
20.2890,371.8000,1,-7547.6263,1748.5099,134.1278,nan,nan,nan,0.9430,-0.0188,0.3321,0.2474,-0.6279,-0.7379,0.2224,0.7781,-0.5875,0.0000,0.0000,0.0000,101.1143,-18.6963,7.9560,-7385.5863,1525.1469,180.2860,nan,nan,nan,-0.5980,0.7699,-0.2228,-0.1367,0.1760,0.9749,90.000,nan,nan,nan,0.0000,0.0000,0.0000,nan,nan,nan,-7385.5863,1525.1469,180.2860,-7385.5863,1525.1469,180.2860,12.000,1,nan,nan
20.3180,371.8334,1,-7545.1394,1748.3814,136.5515,nan,nan,nan,0.7401,0.0099,0.6724,0.5418,-0.6011,-0.5875,0.3983,0.7991,-0.4502,0.0000,0.0000,0.0000,97.0838,-12.3730,32.5383,-7381.2757,1526.4260,182.4730,nan,nan,nan,-0.5980,0.7699,-0.2228,-0.1367,0.1760,0.9749,90.000,nan,nan,nan,0.0000,0.0000,0.0000,nan,nan,nan,-7381.2757,1526.4260,182.4730,-7381.2757,1526.4260,182.4730,12.000,1,nan,nan
20.3450,371.8667,1,-7542.5042,1748.0110,138.7000,nan,nan,nan,0.7706,-0.1084,0.6281,0.4569,-0.5930,-0.6630,0.4443,0.7978,-0.4074,0.0000,0.0000,0.0000,91.0680,-9.5933,50.3867,-7376.9936,1527.4670,184.8353,nan,nan,nan,-0.5980,0.7699,-0.2228,-0.1367,0.1760,0.9749,90.000,nan,nan,nan,0.0000,0.0000,0.0000,nan,nan,nan,-7376.9936,1527.4670,184.8353,-7376.9936,1527.4670,184.8353,12.000,1,nan,nan
20.3740,371.8834,1,-7541.1877,1747.7951,139.7131,nan,nan,nan,0.7859,-0.1289,0.6047,0.4300,-0.5889,-0.6843,0.4443,0.7978,-0.4074,0.0000,0.0000,0.0000,83.4504,-8.0442,62.6991,-7375.0104,1527.9050,185.9531,nan,nan,nan,-0.5980,0.7699,-0.2228,-0.1367,0.1760,0.9749,90.000,nan,nan,nan,0.0000,0.0000,0.0000,nan,nan,nan,-7375.0104,1527.9050,185.9531,-7375.0104,1527.9050,185.9531,12.000,1,nan,nan
20.4030,371.9167,1,-7538.4610,1747.4686,141.5155,nan,nan,nan,0.8025,-0.1524,0.5768,0.3981,-0.5833,-0.7080,0.4443,0.7978,-0.4074,0.0000,0.0000,0.0000,79.5813,-9.1523,62.9440,-7370.8975,1528.6597,188.3150,nan,nan,nan,-0.5980,0.7699,-0.2228,-0.1367,0.1760,0.9749,90.000,nan,nan,nan,0.0000,0.0000,0.0000,nan,nan,nan,-7370.8975,1528.6597,188.3150,-7370.8975,1528.6597,188.3150,12.000,1,nan,nan
20.4320,371.9500,1,-7535.6439,1745.6809,141.6187,nan,nan,nan,0.8968,-0.3990,0.1913,-0.0937,-0.5936,-0.7993,0.4325,0.6988,-0.5697,0.0000,0.0000,0.0000,80.7886,-19.3283,49.0703,-7367.1543,1528.6655,189.7221,nan,nan,nan,-0.5980,0.7699,-0.2228,-0.1367,0.1760,0.9749,90.000,nan,nan,nan,0.0000,0.0000,0.0000,nan,nan,nan,-7367.1543,1528.6655,189.7221,-7367.1543,1528.6655,189.7221,12.000,1,nan,nan
20.4590,371.9834,1,-7532.6497,1745.5361,143.0527,nan,nan,nan,0.8677,-0.2195,0.4461,0.2299,-0.6183,-0.7516,0.4408,0.7547,-0.4860,0.0000,0.0000,0.0000,83.1843,-20.0101,42.0080,-7363.5009,1528.8266,191.4043,nan,nan,nan,-0.5980,0.7699,-0.2228,-0.1367,0.1760,0.9749,90.000,nan,nan,nan,0.0000,0.0000,0.0000,nan,nan,nan,-7363.5009,1528.8266,191.4043,-7363.5009,1528.8266,191.4043,12.000,1,nan,nan
20.4880,372.0000,1,-7531.3138,1744.4771,143.0943,nan,nan,nan,0.8872,-0.2696,0.3745,0.1416,-0.6134,-0.7770,0.4392,0.7423,-0.5060,0.0000,0.0000,0.0000,83.8953,-30.2638,28.9386,-7361.9039,1528.7901,192.0644,nan,nan,nan,-0.5980,0.7699,-0.2228,-0.1367,0.1760,0.9749,90.000,nan,nan,nan,0.0000,0.0000,0.0000,nan,nan,nan,-7361.9039,1528.7901,192.0644,-7361.9039,1528.7901,192.0644,12.000,1,nan,nan
20.5150,372.0334,1,-7528.6285,1742.3989,142.8425,nan,nan,nan,0.8982,-0.3870,0.2086,-0.0637,-0.5840,-0.8092,0.4350,0.7136,-0.5492,0.0000,0.0000,0.0000,83.7895,-42.8249,13.9997,-7358.5363,1528.3047,193.1114,nan,nan,nan,-0.5980,0.7699,-0.2228,-0.1367,0.1760,0.9749,90.000,nan,nan,nan,0.0000,0.0000,0.0000,nan,nan,nan,-7358.5363,1528.3047,193.1114,-7358.5363,1528.3047,193.1114,12.000,1,nan,nan
20.5440,372.0667,1,-7525.5685,1741.7163,144.1828,nan,nan,nan,0.8983,-0.3751,0.2290,-0.0220,-0.5588,-0.8290,0.4389,0.7397,-0.5102,0.0000,0.0000,0.0000,85.2256,-38.7065,18.4339,-7355.2024,1527.8702,194.3284,nan,nan,nan,-0.5980,0.7699,-0.2228,-0.1367,0.1760,0.9749,90.000,nan,nan,nan,0.0000,0.0000,0.0000,nan,nan,nan,-7355.2024,1527.8702,194.3284,-7355.2024,1527.8702,194.3284,12.000,1,nan,nan
20.5740,372.0834,1,-7524.2988,1740.5903,144.0228,nan,nan,nan,0.8978,-0.3877,0.2088,-0.0537,-0.5670,-0.8220,0.4370,0.7268,-0.5298,0.0000,0.0000,0.0000,82.7849,-50.5269,8.7973,-7353.7340,1527.5846,194.7871,nan,nan,nan,-0.5980,0.7699,-0.2228,-0.1367,0.1760,0.9749,90.000,nan,nan,nan,0.0000,0.0000,0.0000,nan,nan,nan,-7353.7340,1527.5846,194.7871,-7353.7340,1527.5846,194.7871,12.000,1,nan,nan
20.6010,372.1167,1,-7521.1833,1739.8287,145.2013,nan,nan,nan,0.8977,-0.3762,0.2294,-0.0119,-0.5411,-0.8409,0.4405,0.7521,-0.4902,0.0000,0.0000,0.0000,84.9586,-44.7526,13.4415,-7350.4700,1527.0069,195.9601,nan,nan,nan,-0.5980,0.7699,-0.2228,-0.1367,0.1760,0.9749,90.000,nan,nan,nan,0.0000,0.0000,0.0000,nan,nan,nan,-7350.4700,1527.0069,195.9601,-7350.4700,1527.0069,195.9601,12.000,1,nan,nan
20.6290,372.1500,1,-7518.6363,1737.6135,144.9854,nan,nan,nan,0.8929,-0.4052,0.1964,-0.0716,-0.5585,-0.8264,0.4445,0.7238,-0.5277,0.0000,0.0000,0.0000,84.5638,-44.4193,14.5858,-7347.3269,1526.0891,196.7915,nan,nan,nan,-0.5980,0.7699,-0.2228,-0.1367,0.1760,0.9749,90.000,nan,nan,nan,0.0000,0.0000,0.0000,nan,nan,nan,-7347.3269,1526.0891,196.7915,-7347.3269,1526.0891,196.7915,12.000,1,nan,nan
20.6580,372.1667,1,-7517.3192,1736.7463,145.6096,nan,nan,nan,0.8837,-0.4144,0.2175,-0.0572,-0.5569,-0.8286,0.4645,0.7198,-0.5158,0.0000,0.0000,0.0000,81.9299,-50.6640,14.2629,-7345.8848,1525.6336,197.2044,nan,nan,nan,-0.5980,0.7699,-0.2228,-0.1367,0.1760,0.9749,90.000,nan,nan,nan,0.0000,0.0000,0.0000,nan,nan,nan,-7345.8848,1525.6336,197.2044,-7345.8848,1525.6336,197.2044,12.000,1,nan,nan
20.6870,372.2000,1,-7515.0187,1734.4455,146.7780,nan,nan,nan,0.8593,-0.4608,0.2218,-0.0763,-0.5443,-0.8354,0.5057,0.7010,-0.5029,0.0000,0.0000,0.0000,79.9689,-52.2048,23.1285,-7342.6668,1524.3502,198.2098,nan,nan,nan,-0.5980,0.7699,-0.2228,-0.1367,0.1760,0.9749,90.000,nan,nan,nan,0.0000,0.0000,0.0000,nan,nan,nan,-7342.6668,1524.3502,198.2098,-7342.6668,1524.3502,198.2098,12.000,1,nan,nan
20.7130,372.2334,1,-7513.2325,1731.6981,147.9618,nan,nan,nan,0.8310,-0.5145,0.2113,-0.1142,-0.5296,-0.8405,0.5444,0.6743,-0.4989,0.0000,0.0000,0.0000,71.6009,-64.4275,24.9334,-7339.5448,1522.7477,199.2585,nan,nan,nan,-0.5980,0.7699,-0.2228,-0.1367,0.1760,0.9749,90.000,nan,nan,nan,0.0000,0.0000,0.0000,nan,nan,nan,-7339.5448,1522.7477,199.2585,-7339.5448,1522.7477,199.2585,12.000,1,nan,nan
20.7430,372.2667,1,-7512.0554,1728.3790,148.7630,nan,nan,nan,0.7971,-0.5815,0.1627,-0.1954,-0.5033,-0.8417,0.5713,0.6391,-0.5149,0.0000,0.0000,0.0000,61.7081,-73.4953,31.3972,-7336.6484,1520.7643,200.2165,nan,nan,nan,-0.5980,0.7699,-0.2228,-0.1367,0.1760,0.9749,90.000,nan,nan,nan,0.0000,0.0000,0.0000,nan,nan,nan,-7336.6484,1520.7643,200.2165,-7336.6484,1520.7643,200.2165,12.000,1,nan,nan
20.7710,372.2834,1,-7511.7823,1726.6219,149.1803,nan,nan,nan,0.7479,-0.6608,0.0637,-0.3098,-0.4323,-0.8469,0.5871,0.6136,-0.5280,0.0000,0.0000,0.0000,47.2010,-85.9875,30.2073,-7335.4035,1519.7669,200.6253,nan,nan,nan,-0.5980,0.7699,-0.2228,-0.1367,0.1760,0.9749,90.000,nan,nan,nan,0.0000,0.0000,0.0000,nan,nan,nan,-7335.4035,1519.7669,200.6253,-7335.4035,1519.7669,200.6253,12.000,1,nan,nan
20.7960,372.3167,1,-7511.1962,1723.1312,149.8636,nan,nan,nan,0.5265,-0.8391,-0.1368,-0.5558,-0.2179,-0.8022,0.6434,0.4984,-0.5811,0.0000,0.0000,0.0000,34.0133,-95.6255,27.0587,-7332.7645,1516.9441,201.3410,nan,nan,nan,-0.5980,0.7699,-0.2228,-0.1367,0.1760,0.9749,90.000,nan,nan,nan,0.0000,0.0000,0.0000,nan,nan,nan,-7332.7645,1516.9441,201.3410,-7332.7645,1516.9441,201.3410,12.000,1,nan,nan
20.8260,372.3500,1,-7510.2846,1720.0799,151.5846,nan,nan,nan,0.6020,-0.7315,0.3202,-0.2348,-0.5454,-0.8046,0.7632,0.4092,-0.5001,0.0000,0.0000,0.0000,26.1284,-99.3771,29.6520,-7329.9649,1513.7379,202.4991,nan,nan,nan,-0.5980,0.7699,-0.2228,-0.1367,0.1760,0.9749,90.000,nan,nan,nan,0.0000,0.0000,0.0000,nan,nan,nan,-7329.9649,1513.7379,202.4991,-7329.9649,1513.7379,202.4991,12.000,1,nan,nan
20.8520,372.3667,1,-7509.8168,1718.5431,152.3571,nan,nan,nan,0.5225,-0.7870,0.3281,-0.2376,-0.5039,-0.8305,0.8189,0.3559,-0.4502,0.0000,0.0000,0.0000,23.1026,-98.6548,34.6330,-7328.6746,1512.1962,203.1233,nan,nan,nan,-0.5980,0.7699,-0.2228,-0.1367,0.1760,0.9749,90.000,nan,nan,nan,0.0000,0.0000,0.0000,nan,nan,nan,-7328.6746,1512.1962,203.1233,-7328.6746,1512.1962,203.1233,12.000,1,nan,nan
20.8820,372.4000,1,-7509.1095,1715.1374,153.2017,nan,nan,nan,0.3191,-0.9338,0.1619,-0.4663,-0.3034,-0.8310,0.8251,0.1896,-0.5322,0.0000,0.0000,0.0000,23.4645,-97.8590,35.6900,-7326.1055,1508.1738,204.1671,nan,nan,nan,-0.5980,0.7699,-0.2228,-0.1367,0.1760,0.9749,90.000,nan,nan,nan,0.0000,0.0000,0.0000,nan,nan,nan,-7326.1055,1508.1738,204.1671,-7326.1055,1508.1738,204.1671,12.000,1,nan,nan
20.9100,372.4334,1,-7508.0651,1712.0421,154.7777,nan,nan,nan,0.3771,-0.8383,0.3938,-0.3103,-0.5150,-0.7991,0.8726,0.1792,-0.4543,0.0000,0.0000,0.0000,26.2863,-95.3275,41.2579,-7323.6377,1504.2801,205.5547,nan,nan,nan,-0.5980,0.7699,-0.2228,-0.1367,0.1760,0.9749,90.000,nan,nan,nan,0.0000,0.0000,0.0000,nan,nan,nan,-7323.6377,1504.2801,205.5547,-7323.6377,1504.2801,205.5547,12.000,1,nan,nan
20.9390,372.4500,1,-7507.7645,1710.3015,155.2038,nan,nan,nan,0.3518,-0.8678,0.3510,-0.3507,-0.4699,-0.8101,0.8679,0.1619,-0.4696,0.0000,0.0000,0.0000,24.9895,-97.4002,37.1591,-7322.6134,1502.5212,206.1309,nan,nan,nan,-0.5980,0.7699,-0.2228,-0.1367,0.1760,0.9749,90.000,nan,nan,nan,0.0000,0.0000,0.0000,nan,nan,nan,-7322.6134,1502.5212,206.1309,-7322.6134,1502.5212,206.1309,12.000,1,nan,nan
20.9660,372.4834,1,-7507.1820,1706.8924,155.7716,nan,nan,nan,0.3290,-0.8809,0.3404,-0.3967,-0.4560,-0.7967,0.8570,0.1271,-0.4994,0.0000,0.0000,0.0000,22.6106,-99.8277,30.4759,-7320.6492,1498.5780,207.1977,nan,nan,nan,-0.5980,0.7699,-0.2228,-0.1367,0.1760,0.9749,90.000,nan,nan,nan,0.0000,0.0000,0.0000,nan,nan,nan,-7320.6492,1498.5780,207.1977,-7320.6492,1498.5780,207.1977,12.000,1,nan,nan
20.9950,372.5167,1,-7506.4955,1703.6526,156.8584,nan,nan,nan,0.3049,-0.8937,0.3292,-0.3662,-0.4291,-0.8257,0.8792,0.1312,-0.4580,0.0000,0.0000,0.0000,22.0105,-99.3183,30.5920,-7318.8328,1494.7866,208.3962,nan,nan,nan,-0.5980,0.7699,-0.2228,-0.1367,0.1760,0.9749,90.000,nan,nan,nan,0.0000,0.0000,0.0000,nan,nan,nan,-7318.8328,1494.7866,208.3962,-7318.8328,1494.7866,208.3962,12.000,1,nan,nan
21.0230,372.5334,1,-7506.4104,1701.9523,157.2682,nan,nan,nan,0.2760,-0.9109,0.3067,-0.3629,-0.3943,-0.8443,0.8900,0.1217,-0.4394,0.0000,0.0000,0.0000,16.6449,-101.0478,26.0766,-7318.0626,1493.0780,208.9511,nan,nan,nan,-0.5980,0.7699,-0.2228,-0.1367,0.1760,0.9749,90.000,nan,nan,nan,0.0000,0.0000,0.0000,nan,nan,nan,-7318.0626,1493.0780,208.9511,-7318.0626,1493.0780,208.9511,12.000,1,nan,nan
21.0510,372.5667,1,-7506.8324,1698.5712,158.0913,nan,nan,nan,0.2271,-0.9247,0.3055,-0.3559,-0.3708,-0.8578,0.9065,0.0861,-0.4133,0.0000,0.0000,0.0000,9.4315,-100.7932,24.9988,-7316.6374,1489.2183,210.2072,nan,nan,nan,-0.5980,0.7699,-0.2228,-0.1367,0.1760,0.9749,90.000,nan,nan,nan,0.0000,0.0000,0.0000,nan,nan,nan,-7316.6374,1489.2183,210.2072,-7316.6374,1489.2183,210.2072,12.000,1,nan,nan
21.0790,372.6000,1,-7508.0174,1695.3791,158.8831,nan,nan,nan,0.0943,-0.9853,0.1427,-0.3922,-0.1686,-0.9043,0.9150,0.0293,-0.4023,0.0000,0.0000,0.0000,-2.6160,-99.4402,26.1275,-7315.6115,1485.2926,211.4205,nan,nan,nan,-0.5980,0.7699,-0.2228,-0.1367,0.1760,0.9749,90.000,nan,nan,nan,0.0000,0.0000,0.0000,nan,nan,nan,-7315.6115,1485.2926,211.4205,-7315.6115,1485.2926,211.4205,12.000,1,nan,nan
21.1080,372.6167,1,-7508.8440,1693.8854,159.2260,nan,nan,nan,-0.0392,-0.9992,-0.0085,-0.4077,0.0237,-0.9128,0.9123,-0.0323,-0.4083,0.0000,0.0000,0.0000,-19.0638,-97.6546,23.9473,-7315.2582,1483.4535,211.9393,nan,nan,nan,-0.5980,0.7699,-0.2228,-0.1367,0.1760,0.9749,90.000,nan,nan,nan,0.0000,0.0000,0.0000,nan,nan,nan,-7315.2582,1483.4535,211.9393,-7315.2582,1483.4535,211.9393,12.000,1,nan,nan
21.1360,372.6500,1,-7510.8258,1691.0144,160.3090,nan,nan,nan,-0.2316,-0.9644,0.1277,-0.4548,-0.0087,-0.8905,0.8599,-0.2644,-0.4366,0.0000,0.0000,0.0000,-35.2646,-94.1205,25.0919,-7315.0858,1478.6903,213.0170,nan,nan,nan,-0.5980,0.7699,-0.2228,-0.1367,0.1760,0.9749,90.000,nan,nan,nan,0.0000,0.0000,0.0000,nan,nan,nan,-7315.0858,1478.6903,213.0170,-7315.0858,1478.6903,213.0170,12.000,1,nan,nan
21.1640,372.6834,1,-7512.9311,1688.2778,161.5339,nan,nan,nan,-0.4199,-0.8764,0.2359,-0.5268,0.0237,-0.8497,0.7390,-0.4811,-0.4716,0.0000,0.0000,0.0000,-48.6045,-89.5464,27.7315,-7315.6613,1473.8123,213.9517,nan,nan,nan,-0.5980,0.7699,-0.2228,-0.1367,0.1760,0.9749,90.000,nan,nan,nan,0.0000,0.0000,0.0000,nan,nan,nan,-7315.6613,1473.8123,213.9517,-7315.6613,1473.8123,213.9517,12.000,1,nan,nan
21.1920,372.7167,1,-7514.2290,1686.0237,163.0730,nan,nan,nan,-0.4201,-0.7445,0.5188,-0.6978,-0.1004,-0.7092,0.5801,-0.6600,-0.4774,0.0000,0.0000,0.0000,-51.9499,-83.0035,32.7432,-7316.7908,1469.0372,214.9123,nan,nan,nan,-0.5980,0.7699,-0.2228,-0.1367,0.1760,0.9749,90.000,nan,nan,nan,0.0000,0.0000,0.0000,nan,nan,nan,-7316.7908,1469.0372,214.9123,-7316.7908,1469.0372,214.9123,12.000,1,nan,nan
21.2200,372.7334,1,-7514.6900,1684.9600,163.9834,nan,nan,nan,-0.3128,-0.7216,0.6176,-0.7521,-0.2090,-0.6251,0.5801,-0.6600,-0.4774,0.0000,0.0000,0.0000,-48.2323,-76.5354,40.5549,-7317.3639,1466.6878,215.4430,nan,nan,nan,-0.5980,0.7699,-0.2228,-0.1367,0.1760,0.9749,90.000,nan,nan,nan,0.0000,0.0000,0.0000,nan,nan,nan,-7317.3639,1466.6878,215.4430,-7317.3639,1466.6878,215.4430,12.000,1,nan,nan
21.2480,372.7667,1,-7515.5366,1682.8058,165.9329,nan,nan,nan,-0.2798,-0.7119,0.6442,-0.7650,-0.2402,-0.5976,0.5801,-0.6600,-0.4774,0.0000,0.0000,0.0000,-40.6776,-70.9409,47.3160,-7318.5575,1462.0146,216.7422,nan,nan,nan,-0.5980,0.7699,-0.2228,-0.1367,0.1760,0.9749,90.000,nan,nan,nan,0.0000,0.0000,0.0000,nan,nan,nan,-7318.5575,1462.0146,216.7422,-7318.5575,1462.0146,216.7422,12.000,1,nan,nan
21.2770,372.8000,1,-7516.3751,1680.6269,167.9262,nan,nan,nan,-0.2731,-0.7098,0.6493,-0.7674,-0.2463,-0.5920,0.5801,-0.6600,-0.4774,0.0000,0.0000,0.0000,-31.5660,-66.4756,53.2788,-7319.6746,1457.8217,218.1356,nan,nan,nan,-0.5980,0.7699,-0.2228,-0.1367,0.1760,0.9749,90.000,nan,nan,nan,0.0000,0.0000,0.0000,nan,nan,nan,-7319.6746,1457.8217,218.1356,-7319.6746,1457.8217,218.1356,12.000,1,nan,nan
21.3060,372.8167,1,-7516.7912,1679.4949,168.9857,nan,nan,nan,-0.2592,-0.7052,0.6600,-0.7722,-0.2591,-0.5801,0.5801,-0.6600,-0.4774,0.0000,0.0000,0.0000,-26.9491,-65.6426,57.9505,-7320.1640,1456.0192,218.7893,nan,nan,nan,-0.5980,0.7699,-0.2228,-0.1367,0.1760,0.9749,90.000,nan,nan,nan,0.0000,0.0000,0.0000,nan,nan,nan,-7320.1640,1456.0192,218.7893,-7320.1640,1456.0192,218.7893,12.000,1,nan,nan
21.3350,372.8500,1,-7517.5177,1677.2561,171.5604,nan,nan,nan,-0.1797,-0.6753,0.7153,-0.7945,-0.3292,-0.5104,0.5801,-0.6600,-0.4774,0.0000,0.0000,0.0000,-24.8522,-66.1439,63.4092,-7321.1901,1452.3110,220.4194,nan,nan,nan,-0.5980,0.7699,-0.2228,-0.1367,0.1760,0.9749,90.000,nan,nan,nan,0.0000,0.0000,0.0000,nan,nan,nan,-7321.1901,1452.3110,220.4194,-7321.1901,1452.3110,220.4194,12.000,1,nan,nan
21.3630,372.8834,1,-7518.6232,1675.4232,174.5339,nan,nan,nan,-0.2586,-0.5629,0.7850,-0.8024,-0.3273,-0.4990,0.5378,-0.7590,-0.3670,0.0000,0.0000,0.0000,-25.9863,-64.3167,70.6452,-7322.3826,1448.5328,222.6553,nan,nan,nan,-0.5980,0.7699,-0.2228,-0.1367,0.1760,0.9749,90.000,nan,nan,nan,0.0000,0.0000,0.0000,nan,nan,nan,-7322.3826,1448.5328,222.6553,-7322.3826,1448.5328,222.6553,12.000,1,nan,nan
21.3910,372.9167,1,-7519.6997,1673.6109,177.4646,nan,nan,nan,-0.3082,-0.4855,0.8181,-0.8067,-0.3225,-0.4953,0.5043,-0.8126,-0.2922,0.0000,0.0000,0.0000,-27.6411,-61.7517,77.7161,-7323.6715,1444.8860,225.2614,nan,nan,nan,-0.5980,0.7699,-0.2228,-0.1367,0.1760,0.9749,90.000,nan,nan,nan,0.0000,0.0000,0.0000,nan,nan,nan,-7323.6715,1444.8860,225.2614,-7323.6715,1444.8860,225.2614,12.000,1,nan,nan
21.4210,372.9334,1,-7519.5968,1672.3927,178.8297,nan,nan,nan,-0.1575,-0.4768,0.8648,-0.8137,-0.4336,-0.3872,0.5596,-0.7646,-0.3197,0.0000,0.0000,0.0000,-21.7438,-62.2722,82.7986,-7324.0961,1443.3917,226.3796,nan,nan,nan,-0.5980,0.7699,-0.2228,-0.1367,0.1760,0.9749,90.000,nan,nan,nan,0.0000,0.0000,0.0000,nan,nan,nan,-7324.0961,1443.3917,226.3796,-7324.0961,1443.3917,226.3796,12.000,1,nan,nan
21.4490,372.9667,1,-7519.0358,1670.3966,181.7888,nan,nan,nan,0.0388,-0.4600,0.8870,-0.7506,-0.5994,-0.2780,0.6596,-0.6550,-0.3686,0.0000,0.0000,0.0000,-12.8396,-60.9207,86.1212,-7324.4652,1440.7014,228.7281,nan,nan,nan,-0.5980,0.7699,-0.2228,-0.1367,0.1760,0.9749,90.000,nan,nan,nan,0.0000,0.0000,0.0000,nan,nan,nan,-7324.4652,1440.7014,228.7281,-7324.4652,1440.7014,228.7281,12.000,1,nan,nan
21.4770,373.0000,1,-7517.1675,1668.7403,184.5398,nan,nan,nan,0.2690,-0.3225,0.9075,-0.6123,-0.7846,-0.0974,0.7435,-0.5295,-0.4085,0.0000,0.0000,0.0000,6.7841,-59.5906,85.4501,-7324.2234,1438.6273,230.9530,nan,nan,nan,-0.5980,0.7699,-0.2228,-0.1367,0.1760,0.9749,90.000,nan,nan,nan,0.0000,0.0000,0.0000,nan,nan,nan,-7324.2234,1438.6273,230.9530,-7324.2234,1438.6273,230.9530,12.000,1,nan,nan
21.5060,373.0167,1,-7515.9282,1668.1550,185.9748,nan,nan,nan,0.3834,-0.2485,0.8895,-0.5013,-0.8649,-0.0255,0.7757,-0.4362,-0.4562,0.0000,0.0000,0.0000,32.0394,-55.4744,84.9523,-7323.9540,1437.7763,232.0213,nan,nan,nan,-0.5980,0.7699,-0.2228,-0.1367,0.1760,0.9749,90.000,nan,nan,nan,0.0000,0.0000,0.0000,nan,nan,nan,-7323.9540,1437.7763,232.0213,-7323.9540,1437.7763,232.0213,12.000,1,nan,nan
21.5340,373.0500,1,-7513.4496,1666.9844,188.8448,nan,nan,nan,0.4710,-0.2773,0.8374,-0.3451,-0.9316,-0.1144,0.8118,-0.2351,-0.5345,0.0000,0.0000,0.0000,50.7266,-47.0564,85.6907,-7322.9015,1436.6713,234.2444,nan,nan,nan,-0.5980,0.7699,-0.2228,-0.1367,0.1760,0.9749,90.000,nan,nan,nan,0.0000,0.0000,0.0000,nan,nan,nan,-7322.9015,1436.6713,234.2444,-7322.9015,1436.6713,234.2444,12.000,1,nan,nan
21.5630,373.0834,1,-7510.9597,1665.7582,191.7154,nan,nan,nan,0.5581,-0.3022,0.7727,-0.1882,-0.9531,-0.2368,0.8081,-0.0133,-0.5889,0.0000,0.0000,0.0000,66.0378,-40.7531,85.3074,-7321.5744,1436.2932,236.4611,nan,nan,nan,-0.5980,0.7699,-0.2228,-0.1367,0.1760,0.9749,90.000,nan,nan,nan,0.0000,0.0000,0.0000,nan,nan,nan,-7321.5744,1436.2932,236.4611,-7321.5744,1436.2932,236.4611,12.000,1,nan,nan
21.5900,373.1000,1,-7509.7117,1665.0820,193.1386,nan,nan,nan,0.6060,-0.3354,0.7213,-0.1193,-0.9348,-0.3345,0.7865,0.1166,-0.6065,0.0000,0.0000,0.0000,72.8654,-37.6696,85.8039,-7320.9266,1436.3080,237.5163,nan,nan,nan,-0.5980,0.7699,-0.2228,-0.1367,0.1760,0.9749,90.000,nan,nan,nan,0.0000,0.0000,0.0000,nan,nan,nan,-7320.9266,1436.3080,237.5163,-7320.9266,1436.3080,237.5163,12.000,1,nan,nan
21.6190,373.1334,1,-7507.2142,1663.6975,195.9791,nan,nan,nan,0.6201,-0.3434,0.7054,-0.1016,-0.9267,-0.3619,0.7779,0.1528,-0.6095,0.0000,0.0000,0.0000,74.3444,-38.3362,85.7265,-7319.4186,1436.2182,239.7971,nan,nan,nan,-0.5980,0.7699,-0.2228,-0.1367,0.1760,0.9749,90.000,nan,nan,nan,0.0000,0.0000,0.0000,nan,nan,nan,-7319.4186,1436.2182,239.7971,-7319.4186,1436.2182,239.7971,12.000,1,nan,nan
21.6460,373.1667,1,-7504.9697,1662.1840,198.5303,nan,nan,nan,0.6118,-0.4053,0.6793,-0.1432,-0.9013,-0.4087,0.7779,0.1528,-0.6095,0.0000,0.0000,0.0000,73.2358,-40.5277,83.7975,-7317.9355,1435.9125,241.9075,nan,nan,nan,-0.5980,0.7699,-0.2228,-0.1367,0.1760,0.9749,90.000,nan,nan,nan,0.0000,0.0000,0.0000,nan,nan,nan,-7317.9355,1435.9125,241.9075,-7317.9355,1435.9125,241.9075,12.000,1,nan,nan
21.6750,373.2000,1,-7502.8228,1660.6188,200.9835,nan,nan,nan,0.5937,-0.4329,0.6783,-0.1459,-0.8869,-0.4383,0.7914,0.1612,-0.5897,0.0000,0.0000,0.0000,70.9562,-42.9996,80.9080,-7316.3822,1435.4574,244.0294,nan,nan,nan,-0.5980,0.7699,-0.2228,-0.1367,0.1760,0.9749,90.000,nan,nan,nan,0.0000,0.0000,0.0000,nan,nan,nan,-7316.3822,1435.4574,244.0294,-7316.3822,1435.4574,244.0294,12.000,1,nan,nan
21.7030,373.2167,1,-7501.7651,1659.8273,202.1865,nan,nan,nan,0.5920,-0.4430,0.6733,-0.1527,-0.8819,-0.4460,0.7914,0.1612,-0.5897,0.0000,0.0000,0.0000,68.2167,-44.8768,77.6864,-7315.6428,1435.2047,245.0214,nan,nan,nan,-0.5980,0.7699,-0.2228,-0.1367,0.1760,0.9749,90.000,nan,nan,nan,0.0000,0.0000,0.0000,nan,nan,nan,-7315.6428,1435.2047,245.0214,-7315.6428,1435.2047,245.0214,12.000,1,nan,nan
21.7300,373.2500,1,-7499.6498,1658.2443,204.5923,nan,nan,nan,0.5920,-0.4430,0.6733,-0.1527,-0.8819,-0.4460,0.7914,0.1612,-0.5897,0.0000,0.0000,0.0000,65.3755,-46.4437,74.4339,-7313.9342,1434.4898,247.2477,nan,nan,nan,-0.5980,0.7699,-0.2228,-0.1367,0.1760,0.9749,90.000,nan,nan,nan,0.0000,0.0000,0.0000,nan,nan,nan,-7313.9342,1434.4898,247.2477,-7313.9342,1434.4898,247.2477,12.000,1,nan,nan
21.7590,373.2834,1,-7497.5346,1656.6613,206.9982,nan,nan,nan,0.5920,-0.4430,0.6733,-0.1527,-0.8819,-0.4460,0.7914,0.1612,-0.5897,0.0000,0.0000,0.0000,64.0318,-47.1737,72.9119,-7312.1527,1433.6375,249.5155,nan,nan,nan,-0.5980,0.7699,-0.2228,-0.1367,0.1760,0.9749,90.000,nan,nan,nan,0.0000,0.0000,0.0000,nan,nan,nan,-7312.1527,1433.6375,249.5155,-7312.1527,1433.6375,249.5155,12.000,1,nan,nan
21.7890,373.3000,1,-7496.4675,1655.8203,208.2003,nan,nan,nan,0.5882,-0.4636,0.6626,-0.1666,-0.8713,-0.4617,0.7914,0.1612,-0.5897,0.0000,0.0000,0.0000,63.6867,-48.0215,72.3131,-7311.3273,1433.2176,250.5544,nan,nan,nan,-0.5980,0.7699,-0.2228,-0.1367,0.1760,0.9749,90.000,nan,nan,nan,0.0000,0.0000,0.0000,nan,nan,nan,-7311.3273,1433.2176,250.5544,-7311.3273,1433.2176,250.5544,12.000,1,nan,nan
21.8160,373.3334,1,-7494.4997,1653.6526,210.2483,nan,nan,nan,0.5507,-0.6067,0.5732,-0.2654,-0.7784,-0.5689,0.7914,0.1612,-0.5897,0.0000,0.0000,0.0000,62.7324,-51.6991,70.0463,-7309.4660,1432.0908,252.8310,nan,nan,nan,-0.5980,0.7699,-0.2228,-0.1367,0.1760,0.9749,90.000,nan,nan,nan,0.0000,0.0000,0.0000,nan,nan,nan,-7309.4660,1432.0908,252.8310,-7309.4660,1432.0908,252.8310,12.000,1,nan,nan
21.8440,373.3667,1,-7492.6799,1651.2807,212.0419,nan,nan,nan,0.5220,-0.6803,0.5145,-0.3182,-0.7150,-0.6225,0.7914,0.1612,-0.5897,0.0000,0.0000,0.0000,60.7686,-57.1676,65.9197,-7307.6090,1430.7703,255.0355,nan,nan,nan,-0.5980,0.7699,-0.2228,-0.1367,0.1760,0.9749,90.000,nan,nan,nan,0.0000,0.0000,0.0000,nan,nan,nan,-7307.6090,1430.7703,255.0355,-7307.6090,1430.7703,255.0355,12.000,1,nan,nan
21.8710,373.3834,1,-7491.9230,1649.8635,212.6704,nan,nan,nan,0.4388,-0.8215,0.3643,-0.4257,-0.5470,-0.7208,0.7914,0.1612,-0.5897,0.0000,0.0000,0.0000,56.7680,-65.7694,58.2001,-7306.7797,1430.1139,255.9995,nan,nan,nan,-0.5980,0.7699,-0.2228,-0.1367,0.1760,0.9749,90.000,nan,nan,nan,0.0000,0.0000,0.0000,nan,nan,nan,-7306.7797,1430.1139,255.9995,-7306.7797,1430.1139,255.9995,12.000,1,nan,nan
21.9000,373.4167,1,-7490.5402,1646.7070,213.6630,nan,nan,nan,0.3856,-0.8802,0.2768,-0.4744,-0.4464,-0.7587,0.7914,0.1612,-0.5897,0.0000,0.0000,0.0000,51.4588,-76.3365,48.1865,-7305.0086,1428.3937,257.9634,nan,nan,nan,-0.5980,0.7699,-0.2228,-0.1367,0.1760,0.9749,90.000,nan,nan,nan,0.0000,0.0000,0.0000,nan,nan,nan,-7305.0086,1428.3937,257.9634,-7305.0086,1428.3937,257.9634,12.000,1,nan,nan
21.9290,373.4500,1,-7489.0105,1643.6080,214.3630,nan,nan,nan,0.3682,-0.8957,0.2493,-0.4880,-0.4144,-0.7682,0.7914,0.1612,-0.5897,0.0000,0.0000,0.0000,47.7693,-84.0378,38.0960,-7303.2761,1426.4623,259.7307,nan,nan,nan,-0.5980,0.7699,-0.2228,-0.1367,0.1760,0.9749,90.000,nan,nan,nan,0.0000,0.0000,0.0000,nan,nan,nan,-7303.2761,1426.4623,259.7307,-7303.2761,1426.4623,259.7307,12.000,1,nan,nan
21.9570,373.4667,1,-7488.0446,1642.0793,214.5037,nan,nan,nan,0.4260,-0.8885,0.1706,-0.5032,-0.3894,-0.7715,0.7519,0.2428,-0.6129,0.0000,0.0000,0.0000,47.7025,-89.6909,27.0048,-7302.5431,1425.6678,260.4403,nan,nan,nan,-0.5980,0.7699,-0.2228,-0.1367,0.1760,0.9749,90.000,nan,nan,nan,0.0000,0.0000,0.0000,nan,nan,nan,-7302.5431,1425.6678,260.4403,-7302.5431,1425.6678,260.4403,12.000,1,nan,nan
21.9830,373.5000,1,-7486.1700,1638.9370,214.6760,nan,nan,nan,0.5112,-0.8583,0.0461,-0.5313,-0.3577,-0.7680,0.6756,0.3681,-0.6388,0.0000,0.0000,0.0000,49.8532,-92.6693,18.2789,-7301.0910,1424.0534,261.7394,nan,nan,nan,-0.5980,0.7699,-0.2228,-0.1367,0.1760,0.9749,90.000,nan,nan,nan,0.0000,0.0000,0.0000,nan,nan,nan,-7301.0910,1424.0534,261.7394,-7301.0910,1424.0534,261.7394,12.000,1,nan,nan
22.0110,373.5334,1,-7484.5393,1635.8597,214.6276,nan,nan,nan,0.4682,-0.8835,-0.0139,-0.5695,-0.2897,-0.7692,0.6756,0.3681,-0.6388,0.0000,0.0000,0.0000,51.7710,-92.7895,10.2880,-7299.6876,1422.3059,262.7714,nan,nan,nan,-0.5980,0.7699,-0.2228,-0.1367,0.1760,0.9749,90.000,nan,nan,nan,0.0000,0.0000,0.0000,nan,nan,nan,-7299.6876,1422.3059,262.7714,-7299.6876,1422.3059,262.7714,12.000,1,nan,nan
22.0390,373.5500,1,-7483.9181,1634.3966,214.4416,nan,nan,nan,0.3881,-0.9142,-0.1162,-0.6268,-0.1694,-0.7605,0.6756,0.3681,-0.6388,0.0000,0.0000,0.0000,50.4299,-91.7767,2.2574,-7299.0529,1421.4651,263.1913,nan,nan,nan,-0.5980,0.7699,-0.2228,-0.1367,0.1760,0.9749,90.000,nan,nan,nan,0.0000,0.0000,0.0000,nan,nan,nan,-7299.0529,1421.4651,263.1913,-7299.0529,1421.4651,263.1913,12.000,1,nan,nan
22.0670,373.5834,1,-7483.0963,1631.6091,213.7047,nan,nan,nan,0.2741,-0.9298,-0.2458,-0.6844,-0.0091,-0.7291,0.6756,0.3681,-0.6388,0.0000,0.0000,0.0000,43.5032,-89.9556,-5.4586,-7297.7360,1419.4688,263.8724,nan,nan,nan,-0.5980,0.7699,-0.2228,-0.1367,0.1760,0.9749,90.000,nan,nan,nan,0.0000,0.0000,0.0000,nan,nan,nan,-7297.7360,1419.4688,263.8724,-7297.7360,1419.4688,263.8724,12.000,1,nan,nan
22.0960,373.6167,1,-7482.5709,1628.8262,212.7592,nan,nan,nan,0.1908,-0.9242,-0.3307,-0.7121,0.1016,-0.6947,0.6756,0.3681,-0.6388,0.0000,0.0000,0.0000,34.0221,-87.4344,-13.7084,-7296.5382,1417.3587,264.3116,nan,nan,nan,-0.5980,0.7699,-0.2228,-0.1367,0.1760,0.9749,90.000,nan,nan,nan,0.0000,0.0000,0.0000,nan,nan,nan,-7296.5382,1417.3587,264.3116,-7296.5382,1417.3587,264.3116,12.000,1,nan,nan
22.1240,373.6334,1,-7482.5957,1627.4153,212.1643,nan,nan,nan,-0.0020,-0.9155,-0.4023,-0.7438,0.2703,-0.6114,0.6685,0.2980,-0.6814,0.0000,0.0000,0.0000,22.0447,-85.3980,-22.2070,-7296.0419,1416.2547,264.3912,nan,nan,nan,-0.5980,0.7699,-0.2228,-0.1367,0.1760,0.9749,90.000,nan,nan,nan,0.0000,0.0000,0.0000,nan,nan,nan,-7296.0419,1416.2547,264.3912,-7296.0419,1416.2547,264.3912,12.000,1,nan,nan
22.1540,373.6667,1,-7482.6985,1624.6041,210.9285,nan,nan,nan,-0.0334,-0.9149,-0.4022,-0.7453,0.2909,-0.5999,0.6659,0.2797,-0.6917,0.0000,0.0000,0.0000,11.5781,-84.3005,-29.0894,-7295.1279,1413.6916,264.3247,nan,nan,nan,-0.5980,0.7699,-0.2228,-0.1367,0.1760,0.9749,90.000,nan,nan,nan,0.0000,0.0000,0.0000,nan,nan,nan,-7295.1279,1413.6916,264.3247,-7295.1279,1413.6916,264.3247,12.000,1,nan,nan
22.1820,373.7000,1,-7482.7207,1621.7807,209.7654,nan,nan,nan,-0.0073,-0.9246,-0.3809,-0.7460,0.2587,-0.6136,0.6659,0.2797,-0.6917,0.0000,0.0000,0.0000,4.4204,-84.2959,-33.0234,-7294.3548,1411.0888,264.0929,nan,nan,nan,-0.5980,0.7699,-0.2228,-0.1367,0.1760,0.9749,90.000,nan,nan,nan,0.0000,0.0000,0.0000,nan,nan,nan,-7294.3548,1411.0888,264.0929,-7294.3548,1411.0888,264.0929,12.000,1,nan,nan
22.2090,373.7334,1,-7482.5316,1618.9174,208.7896,nan,nan,nan,0.0624,-0.9447,-0.3220,-0.7434,0.1712,-0.6465,0.6659,0.2797,-0.6917,0.0000,0.0000,0.0000,0.9713,-84.7779,-33.9917,-7293.6684,1408.4418,263.7484,nan,nan,nan,-0.5980,0.7699,-0.2228,-0.1367,0.1760,0.9749,90.000,nan,nan,nan,0.0000,0.0000,0.0000,nan,nan,nan,-7293.6684,1408.4418,263.7484,-7293.6684,1408.4418,263.7484,12.000,1,nan,nan
22.2390,373.7500,1,-7482.4164,1617.4536,208.3727,nan,nan,nan,0.0949,-0.9513,-0.2933,-0.7400,0.1297,-0.6600,0.6659,0.2797,-0.6917,0.0000,0.0000,0.0000,1.9615,-85.5082,-32.0490,-7293.3726,1407.2252,263.5733,nan,nan,nan,-0.5980,0.7699,-0.2228,-0.1367,0.1760,0.9749,90.000,nan,nan,nan,0.0000,0.0000,0.0000,nan,nan,nan,-7293.3726,1407.2252,263.5733,-7293.3726,1407.2252,263.5733,12.000,1,nan,nan
22.2740,373.7834,1,-7482.5210,1614.4770,207.6501,nan,nan,nan,0.0088,-0.9586,-0.2845,-0.7772,0.1725,-0.6051,0.6292,0.2265,-0.7436,0.0000,0.0000,0.0000,2.1487,-86.6468,-28.5811,-7292.9367,1404.2837,262.9690,nan,nan,nan,-0.5980,0.7699,-0.2228,-0.1367,0.1760,0.9749,90.000,nan,nan,nan,0.0000,0.0000,0.0000,nan,nan,nan,-7292.9367,1404.2837,262.9690,-7292.9367,1404.2837,262.9690,12.000,1,nan,nan
22.3020,373.8167,1,-7483.2401,1611.5342,207.0944,nan,nan,nan,-0.1834,-0.9511,-0.2486,-0.8207,0.2873,-0.4939,0.5412,0.1135,-0.8332,0.0000,0.0000,0.0000,-1.9948,-87.5915,-24.2435,-7292.9481,1400.9193,262.0769,nan,nan,nan,-0.5980,0.7699,-0.2228,-0.1367,0.1760,0.9749,90.000,nan,nan,nan,0.0000,0.0000,0.0000,nan,nan,nan,-7292.9481,1400.9193,262.0769,-7292.9481,1400.9193,262.0769,12.000,1,nan,nan
22.3290,373.8500,1,-7484.5858,1608.7506,206.8572,nan,nan,nan,-0.3902,-0.9064,-0.1617,-0.8186,0.4219,-0.3898,0.4216,-0.0197,-0.9066,0.0000,0.0000,0.0000,-12.0325,-87.3018,-18.9442,-7293.5571,1397.1480,261.0353,nan,nan,nan,-0.5980,0.7699,-0.2228,-0.1367,0.1760,0.9749,90.000,nan,nan,nan,0.0000,0.0000,0.0000,nan,nan,nan,-7293.5571,1397.1480,261.0353,-7293.5571,1397.1480,261.0353,12.000,1,nan,nan
22.3580,373.8667,1,-7485.5075,1607.5399,206.8725,nan,nan,nan,-0.5740,-0.8139,-0.0903,-0.7540,0.5683,-0.3295,0.3195,-0.1210,-0.9398,0.0000,0.0000,0.0000,-26.4831,-84.2065,-12.6976,-7294.0497,1395.3071,260.5464,nan,nan,nan,-0.5980,0.7699,-0.2228,-0.1367,0.1760,0.9749,90.000,nan,nan,nan,0.0000,0.0000,0.0000,nan,nan,nan,-7294.0497,1395.3071,260.5464,-7294.0497,1395.3071,260.5464,12.000,1,nan,nan
22.3860,373.9000,1,-7487.3084,1605.2916,206.9731,nan,nan,nan,-0.6234,-0.7811,0.0354,-0.7516,0.5861,-0.3026,0.2156,-0.2153,-0.9524,0.0000,0.0000,0.0000,-39.5511,-79.2176,-6.5094,-7295.6135,1391.1619,259.6007,nan,nan,nan,-0.5980,0.7699,-0.2228,-0.1367,0.1760,0.9749,90.000,nan,nan,nan,0.0000,0.0000,0.0000,nan,nan,nan,-7295.6135,1391.1619,259.6007,-7295.6135,1391.1619,259.6007,12.000,1,nan,nan
22.4140,373.9334,1,-7488.9133,1603.0806,207.1096,nan,nan,nan,-0.5867,-0.8083,0.0499,-0.7806,0.5480,-0.3006,0.2156,-0.2153,-0.9524,0.0000,0.0000,0.0000,-47.4799,-73.8290,-1.1182,-7297.1612,1387.3898,258.8436,nan,nan,nan,-0.5980,0.7699,-0.2228,-0.1367,0.1760,0.9749,90.000,nan,nan,nan,0.0000,0.0000,0.0000,nan,nan,nan,-7297.1612,1387.3898,258.8436,-7297.1612,1387.3898,258.8436,12.000,1,nan,nan
22.4430,373.9667,1,-7490.3333,1600.9146,207.2778,nan,nan,nan,-0.5471,-0.8345,0.0648,-0.8088,0.5071,-0.2977,0.2156,-0.2153,-0.9524,0.0000,0.0000,0.0000,-49.5114,-69.0455,2.3921,-7298.6679,1383.9239,258.2441,nan,nan,nan,-0.5980,0.7699,-0.2228,-0.1367,0.1760,0.9749,90.000,nan,nan,nan,0.0000,0.0000,0.0000,nan,nan,nan,-7298.6679,1383.9239,258.2441,-7298.6679,1383.9239,258.2441,12.000,1,nan,nan
22.4720,373.9834,1,-7490.9138,1599.8914,207.3777,nan,nan,nan,-0.4917,-0.8667,0.0846,-0.8437,0.4500,-0.2927,0.2156,-0.2153,-0.9524,0.0000,0.0000,0.0000,-45.8234,-65.8400,4.1086,-7299.3315,1382.4217,258.0058,nan,nan,nan,-0.5980,0.7699,-0.2228,-0.1367,0.1760,0.9749,90.000,nan,nan,nan,0.0000,0.0000,0.0000,nan,nan,nan,-7299.3315,1382.4217,258.0058,-7299.3315,1382.4217,258.0058,12.000,1,nan,nan
22.5000,374.0167,1,-7491.5320,1597.9500,207.6769,nan,nan,nan,-0.3002,-0.9428,0.1452,-0.9292,0.2546,-0.2679,0.2156,-0.2153,-0.9524,0.0000,0.0000,0.0000,-37.9890,-63.3570,5.6438,-7300.6554,1379.3400,257.6118,nan,nan,nan,-0.5980,0.7699,-0.2228,-0.1367,0.1760,0.9749,90.000,nan,nan,nan,0.0000,0.0000,0.0000,nan,nan,nan,-7300.6554,1379.3400,257.6118,-7300.6554,1379.3400,257.6118,12.000,1,nan,nan
22.5310,374.0500,1,-7491.9934,1595.8497,208.1957,nan,nan,nan,-0.1973,-0.9633,0.1821,-0.9578,0.1498,-0.2453,0.2090,-0.2228,-0.9522,0.0000,0.0000,0.0000,-29.5612,-62.1962,8.2447,-7301.8523,1376.4196,257.3638,nan,nan,nan,-0.5980,0.7699,-0.2228,-0.1367,0.1760,0.9749,90.000,nan,nan,nan,0.0000,0.0000,0.0000,nan,nan,nan,-7301.8523,1376.4196,257.3638,-7301.8523,1376.4196,257.3638,12.000,1,nan,nan
22.5600,374.0834,1,-7492.6327,1593.6470,209.0398,nan,nan,nan,-0.2504,-0.9263,0.2817,-0.9605,0.2011,-0.1923,0.1215,-0.3187,-0.9400,0.0000,0.0000,0.0000,-23.1916,-62.1844,12.8203,-7303.2533,1373.2695,257.3213,nan,nan,nan,-0.5980,0.7699,-0.2228,-0.1367,0.1760,0.9749,90.000,nan,nan,nan,0.0000,0.0000,0.0000,nan,nan,nan,-7303.2533,1373.2695,257.3213,-7303.2533,1373.2695,257.3213,12.000,1,nan,nan
22.5870,374.1000,1,-7493.1107,1592.5981,209.5811,nan,nan,nan,-0.3718,-0.8580,0.3543,-0.9273,0.3253,-0.1855,0.0439,-0.3975,-0.9166,0.0000,0.0000,0.0000,-20.6874,-62.4905,19.0326,-7304.0017,1371.7385,257.3825,nan,nan,nan,-0.5980,0.7699,-0.2228,-0.1367,0.1760,0.9749,90.000,nan,nan,nan,0.0000,0.0000,0.0000,nan,nan,nan,-7304.0017,1371.7385,257.3825,-7304.0017,1371.7385,257.3825,12.000,1,nan,nan
22.6150,374.1334,1,-7494.2195,1590.7184,210.9064,nan,nan,nan,-0.4373,-0.7794,0.4487,-0.8982,0.4029,-0.1756,-0.0439,-0.4799,-0.8762,0.0000,0.0000,0.0000,-23.1303,-62.1814,26.4315,-7305.8756,1368.2789,257.8398,nan,nan,nan,-0.5980,0.7699,-0.2228,-0.1367,0.1760,0.9749,90.000,nan,nan,nan,0.0000,0.0000,0.0000,nan,nan,nan,-7305.8756,1368.2789,257.8398,-7305.8756,1368.2789,257.8398,12.000,1,nan,nan
22.6470,374.1667,1,-7495.5811,1589.1213,212.3065,nan,nan,nan,-0.5378,-0.6342,0.5554,-0.8288,0.5186,-0.2104,-0.1546,-0.5735,-0.8045,0.0000,0.0000,0.0000,-29.0200,-59.1005,33.1995,-7308.0432,1364.7839,258.6866,nan,nan,nan,-0.5980,0.7699,-0.2228,-0.1367,0.1760,0.9749,90.000,nan,nan,nan,0.0000,0.0000,0.0000,nan,nan,nan,-7308.0432,1364.7839,258.6866,-7308.0432,1364.7839,258.6866,12.000,1,nan,nan
22.6780,374.2000,1,-7496.9308,1587.5573,213.6808,nan,nan,nan,-0.5440,-0.6303,0.5539,-0.8247,0.5233,-0.2145,-0.1546,-0.5735,-0.8045,0.0000,0.0000,0.0000,-34.4602,-54.6522,37.7342,-7310.0477,1361.6497,259.6046,nan,nan,nan,-0.5980,0.7699,-0.2228,-0.1367,0.1760,0.9749,90.000,nan,nan,nan,0.0000,0.0000,0.0000,nan,nan,nan,-7310.0477,1361.6497,259.6046,-7310.0477,1361.6497,259.6046,12.000,1,nan,nan
22.7060,374.2167,1,-7497.2388,1587.0283,214.1171,nan,nan,nan,-0.4097,-0.7037,0.5804,-0.8990,0.4194,-0.1262,-0.1546,-0.5735,-0.8045,0.0000,0.0000,0.0000,-33.5085,-47.5229,37.3803,-7310.8908,1360.3277,260.0136,nan,nan,nan,-0.5980,0.7699,-0.2228,-0.1367,0.1760,0.9749,90.000,nan,nan,nan,0.0000,0.0000,0.0000,nan,nan,nan,-7310.8908,1360.3277,260.0136,-7310.8908,1360.3277,260.0136,12.000,1,nan,nan
22.7330,374.2500,1,-7497.4040,1586.3624,214.6235,nan,nan,nan,-0.1937,-0.7809,0.5939,-0.9688,0.2477,0.0096,-0.1546,-0.5735,-0.8045,0.0000,0.0000,0.0000,-27.6568,-38.8147,32.3964,-7312.4587,1357.8066,260.8398,nan,nan,nan,-0.5980,0.7699,-0.2228,-0.1367,0.1760,0.9749,90.000,nan,nan,nan,0.0000,0.0000,0.0000,nan,nan,nan,-7312.4587,1357.8066,260.8398,-7312.4587,1357.8066,260.8398,12.000,1,nan,nan
22.7620,374.2834,1,-7497.4040,1586.3624,214.6235,nan,nan,nan,-0.1937,-0.7809,0.5939,-0.9688,0.2477,0.0096,-0.1546,-0.5735,-0.8045,0.0000,0.0000,0.0000,-18.3167,-27.4902,22.9986,-7313.7420,1355.7433,261.5161,nan,nan,nan,-0.5980,0.7699,-0.2228,-0.1367,0.1760,0.9749,90.000,nan,nan,nan,0.0000,0.0000,0.0000,nan,nan,nan,-7313.7420,1355.7433,261.5161,-7313.7420,1355.7433,261.5161,12.000,0,nan,nan
22.7890,374.3000,1,-7497.1331,1586.0540,214.7913,nan,nan,nan,0.0378,-0.8171,0.5752,-0.9873,0.0585,0.1480,-0.1546,-0.5735,-0.8045,0.0000,0.0000,0.0000,-5.0991,-19.5421,14.8867,-7314.2525,1354.8687,261.8075,nan,nan,nan,-0.5980,0.7699,-0.2228,-0.1367,0.1760,0.9749,90.000,nan,nan,nan,0.0000,0.0000,0.0000,nan,nan,nan,-7314.2525,1354.8687,261.8075,-7314.2525,1354.8687,261.8075,12.000,1,nan,nan
22.8200,374.3334,1,-7496.1781,1584.9676,215.3822,nan,nan,nan,0.4819,-0.7546,0.4453,-0.8625,-0.3188,0.3930,-0.1546,-0.5735,-0.8045,0.0000,0.0000,0.0000,6.9698,-18.1230,11.5745,-7315.0579,1353.0982,262.4303,nan,nan,nan,-0.5980,0.7699,-0.2228,-0.1367,0.1760,0.9749,90.000,nan,nan,nan,0.0000,0.0000,0.0000,nan,nan,nan,-7315.0579,1353.0982,262.4303,-7315.0579,1353.0982,262.4303,12.000,1,nan,nan
22.8470,374.3667,1,-7494.9829,1583.5261,216.1800,nan,nan,nan,0.5872,-0.7082,0.3920,-0.7945,-0.4118,0.4462,-0.1546,-0.5735,-0.8045,0.0000,0.0000,0.0000,17.5461,-22.4926,12.6606,-7315.5694,1351.3974,263.0699,nan,nan,nan,-0.5980,0.7699,-0.2228,-0.1367,0.1760,0.9749,90.000,nan,nan,nan,0.0000,0.0000,0.0000,nan,nan,nan,-7315.5694,1351.3974,263.0699,-7315.5694,1351.3974,263.0699,12.000,1,nan,nan
22.8750,374.4000,1,-7493.6887,1581.7692,217.1837,nan,nan,nan,0.5388,-0.7315,0.4179,-0.8281,-0.3689,0.4221,-0.1546,-0.5735,-0.8045,0.0000,0.0000,0.0000,27.4269,-33.9082,18.8998,-7315.8242,1349.6935,263.7590,nan,nan,nan,-0.5980,0.7699,-0.2228,-0.1367,0.1760,0.9749,90.000,nan,nan,nan,0.0000,0.0000,0.0000,nan,nan,nan,-7315.8242,1349.6935,263.7590,-7315.8242,1349.6935,263.7590,12.000,1,nan,nan
22.9030,374.4167,1,-7493.0426,1580.7197,217.8076,nan,nan,nan,0.4677,-0.7597,0.4517,-0.8702,-0.3065,0.3857,-0.1546,-0.5735,-0.8045,0.0000,0.0000,0.0000,33.9048,-45.0840,25.6216,-7315.8873,1348.8968,264.0951,nan,nan,nan,-0.5980,0.7699,-0.2228,-0.1367,0.1760,0.9749,90.000,nan,nan,nan,0.0000,0.0000,0.0000,nan,nan,nan,-7315.8873,1348.8968,264.0951,-7315.8873,1348.8968,264.0951,12.000,1,nan,nan
22.9320,374.4500,1,-7491.7087,1578.4486,219.1702,nan,nan,nan,0.4498,-0.7659,0.4595,-0.8796,-0.2908,0.3764,-0.1546,-0.5735,-0.8045,0.0000,0.0000,0.0000,37.4739,-54.4274,31.5960,-7315.8164,1347.0498,264.9325,nan,nan,nan,-0.5980,0.7699,-0.2228,-0.1367,0.1760,0.9749,90.000,nan,nan,nan,0.0000,0.0000,0.0000,nan,nan,nan,-7315.8164,1347.0498,264.9325,-7315.8164,1347.0498,264.9325,12.000,1,nan,nan
22.9610,374.4834,1,-7490.3889,1576.1322,220.5678,nan,nan,nan,0.4385,-0.7695,0.4643,-0.8854,-0.2810,0.3704,-0.1546,-0.5735,-0.8045,0.0000,0.0000,0.0000,38.9354,-61.5456,36.3892,-7315.5639,1345.1154,265.8598,nan,nan,nan,-0.5980,0.7699,-0.2228,-0.1367,0.1760,0.9749,90.000,nan,nan,nan,0.0000,0.0000,0.0000,nan,nan,nan,-7315.5639,1345.1154,265.8598,-7315.5639,1345.1154,265.8598,12.000,1,nan,nan
22.9890,374.5000,1,-7489.7290,1574.9740,221.2665,nan,nan,nan,0.4385,-0.7695,0.4643,-0.8854,-0.2810,0.3704,-0.1546,-0.5735,-0.8045,0.0000,0.0000,0.0000,39.3809,-66.3260,39.7112,-7315.4096,1344.2136,266.3023,nan,nan,nan,-0.5980,0.7699,-0.2228,-0.1367,0.1760,0.9749,90.000,nan,nan,nan,0.0000,0.0000,0.0000,nan,nan,nan,-7315.4096,1344.2136,266.3023,-7315.4096,1344.2136,266.3023,12.000,1,nan,nan
23.0170,374.5334,1,-7488.2744,1572.6414,222.6498,nan,nan,nan,0.4727,-0.7580,0.4495,-0.8676,-0.3108,0.3883,-0.1546,-0.5735,-0.8045,0.0000,0.0000,0.0000,40.4447,-68.6843,41.1879,-7314.9019,1342.1533,267.3486,nan,nan,nan,-0.5980,0.7699,-0.2228,-0.1367,0.1760,0.9749,90.000,nan,nan,nan,0.0000,0.0000,0.0000,nan,nan,nan,-7314.9019,1342.1533,267.3486,-7314.9019,1342.1533,267.3486,12.000,1,nan,nan
23.0460,374.5667,1,-7486.7097,1570.1948,223.7217,nan,nan,nan,0.5228,-0.7384,0.4259,-0.8383,-0.3547,0.4140,-0.1546,-0.5735,-0.8045,0.0000,0.0000,0.0000,42.0425,-70.2093,39.7395,-7314.2338,1340.0205,268.4063,nan,nan,nan,-0.5980,0.7699,-0.2228,-0.1367,0.1760,0.9749,90.000,nan,nan,nan,0.0000,0.0000,0.0000,nan,nan,nan,-7314.2338,1340.0205,268.4063,-7314.2338,1340.0205,268.4063,12.000,1,nan,nan
23.0760,374.5834,1,-7485.5437,1569.1633,223.9973,nan,nan,nan,0.7001,-0.6549,0.2844,-0.7047,-0.5696,0.4231,-0.1151,-0.4967,-0.8603,0.0000,0.0000,0.0000,48.4349,-68.9934,34.3715,-7313.8185,1339.1783,268.7818,nan,nan,nan,-0.5980,0.7699,-0.2228,-0.1367,0.1760,0.9749,90.000,nan,nan,nan,0.0000,0.0000,0.0000,nan,nan,nan,-7313.8185,1339.1783,268.7818,-7313.8185,1339.1783,268.7818,12.000,1,nan,nan
23.1050,374.6167,1,-7483.1652,1567.0438,224.5704,nan,nan,nan,0.7396,-0.6435,0.1975,-0.6721,-0.6901,0.2683,-0.0364,-0.3312,-0.9429,0.0000,0.0000,0.0000,56.0660,-67.5688,28.3508,-7312.4523,1337.7555,269.3358,nan,nan,nan,-0.5980,0.7699,-0.2228,-0.1367,0.1760,0.9749,90.000,nan,nan,nan,0.0000,0.0000,0.0000,nan,nan,nan,-7312.4523,1337.7555,269.3358,-7312.4523,1337.7555,269.3358,12.000,1,nan,nan
23.1330,374.6500,1,-7480.8408,1564.8723,225.1716,nan,nan,nan,0.7183,-0.6711,0.1834,-0.6954,-0.6845,0.2188,-0.0213,-0.2847,-0.9584,0.0000,0.0000,0.0000,62.8104,-66.3174,22.4546,-7310.9218,1336.3772,269.8447,nan,nan,nan,-0.5980,0.7699,-0.2228,-0.1367,0.1760,0.9749,90.000,nan,nan,nan,0.0000,0.0000,0.0000,nan,nan,nan,-7310.9218,1336.3772,269.8447,-7310.9218,1336.3772,269.8447,12.000,1,nan,nan
23.1620,374.6834,1,-7478.5628,1562.6060,225.8235,nan,nan,nan,0.6947,-0.6922,0.1956,-0.7182,-0.6525,0.2416,-0.0396,-0.3083,-0.9505,0.0000,0.0000,0.0000,68.4395,-64.9849,18.7552,-7309.3102,1334.7766,270.4062,nan,nan,nan,-0.5980,0.7699,-0.2228,-0.1367,0.1760,0.9749,90.000,nan,nan,nan,0.0000,0.0000,0.0000,nan,nan,nan,-7309.3102,1334.7766,270.4062,-7309.3102,1334.7766,270.4062,12.000,1,nan,nan
23.1910,374.7000,1,-7477.4679,1561.4372,226.1750,nan,nan,nan,0.6677,-0.7136,0.2119,-0.7417,-0.6138,0.2703,-0.0628,-0.3376,-0.9392,0.0000,0.0000,0.0000,68.7129,-66.3657,18.9265,-7308.5815,1333.9706,270.6861,nan,nan,nan,-0.5980,0.7699,-0.2228,-0.1367,0.1760,0.9749,90.000,nan,nan,nan,0.0000,0.0000,0.0000,nan,nan,nan,-7308.5815,1333.9706,270.6861,-7308.5815,1333.9706,270.6861,12.000,1,nan,nan
23.2200,374.7334,1,-7475.3312,1559.0649,226.9249,nan,nan,nan,0.6511,-0.7255,0.2230,-0.7551,-0.5894,0.2872,-0.0769,-0.3553,-0.9316,0.0000,0.0000,0.0000,67.3160,-68.1589,20.0216,-7306.9145,1332.0256,271.3549,nan,nan,nan,-0.5980,0.7699,-0.2228,-0.1367,0.1760,0.9749,90.000,nan,nan,nan,0.0000,0.0000,0.0000,nan,nan,nan,-7306.9145,1332.0256,271.3549,-7306.9145,1332.0256,271.3549,12.000,1,nan,nan
23.2500,374.7667,1,-7473.3148,1556.6203,227.7727,nan,nan,nan,0.6141,-0.7485,0.2504,-0.7818,-0.5333,0.3230,-0.1083,-0.3941,-0.9127,0.0000,0.0000,0.0000,65.1893,-70.1558,21.7202,-7305.2723,1329.8673,272.1150,nan,nan,nan,-0.5980,0.7699,-0.2228,-0.1367,0.1760,0.9749,90.000,nan,nan,nan,0.0000,0.0000,0.0000,nan,nan,nan,-7305.2723,1329.8673,272.1150,-7305.2723,1329.8673,272.1150,12.000,1,nan,nan
23.2790,374.8000,1,-7471.4408,1554.1117,228.7547,nan,nan,nan,0.5698,-0.7698,0.2878,-0.8088,-0.4633,0.3621,-0.1454,-0.4391,-0.8866,0.0000,0.0000,0.0000,62.3395,-72.0092,24.0405,-7303.6926,1327.4973,272.9960,nan,nan,nan,-0.5980,0.7699,-0.2228,-0.1367,0.1760,0.9749,90.000,nan,nan,nan,0.0000,0.0000,0.0000,nan,nan,nan,-7303.6926,1327.4973,272.9960,-7303.6926,1327.4973,272.9960,12.000,1,nan,nan
23.3070,374.8167,1,-7470.3531,1552.8258,229.2648,nan,nan,nan,0.6179,-0.7326,0.2857,-0.7630,-0.4707,0.4430,-0.1901,-0.4917,-0.8498,0.0000,0.0000,0.0000,61.6820,-73.7859,26.4066,-7303.0130,1326.3223,273.4615,nan,nan,nan,-0.5980,0.7699,-0.2228,-0.1367,0.1760,0.9749,90.000,nan,nan,nan,0.0000,0.0000,0.0000,nan,nan,nan,-7303.0130,1326.3223,273.4615,-7303.0130,1326.3223,273.4615,12.000,1,nan,nan
23.3360,374.8500,1,-7468.1592,1550.2592,230.3387,nan,nan,nan,0.6173,-0.7294,0.2949,-0.7585,-0.4522,0.4692,-0.2088,-0.5133,-0.8324,0.0000,0.0000,0.0000,61.8940,-75.3068,28.8242,-7301.4445,1323.6328,274.5632,nan,nan,nan,-0.5980,0.7699,-0.2228,-0.1367,0.1760,0.9749,90.000,nan,nan,nan,0.0000,0.0000,0.0000,nan,nan,nan,-7301.4445,1323.6328,274.5632,-7301.4445,1323.6328,274.5632,12.000,1,nan,nan
23.3640,374.8834,1,-7466.0344,1547.6249,231.5868,nan,nan,nan,0.5865,-0.7372,0.3355,-0.7708,-0.3809,0.5107,-0.2487,-0.5582,-0.7916,0.0000,0.0000,0.0000,62.5869,-76.7493,31.7094,-7299.9006,1320.7886,275.8252,nan,nan,nan,-0.5980,0.7699,-0.2228,-0.1367,0.1760,0.9749,90.000,nan,nan,nan,0.0000,0.0000,0.0000,nan,nan,nan,-7299.9006,1320.7886,275.8252,-7299.9006,1320.7886,275.8252,12.000,1,nan,nan
23.3920,374.9167,1,-7464.0272,1544.9759,233.0498,nan,nan,nan,0.5479,-0.7413,0.3876,-0.7847,-0.2949,0.5452,-0.2899,-0.6029,-0.7433,0.0000,0.0000,0.0000,63.5249,-77.8800,35.1725,-7298.4017,1317.8121,277.2812,nan,nan,nan,-0.5980,0.7699,-0.2228,-0.1367,0.1760,0.9749,90.000,nan,nan,nan,0.0000,0.0000,0.0000,nan,nan,nan,-7298.4017,1317.8121,277.2812,-7298.4017,1317.8121,277.2812,12.000,1,nan,nan
23.4200,374.9334,1,-7463.1206,1543.6578,233.9107,nan,nan,nan,0.4957,-0.7348,0.4630,-0.7991,-0.1772,0.5744,-0.3400,-0.6548,-0.6750,0.0000,0.0000,0.0000,61.5391,-78.4925,40.0759,-7297.7827,1316.3829,278.0646,nan,nan,nan,-0.5980,0.7699,-0.2228,-0.1367,0.1760,0.9749,90.000,nan,nan,nan,0.0000,0.0000,0.0000,nan,nan,nan,-7297.7827,1316.3829,278.0646,-7297.7827,1316.3829,278.0646,12.000,1,nan,nan
23.4500,374.9667,1,-7461.3975,1541.0084,235.8041,nan,nan,nan,0.4663,-0.7228,0.5100,-0.8042,-0.1062,0.5848,-0.3685,-0.6828,-0.6308,0.0000,0.0000,0.0000,58.3172,-79.1118,45.9731,-7296.4316,1313.1757,279.9859,nan,nan,nan,-0.5980,0.7699,-0.2228,-0.1367,0.1760,0.9749,90.000,nan,nan,nan,0.0000,0.0000,0.0000,nan,nan,nan,-7296.4316,1313.1757,279.9859,-7296.4316,1313.1757,279.9859,12.000,1,nan,nan
23.4800,375.0000,1,-7459.7007,1538.3569,237.7166,nan,nan,nan,0.4607,-0.7199,0.5192,-0.8050,-0.0925,0.5860,-0.3738,-0.6879,-0.6221,0.0000,0.0000,0.0000,55.1045,-79.3386,51.1389,-7295.0444,1310.0463,281.9307,nan,nan,nan,-0.5980,0.7699,-0.2228,-0.1367,0.1760,0.9749,90.000,nan,nan,nan,0.0000,0.0000,0.0000,nan,nan,nan,-7295.0444,1310.0463,281.9307,-7295.0444,1310.0463,281.9307,12.000,1,nan,nan
23.5090,375.0334,1,-7457.9722,1535.7039,239.7196,nan,nan,nan,0.4547,-0.7205,0.5235,-0.8084,-0.0871,0.5822,-0.3738,-0.6879,-0.6221,0.0000,0.0000,0.0000,52.7899,-79.4086,55.4120,-7293.6051,1306.9988,283.8812,nan,nan,nan,-0.5980,0.7699,-0.2228,-0.1367,0.1760,0.9749,90.000,nan,nan,nan,0.0000,0.0000,0.0000,nan,nan,nan,-7293.6051,1306.9988,283.8812,-7293.6051,1306.9988,283.8812,12.000,1,nan,nan
23.5360,375.0500,1,-7457.1273,1534.5015,240.8788,nan,nan,nan,0.4439,-0.6611,0.6049,-0.8150,-0.0172,0.5792,-0.3725,-0.7501,-0.5464,0.0000,0.0000,0.0000,51.5876,-78.0339,59.8463,-7292.9325,1305.5267,284.9117,nan,nan,nan,-0.5980,0.7699,-0.2228,-0.1367,0.1760,0.9749,90.000,nan,nan,nan,0.0000,0.0000,0.0000,nan,nan,nan,-7292.9325,1305.5267,284.9117,-7292.9325,1305.5267,284.9117,12.000,1,nan,nan
23.5640,375.0834,1,-7455.4854,1532.1135,243.2341,nan,nan,nan,0.4398,-0.6395,0.6306,-0.8177,0.0052,0.5756,-0.3713,-0.7688,-0.5206,0.0000,0.0000,0.0000,50.8596,-76.1903,63.5046,-7291.4008,1302.3179,287.3101,nan,nan,nan,-0.5980,0.7699,-0.2228,-0.1367,0.1760,0.9749,90.000,nan,nan,nan,0.0000,0.0000,0.0000,nan,nan,nan,-7291.4008,1302.3179,287.3101,-7291.4008,1302.3179,287.3101,12.000,1,nan,nan
23.5930,375.1167,1,-7453.8791,1529.8680,245.4044,nan,nan,nan,0.4574,-0.6394,0.6180,-0.8080,-0.0087,0.5891,-0.3713,-0.7688,-0.5206,0.0000,0.0000,0.0000,50.1713,-73.3861,65.7833,-7289.8666,1299.2847,289.6568,nan,nan,nan,-0.5980,0.7699,-0.2228,-0.1367,0.1760,0.9749,90.000,nan,nan,nan,0.0000,0.0000,0.0000,nan,nan,nan,-7289.8666,1299.2847,289.6568,-7289.8666,1299.2847,289.6568,12.000,1,nan,nan
23.6210,375.1334,1,-7453.0897,1528.7920,246.4303,nan,nan,nan,0.4689,-0.6392,0.6095,-0.8014,-0.0178,0.5979,-0.3713,-0.7688,-0.5206,0.0000,0.0000,0.0000,49.1342,-69.8185,66.5321,-7289.1737,1297.9533,290.7021,nan,nan,nan,-0.5980,0.7699,-0.2228,-0.1367,0.1760,0.9749,90.000,nan,nan,nan,0.0000,0.0000,0.0000,nan,nan,nan,-7289.1737,1297.9533,290.7021,-7289.1737,1297.9533,290.7021,12.000,1,nan,nan
23.6500,375.1667,1,-7451.5111,1526.6400,248.4822,nan,nan,nan,0.4689,-0.6392,0.6095,-0.8014,-0.0178,0.5979,-0.3713,-0.7688,-0.5206,0.0000,0.0000,0.0000,48.2596,-67.5883,65.0825,-7287.6285,1295.1251,292.9807,nan,nan,nan,-0.5980,0.7699,-0.2228,-0.1367,0.1760,0.9749,90.000,nan,nan,nan,0.0000,0.0000,0.0000,nan,nan,nan,-7287.6285,1295.1251,292.9807,-7287.6285,1295.1251,292.9807,12.000,1,nan,nan
23.6790,375.2000,1,-7449.9325,1524.4881,250.5341,nan,nan,nan,0.4689,-0.6392,0.6095,-0.8014,-0.0178,0.5979,-0.3713,-0.7688,-0.5206,0.0000,0.0000,0.0000,47.7053,-65.7263,62.9722,-7286.0856,1292.4186,295.2120,nan,nan,nan,-0.5980,0.7699,-0.2228,-0.1367,0.1760,0.9749,90.000,nan,nan,nan,0.0000,0.0000,0.0000,nan,nan,nan,-7286.0856,1292.4186,295.2120,-7286.0856,1292.4186,295.2120,12.000,1,nan,nan
23.7080,375.2167,1,-7449.1432,1523.4121,251.5601,nan,nan,nan,0.4689,-0.6392,0.6095,-0.8014,-0.0178,0.5979,-0.3713,-0.7688,-0.5206,0.0000,0.0000,0.0000,47.4279,-64.7924,61.8398,-7285.3874,1291.2181,296.2125,nan,nan,nan,-0.5980,0.7699,-0.2228,-0.1367,0.1760,0.9749,90.000,nan,nan,nan,0.0000,0.0000,0.0000,nan,nan,nan,-7285.3874,1291.2181,296.2125,-7285.3874,1291.2181,296.2125,12.000,1,nan,nan
23.7380,375.2500,1,-7447.5815,1521.2971,253.5694,nan,nan,nan,0.4719,-0.6392,0.6072,-0.7996,-0.0202,0.6002,-0.3713,-0.7688,-0.5206,0.0000,0.0000,0.0000,47.2709,-64.3837,61.3581,-7283.8344,1288.6382,298.4019,nan,nan,nan,-0.5980,0.7699,-0.2228,-0.1367,0.1760,0.9749,90.000,nan,nan,nan,0.0000,0.0000,0.0000,nan,nan,nan,-7283.8344,1288.6382,298.4019,-7283.8344,1288.6382,298.4019,12.000,1,nan,nan
23.7670,375.2834,1,-7445.9448,1519.1403,255.5871,nan,nan,nan,0.4847,-0.6388,0.5975,-0.7919,-0.0305,0.6098,-0.3713,-0.7688,-0.5206,0.0000,0.0000,0.0000,47.5880,-64.3311,61.0562,-7282.2730,1286.1332,300.5574,nan,nan,nan,-0.5980,0.7699,-0.2228,-0.1367,0.1760,0.9749,90.000,nan,nan,nan,0.0000,0.0000,0.0000,nan,nan,nan,-7282.2730,1286.1332,300.5574,-7282.2730,1286.1332,300.5574,12.000,1,nan,nan
23.7980,375.3167,1,-7444.1996,1517.0550,257.4217,nan,nan,nan,0.5320,-0.6357,0.5593,-0.7610,-0.0693,0.6451,-0.3713,-0.7688,-0.5206,0.0000,0.0000,0.0000,48.6511,-63.9207,59.6923,-7280.6879,1283.7029,302.6549,nan,nan,nan,-0.5980,0.7699,-0.2228,-0.1367,0.1760,0.9749,90.000,nan,nan,nan,0.0000,0.0000,0.0000,nan,nan,nan,-7280.6879,1283.7029,302.6549,-7280.6879,1283.7029,302.6549,12.000,1,nan,nan
23.8270,375.3500,1,-7441.7612,1515.0040,258.7113,nan,nan,nan,0.7094,-0.5967,0.3752,-0.5991,-0.2300,0.7669,-0.3713,-0.7688,-0.5206,0.0000,0.0000,0.0000,54.0222,-63.2327,54.8459,-7278.9732,1281.3392,304.6194,nan,nan,nan,-0.5980,0.7699,-0.2228,-0.1367,0.1760,0.9749,90.000,nan,nan,nan,0.0000,0.0000,0.0000,nan,nan,nan,-7278.9732,1281.3392,304.6194,-7278.9732,1281.3392,304.6194,12.000,1,nan,nan
23.8590,375.3667,1,-7440.4933,1513.9978,259.2928,nan,nan,nan,0.7372,-0.5850,0.3381,-0.5645,-0.2583,0.7840,-0.3713,-0.7688,-0.5206,0.0000,0.0000,0.0000,60.9411,-62.4793,48.7990,-7278.1654,1280.2828,305.4777,nan,nan,nan,-0.5980,0.7699,-0.2228,-0.1367,0.1760,0.9749,90.000,nan,nan,nan,0.0000,0.0000,0.0000,nan,nan,nan,-7278.1654,1280.2828,305.4777,-7278.1654,1280.2828,305.4777,12.000,1,nan,nan
23.8860,375.4000,1,-7437.9139,1511.9848,260.4258,nan,nan,nan,0.7449,-0.5814,0.3272,-0.5542,-0.2664,0.7886,-0.3713,-0.7688,-0.5206,0.0000,0.0000,0.0000,67.9808,-61.4657,42.2815,-7276.2454,1277.9857,307.2652,nan,nan,nan,-0.5980,0.7699,-0.2228,-0.1367,0.1760,0.9749,90.000,nan,nan,nan,0.0000,0.0000,0.0000,nan,nan,nan,-7276.2454,1277.9857,307.2652,-7276.2454,1277.9857,307.2652,12.000,1,nan,nan
23.9150,375.4334,1,-7435.3346,1509.9719,261.5587,nan,nan,nan,0.7449,-0.5814,0.3272,-0.5542,-0.2664,0.7886,-0.3713,-0.7688,-0.5206,0.0000,0.0000,0.0000,74.3936,-60.8290,36.7678,-7274.2245,1275.7360,308.9479,nan,nan,nan,-0.5980,0.7699,-0.2228,-0.1367,0.1760,0.9749,90.000,nan,nan,nan,0.0000,0.0000,0.0000,nan,nan,nan,-7274.2245,1275.7360,308.9479,-7274.2245,1275.7360,308.9479,12.000,1,nan,nan
23.9450,375.4667,1,-7432.7236,1507.9636,262.6622,nan,nan,nan,0.7516,-0.5781,0.3177,-0.5452,-0.2734,0.7925,-0.3713,-0.7688,-0.5206,0.0000,0.0000,0.0000,76.7115,-60.4456,34.5485,-7272.1126,1273.5256,310.5386,nan,nan,nan,-0.5980,0.7699,-0.2228,-0.1367,0.1760,0.9749,90.000,nan,nan,nan,0.0000,0.0000,0.0000,nan,nan,nan,-7272.1126,1273.5256,310.5386,-7272.1126,1273.5256,310.5386,12.000,1,nan,nan
23.9760,375.4834,1,-7431.3269,1506.9794,263.1611,nan,nan,nan,0.7802,-0.5623,0.2740,-0.5034,-0.3045,0.8086,-0.3713,-0.7688,-0.5206,0.0000,0.0000,0.0000,78.7204,-60.1051,33.1126,-7271.1289,1272.5328,311.2370,nan,nan,nan,-0.5980,0.7699,-0.2228,-0.1367,0.1760,0.9749,90.000,nan,nan,nan,0.0000,0.0000,0.0000,nan,nan,nan,-7271.1289,1272.5328,311.2370,-7271.1289,1272.5328,311.2370,12.000,1,nan,nan
24.0010,375.5167,1,-7428.1889,1505.3251,264.2383,nan,nan,nan,0.8194,-0.5202,0.2408,-0.4720,-0.3739,0.7984,-0.3253,-0.7678,-0.5519,0.0000,0.0000,0.0000,82.4741,-57.8847,32.4910,-7268.6335,1270.4022,312.6258,nan,nan,nan,-0.5980,0.7699,-0.2228,-0.1367,0.1760,0.9749,90.000,nan,nan,nan,0.0000,0.0000,0.0000,nan,nan,nan,-7268.6335,1270.4022,312.6258,-7268.6335,1270.4022,312.6258,12.000,1,nan,nan
24.0310,375.5500,1,-7424.7683,1504.4336,265.4509,nan,nan,nan,0.9041,-0.3291,0.2724,-0.3993,-0.4242,0.8128,-0.1520,-0.8437,-0.5149,0.0000,0.0000,0.0000,88.2724,-50.7116,32.8447,-7265.3507,1268.1626,314.1478,nan,nan,nan,-0.5980,0.7699,-0.2228,-0.1367,0.1760,0.9749,90.000,nan,nan,nan,0.0000,0.0000,0.0000,nan,nan,nan,-7265.3507,1268.1626,314.1478,-7265.3507,1268.1626,314.1478,12.000,1,nan,nan
24.0580,375.5834,1,-7421.1434,1503.7511,266.4309,nan,nan,nan,0.9506,-0.1810,0.2520,-0.3055,-0.4043,0.8621,-0.0541,-0.8965,-0.4396,0.0000,0.0000,0.0000,95.5159,-41.3222,32.1738,-7261.6432,1265.9734,315.8498,nan,nan,nan,-0.5980,0.7699,-0.2228,-0.1367,0.1760,0.9749,90.000,nan,nan,nan,0.0000,0.0000,0.0000,nan,nan,nan,-7261.6432,1265.9734,315.8498,-7261.6432,1265.9734,315.8498,12.000,1,nan,nan
24.0880,375.6000,1,-7419.3077,1503.4581,266.8299,nan,nan,nan,0.9655,-0.1548,0.2094,-0.2533,-0.3706,0.8936,-0.0608,-0.9158,-0.3970,0.0000,0.0000,0.0000,102.2328,-31.1499,30.8417,-7259.9851,1265.0209,316.6489,nan,nan,nan,-0.5980,0.7699,-0.2228,-0.1367,0.1760,0.9749,90.000,nan,nan,nan,0.0000,0.0000,0.0000,nan,nan,nan,-7259.9851,1265.0209,316.6489,-7259.9851,1265.0209,316.6489,12.000,1,nan,nan
24.1160,375.6334,1,-7415.5622,1502.8826,267.6164,nan,nan,nan,0.9677,-0.1501,0.2026,-0.2442,-0.3572,0.9016,-0.0630,-0.9219,-0.3823,0.0000,0.0000,0.0000,107.2210,-22.6431,28.8309,-7256.2932,1263.1336,318.3133,nan,nan,nan,-0.5980,0.7699,-0.2228,-0.1367,0.1760,0.9749,90.000,nan,nan,nan,0.0000,0.0000,0.0000,nan,nan,nan,-7256.2932,1263.1336,318.3133,-7256.2932,1263.1336,318.3133,12.000,1,nan,nan
24.1450,375.6667,1,-7411.8276,1502.3044,268.4517,nan,nan,nan,0.9648,-0.1511,0.2151,-0.2542,-0.3274,0.9101,-0.0671,-0.9327,-0.3543,0.0000,0.0000,0.0000,110.1024,-19.0619,26.1650,-7252.6235,1261.4322,319.9268,nan,nan,nan,-0.5980,0.7699,-0.2228,-0.1367,0.1760,0.9749,90.000,nan,nan,nan,0.0000,0.0000,0.0000,nan,nan,nan,-7252.6235,1261.4322,319.9268,-7252.6235,1261.4322,319.9268,12.000,1,nan,nan
24.1740,375.6834,1,-7410.0235,1501.6594,268.6578,nan,nan,nan,0.9740,-0.1363,0.1811,-0.2153,-0.3059,0.9274,-0.0710,-0.9423,-0.3272,0.0000,0.0000,0.0000,110.5784,-21.9903,22.2261,-7250.9768,1260.6659,320.6499,nan,nan,nan,-0.5980,0.7699,-0.2228,-0.1367,0.1760,0.9749,90.000,nan,nan,nan,0.0000,0.0000,0.0000,nan,nan,nan,-7250.9768,1260.6659,320.6499,-7250.9768,1260.6659,320.6499,12.000,1,nan,nan
24.2010,375.7167,1,-7406.1765,1501.0591,269.0653,nan,nan,nan,0.9841,-0.1561,0.0853,-0.1465,-0.4396,0.8862,-0.1008,-0.8845,-0.4554,0.0000,0.0000,0.0000,111.7276,-22.6620,19.0948,-7247.4260,1259.3443,321.6357,nan,nan,nan,-0.5980,0.7699,-0.2228,-0.1367,0.1760,0.9749,90.000,nan,nan,nan,0.0000,0.0000,0.0000,nan,nan,nan,-7247.4260,1259.3443,321.6357,-7247.4260,1259.3443,321.6357,12.000,1,nan,nan
24.2300,375.7500,1,-7402.3808,1501.0750,269.8456,nan,nan,nan,0.9843,-0.0741,0.1599,-0.1749,-0.5207,0.8356,0.0213,-0.8505,-0.5255,0.0000,0.0000,0.0000,112.2584,-19.2478,18.4313,-7243.3950,1258.3330,322.3735,nan,nan,nan,-0.5980,0.7699,-0.2228,-0.1367,0.1760,0.9749,90.000,nan,nan,nan,0.0000,0.0000,0.0000,nan,nan,nan,-7243.3950,1258.3330,322.3735,-7243.3950,1258.3330,322.3735,12.000,1,nan,nan
24.2590,375.7834,1,-7398.6151,1500.4219,270.7446,nan,nan,nan,0.9602,-0.1445,0.2389,-0.2781,-0.4162,0.8657,-0.0256,-0.8977,-0.4398,0.0000,0.0000,0.0000,112.5511,-19.0142,18.6808,-7239.5765,1257.2318,323.4103,nan,nan,nan,-0.5980,0.7699,-0.2228,-0.1367,0.1760,0.9749,90.000,nan,nan,nan,0.0000,0.0000,0.0000,nan,nan,nan,-7239.5765,1257.2318,323.4103,-7239.5765,1257.2318,323.4103,12.000,1,nan,nan
24.2870,375.8000,1,-7396.7336,1500.0883,271.2205,nan,nan,nan,0.9564,-0.1558,0.2469,-0.2883,-0.3693,0.8835,-0.0465,-0.9162,-0.3981,0.0000,0.0000,0.0000,113.5389,-15.2307,21.9667,-7237.8880,1256.7227,323.9411,nan,nan,nan,-0.5980,0.7699,-0.2228,-0.1367,0.1760,0.9749,90.000,nan,nan,nan,0.0000,0.0000,0.0000,nan,nan,nan,-7237.8880,1256.7227,323.9411,-7237.8880,1256.7227,323.9411,12.000,1,nan,nan
24.3170,375.8334,1,-7392.9742,1499.4206,272.1860,nan,nan,nan,0.9546,-0.1676,0.2463,-0.2858,-0.2817,0.9160,-0.0841,-0.9448,-0.3168,0.0000,0.0000,0.0000,113.2106,-14.8785,25.9724,-7234.2409,1255.5693,325.3528,nan,nan,nan,-0.5980,0.7699,-0.2228,-0.1367,0.1760,0.9749,90.000,nan,nan,nan,0.0000,0.0000,0.0000,nan,nan,nan,-7234.2409,1255.5693,325.3528,-7234.2409,1255.5693,325.3528,12.000,1,nan,nan
24.3440,375.8667,1,-7389.2178,1498.7358,273.2341,nan,nan,nan,0.9486,-0.1741,0.2644,-0.3010,-0.2375,0.9236,-0.0980,-0.9557,-0.2777,0.0000,0.0000,0.0000,112.9096,-19.0124,28.3803,-7230.6231,1254.4570,326.8311,nan,nan,nan,-0.5980,0.7699,-0.2228,-0.1367,0.1760,0.9749,90.000,nan,nan,nan,0.0000,0.0000,0.0000,nan,nan,nan,-7230.6231,1254.4570,326.8311,-7230.6231,1254.4570,326.8311,12.000,1,nan,nan
24.3730,375.8834,1,-7387.3276,1498.3619,273.8827,nan,nan,nan,0.9297,-0.1845,0.3188,-0.3536,-0.2043,0.9128,-0.1033,-0.9614,-0.2551,0.0000,0.0000,0.0000,112.9376,-20.4074,31.2508,-7228.9880,1253.9590,327.5286,nan,nan,nan,-0.5980,0.7699,-0.2228,-0.1367,0.1760,0.9749,90.000,nan,nan,nan,0.0000,0.0000,0.0000,nan,nan,nan,-7228.9880,1253.9590,327.5286,-7228.9880,1253.9590,327.5286,12.000,1,nan,nan
24.4010,375.9167,1,-7383.4918,1497.5357,275.4578,nan,nan,nan,0.9072,-0.1954,0.3725,-0.4076,-0.1890,0.8934,-0.1042,-0.9623,-0.2511,0.0000,0.0000,0.0000,113.3796,-21.6409,35.5657,-7225.3008,1252.8874,329.1057,nan,nan,nan,-0.5980,0.7699,-0.2228,-0.1367,0.1760,0.9749,90.000,nan,nan,nan,0.0000,0.0000,0.0000,nan,nan,nan,-7225.3008,1252.8874,329.1057,-7225.3008,1252.8874,329.1057,12.000,1,nan,nan
24.4300,375.9500,1,-7379.8497,1496.6243,277.4395,nan,nan,nan,0.8579,-0.2147,0.4668,-0.5031,-0.1668,0.8480,-0.1042,-0.9623,-0.2511,0.0000,0.0000,0.0000,112.7644,-23.3494,42.5254,-7221.6186,1251.8411,330.7492,nan,nan,nan,-0.5980,0.7699,-0.2228,-0.1367,0.1760,0.9749,90.000,nan,nan,nan,0.0000,0.0000,0.0000,nan,nan,nan,-7221.6186,1251.8411,330.7492,-7221.6186,1251.8411,330.7492,12.000,1,nan,nan
24.4580,375.9834,1,-7376.3527,1495.6541,279.7068,nan,nan,nan,0.8172,-0.2267,0.5298,-0.5668,-0.1500,0.8101,-0.1042,-0.9623,-0.2511,0.0000,0.0000,0.0000,111.0848,-25.4032,51.2328,-7217.9644,1250.8065,332.4946,nan,nan,nan,-0.5980,0.7699,-0.2228,-0.1367,0.1760,0.9749,90.000,nan,nan,nan,0.0000,0.0000,0.0000,nan,nan,nan,-7217.9644,1250.8065,332.4946,-7217.9644,1250.8065,332.4946,12.000,1,nan,nan
24.4890,376.0000,1,-7374.7288,1494.7401,280.7182,nan,nan,nan,0.8073,-0.2293,0.5438,-0.5809,-0.1460,0.8007,-0.1042,-0.9623,-0.2511,0.0000,0.0000,0.0000,107.5529,-32.2955,57.3279,-7216.3296,1250.3075,333.2941,nan,nan,nan,-0.5980,0.7699,-0.2228,-0.1367,0.1760,0.9749,90.000,nan,nan,nan,0.0000,0.0000,0.0000,nan,nan,nan,-7216.3296,1250.3075,333.2941,-7216.3296,1250.3075,333.2941,12.000,1,nan,nan
24.5180,376.0334,1,-7371.3738,1492.7513,282.6858,nan,nan,nan,0.7889,-0.3850,0.4790,-0.5791,-0.2047,0.7892,-0.2058,-0.8999,-0.3844,0.0000,0.0000,0.0000,103.9618,-40.6491,60.9019,-7213.0464,1249.2508,334.6816,nan,nan,nan,-0.5980,0.7699,-0.2228,-0.1367,0.1760,0.9749,90.000,nan,nan,nan,0.0000,0.0000,0.0000,nan,nan,nan,-7213.0464,1249.2508,334.6816,-7213.0464,1249.2508,334.6816,12.000,1,nan,nan
24.5460,376.0667,1,-7368.2482,1490.6643,284.7697,nan,nan,nan,0.7334,-0.4674,0.4937,-0.6319,-0.2006,0.7487,-0.2509,-0.8610,-0.4424,0.0000,0.0000,0.0000,100.1445,-49.3739,62.2303,-7209.9289,1248.1511,335.9965,nan,nan,nan,-0.5980,0.7699,-0.2228,-0.1367,0.1760,0.9749,90.000,nan,nan,nan,0.0000,0.0000,0.0000,nan,nan,nan,-7209.9289,1248.1511,335.9965,-7209.9289,1248.1511,335.9965,12.000,1,nan,nan
24.5750,376.0834,1,-7366.7811,1489.5626,285.9097,nan,nan,nan,0.6786,-0.5102,0.5284,-0.6666,-0.1257,0.7347,-0.3084,-0.8508,-0.4254,0.0000,0.0000,0.0000,96.0037,-58.5183,62.5716,-7208.5269,1247.5893,336.7031,nan,nan,nan,-0.5980,0.7699,-0.2228,-0.1367,0.1760,0.9749,90.000,nan,nan,nan,0.0000,0.0000,0.0000,nan,nan,nan,-7208.5269,1247.5893,336.7031,-7208.5269,1247.5893,336.7031,12.000,1,nan,nan
24.6030,376.1167,1,-7363.9061,1487.3374,288.2759,nan,nan,nan,0.6628,-0.5130,0.5455,-0.6823,-0.1137,0.7221,-0.3084,-0.8508,-0.4254,0.0000,0.0000,0.0000,92.9389,-62.7300,64.7003,-7205.6047,1246.2426,338.3260,nan,nan,nan,-0.5980,0.7699,-0.2228,-0.1367,0.1760,0.9749,90.000,nan,nan,nan,0.0000,0.0000,0.0000,nan,nan,nan,-7205.6047,1246.2426,338.3260,-7205.6047,1246.2426,338.3260,12.000,1,nan,nan
24.6320,376.1500,1,-7361.0299,1485.1133,290.6457,nan,nan,nan,0.6626,-0.5130,0.5457,-0.6826,-0.1135,0.7219,-0.3084,-0.8508,-0.4254,0.0000,0.0000,0.0000,89.4532,-64.9845,67.5391,-7202.7222,1244.7688,340.0518,nan,nan,nan,-0.5980,0.7699,-0.2228,-0.1367,0.1760,0.9749,90.000,nan,nan,nan,0.0000,0.0000,0.0000,nan,nan,nan,-7202.7222,1244.7688,340.0518,-7202.7222,1244.7688,340.0518,12.000,1,nan,nan
24.6600,376.1834,1,-7358.0548,1483.3313,293.3230,nan,nan,nan,0.6501,-0.5018,0.5706,-0.6957,-0.0910,0.7126,-0.3056,-0.8602,-0.4082,0.0000,0.0000,0.0000,87.8530,-63.6050,71.6673,-7199.8356,1243.2256,341.9738,nan,nan,nan,-0.5980,0.7699,-0.2228,-0.1367,0.1760,0.9749,90.000,nan,nan,nan,0.0000,0.0000,0.0000,nan,nan,nan,-7199.8356,1243.2256,341.9738,-7199.8356,1243.2256,341.9738,12.000,1,nan,nan
24.6890,376.2000,1,-7356.8801,1482.7168,294.8943,nan,nan,nan,0.5239,-0.4581,0.7181,-0.7988,0.0284,0.6009,-0.2957,-0.8884,-0.3511,0.0000,0.0000,0.0000,84.0248,-57.4830,77.6694,-7198.5384,1242.4970,342.9795,nan,nan,nan,-0.5980,0.7699,-0.2228,-0.1367,0.1760,0.9749,90.000,nan,nan,nan,0.0000,0.0000,0.0000,nan,nan,nan,-7198.5384,1242.4970,342.9795,-7198.5384,1242.4970,342.9795,12.000,1,nan,nan
24.7170,376.2334,1,-7355.2524,1481.7031,297.9412,nan,nan,nan,0.4435,-0.3208,0.8369,-0.8550,0.1286,0.5025,-0.2689,-0.9384,-0.2172,0.0000,0.0000,0.0000,75.7759,-48.9897,82.9534,-7195.7176,1240.7828,345.8253,nan,nan,nan,-0.5980,0.7699,-0.2228,-0.1367,0.1760,0.9749,90.000,nan,nan,nan,0.0000,0.0000,0.0000,nan,nan,nan,-7195.7176,1240.7828,345.8253,-7195.7176,1240.7828,345.8253,12.000,1,nan,nan
24.7450,376.2667,1,-7354.3707,1480.9736,300.8413,nan,nan,nan,0.2787,-0.2492,0.9275,-0.9245,0.1917,0.3293,-0.2599,-0.9493,-0.1770,0.0000,0.0000,0.0000,62.1585,-38.3232,87.1923,-7193.1990,1239.2032,348.7929,nan,nan,nan,-0.5980,0.7699,-0.2228,-0.1367,0.1760,0.9749,90.000,nan,nan,nan,0.0000,0.0000,0.0000,nan,nan,nan,-7193.1990,1239.2032,348.7929,-7193.1990,1239.2032,348.7929,12.000,1,nan,nan
24.7740,376.2834,1,-7354.4510,1480.8654,302.2187,nan,nan,nan,0.0693,-0.1332,0.9887,-0.9754,0.1987,0.0951,-0.2091,-0.9710,-0.1162,0.0000,0.0000,0.0000,40.6214,-26.7966,88.5054,-7192.0820,1238.5062,350.2283,nan,nan,nan,-0.5980,0.7699,-0.2228,-0.1367,0.1760,0.9749,90.000,nan,nan,nan,0.0000,0.0000,0.0000,nan,nan,nan,-7192.0820,1238.5062,350.2283,-7192.0820,1238.5062,350.2283,12.000,1,nan,nan
24.8040,376.3167,1,-7354.9325,1480.8926,304.9844,nan,nan,nan,-0.1799,-0.0320,0.9832,-0.9700,0.1717,-0.1719,-0.1633,-0.9846,-0.0620,0.0000,0.0000,0.0000,19.3287,-16.9537,86.5063,-7189.9344,1237.1702,353.5197,nan,nan,nan,-0.5980,0.7699,-0.2228,-0.1367,0.1760,0.9749,90.000,nan,nan,nan,0.0000,0.0000,0.0000,nan,nan,nan,-7189.9344,1237.1702,353.5197,-7189.9344,1237.1702,353.5197,12.000,1,nan,nan
24.8320,376.3500,1,-7355.5970,1481.4080,307.7718,nan,nan,nan,-0.2440,0.0752,0.9669,-0.9646,0.0841,-0.2500,-0.1001,-0.9936,0.0520,0.0000,0.0000,0.0000,1.3165,-5.8106,84.5501,-7188.0336,1236.1025,357.1045,nan,nan,nan,-0.5980,0.7699,-0.2228,-0.1367,0.1760,0.9749,90.000,nan,nan,nan,0.0000,0.0000,0.0000,nan,nan,nan,-7188.0336,1236.1025,357.1045,-7188.0336,1236.1025,357.1045,12.000,1,nan,nan
24.8620,376.3834,1,-7356.6205,1482.5662,310.3256,nan,nan,nan,-0.3640,0.2857,0.8865,-0.9196,0.0406,-0.3907,-0.1476,-0.9574,0.2480,0.0000,0.0000,0.0000,-13.7166,7.7439,82.0804,-7186.7544,1235.5095,361.1746,nan,nan,nan,-0.5980,0.7699,-0.2228,-0.1367,0.1760,0.9749,90.000,nan,nan,nan,0.0000,0.0000,0.0000,nan,nan,nan,-7186.7544,1235.5095,361.1746,-7186.7544,1235.5095,361.1746,12.000,1,nan,nan
24.8890,376.4000,1,-7357.2688,1483.3334,311.3721,nan,nan,nan,-0.4719,0.4379,0.7652,-0.8577,-0.0271,-0.5134,-0.2041,-0.8986,0.3884,0.0000,0.0000,0.0000,-23.5406,20.9608,77.6150,-7186.3668,1235.4201,363.1737,nan,nan,nan,-0.5980,0.7699,-0.2228,-0.1367,0.1760,0.9749,90.000,nan,nan,nan,0.0000,0.0000,0.0000,nan,nan,nan,-7186.3668,1235.4201,363.1737,-7186.3668,1235.4201,363.1737,12.000,1,nan,nan
24.9200,376.4334,1,-7358.5488,1485.1069,313.0329,nan,nan,nan,-0.4955,0.5693,0.6560,-0.8261,-0.0757,-0.5584,-0.2682,-0.8186,0.5078,0.0000,0.0000,0.0000,-30.2962,34.0817,70.0930,-7186.0630,1235.8041,367.5598,nan,nan,nan,-0.5980,0.7699,-0.2228,-0.1367,0.1760,0.9749,90.000,nan,nan,nan,0.0000,0.0000,0.0000,nan,nan,nan,-7186.0630,1235.8041,367.5598,-7186.0630,1235.8041,367.5598,12.000,1,nan,nan
24.9480,376.4667,1,-7359.8171,1487.1782,314.1874,nan,nan,nan,-0.5100,0.7064,0.4908,-0.7838,-0.1466,-0.6034,-0.3544,-0.6924,0.6285,0.0000,0.0000,0.0000,-35.2704,46.0410,58.7913,-7186.2968,1236.8744,371.8081,nan,nan,nan,-0.5980,0.7699,-0.2228,-0.1367,0.1760,0.9749,90.000,nan,nan,nan,0.0000,0.0000,0.0000,nan,nan,nan,-7186.2968,1236.8744,371.8081,-7186.2968,1236.8744,371.8081,12.000,1,nan,nan
24.9760,376.5000,1,-7360.9791,1489.5043,314.8761,nan,nan,nan,-0.4786,0.8151,0.3265,-0.7549,-0.1921,-0.6271,-0.4484,-0.5466,0.7072,0.0000,0.0000,0.0000,-37.0960,55.4406,45.3408,-7186.9876,1238.6225,375.7265,nan,nan,nan,-0.5980,0.7699,-0.2228,-0.1367,0.1760,0.9749,90.000,nan,nan,nan,0.0000,0.0000,0.0000,nan,nan,nan,-7186.9876,1238.6225,375.7265,-7186.9876,1238.6225,375.7265,12.000,1,nan,nan
25.0040,376.5167,1,-7361.5166,1490.6873,315.0250,nan,nan,nan,-0.4325,0.8904,0.1418,-0.7287,-0.2526,-0.6366,-0.5310,-0.3786,0.7581,0.0000,0.0000,0.0000,-36.1313,62.3088,31.8786,-7187.4522,1239.7173,377.4511,nan,nan,nan,-0.5980,0.7699,-0.2228,-0.1367,0.1760,0.9749,90.000,nan,nan,nan,0.0000,0.0000,0.0000,nan,nan,nan,-7187.4522,1239.7173,377.4511,-7187.4522,1239.7173,377.4511,12.000,1,nan,nan
25.0320,376.5500,1,-7362.6231,1492.9902,315.1076,nan,nan,nan,-0.4441,0.8948,0.0466,-0.7183,-0.3245,-0.6154,-0.5356,-0.3067,0.7868,0.0000,0.0000,0.0000,-34.8977,66.8594,19.7167,-7188.5065,1242.3514,380.7481,nan,nan,nan,-0.5980,0.7699,-0.2228,-0.1367,0.1760,0.9749,90.000,nan,nan,nan,0.0000,0.0000,0.0000,nan,nan,nan,-7188.5065,1242.3514,380.7481,-7188.5065,1242.3514,380.7481,12.000,1,nan,nan
25.0600,376.5834,1,-7363.7843,1495.0739,315.0699,nan,nan,nan,-0.4868,0.8734,-0.0159,-0.6925,-0.3970,-0.6024,-0.5324,-0.2822,0.7981,0.0000,0.0000,0.0000,-34.0074,67.8441,10.1307,-7189.5491,1244.9289,383.4888,nan,nan,nan,-0.5980,0.7699,-0.2228,-0.1367,0.1760,0.9749,90.000,nan,nan,nan,0.0000,0.0000,0.0000,nan,nan,nan,-7189.5491,1244.9289,383.4888,-7189.5491,1244.9289,383.4888,12.000,1,nan,nan
25.0900,376.6000,1,-7364.4135,1495.9767,314.9693,nan,nan,nan,-0.5695,0.8169,-0.0910,-0.6263,-0.5029,-0.5957,-0.5324,-0.2822,0.7981,0.0000,0.0000,0.0000,-34.4090,64.9173,2.8743,-7190.0238,1246.0518,384.6003,nan,nan,nan,-0.5980,0.7699,-0.2228,-0.1367,0.1760,0.9749,90.000,nan,nan,nan,0.0000,0.0000,0.0000,nan,nan,nan,-7190.0238,1246.0518,384.6003,-7190.0238,1246.0518,384.6003,12.000,1,nan,nan
25.1190,376.6334,1,-7365.8230,1497.4826,314.5615,nan,nan,nan,-0.6704,0.7162,-0.1939,-0.5169,-0.6383,-0.5705,-0.5324,-0.2822,0.7981,0.0000,0.0000,0.0000,-36.4956,59.1718,-2.8096,-7191.1142,1248.3480,386.5792,nan,nan,nan,-0.5980,0.7699,-0.2228,-0.1367,0.1760,0.9749,90.000,nan,nan,nan,0.0000,0.0000,0.0000,nan,nan,nan,-7191.1142,1248.3480,386.5792,-7191.1142,1248.3480,386.5792,12.000,1,nan,nan
25.1490,376.6667,1,-7367.4995,1498.8441,313.9245,nan,nan,nan,-0.7445,0.6047,-0.2829,-0.4027,-0.7448,-0.5321,-0.5324,-0.2822,0.7981,0.0000,0.0000,0.0000,-40.3329,52.3743,-8.2640,-7192.2720,1250.4569,388.1219,nan,nan,nan,-0.5980,0.7699,-0.2228,-0.1367,0.1760,0.9749,90.000,nan,nan,nan,0.0000,0.0000,0.0000,nan,nan,nan,-7192.2720,1250.4569,388.1219,-7192.2720,1250.4569,388.1219,12.000,1,nan,nan
25.1770,376.7000,1,-7369.3309,1500.1165,313.3093,nan,nan,nan,-0.7640,0.5661,-0.3095,-0.3644,-0.7745,-0.5170,-0.5324,-0.2822,0.7981,0.0000,0.0000,0.0000,-45.1220,46.1466,-12.8194,-7193.5127,1252.4082,389.3181,nan,nan,nan,-0.5980,0.7699,-0.2228,-0.1367,0.1760,0.9749,90.000,nan,nan,nan,0.0000,0.0000,0.0000,nan,nan,nan,-7193.5127,1252.4082,389.3181,-7193.5127,1252.4082,389.3181,12.000,1,nan,nan
25.2060,376.7167,1,-7370.4519,1500.4773,313.2035,nan,nan,nan,-0.8642,0.3927,-0.3145,-0.2325,-0.8660,-0.4427,-0.4462,-0.3095,0.8397,0.0000,0.0000,0.0000,-51.9813,38.3976,-13.7932,-7193.9795,1253.1976,389.8628,nan,nan,nan,-0.5980,0.7699,-0.2228,-0.1367,0.1760,0.9749,90.000,nan,nan,nan,0.0000,0.0000,0.0000,nan,nan,nan,-7193.9795,1253.1976,389.8628,-7193.9795,1253.1976,389.8628,12.000,1,nan,nan
25.2340,376.7500,1,-7372.7675,1501.0414,312.9122,nan,nan,nan,-0.9499,0.2583,-0.1760,-0.1694,-0.8988,-0.4044,-0.2627,-0.3543,0.8975,0.0000,0.0000,0.0000,-58.7895,31.1974,-13.2895,-7194.6366,1254.5868,390.9765,nan,nan,nan,-0.5980,0.7699,-0.2228,-0.1367,0.1760,0.9749,90.000,nan,nan,nan,0.0000,0.0000,0.0000,nan,nan,nan,-7194.6366,1254.5868,390.9765,-7194.6366,1254.5868,390.9765,12.000,1,nan,nan
25.2640,376.7834,1,-7375.1302,1501.3330,312.5005,nan,nan,nan,-0.9780,0.1206,-0.1704,-0.0472,-0.9230,-0.3819,-0.2033,-0.3655,0.9083,0.0000,0.0000,0.0000,-64.2684,23.3372,-11.8368,-7195.3502,1255.7604,391.8828,nan,nan,nan,-0.5980,0.7699,-0.2228,-0.1367,0.1760,0.9749,90.000,nan,nan,nan,0.0000,0.0000,0.0000,nan,nan,nan,-7195.3502,1255.7604,391.8828,-7195.3502,1255.7604,391.8828,12.000,1,nan,nan
25.2920,376.8167,1,-7377.5244,1501.4289,312.0031,nan,nan,nan,-0.9783,0.0392,-0.2033,0.0387,-0.9300,-0.3655,-0.2033,-0.3655,0.9083,0.0000,0.0000,0.0000,-68.7412,14.7064,-10.8396,-7196.2872,1256.7746,392.5877,nan,nan,nan,-0.5980,0.7699,-0.2228,-0.1367,0.1760,0.9749,90.000,nan,nan,nan,0.0000,0.0000,0.0000,nan,nan,nan,-7196.2872,1256.7746,392.5877,-7196.2872,1256.7746,392.5877,12.000,1,nan,nan
25.3210,376.8334,1,-7378.8032,1501.4157,311.7115,nan,nan,nan,-0.9749,-0.0101,-0.2223,0.0904,-0.9308,-0.3543,-0.2033,-0.3655,0.9083,0.0000,0.0000,0.0000,-71.5286,8.4923,-12.8696,-7196.7714,1257.2045,392.8674,nan,nan,nan,-0.5980,0.7699,-0.2228,-0.1367,0.1760,0.9749,90.000,nan,nan,nan,0.0000,0.0000,0.0000,nan,nan,nan,-7196.7714,1257.2045,392.8674,-7196.7714,1257.2045,392.8674,12.000,1,nan,nan
25.3500,376.8667,1,-7381.6453,1501.2820,311.0215,nan,nan,nan,-0.9708,-0.0457,-0.2357,0.1276,-0.9297,-0.3455,-0.2033,-0.3655,0.9083,0.0000,0.0000,0.0000,-75.2453,3.0625,-15.6676,-7198.1317,1258.0329,393.3204,nan,nan,nan,-0.5980,0.7699,-0.2228,-0.1367,0.1760,0.9749,90.000,nan,nan,nan,0.0000,0.0000,0.0000,nan,nan,nan,-7198.1317,1258.0329,393.3204,-7198.1317,1258.0329,393.3204,12.000,1,nan,nan
25.3790,376.9000,1,-7384.4873,1501.1483,310.3315,nan,nan,nan,-0.9708,-0.0457,-0.2357,0.1276,-0.9297,-0.3455,-0.2033,-0.3655,0.9083,0.0000,0.0000,0.0000,-78.8649,-0.5747,-17.8976,-7199.6722,1258.7104,393.6045,nan,nan,nan,-0.5980,0.7699,-0.2228,-0.1367,0.1760,0.9749,90.000,nan,nan,nan,0.0000,0.0000,0.0000,nan,nan,nan,-7199.6722,1258.7104,393.6045,-7199.6722,1258.7104,393.6045,12.000,1,nan,nan
25.4060,376.9167,1,-7385.9286,1501.0770,309.9801,nan,nan,nan,-0.9704,-0.0480,-0.2366,0.1301,-0.9296,-0.3449,-0.2033,-0.3655,0.9083,0.0000,0.0000,0.0000,-82.5191,-2.7332,-19.5754,-7200.4586,1259.0054,393.7051,nan,nan,nan,-0.5980,0.7699,-0.2228,-0.1367,0.1760,0.9749,90.000,nan,nan,nan,0.0000,0.0000,0.0000,nan,nan,nan,-7200.4586,1259.0054,393.7051,-7200.4586,1259.0054,393.7051,12.000,1,nan,nan
25.4340,376.9500,1,-7388.8170,1500.9390,309.3653,nan,nan,nan,-0.9719,-0.0369,-0.2324,0.1184,-0.9301,-0.3477,-0.2033,-0.3655,0.9083,0.0000,0.0000,0.0000,-85.2347,-3.8343,-20.1003,-7202.3091,1259.5260,393.8019,nan,nan,nan,-0.5980,0.7699,-0.2228,-0.1367,0.1760,0.9749,90.000,nan,nan,nan,0.0000,0.0000,0.0000,nan,nan,nan,-7202.3091,1259.5260,393.8019,-7202.3091,1259.5260,393.8019,12.000,1,nan,nan
25.4630,376.9834,1,-7391.8754,1500.1584,309.6727,nan,nan,nan,-0.9843,-0.1558,-0.0828,0.1764,-0.8748,-0.4512,-0.0021,-0.4587,0.8886,0.0000,0.0000,0.0000,-87.0758,-7.9366,-14.2211,-7203.9678,1259.6066,393.8826,nan,nan,nan,-0.5980,0.7699,-0.2228,-0.1367,0.1760,0.9749,90.000,nan,nan,nan,0.0000,0.0000,0.0000,nan,nan,nan,-7203.9678,1259.6066,393.8826,-7203.9678,1259.6066,393.8826,12.000,1,nan,nan
25.4920,377.0167,1,-7395.1106,1499.8471,310.0459,nan,nan,nan,-0.9924,-0.0880,0.0864,0.0181,-0.7967,-0.6041,0.1220,-0.5979,0.7922,0.0000,0.0000,0.0000,-89.8025,-9.8225,-6.6655,-7205.5574,1259.1484,393.6879,nan,nan,nan,-0.5980,0.7699,-0.2228,-0.1367,0.1760,0.9749,90.000,nan,nan,nan,0.0000,0.0000,0.0000,nan,nan,nan,-7205.5574,1259.1484,393.6879,-7205.5574,1259.1484,393.6879,12.000,1,nan,nan
25.5200,377.0334,1,-7396.7555,1499.8343,310.2592,nan,nan,nan,-0.9900,-0.0200,0.1393,-0.0805,-0.7314,-0.6772,0.1155,-0.6817,0.7225,0.0000,0.0000,0.0000,-92.7909,-9.4981,1.6211,-7206.3560,1258.8191,393.5089,nan,nan,nan,-0.5980,0.7699,-0.2228,-0.1367,0.1760,0.9749,90.000,nan,nan,nan,0.0000,0.0000,0.0000,nan,nan,nan,-7206.3560,1258.8191,393.5089,-7206.3560,1258.8191,393.5089,12.000,1,nan,nan
25.5510,377.0667,1,-7400.0056,1499.9819,310.6563,nan,nan,nan,-0.9896,0.0225,0.1417,-0.1245,-0.6266,-0.7694,0.0715,-0.7790,0.6229,0.0000,0.0000,0.0000,-95.5587,-7.7197,9.3499,-7208.2366,1258.0294,392.9892,nan,nan,nan,-0.5980,0.7699,-0.2228,-0.1367,0.1760,0.9749,90.000,nan,nan,nan,0.0000,0.0000,0.0000,nan,nan,nan,-7208.2366,1258.0294,392.9892,-7208.2366,1258.0294,392.9892,12.000,1,nan,nan
25.5790,377.1000,1,-7403.1640,1500.3901,311.1456,nan,nan,nan,-0.9800,0.1094,0.1665,-0.1992,-0.5369,-0.8198,-0.0003,-0.8365,0.5479,0.0000,0.0000,0.0000,-96.7121,-0.2303,11.9874,-7210.5439,1257.2371,392.3901,nan,nan,nan,-0.5980,0.7699,-0.2228,-0.1367,0.1760,0.9749,90.000,nan,nan,nan,0.0000,0.0000,0.0000,nan,nan,nan,-7210.5439,1257.2371,392.3901,-7210.5439,1257.2371,392.3901,12.000,1,nan,nan
25.6070,377.1167,1,-7404.2892,1500.0991,312.0355,nan,nan,nan,-0.9052,0.2508,0.3430,-0.4204,-0.4110,-0.8089,-0.0619,-0.8765,0.4775,0.0000,0.0000,0.0000,-91.0350,-0.3577,20.9536,-7211.7028,1256.8182,392.0961,nan,nan,nan,-0.5980,0.7699,-0.2228,-0.1367,0.1760,0.9749,90.000,nan,nan,nan,0.0000,0.0000,0.0000,nan,nan,nan,-7211.7028,1256.8182,392.0961,-7211.7028,1256.8182,392.0961,12.000,1,nan,nan
25.6360,377.1500,1,-7406.5625,1499.0150,313.6749,nan,nan,nan,-0.9734,0.0183,0.2285,-0.2008,-0.5491,-0.8113,0.1106,-0.8356,0.5381,0.0000,0.0000,0.0000,-83.8006,-6.7335,30.0241,-7213.6068,1256.0306,391.9804,nan,nan,nan,-0.5980,0.7699,-0.2228,-0.1367,0.1760,0.9749,90.000,nan,nan,nan,0.0000,0.0000,0.0000,nan,nan,nan,-7213.6068,1256.0306,391.9804,-7213.6068,1256.0306,391.9804,12.000,1,nan,nan
25.6630,377.1834,1,-7408.7120,1498.3078,315.4716,nan,nan,nan,-0.9006,-0.0322,0.4334,-0.3062,-0.6607,-0.6854,0.3084,-0.7500,0.5852,0.0000,0.0000,0.0000,-75.7501,-13.1376,40.2354,-7215.0078,1255.4890,392.2816,nan,nan,nan,-0.5980,0.7699,-0.2228,-0.1367,0.1760,0.9749,90.000,nan,nan,nan,0.0000,0.0000,0.0000,nan,nan,nan,-7215.0078,1255.4890,392.2816,-7215.0078,1255.4890,392.2816,12.000,1,nan,nan
25.6920,377.2167,1,-7411.1277,1497.9532,317.2155,nan,nan,nan,-0.8442,-0.0535,0.5334,-0.3265,-0.7378,-0.5908,0.4251,-0.6729,0.6053,0.0000,0.0000,0.0000,-69.6842,-18.9957,49.8057,-7216.3198,1255.1763,392.9040,nan,nan,nan,-0.5980,0.7699,-0.2228,-0.1367,0.1760,0.9749,90.000,nan,nan,nan,0.0000,0.0000,0.0000,nan,nan,nan,-7216.3198,1255.1763,392.9040,-7216.3198,1255.1763,392.9040,12.000,1,nan,nan
25.7200,377.2334,1,-7412.4503,1497.9518,317.9578,nan,nan,nan,-0.8395,-0.0349,0.5423,-0.3180,-0.7776,-0.5424,0.4406,-0.6277,0.6417,0.0000,0.0000,0.0000,-70.8386,-16.6916,49.9487,-7216.9600,1255.1163,393.2877,nan,nan,nan,-0.5980,0.7699,-0.2228,-0.1367,0.1760,0.9749,90.000,nan,nan,nan,0.0000,0.0000,0.0000,nan,nan,nan,-7216.9600,1255.1163,393.2877,-7216.9600,1255.1163,393.2877,12.000,1,nan,nan
25.7480,377.2667,1,-7415.2666,1498.2381,319.0834,nan,nan,nan,-0.8657,0.0163,0.5003,-0.2757,-0.8498,-0.4493,0.4179,-0.5269,0.7401,0.0000,0.0000,0.0000,-74.3282,-8.0079,46.8942,-7218.4552,1255.3463,394.3446,nan,nan,nan,-0.5980,0.7699,-0.2228,-0.1367,0.1760,0.9749,90.000,nan,nan,nan,0.0000,0.0000,0.0000,nan,nan,nan,-7218.4552,1255.3463,394.3446,-7218.4552,1255.3463,394.3446,12.000,1,nan,nan
25.7790,377.3000,1,-7418.1519,1498.9357,319.7107,nan,nan,nan,-0.9010,0.1300,0.4139,-0.2997,-0.8762,-0.3773,0.3136,-0.4640,0.8285,0.0000,0.0000,0.0000,-79.4403,2.1573,39.2673,-7220.5376,1255.8436,395.6504,nan,nan,nan,-0.5980,0.7699,-0.2228,-0.1367,0.1760,0.9749,90.000,nan,nan,nan,0.0000,0.0000,0.0000,nan,nan,nan,-7220.5376,1255.8436,395.6504,-7220.5376,1255.8436,395.6504,12.000,1,nan,nan
25.8060,377.3167,1,-7419.6138,1499.4061,319.9850,nan,nan,nan,-0.9064,0.2217,0.3596,-0.3480,-0.8743,-0.3384,0.2393,-0.4318,0.8696,0.0000,0.0000,0.0000,-83.5118,11.9634,30.5692,-7221.6526,1256.1406,396.2933,nan,nan,nan,-0.5980,0.7699,-0.2228,-0.1367,0.1760,0.9749,90.000,nan,nan,nan,0.0000,0.0000,0.0000,nan,nan,nan,-7221.6526,1256.1406,396.2933,-7221.6526,1256.1406,396.2933,12.000,1,nan,nan
25.8360,377.3500,1,-7422.5377,1500.3470,320.5335,nan,nan,nan,-0.9384,0.2982,0.1746,-0.3395,-0.8896,-0.3055,0.0642,-0.3460,0.9360,0.0000,0.0000,0.0000,-85.9984,19.5870,23.2134,-7224.8528,1257.1428,397.8487,nan,nan,nan,-0.5980,0.7699,-0.2228,-0.1367,0.1760,0.9749,90.000,nan,nan,nan,0.0000,0.0000,0.0000,nan,nan,nan,-7224.8528,1257.1428,397.8487,-7224.8528,1257.1428,397.8487,12.000,1,nan,nan
25.8650,377.3834,1,-7425.4616,1501.2879,321.0820,nan,nan,nan,-0.9371,0.3016,0.1758,-0.3431,-0.8884,-0.3049,0.0642,-0.3460,0.9360,0.0000,0.0000,0.0000,-87.1408,25.0389,18.2798,-7227.9910,1258.1297,399.2366,nan,nan,nan,-0.5980,0.7699,-0.2228,-0.1367,0.1760,0.9749,90.000,nan,nan,nan,0.0000,0.0000,0.0000,nan,nan,nan,-7227.9910,1258.1297,399.2366,-7227.9910,1258.1297,399.2366,12.000,1,nan,nan
25.8930,377.4167,1,-7428.3854,1502.2288,321.6305,nan,nan,nan,-0.9371,0.3016,0.1758,-0.3431,-0.8884,-0.3049,0.0642,-0.3460,0.9360,0.0000,0.0000,0.0000,-87.6011,27.5897,16.8200,-7231.0812,1259.1047,400.4863,nan,nan,nan,-0.5980,0.7699,-0.2228,-0.1367,0.1760,0.9749,90.000,nan,nan,nan,0.0000,0.0000,0.0000,nan,nan,nan,-7231.0812,1259.1047,400.4863,-7231.0812,1259.1047,400.4863,12.000,1,nan,nan
25.9220,377.4334,1,-7429.8474,1502.6993,321.9047,nan,nan,nan,-0.9371,0.3016,0.1758,-0.3431,-0.8884,-0.3049,0.0642,-0.3460,0.9360,0.0000,0.0000,0.0000,-87.6932,28.0998,16.5280,-7232.4728,1259.5446,401.0248,nan,nan,nan,-0.5980,0.7699,-0.2228,-0.1367,0.1760,0.9749,90.000,nan,nan,nan,0.0000,0.0000,0.0000,nan,nan,nan,-7232.4728,1259.5446,401.0248,-7232.4728,1259.5446,401.0248,12.000,1,nan,nan
25.9500,377.4667,1,-7432.8211,1503.6880,322.4481,nan,nan,nan,-0.9345,0.3082,0.1781,-0.3501,-0.8862,-0.3036,0.0642,-0.3460,0.9360,0.0000,0.0000,0.0000,-88.0107,28.4888,16.4388,-7235.5456,1260.5234,402.1187,nan,nan,nan,-0.5980,0.7699,-0.2228,-0.1367,0.1760,0.9749,90.000,nan,nan,nan,0.0000,0.0000,0.0000,nan,nan,nan,-7235.5456,1260.5234,402.1187,-7235.5456,1260.5234,402.1187,12.000,1,nan,nan
25.9800,377.5000,1,-7435.8277,1504.7517,322.7071,nan,nan,nan,-0.9392,0.3144,0.1383,-0.3410,-0.9016,-0.2661,0.0410,-0.2971,0.9540,0.0000,0.0000,0.0000,-88.5707,29.3028,14.6841,-7238.6963,1261.6741,403.1433,nan,nan,nan,-0.5980,0.7699,-0.2228,-0.1367,0.1760,0.9749,90.000,nan,nan,nan,0.0000,0.0000,0.0000,nan,nan,nan,-7238.6963,1261.6741,403.1433,-7238.6963,1261.6741,403.1433,12.000,1,nan,nan
26.0090,377.5334,1,-7438.7627,1505.8361,322.3584,nan,nan,nan,-0.9468,0.3217,-0.0027,-0.3160,-0.9316,-0.1798,-0.0603,-0.1694,0.9837,0.0000,0.0000,0.0000,-88.7495,30.3270,8.9496,-7242.2000,1263.2465,404.0635,nan,nan,nan,-0.5980,0.7699,-0.2228,-0.1367,0.1760,0.9749,90.000,nan,nan,nan,0.0000,0.0000,0.0000,nan,nan,nan,-7242.2000,1263.2465,404.0635,-7242.2000,1263.2465,404.0635,12.000,1,nan,nan
26.0380,377.5500,1,-7440.1530,1506.3101,321.9273,nan,nan,nan,-0.9479,0.2931,-0.1244,-0.2706,-0.9475,-0.1705,-0.1678,-0.1280,0.9775,0.0000,0.0000,0.0000,-87.9256,30.5746,-0.6609,-7243.9493,1264.0086,404.4044,nan,nan,nan,-0.5980,0.7699,-0.2228,-0.1367,0.1760,0.9749,90.000,nan,nan,nan,0.0000,0.0000,0.0000,nan,nan,nan,-7243.9493,1264.0086,404.4044,-7243.9493,1264.0086,404.4044,12.000,1,nan,nan
26.0660,377.5834,1,-7442.8319,1507.2711,320.5404,nan,nan,nan,-0.8935,0.2982,-0.3358,-0.2590,-0.9530,-0.1572,-0.3668,-0.0535,0.9287,0.0000,0.0000,0.0000,-85.9915,30.4574,-14.1646,-7248.3912,1265.8692,404.6636,nan,nan,nan,-0.5980,0.7699,-0.2228,-0.1367,0.1760,0.9749,90.000,nan,nan,nan,0.0000,0.0000,0.0000,nan,nan,nan,-7248.3912,1265.8692,404.6636,-7248.3912,1265.8692,404.6636,12.000,1,nan,nan
26.0940,377.6167,1,-7444.9610,1508.5138,318.6767,nan,nan,nan,-0.7555,0.4088,-0.5119,-0.3448,-0.9126,-0.2199,-0.5570,0.0104,0.8304,0.0000,0.0000,0.0000,-80.3400,31.5083,-29.6015,-7252.9854,1267.7993,404.2538,nan,nan,nan,-0.5980,0.7699,-0.2228,-0.1367,0.1760,0.9749,90.000,nan,nan,nan,0.0000,0.0000,0.0000,nan,nan,nan,-7252.9854,1267.7993,404.2538,-7252.9854,1267.7993,404.2538,12.000,1,nan,nan
26.1220,377.6334,1,-7445.7429,1509.3351,317.6383,nan,nan,nan,-0.5808,0.5470,-0.6029,-0.4473,-0.8332,-0.3251,-0.6802,0.0809,0.7286,0.0000,0.0000,0.0000,-70.9815,35.0674,-43.0573,-7255.2289,1268.8141,403.8217,nan,nan,nan,-0.5980,0.7699,-0.2228,-0.1367,0.1760,0.9749,90.000,nan,nan,nan,0.0000,0.0000,0.0000,nan,nan,nan,-7255.2289,1268.8141,403.8217,-7255.2289,1268.8141,403.8217,12.000,1,nan,nan
26.1530,377.6667,1,-7446.8645,1511.1212,315.4167,nan,nan,nan,-0.4254,0.5984,-0.6789,-0.4799,-0.7852,-0.3914,-0.7673,0.1594,0.6212,0.0000,0.0000,0.0000,-59.1560,40.8074,-53.9054,-7259.4739,1271.0514,402.4166,nan,nan,nan,-0.5980,0.7699,-0.2228,-0.1367,0.1760,0.9749,90.000,nan,nan,nan,0.0000,0.0000,0.0000,nan,nan,nan,-7259.4739,1271.0514,402.4166,-7259.4739,1271.0514,402.4166,12.000,1,nan,nan
26.1810,377.7000,1,-7447.8150,1512.9680,313.1928,nan,nan,nan,-0.3224,0.6086,-0.7251,-0.5206,-0.7537,-0.4012,-0.7906,0.2482,0.5598,0.0000,0.0000,0.0000,-46.4212,47.2705,-61.0974,-7263.4051,1273.5801,400.6414,nan,nan,nan,-0.5980,0.7699,-0.2228,-0.1367,0.1760,0.9749,90.000,nan,nan,nan,0.0000,0.0000,0.0000,nan,nan,nan,-7263.4051,1273.5801,400.6414,-7263.4051,1273.5801,400.6414,12.000,1,nan,nan
26.2100,377.7334,1,-7448.8404,1514.6417,310.8704,nan,nan,nan,-0.3418,0.5517,-0.7608,-0.5517,-0.7732,-0.3128,-0.7608,0.3128,0.5686,0.0000,0.0000,0.0000,-37.2518,51.1496,-65.2879,-7266.9263,1276.2913,398.7278,nan,nan,nan,-0.5980,0.7699,-0.2228,-0.1367,0.1760,0.9749,90.000,nan,nan,nan,0.0000,0.0000,0.0000,nan,nan,nan,-7266.9263,1276.2913,398.7278,-7266.9263,1276.2913,398.7278,12.000,1,nan,nan
26.2390,377.7500,1,-7449.3878,1515.4471,309.7098,nan,nan,nan,-0.3522,0.5274,-0.7732,-0.5630,-0.7793,-0.2751,-0.7477,0.3384,0.5714,0.0000,0.0000,0.0000,-32.6044,51.7339,-67.5924,-7268.3818,1277.5007,397.8600,nan,nan,nan,-0.5980,0.7699,-0.2228,-0.1367,0.1760,0.9749,90.000,nan,nan,nan,0.0000,0.0000,0.0000,nan,nan,nan,-7268.3818,1277.5007,397.8600,-7268.3818,1277.5007,397.8600,12.000,1,nan,nan
26.2690,377.7834,1,-7450.5528,1516.9626,307.4182,nan,nan,nan,-0.3978,0.5107,-0.7622,-0.5378,-0.8029,-0.2572,-0.7433,0.3076,0.5941,0.0000,0.0000,0.0000,-31.9351,50.2277,-68.4731,-7271.2314,1279.8689,395.9677,nan,nan,nan,-0.5980,0.7699,-0.2228,-0.1367,0.1760,0.9749,90.000,nan,nan,nan,0.0000,0.0000,0.0000,nan,nan,nan,-7271.2314,1279.8689,395.9677,-7271.2314,1279.8689,395.9677,12.000,1,nan,nan
26.3010,377.8167,1,-7451.4651,1518.5973,305.1786,nan,nan,nan,-0.3289,0.5668,-0.7554,-0.5243,-0.7749,-0.3531,-0.7855,0.2798,0.5520,0.0000,0.0000,0.0000,-31.5717,48.6535,-68.7434,-7273.8858,1282.0140,393.8977,nan,nan,nan,-0.5980,0.7699,-0.2228,-0.1367,0.1760,0.9749,90.000,nan,nan,nan,0.0000,0.0000,0.0000,nan,nan,nan,-7273.8858,1282.0140,393.8977,-7273.8858,1282.0140,393.8977,12.000,1,nan,nan
26.3290,377.8500,1,-7452.1080,1520.4485,303.0973,nan,nan,nan,-0.2336,0.6514,-0.7219,-0.4878,-0.7208,-0.4925,-0.8411,0.2371,0.4861,0.0000,0.0000,0.0000,-29.2040,49.4035,-67.3510,-7276.3867,1283.9675,391.6228,nan,nan,nan,-0.5980,0.7699,-0.2228,-0.1367,0.1760,0.9749,90.000,nan,nan,nan,0.0000,0.0000,0.0000,nan,nan,nan,-7276.3867,1283.9675,391.6228,-7276.3867,1283.9675,391.6228,12.000,1,nan,nan
26.3580,377.8667,1,-7452.3591,1521.4219,302.1244,nan,nan,nan,-0.1818,0.6968,-0.6938,-0.4449,-0.6875,-0.5739,-0.8769,0.2043,0.4350,0.0000,0.0000,0.0000,-25.1749,51.5696,-64.8203,-7277.4961,1284.7996,390.5259,nan,nan,nan,-0.5980,0.7699,-0.2228,-0.1367,0.1760,0.9749,90.000,nan,nan,nan,0.0000,0.0000,0.0000,nan,nan,nan,-7277.4961,1284.7996,390.5259,-7277.4961,1284.7996,390.5259,12.000,1,nan,nan
26.3860,377.9000,1,-7452.8097,1523.3605,300.2239,nan,nan,nan,-0.1688,0.7056,-0.6882,-0.4240,-0.6823,-0.5956,-0.8898,0.1912,0.4144,0.0000,0.0000,0.0000,-20.0828,54.5410,-61.9674,-7279.6691,1286.6115,388.1215,nan,nan,nan,-0.5980,0.7699,-0.2228,-0.1367,0.1760,0.9749,90.000,nan,nan,nan,0.0000,0.0000,0.0000,nan,nan,nan,-7279.6691,1286.6115,388.1215,-7279.6691,1286.6115,388.1215,12.000,1,nan,nan
26.4160,377.9334,1,-7454.2444,1525.0783,299.1737,nan,nan,nan,-0.1605,0.7002,-0.6957,-0.3847,-0.6935,-0.6092,-0.9090,0.1699,0.3806,0.0000,0.0000,0.0000,-22.1991,55.6344,-54.2602,-7281.7695,1288.3272,385.8427,nan,nan,nan,-0.5980,0.7699,-0.2228,-0.1367,0.1760,0.9749,90.000,nan,nan,nan,0.0000,0.0000,0.0000,nan,nan,nan,-7281.7695,1288.3272,385.8427,-7281.7695,1288.3272,385.8427,12.000,1,nan,nan
26.4460,377.9667,1,-7456.3365,1526.6728,298.3668,nan,nan,nan,-0.3761,0.7231,-0.5795,-0.3131,-0.6877,-0.6550,-0.8721,-0.0649,0.4850,0.0000,0.0000,0.0000,-31.3172,54.3127,-45.0725,-7283.6604,1289.2405,384.2038,nan,nan,nan,-0.5980,0.7699,-0.2228,-0.1367,0.1760,0.9749,90.000,nan,nan,nan,0.0000,0.0000,0.0000,nan,nan,nan,-7283.6604,1289.2405,384.2038,-7283.6604,1289.2405,384.2038,12.000,1,nan,nan
26.4740,377.9834,1,-7457.3624,1527.5149,298.0061,nan,nan,nan,-0.4616,0.7523,-0.4700,-0.2976,-0.6305,-0.7169,-0.8357,-0.1911,0.5149,0.0000,0.0000,0.0000,-42.4385,52.4731,-35.8887,-7284.4554,1289.4926,383.5505,nan,nan,nan,-0.5980,0.7699,-0.2228,-0.1367,0.1760,0.9749,90.000,nan,nan,nan,0.0000,0.0000,0.0000,nan,nan,nan,-7284.4554,1289.4926,383.5505,-7284.4554,1289.4926,383.5505,12.000,1,nan,nan
26.5020,378.0167,1,-7459.4252,1529.2407,297.2741,nan,nan,nan,-0.6545,0.6746,-0.3413,-0.2118,-0.5969,-0.7738,-0.7258,-0.4342,0.5335,0.0000,0.0000,0.0000,-54.3360,50.8288,-27.0412,-7285.8840,1289.5072,382.3100,nan,nan,nan,-0.5980,0.7699,-0.2228,-0.1367,0.1760,0.9749,90.000,nan,nan,nan,0.0000,0.0000,0.0000,nan,nan,nan,-7285.8840,1289.5072,382.3100,-7285.8840,1289.5072,382.3100,12.000,1,nan,nan
26.5310,378.0500,1,-7461.4538,1531.0366,296.6208,nan,nan,nan,-0.7315,0.6391,-0.2378,-0.1760,-0.5139,-0.8396,-0.6587,-0.5723,0.4884,0.0000,0.0000,0.0000,-60.2784,50.9684,-22.8900,-7287.2014,1289.3832,381.0306,nan,nan,nan,-0.5980,0.7699,-0.2228,-0.1367,0.1760,0.9749,90.000,nan,nan,nan,0.0000,0.0000,0.0000,nan,nan,nan,-7287.2014,1289.3832,381.0306,-7287.2014,1289.3832,381.0306,12.000,1,nan,nan
26.5590,378.0834,1,-7463.4385,1532.8551,296.0299,nan,nan,nan,-0.7212,0.6590,-0.2136,-0.1741,-0.4708,-0.8649,-0.6705,-0.5866,0.4543,0.0000,0.0000,0.0000,-60.8229,52.3400,-20.7640,-7288.6603,1289.4941,379.7396,nan,nan,nan,-0.5980,0.7699,-0.2228,-0.1367,0.1760,0.9749,90.000,nan,nan,nan,0.0000,0.0000,0.0000,nan,nan,nan,-7288.6603,1289.4941,379.7396,-7288.6603,1289.4941,379.7396,12.000,1,nan,nan
26.5870,378.1000,1,-7464.4232,1533.7560,295.7341,nan,nan,nan,-0.7203,0.6591,-0.2164,-0.1646,-0.4655,-0.8696,-0.6739,-0.5908,0.4437,0.0000,0.0000,0.0000,-60.4370,53.3204,-19.5601,-7289.3528,1289.5986,379.1566,nan,nan,nan,-0.5980,0.7699,-0.2228,-0.1367,0.1760,0.9749,90.000,nan,nan,nan,0.0000,0.0000,0.0000,nan,nan,nan,-7289.3528,1289.5986,379.1566,-7289.3528,1289.5986,379.1566,12.000,1,nan,nan
26.6140,378.1334,1,-7466.3853,1535.5352,295.1230,nan,nan,nan,-0.7218,0.6545,-0.2248,-0.1577,-0.4718,-0.8675,-0.6739,-0.5908,0.4437,0.0000,0.0000,0.0000,-59.7557,53.8363,-18.5936,-7290.9465,1290.0522,377.9644,nan,nan,nan,-0.5980,0.7699,-0.2228,-0.1367,0.1760,0.9749,90.000,nan,nan,nan,0.0000,0.0000,0.0000,nan,nan,nan,-7290.9465,1290.0522,377.9644,-7290.9465,1290.0522,377.9644,12.000,1,nan,nan
26.6440,378.1667,1,-7468.3474,1537.3144,294.5120,nan,nan,nan,-0.7218,0.6545,-0.2248,-0.1577,-0.4718,-0.8675,-0.6739,-0.5908,0.4437,0.0000,0.0000,0.0000,-59.2208,53.8395,-18.1469,-7292.6004,1290.6988,376.8508,nan,nan,nan,-0.5980,0.7699,-0.2228,-0.1367,0.1760,0.9749,90.000,nan,nan,nan,0.0000,0.0000,0.0000,nan,nan,nan,-7292.6004,1290.6988,376.8508,-7292.6004,1290.6988,376.8508,12.000,1,nan,nan
26.6740,378.1834,1,-7469.3162,1538.1778,294.1902,nan,nan,nan,-0.7246,0.6458,-0.2407,-0.1444,-0.4837,-0.8632,-0.6739,-0.5908,0.4437,0.0000,0.0000,0.0000,-58.8309,53.2902,-18.3732,-7293.3683,1291.0336,376.3572,nan,nan,nan,-0.5980,0.7699,-0.2228,-0.1367,0.1760,0.9749,90.000,nan,nan,nan,0.0000,0.0000,0.0000,nan,nan,nan,-7293.3683,1291.0336,376.3572,-7293.3683,1291.0336,376.3572,12.000,1,nan,nan
26.7030,378.2167,1,-7471.2469,1539.8824,293.5276,nan,nan,nan,-0.7260,0.6410,-0.2492,-0.1372,-0.4901,-0.8608,-0.6739,-0.5908,0.4437,0.0000,0.0000,0.0000,-58.5216,52.5968,-18.8440,-7295.1058,1291.9165,375.3247,nan,nan,nan,-0.5980,0.7699,-0.2228,-0.1367,0.1760,0.9749,90.000,nan,nan,nan,0.0000,0.0000,0.0000,nan,nan,nan,-7295.1058,1291.9165,375.3247,-7295.1058,1291.9165,375.3247,12.000,1,nan,nan
26.7310,378.2500,1,-7473.6395,1540.8239,293.7129,nan,nan,nan,-0.7028,0.6978,-0.1383,-0.2279,-0.4051,-0.8854,-0.6739,-0.5908,0.4437,0.0000,0.0000,0.0000,-61.0425,47.4317,-14.1604,-7296.9393,1292.8083,374.4688,nan,nan,nan,-0.5980,0.7699,-0.2228,-0.1367,0.1760,0.9749,90.000,nan,nan,nan,0.0000,0.0000,0.0000,nan,nan,nan,-7296.9393,1292.8083,374.4688,-7296.9393,1292.8083,374.4688,12.000,1,nan,nan
26.7600,378.2834,1,-7476.1738,1540.8025,293.2200,nan,nan,nan,-0.8574,0.3172,-0.4053,0.0514,-0.7308,-0.6807,-0.5120,-0.6045,0.6103,0.0000,0.0000,0.0000,-64.9799,35.5951,-12.5146,-7298.3226,1293.4874,374.1679,nan,nan,nan,-0.5980,0.7699,-0.2228,-0.1367,0.1760,0.9749,90.000,nan,nan,nan,0.0000,0.0000,0.0000,nan,nan,nan,-7298.3226,1293.4874,374.1679,-7298.3226,1293.4874,374.1679,12.000,1,nan,nan
26.7850,378.3000,1,-7477.4065,1540.9096,292.9413,nan,nan,nan,-0.8981,0.2226,-0.3793,0.0848,-0.7586,-0.6461,-0.4316,-0.6124,0.6624,0.0000,0.0000,0.0000,-68.9336,24.1525,-11.6690,-7298.8818,1293.7709,374.0921,nan,nan,nan,-0.5980,0.7699,-0.2228,-0.1367,0.1760,0.9749,90.000,nan,nan,nan,0.0000,0.0000,0.0000,nan,nan,nan,-7298.8818,1293.7709,374.0921,-7298.8818,1293.7709,374.0921,12.000,1,nan,nan
26.8130,378.3334,1,-7479.8166,1541.2831,292.2917,nan,nan,nan,-0.9629,0.1308,-0.2359,0.0552,-0.7606,-0.6469,-0.2641,-0.6359,0.7252,0.0000,0.0000,0.0000,-72.6010,13.8774,-11.4213,-7299.8623,1294.3227,374.0283,nan,nan,nan,-0.5980,0.7699,-0.2228,-0.1367,0.1760,0.9749,90.000,nan,nan,nan,0.0000,0.0000,0.0000,nan,nan,nan,-7299.8623,1294.3227,374.0283,-7299.8623,1294.3227,374.0283,12.000,1,nan,nan
26.8420,378.3667,1,-7482.1605,1541.9346,291.6283,nan,nan,nan,-0.9438,0.2327,-0.2346,0.0114,-0.6867,-0.7268,-0.3302,-0.6887,0.6455,0.0000,0.0000,0.0000,-73.0422,10.0825,-16.4641,-7301.1393,1294.7095,373.6737,nan,nan,nan,-0.5980,0.7699,-0.2228,-0.1367,0.1760,0.9749,90.000,nan,nan,nan,0.0000,0.0000,0.0000,nan,nan,nan,-7301.1393,1294.7095,373.6737,-7301.1393,1294.7095,373.6737,12.000,1,nan,nan
26.8680,378.3834,1,-7483.3038,1542.3644,291.3213,nan,nan,nan,-0.9291,0.3030,-0.2122,-0.0315,-0.6363,-0.7708,-0.3685,-0.7094,0.6007,0.0000,0.0000,0.0000,-71.6436,14.6093,-18.1995,-7301.8298,1294.8802,373.4361,nan,nan,nan,-0.5980,0.7699,-0.2228,-0.1367,0.1760,0.9749,90.000,nan,nan,nan,0.0000,0.0000,0.0000,nan,nan,nan,-7301.8298,1294.8802,373.4361,-7301.8298,1294.8802,373.4361,12.000,1,nan,nan
26.8970,378.4167,1,-7485.5343,1543.3615,290.7099,nan,nan,nan,-0.9005,0.3732,-0.2232,-0.0267,-0.5597,-0.8282,-0.4341,-0.7399,0.5140,0.0000,0.0000,0.0000,-69.9554,20.2120,-18.8699,-7303.6973,1295.2719,372.6314,nan,nan,nan,-0.5980,0.7699,-0.2228,-0.1367,0.1760,0.9749,90.000,nan,nan,nan,0.0000,0.0000,0.0000,nan,nan,nan,-7303.6973,1295.2719,372.6314,-7303.6973,1295.2719,372.6314,12.000,1,nan,nan
26.9260,378.4500,1,-7487.6888,1544.5463,290.1735,nan,nan,nan,-0.8717,0.4483,-0.1979,-0.0428,-0.4720,-0.8806,-0.4881,-0.7591,0.4306,0.0000,0.0000,0.0000,-68.0836,26.2003,-18.3254,-7305.8127,1295.7333,371.6004,nan,nan,nan,-0.5980,0.7699,-0.2228,-0.1367,0.1760,0.9749,90.000,nan,nan,nan,0.0000,0.0000,0.0000,nan,nan,nan,-7305.8127,1295.7333,371.6004,-7305.8127,1295.7333,371.6004,12.000,1,nan,nan
26.9530,378.4667,1,-7488.7382,1545.2039,289.9574,nan,nan,nan,-0.8494,0.5024,-0.1613,-0.0606,-0.3967,-0.9160,-0.5242,-0.7683,0.3674,0.0000,0.0000,0.0000,-66.2393,31.3802,-16.8292,-7306.8438,1295.9648,371.0525,nan,nan,nan,-0.5980,0.7699,-0.2228,-0.1367,0.1760,0.9749,90.000,nan,nan,nan,0.0000,0.0000,0.0000,nan,nan,nan,-7306.8438,1295.9648,371.0525,-7306.8438,1295.9648,371.0525,12.000,1,nan,nan
26.9830,378.5000,1,-7490.7907,1546.6021,289.5654,nan,nan,nan,-0.8277,0.5411,-0.1488,-0.0464,-0.3302,-0.9428,-0.5593,-0.7734,0.2984,0.0000,0.0000,0.0000,-64.4659,35.6483,-15.1979,-7309.2216,1296.6010,369.7421,nan,nan,nan,-0.5980,0.7699,-0.2228,-0.1367,0.1760,0.9749,90.000,nan,nan,nan,0.0000,0.0000,0.0000,nan,nan,nan,-7309.2216,1296.6010,369.7421,-7309.2216,1296.6010,369.7421,12.000,1,nan,nan
27.0100,378.5334,1,-7492.7927,1548.1162,289.3103,nan,nan,nan,-0.8023,0.5890,-0.0965,-0.0546,-0.2334,-0.9708,-0.5944,-0.7737,0.2195,0.0000,0.0000,0.0000,-62.7397,39.6037,-12.7339,-7311.6679,1297.3752,368.3417,nan,nan,nan,-0.5980,0.7699,-0.2228,-0.1367,0.1760,0.9749,90.000,nan,nan,nan,0.0000,0.0000,0.0000,nan,nan,nan,-7311.6679,1297.3752,368.3417,-7311.6679,1297.3752,368.3417,12.000,1,nan,nan
27.0390,378.5500,1,-7493.7743,1548.9044,289.2402,nan,nan,nan,-0.7818,0.6212,-0.0539,-0.0512,-0.1501,-0.9873,-0.6214,-0.7691,0.1492,0.0000,0.0000,0.0000,-61.2476,42.7437,-9.8647,-7312.8121,1297.7673,367.6409,nan,nan,nan,-0.5980,0.7699,-0.2228,-0.1367,0.1760,0.9749,90.000,nan,nan,nan,0.0000,0.0000,0.0000,nan,nan,nan,-7312.8121,1297.7673,367.6409,-7312.8121,1297.7673,367.6409,12.000,1,nan,nan
27.0670,378.5834,1,-7495.7137,1550.5105,289.1576,nan,nan,nan,-0.7731,0.6335,-0.0320,-0.0500,-0.1111,-0.9925,-0.6323,-0.7657,0.1176,0.0000,0.0000,0.0000,-59.9923,45.1175,-7.1928,-7315.2853,1298.7582,366.2193,nan,nan,nan,-0.5980,0.7699,-0.2228,-0.1367,0.1760,0.9749,90.000,nan,nan,nan,0.0000,0.0000,0.0000,nan,nan,nan,-7315.2853,1298.7582,366.2193,-7315.2853,1298.7582,366.2193,12.000,1,nan,nan
27.0950,378.6167,1,-7497.6487,1552.1219,289.1095,nan,nan,nan,-0.7683,0.6398,-0.0190,-0.0492,-0.0887,-0.9948,-0.6382,-0.7634,0.0997,0.0000,0.0000,0.0000,-59.0367,46.8707,-4.5950,-7317.6800,1299.8449,364.9606,nan,nan,nan,-0.5980,0.7699,-0.2228,-0.1367,0.1760,0.9749,90.000,nan,nan,nan,0.0000,0.0000,0.0000,nan,nan,nan,-7317.6800,1299.8449,364.9606,-7317.6800,1299.8449,364.9606,12.000,1,nan,nan
27.1230,378.6334,1,-7498.6275,1552.9396,289.1061,nan,nan,nan,-0.7674,0.6412,-0.0027,-0.0618,-0.0782,-0.9950,-0.6382,-0.7634,0.0997,0.0000,0.0000,0.0000,-58.5794,47.9501,-2.5867,-7318.7482,1300.3576,364.4372,nan,nan,nan,-0.5980,0.7699,-0.2228,-0.1367,0.1760,0.9749,90.000,nan,nan,nan,0.0000,0.0000,0.0000,nan,nan,nan,-7318.7482,1300.3576,364.4372,-7318.7482,1300.3576,364.4372,12.000,1,nan,nan
27.1510,378.6667,1,-7500.5615,1554.5336,289.0935,nan,nan,nan,-0.7676,0.6409,-0.0057,-0.0596,-0.0801,-0.9950,-0.6382,-0.7634,0.0997,0.0000,0.0000,0.0000,-58.3117,48.2719,-1.4181,-7321.0388,1301.5574,363.4562,nan,nan,nan,-0.5980,0.7699,-0.2228,-0.1367,0.1760,0.9749,90.000,nan,nan,nan,0.0000,0.0000,0.0000,nan,nan,nan,-7321.0388,1301.5574,363.4562,-7321.0388,1301.5574,363.4562,12.000,1,nan,nan
27.1800,378.7000,1,-7503.0335,1554.3359,290.0580,nan,nan,nan,-0.8115,0.3879,0.4371,-0.3464,0.2831,-0.8944,-0.4706,-0.8772,-0.0954,0.0000,0.0000,0.0000,-61.4540,37.5132,5.0979,-7322.7865,1302.1798,362.2251,nan,nan,nan,-0.5980,0.7699,-0.2228,-0.1367,0.1760,0.9749,90.000,nan,nan,nan,0.0000,0.0000,0.0000,nan,nan,nan,-7322.7865,1302.1798,362.2251,-7322.7865,1302.1798,362.2251,12.000,1,nan,nan
27.2090,378.7334,1,-7505.5812,1553.9944,291.3621,nan,nan,nan,-0.8423,0.0908,0.5312,-0.4574,0.4010,-0.7937,-0.2851,-0.9116,-0.2963,0.0000,0.0000,0.0000,-65.7586,23.6444,14.5142,-7324.0817,1302.5533,360.8092,nan,nan,nan,-0.5980,0.7699,-0.2228,-0.1367,0.1760,0.9749,90.000,nan,nan,nan,0.0000,0.0000,0.0000,nan,nan,nan,-7324.0817,1302.5533,360.8092,-7324.0817,1302.5533,360.8092,12.000,1,nan,nan
27.2360,378.7500,1,-7506.8673,1553.7438,292.1709,nan,nan,nan,-0.8197,-0.0700,0.5686,-0.5380,0.4350,-0.7221,-0.1968,-0.8977,-0.3942,0.0000,0.0000,0.0000,-70.3067,8.0511,26.1443,-7324.6173,1302.7199,360.1011,nan,nan,nan,-0.5980,0.7699,-0.2228,-0.1367,0.1760,0.9749,90.000,nan,nan,nan,0.0000,0.0000,0.0000,nan,nan,nan,-7324.6173,1302.7199,360.1011,-7324.6173,1302.7199,360.1011,12.000,1,nan,nan
27.2730,378.7834,1,-7509.4619,1553.2055,293.8638,nan,nan,nan,-0.8258,-0.1706,0.5375,-0.5499,0.4548,-0.7005,-0.1249,-0.8741,-0.4694,0.0000,0.0000,0.0000,-75.1804,-7.8610,38.7034,-7325.8172,1303.0286,358.7748,nan,nan,nan,-0.5980,0.7699,-0.2228,-0.1367,0.1760,0.9749,90.000,nan,nan,nan,0.0000,0.0000,0.0000,nan,nan,nan,-7325.8172,1303.0286,358.7748,-7325.8172,1303.0286,358.7748,12.000,1,nan,nan
27.3020,378.8167,1,-7512.0605,1552.6510,295.5879,nan,nan,nan,-0.8204,-0.1751,0.5443,-0.5578,0.4540,-0.6948,-0.1255,-0.8737,-0.4701,0.0000,0.0000,0.0000,-76.9142,-13.1844,45.7728,-7327.2895,1303.2157,357.8713,nan,nan,nan,-0.5980,0.7699,-0.2228,-0.1367,0.1760,0.9749,90.000,nan,nan,nan,0.0000,0.0000,0.0000,nan,nan,nan,-7327.2895,1303.2157,357.8713,-7327.2895,1303.2157,357.8713,12.000,1,nan,nan
27.3310,378.8500,1,-7514.6905,1552.3322,297.7177,nan,nan,nan,-0.7934,-0.1960,0.5762,-0.5957,0.4444,-0.6691,-0.1249,-0.8741,-0.4694,0.0000,0.0000,0.0000,-77.7549,-14.1131,52.1406,-7329.0750,1303.3301,357.4138,nan,nan,nan,-0.5980,0.7699,-0.2228,-0.1367,0.1760,0.9749,90.000,nan,nan,nan,0.0000,0.0000,0.0000,nan,nan,nan,-7329.0750,1303.3301,357.4138,-7329.0750,1303.3301,357.4138,12.000,1,nan,nan
27.3610,378.8834,1,-7517.4016,1552.9521,300.0661,nan,nan,nan,-0.7995,0.0348,0.5997,-0.5256,0.4428,-0.7264,-0.2908,-0.8960,-0.3357,0.0000,0.0000,0.0000,-78.7569,-7.5731,57.7994,-7331.4331,1303.4487,357.8606,nan,nan,nan,-0.5980,0.7699,-0.2228,-0.1367,0.1760,0.9749,90.000,nan,nan,nan,0.0000,0.0000,0.0000,nan,nan,nan,-7331.4331,1303.4487,357.8606,-7331.4331,1303.4487,357.8606,12.000,1,nan,nan
27.3890,378.9000,1,-7518.7309,1553.6892,301.1291,nan,nan,nan,-0.8401,0.1609,0.5180,-0.4151,0.4242,-0.8049,-0.3492,-0.8912,-0.2896,0.0000,0.0000,0.0000,-79.3412,5.8100,61.5295,-7332.6289,1303.5657,358.2088,nan,nan,nan,-0.5980,0.7699,-0.2228,-0.1367,0.1760,0.9749,90.000,nan,nan,nan,0.0000,0.0000,0.0000,nan,nan,nan,-7332.6289,1303.5657,358.2088,-7332.6289,1303.5657,358.2088,12.000,1,nan,nan
27.4190,378.9334,1,-7521.0554,1555.8625,303.0900,nan,nan,nan,-0.7459,0.4311,0.5077,-0.3688,0.3674,-0.8538,-0.5546,-0.8241,-0.1151,0.0000,0.0000,0.0000,-77.8136,24.8537,63.6962,-7335.8001,1304.3309,359.6962,nan,nan,nan,-0.5980,0.7699,-0.2228,-0.1367,0.1760,0.9749,90.000,nan,nan,nan,0.0000,0.0000,0.0000,nan,nan,nan,-7335.8001,1304.3309,359.6962,-7335.8001,1304.3309,359.6962,12.000,1,nan,nan
27.4480,378.9667,1,-7522.8034,1558.8496,304.4985,nan,nan,nan,-0.5790,0.7211,0.3804,-0.2861,0.2571,-0.9230,-0.7635,-0.6433,0.0575,0.0000,0.0000,0.0000,-72.2159,48.4981,59.8019,-7339.5668,1306.0920,361.8057,nan,nan,nan,-0.5980,0.7699,-0.2228,-0.1367,0.1760,0.9749,90.000,nan,nan,nan,0.0000,0.0000,0.0000,nan,nan,nan,-7339.5668,1306.0920,361.8057,-7339.5668,1306.0920,361.8057,12.000,1,nan,nan
27.4760,379.0000,1,-7523.8354,1562.3862,305.1332,nan,nan,nan,-0.4024,0.8961,0.1871,-0.2261,0.1007,-0.9689,-0.8871,-0.4322,0.1621,0.0000,0.0000,0.0000,-61.0219,70.7269,48.7412,-7343.1963,1308.7718,363.9611,nan,nan,nan,-0.5980,0.7699,-0.2228,-0.1367,0.1760,0.9749,90.000,nan,nan,nan,0.0000,0.0000,0.0000,nan,nan,nan,-7343.1963,1308.7718,363.9611,-7343.1963,1308.7718,363.9611,12.000,1,nan,nan
27.5060,379.0167,1,-7524.0742,1564.2215,304.9990,nan,nan,nan,-0.2362,0.9702,-0.0548,-0.1832,-0.0998,-0.9780,-0.9543,-0.2210,0.2013,0.0000,0.0000,0.0000,-45.6965,88.3509,32.1618,-7344.8486,1310.3849,364.9191,nan,nan,nan,-0.5980,0.7699,-0.2228,-0.1367,0.1760,0.9749,90.000,nan,nan,nan,0.0000,0.0000,0.0000,nan,nan,nan,-7344.8486,1310.3849,364.9191,-7344.8486,1310.3849,364.9191,12.000,1,nan,nan
27.5350,379.0500,1,-7523.9621,1567.8562,304.2357,nan,nan,nan,-0.0824,0.9790,-0.1864,-0.1858,-0.1988,-0.9623,-0.9791,-0.0447,0.1983,0.0000,0.0000,0.0000,-28.0122,100.6437,12.5013,-7347.7164,1314.1934,366.4261,nan,nan,nan,-0.5980,0.7699,-0.2228,-0.1367,0.1760,0.9749,90.000,nan,nan,nan,0.0000,0.0000,0.0000,nan,nan,nan,-7347.7164,1314.1934,366.4261,-7347.7164,1314.1934,366.4261,12.000,1,nan,nan
27.5640,379.0834,1,-7523.7285,1571.1965,302.7309,nan,nan,nan,0.0458,0.9095,-0.4131,-0.2516,-0.3897,-0.8859,-0.9667,0.1445,0.2110,0.0000,0.0000,0.0000,-12.5854,105.2219,-8.9105,-7350.0711,1318.4674,367.5162,nan,nan,nan,-0.5980,0.7699,-0.2228,-0.1367,0.1760,0.9749,90.000,nan,nan,nan,0.0000,0.0000,0.0000,nan,nan,nan,-7350.0711,1318.4674,367.5162,-7350.0711,1318.4674,367.5162,12.000,1,nan,nan
27.5930,379.1167,1,-7523.5767,1574.3123,300.8017,nan,nan,nan,0.0352,0.8503,-0.5251,-0.3447,-0.4829,-0.8050,-0.9380,0.2094,0.2761,0.0000,0.0000,0.0000,-2.3973,103.6126,-28.5771,-7352.0624,1322.9692,368.3928,nan,nan,nan,-0.5980,0.7699,-0.2228,-0.1367,0.1760,0.9749,90.000,nan,nan,nan,0.0000,0.0000,0.0000,nan,nan,nan,-7352.0624,1322.9692,368.3928,-7352.0624,1322.9692,368.3928,12.000,1,nan,nan
27.6240,379.1334,1,-7523.5426,1575.8062,299.7155,nan,nan,nan,0.0174,0.8088,-0.5879,-0.4022,-0.5326,-0.7447,-0.9154,0.2494,0.3160,0.0000,0.0000,0.0000,2.9145,99.1943,-43.9337,-7352.9224,1325.1950,368.7653,nan,nan,nan,-0.5980,0.7699,-0.2228,-0.1367,0.1760,0.9749,90.000,nan,nan,nan,0.0000,0.0000,0.0000,nan,nan,nan,-7352.9224,1325.1950,368.7653,-7352.9224,1325.1950,368.7653,12.000,1,nan,nan
27.6530,379.1667,1,-7523.0099,1578.6926,297.2816,nan,nan,nan,0.0189,0.7989,-0.6011,-0.4138,-0.5411,-0.7321,-0.9102,0.2626,0.3204,0.0000,0.0000,0.0000,6.5008,93.8208,-57.0287,-7354.3953,1329.8021,369.0600,nan,nan,nan,-0.5980,0.7699,-0.2228,-0.1367,0.1760,0.9749,90.000,nan,nan,nan,0.0000,0.0000,0.0000,nan,nan,nan,-7354.3953,1329.8021,369.0600,-7354.3953,1329.8021,369.0600,12.000,1,nan,nan
27.6820,379.2000,1,-7521.5526,1581.1193,294.7050,nan,nan,nan,0.2635,0.7048,-0.6586,-0.4173,-0.5323,-0.7366,-0.8697,0.4689,0.1539,0.0000,0.0000,0.0000,14.5602,87.2645,-66.0785,-7355.2387,1334.6768,368.3347,nan,nan,nan,-0.5980,0.7699,-0.2228,-0.1367,0.1760,0.9749,90.000,nan,nan,nan,0.0000,0.0000,0.0000,nan,nan,nan,-7355.2387,1334.6768,368.3347,-7355.2387,1334.6768,368.3347,12.000,1,nan,nan
27.7110,379.2334,1,-7519.7836,1583.1513,292.1226,nan,nan,nan,0.4723,0.5453,-0.6925,-0.4275,-0.5454,-0.7210,-0.7709,0.6365,-0.0245,0.0000,0.0000,0.0000,25.8750,79.4502,-71.8073,-7355.3259,1339.4304,366.7867,nan,nan,nan,-0.5980,0.7699,-0.2228,-0.1367,0.1760,0.9749,90.000,nan,nan,nan,0.0000,0.0000,0.0000,nan,nan,nan,-7355.3259,1339.4304,366.7867,-7355.3259,1339.4304,366.7867,12.000,1,nan,nan
27.7390,379.2500,1,-7518.9105,1584.1465,290.8402,nan,nan,nan,0.4728,0.5407,-0.6958,-0.4072,-0.5661,-0.7167,-0.7814,0.6222,-0.0475,0.0000,0.0000,0.0000,38.2064,71.9029,-75.3079,-7355.3098,1341.5845,365.9609,nan,nan,nan,-0.5980,0.7699,-0.2228,-0.1367,0.1760,0.9749,90.000,nan,nan,nan,0.0000,0.0000,0.0000,nan,nan,nan,-7355.3098,1341.5845,365.9609,-7355.3098,1341.5845,365.9609,12.000,1,nan,nan
27.7680,379.2834,1,-7517.1490,1586.1439,288.2913,nan,nan,nan,0.4765,0.5429,-0.6915,-0.3927,-0.5723,-0.7199,-0.7866,0.6146,-0.0594,0.0000,0.0000,0.0000,48.0456,65.0596,-76.6978,-7355.0067,1345.8582,363.9793,nan,nan,nan,-0.5980,0.7699,-0.2228,-0.1367,0.1760,0.9749,90.000,nan,nan,nan,0.0000,0.0000,0.0000,nan,nan,nan,-7355.0067,1345.8582,363.9793,-7355.0067,1345.8582,363.9793,12.000,1,nan,nan
27.7970,379.3167,1,-7515.8017,1588.2475,285.9851,nan,nan,nan,0.4879,0.5555,-0.6734,-0.3583,-0.5760,-0.7347,-0.7960,0.5997,-0.0820,0.0000,0.0000,0.0000,49.3528,61.7521,-75.3536,-7354.5678,1349.6753,361.8965,nan,nan,nan,-0.5980,0.7699,-0.2228,-0.1367,0.1760,0.9749,90.000,nan,nan,nan,0.0000,0.0000,0.0000,nan,nan,nan,-7354.5678,1349.6753,361.8965,-7354.5678,1349.6753,361.8965,12.000,1,nan,nan
27.8270,379.3500,1,-7517.3727,1590.9721,284.1143,nan,nan,nan,0.2971,0.4999,-0.8135,-0.4543,-0.6754,-0.5809,-0.8398,0.5422,0.0264,0.0000,0.0000,0.0000,29.5746,65.2464,-70.8153,-7354.5986,1353.0397,360.2445,nan,nan,nan,-0.5980,0.7699,-0.2228,-0.1367,0.1760,0.9749,90.000,nan,nan,nan,0.0000,0.0000,0.0000,nan,nan,nan,-7354.5986,1353.0397,360.2445,-7354.5986,1353.0397,360.2445,12.000,1,nan,nan
27.8560,379.3667,1,-7518.2325,1592.1915,283.0577,nan,nan,nan,0.1826,0.4204,-0.8888,-0.4939,-0.7424,-0.4526,-0.8501,0.5216,0.0721,0.0000,0.0000,0.0000,4.8248,68.6355,-67.1977,-7354.6936,1354.4801,359.5567,nan,nan,nan,-0.5980,0.7699,-0.2228,-0.1367,0.1760,0.9749,90.000,nan,nan,nan,0.0000,0.0000,0.0000,nan,nan,nan,-7354.6936,1354.4801,359.5567,-7354.6936,1354.4801,359.5567,12.000,1,nan,nan
27.8860,379.4000,1,-7519.9950,1594.5211,280.8596,nan,nan,nan,0.0548,0.4407,-0.8960,-0.5026,-0.7632,-0.4061,-0.8628,0.4726,0.1797,0.0000,0.0000,0.0000,-21.2698,71.3066,-64.3696,-7355.1802,1357.3427,358.2823,nan,nan,nan,-0.5980,0.7699,-0.2228,-0.1367,0.1760,0.9749,90.000,nan,nan,nan,0.0000,0.0000,0.0000,nan,nan,nan,-7355.1802,1357.3427,358.2823,-7355.1802,1357.3427,358.2823,12.000,1,nan,nan
27.9140,379.4334,1,-7521.7489,1596.6661,278.6560,nan,nan,nan,-0.1230,0.4721,-0.8729,-0.5101,-0.7846,-0.3525,-0.8513,0.4019,0.3373,0.0000,0.0000,0.0000,-45.0953,72.0894,-63.1886,-7355.8100,1359.8095,357.3758,nan,nan,nan,-0.5980,0.7699,-0.2228,-0.1367,0.1760,0.9749,90.000,nan,nan,nan,0.0000,0.0000,0.0000,nan,nan,nan,-7355.8100,1359.8095,357.3758,-7355.8100,1359.8095,357.3758,12.000,1,nan,nan
27.9430,379.4667,1,-7523.4644,1598.7224,276.4740,nan,nan,nan,-0.3356,0.5437,-0.7693,-0.5311,-0.7836,-0.3222,-0.7780,0.3005,0.5518,0.0000,0.0000,0.0000,-50.7277,68.2366,-64.8192,-7356.3918,1361.9431,356.9153,nan,nan,nan,-0.5980,0.7699,-0.2228,-0.1367,0.1760,0.9749,90.000,nan,nan,nan,0.0000,0.0000,0.0000,nan,nan,nan,-7356.3918,1361.9431,356.9153,-7356.3918,1361.9431,356.9153,12.000,1,nan,nan
27.9700,379.4834,1,-7524.5353,1599.7726,275.7753,nan,nan,nan,-0.4276,0.5734,-0.6988,-0.5573,-0.7759,-0.2956,-0.7118,0.2630,0.6513,0.0000,0.0000,0.0000,-54.3876,65.4356,-60.8502,-7356.6241,1362.8910,356.8168,nan,nan,nan,-0.5980,0.7699,-0.2228,-0.1367,0.1760,0.9749,90.000,nan,nan,nan,0.0000,0.0000,0.0000,nan,nan,nan,-7356.6241,1362.8910,356.8168,-7356.6241,1362.8910,356.8168,12.000,1,nan,nan
27.9980,379.5167,1,-7526.5547,1602.2093,274.8031,nan,nan,nan,-0.5182,0.7379,-0.4323,-0.6039,-0.6737,-0.4260,-0.6056,0.0403,0.7947,0.0000,0.0000,0.0000,-56.6603,65.5174,-52.7014,-7357.0835,1364.4884,356.9449,nan,nan,nan,-0.5980,0.7699,-0.2228,-0.1367,0.1760,0.9749,90.000,nan,nan,nan,0.0000,0.0000,0.0000,nan,nan,nan,-7357.0835,1364.4884,356.9449,-7357.0835,1364.4884,356.9449,12.000,1,nan,nan
28.0280,379.5500,1,-7528.5972,1604.6840,273.8207,nan,nan,nan,-0.6094,0.7367,-0.2932,-0.5984,-0.6699,-0.4395,-0.5202,-0.0923,0.8490,0.0000,0.0000,0.0000,-58.8472,67.5118,-43.7438,-7357.5639,1365.9022,357.0809,nan,nan,nan,-0.5980,0.7699,-0.2228,-0.1367,0.1760,0.9749,90.000,nan,nan,nan,0.0000,0.0000,0.0000,nan,nan,nan,-7357.5639,1365.9022,357.0809,-7357.5639,1365.9022,357.0809,12.000,1,nan,nan
28.0550,379.5667,1,-7529.6275,1605.9468,273.3269,nan,nan,nan,-0.6050,0.7416,-0.2900,-0.6029,-0.6645,-0.4416,-0.5202,-0.0923,0.8490,0.0000,0.0000,0.0000,-61.3541,70.7270,-34.7867,-7357.8607,1366.6042,357.0887,nan,nan,nan,-0.5980,0.7699,-0.2228,-0.1367,0.1760,0.9749,90.000,nan,nan,nan,0.0000,0.0000,0.0000,nan,nan,nan,-7357.8607,1366.6042,357.0887,-7357.8607,1366.6042,357.0887,12.000,1,nan,nan
28.0840,379.6000,1,-7531.6719,1608.5117,272.3532,nan,nan,nan,-0.5975,0.7496,-0.2846,-0.6102,-0.6554,-0.4451,-0.5202,-0.0923,0.8490,0.0000,0.0000,0.0000,-61.2719,74.1567,-30.4529,-7358.7006,1368.1938,356.9314,nan,nan,nan,-0.5980,0.7699,-0.2228,-0.1367,0.1760,0.9749,90.000,nan,nan,nan,0.0000,0.0000,0.0000,nan,nan,nan,-7358.7006,1368.1938,356.9314,-7358.7006,1368.1938,356.9314,12.000,1,nan,nan
28.1120,379.6334,1,-7533.7163,1611.0765,271.3796,nan,nan,nan,-0.5975,0.7496,-0.2846,-0.6102,-0.6554,-0.4451,-0.5202,-0.0923,0.8490,0.0000,0.0000,0.0000,-61.4059,75.6119,-29.5947,-7359.6945,1369.8593,356.6475,nan,nan,nan,-0.5980,0.7699,-0.2228,-0.1367,0.1760,0.9749,90.000,nan,nan,nan,0.0000,0.0000,0.0000,nan,nan,nan,-7359.6945,1369.8593,356.6475,-7359.6945,1369.8593,356.6475,12.000,1,nan,nan
28.1460,379.6500,1,-7534.7386,1612.3589,270.8927,nan,nan,nan,-0.5975,0.7496,-0.2846,-0.6102,-0.6554,-0.4451,-0.5202,-0.0923,0.8490,0.0000,0.0000,0.0000,-61.4437,76.4438,-29.3709,-7360.1985,1370.6680,356.4873,nan,nan,nan,-0.5980,0.7699,-0.2228,-0.1367,0.1760,0.9749,90.000,nan,nan,nan,0.0000,0.0000,0.0000,nan,nan,nan,-7360.1985,1370.6680,356.4873,-7360.1985,1370.6680,356.4873,12.000,1,nan,nan
28.1750,379.6834,1,-7536.7830,1614.9237,269.9191,nan,nan,nan,-0.5975,0.7496,-0.2846,-0.6102,-0.6554,-0.4451,-0.5202,-0.0923,0.8490,0.0000,0.0000,0.0000,-61.3551,76.8448,-29.2418,-7361.3713,1372.4389,356.0644,nan,nan,nan,-0.5980,0.7699,-0.2228,-0.1367,0.1760,0.9749,90.000,nan,nan,nan,0.0000,0.0000,0.0000,nan,nan,nan,-7361.3713,1372.4389,356.0644,-7361.3713,1372.4389,356.0644,12.000,1,nan,nan
28.2040,379.7167,1,-7538.8141,1617.4501,268.9494,nan,nan,nan,-0.6003,0.7467,-0.2866,-0.6075,-0.6588,-0.4438,-0.5202,-0.0923,0.8490,0.0000,0.0000,0.0000,-61.2574,76.6941,-29.1920,-7362.6207,1374.2455,355.5787,nan,nan,nan,-0.5980,0.7699,-0.2228,-0.1367,0.1760,0.9749,90.000,nan,nan,nan,0.0000,0.0000,0.0000,nan,nan,nan,-7362.6207,1374.2455,355.5787,-7362.6207,1374.2455,355.5787,12.000,1,nan,nan
28.2320,379.7500,1,-7540.8086,1619.8999,267.9939,nan,nan,nan,-0.6043,0.7423,-0.2895,-0.6035,-0.6637,-0.4419,-0.5202,-0.0923,0.8490,0.0000,0.0000,0.0000,-60.9384,75.9738,-29.0737,-7363.9744,1376.1390,355.0260,nan,nan,nan,-0.5980,0.7699,-0.2228,-0.1367,0.1760,0.9749,90.000,nan,nan,nan,0.0000,0.0000,0.0000,nan,nan,nan,-7363.9744,1376.1390,355.0260,-7363.9744,1376.1390,355.0260,12.000,1,nan,nan
28.2610,379.7834,1,-7542.7852,1622.2988,267.0437,nan,nan,nan,-0.6081,0.7381,-0.2923,-0.5997,-0.6684,-0.4401,-0.5202,-0.0923,0.8490,0.0000,0.0000,0.0000,-60.4672,74.8340,-28.9087,-7365.4347,1378.1270,354.4084,nan,nan,nan,-0.5980,0.7699,-0.2228,-0.1367,0.1760,0.9749,90.000,nan,nan,nan,0.0000,0.0000,0.0000,nan,nan,nan,-7365.4347,1378.1270,354.4084,-7365.4347,1378.1270,354.4084,12.000,1,nan,nan
28.2890,379.8000,1,-7543.7734,1623.4980,266.5680,nan,nan,nan,-0.6083,0.7378,-0.2925,-0.5992,-0.6686,-0.4404,-0.5205,-0.0926,0.8488,0.0000,0.0000,0.0000,-59.9660,73.6082,-28.7423,-7366.1225,1379.0515,354.1131,nan,nan,nan,-0.5980,0.7699,-0.2228,-0.1367,0.1760,0.9749,90.000,nan,nan,nan,0.0000,0.0000,0.0000,nan,nan,nan,-7366.1225,1379.0515,354.1131,-7366.1225,1379.0515,354.1131,12.000,1,nan,nan
28.3170,379.8334,1,-7545.7185,1625.8771,265.6310,nan,nan,nan,-0.6057,0.7405,-0.2912,-0.5973,-0.6649,-0.4484,-0.5257,-0.0976,0.8451,0.0000,0.0000,0.0000,-59.3493,72.4794,-28.5133,-7367.7361,1381.1490,353.4004,nan,nan,nan,-0.5980,0.7699,-0.2228,-0.1367,0.1760,0.9749,90.000,nan,nan,nan,0.0000,0.0000,0.0000,nan,nan,nan,-7367.7361,1381.1490,353.4004,-7367.7361,1381.1490,353.4004,12.000,1,nan,nan
28.3470,379.8667,1,-7547.5867,1628.1885,264.7309,nan,nan,nan,-0.6018,0.7443,-0.2895,-0.5926,-0.6592,-0.4629,-0.5354,-0.1070,0.8378,0.0000,0.0000,0.0000,-58.4685,71.4229,-28.1349,-7369.4242,1383.2589,352.6344,nan,nan,nan,-0.5980,0.7699,-0.2228,-0.1367,0.1760,0.9749,90.000,nan,nan,nan,0.0000,0.0000,0.0000,nan,nan,nan,-7369.4242,1383.2589,352.6344,-7369.4242,1383.2589,352.6344,12.000,1,nan,nan
28.3750,379.9000,1,-7549.4147,1630.4910,263.8531,nan,nan,nan,-0.5960,0.7504,-0.2858,-0.5908,-0.6508,-0.4769,-0.5439,-0.1153,0.8312,0.0000,0.0000,0.0000,-57.4009,70.6334,-27.6248,-7371.1643,1385.3791,351.8291,nan,nan,nan,-0.5980,0.7699,-0.2228,-0.1367,0.1760,0.9749,90.000,nan,nan,nan,0.0000,0.0000,0.0000,nan,nan,nan,-7371.1643,1385.3791,351.8291,-7371.1643,1385.3791,351.8291,12.000,1,nan,nan
28.4050,379.9167,1,-7550.2769,1631.5579,263.4355,nan,nan,nan,-0.6014,0.7441,-0.2911,-0.5789,-0.6569,-0.4831,-0.5507,-0.1221,0.8257,0.0000,0.0000,0.0000,-55.6736,68.8874,-26.8257,-7371.9655,1386.3340,351.4535,nan,nan,nan,-0.5980,0.7699,-0.2228,-0.1367,0.1760,0.9749,90.000,nan,nan,nan,0.0000,0.0000,0.0000,nan,nan,nan,-7371.9655,1386.3340,351.4535,-7371.9655,1386.3340,351.4535,12.000,1,nan,nan
28.4320,379.9500,1,-7552.0464,1633.3890,262.5145,nan,nan,nan,-0.6549,0.6759,-0.3381,-0.5134,-0.7261,-0.4573,-0.5546,-0.1260,0.8225,0.0000,0.0000,0.0000,-54.2751,65.2502,-26.5697,-7373.7519,1388.3950,350.5980,nan,nan,nan,-0.5980,0.7699,-0.2228,-0.1367,0.1760,0.9749,90.000,nan,nan,nan,0.0000,0.0000,0.0000,nan,nan,nan,-7373.7519,1388.3950,350.5980,-7373.7519,1388.3950,350.5980,12.000,1,nan,nan
28.4620,379.9834,1,-7554.0057,1635.0640,261.3977,nan,nan,nan,-0.7015,0.5953,-0.3918,-0.4233,-0.7903,-0.4430,-0.5734,-0.1449,0.8064,0.0000,0.0000,0.0000,-54.5418,60.7048,-27.8186,-7375.6216,1390.3399,349.6537,nan,nan,nan,-0.5980,0.7699,-0.2228,-0.1367,0.1760,0.9749,90.000,nan,nan,nan,0.0000,0.0000,0.0000,nan,nan,nan,-7375.6216,1390.3399,349.6537,-7375.6216,1390.3399,349.6537,12.000,1,nan,nan
28.4900,380.0000,1,-7555.0192,1635.8993,260.7917,nan,nan,nan,-0.7032,0.5770,-0.4154,-0.3749,-0.7974,-0.4729,-0.6041,-0.1768,0.7770,0.0000,0.0000,0.0000,-55.7892,56.0038,-30.0741,-7376.5260,1391.1684,349.1692,nan,nan,nan,-0.5980,0.7699,-0.2228,-0.1367,0.1760,0.9749,90.000,nan,nan,nan,0.0000,0.0000,0.0000,nan,nan,nan,-7376.5260,1391.1684,349.1692,-7376.5260,1391.1684,349.1692,12.000,1,nan,nan
28.5190,380.0334,1,-7557.0115,1637.6217,259.5752,nan,nan,nan,-0.6915,0.5923,-0.4134,-0.3694,-0.7818,-0.5022,-0.6207,-0.1946,0.7595,0.0000,0.0000,0.0000,-57.6463,52.5950,-32.8129,-7378.5854,1392.9390,348.0167,nan,nan,nan,-0.5980,0.7699,-0.2228,-0.1367,0.1760,0.9749,90.000,nan,nan,nan,0.0000,0.0000,0.0000,nan,nan,nan,-7378.5854,1392.9390,348.0167,-7378.5854,1392.9390,348.0167,12.000,1,nan,nan
28.5490,380.0667,1,-7558.9039,1639.4411,258.4276,nan,nan,nan,-0.6635,0.6342,-0.3969,-0.3683,-0.7386,-0.5646,-0.6512,-0.2285,0.7237,0.0000,0.0000,0.0000,-58.7554,51.8433,-34.7203,-7380.7177,1394.6175,346.7525,nan,nan,nan,-0.5980,0.7699,-0.2228,-0.1367,0.1760,0.9749,90.000,nan,nan,nan,0.0000,0.0000,0.0000,nan,nan,nan,-7380.7177,1394.6175,346.7525,-7380.7177,1394.6175,346.7525,12.000,1,nan,nan
28.5800,380.1000,1,-7560.8086,1641.3297,257.2608,nan,nan,nan,-0.6526,0.6452,-0.3972,-0.3461,-0.7202,-0.6013,-0.6740,-0.2550,0.6933,0.0000,0.0000,0.0000,-58.6493,52.9743,-35.4013,-7382.8894,1396.2505,345.4075,nan,nan,nan,-0.5980,0.7699,-0.2228,-0.1367,0.1760,0.9749,90.000,nan,nan,nan,0.0000,0.0000,0.0000,nan,nan,nan,-7382.8894,1396.2505,345.4075,-7382.8894,1396.2505,345.4075,12.000,1,nan,nan
28.6100,380.1334,1,-7562.7109,1643.1565,256.0702,nan,nan,nan,-0.6574,0.6313,-0.4114,-0.3238,-0.7297,-0.6023,-0.6805,-0.2627,0.6841,0.0000,0.0000,0.0000,-57.8800,54.1381,-35.4093,-7385.0382,1397.8884,344.0587,nan,nan,nan,-0.5980,0.7699,-0.2228,-0.1367,0.1760,0.9749,90.000,nan,nan,nan,0.0000,0.0000,0.0000,nan,nan,nan,-7385.0382,1397.8884,344.0587,-7385.0382,1397.8884,344.0587,12.000,1,nan,nan
28.6430,380.1500,1,-7563.7253,1644.0076,255.3880,nan,nan,nan,-0.6810,0.5714,-0.4580,-0.2705,-0.7775,-0.5677,-0.6805,-0.2627,0.6841,0.0000,0.0000,0.0000,-57.9457,54.2499,-36.2979,-7386.0098,1398.6350,343.4454,nan,nan,nan,-0.5980,0.7699,-0.2228,-0.1367,0.1760,0.9749,90.000,nan,nan,nan,0.0000,0.0000,0.0000,nan,nan,nan,-7386.0098,1398.6350,343.4454,-7386.0098,1398.6350,343.4454,12.000,1,nan,nan
28.6660,380.1834,1,-7565.8719,1645.5518,253.8459,nan,nan,nan,-0.7012,0.5045,-0.5038,-0.2127,-0.8225,-0.5275,-0.6805,-0.2627,0.6841,0.0000,0.0000,0.0000,-59.4835,52.6210,-38.8427,-7388.1682,1400.2771,342.0543,nan,nan,nan,-0.5980,0.7699,-0.2228,-0.1367,0.1760,0.9749,90.000,nan,nan,nan,0.0000,0.0000,0.0000,nan,nan,nan,-7388.1682,1400.2771,342.0543,-7388.1682,1400.2771,342.0543,12.000,1,nan,nan
28.6960,380.2167,1,-7568.1234,1646.8748,252.1144,nan,nan,nan,-0.7186,0.4222,-0.5526,-0.1437,-0.8676,-0.4761,-0.6805,-0.2627,0.6841,0.0000,0.0000,0.0000,-61.8717,48.9017,-42.7399,-7390.3420,1401.8711,340.6102,nan,nan,nan,-0.5980,0.7699,-0.2228,-0.1367,0.1760,0.9749,90.000,nan,nan,nan,0.0000,0.0000,0.0000,nan,nan,nan,-7390.3420,1401.8711,340.6102,-7390.3420,1401.8711,340.6102,12.000,1,nan,nan
28.7260,380.2500,1,-7570.3659,1647.9917,250.3020,nan,nan,nan,-0.7268,0.3606,-0.5845,-0.0931,-0.8950,-0.4363,-0.6805,-0.2627,0.6841,0.0000,0.0000,0.0000,-64.3906,43.8987,-47.2501,-7392.5260,1403.3917,339.1097,nan,nan,nan,-0.5980,0.7699,-0.2228,-0.1367,0.1760,0.9749,90.000,nan,nan,nan,0.0000,0.0000,0.0000,nan,nan,nan,-7392.5260,1403.3917,339.1097,-7392.5260,1403.3917,339.1097,12.000,1,nan,nan
28.7540,380.2667,1,-7571.4787,1648.4349,249.3568,nan,nan,nan,-0.7293,0.2905,-0.6194,-0.0366,-0.9207,-0.3886,-0.6832,-0.2607,0.6821,0.0000,0.0000,0.0000,-66.0748,38.0027,-51.3079,-7393.5242,1404.0618,338.4101,nan,nan,nan,-0.5980,0.7699,-0.2228,-0.1367,0.1760,0.9749,90.000,nan,nan,nan,0.0000,0.0000,0.0000,nan,nan,nan,-7393.5242,1404.0618,338.4101,-7393.5242,1404.0618,338.4101,12.000,1,nan,nan
28.7830,380.3000,1,-7573.6871,1649.1785,247.4292,nan,nan,nan,-0.7302,0.2459,-0.6374,-0.0015,-0.9336,-0.3584,-0.6832,-0.2607,0.6821,0.0000,0.0000,0.0000,-66.7826,32.0196,-54.4326,-7395.7390,1405.4350,336.7997,nan,nan,nan,-0.5980,0.7699,-0.2228,-0.1367,0.1760,0.9749,90.000,nan,nan,nan,0.0000,0.0000,0.0000,nan,nan,nan,-7395.7390,1405.4350,336.7997,-7395.7390,1405.4350,336.7997,12.000,1,nan,nan
28.8090,380.3334,1,-7575.8893,1649.8655,245.4860,nan,nan,nan,-0.7301,0.2278,-0.6442,0.0126,-0.9382,-0.3460,-0.6832,-0.2607,0.6821,0.0000,0.0000,0.0000,-66.6289,27.0069,-56.3276,-7397.9489,1406.7011,335.1403,nan,nan,nan,-0.5980,0.7699,-0.2228,-0.1367,0.1760,0.9749,90.000,nan,nan,nan,0.0000,0.0000,0.0000,nan,nan,nan,-7397.9489,1406.7011,335.1403,-7397.9489,1406.7011,335.1403,12.000,1,nan,nan
28.8360,380.3500,1,-7577.0089,1650.1857,244.4871,nan,nan,nan,-0.7297,0.2087,-0.6511,0.0274,-0.9426,-0.3329,-0.6832,-0.2607,0.6821,0.0000,0.0000,0.0000,-66.5787,23.1461,-57.8199,-7398.9538,1407.2526,334.3737,nan,nan,nan,-0.5980,0.7699,-0.2228,-0.1367,0.1760,0.9749,90.000,nan,nan,nan,0.0000,0.0000,0.0000,nan,nan,nan,-7398.9538,1407.2526,334.3737,-7398.9538,1407.2526,334.3737,12.000,1,nan,nan
28.8660,380.3834,1,-7579.2306,1650.7484,242.4770,nan,nan,nan,-0.7288,0.1846,-0.6594,0.0460,-0.9476,-0.3161,-0.6832,-0.2607,0.6821,0.0000,0.0000,0.0000,-66.5450,20.4317,-58.8370,-7401.1843,1408.3760,332.6239,nan,nan,nan,-0.5980,0.7699,-0.2228,-0.1367,0.1760,0.9749,90.000,nan,nan,nan,0.0000,0.0000,0.0000,nan,nan,nan,-7401.1843,1408.3760,332.6239,-7401.1843,1408.3760,332.6239,12.000,1,nan,nan
28.8940,380.4167,1,-7581.4450,1651.0694,240.3817,nan,nan,nan,-0.7224,0.1047,-0.6835,0.1068,-0.9597,-0.2599,-0.6832,-0.2607,0.6821,0.0000,0.0000,0.0000,-66.5747,17.3535,-60.0460,-7403.4103,1409.3753,330.8228,nan,nan,nan,-0.5980,0.7699,-0.2228,-0.1367,0.1760,0.9749,90.000,nan,nan,nan,0.0000,0.0000,0.0000,nan,nan,nan,-7403.4103,1409.3753,330.8228,-7403.4103,1409.3753,330.8228,12.000,1,nan,nan
28.9240,380.4334,1,-7582.5476,1651.1267,239.2993,nan,nan,nan,-0.7131,0.0371,-0.7001,0.1572,-0.9647,-0.2113,-0.6832,-0.2607,0.6821,0.0000,0.0000,0.0000,-66.5984,13.3041,-61.6181,-7404.4205,1409.7957,329.9910,nan,nan,nan,-0.5980,0.7699,-0.2228,-0.1367,0.1760,0.9749,90.000,nan,nan,nan,0.0000,0.0000,0.0000,nan,nan,nan,-7404.4205,1409.7957,329.9910,-7404.4205,1409.7957,329.9910,12.000,1,nan,nan
28.9490,380.4667,1,-7584.7503,1651.1473,237.1011,nan,nan,nan,-0.7078,0.0066,-0.7064,0.1797,-0.9654,-0.1891,-0.6832,-0.2607,0.6821,0.0000,0.0000,0.0000,-66.3833,8.7743,-63.1342,-7406.6583,1410.5897,328.0896,nan,nan,nan,-0.5980,0.7699,-0.2228,-0.1367,0.1760,0.9749,90.000,nan,nan,nan,0.0000,0.0000,0.0000,nan,nan,nan,-7406.6583,1410.5897,328.0896,-7406.6583,1410.5897,328.0896,12.000,1,nan,nan
28.9810,380.5000,1,-7586.9523,1651.1395,234.8925,nan,nan,nan,-0.7061,-0.0025,-0.7081,0.1864,-0.9654,-0.1824,-0.6832,-0.2607,0.6821,0.0000,0.0000,0.0000,-66.2229,4.4454,-64.6283,-7408.8899,1411.2604,326.1415,nan,nan,nan,-0.5980,0.7699,-0.2228,-0.1367,0.1760,0.9749,90.000,nan,nan,nan,0.0000,0.0000,0.0000,nan,nan,nan,-7408.8899,1411.2604,326.1415,-7408.8899,1411.2604,326.1415,12.000,1,nan,nan
29.0050,380.5334,1,-7589.0903,1651.1564,232.5140,nan,nan,nan,-0.7049,-0.0083,-0.7092,0.1906,-0.9654,-0.1781,-0.6832,-0.2607,0.6821,0.0000,0.0000,0.0000,-65.7316,1.7548,-66.6266,-7411.1090,1411.8313,324.1258,nan,nan,nan,-0.5980,0.7699,-0.2228,-0.1367,0.1760,0.9749,90.000,nan,nan,nan,0.0000,0.0000,0.0000,nan,nan,nan,-7411.1090,1411.8313,324.1258,-7411.1090,1411.8313,324.1258,12.000,1,nan,nan
29.0320,380.5500,1,-7590.1255,1651.4344,231.3324,nan,nan,nan,-0.6907,0.1560,-0.7062,0.1293,-0.9341,-0.3328,-0.7115,-0.3212,0.6250,0.0000,0.0000,0.0000,-64.8247,3.8650,-68.2159,-7412.1662,1412.0007,323.0991,nan,nan,nan,-0.5980,0.7699,-0.2228,-0.1367,0.1760,0.9749,90.000,nan,nan,nan,0.0000,0.0000,0.0000,nan,nan,nan,-7412.1662,1412.0007,323.0991,-7412.1662,1412.0007,323.0991,12.000,1,nan,nan
29.0600,380.5834,1,-7592.1113,1652.2056,228.9414,nan,nan,nan,-0.6465,0.2305,-0.7273,0.1723,-0.8845,-0.4335,-0.7432,-0.4055,0.5321,0.0000,0.0000,0.0000,-63.3421,8.7910,-69.6906,-7414.5943,1412.1792,320.4725,nan,nan,nan,-0.5980,0.7699,-0.2228,-0.1367,0.1760,0.9749,90.000,nan,nan,nan,0.0000,0.0000,0.0000,nan,nan,nan,-7414.5943,1412.1792,320.4725,-7414.5943,1412.1792,320.4725,12.000,1,nan,nan
29.0880,380.6000,1,-7593.0946,1652.7423,227.7621,nan,nan,nan,-0.6206,0.3222,-0.7149,0.1924,-0.8213,-0.5371,-0.7602,-0.4709,0.4477,0.0000,0.0000,0.0000,-61.6328,16.2633,-70.8854,-7415.7154,1412.1936,319.1469,nan,nan,nan,-0.5980,0.7699,-0.2228,-0.1367,0.1760,0.9749,90.000,nan,nan,nan,0.0000,0.0000,0.0000,nan,nan,nan,-7415.7154,1412.1936,319.1469,-7415.7154,1412.1936,319.1469,12.000,1,nan,nan
29.1160,380.6334,1,-7595.0088,1653.8968,225.2854,nan,nan,nan,-0.5945,0.3334,-0.7317,0.2433,-0.7927,-0.5589,-0.7664,-0.5103,0.3902,0.0000,0.0000,0.0000,-59.9485,24.5831,-71.7137,-7418.1505,1412.2794,316.0731,nan,nan,nan,-0.5980,0.7699,-0.2228,-0.1367,0.1760,0.9749,90.000,nan,nan,nan,0.0000,0.0000,0.0000,nan,nan,nan,-7418.1505,1412.2794,316.0731,-7418.1505,1412.2794,316.0731,12.000,1,nan,nan
29.1450,380.6667,1,-7596.9346,1655.2870,222.8025,nan,nan,nan,-0.5701,0.3998,-0.7177,0.2904,-0.7192,-0.6313,-0.7686,-0.5683,0.2939,0.0000,0.0000,0.0000,-58.7441,31.2523,-72.5977,-7420.5261,1412.3890,312.7648,nan,nan,nan,-0.5980,0.7699,-0.2228,-0.1367,0.1760,0.9749,90.000,nan,nan,nan,0.0000,0.0000,0.0000,nan,nan,nan,-7420.5261,1412.3890,312.7648,-7420.5261,1412.3890,312.7648,12.000,1,nan,nan
29.1740,380.6834,1,-7597.8878,1655.9231,221.4458,nan,nan,nan,-0.5368,0.3583,-0.7638,0.3506,-0.7287,-0.5883,-0.7674,-0.5836,0.2656,0.0000,0.0000,0.0000,-58.0278,35.5922,-74.7088,-7421.5803,1412.4603,311.2468,nan,nan,nan,-0.5980,0.7699,-0.2228,-0.1367,0.1760,0.9749,90.000,nan,nan,nan,0.0000,0.0000,0.0000,nan,nan,nan,-7421.5803,1412.4603,311.2468,-7421.5803,1412.4603,311.2468,12.000,1,nan,nan
29.2020,380.7167,1,-7599.6358,1656.8774,218.4919,nan,nan,nan,-0.4906,0.2679,-0.8292,0.4127,-0.7666,-0.4919,-0.7674,-0.5836,0.2656,0.0000,0.0000,0.0000,-56.5725,35.7456,-78.7037,-7423.8287,1412.7469,307.9392,nan,nan,nan,-0.5980,0.7699,-0.2228,-0.1367,0.1760,0.9749,90.000,nan,nan,nan,0.0000,0.0000,0.0000,nan,nan,nan,-7423.8287,1412.7469,307.9392,-7423.8287,1412.7469,307.9392,12.000,1,nan,nan
29.2320,380.7500,1,-7601.2619,1657.6601,215.5131,nan,nan,nan,-0.4669,0.2247,-0.8553,0.4394,-0.7803,-0.4449,-0.7674,-0.5836,0.2656,0.0000,0.0000,0.0000,-54.5528,33.5460,-82.5149,-7425.9671,1413.1114,304.6995,nan,nan,nan,-0.5980,0.7699,-0.2228,-0.1367,0.1760,0.9749,90.000,nan,nan,nan,0.0000,0.0000,0.0000,nan,nan,nan,-7425.9671,1413.1114,304.6995,-7425.9671,1413.1114,304.6995,12.000,1,nan,nan
29.2590,380.7834,1,-7602.8305,1658.3968,212.5992,nan,nan,nan,-0.4627,0.2173,-0.8595,0.4439,-0.7825,-0.4368,-0.7674,-0.5836,0.2656,0.0000,0.0000,0.0000,-52.0057,29.1847,-85.8635,-7428.0052,1413.5335,301.5263,nan,nan,nan,-0.5980,0.7699,-0.2228,-0.1367,0.1760,0.9749,90.000,nan,nan,nan,0.0000,0.0000,0.0000,nan,nan,nan,-7428.0052,1413.5335,301.5263,-7428.0052,1413.5335,301.5263,12.000,1,nan,nan
29.2890,380.8000,1,-7603.5817,1658.8729,211.4747,nan,nan,nan,-0.5240,0.3321,-0.7843,0.3695,-0.7410,-0.5606,-0.7674,-0.5836,0.2656,0.0000,0.0000,0.0000,-49.0717,26.3924,-83.7462,-7428.9026,1413.7444,300.1325,nan,nan,nan,-0.5980,0.7699,-0.2228,-0.1367,0.1760,0.9749,90.000,nan,nan,nan,0.0000,0.0000,0.0000,nan,nan,nan,-7428.9026,1413.7444,300.1325,-7428.9026,1413.7444,300.1325,12.000,1,nan,nan
29.3170,380.8334,1,-7605.0498,1659.9530,209.6060,nan,nan,nan,-0.5624,0.4138,-0.7159,0.3079,-0.6987,-0.6457,-0.7674,-0.5836,0.2656,0.0000,0.0000,0.0000,-46.8055,26.5887,-76.8114,-7430.8007,1414.3057,297.2493,nan,nan,nan,-0.5980,0.7699,-0.2228,-0.1367,0.1760,0.9749,90.000,nan,nan,nan,0.0000,0.0000,0.0000,nan,nan,nan,-7430.8007,1414.3057,297.2493,-7430.8007,1414.3057,297.2493,12.000,1,nan,nan
29.3450,380.8667,1,-7606.5868,1661.1582,207.8128,nan,nan,nan,-0.5797,0.4545,-0.6763,0.2739,-0.6729,-0.6871,-0.7674,-0.5836,0.2656,0.0000,0.0000,0.0000,-45.8182,29.1629,-68.3109,-7432.6257,1414.9623,294.5614,nan,nan,nan,-0.5980,0.7699,-0.2228,-0.1367,0.1760,0.9749,90.000,nan,nan,nan,0.0000,0.0000,0.0000,nan,nan,nan,-7432.6257,1414.9623,294.5614,-7432.6257,1414.9623,294.5614,12.000,1,nan,nan
29.3720,380.8834,1,-7607.3731,1661.7751,206.8964,nan,nan,nan,-0.5799,0.4550,-0.6758,0.2735,-0.6726,-0.6876,-0.7674,-0.5836,0.2656,0.0000,0.0000,0.0000,-45.6445,32.6613,-60.1235,-7433.4410,1415.2812,293.3790,nan,nan,nan,-0.5980,0.7699,-0.2228,-0.1367,0.1760,0.9749,90.000,nan,nan,nan,0.0000,0.0000,0.0000,nan,nan,nan,-7433.4410,1415.2812,293.3790,-7433.4410,1415.2812,293.3790,12.000,1,nan,nan
29.4020,380.9167,1,-7608.9397,1662.9980,205.0312,nan,nan,nan,-0.5767,0.4472,-0.6837,0.2802,-0.6778,-0.6797,-0.7674,-0.5836,0.2656,0.0000,0.0000,0.0000,-45.9946,34.9846,-56.1835,-7435.2070,1416.0659,290.8807,nan,nan,nan,-0.5980,0.7699,-0.2228,-0.1367,0.1760,0.9749,90.000,nan,nan,nan,0.0000,0.0000,0.0000,nan,nan,nan,-7435.2070,1416.0659,290.8807,-7435.2070,1416.0659,290.8807,12.000,1,nan,nan
29.4280,380.9500,1,-7610.9875,1663.6970,203.2430,nan,nan,nan,-0.5556,0.4141,-0.7210,0.3341,-0.6829,-0.6497,-0.7614,-0.6018,0.2410,0.0000,0.0000,0.0000,-49.5433,33.1630,-54.9124,-7436.9947,1416.7798,288.4208,nan,nan,nan,-0.5980,0.7699,-0.2228,-0.1367,0.1760,0.9749,90.000,nan,nan,nan,0.0000,0.0000,0.0000,nan,nan,nan,-7436.9947,1416.7798,288.4208,-7436.9947,1416.7798,288.4208,12.000,1,nan,nan
29.4550,380.9667,1,-7612.0303,1664.0774,202.3367,nan,nan,nan,-0.6249,0.3865,-0.6783,0.3583,-0.6299,-0.6890,-0.6936,-0.6736,0.2551,0.0000,0.0000,0.0000,-53.5443,30.1324,-54.7750,-7437.7036,1416.9934,287.3666,nan,nan,nan,-0.5980,0.7699,-0.2228,-0.1367,0.1760,0.9749,90.000,nan,nan,nan,0.0000,0.0000,0.0000,nan,nan,nan,-7437.7036,1416.9934,287.3666,-7437.7036,1416.9934,287.3666,12.000,1,nan,nan
29.4840,381.0000,1,-7614.1088,1664.9632,200.5736,nan,nan,nan,-0.7197,0.3057,-0.6234,0.4304,-0.5082,-0.7460,-0.5449,-0.8051,0.2342,0.0000,0.0000,0.0000,-57.3799,27.4372,-54.3302,-7438.8809,1417.1284,285.0918,nan,nan,nan,-0.5980,0.7699,-0.2228,-0.1367,0.1760,0.9749,90.000,nan,nan,nan,0.0000,0.0000,0.0000,nan,nan,nan,-7438.8809,1417.1284,285.0918,-7438.8809,1417.1284,285.0918,12.000,1,nan,nan
29.5110,381.0334,1,-7616.1311,1665.9641,198.9309,nan,nan,nan,-0.7333,0.3454,-0.5857,0.4488,-0.4013,-0.7985,-0.5108,-0.8483,0.1393,0.0000,0.0000,0.0000,-60.8812,25.5664,-52.9061,-7440.0990,1417.2655,282.5946,nan,nan,nan,-0.5980,0.7699,-0.2228,-0.1367,0.1760,0.9749,90.000,nan,nan,nan,0.0000,0.0000,0.0000,nan,nan,nan,-7440.0990,1417.2655,282.5946,-7440.0990,1417.2655,282.5946,12.000,1,nan,nan
29.5420,381.0500,1,-7617.1264,1666.4991,198.1741,nan,nan,nan,-0.7351,0.3891,-0.5551,0.4574,-0.3198,-0.8298,-0.5004,-0.8639,0.0572,0.0000,0.0000,0.0000,-61.2386,27.4182,-50.9742,-7440.6737,1417.3403,281.3571,nan,nan,nan,-0.5980,0.7699,-0.2228,-0.1367,0.1760,0.9749,90.000,nan,nan,nan,0.0000,0.0000,0.0000,nan,nan,nan,-7440.6737,1417.3403,281.3571,-7440.6737,1417.3403,281.3571,12.000,1,nan,nan
29.5690,381.0834,1,-7619.1243,1667.6255,196.7907,nan,nan,nan,-0.7495,0.4144,-0.5162,0.4399,-0.2708,-0.8562,-0.4946,-0.8689,0.0206,0.0000,0.0000,0.0000,-60.7836,29.9822,-48.0120,-7442.0410,1417.6381,278.7099,nan,nan,nan,-0.5980,0.7699,-0.2228,-0.1367,0.1760,0.9749,90.000,nan,nan,nan,0.0000,0.0000,0.0000,nan,nan,nan,-7442.0410,1417.6381,278.7099,-7442.0410,1417.6381,278.7099,12.000,1,nan,nan
29.5970,381.1167,1,-7621.0987,1668.7455,195.7158,nan,nan,nan,-0.7862,0.4460,-0.4279,0.3775,-0.2016,-0.9038,-0.4893,-0.8721,-0.0099,0.0000,0.0000,0.0000,-60.0682,31.9005,-43.2901,-7443.4773,1418.0497,276.2230,nan,nan,nan,-0.5980,0.7699,-0.2228,-0.1367,0.1760,0.9749,90.000,nan,nan,nan,0.0000,0.0000,0.0000,nan,nan,nan,-7443.4773,1418.0497,276.2230,-7443.4773,1418.0497,276.2230,12.000,1,nan,nan
29.6230,381.1500,1,-7623.0725,1669.8648,194.6698,nan,nan,nan,-0.7900,0.4480,-0.4187,0.3695,-0.1970,-0.9081,-0.4893,-0.8721,-0.0099,0.0000,0.0000,0.0000,-59.6340,32.9946,-38.7660,-7444.9822,1418.5645,273.9750,nan,nan,nan,-0.5980,0.7699,-0.2228,-0.1367,0.1760,0.9749,90.000,nan,nan,nan,0.0000,0.0000,0.0000,nan,nan,nan,-7444.9822,1418.5645,273.9750,-7444.9822,1418.5645,273.9750,12.000,1,nan,nan
29.6530,381.1667,1,-7624.0660,1670.4286,194.1161,nan,nan,nan,-0.7827,0.4441,-0.4361,0.3847,-0.2056,-0.8998,-0.4893,-0.8721,-0.0099,0.0000,0.0000,0.0000,-59.5258,33.5583,-35.4230,-7445.6827,1418.8207,272.9975,nan,nan,nan,-0.5980,0.7699,-0.2228,-0.1367,0.1760,0.9749,90.000,nan,nan,nan,0.0000,0.0000,0.0000,nan,nan,nan,-7445.6827,1418.8207,272.9975,-7445.6827,1418.8207,272.9975,12.000,1,nan,nan
29.6790,381.2000,1,-7625.9314,1671.4916,192.6640,nan,nan,nan,-0.7197,0.4101,-0.5602,0.4926,-0.2670,-0.8283,-0.4893,-0.8721,-0.0099,0.0000,0.0000,0.0000,-58.7088,33.2907,-35.1666,-7447.2790,1419.4618,270.9429,nan,nan,nan,-0.5980,0.7699,-0.2228,-0.1367,0.1760,0.9749,90.000,nan,nan,nan,0.0000,0.0000,0.0000,nan,nan,nan,-7447.2790,1419.4618,270.9429,-7447.2790,1419.4618,270.9429,12.000,1,nan,nan
29.7100,381.2167,1,-7626.5521,1671.8493,191.8377,nan,nan,nan,-0.5848,0.3365,-0.7381,0.6470,-0.3554,-0.6746,-0.4893,-0.8721,-0.0099,0.0000,0.0000,0.0000,-54.1481,30.8094,-38.5817,-7447.9904,1419.7555,270.0252,nan,nan,nan,-0.5980,0.7699,-0.2228,-0.1367,0.1760,0.9749,90.000,nan,nan,nan,0.0000,0.0000,0.0000,nan,nan,nan,-7447.9904,1419.7555,270.0252,-7447.9904,1419.7555,270.0252,12.000,1,nan,nan
29.7360,381.2500,1,-7627.3730,1672.3276,190.2768,nan,nan,nan,-0.4492,0.2617,-0.8542,0.7475,-0.4135,-0.5198,-0.4893,-0.8721,-0.0099,0.0000,0.0000,0.0000,-46.3188,26.4672,-42.3541,-7449.4400,1420.3746,268.0808,nan,nan,nan,-0.5980,0.7699,-0.2228,-0.1367,0.1760,0.9749,90.000,nan,nan,nan,0.0000,0.0000,0.0000,nan,nan,nan,-7449.4400,1420.3746,268.0808,-7449.4400,1420.3746,268.0808,12.000,1,nan,nan
29.7620,381.2834,1,-7627.9962,1672.6953,188.6866,nan,nan,nan,-0.3567,0.2105,-0.9102,0.7959,-0.4418,-0.4140,-0.4893,-0.8721,-0.0099,0.0000,0.0000,0.0000,-36.5690,21.0400,-46.0059,-7450.7539,1420.9507,266.2075,nan,nan,nan,-0.5980,0.7699,-0.2228,-0.1367,0.1760,0.9749,90.000,nan,nan,nan,0.0000,0.0000,0.0000,nan,nan,nan,-7450.7539,1420.9507,266.2075,-7450.7539,1420.9507,266.2075,12.000,1,nan,nan
29.7920,381.3000,1,-7628.2211,1672.8318,187.7902,nan,nan,nan,-0.2409,0.1460,-0.9595,0.8382,-0.4671,-0.2815,-0.4893,-0.8721,-0.0099,0.0000,0.0000,0.0000,-26.1270,15.2138,-48.7799,-7451.3197,1421.2015,265.3593,nan,nan,nan,-0.5980,0.7699,-0.2228,-0.1367,0.1760,0.9749,90.000,nan,nan,nan,0.0000,0.0000,0.0000,nan,nan,nan,-7451.3197,1421.2015,265.3593,-7451.3197,1421.2015,265.3593,12.000,1,nan,nan
29.8210,381.3334,1,-7628.5082,1673.1424,185.6863,nan,nan,nan,-0.1556,0.1059,-0.9821,0.8599,-0.4747,-0.1874,-0.4861,-0.8737,-0.0172,0.0000,0.0000,0.0000,-18.3115,11.6200,-52.0424,-7452.4161,1421.7136,263.4357,nan,nan,nan,-0.5980,0.7699,-0.2228,-0.1367,0.1760,0.9749,90.000,nan,nan,nan,0.0000,0.0000,0.0000,nan,nan,nan,-7452.4161,1421.7136,263.4357,-7452.4161,1421.7136,263.4357,12.000,1,nan,nan
29.8480,381.3667,1,-7628.8378,1673.7078,183.5096,nan,nan,nan,-0.1675,0.2105,-0.9631,0.8831,-0.4022,-0.2415,-0.4382,-0.8910,-0.1185,0.0000,0.0000,0.0000,-13.8007,11.4241,-56.3894,-7453.2736,1422.1902,261.1438,nan,nan,nan,-0.5980,0.7699,-0.2228,-0.1367,0.1760,0.9749,90.000,nan,nan,nan,0.0000,0.0000,0.0000,nan,nan,nan,-7453.2736,1422.1902,261.1438,-7453.2736,1422.1902,261.1438,12.000,1,nan,nan
29.8760,381.4000,1,-7629.2627,1674.3957,181.3292,nan,nan,nan,-0.1884,0.2874,-0.9391,0.8978,-0.3371,-0.2833,-0.3980,-0.8965,-0.1946,0.0000,0.0000,0.0000,-11.7092,13.3062,-60.8001,-7453.9552,1422.6874,258.6145,nan,nan,nan,-0.5980,0.7699,-0.2228,-0.1367,0.1760,0.9749,90.000,nan,nan,nan,0.0000,0.0000,0.0000,nan,nan,nan,-7453.9552,1422.6874,258.6145,-7453.9552,1422.6874,258.6145,12.000,1,nan,nan
29.9030,381.4167,1,-7629.4711,1674.8408,180.2666,nan,nan,nan,-0.1946,0.3447,-0.9183,0.8981,-0.3138,-0.3081,-0.3943,-0.8847,-0.2486,0.0000,0.0000,0.0000,-11.0921,17.3863,-63.6774,-7454.2534,1422.9485,257.3855,nan,nan,nan,-0.5980,0.7699,-0.2228,-0.1367,0.1760,0.9749,90.000,nan,nan,nan,0.0000,0.0000,0.0000,nan,nan,nan,-7454.2534,1422.9485,257.3855,-7454.2534,1422.9485,257.3855,12.000,1,nan,nan
29.9310,381.4500,1,-7630.0653,1675.4870,178.1362,nan,nan,nan,-0.1998,0.4234,-0.8836,0.9003,-0.2767,-0.3361,-0.3868,-0.8626,-0.3259,0.0000,0.0000,0.0000,-12.8115,20.2160,-64.4119,-7454.8886,1423.6119,254.4834,nan,nan,nan,-0.5980,0.7699,-0.2228,-0.1367,0.1760,0.9749,90.000,nan,nan,nan,0.0000,0.0000,0.0000,nan,nan,nan,-7454.8886,1423.6119,254.4834,-7454.8886,1423.6119,254.4834,12.000,1,nan,nan
29.9550,381.4834,1,-7630.7463,1675.9993,176.0419,nan,nan,nan,-0.2781,0.2980,-0.9132,0.9362,-0.1287,-0.3271,-0.2150,-0.9459,-0.2432,0.0000,0.0000,0.0000,-15.2640,20.4630,-64.0644,-7454.9996,1423.9835,252.0458,nan,nan,nan,-0.5980,0.7699,-0.2228,-0.1367,0.1760,0.9749,90.000,nan,nan,nan,0.0000,0.0000,0.0000,nan,nan,nan,-7454.9996,1423.9835,252.0458,-7454.9996,1423.9835,252.0458,12.000,1,nan,nan
29.9830,381.5000,1,-7631.1166,1676.2551,175.0154,nan,nan,nan,-0.3278,0.2285,-0.9167,0.9364,-0.0499,-0.3473,-0.1251,-0.9723,-0.1976,0.0000,0.0000,0.0000,-17.6486,19.4542,-63.2301,-7454.9429,1424.1174,251.0309,nan,nan,nan,-0.5980,0.7699,-0.2228,-0.1367,0.1760,0.9749,90.000,nan,nan,nan,0.0000,0.0000,0.0000,nan,nan,nan,-7454.9429,1424.1174,251.0309,-7454.9429,1424.1174,251.0309,12.000,1,nan,nan
30.0080,381.5334,1,-7631.8572,1676.7666,172.9625,nan,nan,nan,-0.3304,0.2282,-0.9158,0.9356,-0.0489,-0.3497,-0.1245,-0.9724,-0.1974,0.0000,0.0000,0.0000,-20.0678,16.9803,-62.6296,-7454.9426,1424.4437,248.8216,nan,nan,nan,-0.5980,0.7699,-0.2228,-0.1367,0.1760,0.9749,90.000,nan,nan,nan,0.0000,0.0000,0.0000,nan,nan,nan,-7454.9426,1424.4437,248.8216,-7454.9426,1424.4437,248.8216,12.000,1,nan,nan
30.0370,381.5500,1,-7632.2274,1677.0224,171.9360,nan,nan,nan,-0.3304,0.2282,-0.9158,0.9356,-0.0489,-0.3497,-0.1245,-0.9724,-0.1974,0.0000,0.0000,0.0000,-21.4301,15.6774,-62.0448,-7454.9690,1424.5993,247.8192,nan,nan,nan,-0.5980,0.7699,-0.2228,-0.1367,0.1760,0.9749,90.000,nan,nan,nan,0.0000,0.0000,0.0000,nan,nan,nan,-7454.9690,1424.5993,247.8192,-7454.9690,1424.5993,247.8192,12.000,1,nan,nan
30.0670,381.5834,1,-7632.9680,1677.5339,169.8830,nan,nan,nan,-0.3304,0.2282,-0.9158,0.9356,-0.0489,-0.3497,-0.1245,-0.9724,-0.1974,0.0000,0.0000,0.0000,-22.0597,15.4122,-61.6795,-7455.1266,1424.9669,245.6305,nan,nan,nan,-0.5980,0.7699,-0.2228,-0.1367,0.1760,0.9749,90.000,nan,nan,nan,0.0000,0.0000,0.0000,nan,nan,nan,-7455.1266,1424.9669,245.6305,-7455.1266,1424.9669,245.6305,12.000,1,nan,nan
30.0930,381.6167,1,-7633.7086,1678.0455,167.8301,nan,nan,nan,-0.3304,0.2282,-0.9158,0.9356,-0.0489,-0.3497,-0.1245,-0.9724,-0.1974,0.0000,0.0000,0.0000,-22.1857,15.3591,-61.6065,-7455.3689,1425.3553,243.4632,nan,nan,nan,-0.5980,0.7699,-0.2228,-0.1367,0.1760,0.9749,90.000,nan,nan,nan,0.0000,0.0000,0.0000,nan,nan,nan,-7455.3689,1425.3553,243.4632,-7455.3689,1425.3553,243.4632,12.000,1,nan,nan
30.1190,381.6334,1,-7634.0889,1678.3124,166.7548,nan,nan,nan,-0.3247,0.2279,-0.9180,0.9376,-0.0502,-0.3441,-0.1245,-0.9724,-0.1974,0.0000,0.0000,0.0000,-22.3315,15.4829,-62.1776,-7455.4982,1425.5380,242.4736,nan,nan,nan,-0.5980,0.7699,-0.2228,-0.1367,0.1760,0.9749,90.000,nan,nan,nan,0.0000,0.0000,0.0000,nan,nan,nan,-7455.4982,1425.5380,242.4736,-7455.4982,1425.5380,242.4736,12.000,1,nan,nan
30.1480,381.6667,1,-7634.8597,1678.8671,164.5084,nan,nan,nan,-0.3160,0.2274,-0.9211,0.9405,-0.0523,-0.3356,-0.1245,-0.9724,-0.1974,0.0000,0.0000,0.0000,-22.5416,15.7663,-63.4525,-7455.8554,1425.9645,240.2734,nan,nan,nan,-0.5980,0.7699,-0.2228,-0.1367,0.1760,0.9749,90.000,nan,nan,nan,0.0000,0.0000,0.0000,nan,nan,nan,-7455.8554,1425.9645,240.2734,-7455.8554,1425.9645,240.2734,12.000,1,nan,nan
30.1780,381.7000,1,-7635.6522,1679.4500,162.1365,nan,nan,nan,-0.3086,0.2270,-0.9237,0.9430,-0.0541,-0.3284,-0.1245,-0.9724,-0.1974,0.0000,0.0000,0.0000,-22.8953,16.2515,-65.6217,-7456.2776,1426.4154,238.0405,nan,nan,nan,-0.5980,0.7699,-0.2228,-0.1367,0.1760,0.9749,90.000,nan,nan,nan,0.0000,0.0000,0.0000,nan,nan,nan,-7456.2776,1426.4154,238.0405,-7456.2776,1426.4154,238.0405,12.000,1,nan,nan
30.2060,381.7167,1,-7636.0541,1679.7548,160.8884,nan,nan,nan,-0.2986,0.2264,-0.9271,0.9462,-0.0565,-0.3185,-0.1245,-0.9724,-0.1974,0.0000,0.0000,0.0000,-23.3455,16.9367,-68.7142,-7456.4846,1426.6274,237.0095,nan,nan,nan,-0.5980,0.7699,-0.2228,-0.1367,0.1760,0.9749,90.000,nan,nan,nan,0.0000,0.0000,0.0000,nan,nan,nan,-7456.4846,1426.6274,237.0095,-7456.4846,1426.6274,237.0095,12.000,1,nan,nan
30.2350,381.7500,1,-7636.9253,1680.4718,157.9015,nan,nan,nan,-0.2728,0.2248,-0.9354,0.9540,-0.0627,-0.2933,-0.1245,-0.9724,-0.1974,0.0000,0.0000,0.0000,-24.0986,18.1725,-74.3510,-7457.0084,1427.1380,234.6012,nan,nan,nan,-0.5980,0.7699,-0.2228,-0.1367,0.1760,0.9749,90.000,nan,nan,nan,0.0000,0.0000,0.0000,nan,nan,nan,-7457.0084,1427.1380,234.6012,-7457.0084,1427.1380,234.6012,12.000,1,nan,nan
30.2700,381.7834,1,-7637.6561,1681.2726,154.4123,nan,nan,nan,-0.2000,0.2191,-0.9550,0.9718,-0.0795,-0.2218,-0.1245,-0.9725,-0.1970,0.0000,0.0000,0.0000,-24.0101,19.8961,-82.9350,-7457.5701,1427.6987,231.9998,nan,nan,nan,-0.5980,0.7699,-0.2228,-0.1367,0.1760,0.9749,90.000,nan,nan,nan,0.0000,0.0000,0.0000,nan,nan,nan,-7457.5701,1427.6987,231.9998,-7457.5701,1427.6987,231.9998,12.000,1,nan,nan
30.2910,381.8167,1,-7638.1652,1682.1567,150.3713,nan,nan,nan,-0.1222,0.2121,-0.9696,0.9847,-0.0967,-0.1452,-0.1245,-0.9725,-0.1970,0.0000,0.0000,0.0000,-22.2918,22.0483,-94.6660,-7458.1772,1428.3666,228.9107,nan,nan,nan,-0.5980,0.7699,-0.2228,-0.1367,0.1760,0.9749,90.000,nan,nan,nan,0.0000,0.0000,0.0000,nan,nan,nan,-7458.1772,1428.3666,228.9107,-7458.1772,1428.3666,228.9107,12.000,1,nan,nan
30.3180,381.8334,1,-7638.4186,1682.6010,148.3491,nan,nan,nan,-0.1216,0.2120,-0.9697,0.9847,-0.0968,-0.1446,-0.1245,-0.9725,-0.1970,0.0000,0.0000,0.0000,-20.1659,24.1530,-106.3027,-7458.4585,1428.6902,227.4173,nan,nan,nan,-0.5980,0.7699,-0.2228,-0.1367,0.1760,0.9749,90.000,nan,nan,nan,0.0000,0.0000,0.0000,nan,nan,nan,-7458.4585,1428.6902,227.4173,-7458.4585,1428.6902,227.4173,12.000,1,nan,nan
30.3460,381.8667,1,-7638.8874,1684.0107,144.3944,nan,nan,nan,-0.1248,0.2279,-0.9657,0.9852,-0.0866,-0.1477,-0.1173,-0.9698,-0.2137,0.0000,0.0000,0.0000,-17.3261,28.7298,-114.4361,-7459.0021,1429.4914,224.1161,nan,nan,nan,-0.5980,0.7699,-0.2228,-0.1367,0.1760,0.9749,90.000,nan,nan,nan,0.0000,0.0000,0.0000,nan,nan,nan,-7459.0021,1429.4914,224.1161,-7459.0021,1429.4914,224.1161,12.000,1,nan,nan
30.3700,381.9000,1,-7639.8696,1686.1597,140.9103,nan,nan,nan,-0.2456,0.3814,-0.8912,0.9686,0.0600,-0.2413,-0.0386,-0.9225,-0.3841,0.0000,0.0000,0.0000,-18.2665,37.7346,-116.0327,-7459.3613,1430.6595,220.2475,nan,nan,nan,-0.5980,0.7699,-0.2228,-0.1367,0.1760,0.9749,90.000,nan,nan,nan,0.0000,0.0000,0.0000,nan,nan,nan,-7459.3613,1430.6595,220.2475,-7459.3613,1430.6595,220.2475,12.000,1,nan,nan
30.3990,381.9167,1,-7640.6023,1687.3189,139.3029,nan,nan,nan,-0.3452,0.4525,-0.8223,0.9385,0.1783,-0.2958,0.0128,-0.8738,-0.4862,0.0000,0.0000,0.0000,-24.1921,48.1407,-111.3946,-7459.4883,1431.3214,218.3303,nan,nan,nan,-0.5980,0.7699,-0.2228,-0.1367,0.1760,0.9749,90.000,nan,nan,nan,0.0000,0.0000,0.0000,nan,nan,nan,-7459.4883,1431.3214,218.3303,-7459.4883,1431.3214,218.3303,12.000,1,nan,nan
30.4280,381.9500,1,-7642.0993,1689.7128,135.9855,nan,nan,nan,-0.3497,0.5478,-0.7600,0.9336,0.2718,-0.2336,0.0786,-0.7912,-0.6064,0.0000,0.0000,0.0000,-31.3187,59.2538,-106.1049,-7459.7602,1433.2553,213.7275,nan,nan,nan,-0.5980,0.7699,-0.2228,-0.1367,0.1760,0.9749,90.000,nan,nan,nan,0.0000,0.0000,0.0000,nan,nan,nan,-7459.7602,1433.2553,213.7275,-7459.7602,1433.2553,213.7275,12.000,1,nan,nan
30.4580,381.9667,1,-7642.8440,1690.9416,134.2856,nan,nan,nan,-0.3346,0.5521,-0.7637,0.9391,0.2629,-0.2213,0.0786,-0.7912,-0.6064,0.0000,0.0000,0.0000,-38.8681,67.7643,-101.7170,-7459.9320,1434.1453,211.7093,nan,nan,nan,-0.5980,0.7699,-0.2228,-0.1367,0.1760,0.9749,90.000,nan,nan,nan,0.0000,0.0000,0.0000,nan,nan,nan,-7459.9320,1434.1453,211.7093,-7459.9320,1434.1453,211.7093,12.000,1,nan,nan
30.4850,382.0000,1,-7644.2978,1693.1155,130.5483,nan,nan,nan,-0.3276,0.5540,-0.7653,0.9415,0.2588,-0.2157,0.0786,-0.7912,-0.6064,0.0000,0.0000,0.0000,-43.2068,69.6158,-102.3585,-7460.4937,1436.1664,207.3239,nan,nan,nan,-0.5980,0.7699,-0.2228,-0.1367,0.1760,0.9749,90.000,nan,nan,nan,0.0000,0.0000,0.0000,nan,nan,nan,-7460.4937,1436.1664,207.3239,-7460.4937,1436.1664,207.3239,12.000,1,nan,nan
30.5120,382.0334,1,-7645.1373,1695.4012,126.4704,nan,nan,nan,-0.1847,0.4835,-0.8557,0.9824,0.0650,-0.1753,-0.0291,-0.8729,-0.4869,0.0000,0.0000,0.0000,-40.3197,69.7902,-107.6658,-7461.4585,1437.9594,203.3879,nan,nan,nan,-0.5980,0.7699,-0.2228,-0.1367,0.1760,0.9749,90.000,nan,nan,nan,0.0000,0.0000,0.0000,nan,nan,nan,-7461.4585,1437.9594,203.3879,-7461.4585,1437.9594,203.3879,12.000,1,nan,nan
30.5390,382.0500,1,-7645.2385,1696.6221,124.2693,nan,nan,nan,-0.0402,0.4847,-0.8738,0.9987,-0.0084,-0.0506,-0.0319,-0.8747,-0.4837,0.0000,0.0000,0.0000,-31.9747,70.1123,-115.2356,-7461.9131,1438.8857,201.3971,nan,nan,nan,-0.5980,0.7699,-0.2228,-0.1367,0.1760,0.9749,90.000,nan,nan,nan,0.0000,0.0000,0.0000,nan,nan,nan,-7461.9131,1438.8857,201.3971,-7461.9131,1438.8857,201.3971,12.000,1,nan,nan
30.5680,382.0834,1,-7645.2089,1699.1123,119.7723,nan,nan,nan,0.0057,0.4838,-0.8752,0.9995,-0.0307,-0.0104,-0.0319,-0.8747,-0.4837,0.0000,0.0000,0.0000,-21.1914,70.3719,-123.3338,-7462.7159,1440.9739,197.0605,nan,nan,nan,-0.5980,0.7699,-0.2228,-0.1367,0.1760,0.9749,90.000,nan,nan,nan,0.0000,0.0000,0.0000,nan,nan,nan,-7462.7159,1440.9739,197.0605,-7462.7159,1440.9739,197.0605,12.000,1,nan,nan
30.5990,382.1167,1,-7645.0546,1702.5544,115.6507,nan,nan,nan,0.0252,0.5033,-0.8638,0.9994,-0.0322,0.0104,-0.0225,-0.8635,-0.5038,0.0000,0.0000,0.0000,-9.3866,78.0334,-127.2588,-7463.3365,1443.4234,192.5404,nan,nan,nan,-0.5980,0.7699,-0.2228,-0.1367,0.1760,0.9749,90.000,nan,nan,nan,0.0000,0.0000,0.0000,nan,nan,nan,-7463.3365,1443.4234,192.5404,-7463.3365,1443.4234,192.5404,12.000,1,nan,nan
30.6250,382.1500,1,-7645.7958,1706.7614,112.4361,nan,nan,nan,-0.1217,0.6048,-0.7870,0.9921,0.0986,-0.0777,0.0306,-0.7902,-0.6120,0.0000,0.0000,0.0000,-6.4355,91.0932,-122.8640,-7463.7641,1446.3279,188.0724,nan,nan,nan,-0.5980,0.7699,-0.2228,-0.1367,0.1760,0.9749,90.000,nan,nan,nan,0.0000,0.0000,0.0000,nan,nan,nan,-7463.7641,1446.3279,188.0724,-7463.7641,1446.3279,188.0724,12.000,1,nan,nan
30.6530,382.1667,1,-7646.1082,1708.9780,110.8478,nan,nan,nan,-0.0919,0.6636,-0.7424,0.9939,0.1070,-0.0274,0.0613,-0.7404,-0.6694,0.0000,0.0000,0.0000,-8.3799,105.6530,-114.6316,-7463.9224,1447.8892,185.8749,nan,nan,nan,-0.5980,0.7699,-0.2228,-0.1367,0.1760,0.9749,90.000,nan,nan,nan,0.0000,0.0000,0.0000,nan,nan,nan,-7463.9224,1447.8892,185.8749,-7463.9224,1447.8892,185.8749,12.000,1,nan,nan
30.6810,382.2000,1,-7646.5667,1713.7256,107.8644,nan,nan,nan,-0.0716,0.7804,-0.6212,0.9898,0.1326,0.0524,0.1232,-0.6111,-0.7819,0.0000,0.0000,0.0000,-11.6975,122.1099,-103.9037,-7464.0462,1451.5205,181.5796,nan,nan,nan,-0.5980,0.7699,-0.2228,-0.1367,0.1760,0.9749,90.000,nan,nan,nan,0.0000,0.0000,0.0000,nan,nan,nan,-7464.0462,1451.5205,181.5796,-7464.0462,1451.5205,181.5796,12.000,1,nan,nan
30.7090,382.2334,1,-7646.9998,1718.5022,104.8682,nan,nan,nan,-0.0792,0.8442,-0.5301,0.9836,0.1527,0.0963,0.1623,-0.5137,-0.8425,0.0000,0.0000,0.0000,-15.8851,133.4076,-95.0056,-7464.1037,1456.4454,176.4706,nan,nan,nan,-0.5980,0.7699,-0.2228,-0.1367,0.1760,0.9749,90.000,nan,nan,nan,0.0000,0.0000,0.0000,nan,nan,nan,-7464.1037,1456.4454,176.4706,-7464.1037,1456.4454,176.4706,12.000,1,nan,nan
30.7370,382.2500,1,-7647.2066,1720.8861,103.4009,nan,nan,nan,-0.0724,0.8453,-0.5294,0.9841,0.1469,0.1000,0.1623,-0.5137,-0.8425,0.0000,0.0000,0.0000,-14.7576,139.0324,-91.5462,-7464.1423,1458.4360,174.4920,nan,nan,nan,-0.5980,0.7699,-0.2228,-0.1367,0.1760,0.9749,90.000,nan,nan,nan,0.0000,0.0000,0.0000,nan,nan,nan,-7464.1423,1458.4360,174.4920,-7464.1423,1458.4360,174.4920,12.000,1,nan,nan
30.7650,382.2834,1,-7647.9665,1726.1903,101.3825,nan,nan,nan,-0.1065,0.8656,-0.4893,0.9768,0.1830,0.1112,0.1858,-0.4661,-0.8650,0.0000,0.0000,0.0000,-15.3422,145.3843,-83.9052,-7464.2623,1463.1373,170.4606,nan,nan,nan,-0.5980,0.7699,-0.2228,-0.1367,0.1760,0.9749,90.000,nan,nan,nan,0.0000,0.0000,0.0000,nan,nan,nan,-7464.2623,1463.1373,170.4606,-7464.2623,1463.1373,170.4606,12.000,1,nan,nan
30.7940,382.3167,1,-7649.9315,1731.4834,100.0735,nan,nan,nan,-0.3408,0.8938,-0.2915,0.8916,0.4056,0.2014,0.2982,-0.1913,-0.9351,0.0000,0.0000,0.0000,-24.4983,149.9271,-72.3300,-7464.3380,1471.6884,164.7947,nan,nan,nan,-0.5980,0.7699,-0.2228,-0.1367,0.1760,0.9749,90.000,nan,nan,nan,0.0000,0.0000,0.0000,nan,nan,nan,-7464.3380,1471.6884,164.7947,-7464.3380,1471.6884,164.7947,12.000,1,nan,nan
30.8240,382.3334,1,-7651.0919,1734.0670,99.5006,nan,nan,nan,-0.4057,0.8920,-0.1996,0.8501,0.4484,0.2760,0.3357,-0.0577,-0.9402,0.0000,0.0000,0.0000,-37.6561,153.1791,-58.9127,-7464.4257,1475.8900,162.4005,nan,nan,nan,-0.5980,0.7699,-0.2228,-0.1367,0.1760,0.9749,90.000,nan,nan,nan,0.0000,0.0000,0.0000,nan,nan,nan,-7464.4257,1475.8900,162.4005,-7464.4257,1475.8900,162.4005,12.000,1,nan,nan
30.8510,382.3667,1,-7653.3841,1739.2617,98.4764,nan,nan,nan,-0.3912,0.8995,-0.1949,0.8569,0.4332,0.2794,0.3357,-0.0577,-0.9402,0.0000,0.0000,0.0000,-51.5583,156.3907,-44.7666,-7464.8910,1481.0174,159.7964,nan,nan,nan,-0.5980,0.7699,-0.2228,-0.1367,0.1760,0.9749,90.000,nan,nan,nan,0.0000,0.0000,0.0000,nan,nan,nan,-7464.8910,1481.0174,159.7964,-7464.8910,1481.0174,159.7964,12.000,1,nan,nan
30.8800,382.4000,1,-7656.2963,1744.1548,98.2410,nan,nan,nan,-0.4893,0.8645,-0.1147,0.8037,0.4981,0.3255,0.3385,0.0671,-0.9386,0.0000,0.0000,0.0000,-67.2529,154.5664,-31.2396,-7465.8218,1486.9857,157.3973,nan,nan,nan,-0.5980,0.7699,-0.2228,-0.1367,0.1760,0.9749,90.000,nan,nan,nan,0.0000,0.0000,0.0000,nan,nan,nan,-7465.8218,1486.9857,157.3973,-7465.8218,1486.9857,157.3973,12.000,1,nan,nan
30.9100,382.4334,1,-7659.3438,1749.0242,98.0399,nan,nan,nan,-0.5322,0.8459,-0.0359,0.7768,0.5047,0.3767,0.3368,0.1725,-0.9256,0.0000,0.0000,0.0000,-76.8868,151.6588,-21.8869,-7467.2155,1493.5072,155.3165,nan,nan,nan,-0.5980,0.7699,-0.2228,-0.1367,0.1760,0.9749,90.000,nan,nan,nan,0.0000,0.0000,0.0000,nan,nan,nan,-7467.2155,1493.5072,155.3165,-7467.2155,1493.5072,155.3165,12.000,1,nan,nan
30.9370,382.4500,1,-7660.7589,1751.5037,97.9872,nan,nan,nan,-0.4956,0.8684,-0.0184,0.8006,0.4649,0.3779,0.3368,0.1725,-0.9256,0.0000,0.0000,0.0000,-81.8700,149.8297,-13.7736,-7467.8631,1496.1747,154.5300,nan,nan,nan,-0.5980,0.7699,-0.2228,-0.1367,0.1760,0.9749,90.000,nan,nan,nan,0.0000,0.0000,0.0000,nan,nan,nan,-7467.8631,1496.1747,154.5300,-7467.8631,1496.1747,154.5300,12.000,1,nan,nan
30.9660,382.4834,1,-7663.4952,1756.4643,98.0602,nan,nan,nan,-0.4752,0.8798,-0.0089,0.8129,0.4428,0.3783,0.3368,0.1725,-0.9256,0.0000,0.0000,0.0000,-85.5313,148.0591,-5.5680,-7469.3957,1501.4688,153.2171,nan,nan,nan,-0.5980,0.7699,-0.2228,-0.1367,0.1760,0.9749,90.000,nan,nan,nan,0.0000,0.0000,0.0000,nan,nan,nan,-7469.3957,1501.4688,153.2171,-7469.3957,1501.4688,153.2171,12.000,1,nan,nan
30.9950,382.5167,1,-7666.6379,1761.0163,98.3711,nan,nan,nan,-0.5710,0.8191,0.0543,0.7412,0.4860,0.4631,0.3530,0.3047,-0.8846,0.0000,0.0000,0.0000,-87.6464,145.6578,-0.6484,-7471.3762,1507.8432,152.1722,nan,nan,nan,-0.5980,0.7699,-0.2228,-0.1367,0.1760,0.9749,90.000,nan,nan,nan,0.0000,0.0000,0.0000,nan,nan,nan,-7471.3762,1507.8432,152.1722,-7471.3762,1507.8432,152.1722,12.000,1,nan,nan
31.0220,382.5334,1,-7668.5018,1763.0591,97.9209,nan,nan,nan,-0.7033,0.7037,-0.1007,0.5429,0.6232,0.5630,0.4589,0.3413,-0.8203,0.0000,0.0000,0.0000,-92.1508,140.4760,-3.8602,-7472.1134,1510.5262,151.8438,nan,nan,nan,-0.5980,0.7699,-0.2228,-0.1367,0.1760,0.9749,90.000,nan,nan,nan,0.0000,0.0000,0.0000,nan,nan,nan,-7472.1134,1510.5262,151.8438,-7472.1134,1510.5262,151.8438,12.000,1,nan,nan
31.0500,382.5667,1,-7672.1400,1767.4560,97.3021,nan,nan,nan,-0.6284,0.7704,-0.1073,0.5049,0.5090,0.6971,0.5917,0.3839,-0.7089,0.0000,0.0000,0.0000,-97.9000,136.0660,-7.5842,-7473.5614,1516.0725,151.5364,nan,nan,nan,-0.5980,0.7699,-0.2228,-0.1367,0.1760,0.9749,90.000,nan,nan,nan,0.0000,0.0000,0.0000,nan,nan,nan,-7473.5614,1516.0725,151.5364,-7473.5614,1516.0725,151.5364,12.000,1,nan,nan
31.0760,382.6000,1,-7675.7986,1771.8779,96.6976,nan,nan,nan,-0.6340,0.7662,-0.1049,0.4772,0.4944,0.7265,0.6085,0.4106,-0.6791,0.0000,0.0000,0.0000,-104.5837,131.9520,-12.3936,-7475.3309,1521.5593,151.2763,nan,nan,nan,-0.5980,0.7699,-0.2228,-0.1367,0.1760,0.9749,90.000,nan,nan,nan,0.0000,0.0000,0.0000,nan,nan,nan,-7475.3309,1521.5593,151.2763,-7475.3309,1521.5593,151.2763,12.000,1,nan,nan
31.1040,382.6167,1,-7677.5639,1774.1528,96.4913,nan,nan,nan,-0.6115,0.7880,-0.0714,0.5058,0.4587,0.7306,0.6085,0.4106,-0.6791,0.0000,0.0000,0.0000,-108.2475,131.1163,-17.6962,-7476.3005,1524.2750,151.1387,nan,nan,nan,-0.5980,0.7699,-0.2228,-0.1367,0.1760,0.9749,90.000,nan,nan,nan,0.0000,0.0000,0.0000,nan,nan,nan,-7476.3005,1524.2750,151.1387,-7476.3005,1524.2750,151.1387,12.000,1,nan,nan
31.1300,382.6500,1,-7681.0083,1778.8431,96.2410,nan,nan,nan,-0.5914,0.8053,-0.0430,0.5292,0.4277,0.7328,0.6085,0.4106,-0.6791,0.0000,0.0000,0.0000,-107.2803,134.5767,-14.8565,-7478.5199,1529.6531,150.8639,nan,nan,nan,-0.5980,0.7699,-0.2228,-0.1367,0.1760,0.9749,90.000,nan,nan,nan,0.0000,0.0000,0.0000,nan,nan,nan,-7478.5199,1529.6531,150.8639,-7478.5199,1529.6531,150.8639,12.000,1,nan,nan
31.1580,382.6667,1,-7682.6738,1781.2739,96.2184,nan,nan,nan,-0.5652,0.8249,-0.0077,0.5570,0.3885,0.7340,0.6085,0.4106,-0.6791,0.0000,0.0000,0.0000,-105.2433,138.0570,-10.8465,-7479.6957,1532.3521,150.7355,nan,nan,nan,-0.5980,0.7699,-0.2228,-0.1367,0.1760,0.9749,90.000,nan,nan,nan,0.0000,0.0000,0.0000,nan,nan,nan,-7479.6957,1532.3521,150.7355,-7479.6957,1532.3521,150.7355,12.000,1,nan,nan
31.1850,382.7000,1,-7686.0277,1786.1824,96.7443,nan,nan,nan,-0.5240,0.8505,0.0447,0.5959,0.3287,0.7327,0.6085,0.4106,-0.6791,0.0000,0.0000,0.0000,-103.0083,141.6728,-3.2618,-7482.2546,1537.7424,150.6107,nan,nan,nan,-0.5980,0.7699,-0.2228,-0.1367,0.1760,0.9749,90.000,nan,nan,nan,0.0000,0.0000,0.0000,nan,nan,nan,-7482.2546,1537.7424,150.6107,-7482.2546,1537.7424,150.6107,12.000,1,nan,nan
31.2130,382.7334,1,-7690.7102,1789.9912,97.0079,nan,nan,nan,-0.7276,0.6857,-0.0199,0.3656,0.4122,0.8345,0.5805,0.5999,-0.5506,0.0000,0.0000,0.0000,-109.4729,137.9496,2.3113,-7485.7954,1544.5007,151.0654,nan,nan,nan,-0.5980,0.7699,-0.2228,-0.1367,0.1760,0.9749,90.000,nan,nan,nan,0.0000,0.0000,0.0000,nan,nan,nan,-7485.7954,1544.5007,151.0654,-7485.7954,1544.5007,151.0654,12.000,1,nan,nan
31.2410,382.7667,1,-7695.8877,1792.8036,95.8788,nan,nan,nan,-0.8578,0.4721,-0.2034,0.0198,0.4258,0.9046,0.5137,0.7719,-0.3746,0.0000,0.0000,0.0000,-121.1642,125.9377,-1.8465,-7490.4409,1551.9608,152.0156,nan,nan,nan,-0.5980,0.7699,-0.2228,-0.1367,0.1760,0.9749,90.000,nan,nan,nan,0.0000,0.0000,0.0000,nan,nan,nan,-7490.4409,1551.9608,152.0156,-7490.4409,1551.9608,152.0156,12.000,1,nan,nan
31.2670,382.7834,1,-7698.4202,1794.1090,95.0750,nan,nan,nan,-0.8555,0.4410,-0.2714,-0.0993,0.3746,0.9218,0.5082,0.8156,-0.2767,0.0000,0.0000,0.0000,-133.9067,110.0307,-12.0529,-7492.3042,1554.7443,152.4589,nan,nan,nan,-0.5980,0.7699,-0.2228,-0.1367,0.1760,0.9749,90.000,nan,nan,nan,0.0000,0.0000,0.0000,nan,nan,nan,-7492.3042,1554.7443,152.4589,-7492.3042,1554.7443,152.4589,12.000,1,nan,nan
31.2950,382.8167,1,-7703.3778,1796.7709,93.8153,nan,nan,nan,-0.8598,0.4616,-0.2185,-0.0504,0.3489,0.9358,0.5082,0.8156,-0.2767,0.0000,0.0000,0.0000,-146.0766,93.3694,-24.8079,-7495.8553,1559.2657,152.9010,nan,nan,nan,-0.5980,0.7699,-0.2228,-0.1367,0.1760,0.9749,90.000,nan,nan,nan,0.0000,0.0000,0.0000,nan,nan,nan,-7495.8553,1559.2657,152.9010,-7495.8553,1559.2657,152.9010,12.000,1,nan,nan
31.3200,382.8334,1,-7705.3728,1798.5119,93.2161,nan,nan,nan,-0.8612,0.4803,-0.1662,-0.0026,0.3227,0.9465,0.5082,0.8156,-0.2767,0.0000,0.0000,0.0000,-144.3561,88.0764,-36.1304,-7497.5630,1561.3715,153.0410,nan,nan,nan,-0.5980,0.7699,-0.2228,-0.1367,0.1760,0.9749,90.000,nan,nan,nan,0.0000,0.0000,0.0000,nan,nan,nan,-7497.5630,1561.3715,153.0410,-7497.5630,1561.3715,153.0410,12.000,1,nan,nan
31.3480,382.8667,1,-7707.8028,1802.9566,90.5815,nan,nan,nan,-0.6891,0.5799,-0.4346,-0.2129,0.4113,0.8863,0.6927,0.7033,-0.1599,0.0000,0.0000,0.0000,-127.5270,96.8117,-47.4280,-7500.7949,1566.0712,153.2687,nan,nan,nan,-0.5980,0.7699,-0.2228,-0.1367,0.1760,0.9749,90.000,nan,nan,nan,0.0000,0.0000,0.0000,nan,nan,nan,-7500.7949,1566.0712,153.2687,-7500.7949,1566.0712,153.2687,12.000,1,nan,nan
31.3720,382.9000,1,-7711.7703,1806.3778,87.9383,nan,nan,nan,-0.5449,0.7067,-0.4513,-0.2716,0.3604,0.8924,0.7933,0.6088,-0.0044,0.0000,0.0000,0.0000,-117.5760,103.4209,-55.9004,-7504.0136,1570.4828,153.5629,nan,nan,nan,-0.5980,0.7699,-0.2228,-0.1367,0.1760,0.9749,90.000,nan,nan,nan,0.0000,0.0000,0.0000,nan,nan,nan,-7504.0136,1570.4828,153.5629,-7504.0136,1570.4828,153.5629,12.000,1,nan,nan
31.4010,382.9167,1,-7714.1957,1807.3965,86.7071,nan,nan,nan,-0.6164,0.6509,-0.4431,-0.2901,0.3354,0.8963,0.7320,0.6811,-0.0179,0.0000,0.0000,0.0000,-114.9449,100.9956,-64.8118,-7505.6841,1572.5093,153.5256,nan,nan,nan,-0.5980,0.7699,-0.2228,-0.1367,0.1760,0.9749,90.000,nan,nan,nan,0.0000,0.0000,0.0000,nan,nan,nan,-7505.6841,1572.5093,153.5256,-7505.6841,1572.5093,153.5256,12.000,1,nan,nan
31.4290,382.9500,1,-7719.1933,1809.1075,84.6072,nan,nan,nan,-0.7310,0.5597,-0.3904,-0.2833,0.2716,0.9198,0.6208,0.7829,-0.0400,0.0000,0.0000,0.0000,-120.4641,89.8846,-72.0032,-7509.7221,1576.4746,152.9922,nan,nan,nan,-0.5980,0.7699,-0.2228,-0.1367,0.1760,0.9749,90.000,nan,nan,nan,0.0000,0.0000,0.0000,nan,nan,nan,-7509.7221,1576.4746,152.9922,-7509.7221,1576.4746,152.9922,12.000,1,nan,nan
31.4570,382.9667,1,-7721.8492,1809.6546,83.7412,nan,nan,nan,-0.7902,0.5124,-0.3363,-0.2499,0.2317,0.9401,0.5596,0.8269,-0.0550,0.0000,0.0000,0.0000,-138.8584,67.5592,-68.0260,-7511.7993,1578.2844,152.6548,nan,nan,nan,-0.5980,0.7699,-0.2228,-0.1367,0.1760,0.9749,90.000,nan,nan,nan,0.0000,0.0000,0.0000,nan,nan,nan,-7511.7993,1578.2844,152.6548,-7511.7993,1578.2844,152.6548,12.000,1,nan,nan
31.4860,383.0000,1,-7727.2493,1810.6551,82.6856,nan,nan,nan,-0.8715,0.4360,-0.2245,-0.1584,0.1829,0.9703,0.4641,0.8812,-0.0903,0.0000,0.0000,0.0000,-151.1329,48.5705,-57.7054,-7516.3065,1581.4899,151.8258,nan,nan,nan,-0.5980,0.7699,-0.2228,-0.1367,0.1760,0.9749,90.000,nan,nan,nan,0.0000,0.0000,0.0000,nan,nan,nan,-7516.3065,1581.4899,151.8258,-7516.3065,1581.4899,151.8258,12.000,1,nan,nan
31.5110,383.0334,1,-7732.6307,1811.6574,81.7106,nan,nan,nan,-0.9214,0.3340,-0.1987,-0.1420,0.1867,0.9721,0.3618,0.9239,-0.1246,0.0000,0.0000,0.0000,-156.7718,38.5621,-46.7162,-7521.0181,1584.2971,150.9124,nan,nan,nan,-0.5980,0.7699,-0.2228,-0.1367,0.1760,0.9749,90.000,nan,nan,nan,0.0000,0.0000,0.0000,nan,nan,nan,-7521.0181,1584.2971,150.9124,-7521.0181,1584.2971,150.9124,12.000,1,nan,nan
31.5380,383.0500,1,-7735.3977,1811.8383,81.3095,nan,nan,nan,-0.9426,0.2808,-0.1806,-0.1305,0.1879,0.9735,0.3073,0.9412,-0.1405,0.0000,0.0000,0.0000,-161.1177,28.4653,-36.7316,-7523.7587,1585.7615,150.3839,nan,nan,nan,-0.5980,0.7699,-0.2228,-0.1367,0.1760,0.9749,90.000,nan,nan,nan,0.0000,0.0000,0.0000,nan,nan,nan,-7523.7587,1585.7615,150.3839,-7523.7587,1585.7615,150.3839,12.000,1,nan,nan
31.5650,383.0834,1,-7740.9027,1811.9843,80.6927,nan,nan,nan,-0.9926,0.0455,-0.1129,-0.1018,0.1973,0.9750,0.0666,0.9793,-0.1912,0.0000,0.0000,0.0000,-163.1470,20.7565,-28.0435,-7532.7742,1589.4382,148.7340,nan,nan,nan,-0.5980,0.7699,-0.2228,-0.1367,0.1760,0.9749,90.000,nan,nan,nan,0.0000,0.0000,0.0000,nan,nan,nan,-7532.7742,1589.4382,148.7340,-7532.7742,1589.4382,148.7340,12.000,1,nan,nan
31.5940,383.1167,1,-7746.2892,1812.9851,79.8862,nan,nan,nan,-0.9929,0.0254,-0.1162,-0.1089,0.1988,0.9740,0.0478,0.9797,-0.1947,0.0000,0.0000,0.0000,-163.4707,19.2166,-24.8114,-7538.1491,1591.4128,147.7794,nan,nan,nan,-0.5980,0.7699,-0.2228,-0.1367,0.1760,0.9749,90.000,nan,nan,nan,0.0000,0.0000,0.0000,nan,nan,nan,-7538.1491,1591.4128,147.7794,-7538.1491,1591.4128,147.7794,12.000,1,nan,nan
31.6210,383.1334,1,-7749.0463,1813.4362,79.8111,nan,nan,nan,-0.9866,0.1601,-0.0315,0.0139,0.2750,0.9613,0.1625,0.9480,-0.2735,0.0000,0.0000,0.0000,-164.3330,18.3076,-19.2159,-7540.7215,1592.3257,147.1795,nan,nan,nan,-0.5980,0.7699,-0.2228,-0.1367,0.1760,0.9749,90.000,nan,nan,nan,0.0000,0.0000,0.0000,nan,nan,nan,-7540.7215,1592.3257,147.1795,-7540.7215,1592.3257,147.1795,12.000,1,nan,nan
31.6490,383.1667,1,-7754.5469,1814.3458,79.6953,nan,nan,nan,-0.9864,0.1631,-0.0208,0.0249,0.2732,0.9616,0.1625,0.9480,-0.2735,0.0000,0.0000,0.0000,-164.3046,21.4127,-13.9788,-7545.9405,1594.0034,146.1578,nan,nan,nan,-0.5980,0.7699,-0.2228,-0.1367,0.1760,0.9749,90.000,nan,nan,nan,0.0000,0.0000,0.0000,nan,nan,nan,-7545.9405,1594.0034,146.1578,-7545.9405,1594.0034,146.1578,12.000,1,nan,nan
31.6760,383.2000,1,-7759.9330,1815.3616,79.5727,nan,nan,nan,-0.9863,0.1644,-0.0163,0.0295,0.2724,0.9617,0.1625,0.9480,-0.2735,0.0000,0.0000,0.0000,-163.5855,27.2525,-9.9665,-7551.1286,1595.5526,145.2965,nan,nan,nan,-0.5980,0.7699,-0.2228,-0.1367,0.1760,0.9749,90.000,nan,nan,nan,0.0000,0.0000,0.0000,nan,nan,nan,-7551.1286,1595.5526,145.2965,-7551.1286,1595.5526,145.2965,12.000,1,nan,nan
31.7000,383.2167,1,-7761.9231,1817.2866,79.7800,nan,nan,nan,-0.9328,0.3104,0.1832,0.2574,0.2175,0.9415,0.2524,0.9254,-0.2828,0.0000,0.0000,0.0000,-155.0036,45.5153,-1.8363,-7553.6253,1596.4322,144.8871,nan,nan,nan,-0.5980,0.7699,-0.2228,-0.1367,0.1760,0.9749,90.000,nan,nan,nan,0.0000,0.0000,0.0000,nan,nan,nan,-7553.6253,1596.4322,144.8871,-7553.6253,1596.4322,144.8871,12.000,1,nan,nan
31.7280,383.2500,1,-7765.8639,1821.1623,80.3440,nan,nan,nan,-0.8531,0.4886,0.1829,0.3000,0.1727,0.9382,0.4268,0.8552,-0.2940,0.0000,0.0000,0.0000,-143.8461,67.0097,4.0745,-7558.3285,1598.5370,144.1963,nan,nan,nan,-0.5980,0.7699,-0.2228,-0.1367,0.1760,0.9749,90.000,nan,nan,nan,0.0000,0.0000,0.0000,nan,nan,nan,-7558.3285,1598.5370,144.1963,-7558.3285,1598.5370,144.1963,12.000,1,nan,nan
31.7540,383.2667,1,-7767.8312,1823.1109,80.6588,nan,nan,nan,-0.8066,0.5677,0.1648,0.3011,0.1546,0.9410,0.5087,0.8086,-0.2956,0.0000,0.0000,0.0000,-132.2196,89.2344,9.7285,-7560.4105,1599.5596,143.9249,nan,nan,nan,-0.5980,0.7699,-0.2228,-0.1367,0.1760,0.9749,90.000,nan,nan,nan,0.0000,0.0000,0.0000,nan,nan,nan,-7560.4105,1599.5596,143.9249,-7560.4105,1599.5596,143.9249,12.000,1,nan,nan
31.7810,383.3000,1,-7771.4740,1827.1359,81.3803,nan,nan,nan,-0.6949,0.7037,0.1483,0.3095,0.1065,0.9449,0.6491,0.7025,-0.2917,0.0000,0.0000,0.0000,-119.4342,111.7347,15.9242,-7564.3010,1601.7814,143.6070,nan,nan,nan,-0.5980,0.7699,-0.2228,-0.1367,0.1760,0.9749,90.000,nan,nan,nan,0.0000,0.0000,0.0000,nan,nan,nan,-7564.3010,1601.7814,143.6070,-7564.3010,1601.7814,143.6070,12.000,1,nan,nan
31.8100,383.3334,1,-7773.1875,1832.4428,80.6258,nan,nan,nan,-0.5306,0.8415,-0.1014,0.0476,0.1490,0.9877,0.8463,0.5192,-0.1191,0.0000,0.0000,0.0000,-103.2776,124.9763,10.1480,-7567.3161,1604.2035,143.9650,nan,nan,nan,-0.5980,0.7699,-0.2228,-0.1367,0.1760,0.9749,90.000,nan,nan,nan,0.0000,0.0000,0.0000,nan,nan,nan,-7567.3161,1604.2035,143.9650,-7567.3161,1604.2035,143.9650,12.000,1,nan,nan
31.8360,383.3500,1,-7774.2539,1834.9697,79.9473,nan,nan,nan,-0.4682,0.8486,-0.2462,-0.1349,0.2068,0.9691,0.8733,0.4869,0.0176,0.0000,0.0000,0.0000,-89.1980,134.6931,-2.5330,-7568.5934,1605.4146,144.3697,nan,nan,nan,-0.5980,0.7699,-0.2228,-0.1367,0.1760,0.9749,90.000,nan,nan,nan,0.0000,0.0000,0.0000,nan,nan,nan,-7568.5934,1605.4146,144.3697,-7568.5934,1605.4146,144.3697,12.000,1,nan,nan
31.8630,383.3834,1,-7776.6581,1839.5424,78.4399,nan,nan,nan,-0.4135,0.8733,-0.2576,-0.3664,0.0994,0.9251,0.8335,0.4770,0.2789,0.0000,0.0000,0.0000,-77.1990,140.6889,-17.8910,-7571.1947,1608.1717,145.7806,nan,nan,nan,-0.5980,0.7699,-0.2228,-0.1367,0.1760,0.9749,90.000,nan,nan,nan,0.0000,0.0000,0.0000,nan,nan,nan,-7571.1947,1608.1717,145.7806,-7571.1947,1608.1717,145.7806,12.000,1,nan,nan
31.8890,383.4167,1,-7778.6746,1843.5308,77.4402,nan,nan,nan,-0.5065,0.8160,-0.2784,-0.5333,-0.0427,0.8449,0.6776,0.5764,0.4568,0.0000,0.0000,0.0000,-65.0414,141.6686,-31.2898,-7573.6657,1610.8817,147.0822,nan,nan,nan,-0.5980,0.7699,-0.2228,-0.1367,0.1760,0.9749,90.000,nan,nan,nan,0.0000,0.0000,0.0000,nan,nan,nan,-7573.6657,1610.8817,147.0822,-7573.6657,1610.8817,147.0822,12.000,1,nan,nan
31.9160,383.4334,1,-7779.3049,1845.8139,76.9837,nan,nan,nan,-0.3731,0.8819,-0.2882,-0.6368,-0.0175,0.7708,0.6747,0.4711,0.5682,0.0000,0.0000,0.0000,-59.8925,137.4203,-34.9200,-7574.8657,1612.1434,147.8471,nan,nan,nan,-0.5980,0.7699,-0.2228,-0.1367,0.1760,0.9749,90.000,nan,nan,nan,0.0000,0.0000,0.0000,nan,nan,nan,-7574.8657,1612.1434,147.8471,-7574.8657,1612.1434,147.8471,12.000,1,nan,nan
31.9410,383.4667,1,-7780.7942,1850.5630,76.2006,nan,nan,nan,-0.3025,0.9415,-0.1485,-0.6998,-0.1136,0.7052,0.6471,0.3173,0.6932,0.0000,0.0000,0.0000,-55.0019,134.7422,-32.2031,-7577.4769,1614.7977,149.5917,nan,nan,nan,-0.5980,0.7699,-0.2228,-0.1367,0.1760,0.9749,90.000,nan,nan,nan,0.0000,0.0000,0.0000,nan,nan,nan,-7577.4769,1614.7977,149.5917,-7577.4769,1614.7977,149.5917,12.000,1,nan,nan
31.9670,383.4834,1,-7781.7463,1853.0995,75.9286,nan,nan,nan,-0.3497,0.9315,-0.0999,-0.6775,-0.1778,0.7137,0.6471,0.3173,0.6932,0.0000,0.0000,0.0000,-51.0249,137.2091,-25.8789,-7578.7630,1616.2743,150.3530,nan,nan,nan,-0.5980,0.7699,-0.2228,-0.1367,0.1760,0.9749,90.000,nan,nan,nan,0.0000,0.0000,0.0000,nan,nan,nan,-7578.7630,1616.2743,150.3530,-7578.7630,1616.2743,150.3530,12.000,1,nan,nan
31.9920,383.5167,1,-7784.0689,1858.4971,75.6265,nan,nan,nan,-0.3947,0.9174,-0.0513,-0.6522,-0.2404,0.7189,0.6471,0.3173,0.6932,0.0000,0.0000,0.0000,-52.0653,146.1573,-20.4287,-7581.6055,1620.1370,151.6677,nan,nan,nan,-0.5980,0.7699,-0.2228,-0.1367,0.1760,0.9749,90.000,nan,nan,nan,0.0000,0.0000,0.0000,nan,nan,nan,-7581.6055,1620.1370,151.6677,-7581.6055,1620.1370,151.6677,12.000,1,nan,nan
32.0190,383.5334,1,-7785.5143,1861.1218,75.7746,nan,nan,nan,-0.4818,0.8749,0.0494,-0.5909,-0.3659,0.7190,0.6471,0.3173,0.6932,0.0000,0.0000,0.0000,-62.0545,152.0457,-12.0840,-7582.9487,1622.0390,152.2285,nan,nan,nan,-0.5980,0.7699,-0.2228,-0.1367,0.1760,0.9749,90.000,nan,nan,nan,0.0000,0.0000,0.0000,nan,nan,nan,-7582.9487,1622.0390,152.2285,-7582.9487,1622.0390,152.2285,12.000,1,nan,nan
32.0460,383.5667,1,-7789.3926,1865.7582,76.2687,nan,nan,nan,-0.5689,0.8062,0.1621,-0.5075,-0.4993,0.7022,0.6471,0.3173,0.6932,0.0000,0.0000,0.0000,-78.3865,152.5480,-2.7517,-7586.0530,1626.2465,153.2767,nan,nan,nan,-0.5980,0.7699,-0.2228,-0.1367,0.1760,0.9749,90.000,nan,nan,nan,0.0000,0.0000,0.0000,nan,nan,nan,-7586.0530,1626.2465,153.2767,-7586.0530,1626.2465,153.2767,12.000,1,nan,nan
32.0720,383.5834,1,-7791.4807,1867.9029,76.4691,nan,nan,nan,-0.6597,0.7429,0.1138,-0.4855,-0.5368,0.6900,0.5737,0.4000,0.7148,0.0000,0.0000,0.0000,-95.2842,147.9462,4.7833,-7587.6414,1628.2876,153.7508,nan,nan,nan,-0.5980,0.7699,-0.2228,-0.1367,0.1760,0.9749,90.000,nan,nan,nan,0.0000,0.0000,0.0000,nan,nan,nan,-7587.6414,1628.2876,153.7508,-7587.6414,1628.2876,153.7508,12.000,1,nan,nan
32.0980,383.6167,1,-7795.9164,1871.8727,77.2486,nan,nan,nan,-0.7384,0.6616,0.1306,-0.4202,-0.6029,0.6782,0.5274,0.4459,0.7232,0.0000,0.0000,0.0000,-111.3432,138.4593,12.7799,-7727.1015,1807.4067,104.1549,nan,nan,nan,-0.5980,0.7699,-0.2228,-0.1367,0.1760,0.9749,90.000,nan,nan,nan,0.0000,0.0000,0.0000,nan,nan,nan,-7727.1015,1807.4067,104.1549,-7727.1015,1807.4067,104.1549,12.000,1,nan,nan
32.1270,383.6500,1,-7801.2809,1874.9344,77.3536,nan,nan,nan,-0.7839,0.5983,0.1661,-0.3633,-0.6589,0.6587,0.5036,0.4560,0.7338,0.0000,0.0000,0.0000,-129.3969,123.4359,13.2323,-7731.3550,1811.6577,105.0193,nan,nan,nan,-0.5980,0.7699,-0.2228,-0.1367,0.1760,0.9749,90.000,nan,nan,nan,0.0000,0.0000,0.0000,nan,nan,nan,-7731.3550,1811.6577,105.0193,-7731.3550,1811.6577,105.0193,12.000,1,nan,nan
32.1560,383.6667,1,-7803.7993,1876.3419,76.4117,nan,nan,nan,-0.7539,0.6562,-0.0304,-0.5216,-0.5699,0.6349,0.3993,0.4945,0.7720,0.0000,0.0000,0.0000,-139.9588,109.5020,-0.9446,-7733.5192,1813.5683,105.3431,nan,nan,nan,-0.5980,0.7699,-0.2228,-0.1367,0.1760,0.9749,90.000,nan,nan,nan,0.0000,0.0000,0.0000,nan,nan,nan,-7733.5192,1813.5683,105.3431,-7733.5192,1813.5683,105.3431,12.000,1,nan,nan
32.1940,383.7000,1,-7808.2792,1878.0720,73.6757,nan,nan,nan,-0.8195,0.5252,-0.2292,-0.5584,-0.6421,0.5252,0.1287,0.5584,0.8195,0.0000,0.0000,0.0000,-143.8937,91.3600,-22.6002,-7738.0836,1816.6810,105.5033,nan,nan,nan,-0.5980,0.7699,-0.2228,-0.1367,0.1760,0.9749,90.000,nan,nan,nan,0.0000,0.0000,0.0000,nan,nan,nan,-7738.0836,1816.6810,105.5033,-7738.0836,1816.6810,105.5033,12.000,1,nan,nan
32.2250,383.7334,1,-7811.2230,1880.7343,70.2700,nan,nan,nan,-0.5654,0.5835,-0.5830,-0.7954,-0.5729,0.1980,-0.2184,0.5756,0.7880,0.0000,0.0000,0.0000,-135.7286,79.8864,-52.0424,-7745.9529,1821.1785,104.7597,nan,nan,nan,-0.5980,0.7699,-0.2228,-0.1367,0.1760,0.9749,90.000,nan,nan,nan,0.0000,0.0000,0.0000,nan,nan,nan,-7745.9529,1821.1785,104.7597,-7745.9529,1821.1785,104.7597,12.000,1,nan,nan
32.2620,383.7667,1,-7814.2059,1882.3039,65.9756,nan,nan,nan,-0.6269,0.4112,-0.6617,-0.6786,-0.7055,0.2044,-0.3828,0.5772,0.7213,0.0000,0.0000,0.0000,-119.8065,68.6390,-84.3278,-7752.1001,1824.3136,103.2184,nan,nan,nan,-0.5980,0.7699,-0.2228,-0.1367,0.1760,0.9749,90.000,nan,nan,nan,0.0000,0.0000,0.0000,nan,nan,nan,-7752.1001,1824.3136,103.2184,-7752.1001,1824.3136,103.2184,12.000,1,nan,nan
32.2920,383.8000,1,-7814.6108,1883.7137,60.6308,nan,nan,nan,-0.1688,0.4058,-0.8982,-0.7958,-0.5938,-0.1188,-0.5816,0.6948,0.4232,0.0000,0.0000,0.0000,-88.8304,57.9588,-111.5511,-7759.2570,1828.3225,99.0253,nan,nan,nan,-0.5980,0.7699,-0.2228,-0.1367,0.1760,0.9749,90.000,nan,nan,nan,0.0000,0.0000,0.0000,nan,nan,nan,-7759.2570,1828.3225,99.0253,-7759.2570,1828.3225,99.0253,12.000,1,nan,nan
32.3210,383.8334,1,-7812.5506,1885.1602,55.7356,nan,nan,nan,0.3164,0.3751,-0.8713,-0.6405,-0.5931,-0.4879,-0.6998,0.7124,0.0526,0.0000,0.0000,0.0000,-43.3940,54.1210,-129.9510,-7764.2793,1831.4822,93.5027,nan,nan,nan,-0.5980,0.7699,-0.2228,-0.1367,0.1760,0.9749,90.000,nan,nan,nan,0.0000,0.0000,0.0000,nan,nan,nan,-7764.2793,1831.4822,93.5027,-7764.2793,1831.4822,93.5027,12.000,1,nan,nan
32.3490,383.8667,1,-7809.3933,1886.1056,51.4592,nan,nan,nan,0.5214,0.2645,-0.8113,-0.4604,-0.7133,-0.5284,-0.7184,0.6490,-0.2502,0.0000,0.0000,0.0000,2.2992,43.0516,-138.8553,-7767.0622,1833.4850,88.0840,nan,nan,nan,-0.5980,0.7699,-0.2228,-0.1367,0.1760,0.9749,90.000,nan,nan,nan,0.0000,0.0000,0.0000,nan,nan,nan,-7767.0622,1833.4850,88.0840,-7767.0622,1833.4850,88.0840,12.000,1,nan,nan
32.3780,383.9000,1,-7806.1876,1886.6113,47.2360,nan,nan,nan,0.6012,0.1035,-0.7924,-0.4438,-0.7813,-0.4388,-0.6645,0.6155,-0.4238,0.0000,0.0000,0.0000,48.5698,34.4548,-140.2085,-7768.3948,1834.8888,83.0433,nan,nan,nan,-0.5980,0.7699,-0.2228,-0.1367,0.1760,0.9749,90.000,nan,nan,nan,0.0000,0.0000,0.0000,nan,nan,nan,-7768.3948,1834.8888,83.0433,-7768.3948,1834.8888,83.0433,12.000,1,nan,nan
32.4060,383.9167,1,-7804.5918,1886.8680,45.1918,nan,nan,nan,0.6105,0.1005,-0.7856,-0.3986,-0.8182,-0.4143,-0.6844,0.5661,-0.4594,0.0000,0.0000,0.0000,79.4026,27.3572,-132.9405,-7768.8975,1835.4615,80.5512,nan,nan,nan,-0.5980,0.7699,-0.2228,-0.1367,0.1760,0.9749,90.000,nan,nan,nan,0.0000,0.0000,0.0000,nan,nan,nan,-7768.8975,1835.4615,80.5512,-7768.8975,1835.4615,80.5512,12.000,1,nan,nan
32.4340,383.9500,1,-7800.7955,1886.8766,41.4971,nan,nan,nan,0.6183,0.0870,-0.7811,-0.3842,-0.8335,-0.3970,-0.6856,0.5456,-0.4820,0.0000,0.0000,0.0000,95.9854,17.3097,-124.2841,-7769.2068,1836.4387,75.3540,nan,nan,nan,-0.5980,0.7699,-0.2228,-0.1367,0.1760,0.9749,90.000,nan,nan,nan,0.0000,0.0000,0.0000,nan,nan,nan,-7769.2068,1836.4387,75.3540,-7769.2068,1836.4387,75.3540,12.000,1,nan,nan
32.4620,383.9834,1,-7797.1181,1885.7051,38.0514,nan,nan,nan,0.6765,-0.2054,-0.7072,-0.5750,-0.7474,-0.3329,-0.4602,0.6318,-0.6237,0.0000,0.0000,0.0000,102.4232,2.5996,-117.5687,-7768.2254,1837.2866,70.3453,nan,nan,nan,-0.5980,0.7699,-0.2228,-0.1367,0.1760,0.9749,90.000,nan,nan,nan,0.0000,0.0000,0.0000,nan,nan,nan,-7768.2254,1837.2866,70.3453,-7768.2254,1837.2866,70.3453,12.000,1,nan,nan
32.4880,384.0000,1,-7795.1066,1885.0647,36.5497,nan,nan,nan,0.7621,-0.2307,-0.6049,-0.5838,-0.6487,-0.4882,-0.2798,0.7252,-0.6291,0.0000,0.0000,0.0000,108.6134,-11.0618,-108.9065,-7767.3059,1837.7832,67.8747,nan,nan,nan,-0.5980,0.7699,-0.2228,-0.1367,0.1760,0.9749,90.000,nan,nan,nan,0.0000,0.0000,0.0000,nan,nan,nan,-7767.3059,1837.7832,67.8747,-7767.3059,1837.7832,67.8747,12.000,1,nan,nan
32.5160,384.0334,1,-7790.8228,1883.5594,34.1195,nan,nan,nan,0.8192,-0.2367,-0.5224,-0.5461,-0.6002,-0.5844,-0.1752,0.7640,-0.6209,0.0000,0.0000,0.0000,116.4053,-25.9065,-97.2251,-7764.8237,1838.5021,63.4199,nan,nan,nan,-0.5980,0.7699,-0.2228,-0.1367,0.1760,0.9749,90.000,nan,nan,nan,0.0000,0.0000,0.0000,nan,nan,nan,-7764.8237,1838.5021,63.4199,-7764.8237,1838.5021,63.4199,12.000,1,nan,nan
32.5420,384.0667,1,-7786.0375,1882.0668,32.9091,nan,nan,nan,0.9270,-0.2536,-0.2762,-0.3716,-0.5226,-0.7673,0.0502,0.8140,-0.5787,0.0000,0.0000,0.0000,123.8976,-37.8823,-79.9832,-7761.3727,1839.0333,59.6252,nan,nan,nan,-0.5980,0.7699,-0.2228,-0.1367,0.1760,0.9749,90.000,nan,nan,nan,0.0000,0.0000,0.0000,nan,nan,nan,-7761.3727,1839.0333,59.6252,-7761.3727,1839.0333,59.6252,12.000,1,nan,nan
32.5690,384.0834,1,-7783.6092,1881.4210,32.4936,nan,nan,nan,0.9531,-0.2542,-0.1642,-0.2766,-0.5119,-0.8133,0.1227,0.8206,-0.5582,0.0000,0.0000,0.0000,132.4715,-40.9985,-60.8465,-7759.4691,1839.2378,57.8712,nan,nan,nan,-0.5980,0.7699,-0.2228,-0.1367,0.1760,0.9749,90.000,nan,nan,nan,0.0000,0.0000,0.0000,nan,nan,nan,-7759.4691,1839.2378,57.8712,-7759.4691,1839.2378,57.8712,12.000,1,nan,nan
32.5960,384.1167,1,-7778.7146,1879.3442,31.9956,nan,nan,nan,0.9469,-0.2652,-0.1817,-0.2972,-0.5063,-0.8096,0.1227,0.8206,-0.5582,0.0000,0.0000,0.0000,139.4166,-46.3979,-41.9868,-7755.2425,1839.2828,54.6075,nan,nan,nan,-0.5980,0.7699,-0.2228,-0.1367,0.1760,0.9749,90.000,nan,nan,nan,0.0000,0.0000,0.0000,nan,nan,nan,-7755.2425,1839.2828,54.6075,-7755.2425,1839.2828,54.6075,12.000,1,nan,nan
32.6220,384.1334,1,-7776.5641,1877.8240,32.2390,nan,nan,nan,0.9175,-0.3918,-0.0682,-0.2847,-0.5275,-0.8005,0.2776,0.7538,-0.5955,0.0000,0.0000,0.0000,140.9090,-56.6882,-20.7130,-7750.4712,1836.4564,53.5587,nan,nan,nan,-0.5980,0.7699,-0.2228,-0.1367,0.1760,0.9749,90.000,nan,nan,nan,0.0000,0.0000,0.0000,nan,nan,nan,-7750.4712,1836.4564,53.5587,-7750.4712,1836.4564,53.5587,12.000,1,nan,nan
32.6500,384.1667,1,-7773.3255,1873.6707,33.2141,nan,nan,nan,0.7287,-0.6817,0.0653,-0.3716,-0.4737,-0.7985,0.5752,0.5576,-0.5985,0.0000,0.0000,0.0000,131.9272,-74.7104,-3.3457,-7738.5651,1828.9171,51.5154,nan,nan,nan,-0.5980,0.7699,-0.2228,-0.1367,0.1760,0.9749,90.000,nan,nan,nan,0.0000,0.0000,0.0000,nan,nan,nan,-7738.5651,1828.9171,51.5154,-7738.5651,1828.9171,51.5154,12.000,1,nan,nan
32.6780,384.2000,1,-7771.8822,1868.7581,34.9613,nan,nan,nan,0.4249,-0.8775,0.2221,-0.4062,-0.4041,-0.8195,0.8090,0.2580,-0.5282,0.0000,0.0000,0.0000,109.6506,-100.0407,15.5973,-7727.3302,1819.5660,51.0815,nan,nan,nan,-0.5980,0.7699,-0.2228,-0.1367,0.1760,0.9749,90.000,nan,nan,nan,0.0000,0.0000,0.0000,nan,nan,nan,-7727.3302,1819.5660,51.0815,-7727.3302,1819.5660,51.0815,12.000,1,nan,nan
32.7040,384.2167,1,-7771.6707,1866.3768,35.9541,nan,nan,nan,0.2249,-0.9219,0.3155,-0.3923,-0.3820,-0.8367,0.8919,0.0644,-0.4476,0.0000,0.0000,0.0000,78.3653,-121.2216,34.2874,-7721.7687,1814.2441,51.2868,nan,nan,nan,-0.5980,0.7699,-0.2228,-0.1367,0.1760,0.9749,90.000,nan,nan,nan,0.0000,0.0000,0.0000,nan,nan,nan,-7721.7687,1814.2441,51.2868,-7721.7687,1814.2441,51.2868,12.000,1,nan,nan
32.7320,384.2500,1,-7771.2695,1861.6639,37.9607,nan,nan,nan,0.0767,-0.9188,0.3871,-0.3462,-0.3887,-0.8539,0.9350,-0.0685,-0.3479,0.0000,0.0000,0.0000,48.7091,-135.4924,47.1441,-7713.8398,1805.0521,52.8438,nan,nan,nan,-0.5980,0.7699,-0.2228,-0.1367,0.1760,0.9749,90.000,nan,nan,nan,0.0000,0.0000,0.0000,nan,nan,nan,-7713.8398,1805.0521,52.8438,-7713.8398,1805.0521,52.8438,12.000,1,nan,nan
32.7610,384.2834,1,-7770.8683,1856.9511,39.9672,nan,nan,nan,0.0781,-0.9173,0.3905,-0.3459,-0.3923,-0.8523,0.9350,-0.0685,-0.3479,0.0000,0.0000,0.0000,25.7538,-141.7040,55.9047,-7711.9791,1802.8367,52.6950,nan,nan,nan,-0.5980,0.7699,-0.2228,-0.1367,0.1760,0.9749,90.000,nan,nan,nan,0.0000,0.0000,0.0000,nan,nan,nan,-7711.9791,1802.8367,52.6950,-7711.9791,1802.8367,52.6950,12.000,1,nan,nan
32.7880,384.3000,1,-7770.5646,1854.7265,41.2247,nan,nan,nan,0.1184,-0.8645,0.4885,-0.3342,-0.4980,-0.8002,0.9350,-0.0685,-0.3479,0.0000,0.0000,0.0000,16.1477,-140.1654,62.2633,-7712.0745,1802.8903,52.3613,nan,nan,nan,-0.5980,0.7699,-0.2228,-0.1367,0.1760,0.9749,90.000,nan,nan,nan,0.0000,0.0000,0.0000,nan,nan,nan,-7712.0745,1802.8903,52.3613,-7712.0745,1802.8903,52.3613,12.000,1,nan,nan
32.8150,384.3334,1,-7769.8392,1851.2148,44.1937,nan,nan,nan,0.1761,-0.7559,0.6305,-0.2990,-0.6513,-0.6974,0.9379,-0.0657,-0.3407,0.0000,0.0000,0.0000,16.0413,-132.3524,69.4349,-7712.5081,1802.9463,52.1298,nan,nan,nan,-0.5980,0.7699,-0.2228,-0.1367,0.1760,0.9749,90.000,nan,nan,nan,0.0000,0.0000,0.0000,nan,nan,nan,-7712.5081,1802.9463,52.1298,-7712.5081,1802.9463,52.1298,12.000,1,nan,nan
32.8440,384.3667,1,-7769.2801,1848.2738,47.4878,nan,nan,nan,0.1604,-0.6642,0.7302,-0.1745,-0.7472,-0.6413,0.9715,-0.0246,-0.2357,0.0000,0.0000,0.0000,16.9675,-120.1589,78.5948,-7712.8620,1802.8753,52.7399,nan,nan,nan,-0.5980,0.7699,-0.2228,-0.1367,0.1760,0.9749,90.000,nan,nan,nan,0.0000,0.0000,0.0000,nan,nan,nan,-7712.8620,1802.8753,52.7399,-7712.8620,1802.8753,52.7399,12.000,1,nan,nan
32.8720,384.3834,1,-7769.1313,1847.0935,49.2329,nan,nan,nan,0.0953,-0.5628,0.8211,-0.0302,-0.8261,-0.5627,0.9950,0.0289,-0.0957,0.0000,0.0000,0.0000,16.5303,-103.6061,89.3285,-7712.9203,1802.7838,53.3865,nan,nan,nan,-0.5980,0.7699,-0.2228,-0.1367,0.1760,0.9749,90.000,nan,nan,nan,0.0000,0.0000,0.0000,nan,nan,nan,-7712.9203,1802.7838,53.3865,-7712.9203,1802.7838,53.3865,12.000,1,nan,nan
32.9010,384.4167,1,-7769.0775,1845.5247,53.0210,nan,nan,nan,0.0426,-0.3825,0.9230,0.0430,-0.9222,-0.3842,0.9982,0.0561,-0.0228,0.0000,0.0000,0.0000,13.1206,-83.0140,99.1139,-7713.0665,1802.5188,55.4330,nan,nan,nan,-0.5980,0.7699,-0.2228,-0.1367,0.1760,0.9749,90.000,nan,nan,nan,0.0000,0.0000,0.0000,nan,nan,nan,-7713.0665,1802.5188,55.4330,-7713.0665,1802.5188,55.4330,12.000,1,nan,nan
32.9300,384.4500,1,-7769.9301,1844.7217,57.1650,nan,nan,nan,-0.0967,-0.1829,0.9784,0.0816,-0.9811,-0.1754,0.9920,0.0629,0.1098,0.0000,0.0000,0.0000,2.9709,-62.6430,108.1216,-7713.3776,1802.2232,58.2522,nan,nan,nan,-0.5980,0.7699,-0.2228,-0.1367,0.1760,0.9749,90.000,nan,nan,nan,0.0000,0.0000,0.0000,nan,nan,nan,-7713.3776,1802.2232,58.2522,-7713.3776,1802.2232,58.2522,12.000,1,nan,nan
32.9560,384.4834,1,-7770.9835,1844.5348,61.3762,nan,nan,nan,-0.2424,-0.0438,0.9692,0.0773,-0.9967,-0.0257,0.9671,0.0687,0.2450,0.0000,0.0000,0.0000,-8.7342,-42.0440,115.4251,-7713.8090,1801.8537,61.7889,nan,nan,nan,-0.5980,0.7699,-0.2228,-0.1367,0.1760,0.9749,90.000,nan,nan,nan,0.0000,0.0000,0.0000,nan,nan,nan,-7713.8090,1801.8537,61.7889,-7713.8090,1801.8537,61.7889,12.000,1,nan,nan
32.9840,384.5000,1,-7771.5096,1844.4955,63.4642,nan,nan,nan,-0.2443,-0.0182,0.9695,0.0711,-0.9975,-0.0009,0.9671,0.0687,0.2450,0.0000,0.0000,0.0000,-19.1732,-24.2325,121.0008,-7714.0162,1801.6852,63.4040,nan,nan,nan,-0.5980,0.7699,-0.2228,-0.1367,0.1760,0.9749,90.000,nan,nan,nan,0.0000,0.0000,0.0000,nan,nan,nan,-7714.0162,1801.6852,63.4040,-7714.0162,1801.6852,63.4040,12.000,1,nan,nan
33.0120,384.5334,1,-7772.5727,1844.4570,67.6715,nan,nan,nan,-0.2449,-0.0089,0.9695,0.0688,-0.9976,0.0082,0.9671,0.0687,0.2450,0.0000,0.0000,0.0000,-27.9620,-11.4883,124.6315,-7714.5235,1801.2991,67.1140,nan,nan,nan,-0.5980,0.7699,-0.2228,-0.1367,0.1760,0.9749,90.000,nan,nan,nan,0.0000,0.0000,0.0000,nan,nan,nan,-7714.5235,1801.2991,67.1140,-7714.5235,1801.2991,67.1140,12.000,1,nan,nan
33.0410,384.5500,1,-7773.2466,1844.4424,69.7558,nan,nan,nan,-0.2504,-0.0024,0.9681,0.0697,-0.9975,0.0155,0.9656,0.0713,0.2499,0.0000,0.0000,0.0000,-32.6911,-4.2961,125.5046,-7714.7712,1801.1225,68.8161,nan,nan,nan,-0.5980,0.7699,-0.2228,-0.1367,0.1760,0.9749,90.000,nan,nan,nan,0.0000,0.0000,0.0000,nan,nan,nan,-7714.7712,1801.1225,68.8161,-7714.7712,1801.1225,68.8161,12.000,1,nan,nan
33.0690,384.5834,1,-7775.4261,1844.6008,73.5932,nan,nan,nan,-0.3732,0.0507,0.9263,0.1042,-0.9899,0.0962,0.9219,0.1324,0.3642,0.0000,0.0000,0.0000,-40.3938,-0.7863,123.4368,-7715.4615,1800.6563,73.1386,nan,nan,nan,-0.5980,0.7699,-0.2228,-0.1367,0.1760,0.9749,90.000,nan,nan,nan,0.0000,0.0000,0.0000,nan,nan,nan,-7715.4615,1800.6563,73.1386,-7715.4615,1800.6563,73.1386,12.000,1,nan,nan
33.0970,384.6167,1,-7778.5929,1845.0658,76.6615,nan,nan,nan,-0.6214,0.1269,0.7731,0.1212,-0.9593,0.2549,0.7740,0.2521,0.5808,0.0000,0.0000,0.0000,-54.6219,3.1771,116.3769,-7717.4969,1801.3735,77.6445,nan,nan,nan,-0.5980,0.7699,-0.2228,-0.1367,0.1760,0.9749,90.000,nan,nan,nan,0.0000,0.0000,0.0000,nan,nan,nan,-7717.4969,1801.3735,77.6445,-7717.4969,1801.3735,77.6445,12.000,1,nan,nan
33.1250,384.6500,1,-7781.9213,1845.8236,79.4216,nan,nan,nan,-0.7580,0.1700,0.6298,0.0820,-0.9330,0.3505,0.6471,0.3173,0.6932,0.0000,0.0000,0.0000,-71.0595,8.7479,106.2816,-7720.4342,1802.7834,81.8850,nan,nan,nan,-0.5980,0.7699,-0.2228,-0.1367,0.1760,0.9749,90.000,nan,nan,nan,0.0000,0.0000,0.0000,nan,nan,nan,-7720.4342,1802.7834,81.8850,-7720.4342,1802.7834,81.8850,12.000,1,nan,nan
33.1530,384.6667,1,-7783.5855,1846.2025,80.8017,nan,nan,nan,-0.7582,0.1726,0.6288,0.0798,-0.9325,0.3522,0.6471,0.3173,0.6932,0.0000,0.0000,0.0000,-86.2305,14.5835,95.8120,-7721.9311,1803.4748,83.9434,nan,nan,nan,-0.5980,0.7699,-0.2228,-0.1367,0.1760,0.9749,90.000,nan,nan,nan,0.0000,0.0000,0.0000,nan,nan,nan,-7721.9311,1803.4748,83.9434,-7721.9311,1803.4748,83.9434,12.000,1,nan,nan
33.1820,384.7000,1,-7786.9200,1846.9324,83.5803,nan,nan,nan,-0.7576,0.1658,0.6313,0.0853,-0.9337,0.3477,0.6471,0.3173,0.6932,0.0000,0.0000,0.0000,-96.1944,19.1797,87.3652,-7725.2018,1804.9128,88.0275,nan,nan,nan,-0.5980,0.7699,-0.2228,-0.1367,0.1760,0.9749,90.000,nan,nan,nan,0.0000,0.0000,0.0000,nan,nan,nan,-7725.2018,1804.9128,88.0275,-7725.2018,1804.9128,88.0275,12.000,1,nan,nan
33.2100,384.7334,1,-7790.2196,1847.7190,86.3676,nan,nan,nan,-0.7585,0.1758,0.6275,0.0772,-0.9319,0.3544,0.6471,0.3173,0.6932,0.0000,0.0000,0.0000,-98.9844,22.0285,83.9900,-7728.6443,1806.3692,92.0023,nan,nan,nan,-0.5980,0.7699,-0.2228,-0.1367,0.1760,0.9749,90.000,nan,nan,nan,0.0000,0.0000,0.0000,nan,nan,nan,-7728.6443,1806.3692,92.0023,-7728.6443,1806.3692,92.0023,12.000,1,nan,nan
33.2400,384.7500,1,-7791.6015,1847.8213,88.0773,nan,nan,nan,-0.6920,-0.0006,0.7219,0.3052,-0.9064,0.2919,0.6541,0.4223,0.6275,0.0000,0.0000,0.0000,-96.1546,19.2795,87.2702,-7730.0115,1806.9686,93.7001,nan,nan,nan,-0.5980,0.7699,-0.2228,-0.1367,0.1760,0.9749,90.000,nan,nan,nan,0.0000,0.0000,0.0000,nan,nan,nan,-7730.0115,1806.9686,93.7001,-7730.0115,1806.9686,93.7001,12.000,1,nan,nan
33.2690,384.7834,1,-7794.4992,1847.9024,91.4102,nan,nan,nan,-0.6319,0.0537,0.7732,0.4360,-0.8001,0.4119,0.6408,0.5974,0.4822,0.0000,0.0000,0.0000,-93.0046,14.6694,91.3632,-7732.6481,1808.1391,97.0564,nan,nan,nan,-0.5980,0.7699,-0.2228,-0.1367,0.1760,0.9749,90.000,nan,nan,nan,0.0000,0.0000,0.0000,nan,nan,nan,-7732.6481,1808.1391,97.0564,-7732.6481,1808.1391,97.0564,12.000,1,nan,nan
33.2960,384.8167,1,-7797.4144,1847.6516,94.7470,nan,nan,nan,-0.6515,-0.0499,0.7570,0.4603,-0.8191,0.3422,0.6030,0.5714,0.5567,0.0000,0.0000,0.0000,-89.8587,7.8631,95.5311,-7735.8346,1809.4556,100.5574,nan,nan,nan,-0.5980,0.7699,-0.2228,-0.1367,0.1760,0.9749,90.000,nan,nan,nan,0.0000,0.0000,0.0000,nan,nan,nan,-7735.8346,1809.4556,100.5574,-7735.8346,1809.4556,100.5574,12.000,1,nan,nan
33.3240,384.8334,1,-7798.9599,1847.3562,96.2438,nan,nan,nan,-0.6822,-0.1041,0.7237,0.4956,-0.7935,0.3531,0.5375,0.5995,0.5930,0.0000,0.0000,0.0000,-87.9778,-1.7626,97.6020,-7737.3397,1809.9612,102.2069,nan,nan,nan,-0.5980,0.7699,-0.2228,-0.1367,0.1760,0.9749,90.000,nan,nan,nan,0.0000,0.0000,0.0000,nan,nan,nan,-7737.3397,1809.9612,102.2069,-7737.3397,1809.9612,102.2069,12.000,1,nan,nan
33.3540,384.8667,1,-7802.0057,1845.9554,98.9913,nan,nan,nan,-0.6623,-0.2659,0.7005,0.6171,-0.7238,0.3087,0.4249,0.6368,0.6434,0.0000,0.0000,0.0000,-89.2941,-13.3203,93.9852,-7741.3531,1811.3353,105.6306,nan,nan,nan,-0.5980,0.7699,-0.2228,-0.1367,0.1760,0.9749,90.000,nan,nan,nan,0.0000,0.0000,0.0000,nan,nan,nan,-7741.3531,1811.3353,105.6306,-7741.3531,1811.3353,105.6306,12.000,1,nan,nan
33.3840,384.9000,1,-7805.5248,1844.0256,101.1081,nan,nan,nan,-0.7483,-0.3515,0.5625,0.6283,-0.6475,0.4312,0.2127,0.6761,0.7054,0.0000,0.0000,0.0000,-93.2851,-27.6972,85.9650,-7746.3676,1813.2261,108.4729,nan,nan,nan,-0.5980,0.7699,-0.2228,-0.1367,0.1760,0.9749,90.000,nan,nan,nan,0.0000,0.0000,0.0000,nan,nan,nan,-7746.3676,1813.2261,108.4729,-7746.3676,1813.2261,108.4729,12.000,1,nan,nan
33.4120,384.9334,1,-7809.5128,1842.4766,102.2640,nan,nan,nan,-0.8943,-0.3577,0.2687,0.4444,-0.6415,0.6252,-0.0512,0.6786,0.7327,0.0000,0.0000,0.0000,-100.5205,-38.3619,71.2756,-7753.0069,1814.0596,112.2721,nan,nan,nan,-0.5980,0.7699,-0.2228,-0.1367,0.1760,0.9749,90.000,nan,nan,nan,0.0000,0.0000,0.0000,nan,nan,nan,-7753.0069,1814.0596,112.2721,-7753.0069,1814.0596,112.2721,12.000,1,nan,nan
33.4400,384.9500,1,-7811.3642,1841.5618,102.9818,nan,nan,nan,-0.8469,-0.4184,0.3283,0.5294,-0.6037,0.5961,-0.0512,0.6786,0.7327,0.0000,0.0000,0.0000,-105.6389,-47.9270,58.9898,-7755.3196,1814.2696,113.5612,nan,nan,nan,-0.5980,0.7699,-0.2228,-0.1367,0.1760,0.9749,90.000,nan,nan,nan,0.0000,0.0000,0.0000,nan,nan,nan,-7755.3196,1814.2696,113.5612,-7755.3196,1814.2696,113.5612,12.000,1,nan,nan
33.4680,384.9834,1,-7814.5954,1839.5617,104.7316,nan,nan,nan,-0.7714,-0.4928,0.4025,0.6343,-0.5446,0.5487,-0.0512,0.6786,0.7327,0.0000,0.0000,0.0000,-107.7745,-53.4364,50.5464,-7760.2045,1814.7260,115.9980,nan,nan,nan,-0.5980,0.7699,-0.2228,-0.1367,0.1760,0.9749,90.000,nan,nan,nan,0.0000,0.0000,0.0000,nan,nan,nan,-7760.2045,1814.7260,115.9980,-7760.2045,1814.7260,115.9980,12.000,1,nan,nan
33.4970,385.0167,1,-7813.8163,1837.7640,108.0195,nan,nan,nan,-0.3934,-0.5304,0.7510,0.9167,-0.2888,0.2762,0.0704,0.7971,0.5998,0.0000,0.0000,0.0000,-82.4128,-53.7457,55.8845,-7764.0136,1815.0604,118.3781,nan,nan,nan,-0.5980,0.7699,-0.2228,-0.1367,0.1760,0.9749,90.000,nan,nan,nan,0.0000,0.0000,0.0000,nan,nan,nan,-7764.0136,1815.0604,118.3781,-7764.0136,1815.0604,118.3781,12.000,1,nan,nan
33.5260,385.0500,1,-7812.4337,1835.9177,111.1410,nan,nan,nan,0.0984,-0.4635,0.8806,0.9774,-0.1216,-0.1732,0.1873,0.8777,0.4410,0.0000,0.0000,0.0000,-45.1166,-55.5905,68.7453,-7766.4215,1815.1895,120.3165,nan,nan,nan,-0.5980,0.7699,-0.2228,-0.1367,0.1760,0.9749,90.000,nan,nan,nan,0.0000,0.0000,0.0000,nan,nan,nan,-7766.4215,1815.1895,120.3165,-7766.4215,1815.1895,120.3165,12.000,1,nan,nan
33.5530,385.0667,1,-7811.6987,1834.9945,112.6828,nan,nan,nan,0.3246,-0.4755,0.8177,0.9264,-0.0147,-0.3763,0.1909,0.8796,0.4357,0.0000,0.0000,0.0000,-6.6199,-56.0614,81.2059,-7767.3699,1815.1003,121.3186,nan,nan,nan,-0.5980,0.7699,-0.2228,-0.1367,0.1760,0.9749,90.000,nan,nan,nan,0.0000,0.0000,0.0000,nan,nan,nan,-7767.3699,1815.1003,121.3186,-7767.3699,1815.1003,121.3186,12.000,1,nan,nan
33.5830,385.1000,1,-7810.2287,1833.1481,115.7664,nan,nan,nan,0.3786,-0.4755,0.7941,0.9057,0.0134,-0.4238,0.1909,0.8796,0.4357,0.0000,0.0000,0.0000,29.2865,-55.2333,91.7010,-7768.8950,1814.7040,123.6086,nan,nan,nan,-0.5980,0.7699,-0.2228,-0.1367,0.1760,0.9749,90.000,nan,nan,nan,0.0000,0.0000,0.0000,nan,nan,nan,-7768.8950,1814.7040,123.6086,-7768.8950,1814.7040,123.6086,12.000,1,nan,nan
33.6120,385.1334,1,-7808.7587,1831.3016,118.8501,nan,nan,nan,0.3786,-0.4755,0.7941,0.9057,0.0134,-0.4238,0.1909,0.8796,0.4357,0.0000,0.0000,0.0000,40.6131,-55.3601,92.5742,-7770.0617,1814.2277,125.9901,nan,nan,nan,-0.5980,0.7699,-0.2228,-0.1367,0.1760,0.9749,90.000,nan,nan,nan,0.0000,0.0000,0.0000,nan,nan,nan,-7770.0617,1814.2277,125.9901,-7770.0617,1814.2277,125.9901,12.000,1,nan,nan
33.6400,385.1500,1,-7808.0379,1830.3779,120.3978,nan,nan,nan,0.3714,-0.4756,0.7974,0.9087,0.0096,-0.4174,0.1909,0.8796,0.4357,0.0000,0.0000,0.0000,43.2320,-55.3929,92.5935,-7770.5370,1813.9852,127.1366,nan,nan,nan,-0.5980,0.7699,-0.2228,-0.1367,0.1760,0.9749,90.000,nan,nan,nan,0.0000,0.0000,0.0000,nan,nan,nan,-7770.5370,1813.9852,127.1366,-7770.5370,1813.9852,127.1366,12.000,1,nan,nan
33.6680,385.1834,1,-7806.7155,1828.5159,123.5372,nan,nan,nan,0.3412,-0.4768,0.8101,0.9219,0.0015,-0.3874,0.1835,0.8790,0.4401,0.0000,0.0000,0.0000,42.8702,-55.4926,92.9315,-7771.3036,1813.4241,129.6031,nan,nan,nan,-0.5980,0.7699,-0.2228,-0.1367,0.1760,0.9749,90.000,nan,nan,nan,0.0000,0.0000,0.0000,nan,nan,nan,-7771.3036,1813.4241,129.6031,-7771.3036,1813.4241,129.6031,12.000,1,nan,nan
33.6960,385.2167,1,-7805.7540,1826.6040,126.7885,nan,nan,nan,0.2485,-0.4838,0.8392,0.9574,-0.0088,-0.2886,0.1470,0.8751,0.4610,0.0000,0.0000,0.0000,39.7465,-55.9052,94.0055,-7772.0388,1812.8378,132.1439,nan,nan,nan,-0.5980,0.7699,-0.2228,-0.1367,0.1760,0.9749,90.000,nan,nan,nan,0.0000,0.0000,0.0000,nan,nan,nan,-7772.0388,1812.8378,132.1439,-7772.0388,1812.8378,132.1439,12.000,1,nan,nan
33.7250,385.2334,1,-7805.4371,1825.6163,128.4362,nan,nan,nan,0.1641,-0.5010,0.8497,0.9826,0.0073,-0.1855,0.0867,0.8654,0.4935,0.0000,0.0000,0.0000,34.1051,-56.7619,95.4911,-7772.4730,1812.5629,133.3850,nan,nan,nan,-0.5980,0.7699,-0.2228,-0.1367,0.1760,0.9749,90.000,nan,nan,nan,0.0000,0.0000,0.0000,nan,nan,nan,-7772.4730,1812.5629,133.3850,-7772.4730,1812.5629,133.3850,12.000,1,nan,nan
33.7540,385.2667,1,-7805.0391,1823.5419,131.7094,nan,nan,nan,0.1035,-0.5157,0.8505,0.9936,0.0137,-0.1126,0.0464,0.8566,0.5138,0.0000,0.0000,0.0000,26.7153,-58.2950,96.8542,-7773.5345,1811.9581,136.1751,nan,nan,nan,-0.5980,0.7699,-0.2228,-0.1367,0.1760,0.9749,90.000,nan,nan,nan,0.0000,0.0000,0.0000,nan,nan,nan,-7773.5345,1811.9581,136.1751,-7773.5345,1811.9581,136.1751,12.000,1,nan,nan
33.7830,385.3000,1,-7805.1346,1821.2687,134.8767,nan,nan,nan,-0.0240,-0.5514,0.8339,0.9992,0.0145,0.0383,-0.0332,0.8341,0.5506,0.0000,0.0000,0.0000,16.7297,-61.0684,97.2943,-7774.3241,1810.5134,139.3227,nan,nan,nan,-0.5980,0.7699,-0.2228,-0.1367,0.1760,0.9749,90.000,nan,nan,nan,0.0000,0.0000,0.0000,nan,nan,nan,-7774.3241,1810.5134,139.3227,-7774.3241,1810.5134,139.3227,12.000,1,nan,nan
33.8120,385.3334,1,-7805.7379,1818.9030,137.9150,nan,nan,nan,-0.1549,-0.5942,0.7893,0.9838,-0.0200,0.1780,-0.0899,0.8041,0.5877,0.0000,0.0000,0.0000,5.3446,-64.3463,96.1043,-7775.1438,1808.6417,142.6545,nan,nan,nan,-0.5980,0.7699,-0.2228,-0.1367,0.1760,0.9749,90.000,nan,nan,nan,0.0000,0.0000,0.0000,nan,nan,nan,-7775.1438,1808.6417,142.6545,-7775.1438,1808.6417,142.6545,12.000,1,nan,nan
33.8440,385.3500,1,-7806.1858,1817.6516,139.3297,nan,nan,nan,-0.2305,-0.6447,0.7288,0.9664,-0.0642,0.2489,-0.1137,0.7617,0.6379,0.0000,0.0000,0.0000,-6.1112,-68.1658,93.0690,-7775.8233,1808.0322,144.1405,nan,nan,nan,-0.5980,0.7699,-0.2228,-0.1367,0.1760,0.9749,90.000,nan,nan,nan,0.0000,0.0000,0.0000,nan,nan,nan,-7775.8233,1808.0322,144.1405,-7775.8233,1808.0322,144.1405,12.000,1,nan,nan
33.8730,385.3834,1,-7807.0099,1815.1429,142.1787,nan,nan,nan,-0.2121,-0.6458,0.7334,0.9706,-0.0519,0.2350,-0.1137,0.7617,0.6379,0.0000,0.0000,0.0000,-15.7346,-71.5355,89.9171,-7776.9554,1806.1372,147.4808,nan,nan,nan,-0.5980,0.7699,-0.2228,-0.1367,0.1760,0.9749,90.000,nan,nan,nan,0.0000,0.0000,0.0000,nan,nan,nan,-7776.9554,1806.1372,147.4808,-7776.9554,1806.1372,147.4808,12.000,1,nan,nan
33.9040,385.4167,1,-7807.7160,1812.6244,145.0605,nan,nan,nan,-0.1814,-0.6471,0.7405,0.9768,-0.0316,0.2118,-0.1137,0.7617,0.6379,0.0000,0.0000,0.0000,-21.3227,-73.6816,87.5737,-7777.8156,1803.8883,150.8136,nan,nan,nan,-0.5980,0.7699,-0.2228,-0.1367,0.1760,0.9749,90.000,nan,nan,nan,0.0000,0.0000,0.0000,nan,nan,nan,-7777.8156,1803.8883,150.8136,-7777.8156,1803.8883,150.8136,12.000,1,nan,nan
33.9320,385.4500,1,-7808.3526,1810.1001,147.9616,nan,nan,nan,-0.1633,-0.6476,0.7443,0.9800,-0.0196,0.1980,-0.1137,0.7617,0.6379,0.0000,0.0000,0.0000,-22.6409,-75.0622,86.2817,-7778.6381,1801.5994,154.0705,nan,nan,nan,-0.5980,0.7699,-0.2228,-0.1367,0.1760,0.9749,90.000,nan,nan,nan,0.0000,0.0000,0.0000,nan,nan,nan,-7778.6381,1801.5994,154.0705,-7778.6381,1801.5994,154.0705,12.000,1,nan,nan
33.9610,385.4834,1,-7808.9549,1807.5728,150.8724,nan,nan,nan,-0.1544,-0.6478,0.7460,0.9815,-0.0137,0.1912,-0.1137,0.7617,0.6379,0.0000,0.0000,0.0000,-21.1426,-75.4853,86.5127,-7779.4240,1799.2754,157.2671,nan,nan,nan,-0.5980,0.7699,-0.2228,-0.1367,0.1760,0.9749,90.000,nan,nan,nan,0.0000,0.0000,0.0000,nan,nan,nan,-7779.4240,1799.2754,157.2671,-7779.4240,1799.2754,157.2671,12.000,1,nan,nan
33.9900,385.5000,1,-7809.2560,1806.3091,152.3278,nan,nan,nan,-0.1544,-0.6478,0.7460,0.9815,-0.0137,0.1912,-0.1137,0.7617,0.6379,0.0000,0.0000,0.0000,-19.5120,-75.6814,86.9293,-7779.7719,1798.2173,158.7002,nan,nan,nan,-0.5980,0.7699,-0.2228,-0.1367,0.1760,0.9749,90.000,nan,nan,nan,0.0000,0.0000,0.0000,nan,nan,nan,-7779.7719,1798.2173,158.7002,-7779.7719,1798.2173,158.7002,12.000,1,nan,nan
34.0170,385.5334,1,-7809.8239,1803.7788,155.2483,nan,nan,nan,-0.1454,-0.6479,0.7478,0.9828,-0.0077,0.1844,-0.1137,0.7617,0.6379,0.0000,0.0000,0.0000,-18.3563,-75.7914,87.2450,-7780.5152,1795.8273,161.8557,nan,nan,nan,-0.5980,0.7699,-0.2228,-0.1367,0.1760,0.9749,90.000,nan,nan,nan,0.0000,0.0000,0.0000,nan,nan,nan,-7780.5152,1795.8273,161.8557,-7780.5152,1795.8273,161.8557,12.000,1,nan,nan
34.0450,385.5667,1,-7810.3619,1800.9776,157.9799,nan,nan,nan,-0.1462,-0.6478,0.7476,0.9827,-0.0083,0.1850,-0.1137,0.7617,0.6379,0.0000,0.0000,0.0000,-17.5336,-77.4752,86.2912,-7781.2248,1793.3735,164.9401,nan,nan,nan,-0.5980,0.7699,-0.2228,-0.1367,0.1760,0.9749,90.000,nan,nan,nan,0.0000,0.0000,0.0000,nan,nan,nan,-7781.2248,1793.3735,164.9401,-7781.2248,1793.3735,164.9401,12.000,1,nan,nan
34.0730,385.5834,1,-7811.3054,1799.4530,158.8061,nan,nan,nan,-0.3606,-0.6947,0.6224,0.9226,-0.1679,0.3472,-0.1367,0.6995,0.7015,0.0000,0.0000,0.0000,-25.0776,-80.9425,78.5505,-7781.6340,1792.1254,166.3983,nan,nan,nan,-0.5980,0.7699,-0.2228,-0.1367,0.1760,0.9749,90.000,nan,nan,nan,0.0000,0.0000,0.0000,nan,nan,nan,-7781.6340,1792.1254,166.3983,-7781.6340,1792.1254,166.3983,12.000,1,nan,nan
34.1010,385.6167,1,-7813.6282,1796.3936,159.6772,nan,nan,nan,-0.6224,-0.7135,0.3217,0.7621,-0.4587,0.4571,-0.1785,0.5297,0.8292,0.0000,0.0000,0.0000,-36.9098,-84.8289,64.7641,-7782.9431,1788.6624,169.7589,nan,nan,nan,-0.5980,0.7699,-0.2228,-0.1367,0.1760,0.9749,90.000,nan,nan,nan,0.0000,0.0000,0.0000,nan,nan,nan,-7782.9431,1788.6624,169.7589,-7782.9431,1788.6624,169.7589,12.000,1,nan,nan
34.1290,385.6500,1,-7816.3370,1793.6244,160.1756,nan,nan,nan,-0.6997,-0.7036,0.1241,0.6857,-0.6126,0.3930,-0.2005,0.3601,0.9111,0.0000,0.0000,0.0000,-52.1216,-87.0394,47.4741,-7784.4726,1784.9578,172.7483,nan,nan,nan,-0.5980,0.7699,-0.2228,-0.1367,0.1760,0.9749,90.000,nan,nan,nan,0.0000,0.0000,0.0000,nan,nan,nan,-7784.4726,1784.9578,172.7483,-7784.4726,1784.9578,172.7483,12.000,1,nan,nan
34.1590,385.6667,1,-7817.5999,1792.2220,160.4519,nan,nan,nan,-0.6621,-0.7352,0.1449,0.7221,-0.5742,0.3858,-0.2005,0.3601,0.9111,0.0000,0.0000,0.0000,-67.0913,-87.5030,30.9425,-7785.2499,1783.2116,174.0869,nan,nan,nan,-0.5980,0.7699,-0.2228,-0.1367,0.1760,0.9749,90.000,nan,nan,nan,0.0000,0.0000,0.0000,nan,nan,nan,-7785.2499,1783.2116,174.0869,-7785.2499,1783.2116,174.0869,12.000,1,nan,nan
34.1880,385.7000,1,-7819.0268,1790.1494,160.9571,nan,nan,nan,-0.5560,-0.8076,0.1968,0.8067,-0.4671,0.3621,-0.2005,0.3601,0.9111,0.0000,0.0000,0.0000,-67.3247,-81.7371,20.7523,-7786.9115,1779.6654,176.6268,nan,nan,nan,-0.5980,0.7699,-0.2228,-0.1367,0.1760,0.9749,90.000,nan,nan,nan,0.0000,0.0000,0.0000,nan,nan,nan,-7786.9115,1779.6654,176.6268,-7786.9115,1779.6654,176.6268,12.000,1,nan,nan
34.2170,385.7334,1,-7820.2525,1788.1477,161.4784,nan,nan,nan,-0.5098,-0.8325,0.2168,0.8366,-0.4210,0.3505,-0.2005,0.3601,0.9111,0.0000,0.0000,0.0000,-60.7887,-74.2372,16.6160,-7788.4733,1776.4317,178.7953,nan,nan,nan,-0.5980,0.7699,-0.2228,-0.1367,0.1760,0.9749,90.000,nan,nan,nan,0.0000,0.0000,0.0000,nan,nan,nan,-7788.4733,1776.4317,178.7953,-7788.4733,1776.4317,178.7953,12.000,1,nan,nan
34.2450,385.7667,1,-7821.4634,1786.0975,162.0223,nan,nan,nan,-0.4958,-0.8394,0.2227,0.8450,-0.4071,0.3468,-0.2005,0.3601,0.9111,0.0000,0.0000,0.0000,-50.4939,-68.4236,16.0615,-7789.9559,1773.4348,180.6724,nan,nan,nan,-0.5980,0.7699,-0.2228,-0.1367,0.1760,0.9749,90.000,nan,nan,nan,0.0000,0.0000,0.0000,nan,nan,nan,-7789.9559,1773.4348,180.6724,-7789.9559,1773.4348,180.6724,12.000,1,nan,nan
34.2740,385.7834,1,-7822.0688,1785.0724,162.2942,nan,nan,nan,-0.4958,-0.8394,0.2227,0.8450,-0.4071,0.3468,-0.2005,0.3601,0.9111,0.0000,0.0000,0.0000,-40.5442,-62.7329,15.8974,-7790.6117,1772.1246,181.4642,nan,nan,nan,-0.5980,0.7699,-0.2228,-0.1367,0.1760,0.9749,90.000,nan,nan,nan,0.0000,0.0000,0.0000,nan,nan,nan,-7790.6117,1772.1246,181.4642,-7790.6117,1772.1246,181.4642,12.000,1,nan,nan
34.3030,385.8167,1,-7823.2418,1783.0634,162.8301,nan,nan,nan,-0.4914,-0.8415,0.2245,0.8476,-0.4027,0.3456,-0.2005,0.3601,0.9111,0.0000,0.0000,0.0000,-37.0309,-61.2130,16.0489,-7792.0120,1769.3793,183.0170,nan,nan,nan,-0.5980,0.7699,-0.2228,-0.1367,0.1760,0.9749,90.000,nan,nan,nan,0.0000,0.0000,0.0000,nan,nan,nan,-7792.0120,1769.3793,183.0170,-7792.0120,1769.3793,183.0170,12.000,1,nan,nan
34.3300,385.8500,1,-7824.4148,1781.0544,163.3659,nan,nan,nan,-0.4914,-0.8415,0.2245,0.8476,-0.4027,0.3456,-0.2005,0.3601,0.9111,0.0000,0.0000,0.0000,-36.0120,-60.9531,16.1662,-7793.3625,1766.7769,184.3960,nan,nan,nan,-0.5980,0.7699,-0.2228,-0.1367,0.1760,0.9749,90.000,nan,nan,nan,0.0000,0.0000,0.0000,nan,nan,nan,-7793.3625,1766.7769,184.3960,-7793.3625,1766.7769,184.3960,12.000,1,nan,nan
34.3590,385.8834,1,-7825.5878,1779.0454,163.9018,nan,nan,nan,-0.4914,-0.8415,0.2245,0.8476,-0.4027,0.3456,-0.2005,0.3601,0.9111,0.0000,0.0000,0.0000,-35.5814,-60.6538,16.1419,-7794.6739,1764.2886,185.6332,nan,nan,nan,-0.5980,0.7699,-0.2228,-0.1367,0.1760,0.9749,90.000,nan,nan,nan,0.0000,0.0000,0.0000,nan,nan,nan,-7794.6739,1764.2886,185.6332,-7794.6739,1764.2886,185.6332,12.000,1,nan,nan
34.3880,385.9000,1,-7826.1743,1778.0409,164.1697,nan,nan,nan,-0.4914,-0.8415,0.2245,0.8476,-0.4027,0.3456,-0.2005,0.3601,0.9111,0.0000,0.0000,0.0000,-35.2684,-60.3466,16.0892,-7793.2686,1760.6145,186.9095,nan,nan,nan,-0.5980,0.7699,-0.2228,-0.1367,0.1760,0.9749,90.000,nan,nan,nan,0.0000,0.0000,0.0000,nan,nan,nan,-7793.2686,1760.6145,186.9095,-7793.2686,1760.6145,186.9095,12.000,1,nan,nan
34.4170,385.9334,1,-7827.3473,1776.0319,164.7056,nan,nan,nan,-0.4914,-0.8415,0.2245,0.8476,-0.4027,0.3456,-0.2005,0.3601,0.9111,0.0000,0.0000,0.0000,-35.2058,-60.2852,16.0787,-7790.5596,1753.1054,189.4737,nan,nan,nan,-0.5980,0.7699,-0.2228,-0.1367,0.1760,0.9749,90.000,nan,nan,nan,0.0000,0.0000,0.0000,nan,nan,nan,-7790.5596,1753.1054,189.4737,-7790.5596,1753.1054,189.4737,12.000,1,nan,nan
34.4450,385.9667,1,-7828.4561,1773.8716,165.3074,nan,nan,nan,-0.4438,-0.8625,0.2432,0.8734,-0.3556,0.3327,-0.2005,0.3601,0.9111,0.0000,0.0000,0.0000,-34.8081,-61.1808,16.4724,-7787.8193,1745.6398,191.9608,nan,nan,nan,-0.5980,0.7699,-0.2228,-0.1367,0.1760,0.9749,90.000,nan,nan,nan,0.0000,0.0000,0.0000,nan,nan,nan,-7787.8193,1745.6398,191.9608,-7787.8193,1745.6398,191.9608,12.000,1,nan,nan
34.4740,385.9834,1,-7828.9471,1772.7593,165.6262,nan,nan,nan,-0.3910,-0.8845,0.2547,0.9037,-0.3164,0.2885,-0.1746,0.3429,0.9230,0.0000,0.0000,0.0000,-33.5825,-62.6540,17.1605,-7786.3443,1741.9909,193.1632,nan,nan,nan,-0.5980,0.7699,-0.2228,-0.1367,0.1760,0.9749,90.000,nan,nan,nan,0.0000,0.0000,0.0000,nan,nan,nan,-7786.3443,1741.9909,193.1632,-7786.3443,1741.9909,193.1632,12.000,1,nan,nan
34.5040,386.0167,1,-7829.7300,1770.4494,166.3305,nan,nan,nan,-0.3084,-0.9099,0.2774,0.9360,-0.2383,0.2590,-0.1695,0.3396,0.9252,0.0000,0.0000,0.0000,-30.9968,-64.7538,18.3087,-7783.4338,1734.4663,195.6249,nan,nan,nan,-0.5980,0.7699,-0.2228,-0.1367,0.1760,0.9749,90.000,nan,nan,nan,0.0000,0.0000,0.0000,nan,nan,nan,-7783.4338,1734.4663,195.6249,-7783.4338,1734.4663,195.6249,12.000,1,nan,nan
34.5350,386.0500,1,-7830.3575,1768.1357,167.0502,nan,nan,nan,-0.2516,-0.9226,0.2925,0.9529,-0.1832,0.2418,-0.1695,0.3396,0.9252,0.0000,0.0000,0.0000,-27.2067,-67.0025,19.6419,-7780.4519,1726.9619,198.0444,nan,nan,nan,-0.5980,0.7699,-0.2228,-0.1367,0.1760,0.9749,90.000,nan,nan,nan,0.0000,0.0000,0.0000,nan,nan,nan,-7780.4519,1726.9619,198.0444,-7780.4519,1726.9619,198.0444,12.000,1,nan,nan
34.5650,386.0834,1,-7830.7882,1765.5652,167.5905,nan,nan,nan,-0.1740,-0.9465,0.2718,0.9723,-0.1214,0.1996,-0.1559,0.2990,0.9414,0.0000,0.0000,0.0000,-22.3802,-69.9129,19.5388,-7777.3477,1719.2896,200.4594,nan,nan,nan,-0.5980,0.7699,-0.2228,-0.1367,0.1760,0.9749,90.000,nan,nan,nan,0.0000,0.0000,0.0000,nan,nan,nan,-7777.3477,1719.2896,200.4594,-7777.3477,1719.2896,200.4594,12.000,1,nan,nan
34.5950,386.1167,1,-7830.8106,1762.9487,167.8099,nan,nan,nan,-0.0197,-0.9887,0.1483,0.9943,-0.0039,0.1064,-0.1046,0.1495,0.9832,0.0000,0.0000,0.0000,-15.6571,-72.8460,17.0102,-7773.9720,1711.0791,202.9164,nan,nan,nan,-0.5980,0.7699,-0.2228,-0.1367,0.1760,0.9749,90.000,nan,nan,nan,0.0000,0.0000,0.0000,nan,nan,nan,-7773.9720,1711.0791,202.9164,-7773.9720,1711.0791,202.9164,12.000,1,nan,nan
34.6240,386.1334,1,-7830.4563,1761.7547,167.8098,nan,nan,nan,0.2143,-0.9725,0.0913,0.9767,0.2141,-0.0111,-0.0087,0.0916,0.9958,0.0000,0.0000,0.0000,-5.3633,-73.9020,12.2772,-7772.0591,1707.0481,204.0838,nan,nan,nan,-0.5980,0.7699,-0.2228,-0.1367,0.1760,0.9749,90.000,nan,nan,nan,0.0000,0.0000,0.0000,nan,nan,nan,-7772.0591,1707.0481,204.0838,-7772.0591,1707.0481,204.0838,12.000,1,nan,nan
34.6550,386.1667,1,-7829.6326,1759.4377,167.5122,nan,nan,nan,0.3375,-0.9404,-0.0408,0.9354,0.3399,-0.0978,0.1058,-0.0052,0.9944,0.0000,0.0000,0.0000,5.4028,-74.1325,5.2264,-7767.7346,1698.4747,206.3216,nan,nan,nan,-0.5980,0.7699,-0.2228,-0.1367,0.1760,0.9749,90.000,nan,nan,nan,0.0000,0.0000,0.0000,nan,nan,nan,-7767.7346,1698.4747,206.3216,-7767.7346,1698.4747,206.3216,12.000,1,nan,nan
34.6830,386.2000,1,-7828.8441,1757.2018,166.9122,nan,nan,nan,0.3298,-0.9238,-0.1945,0.9193,0.3611,-0.1564,0.2147,-0.1272,0.9684,0.0000,0.0000,0.0000,14.8715,-72.1711,-3.0250,-7762.9882,1689.6664,208.2700,nan,nan,nan,-0.5980,0.7699,-0.2228,-0.1367,0.1760,0.9749,90.000,nan,nan,nan,0.0000,0.0000,0.0000,nan,nan,nan,-7762.9882,1689.6664,208.2700,-7762.9882,1689.6664,208.2700,12.000,1,nan,nan
34.7120,386.2334,1,-7828.5386,1754.8605,166.1701,nan,nan,nan,0.1300,-0.9607,-0.2452,0.9915,0.1276,0.0259,0.0064,-0.2465,0.9691,0.0000,0.0000,0.0000,18.7319,-70.1280,-10.4447,-7758.9767,1680.6766,210.0301,nan,nan,nan,-0.5980,0.7699,-0.2228,-0.1367,0.1760,0.9749,90.000,nan,nan,nan,0.0000,0.0000,0.0000,nan,nan,nan,-7758.9767,1680.6766,210.0301,-7758.9767,1680.6766,210.0301,12.000,1,nan,nan
34.7420,386.2500,1,-7828.3365,1753.5461,165.7575,nan,nan,nan,0.1463,-0.9471,-0.2855,0.9843,0.1106,0.1375,-0.0986,-0.3012,0.9485,0.0000,0.0000,0.0000,17.6783,-71.1633,-16.8775,-7757.1228,1676.3193,210.8217,nan,nan,nan,-0.5980,0.7699,-0.2228,-0.1367,0.1760,0.9749,90.000,nan,nan,nan,0.0000,0.0000,0.0000,nan,nan,nan,-7757.1228,1676.3193,210.8217,-7757.1228,1676.3193,210.8217,12.000,1,nan,nan
34.7720,386.2834,1,-7827.8109,1750.6892,164.8724,nan,nan,nan,0.1732,-0.9408,-0.2915,0.9768,0.1264,0.1726,-0.1255,-0.3146,0.9409,0.0000,0.0000,0.0000,15.6789,-74.6095,-21.6893,-7753.3979,1667.3515,212.2328,nan,nan,nan,-0.5980,0.7699,-0.2228,-0.1367,0.1760,0.9749,90.000,nan,nan,nan,0.0000,0.0000,0.0000,nan,nan,nan,-7753.3979,1667.3515,212.2328,-7753.3979,1667.3515,212.2328,12.000,1,nan,nan
34.8010,386.3167,1,-7826.7140,1747.8831,164.0805,nan,nan,nan,0.3521,-0.9008,-0.2542,0.9275,0.2994,0.2239,-0.1255,-0.3146,0.9409,0.0000,0.0000,0.0000,17.1290,-78.7204,-23.8034,-7749.4558,1658.5806,213.5312,nan,nan,nan,-0.5980,0.7699,-0.2228,-0.1367,0.1760,0.9749,90.000,nan,nan,nan,0.0000,0.0000,0.0000,nan,nan,nan,-7749.4558,1658.5806,213.5312,-7749.4558,1658.5806,213.5312,12.000,1,nan,nan
34.8310,386.3500,1,-7825.1994,1745.2682,163.4082,nan,nan,nan,0.4893,-0.8447,-0.2172,0.8631,0.4331,0.2600,-0.1255,-0.3146,0.9409,0.0000,0.0000,0.0000,24.6744,-81.1838,-23.8070,-7745.2688,1650.0009,214.7552,nan,nan,nan,-0.5980,0.7699,-0.2228,-0.1367,0.1760,0.9749,90.000,nan,nan,nan,0.0000,0.0000,0.0000,nan,nan,nan,-7745.2688,1650.0009,214.7552,-7745.2688,1650.0009,214.7552,12.000,1,nan,nan
34.8590,386.3834,1,-7823.6725,1742.6166,163.1964,nan,nan,nan,0.5214,-0.8277,-0.2072,0.8440,0.4646,0.2680,-0.1255,-0.3146,0.9409,0.0000,0.0000,0.0000,32.9188,-81.8135,-20.1283,-7740.8764,1641.5665,215.9885,nan,nan,nan,-0.5980,0.7699,-0.2228,-0.1367,0.1760,0.9749,90.000,nan,nan,nan,0.0000,0.0000,0.0000,nan,nan,nan,-7740.8764,1641.5665,215.9885,-7740.8764,1641.5665,215.9885,12.000,1,nan,nan
34.8880,386.4000,1,-7822.8308,1741.3072,163.1839,nan,nan,nan,0.5616,-0.8205,-0.1069,0.8090,0.5174,0.2789,-0.1735,-0.2431,0.9544,0.0000,0.0000,0.0000,41.5148,-80.5118,-14.2311,-7738.7267,1637.6643,216.6479,nan,nan,nan,-0.5980,0.7699,-0.2228,-0.1367,0.1760,0.9749,90.000,nan,nan,nan,0.0000,0.0000,0.0000,nan,nan,nan,-7738.7267,1637.6643,216.6479,-7738.7267,1637.6643,216.6479,12.000,1,nan,nan
34.9200,386.4334,1,-7821.0398,1739.0619,162.9033,nan,nan,nan,0.6031,-0.7972,-0.0264,0.7599,0.5642,0.3228,-0.2425,-0.2147,0.9461,0.0000,0.0000,0.0000,47.3984,-76.8865,-9.9841,-7734.3872,1629.7965,217.9112,nan,nan,nan,-0.5980,0.7699,-0.2228,-0.1367,0.1760,0.9749,90.000,nan,nan,nan,0.0000,0.0000,0.0000,nan,nan,nan,-7734.3872,1629.7965,217.9112,-7734.3872,1629.7965,217.9112,12.000,1,nan,nan
34.9490,386.4667,1,-7819.2833,1736.9681,162.2005,nan,nan,nan,0.6030,-0.7838,-0.1485,0.7653,0.5157,0.3851,-0.2253,-0.3458,0.9108,0.0000,0.0000,0.0000,50.0267,-73.0347,-9.3178,-7729.7687,1621.5553,218.9856,nan,nan,nan,-0.5980,0.7699,-0.2228,-0.1367,0.1760,0.9749,90.000,nan,nan,nan,0.0000,0.0000,0.0000,nan,nan,nan,-7729.7687,1621.5553,218.9856,-7729.7687,1621.5553,218.9856,12.000,1,nan,nan
34.9760,386.5000,1,-7817.5918,1735.0276,161.0389,nan,nan,nan,0.5823,-0.7515,-0.3101,0.7886,0.4293,0.4404,-0.1978,-0.5009,0.8426,0.0000,0.0000,0.0000,51.5396,-67.9980,-14.8832,-7724.8804,1612.9342,219.7152,nan,nan,nan,-0.5980,0.7699,-0.2228,-0.1367,0.1760,0.9749,90.000,nan,nan,nan,0.0000,0.0000,0.0000,nan,nan,nan,-7724.8804,1612.9342,219.7152,-7724.8804,1612.9342,219.7152,12.000,1,nan,nan
35.0040,386.5167,1,-7816.7940,1734.1439,160.2828,nan,nan,nan,0.5430,-0.7262,-0.4217,0.8207,0.3526,0.4495,-0.1777,-0.5902,0.7874,0.0000,0.0000,0.0000,51.3150,-61.8813,-24.9206,-7722.4145,1608.6950,219.9944,nan,nan,nan,-0.5980,0.7699,-0.2228,-0.1367,0.1760,0.9749,90.000,nan,nan,nan,0.0000,0.0000,0.0000,nan,nan,nan,-7722.4145,1608.6950,219.9944,-7722.4145,1608.6950,219.9944,12.000,1,nan,nan
35.0320,386.5500,1,-7815.2328,1732.6278,158.4741,nan,nan,nan,0.5477,-0.6048,-0.5782,0.8261,0.2814,0.4883,-0.1326,-0.7451,0.6537,0.0000,0.0000,0.0000,49.8920,-56.2829,-36.0960,-7717.1225,1599.6133,219.8615,nan,nan,nan,-0.5980,0.7699,-0.2228,-0.1367,0.1760,0.9749,90.000,nan,nan,nan,0.0000,0.0000,0.0000,nan,nan,nan,-7717.1225,1599.6133,219.8615,-7717.1225,1599.6133,219.8615,12.000,1,nan,nan
35.0590,386.5834,1,-7813.7659,1731.3849,156.3890,nan,nan,nan,0.5185,-0.4719,-0.7131,0.8507,0.2007,0.4858,-0.0861,-0.8585,0.5055,0.0000,0.0000,0.0000,47.8690,-50.0581,-46.6249,-7711.6369,1590.5646,219.1460,nan,nan,nan,-0.5980,0.7699,-0.2228,-0.1367,0.1760,0.9749,90.000,nan,nan,nan,0.0000,0.0000,0.0000,nan,nan,nan,-7711.6369,1590.5646,219.1460,-7711.6369,1590.5646,219.1460,12.000,1,nan,nan
35.0890,386.6000,1,-7812.9504,1730.8026,155.4171,nan,nan,nan,0.5845,-0.4170,-0.6960,0.8080,0.2209,0.5462,-0.0741,-0.8817,0.4660,0.0000,0.0000,0.0000,47.1026,-44.1571,-53.4241,-7708.9447,1586.3110,218.8454,nan,nan,nan,-0.5980,0.7699,-0.2228,-0.1367,0.1760,0.9749,90.000,nan,nan,nan,0.0000,0.0000,0.0000,nan,nan,nan,-7708.9447,1586.3110,218.8454,-7708.9447,1586.3110,218.8454,12.000,1,nan,nan
35.1190,386.6334,1,-7810.8067,1729.7568,153.7793,nan,nan,nan,0.7409,-0.3615,-0.5660,0.6675,0.3034,0.6800,-0.0741,-0.8817,0.4660,0.0000,0.0000,0.0000,50.2383,-38.6476,-55.5370,-7703.3224,1577.8998,218.1426,nan,nan,nan,-0.5980,0.7699,-0.2228,-0.1367,0.1760,0.9749,90.000,nan,nan,nan,0.0000,0.0000,0.0000,nan,nan,nan,-7703.3224,1577.8998,218.1426,-7703.3224,1577.8998,218.1426,12.000,1,nan,nan
35.1480,386.6667,1,-7808.1610,1728.7070,152.3877,nan,nan,nan,0.8372,-0.3089,-0.4513,0.5418,0.3567,0.7610,-0.0741,-0.8817,0.4660,0.0000,0.0000,0.0000,57.3717,-34.7478,-53.4571,-7697.5594,1569.8883,217.5959,nan,nan,nan,-0.5980,0.7699,-0.2228,-0.1367,0.1760,0.9749,90.000,nan,nan,nan,0.0000,0.0000,0.0000,nan,nan,nan,-7697.5594,1569.8883,217.5959,-7697.5594,1569.8883,217.5959,12.000,1,nan,nan
35.1760,386.7000,1,-7805.3611,1726.9607,152.3012,nan,nan,nan,0.9116,-0.3630,-0.1929,0.3730,0.5334,0.7592,-0.1727,-0.7640,0.6217,0.0000,0.0000,0.0000,66.7970,-36.9883,-41.0498,-7692.0264,1562.5467,217.9184,nan,nan,nan,-0.5980,0.7699,-0.2228,-0.1367,0.1760,0.9749,90.000,nan,nan,nan,0.0000,0.0000,0.0000,nan,nan,nan,-7692.0264,1562.5467,217.9184,-7692.0264,1562.5467,217.9184,12.000,1,nan,nan
35.2040,386.7167,1,-7803.9611,1726.0875,152.2579,nan,nan,nan,0.8967,-0.4114,-0.1634,0.3921,0.5668,0.7246,-0.2055,-0.7138,0.6695,0.0000,0.0000,0.0000,75.6948,-40.9273,-27.4246,-7689.3445,1559.0848,218.2520,nan,nan,nan,-0.5980,0.7699,-0.2228,-0.1367,0.1760,0.9749,90.000,nan,nan,nan,0.0000,0.0000,0.0000,nan,nan,nan,-7689.3445,1559.0848,218.2520,-7689.3445,1559.0848,218.2520,12.000,1,nan,nan
35.2320,386.7500,1,-7801.1308,1724.3679,152.2005,nan,nan,nan,0.8813,-0.4651,-0.0837,0.3963,0.6309,0.6670,-0.2574,-0.6210,0.7403,0.0000,0.0000,0.0000,81.5939,-45.7580,-15.2175,-7683.8292,1552.3253,219.1840,nan,nan,nan,-0.5980,0.7699,-0.2228,-0.1367,0.1760,0.9749,90.000,nan,nan,nan,0.0000,0.0000,0.0000,nan,nan,nan,-7683.8292,1552.3253,219.1840,-7683.8292,1552.3253,219.1840,12.000,1,nan,nan
35.2610,386.7834,1,-7798.1082,1722.8244,152.3322,nan,nan,nan,0.8912,-0.4518,0.0410,0.3382,0.7217,0.6039,-0.3024,-0.5244,0.7960,0.0000,0.0000,0.0000,85.0353,-49.6863,-3.6365,-7678.1688,1545.8130,220.3688,nan,nan,nan,-0.5980,0.7699,-0.2228,-0.1367,0.1760,0.9749,90.000,nan,nan,nan,0.0000,0.0000,0.0000,nan,nan,nan,-7678.1688,1545.8130,220.3688,-7678.1688,1545.8130,220.3688,12.000,1,nan,nan
35.2900,386.8000,1,-7796.5951,1722.1178,152.4306,nan,nan,nan,0.9030,-0.4250,0.0627,0.3051,0.7372,0.6029,-0.3025,-0.5253,0.7954,0.0000,0.0000,0.0000,87.0818,-48.4734,0.3796,-7675.3497,1542.6057,220.9904,nan,nan,nan,-0.5980,0.7699,-0.2228,-0.1367,0.1760,0.9749,90.000,nan,nan,nan,0.0000,0.0000,0.0000,nan,nan,nan,-7675.3497,1542.6057,220.9904,-7675.3497,1542.6057,220.9904,12.000,1,nan,nan
35.3180,386.8334,1,-7793.3097,1721.0495,152.9372,nan,nan,nan,0.9401,-0.3074,0.1473,0.1563,0.7728,0.6151,-0.3029,-0.5552,0.7746,0.0000,0.0000,0.0000,90.4034,-44.1627,4.7416,-7669.3888,1536.0704,222.2709,nan,nan,nan,-0.5980,0.7699,-0.2228,-0.1367,0.1760,0.9749,90.000,nan,nan,nan,0.0000,0.0000,0.0000,nan,nan,nan,-7669.3888,1536.0704,222.2709,-7669.3888,1536.0704,222.2709,12.000,1,nan,nan
35.3480,386.8667,1,-7788.6946,1720.3864,154.2764,nan,nan,nan,0.9512,-0.1371,0.2766,-0.0594,0.7979,0.5998,-0.3029,-0.5869,0.7508,0.0000,0.0000,0.0000,101.7768,-36.9611,13.9941,-7662.2707,1529.1016,223.6948,nan,nan,nan,-0.5980,0.7699,-0.2228,-0.1367,0.1760,0.9749,90.000,nan,nan,nan,0.0000,0.0000,0.0000,nan,nan,nan,-7662.2707,1529.1016,223.6948,-7662.2707,1529.1016,223.6948,12.000,1,nan,nan
35.3740,386.9000,1,-7784.0137,1720.2430,155.9871,nan,nan,nan,0.9370,-0.0324,0.3479,-0.1740,0.8202,0.5449,-0.3030,-0.5711,0.7629,0.0000,0.0000,0.0000,114.0012,-27.1205,25.3184,-7654.7953,1522.5045,225.5191,nan,nan,nan,-0.5980,0.7699,-0.2228,-0.1367,0.1760,0.9749,90.000,nan,nan,nan,0.0000,0.0000,0.0000,nan,nan,nan,-7654.7953,1522.5045,225.5191,-7654.7953,1522.5045,225.5191,12.000,1,nan,nan
35.4020,386.9167,1,-7781.6954,1720.3320,156.9267,nan,nan,nan,0.9263,0.0352,0.3752,-0.2248,0.8508,0.4751,-0.3024,-0.5244,0.7960,0.0000,0.0000,0.0000,126.1088,-15.6042,37.6777,-7651.1021,1519.4327,226.5698,nan,nan,nan,-0.5980,0.7699,-0.2228,-0.1367,0.1760,0.9749,90.000,nan,nan,nan,0.0000,0.0000,0.0000,nan,nan,nan,-7651.1021,1519.4327,226.5698,-7651.1021,1519.4327,226.5698,12.000,1,nan,nan
35.4290,386.9500,1,-7777.1075,1720.6541,158.8821,nan,nan,nan,0.9180,0.0644,0.3913,-0.2565,0.8491,0.4619,-0.3024,-0.5244,0.7960,0.0000,0.0000,0.0000,136.3454,-4.9587,48.8424,-7643.3602,1513.5126,228.9550,nan,nan,nan,-0.5980,0.7699,-0.2228,-0.1367,0.1760,0.9749,90.000,nan,nan,nan,0.0000,0.0000,0.0000,nan,nan,nan,-7643.3602,1513.5126,228.9550,-7643.3602,1513.5126,228.9550,12.000,1,nan,nan
35.4600,386.9667,1,-7774.8528,1720.9355,159.9242,nan,nan,nan,0.9020,0.1126,0.4169,-0.3082,0.8440,0.4389,-0.3024,-0.5244,0.7960,0.0000,0.0000,0.0000,137.7588,4.5254,55.5449,-7639.5773,1510.6471,230.1772,nan,nan,nan,-0.5980,0.7699,-0.2228,-0.1367,0.1760,0.9749,90.000,nan,nan,nan,0.0000,0.0000,0.0000,nan,nan,nan,-7639.5773,1510.6471,230.1772,-7639.5773,1510.6471,230.1772,12.000,1,nan,nan
35.4880,387.0000,1,-7770.4902,1722.0356,162.3065,nan,nan,nan,0.8569,0.2161,0.4680,-0.4174,0.8236,0.3840,-0.3024,-0.5244,0.7960,0.0000,0.0000,0.0000,136.1317,13.8834,60.9156,-7631.6471,1505.2104,232.9548,nan,nan,nan,-0.5980,0.7699,-0.2228,-0.1367,0.1760,0.9749,90.000,nan,nan,nan,0.0000,0.0000,0.0000,nan,nan,nan,-7631.6471,1505.2104,232.9548,-7631.6471,1505.2104,232.9548,12.000,1,nan,nan
35.5170,387.0334,1,-7767.0228,1723.9737,164.9007,nan,nan,nan,0.7308,0.4085,0.5468,-0.6119,0.7471,0.2597,-0.3024,-0.5244,0.7960,0.0000,0.0000,0.0000,128.7901,26.3148,66.2803,-7624.0683,1500.2002,235.8813,nan,nan,nan,-0.5980,0.7699,-0.2228,-0.1367,0.1760,0.9749,90.000,nan,nan,nan,0.0000,0.0000,0.0000,nan,nan,nan,-7624.0683,1500.2002,235.8813,-7624.0683,1500.2002,235.8813,12.000,1,nan,nan
35.5440,387.0667,1,-7764.3267,1726.2206,167.4054,nan,nan,nan,0.6253,0.5211,0.5809,-0.7194,0.6734,0.1703,-0.3024,-0.5244,0.7960,0.0000,0.0000,0.0000,115.9712,40.3502,70.6486,-7616.9516,1495.5304,238.8576,nan,nan,nan,-0.5980,0.7699,-0.2228,-0.1367,0.1760,0.9749,90.000,nan,nan,nan,0.0000,0.0000,0.0000,nan,nan,nan,-7616.9516,1495.5304,238.8576,-7616.9516,1495.5304,238.8576,12.000,1,nan,nan
35.5740,387.0834,1,-7763.1163,1727.4452,168.6721,nan,nan,nan,0.5662,0.5729,0.5926,-0.7667,0.6299,0.1236,-0.3024,-0.5244,0.7960,0.0000,0.0000,0.0000,100.8751,54.4766,74.2172,-7613.5170,1493.2658,240.3452,nan,nan,nan,-0.5980,0.7699,-0.2228,-0.1367,0.1760,0.9749,90.000,nan,nan,nan,0.0000,0.0000,0.0000,nan,nan,nan,-7613.5170,1493.2658,240.3452,-7613.5170,1493.2658,240.3452,12.000,1,nan,nan
35.6020,387.1167,1,-7760.8224,1730.2202,171.4912,nan,nan,nan,0.5081,0.6179,0.6001,-0.8065,0.5859,0.0795,-0.3024,-0.5244,0.7960,0.0000,0.0000,0.0000,85.4442,67.3509,77.5518,-7606.4331,1489.1790,243.7146,nan,nan,nan,-0.5980,0.7699,-0.2228,-0.1367,0.1760,0.9749,90.000,nan,nan,nan,0.0000,0.0000,0.0000,nan,nan,nan,-7606.4331,1489.1790,243.7146,-7606.4331,1489.1790,243.7146,12.000,1,nan,nan
35.6300,387.1500,1,-7758.8147,1733.5059,174.7001,nan,nan,nan,0.3992,0.6564,0.6401,-0.8330,0.5514,-0.0460,-0.3831,-0.5148,0.7669,0.0000,0.0000,0.0000,73.5996,78.0117,81.9063,-7599.5172,1485.6811,247.4428,nan,nan,nan,-0.5980,0.7699,-0.2228,-0.1367,0.1760,0.9749,90.000,nan,nan,nan,0.0000,0.0000,0.0000,nan,nan,nan,-7599.5172,1485.6811,247.4428,-7599.5172,1485.6811,247.4428,12.000,1,nan,nan
35.6590,387.1834,1,-7758.0879,1737.3544,177.6468,nan,nan,nan,0.1483,0.7852,0.6012,-0.9117,0.3441,-0.2245,-0.3831,-0.5148,0.7669,0.0000,0.0000,0.0000,59.4151,89.7532,85.4297,-7596.8598,1487.4347,249.8482,nan,nan,nan,-0.5980,0.7699,-0.2228,-0.1367,0.1760,0.9749,90.000,nan,nan,nan,0.0000,0.0000,0.0000,nan,nan,nan,-7596.8598,1487.4347,249.8482,-7596.8598,1487.4347,249.8482,12.000,1,nan,nan
35.6890,387.2000,1,-7758.4268,1739.3967,178.8485,nan,nan,nan,-0.0686,0.8438,0.5322,-0.9211,0.1513,-0.3586,-0.3831,-0.5148,0.7669,0.0000,0.0000,0.0000,37.9870,101.9134,85.3555,-7595.8751,1488.4702,250.9311,nan,nan,nan,-0.5980,0.7699,-0.2228,-0.1367,0.1760,0.9749,90.000,nan,nan,nan,0.0000,0.0000,0.0000,nan,nan,nan,-7595.8751,1488.4702,250.9311,-7595.8751,1488.4702,250.9311,12.000,1,nan,nan
35.7180,387.2334,1,-7760.2111,1743.7750,180.1484,nan,nan,nan,-0.4115,0.8384,0.3573,-0.8269,-0.1787,-0.5331,-0.3831,-0.5148,0.7669,0.0000,0.0000,0.0000,9.2321,113.9656,76.2252,-7594.4380,1491.1947,253.1441,nan,nan,nan,-0.5980,0.7699,-0.2228,-0.1367,0.1760,0.9749,90.000,nan,nan,nan,0.0000,0.0000,0.0000,nan,nan,nan,-7594.4380,1491.1947,253.1441,-7594.4380,1491.1947,253.1441,12.000,1,nan,nan
35.7460,387.2667,1,-7762.3747,1748.2467,179.8231,nan,nan,nan,-0.5229,0.8451,0.1110,-0.7593,-0.4027,-0.5112,-0.3873,-0.3516,0.8523,0.0000,0.0000,0.0000,-21.5465,123.4918,53.1942,-7593.7396,1494.7675,255.1273,nan,nan,nan,-0.5980,0.7699,-0.2228,-0.1367,0.1760,0.9749,90.000,nan,nan,nan,0.0000,0.0000,0.0000,nan,nan,nan,-7593.7396,1494.7675,255.1273,-7593.7396,1494.7675,255.1273,12.000,1,nan,nan
35.7740,387.2834,1,-7763.8747,1750.1321,179.2172,nan,nan,nan,-0.6566,0.7495,-0.0849,-0.6500,-0.6193,-0.4403,-0.3826,-0.2339,0.8938,0.0000,0.0000,0.0000,-50.0634,124.9308,23.6369,-7593.5868,1496.6280,255.9592,nan,nan,nan,-0.5980,0.7699,-0.2228,-0.1367,0.1760,0.9749,90.000,nan,nan,nan,0.0000,0.0000,0.0000,nan,nan,nan,-7593.5868,1496.6280,255.9592,-7593.5868,1496.6280,255.9592,12.000,1,nan,nan
35.8020,387.3167,1,-7767.8913,1752.7987,177.7040,nan,nan,nan,-0.8062,0.5216,-0.2792,-0.5058,-0.8525,-0.1321,-0.3069,0.0348,0.9511,0.0000,0.0000,0.0000,-75.7999,116.7103,-5.7756,-7593.7687,1501.1776,257.2976,nan,nan,nan,-0.5980,0.7699,-0.2228,-0.1367,0.1760,0.9749,90.000,nan,nan,nan,0.0000,0.0000,0.0000,nan,nan,nan,-7593.7687,1501.1776,257.2976,-7593.7687,1501.1776,257.2976,12.000,1,nan,nan
35.8310,387.3500,1,-7772.3491,1755.3057,176.0588,nan,nan,nan,-0.8298,0.4666,-0.3062,-0.4552,-0.8833,-0.1125,-0.3230,0.0460,0.9453,0.0000,0.0000,0.0000,-96.9885,103.8385,-29.3282,-7594.8511,1505.8065,258.1664,nan,nan,nan,-0.5980,0.7699,-0.2228,-0.1367,0.1760,0.9749,90.000,nan,nan,nan,0.0000,0.0000,0.0000,nan,nan,nan,-7594.8511,1505.8065,258.1664,-7594.8511,1505.8065,258.1664,12.000,1,nan,nan
35.8600,387.3834,1,-7777.4358,1757.4552,174.2594,nan,nan,nan,-0.8736,0.3698,-0.3165,-0.3641,-0.9280,-0.0793,-0.3230,0.0460,0.9453,0.0000,0.0000,0.0000,-118.7649,87.3313,-42.8834,-7596.9002,1510.4008,258.5603,nan,nan,nan,-0.5980,0.7699,-0.2228,-0.1367,0.1760,0.9749,90.000,nan,nan,nan,0.0000,0.0000,0.0000,nan,nan,nan,-7596.9002,1510.4008,258.5603,-7596.9002,1510.4008,258.5603,12.000,1,nan,nan
35.8930,387.4000,1,-7780.1098,1758.1860,173.3963,nan,nan,nan,-0.9205,0.2533,-0.2974,-0.2865,-0.9553,0.0734,-0.2655,0.1528,0.9519,0.0000,0.0000,0.0000,-137.2076,70.1741,-48.6811,-7597.9008,1512.5835,258.6403,nan,nan,nan,-0.5980,0.7699,-0.2228,-0.1367,0.1760,0.9749,90.000,nan,nan,nan,0.0000,0.0000,0.0000,nan,nan,nan,-7597.9008,1512.5835,258.6403,-7597.9008,1512.5835,258.6403,12.000,1,nan,nan
35.9210,387.4334,1,-7785.5903,1759.6648,172.5948,nan,nan,nan,-0.9254,0.2365,-0.2961,-0.2704,-0.9595,0.0786,-0.2655,0.1528,0.9519,0.0000,0.0000,0.0000,-149.6795,59.6157,-45.5697,-7600.7645,1516.6233,258.6080,nan,nan,nan,-0.5980,0.7699,-0.2228,-0.1367,0.1760,0.9749,90.000,nan,nan,nan,0.0000,0.0000,0.0000,nan,nan,nan,-7600.7645,1516.6233,258.6080,-7600.7645,1516.6233,258.6080,12.000,1,nan,nan
35.9490,387.4667,1,-7791.2335,1760.6838,171.9687,nan,nan,nan,-0.9800,0.1682,-0.1066,-0.1705,-0.9853,0.0133,-0.1028,0.0312,0.9942,0.0000,0.0000,0.0000,-159.2859,48.5765,-38.8336,-7603.7934,1519.7919,258.6308,nan,nan,nan,-0.5980,0.7699,-0.2228,-0.1367,0.1760,0.9749,90.000,nan,nan,nan,0.0000,0.0000,0.0000,nan,nan,nan,-7603.7934,1519.7919,258.6308,-7603.7934,1519.7919,258.6308,12.000,1,nan,nan
35.9770,387.5000,1,-7796.9446,1760.9457,171.3766,nan,nan,nan,-0.9937,0.0456,-0.1027,-0.0525,-0.9965,0.0651,-0.0994,0.0701,0.9926,0.0000,0.0000,0.0000,-164.9540,35.0425,-30.2421,-7607.3706,1522.4282,258.5060,nan,nan,nan,-0.5980,0.7699,-0.2228,-0.1367,0.1760,0.9749,90.000,nan,nan,nan,0.0000,0.0000,0.0000,nan,nan,nan,-7607.3706,1522.4282,258.5060,-7607.3706,1522.4282,258.5060,12.000,1,nan,nan
36.0040,387.5167,1,-7799.7973,1760.8792,171.0879,nan,nan,nan,-0.9948,-0.0231,-0.0995,0.0174,-0.9982,0.0582,-0.1006,0.0561,0.9933,0.0000,0.0000,0.0000,-168.2318,22.7688,-21.6312,-7609.1600,1523.4534,258.4230,nan,nan,nan,-0.5980,0.7699,-0.2228,-0.1367,0.1760,0.9749,90.000,nan,nan,nan,0.0000,0.0000,0.0000,nan,nan,nan,-7609.1600,1523.4534,258.4230,-7609.1600,1523.4534,258.4230,12.000,1,nan,nan
36.0340,387.5500,1,-7805.3465,1760.5020,170.5037,nan,nan,nan,-0.9927,-0.0673,-0.1001,0.0635,-0.9972,0.0407,-0.1025,0.0341,0.9941,0.0000,0.0000,0.0000,-169.2991,9.1778,-18.6055,-7613.2847,1524.9360,258.1639,nan,nan,nan,-0.5980,0.7699,-0.2228,-0.1367,0.1760,0.9749,90.000,nan,nan,nan,0.0000,0.0000,0.0000,nan,nan,nan,-7613.2847,1524.9360,258.1639,-7613.2847,1524.9360,258.1639,12.000,1,nan,nan
36.0620,387.5834,1,-7810.8675,1760.2259,169.8812,nan,nan,nan,-0.9929,-0.0495,-0.1085,0.0519,-0.9985,-0.0195,-0.1074,-0.0250,0.9939,0.0000,0.0000,0.0000,-168.7801,-1.3109,-17.9782,-7617.6529,1525.7587,257.8306,nan,nan,nan,-0.5980,0.7699,-0.2228,-0.1367,0.1760,0.9749,90.000,nan,nan,nan,0.0000,0.0000,0.0000,nan,nan,nan,-7617.6529,1525.7587,257.8306,-7617.6529,1525.7587,257.8306,12.000,1,nan,nan
36.0910,387.6000,1,-7813.6226,1760.1341,169.5610,nan,nan,nan,-0.9929,-0.0330,-0.1142,0.0416,-0.9964,-0.0732,-0.1113,-0.0774,0.9908,0.0000,0.0000,0.0000,-167.4701,-6.0819,-18.1434,-7619.7416,1525.9659,257.6526,nan,nan,nan,-0.5980,0.7699,-0.2228,-0.1367,0.1760,0.9749,90.000,nan,nan,nan,0.0000,0.0000,0.0000,nan,nan,nan,-7619.7416,1525.9659,257.6526,-7619.7416,1525.9659,257.6526,12.000,1,nan,nan
36.1200,387.6334,1,-7819.1111,1759.9981,168.9078,nan,nan,nan,-0.9929,-0.0248,-0.1160,0.0361,-0.9947,-0.0968,-0.1130,-0.1003,0.9885,0.0000,0.0000,0.0000,-165.9070,-7.0541,-18.6305,-7624.3488,1526.1867,257.2130,nan,nan,nan,-0.5980,0.7699,-0.2228,-0.1367,0.1760,0.9749,90.000,nan,nan,nan,0.0000,0.0000,0.0000,nan,nan,nan,-7624.3488,1526.1867,257.2130,-7624.3488,1526.1867,257.2130,12.000,1,nan,nan
36.1480,387.6667,1,-7824.6010,1760.0014,168.2544,nan,nan,nan,-0.9931,0.0005,-0.1170,0.0162,-0.9898,-0.1415,-0.1159,-0.1424,0.9830,0.0000,0.0000,0.0000,-165.2388,-4.9652,-19.1431,-7629.0721,1526.1877,256.7145,nan,nan,nan,-0.5980,0.7699,-0.2228,-0.1367,0.1760,0.9749,90.000,nan,nan,nan,0.0000,0.0000,0.0000,nan,nan,nan,-7629.0721,1526.1877,256.7145,-7629.0721,1526.1877,256.7145,12.000,1,nan,nan
36.1770,387.7000,1,-7830.0573,1760.1120,167.6780,nan,nan,nan,-0.9930,0.0221,-0.1158,-0.0014,-0.9844,-0.1759,-0.1179,-0.1745,0.9776,0.0000,0.0000,0.0000,-164.7169,-2.2276,-18.9693,-7633.8526,1526.0823,256.1890,nan,nan,nan,-0.5980,0.7699,-0.2228,-0.1367,0.1760,0.9749,90.000,nan,nan,nan,0.0000,0.0000,0.0000,nan,nan,nan,-7633.8526,1526.0823,256.1890,-7633.8526,1526.0823,256.1890,12.000,1,nan,nan
36.2050,387.7167,1,-7832.7419,1759.5245,168.0409,nan,nan,nan,-0.9805,-0.1888,-0.0552,0.1949,-0.9708,-0.1401,-0.0272,-0.1481,0.9886,0.0000,0.0000,0.0000,-163.7659,-7.6289,-10.7367,-7636.0248,1526.0300,256.0238,nan,nan,nan,-0.5980,0.7699,-0.2228,-0.1367,0.1760,0.9749,90.000,nan,nan,nan,0.0000,0.0000,0.0000,nan,nan,nan,-7636.0248,1526.0300,256.0238,-7636.0248,1526.0300,256.0238,12.000,1,nan,nan
36.2350,387.7500,1,-7838.1634,1758.3808,168.3498,nan,nan,nan,-0.9767,-0.2004,0.0772,0.1968,-0.9791,-0.0522,0.0861,-0.0358,0.9956,0.0000,0.0000,0.0000,-163.1743,-14.7546,-3.3184,-7640.5038,1526.1734,255.8304,nan,nan,nan,-0.5980,0.7699,-0.2228,-0.1367,0.1760,0.9749,90.000,nan,nan,nan,0.0000,0.0000,0.0000,nan,nan,nan,-7640.5038,1526.1734,255.8304,-7640.5038,1526.1734,255.8304,12.000,1,nan,nan
36.2620,387.7834,1,-7843.5815,1757.2082,168.0826,nan,nan,nan,-0.9785,-0.2043,0.0295,0.2060,-0.9759,0.0721,0.0141,0.0766,0.9970,0.0000,0.0000,0.0000,-162.6253,-23.2355,0.4828,-7645.2776,1526.5010,255.6355,nan,nan,nan,-0.5980,0.7699,-0.2228,-0.1367,0.1760,0.9749,90.000,nan,nan,nan,0.0000,0.0000,0.0000,nan,nan,nan,-7645.2776,1526.5010,255.6355,-7645.2776,1526.5010,255.6355,12.000,1,nan,nan
36.2910,387.8000,1,-7846.3776,1756.6972,167.6812,nan,nan,nan,-0.9882,-0.1517,-0.0204,0.1471,-0.9779,0.1483,-0.0424,0.1435,0.9887,0.0000,0.0000,0.0000,-163.3304,-31.7278,-0.1158,-7647.6899,1526.7263,255.4936,nan,nan,nan,-0.5980,0.7699,-0.2228,-0.1367,0.1760,0.9749,90.000,nan,nan,nan,0.0000,0.0000,0.0000,nan,nan,nan,-7647.6899,1526.7263,255.4936,-7647.6899,1526.7263,255.4936,12.000,1,nan,nan
36.3220,387.8334,1,-7851.9570,1755.6968,166.7872,nan,nan,nan,-0.9769,-0.1737,-0.1248,0.1273,-0.9410,0.3135,-0.1719,0.2904,0.9414,0.0000,0.0000,0.0000,-164.7333,-32.3776,-9.9541,-7653.1983,1527.4691,254.9047,nan,nan,nan,-0.5980,0.7699,-0.2228,-0.1367,0.1760,0.9749,90.000,nan,nan,nan,0.0000,0.0000,0.0000,nan,nan,nan,-7653.1983,1527.4691,254.9047,-7653.1983,1527.4691,254.9047,12.000,1,nan,nan
36.3500,387.8667,1,-7857.1538,1754.5597,164.3699,nan,nan,nan,-0.9633,-0.1361,-0.2315,0.0536,-0.9421,0.3311,-0.2631,0.3065,0.9148,0.0000,0.0000,0.0000,-163.6656,-32.4686,-28.2787,-7658.9326,1527.9036,253.8687,nan,nan,nan,-0.5980,0.7699,-0.2228,-0.1367,0.1760,0.9749,90.000,nan,nan,nan,0.0000,0.0000,0.0000,nan,nan,nan,-7658.9326,1527.9036,253.8687,-7658.9326,1527.9036,253.8687,12.000,1,nan,nan
36.3780,387.9000,1,-7860.6548,1755.7957,160.2827,nan,nan,nan,-0.8086,0.2663,-0.5246,-0.3515,-0.9337,0.0678,-0.4718,0.2393,0.8487,0.0000,0.0000,0.0000,-151.9496,-18.0347,-54.8640,-7664.2036,1528.1883,252.2485,nan,nan,nan,-0.5980,0.7699,-0.2228,-0.1367,0.1760,0.9749,90.000,nan,nan,nan,0.0000,0.0000,0.0000,nan,nan,nan,-7664.2036,1528.1883,252.2485,-7664.2036,1528.1883,252.2485,12.000,1,nan,nan
36.4050,387.9167,1,-7861.7032,1757.2894,158.4691,nan,nan,nan,-0.6499,0.4608,-0.6044,-0.4748,-0.8671,-0.1505,-0.5934,0.1892,0.7824,0.0000,0.0000,0.0000,-128.6335,8.9089,-77.1268,-7666.6071,1528.3426,251.3437,nan,nan,nan,-0.5980,0.7699,-0.2228,-0.1367,0.1760,0.9749,90.000,nan,nan,nan,0.0000,0.0000,0.0000,nan,nan,nan,-7666.6071,1528.3426,251.3437,-7666.6071,1528.3426,251.3437,12.000,1,nan,nan
36.4340,387.9500,1,-7863.6347,1760.2326,155.0293,nan,nan,nan,-0.3884,0.6256,-0.6766,-0.3511,-0.7793,-0.5190,-0.8520,0.0360,0.5223,0.0000,0.0000,0.0000,-102.0835,37.9586,-96.8543,-7674.9872,1528.7411,246.7465,nan,nan,nan,-0.5980,0.7699,-0.2228,-0.1367,0.1760,0.9749,90.000,nan,nan,nan,0.0000,0.0000,0.0000,nan,nan,nan,-7674.9872,1528.7411,246.7465,-7674.9872,1528.7411,246.7465,12.000,1,nan,nan
36.4700,387.9834,1,-7865.9584,1762.6035,152.0203,nan,nan,nan,-0.4179,0.5296,-0.7381,-0.2901,-0.8477,-0.4441,-0.8609,0.0286,0.5079,0.0000,0.0000,0.0000,-79.5343,64.8166,-104.3496,-7679.2231,1529.2520,244.1395,nan,nan,nan,-0.5980,0.7699,-0.2228,-0.1367,0.1760,0.9749,90.000,nan,nan,nan,0.0000,0.0000,0.0000,nan,nan,nan,-7679.2231,1529.2520,244.1395,-7679.2231,1529.2520,244.1395,12.000,1,nan,nan
36.4980,388.0167,1,-7870.0440,1761.1001,150.6805,nan,nan,nan,-0.7058,0.0925,-0.7023,-0.0724,-0.9957,-0.0584,-0.7047,0.0096,0.7095,0.0000,0.0000,0.0000,-78.5318,53.7521,-89.3644,-7683.4275,1529.4299,242.0929,nan,nan,nan,-0.5980,0.7699,-0.2228,-0.1367,0.1760,0.9749,90.000,nan,nan,nan,0.0000,0.0000,0.0000,nan,nan,nan,-7683.4275,1529.4299,242.0929,-7683.4275,1529.4299,242.0929,12.000,1,nan,nan
36.5260,388.0500,1,-7873.7996,1759.0128,149.1408,nan,nan,nan,-0.7542,-0.3049,-0.5815,0.2414,-0.9524,0.1862,-0.6106,0.0001,0.7919,0.0000,0.0000,0.0000,-88.2848,21.0906,-73.8429,-7687.1974,1529.2057,240.4240,nan,nan,nan,-0.5980,0.7699,-0.2228,-0.1367,0.1760,0.9749,90.000,nan,nan,nan,0.0000,0.0000,0.0000,nan,nan,nan,-7687.1974,1529.2057,240.4240,-7687.1974,1529.2057,240.4240,12.000,1,nan,nan
36.5540,388.0667,1,-7875.6454,1758.2181,147.9955,nan,nan,nan,-0.7626,-0.3421,-0.5491,0.3009,-0.9389,0.1671,-0.5727,-0.0378,0.8189,0.0000,0.0000,0.0000,-100.7952,-12.6369,-63.8434,-7688.9663,1528.9722,239.6302,nan,nan,nan,-0.5980,0.7699,-0.2228,-0.1367,0.1760,0.9749,90.000,nan,nan,nan,0.0000,0.0000,0.0000,nan,nan,nan,-7688.9663,1528.9722,239.6302,-7688.9663,1528.9722,239.6302,12.000,1,nan,nan
36.5820,388.1000,1,-7879.2516,1757.0549,145.2960,nan,nan,nan,-0.7937,-0.2639,-0.5481,0.3219,-0.9467,-0.0104,-0.5162,-0.1847,0.8363,0.0000,0.0000,0.0000,-110.9928,-40.5868,-59.9864,-7692.5221,1527.8698,237.8266,nan,nan,nan,-0.5980,0.7699,-0.2228,-0.1367,0.1760,0.9749,90.000,nan,nan,nan,0.0000,0.0000,0.0000,nan,nan,nan,-7692.5221,1527.8698,237.8266,-7692.5221,1527.8698,237.8266,12.000,1,nan,nan
36.6110,388.1334,1,-7882.9389,1756.1601,142.6153,nan,nan,nan,-0.7977,-0.1929,-0.5713,0.3401,-0.9263,-0.1622,-0.4979,-0.3237,0.8045,0.0000,0.0000,0.0000,-110.6426,-42.5256,-67.2601,-7695.9627,1526.3691,235.8138,nan,nan,nan,-0.5980,0.7699,-0.2228,-0.1367,0.1760,0.9749,90.000,nan,nan,nan,0.0000,0.0000,0.0000,nan,nan,nan,-7695.9627,1526.3691,235.8138,-7695.9627,1526.3691,235.8138,12.000,1,nan,nan
36.6410,388.1500,1,-7884.7825,1755.7127,141.2750,nan,nan,nan,-0.7937,-0.1925,-0.5770,0.3569,-0.9156,-0.1855,-0.4926,-0.3531,0.7954,0.0000,0.0000,0.0000,-110.1623,-35.7581,-75.5604,-7697.5884,1525.6365,234.8199,nan,nan,nan,-0.5980,0.7699,-0.2228,-0.1367,0.1760,0.9749,90.000,nan,nan,nan,0.0000,0.0000,0.0000,nan,nan,nan,-7697.5884,1525.6365,234.8199,-7697.5884,1525.6365,234.8199,12.000,1,nan,nan
36.6710,388.1834,1,-7888.8908,1754.5207,139.7258,nan,nan,nan,-0.8007,-0.1742,-0.5732,0.3410,-0.9192,-0.1969,-0.4926,-0.3531,0.7954,0.0000,0.0000,0.0000,-112.5667,-32.0203,-72.7722,-7701.1271,1524.1491,232.8132,nan,nan,nan,-0.5980,0.7699,-0.2228,-0.1367,0.1760,0.9749,90.000,nan,nan,nan,0.0000,0.0000,0.0000,nan,nan,nan,-7701.1271,1524.1491,232.8132,-7701.1271,1524.1491,232.8132,12.000,1,nan,nan
36.6990,388.2167,1,-7892.9382,1753.0951,138.2360,nan,nan,nan,-0.8674,-0.2925,-0.4025,0.4340,-0.8404,-0.3245,-0.2433,-0.4562,0.8560,0.0000,0.0000,0.0000,-115.6948,-32.8475,-64.9566,-7704.0289,1522.2774,231.0314,nan,nan,nan,-0.5980,0.7699,-0.2228,-0.1367,0.1760,0.9749,90.000,nan,nan,nan,0.0000,0.0000,0.0000,nan,nan,nan,-7704.0289,1522.2774,231.0314,-7704.0289,1522.2774,231.0314,12.000,1,nan,nan
36.7260,388.2500,1,-7897.1786,1752.1201,136.9674,nan,nan,nan,-0.9349,-0.2171,-0.2809,0.3235,-0.8468,-0.4222,-0.1462,-0.4855,0.8619,0.0000,0.0000,0.0000,-119.6390,-33.4940,-54.9212,-7706.8671,1520.4331,229.3332,nan,nan,nan,-0.5980,0.7699,-0.2228,-0.1367,0.1760,0.9749,90.000,nan,nan,nan,0.0000,0.0000,0.0000,nan,nan,nan,-7706.8671,1520.4331,229.3332,-7706.8671,1520.4331,229.3332,12.000,1,nan,nan
36.7560,388.2667,1,-7899.3479,1751.7395,136.3849,nan,nan,nan,-0.9522,-0.1671,-0.2557,0.2682,-0.8581,-0.4379,-0.1462,-0.4855,0.8619,0.0000,0.0000,0.0000,-124.3359,-32.8223,-43.8195,-7708.2806,1519.6055,228.5507,nan,nan,nan,-0.5980,0.7699,-0.2228,-0.1367,0.1760,0.9749,90.000,nan,nan,nan,0.0000,0.0000,0.0000,nan,nan,nan,-7708.2806,1519.6055,228.5507,-7708.2806,1519.6055,228.5507,12.000,1,nan,nan
36.7850,388.3000,1,-7903.7441,1751.0676,135.2606,nan,nan,nan,-0.9584,-0.1465,-0.2451,0.2452,-0.8619,-0.4439,-0.1462,-0.4855,0.8619,0.0000,0.0000,0.0000,-127.0031,-29.5670,-39.0497,-7711.5073,1518.0396,226.9869,nan,nan,nan,-0.5980,0.7699,-0.2228,-0.1367,0.1760,0.9749,90.000,nan,nan,nan,0.0000,0.0000,0.0000,nan,nan,nan,-7711.5073,1518.0396,226.9869,-7711.5073,1518.0396,226.9869,12.000,1,nan,nan
36.8120,388.3334,1,-7908.1403,1750.3958,134.1363,nan,nan,nan,-0.9584,-0.1465,-0.2451,0.2452,-0.8619,-0.4439,-0.1462,-0.4855,0.8619,0.0000,0.0000,0.0000,-129.6290,-24.3932,-35.9028,-7714.9049,1516.6372,225.5100,nan,nan,nan,-0.5980,0.7699,-0.2228,-0.1367,0.1760,0.9749,90.000,nan,nan,nan,0.0000,0.0000,0.0000,nan,nan,nan,-7714.9049,1516.6372,225.5100,-7714.9049,1516.6372,225.5100,12.000,1,nan,nan
36.8410,388.3500,1,-7910.3384,1750.0598,133.5742,nan,nan,nan,-0.9584,-0.1465,-0.2451,0.2452,-0.8619,-0.4439,-0.1462,-0.4855,0.8619,0.0000,0.0000,0.0000,-131.0892,-21.5396,-34.4075,-7716.5525,1516.0069,224.8280,nan,nan,nan,-0.5980,0.7699,-0.2228,-0.1367,0.1760,0.9749,90.000,nan,nan,nan,0.0000,0.0000,0.0000,nan,nan,nan,-7716.5525,1516.0069,224.8280,-7716.5525,1516.0069,224.8280,12.000,1,nan,nan
36.8710,388.3834,1,-7914.7182,1749.4414,132.3279,nan,nan,nan,-0.9577,-0.1487,-0.2463,0.2478,-0.8615,-0.4433,-0.1462,-0.4855,0.8619,0.0000,0.0000,0.0000,-131.6284,-20.1118,-34.5965,-7720.1626,1514.8017,223.4280,nan,nan,nan,-0.5980,0.7699,-0.2228,-0.1367,0.1760,0.9749,90.000,nan,nan,nan,0.0000,0.0000,0.0000,nan,nan,nan,-7720.1626,1514.8017,223.4280,-7720.1626,1514.8017,223.4280,12.000,1,nan,nan
36.9000,388.4167,1,-7919.1370,1749.0712,131.1532,nan,nan,nan,-0.9637,-0.0792,-0.2551,0.2080,-0.8216,-0.5308,-0.1676,-0.5646,0.8082,0.0000,0.0000,0.0000,-131.8713,-18.0161,-34.9365,-7723.8748,1513.5084,221.9286,nan,nan,nan,-0.5980,0.7699,-0.2228,-0.1367,0.1760,0.9749,90.000,nan,nan,nan,0.0000,0.0000,0.0000,nan,nan,nan,-7723.8748,1513.5084,221.9286,-7723.8748,1513.5084,221.9286,12.000,1,nan,nan
36.9280,388.4500,1,-7923.5924,1748.7810,130.0268,nan,nan,nan,-0.9676,-0.0630,-0.2446,0.1890,-0.8230,-0.5357,-0.1676,-0.5646,0.8082,0.0000,0.0000,0.0000,-132.2752,-15.3071,-35.0172,-7727.7135,1512.3758,220.4872,nan,nan,nan,-0.5980,0.7699,-0.2228,-0.1367,0.1760,0.9749,90.000,nan,nan,nan,0.0000,0.0000,0.0000,nan,nan,nan,-7727.7135,1512.3758,220.4872,-7727.7135,1512.3758,220.4872,12.000,1,nan,nan
36.9580,388.4667,1,-7925.8626,1748.8013,129.5703,nan,nan,nan,-0.9803,0.0087,-0.1971,0.1042,-0.8253,-0.5549,-0.1676,-0.5646,0.8082,0.0000,0.0000,0.0000,-133.2215,-10.4917,-33.7659,-7729.5726,1511.8853,219.8224,nan,nan,nan,-0.5980,0.7699,-0.2228,-0.1367,0.1760,0.9749,90.000,nan,nan,nan,0.0000,0.0000,0.0000,nan,nan,nan,-7729.5726,1511.8853,219.8224,-7729.5726,1511.8853,219.8224,12.000,1,nan,nan
36.9850,388.5000,1,-7930.5369,1749.3792,129.0050,nan,nan,nan,-0.9854,0.1218,-0.1192,-0.0312,-0.8163,-0.5767,-0.1676,-0.5646,0.8082,0.0000,0.0000,0.0000,-135.1778,-2.3500,-29.4298,-7733.7095,1511.0948,218.5270,nan,nan,nan,-0.5980,0.7699,-0.2228,-0.1367,0.1760,0.9749,90.000,nan,nan,nan,0.0000,0.0000,0.0000,nan,nan,nan,-7733.7095,1511.0948,218.5270,-7733.7095,1511.0948,218.5270,12.000,1,nan,nan
37.0150,388.5334,1,-7935.3025,1750.2273,128.6095,nan,nan,nan,-0.9813,0.1746,-0.0814,-0.0952,-0.8067,-0.5833,-0.1676,-0.5646,0.8082,0.0000,0.0000,0.0000,-137.6502,6.5879,-23.8877,-7738.0450,1510.5649,217.3555,nan,nan,nan,-0.5980,0.7699,-0.2228,-0.1367,0.1760,0.9749,90.000,nan,nan,nan,0.0000,0.0000,0.0000,nan,nan,nan,-7738.0450,1510.5649,217.3555,-7738.0450,1510.5649,217.3555,12.000,1,nan,nan
37.0410,388.5667,1,-7940.2166,1751.3142,128.3500,nan,nan,nan,-0.9751,0.2157,-0.0515,-0.1452,-0.7967,-0.5867,-0.1676,-0.5646,0.8082,0.0000,0.0000,0.0000,-140.8968,16.6381,-17.5778,-7742.6320,1510.3006,216.3038,nan,nan,nan,-0.5980,0.7699,-0.2228,-0.1367,0.1760,0.9749,90.000,nan,nan,nan,0.0000,0.0000,0.0000,nan,nan,nan,-7742.6320,1510.3006,216.3038,-7742.6320,1510.3006,216.3038,12.000,1,nan,nan
37.0690,388.5834,1,-7942.6989,1751.8897,128.2374,nan,nan,nan,-0.9732,0.2256,-0.0441,-0.1574,-0.7939,-0.5873,-0.1676,-0.5646,0.8082,0.0000,0.0000,0.0000,-144.0906,25.3113,-12.1885,-7744.8440,1510.2394,215.8386,nan,nan,nan,-0.5980,0.7699,-0.2228,-0.1367,0.1760,0.9749,90.000,nan,nan,nan,0.0000,0.0000,0.0000,nan,nan,nan,-7744.8440,1510.2394,215.8386,-7744.8440,1510.2394,215.8386,12.000,1,nan,nan
37.0960,388.6167,1,-7947.7784,1753.2182,128.1123,nan,nan,nan,-0.9672,0.2529,-0.0238,-0.1910,-0.7857,-0.5884,-0.1676,-0.5646,0.8082,0.0000,0.0000,0.0000,-147.1608,31.5488,-8.4691,-7749.7304,1510.3712,214.9826,nan,nan,nan,-0.5980,0.7699,-0.2228,-0.1367,0.1760,0.9749,90.000,nan,nan,nan,0.0000,0.0000,0.0000,nan,nan,nan,-7749.7304,1510.3712,214.9826,-7749.7304,1510.3712,214.9826,12.000,1,nan,nan
37.1250,388.6500,1,-7953.0309,1754.2937,128.6423,nan,nan,nan,-0.9613,0.2755,-0.0069,-0.2187,-0.7781,-0.5889,-0.1676,-0.5646,0.8082,0.0000,0.0000,0.0000,-150.6964,34.1610,-2.1722,-7754.7966,1510.6815,214.3647,nan,nan,nan,-0.5980,0.7699,-0.2228,-0.1367,0.1760,0.9749,90.000,nan,nan,nan,0.0000,0.0000,0.0000,nan,nan,nan,-7754.7966,1510.6815,214.3647,-7754.7966,1510.6815,214.3647,12.000,1,nan,nan
37.1530,388.6667,1,-7955.7468,1754.8324,129.0197,nan,nan,nan,-0.9677,0.2412,0.0731,-0.2347,-0.7568,-0.6100,-0.0918,-0.6075,0.7890,0.0000,0.0000,0.0000,-154.5091,34.6256,5.1725,-7757.1952,1510.7881,214.0865,nan,nan,nan,-0.5980,0.7699,-0.2228,-0.1367,0.1760,0.9749,90.000,nan,nan,nan,0.0000,0.0000,0.0000,nan,nan,nan,-7757.1952,1510.7881,214.0865,-7757.1952,1510.7881,214.0865,12.000,1,nan,nan
37.1820,388.7000,1,-7961.1526,1755.9671,129.7975,nan,nan,nan,-0.9694,0.2005,0.1416,-0.2445,-0.7393,-0.6274,-0.0211,-0.6428,0.7657,0.0000,0.0000,0.0000,-157.9190,34.6211,12.6592,-7762.1818,1511.0597,213.6630,nan,nan,nan,-0.5980,0.7699,-0.2228,-0.1367,0.1760,0.9749,90.000,nan,nan,nan,0.0000,0.0000,0.0000,nan,nan,nan,-7762.1818,1511.0597,213.6630,-7762.1818,1511.0597,213.6630,12.000,1,nan,nan
37.2090,388.7334,1,-7966.5378,1757.2246,130.4957,nan,nan,nan,-0.9661,0.2257,0.1253,-0.2532,-0.7340,-0.6301,-0.0502,-0.6405,0.7663,0.0000,0.0000,0.0000,-160.4354,34.1944,19.0959,-7767.2815,1511.5299,213.4689,nan,nan,nan,-0.5980,0.7699,-0.2228,-0.1367,0.1760,0.9749,90.000,nan,nan,nan,0.0000,0.0000,0.0000,nan,nan,nan,-7767.2815,1511.5299,213.4689,-7767.2815,1511.5299,213.4689,12.000,1,nan,nan
37.2380,388.7500,1,-7969.2189,1757.8357,130.8308,nan,nan,nan,-0.9678,0.2206,0.1210,-0.2466,-0.7356,-0.6310,-0.0502,-0.6405,0.7663,0.0000,0.0000,0.0000,-161.5965,34.9899,21.2252,-7769.6706,1511.7870,213.4224,nan,nan,nan,-0.5980,0.7699,-0.2228,-0.1367,0.1760,0.9749,90.000,nan,nan,nan,0.0000,0.0000,0.0000,nan,nan,nan,-7769.6706,1511.7870,213.4224,-7769.6706,1511.7870,213.4224,12.000,1,nan,nan
37.2700,388.7834,1,-7974.4875,1758.9382,131.4070,nan,nan,nan,-0.9732,0.2036,0.1064,-0.2242,-0.7404,-0.6336,-0.0502,-0.6405,0.7663,0.0000,0.0000,0.0000,-160.8504,35.3000,20.5801,-7774.6696,1512.4265,213.4535,nan,nan,nan,-0.5980,0.7699,-0.2228,-0.1367,0.1760,0.9749,90.000,nan,nan,nan,0.0000,0.0000,0.0000,nan,nan,nan,-7774.6696,1512.4265,213.4535,-7774.6696,1512.4265,213.4535,12.000,1,nan,nan
37.2980,388.8167,1,-7979.7277,1759.9973,131.9489,nan,nan,nan,-0.9752,0.1971,0.1008,-0.2156,-0.7422,-0.6345,-0.0502,-0.6405,0.7663,0.0000,0.0000,0.0000,-159.7075,34.9086,19.0357,-7779.6545,1513.1369,213.5798,nan,nan,nan,-0.5980,0.7699,-0.2228,-0.1367,0.1760,0.9749,90.000,nan,nan,nan,0.0000,0.0000,0.0000,nan,nan,nan,-7779.6545,1513.1369,213.5798,-7779.6545,1513.1369,213.5798,12.000,1,nan,nan
37.3260,388.8500,1,-7984.9732,1761.0272,132.5333,nan,nan,nan,-0.9750,0.1977,0.1013,-0.2164,-0.7421,-0.6344,-0.0502,-0.6405,0.7663,0.0000,0.0000,0.0000,-158.6404,33.4644,18.0437,-7784.6681,1513.9039,213.7909,nan,nan,nan,-0.5980,0.7699,-0.2228,-0.1367,0.1760,0.9749,90.000,nan,nan,nan,0.0000,0.0000,0.0000,nan,nan,nan,-7784.6681,1513.9039,213.7909,-7784.6681,1513.9039,213.7909,12.000,1,nan,nan
37.3550,388.8667,1,-7987.5990,1761.7591,132.5357,nan,nan,nan,-0.9746,0.2108,0.0759,-0.2124,-0.7613,-0.6126,-0.0714,-0.6132,0.7867,0.0000,0.0000,0.0000,-157.7632,34.6249,13.8526,-7787.0908,1514.3535,213.9203,nan,nan,nan,-0.5980,0.7699,-0.2228,-0.1367,0.1760,0.9749,90.000,nan,nan,nan,0.0000,0.0000,0.0000,nan,nan,nan,-7787.0908,1514.3535,213.9203,-7787.0908,1514.3535,213.9203,12.000,1,nan,nan
37.3840,388.9000,1,-7992.5419,1763.8452,131.9363,nan,nan,nan,-0.9362,0.3473,-0.0548,-0.2466,-0.7597,-0.6017,-0.2506,-0.5498,0.7968,0.0000,0.0000,0.0000,-155.6331,40.7586,5.9608,-7792.3353,1515.6259,214.0566,nan,nan,nan,-0.5980,0.7699,-0.2228,-0.1367,0.1760,0.9749,90.000,nan,nan,nan,0.0000,0.0000,0.0000,nan,nan,nan,-7792.3353,1515.6259,214.0566,-7792.3353,1515.6259,214.0566,12.000,1,nan,nan
37.4120,388.9334,1,-7997.3747,1765.9855,131.3646,nan,nan,nan,-0.9091,0.4025,-0.1076,-0.2633,-0.7552,-0.6003,-0.3229,-0.5173,0.7925,0.0000,0.0000,0.0000,-152.7628,48.4726,-2.2990,-7797.4521,1517.0691,214.0586,nan,nan,nan,-0.5980,0.7699,-0.2228,-0.1367,0.1760,0.9749,90.000,nan,nan,nan,0.0000,0.0000,0.0000,nan,nan,nan,-7797.4521,1517.0691,214.0586,-7797.4521,1517.0691,214.0586,12.000,1,nan,nan
37.4390,388.9500,1,-7999.7654,1767.0550,131.0888,nan,nan,nan,-0.9078,0.4061,-0.1047,-0.2677,-0.7533,-0.6008,-0.3229,-0.5173,0.7925,0.0000,0.0000,0.0000,-149.4049,56.6699,-10.7672,-7799.9776,1517.8154,214.0358,nan,nan,nan,-0.5980,0.7699,-0.2228,-0.1367,0.1760,0.9749,90.000,nan,nan,nan,0.0000,0.0000,0.0000,nan,nan,nan,-7799.9776,1517.8154,214.0358,-7799.9776,1517.8154,214.0358,12.000,1,nan,nan
37.4680,388.9834,1,-8004.5029,1769.2207,130.5054,nan,nan,nan,-0.9071,0.4080,-0.1033,-0.2699,-0.7523,-0.6010,-0.3229,-0.5173,0.7925,0.0000,0.0000,0.0000,-145.6492,62.5199,-15.9901,-7804.9686,1519.4113,213.9052,nan,nan,nan,-0.5980,0.7699,-0.2228,-0.1367,0.1760,0.9749,90.000,nan,nan,nan,0.0000,0.0000,0.0000,nan,nan,nan,-7804.9686,1519.4113,213.9052,-7804.9686,1519.4113,213.9052,12.000,1,nan,nan
37.4970,389.0167,1,-8008.9509,1771.8426,129.5945,nan,nan,nan,-0.8674,0.4781,-0.1380,-0.2918,-0.7133,-0.6373,-0.4031,-0.5125,0.7582,0.0000,0.0000,0.0000,-141.9287,66.9056,-18.9041,-7809.9159,1521.1120,213.5576,nan,nan,nan,-0.5980,0.7699,-0.2228,-0.1367,0.1760,0.9749,90.000,nan,nan,nan,0.0000,0.0000,0.0000,nan,nan,nan,-7809.9159,1521.1120,213.5576,-7809.9159,1521.1120,213.5576,12.000,1,nan,nan
37.5250,389.0500,1,-8013.3349,1774.5724,128.7659,nan,nan,nan,-0.8380,0.5224,-0.1579,-0.3025,-0.6855,-0.6623,-0.4542,-0.5072,0.7324,0.0000,0.0000,0.0000,-138.4915,71.3189,-21.0283,-7815.0273,1523.0201,213.0496,nan,nan,nan,-0.5980,0.7699,-0.2228,-0.1367,0.1760,0.9749,90.000,nan,nan,nan,0.0000,0.0000,0.0000,nan,nan,nan,-7815.0273,1523.0201,213.0496,-7815.0273,1523.0201,213.0496,12.000,1,nan,nan
37.5540,389.0667,1,-8015.5031,1775.8886,128.3327,nan,nan,nan,-0.8426,0.5115,-0.1684,-0.2893,-0.6936,-0.6597,-0.4542,-0.5072,0.7324,0.0000,0.0000,0.0000,-135.1331,75.1625,-23.3415,-7817.4127,1523.9508,212.7953,nan,nan,nan,-0.5980,0.7699,-0.2228,-0.1367,0.1760,0.9749,90.000,nan,nan,nan,0.0000,0.0000,0.0000,nan,nan,nan,-7817.4127,1523.9508,212.7953,-7817.4127,1523.9508,212.7953,12.000,1,nan,nan
37.5830,389.1000,1,-8019.8278,1778.4898,127.4517,nan,nan,nan,-0.8442,0.5077,-0.1720,-0.2847,-0.6964,-0.6588,-0.4542,-0.5072,0.7324,0.0000,0.0000,0.0000,-131.9848,78.5443,-25.5903,-7822.1099,1525.9170,212.2331,nan,nan,nan,-0.5980,0.7699,-0.2228,-0.1367,0.1760,0.9749,90.000,nan,nan,nan,0.0000,0.0000,0.0000,nan,nan,nan,-7822.1099,1525.9170,212.2331,-7822.1099,1525.9170,212.2331,12.000,1,nan,nan
37.6120,389.1334,1,-8023.8593,1781.3187,126.1124,nan,nan,nan,-0.8464,0.5007,-0.1812,-0.2756,-0.7031,-0.6555,-0.4556,-0.5049,0.7332,0.0000,0.0000,0.0000,-128.8561,80.4623,-28.6101,-7826.7131,1528.0160,211.5594,nan,nan,nan,-0.5980,0.7699,-0.2228,-0.1367,0.1760,0.9749,90.000,nan,nan,nan,0.0000,0.0000,0.0000,nan,nan,nan,-7826.7131,1528.0160,211.5594,-7826.7131,1528.0160,211.5594,12.000,1,nan,nan
37.6410,389.1500,1,-8025.4553,1782.4422,125.1847,nan,nan,nan,-0.8344,0.4640,-0.2976,-0.2267,-0.7810,-0.5820,-0.5024,-0.4181,0.7568,0.0000,0.0000,0.0000,-121.0796,77.9499,-35.3743,-7829.6465,1529.5237,211.1217,nan,nan,nan,-0.5980,0.7699,-0.2228,-0.1367,0.1760,0.9749,90.000,nan,nan,nan,0.0000,0.0000,0.0000,nan,nan,nan,-7829.6465,1529.5237,211.1217,-7829.6465,1529.5237,211.1217,12.000,1,nan,nan
37.6700,389.1834,1,-8027.9550,1784.2856,123.5363,nan,nan,nan,-0.7490,0.5036,-0.4307,-0.3040,-0.8387,-0.4519,-0.5887,-0.2075,0.7812,0.0000,0.0000,0.0000,-108.5041,72.7134,-41.4192,-7835.3053,1533.1486,210.1796,nan,nan,nan,-0.5980,0.7699,-0.2228,-0.1367,0.1760,0.9749,90.000,nan,nan,nan,0.0000,0.0000,0.0000,nan,nan,nan,-7835.3053,1533.1486,210.1796,-7835.3053,1533.1486,210.1796,12.000,1,nan,nan
37.6990,389.2167,1,-8030.4585,1786.1158,121.8812,nan,nan,nan,-0.7127,0.5193,-0.4715,-0.3433,-0.8445,-0.4112,-0.6117,-0.1312,0.7802,0.0000,0.0000,0.0000,-95.0615,67.0399,-47.2726,-7839.3563,1535.9547,209.3338,nan,nan,nan,-0.5980,0.7699,-0.2228,-0.1367,0.1760,0.9749,90.000,nan,nan,nan,0.0000,0.0000,0.0000,nan,nan,nan,-7839.3563,1535.9547,209.3338,-7839.3563,1535.9547,209.3338,12.000,1,nan,nan
37.7270,389.2500,1,-8032.9311,1788.0347,120.0636,nan,nan,nan,-0.7104,0.5250,-0.4687,-0.3481,-0.8409,-0.4143,-0.6117,-0.1312,0.7802,0.0000,0.0000,0.0000,-83.0199,60.4455,-51.3131,-7843.3629,1538.7614,208.2998,nan,nan,nan,-0.5980,0.7699,-0.2228,-0.1367,0.1760,0.9749,90.000,nan,nan,nan,0.0000,0.0000,0.0000,nan,nan,nan,-7843.3629,1538.7614,208.2998,-7843.3629,1538.7614,208.2998,12.000,1,nan,nan
37.7570,389.2667,1,-8034.0026,1789.0186,118.9348,nan,nan,nan,-0.6404,0.5319,-0.5541,-0.3766,-0.8462,-0.3770,-0.6694,-0.0328,0.7422,0.0000,0.0000,0.0000,-74.3161,57.4501,-54.5350,-7845.2973,1540.2260,207.6974,nan,nan,nan,-0.5980,0.7699,-0.2228,-0.1367,0.1760,0.9749,90.000,nan,nan,nan,0.0000,0.0000,0.0000,nan,nan,nan,-7845.2973,1540.2260,207.6974,-7845.2973,1540.2260,207.6974,12.000,1,nan,nan
37.7820,389.3000,1,-8035.6597,1790.9866,116.2749,nan,nan,nan,-0.5359,0.5424,-0.6469,-0.4276,-0.8351,-0.3460,-0.7280,0.0911,0.6795,0.0000,0.0000,0.0000,-67.5204,57.5990,-61.2478,-7849.0661,1543.4198,206.0757,nan,nan,nan,-0.5980,0.7699,-0.2228,-0.1367,0.1760,0.9749,90.000,nan,nan,nan,0.0000,0.0000,0.0000,nan,nan,nan,-7849.0661,1543.4198,206.0757,-7849.0661,1543.4198,206.0757,12.000,1,nan,nan
37.8080,389.3334,1,-8036.4978,1792.9969,113.4060,nan,nan,nan,-0.3079,0.5796,-0.7545,-0.5333,-0.7618,-0.3677,-0.7879,0.2892,0.5437,0.0000,0.0000,0.0000,-56.1684,58.7093,-69.8736,-7853.6714,1548.1444,203.1822,nan,nan,nan,-0.5980,0.7699,-0.2228,-0.1367,0.1760,0.9749,90.000,nan,nan,nan,0.0000,0.0000,0.0000,nan,nan,nan,-7853.6714,1548.1444,203.1822,-7853.6714,1548.1444,203.1822,12.000,1,nan,nan
37.8360,389.3500,1,-8037.9753,1793.4617,112.4346,nan,nan,nan,-0.5181,0.4198,-0.7452,-0.4539,-0.8734,-0.1764,-0.7250,0.2468,0.6430,0.0000,0.0000,0.0000,-56.7923,52.9951,-72.3490,-7855.2822,1549.7467,202.2658,nan,nan,nan,-0.5980,0.7699,-0.2228,-0.1367,0.1760,0.9749,90.000,nan,nan,nan,0.0000,0.0000,0.0000,nan,nan,nan,-7855.2822,1549.7467,202.2658,-7855.2822,1549.7467,202.2658,12.000,1,nan,nan
37.8660,389.3834,1,-8041.6662,1794.1974,110.0705,nan,nan,nan,-0.7429,0.1385,-0.6549,-0.2275,-0.9724,0.0525,-0.6295,0.1880,0.7539,0.0000,0.0000,0.0000,-66.2054,44.4609,-73.4833,-7858.4994,1552.5828,200.5783,nan,nan,nan,-0.5980,0.7699,-0.2228,-0.1367,0.1760,0.9749,90.000,nan,nan,nan,0.0000,0.0000,0.0000,nan,nan,nan,-7858.4994,1552.5828,200.5783,-7858.4994,1552.5828,200.5783,12.000,1,nan,nan
37.8920,389.4167,1,-8046.1054,1794.6963,107.2837,nan,nan,nan,-0.8352,0.0896,-0.5426,-0.1462,-0.9873,0.0620,-0.5302,0.1311,0.8377,0.0000,0.0000,0.0000,-84.7799,33.9393,-74.4719,-7862.0352,1555.1730,198.7566,nan,nan,nan,-0.5980,0.7699,-0.2228,-0.1367,0.1760,0.9749,90.000,nan,nan,nan,0.0000,0.0000,0.0000,nan,nan,nan,-7862.0352,1555.1730,198.7566,-7862.0352,1555.1730,198.7566,12.000,1,nan,nan
37.9190,389.4334,1,-8048.4323,1794.8730,105.8354,nan,nan,nan,-0.8472,0.0643,-0.5273,-0.1199,-0.9902,0.0718,-0.5175,0.1241,0.8466,0.0000,0.0000,0.0000,-111.3897,21.8940,-74.8357,-7863.8137,1556.3237,197.8197,nan,nan,nan,-0.5980,0.7699,-0.2228,-0.1367,0.1760,0.9749,90.000,nan,nan,nan,0.0000,0.0000,0.0000,nan,nan,nan,-7863.8137,1556.3237,197.8197,-7863.8137,1556.3237,197.8197,12.000,1,nan,nan
37.9460,389.4667,1,-8053.0721,1795.1829,102.9537,nan,nan,nan,-0.8481,0.0566,-0.5268,-0.1133,-0.9907,0.0759,-0.5175,0.1241,0.8466,0.0000,0.0000,0.0000,-126.8205,15.7664,-80.5431,-7867.7593,1558.3508,195.6557,nan,nan,nan,-0.5980,0.7699,-0.2228,-0.1367,0.1760,0.9749,90.000,nan,nan,nan,0.0000,0.0000,0.0000,nan,nan,nan,-7867.7593,1558.3508,195.6557,-7867.7593,1558.3508,195.6557,12.000,1,nan,nan
37.9720,389.4834,1,-8055.3868,1795.3214,101.5184,nan,nan,nan,-0.8488,0.0508,-0.5263,-0.1083,-0.9910,0.0790,-0.5175,0.1241,0.8466,0.0000,0.0000,0.0000,-135.5367,11.7886,-84.7229,-7869.6402,1559.2107,194.6073,nan,nan,nan,-0.5980,0.7699,-0.2228,-0.1367,0.1760,0.9749,90.000,nan,nan,nan,0.0000,0.0000,0.0000,nan,nan,nan,-7869.6402,1559.2107,194.6073,-7869.6402,1559.2107,194.6073,12.000,1,nan,nan
37.9990,389.5167,1,-8060.1008,1795.6352,98.7387,nan,nan,nan,-0.8484,0.0544,-0.5266,-0.1114,-0.9908,0.0771,-0.5175,0.1241,0.8466,0.0000,0.0000,0.0000,-138.9289,9.8823,-85.5161,-7873.7922,1560.7517,192.2634,nan,nan,nan,-0.5980,0.7699,-0.2228,-0.1367,0.1760,0.9749,90.000,nan,nan,nan,0.0000,0.0000,0.0000,nan,nan,nan,-7873.7922,1560.7517,192.2634,-7873.7922,1560.7517,192.2634,12.000,1,nan,nan
38.0260,389.5500,1,-8065.1618,1794.5014,96.9238,nan,nan,nan,-0.9129,-0.2021,-0.3547,0.0598,-0.9257,0.3734,-0.4039,0.3196,0.8572,0.0000,0.0000,0.0000,-142.0505,0.5777,-79.1844,-7877.7537,1562.5666,190.0211,nan,nan,nan,-0.5980,0.7699,-0.2228,-0.1367,0.1760,0.9749,90.000,nan,nan,nan,0.0000,0.0000,0.0000,nan,nan,nan,-7877.7537,1562.5666,190.0211,-7877.7537,1562.5666,190.0211,12.000,1,nan,nan
38.0520,389.5667,1,-8067.6923,1793.9345,96.0163,nan,nan,nan,-0.9211,-0.2061,-0.3304,0.0611,-0.9145,0.4000,-0.3846,0.3482,0.8549,0.0000,0.0000,0.0000,-145.2020,-9.9451,-71.5173,-7879.6403,1563.3296,188.9803,nan,nan,nan,-0.5980,0.7699,-0.2228,-0.1367,0.1760,0.9749,90.000,nan,nan,nan,0.0000,0.0000,0.0000,nan,nan,nan,-7879.6403,1563.3296,188.9803,-7879.6403,1563.3296,188.9803,12.000,1,nan,nan
38.0780,389.6000,1,-8072.7306,1792.7642,94.2265,nan,nan,nan,-0.9205,-0.2138,-0.3270,0.0689,-0.9127,0.4028,-0.3846,0.3482,0.8549,0.0000,0.0000,0.0000,-148.2862,-20.7339,-63.5000,-7883.8650,1564.4042,186.8453,nan,nan,nan,-0.5980,0.7699,-0.2228,-0.1367,0.1760,0.9749,90.000,nan,nan,nan,0.0000,0.0000,0.0000,nan,nan,nan,-7883.8650,1564.4042,186.8453,-7883.8650,1564.4042,186.8453,12.000,1,nan,nan
38.1040,389.6167,1,-8075.1870,1792.0912,93.3955,nan,nan,nan,-0.9169,-0.2512,-0.3102,0.1067,-0.9031,0.4159,-0.3846,0.3482,0.8549,0.0000,0.0000,0.0000,-150.0969,-32.8500,-55.1902,-7885.8437,1564.7766,185.8867,nan,nan,nan,-0.5980,0.7699,-0.2228,-0.1367,0.1760,0.9749,90.000,nan,nan,nan,0.0000,0.0000,0.0000,nan,nan,nan,-7885.8437,1564.7766,185.8867,-7885.8437,1564.7766,185.8867,12.000,1,nan,nan
38.1320,389.6500,1,-8079.9705,1790.5609,91.8669,nan,nan,nan,-0.9112,-0.2915,-0.2912,0.1478,-0.8909,0.4294,-0.3846,0.3482,0.8549,0.0000,0.0000,0.0000,-148.7940,-37.6520,-51.8103,-7890.0871,1565.1149,183.9803,nan,nan,nan,-0.5980,0.7699,-0.2228,-0.1367,0.1760,0.9749,90.000,nan,nan,nan,0.0000,0.0000,0.0000,nan,nan,nan,-7890.0871,1565.1149,183.9803,-7890.0871,1565.1149,183.9803,12.000,1,nan,nan
38.1580,389.6834,1,-8084.5660,1788.7462,90.5387,nan,nan,nan,-0.8982,-0.3547,-0.2596,0.2128,-0.8677,0.4492,-0.3846,0.3482,0.8549,0.0000,0.0000,0.0000,-145.7400,-42.6981,-48.2135,-7894.2854,1565.0473,182.2300,nan,nan,nan,-0.5980,0.7699,-0.2228,-0.1367,0.1760,0.9749,90.000,nan,nan,nan,0.0000,0.0000,0.0000,nan,nan,nan,-7894.2854,1565.0473,182.2300,-7894.2854,1565.0473,182.2300,12.000,1,nan,nan
38.1850,389.7000,1,-8086.8224,1787.7832,89.9159,nan,nan,nan,-0.8915,-0.3805,-0.2461,0.2396,-0.8567,0.4567,-0.3846,0.3482,0.8549,0.0000,0.0000,0.0000,-141.9762,-48.2413,-44.2289,-7896.2573,1564.9278,181.4380,nan,nan,nan,-0.5980,0.7699,-0.2228,-0.1367,0.1760,0.9749,90.000,nan,nan,nan,0.0000,0.0000,0.0000,nan,nan,nan,-7896.2573,1564.9278,181.4380,-7896.2573,1564.9278,181.4380,12.000,1,nan,nan
38.2130,389.7334,1,-8091.2813,1785.7658,88.7317,nan,nan,nan,-0.8855,-0.4006,-0.2352,0.2606,-0.8475,0.4624,-0.3846,0.3482,0.8549,0.0000,0.0000,0.0000,-138.4990,-53.3785,-40.5655,-7900.4588,1564.3582,179.8599,nan,nan,nan,-0.5980,0.7699,-0.2228,-0.1367,0.1760,0.9749,90.000,nan,nan,nan,0.0000,0.0000,0.0000,nan,nan,nan,-7900.4588,1564.3582,179.8599,-7900.4588,1564.3582,179.8599,12.000,1,nan,nan
38.2390,389.7667,1,-8095.6494,1783.5929,87.6517,nan,nan,nan,-0.8742,-0.4349,-0.2161,0.2965,-0.8305,0.4716,-0.3846,0.3482,0.8549,0.0000,0.0000,0.0000,-135.3115,-58.2618,-37.1411,-7904.6422,1563.5094,178.3885,nan,nan,nan,-0.5980,0.7699,-0.2228,-0.1367,0.1760,0.9749,90.000,nan,nan,nan,0.0000,0.0000,0.0000,nan,nan,nan,-7904.6422,1563.5094,178.3885,-7904.6422,1563.5094,178.3885,12.000,1,nan,nan
38.2640,389.7834,1,-8097.8218,1782.4835,87.1129,nan,nan,nan,-0.8714,-0.4425,-0.2118,0.3046,-0.8264,0.4736,-0.3846,0.3482,0.8549,0.0000,0.0000,0.0000,-133.1698,-61.6629,-34.9530,-7906.6220,1563.0460,177.7130,nan,nan,nan,-0.5980,0.7699,-0.2228,-0.1367,0.1760,0.9749,90.000,nan,nan,nan,0.0000,0.0000,0.0000,nan,nan,nan,-7906.6220,1563.0460,177.7130,-7906.6220,1563.0460,177.7130,12.000,1,nan,nan
38.2900,389.8167,1,-8102.1303,1780.3281,85.7663,nan,nan,nan,-0.8739,-0.4212,-0.2425,0.2909,-0.8530,0.4333,-0.3894,0.3081,0.8680,0.0000,0.0000,0.0000,-131.5159,-63.7195,-35.1210,-7910.8262,1561.7229,176.3521,nan,nan,nan,-0.5980,0.7699,-0.2228,-0.1367,0.1760,0.9749,90.000,nan,nan,nan,0.0000,0.0000,0.0000,nan,nan,nan,-7910.8262,1561.7229,176.3521,-7910.8262,1561.7229,176.3521,12.000,1,nan,nan
38.3170,389.8334,1,-8104.3232,1779.4819,84.9201,nan,nan,nan,-0.8889,-0.3326,-0.3148,0.2278,-0.9174,0.3263,-0.3974,0.2183,0.8913,0.0000,0.0000,0.0000,-130.7459,-62.1816,-38.2033,-7912.8101,1560.9273,175.7442,nan,nan,nan,-0.5980,0.7699,-0.2228,-0.1367,0.1760,0.9749,90.000,nan,nan,nan,0.0000,0.0000,0.0000,nan,nan,nan,-7912.8101,1560.9273,175.7442,-7912.8101,1560.9273,175.7442,12.000,1,nan,nan
38.3440,389.8667,1,-8108.7607,1778.1979,83.0522,nan,nan,nan,-0.8949,-0.2552,-0.3662,0.1930,-0.9610,0.1983,-0.4025,0.1068,0.9092,0.0000,0.0000,0.0000,-131.0079,-56.5406,-43.5474,-7916.9954,1558.9607,174.4415,nan,nan,nan,-0.5980,0.7699,-0.2228,-0.1367,0.1760,0.9749,90.000,nan,nan,nan,0.0000,0.0000,0.0000,nan,nan,nan,-7916.9954,1558.9607,174.4415,-7916.9954,1558.9607,174.4415,12.000,1,nan,nan
38.3680,389.8834,1,-8111.0256,1777.9242,82.0597,nan,nan,nan,-0.9108,-0.1097,-0.3980,0.0896,-0.9936,0.0688,-0.4030,0.0270,0.9148,0.0000,0.0000,0.0000,-132.1708,-45.3831,-50.0599,-7918.9745,1557.9609,173.8105,nan,nan,nan,-0.5980,0.7699,-0.2228,-0.1367,0.1760,0.9749,90.000,nan,nan,nan,0.0000,0.0000,0.0000,nan,nan,nan,-7918.9745,1557.9609,173.8105,-7918.9745,1557.9609,173.8105,12.000,1,nan,nan
38.3950,389.9167,1,-8115.6836,1777.7738,80.0116,nan,nan,nan,-0.9150,-0.0296,-0.4023,0.0225,-0.9995,0.0222,-0.4028,0.0113,0.9152,0.0000,0.0000,0.0000,-134.5007,-31.1221,-55.5721,-7923.3403,1556.0802,172.3229,nan,nan,nan,-0.5980,0.7699,-0.2228,-0.1367,0.1760,0.9749,90.000,nan,nan,nan,0.0000,0.0000,0.0000,nan,nan,nan,-7923.3403,1556.0802,172.3229,-7923.3403,1556.0802,172.3229,12.000,1,nan,nan
38.4250,389.9334,1,-8118.0479,1777.7642,78.9715,nan,nan,nan,-0.9153,-0.0037,-0.4027,-0.0001,-1.0000,0.0095,-0.4027,0.0088,0.9153,0.0000,0.0000,0.0000,-137.0240,-18.2297,-59.0014,-7925.4575,1555.2550,171.5802,nan,nan,nan,-0.5980,0.7699,-0.2228,-0.1367,0.1760,0.9749,90.000,nan,nan,nan,0.0000,0.0000,0.0000,nan,nan,nan,-7925.4575,1555.2550,171.5802,-7925.4575,1555.2550,171.5802,12.000,1,nan,nan
38.4500,389.9667,1,-8122.8199,1777.8302,76.8699,nan,nan,nan,-0.9151,0.0126,-0.4029,-0.0165,-0.9998,0.0062,-0.4028,0.0123,0.9152,0.0000,0.0000,0.0000,-139.5357,-7.5515,-61.0889,-7930.0480,1553.8184,169.8944,nan,nan,nan,-0.5980,0.7699,-0.2228,-0.1367,0.1760,0.9749,90.000,nan,nan,nan,0.0000,0.0000,0.0000,nan,nan,nan,-7930.0480,1553.8184,169.8944,-7930.0480,1553.8184,169.8944,12.000,1,nan,nan
38.4770,390.0000,1,-8127.6338,1777.9118,74.7467,nan,nan,nan,-0.9149,0.0155,-0.4034,-0.0245,-0.9996,0.0172,-0.4030,0.0257,0.9149,0.0000,0.0000,0.0000,-141.7421,-1.6423,-62.3365,-7934.7266,1552.6851,168.1118,nan,nan,nan,-0.5980,0.7699,-0.2228,-0.1367,0.1760,0.9749,90.000,nan,nan,nan,0.0000,0.0000,0.0000,nan,nan,nan,-7934.7266,1552.6851,168.1118,-7934.7266,1552.6851,168.1118,12.000,1,nan,nan
38.5050,390.0167,1,-8130.0555,1777.9703,73.6765,nan,nan,nan,-0.9145,0.0221,-0.4039,-0.0341,-0.9992,0.0226,-0.4030,0.0344,0.9145,0.0000,0.0000,0.0000,-143.2960,1.1448,-63.1391,-7936.9615,1552.2202,167.2459,nan,nan,nan,-0.5980,0.7699,-0.2228,-0.1367,0.1760,0.9749,90.000,nan,nan,nan,0.0000,0.0000,0.0000,nan,nan,nan,-7936.9615,1552.2202,167.2459,-7936.9615,1552.2202,167.2459,12.000,1,nan,nan
38.5370,390.0500,1,-8134.9138,1778.0901,71.5261,nan,nan,nan,-0.9144,0.0226,-0.4042,-0.0380,-0.9988,0.0302,-0.4031,0.0430,0.9142,0.0000,0.0000,0.0000,-144.3849,2.5357,-63.7213,-7941.7426,1551.4597,165.3442,nan,nan,nan,-0.5980,0.7699,-0.2228,-0.1367,0.1760,0.9749,90.000,nan,nan,nan,0.0000,0.0000,0.0000,nan,nan,nan,-7941.7426,1551.4597,165.3442,-7941.7426,1551.4597,165.3442,12.000,1,nan,nan
38.5640,390.0834,1,-8139.7731,1778.1507,69.3756,nan,nan,nan,-0.9145,0.0114,-0.4044,-0.0348,-0.9981,0.0506,-0.4031,0.0603,0.9132,0.0000,0.0000,0.0000,-145.1267,2.7815,-64.1311,-7946.5361,1550.9093,163.3949,nan,nan,nan,-0.5980,0.7699,-0.2228,-0.1367,0.1760,0.9749,90.000,nan,nan,nan,0.0000,0.0000,0.0000,nan,nan,nan,-7946.5361,1550.9093,163.3949,-7946.5361,1550.9093,163.3949,12.000,1,nan,nan
38.5940,390.1167,1,-8144.6333,1778.1664,67.2265,nan,nan,nan,-0.9146,0.0030,-0.4043,-0.0324,-0.9973,0.0660,-0.4030,0.0734,0.9123,0.0000,0.0000,0.0000,-145.5530,2.4355,-64.3687,-7951.3368,1550.5079,161.4083,nan,nan,nan,-0.5980,0.7699,-0.2228,-0.1367,0.1760,0.9749,90.000,nan,nan,nan,0.0000,0.0000,0.0000,nan,nan,nan,-7951.3368,1550.5079,161.4083,-7951.3368,1550.5079,161.4083,12.000,1,nan,nan
38.6220,390.1334,1,-8147.0968,1778.1590,66.2567,nan,nan,nan,-0.9148,-0.0062,-0.4038,-0.0280,-0.9965,0.0787,-0.4029,0.0833,0.9115,0.0000,0.0000,0.0000,-146.1387,1.5745,-63.2108,-7953.6020,1550.3552,160.4739,nan,nan,nan,-0.5980,0.7699,-0.2228,-0.1367,0.1760,0.9749,90.000,nan,nan,nan,0.0000,0.0000,0.0000,nan,nan,nan,-7953.6020,1550.3552,160.4739,-7953.6020,1550.3552,160.4739,12.000,1,nan,nan
38.6480,390.1667,1,-8152.1046,1777.9468,64.4787,nan,nan,nan,-0.9453,-0.0417,-0.3237,0.0284,-0.9986,0.0456,-0.3251,0.0339,0.9451,0.0000,0.0000,0.0000,-147.1530,-0.5897,-60.7451,-7958.2869,1549.8624,158.5997,nan,nan,nan,-0.5980,0.7699,-0.2228,-0.1367,0.1760,0.9749,90.000,nan,nan,nan,0.0000,0.0000,0.0000,nan,nan,nan,-7958.2869,1549.8624,158.5997,-7958.2869,1549.8624,158.5997,12.000,1,nan,nan
38.6750,390.2000,1,-8156.9971,1778.1474,62.6225,nan,nan,nan,-0.9378,0.0386,-0.3449,-0.0183,-0.9979,-0.0621,-0.3466,-0.0519,0.9366,0.0000,0.0000,0.0000,-147.5551,-0.1821,-58.4863,-7962.9638,1549.2001,156.7471,nan,nan,nan,-0.5980,0.7699,-0.2228,-0.1367,0.1760,0.9749,90.000,nan,nan,nan,0.0000,0.0000,0.0000,nan,nan,nan,-7962.9638,1549.2001,156.7471,-7962.9638,1549.2001,156.7471,12.000,1,nan,nan
38.7040,390.2167,1,-8159.4069,1778.4239,61.7017,nan,nan,nan,-0.9298,0.1068,-0.3524,-0.0514,-0.9853,-0.1629,-0.3646,-0.1333,0.9216,0.0000,0.0000,0.0000,-147.3915,3.1230,-56.1892,-7965.1720,1548.8003,155.8612,nan,nan,nan,-0.5980,0.7699,-0.2228,-0.1367,0.1760,0.9749,90.000,nan,nan,nan,0.0000,0.0000,0.0000,nan,nan,nan,-7965.1720,1548.8003,155.8612,-7965.1720,1548.8003,155.8612,12.000,1,nan,nan
38.7320,390.2500,1,-8164.2095,1779.0994,59.8586,nan,nan,nan,-0.9269,0.1297,-0.3522,-0.0618,-0.9783,-0.1977,-0.3702,-0.1615,0.9148,0.0000,0.0000,0.0000,-146.6131,7.9258,-55.1515,-7969.8859,1548.1216,153.9688,nan,nan,nan,-0.5980,0.7699,-0.2228,-0.1367,0.1760,0.9749,90.000,nan,nan,nan,0.0000,0.0000,0.0000,nan,nan,nan,-7969.8859,1548.1216,153.9688,-7969.8859,1548.1216,153.9688,12.000,1,nan,nan
38.7610,390.2834,1,-8168.9993,1779.9190,58.0430,nan,nan,nan,-0.9233,0.1581,-0.3500,-0.0745,-0.9678,-0.2405,-0.3767,-0.1960,0.9054,0.0000,0.0000,0.0000,-145.1497,15.0778,-55.1693,-7974.6264,1547.5850,152.0607,nan,nan,nan,-0.5980,0.7699,-0.2228,-0.1367,0.1760,0.9749,90.000,nan,nan,nan,0.0000,0.0000,0.0000,nan,nan,nan,-7974.6264,1547.5850,152.0607,-7974.6264,1547.5850,152.0607,12.000,1,nan,nan
38.7980,390.3000,1,-8171.3942,1780.3289,57.1352,nan,nan,nan,-0.9233,0.1581,-0.3500,-0.0745,-0.9678,-0.2405,-0.3767,-0.1960,0.9054,0.0000,0.0000,0.0000,-144.2408,20.2226,-54.9297,-7976.8748,1547.3920,151.1607,nan,nan,nan,-0.5980,0.7699,-0.2228,-0.1367,0.1760,0.9749,90.000,nan,nan,nan,0.0000,0.0000,0.0000,nan,nan,nan,-7976.8748,1547.3920,151.1607,-7976.8748,1547.3920,151.1607,12.000,1,nan,nan
38.8250,390.3500,1,-8178.4276,1781.7291,54.5117,nan,nan,nan,-0.9211,0.1834,-0.3436,-0.0987,-0.9633,-0.2496,-0.3767,-0.1960,0.9054,0.0000,0.0000,0.0000,-143.2754,23.5344,-54.3259,-7983.9788,1547.2618,148.3631,nan,nan,nan,-0.5980,0.7699,-0.2228,-0.1367,0.1760,0.9749,90.000,nan,nan,nan,0.0000,0.0000,0.0000,nan,nan,nan,-7983.9788,1547.2618,148.3631,-7983.9788,1547.2618,148.3631,12.000,1,nan,nan
38.8460,390.3667,1,-8180.7565,1782.2224,53.6494,nan,nan,nan,-0.9198,0.1948,-0.3406,-0.1096,-0.9611,-0.2536,-0.3767,-0.1960,0.9054,0.0000,0.0000,0.0000,-142.2137,26.0635,-53.4942,-7986.1795,1547.2688,147.5013,nan,nan,nan,-0.5980,0.7699,-0.2228,-0.1367,0.1760,0.9749,90.000,nan,nan,nan,0.0000,0.0000,0.0000,nan,nan,nan,-7986.1795,1547.2688,147.5013,-7986.1795,1547.2688,147.5013,12.000,1,nan,nan
38.8730,390.3834,1,-8183.0515,1782.7159,52.8012,nan,nan,nan,-0.9195,0.1977,-0.3398,-0.1124,-0.9605,-0.2546,-0.3767,-0.1960,0.9054,0.0000,0.0000,0.0000,-140.8017,27.5723,-52.6116,-7988.3542,1547.3181,146.6541,nan,nan,nan,-0.5980,0.7699,-0.2228,-0.1367,0.1760,0.9749,90.000,nan,nan,nan,0.0000,0.0000,0.0000,nan,nan,nan,-7988.3542,1547.3181,146.6541,-7988.3542,1547.3181,146.6541,12.000,1,nan,nan
38.9020,390.4167,1,-8187.6414,1783.7027,51.1050,nan,nan,nan,-0.9195,0.1977,-0.3398,-0.1124,-0.9605,-0.2546,-0.3767,-0.1960,0.9054,0.0000,0.0000,0.0000,-139.3196,28.8770,-51.7188,-7992.9511,1547.5702,144.8787,nan,nan,nan,-0.5980,0.7699,-0.2228,-0.1367,0.1760,0.9749,90.000,nan,nan,nan,0.0000,0.0000,0.0000,nan,nan,nan,-7992.9511,1547.5702,144.8787,-7992.9511,1547.5702,144.8787,12.000,1,nan,nan
38.9290,390.4500,1,-8192.3490,1784.6336,49.8712,nan,nan,nan,-0.9183,0.2076,-0.3372,-0.1219,-0.9584,-0.2581,-0.3767,-0.1960,0.9054,0.0000,0.0000,0.0000,-139.1354,29.1224,-48.4493,-7997.5351,1547.9336,143.2055,nan,nan,nan,-0.5980,0.7699,-0.2228,-0.1367,0.1760,0.9749,90.000,nan,nan,nan,0.0000,0.0000,0.0000,nan,nan,nan,-7997.5351,1547.9336,143.2055,-7997.5351,1547.9336,143.2055,12.000,1,nan,nan
38.9590,390.4667,1,-8194.4715,1785.1189,49.3041,nan,nan,nan,-0.9429,0.2164,-0.2534,-0.1494,-0.9543,-0.2590,-0.2979,-0.2064,0.9320,0.0000,0.0000,0.0000,-136.6221,29.0756,-44.2525,-7999.4288,1548.1026,142.5277,nan,nan,nan,-0.5980,0.7699,-0.2228,-0.1367,0.1760,0.9749,90.000,nan,nan,nan,0.0000,0.0000,0.0000,nan,nan,nan,-7999.4288,1548.1026,142.5277,-7999.4288,1548.1026,142.5277,12.000,1,nan,nan
38.9850,390.5000,1,-8198.0017,1786.1941,48.1981,nan,nan,nan,-0.9268,0.2741,-0.2567,-0.2232,-0.9517,-0.2107,-0.3021,-0.1379,0.9432,0.0000,0.0000,0.0000,-129.7609,29.5966,-39.8715,-8003.5421,1548.8159,141.1225,nan,nan,nan,-0.5980,0.7699,-0.2228,-0.1367,0.1760,0.9749,90.000,nan,nan,nan,0.0000,0.0000,0.0000,nan,nan,nan,-8003.5421,1548.8159,141.1225,-8003.5421,1548.8159,141.1225,12.000,1,nan,nan
39.0120,390.5334,1,-8201.1989,1787.2186,47.1214,nan,nan,nan,-0.9075,0.2882,-0.3057,-0.2608,-0.9569,-0.1280,-0.3294,-0.0364,0.9435,0.0000,0.0000,0.0000,-120.0327,29.9263,-35.2785,-8007.5962,1549.9115,139.7714,nan,nan,nan,-0.5980,0.7699,-0.2228,-0.1367,0.1760,0.9749,90.000,nan,nan,nan,0.0000,0.0000,0.0000,nan,nan,nan,-8007.5962,1549.9115,139.7714,-8007.5962,1549.9115,139.7714,12.000,1,nan,nan
39.0380,390.5500,1,-8202.4511,1787.7776,46.7057,nan,nan,nan,-0.8739,0.3901,-0.2901,-0.3575,-0.9200,-0.1603,-0.3294,-0.0364,0.9435,0.0000,0.0000,0.0000,-104.8680,31.1153,-31.9445,-8009.3528,1550.4039,139.1861,nan,nan,nan,-0.5980,0.7699,-0.2228,-0.1367,0.1760,0.9749,90.000,nan,nan,nan,0.0000,0.0000,0.0000,nan,nan,nan,-8009.3528,1550.4039,139.1861,-8009.3528,1550.4039,139.1861,12.000,1,nan,nan
39.0670,390.5834,1,-8204.8878,1788.9101,45.8987,nan,nan,nan,-0.8685,0.4036,-0.2877,-0.3704,-0.9142,-0.1646,-0.3294,-0.0364,0.9435,0.0000,0.0000,0.0000,-90.9844,32.3243,-29.3154,-8013.0001,1551.4983,137.9716,nan,nan,nan,-0.5980,0.7699,-0.2228,-0.1367,0.1760,0.9749,90.000,nan,nan,nan,0.0000,0.0000,0.0000,nan,nan,nan,-8013.0001,1551.4983,137.9716,-8013.0001,1551.4983,137.9716,12.000,1,nan,nan
39.0940,390.6167,1,-8207.1566,1789.8355,45.1422,nan,nan,nan,-0.8847,0.3609,-0.2950,-0.3297,-0.9319,-0.1511,-0.3294,-0.0364,0.9435,0.0000,0.0000,0.0000,-80.6399,31.6670,-26.6924,-8016.3853,1552.5529,136.8442,nan,nan,nan,-0.5980,0.7699,-0.2228,-0.1367,0.1760,0.9749,90.000,nan,nan,nan,0.0000,0.0000,0.0000,nan,nan,nan,-8016.3853,1552.5529,136.8442,-8016.3853,1552.5529,136.8442,12.000,1,nan,nan
39.1200,390.6334,1,-8208.2245,1790.2229,44.7843,nan,nan,nan,-0.8966,0.3253,-0.3005,-0.2960,-0.9449,-0.1398,-0.3294,-0.0364,0.9435,0.0000,0.0000,0.0000,-72.2022,30.0384,-24.0019,-8017.8601,1553.0165,136.3529,nan,nan,nan,-0.5980,0.7699,-0.2228,-0.1367,0.1760,0.9749,90.000,nan,nan,nan,0.0000,0.0000,0.0000,nan,nan,nan,-8017.8601,1553.0165,136.3529,-8017.8601,1553.0165,136.3529,12.000,1,nan,nan
39.1480,390.6667,1,-8210.0012,1790.7811,44.1855,nan,nan,nan,-0.9082,0.2854,-0.3061,-0.2581,-0.9577,-0.1271,-0.3294,-0.0364,0.9435,0.0000,0.0000,0.0000,-66.1481,26.3535,-22.0689,-8020.8659,1553.9615,135.3505,nan,nan,nan,-0.5980,0.7699,-0.2228,-0.1367,0.1760,0.9749,90.000,nan,nan,nan,0.0000,0.0000,0.0000,nan,nan,nan,-8020.8659,1553.9615,135.3505,-8020.8659,1553.9615,135.3505,12.000,1,nan,nan
39.1740,390.7000,1,-8211.2081,1791.1222,43.7773,nan,nan,nan,-0.9151,0.2586,-0.3095,-0.2327,-0.9653,-0.1185,-0.3294,-0.0364,0.9435,0.0000,0.0000,0.0000,-57.5587,20.8682,-19.2893,-8023.5388,1554.7960,134.4582,nan,nan,nan,-0.5980,0.7699,-0.2228,-0.1367,0.1760,0.9749,90.000,nan,nan,nan,0.0000,0.0000,0.0000,nan,nan,nan,-8023.5388,1554.7960,134.4582,-8023.5388,1554.7960,134.4582,12.000,1,nan,nan
39.2000,390.7167,1,-8211.2081,1791.1222,43.7773,nan,nan,nan,-0.9151,0.2586,-0.3095,-0.2327,-0.9653,-0.1185,-0.3294,-0.0364,0.9435,0.0000,0.0000,0.0000,-42.2278,14.2189,-14.1947,-8024.6345,1555.1381,134.0924,nan,nan,nan,-0.5980,0.7699,-0.2228,-0.1367,0.1760,0.9749,90.000,nan,nan,nan,0.0000,0.0000,0.0000,nan,nan,nan,-8024.6345,1555.1381,134.0924,-8024.6345,1555.1381,134.0924,12.000,0,nan,nan
39.2270,390.7500,1,-8211.2081,1791.1222,43.7773,nan,nan,nan,-0.9151,0.2586,-0.3095,-0.2327,-0.9653,-0.1185,-0.3294,-0.0364,0.9435,0.0000,0.0000,0.0000,-26.3472,8.2396,-8.8810,-8026.6334,1555.7621,133.4251,nan,nan,nan,-0.5980,0.7699,-0.2228,-0.1367,0.1760,0.9749,90.000,nan,nan,nan,0.0000,0.0000,0.0000,nan,nan,nan,-8026.6334,1555.7621,133.4251,-8026.6334,1555.7621,133.4251,12.000,0,nan,nan
39.2540,390.7667,1,-8211.2081,1791.1222,43.7773,nan,nan,nan,-0.9151,0.2586,-0.3095,-0.2327,-0.9653,-0.1185,-0.3294,-0.0364,0.9435,0.0000,0.0000,0.0000,-12.5108,3.6943,-4.2256,-8027.4612,1556.0206,133.1487,nan,nan,nan,-0.5980,0.7699,-0.2228,-0.1367,0.1760,0.9749,90.000,nan,nan,nan,0.0000,0.0000,0.0000,nan,nan,nan,-8027.4612,1556.0206,133.1487,-8027.4612,1556.0206,133.1487,12.000,0,nan,nan
39.2810,390.8000,1,-8211.2081,1791.1222,43.7773,nan,nan,nan,-0.9151,0.2586,-0.3095,-0.2327,-0.9653,-0.1185,-0.3294,-0.0364,0.9435,0.0000,0.0000,0.0000,-2.5022,0.7389,-0.8451,-8028.9778,1556.4941,132.6424,nan,nan,nan,-0.5980,0.7699,-0.2228,-0.1367,0.1760,0.9749,90.000,nan,nan,nan,0.0000,0.0000,0.0000,nan,nan,nan,-8028.9778,1556.4941,132.6424,-8028.9778,1556.4941,132.6424,12.000,0,nan,nan
39.3090,390.8334,1,-8211.2081,1791.1222,43.7773,nan,nan,nan,-0.9151,0.2586,-0.3095,-0.2327,-0.9653,-0.1185,-0.3294,-0.0364,0.9435,0.0000,0.0000,0.0000,-0.5004,0.1478,-0.1690,-8030.2456,1556.8899,132.2192,nan,nan,nan,-0.5980,0.7699,-0.2228,-0.1367,0.1760,0.9749,90.000,nan,nan,nan,0.0000,0.0000,0.0000,nan,nan,nan,-8030.2456,1556.8899,132.2192,-8030.2456,1556.8899,132.2192,12.000,0,nan,nan
39.3350,390.8500,1,-8211.2081,1791.1222,43.7773,nan,nan,nan,-0.9151,0.2586,-0.3095,-0.2327,-0.9653,-0.1185,-0.3294,-0.0364,0.9435,0.0000,0.0000,0.0000,-0.1001,0.0296,-0.0338,-8030.7784,1557.0562,132.0414,nan,nan,nan,-0.5980,0.7699,-0.2228,-0.1367,0.1760,0.9749,90.000,nan,nan,nan,0.0000,0.0000,0.0000,nan,nan,nan,-8030.7784,1557.0562,132.0414,-8030.7784,1557.0562,132.0414,12.000,0,nan,nan
39.3590,390.8834,1,-8211.2081,1791.1222,43.7773,nan,nan,nan,-0.9151,0.2586,-0.3095,-0.2327,-0.9653,-0.1185,-0.3294,-0.0364,0.9435,0.0000,0.0000,0.0000,-0.0200,0.0059,-0.0068,-8031.7609,1557.3629,131.7134,nan,nan,nan,-0.5980,0.7699,-0.2228,-0.1367,0.1760,0.9749,90.000,nan,nan,nan,0.0000,0.0000,0.0000,nan,nan,nan,-8031.7609,1557.3629,131.7134,-8031.7609,1557.3629,131.7134,12.000,0,nan,nan
39.3870,390.9000,1,-8211.2081,1791.1222,43.7773,nan,nan,nan,-0.9151,0.2586,-0.3095,-0.2327,-0.9653,-0.1185,-0.3294,-0.0364,0.9435,0.0000,0.0000,0.0000,-0.0040,0.0012,-0.0014,-8032.1771,1557.4929,131.5744,nan,nan,nan,-0.5980,0.7699,-0.2228,-0.1367,0.1760,0.9749,90.000,nan,nan,nan,0.0000,0.0000,0.0000,nan,nan,nan,-8032.1771,1557.4929,131.5744,-8032.1771,1557.4929,131.5744,12.000,0,nan,nan
39.4130,390.9334,1,-8211.2081,1791.1222,43.7773,nan,nan,nan,-0.9151,0.2586,-0.3095,-0.2327,-0.9653,-0.1185,-0.3294,-0.0364,0.9435,0.0000,0.0000,0.0000,-0.0008,0.0002,-0.0003,-8032.9471,1557.7333,131.3174,nan,nan,nan,-0.5980,0.7699,-0.2228,-0.1367,0.1760,0.9749,90.000,nan,nan,nan,0.0000,0.0000,0.0000,nan,nan,nan,-8032.9471,1557.7333,131.3174,-8032.9471,1557.7333,131.3174,12.000,0,nan,nan
39.4420,390.9667,1,-8211.2081,1791.1222,43.7773,nan,nan,nan,-0.9151,0.2586,-0.3095,-0.2327,-0.9653,-0.1185,-0.3294,-0.0364,0.9435,0.0000,0.0000,0.0000,-0.0002,0.0000,-0.0001,-8033.6041,1557.9384,131.0980,nan,nan,nan,-0.5980,0.7699,-0.2228,-0.1367,0.1760,0.9749,90.000,nan,nan,nan,0.0000,0.0000,0.0000,nan,nan,nan,-8033.6041,1557.9384,131.0980,-8033.6041,1557.9384,131.0980,12.000,0,nan,nan
39.4690,390.9834,1,-8211.2081,1791.1222,43.7773,nan,nan,nan,-0.9151,0.2586,-0.3095,-0.2327,-0.9653,-0.1185,-0.3294,-0.0364,0.9435,0.0000,0.0000,0.0000,-0.0000,0.0000,-0.0000,-8033.8856,1558.0263,131.0041,nan,nan,nan,-0.5980,0.7699,-0.2228,-0.1367,0.1760,0.9749,90.000,nan,nan,nan,0.0000,0.0000,0.0000,nan,nan,nan,-8033.8856,1558.0263,131.0041,-8033.8856,1558.0263,131.0041,12.000,0,nan,nan
39.4960,391.0167,1,-8211.2081,1791.1222,43.7773,nan,nan,nan,-0.9151,0.2586,-0.3095,-0.2327,-0.9653,-0.1185,-0.3294,-0.0364,0.9435,0.0000,0.0000,0.0000,-0.0000,0.0000,-0.0000,-8034.4090,1558.1897,130.8293,nan,nan,nan,-0.5980,0.7699,-0.2228,-0.1367,0.1760,0.9749,90.000,nan,nan,nan,0.0000,0.0000,0.0000,nan,nan,nan,-8034.4090,1558.1897,130.8293,-8034.4090,1558.1897,130.8293,12.000,0,nan,nan
39.5220,391.0334,1,-8211.2081,1791.1222,43.7773,nan,nan,nan,-0.9151,0.2586,-0.3095,-0.2327,-0.9653,-0.1185,-0.3294,-0.0364,0.9435,0.0000,0.0000,0.0000,-0.0000,0.0000,-0.0000,-8034.6347,1558.2601,130.7540,nan,nan,nan,-0.5980,0.7699,-0.2228,-0.1367,0.1760,0.9749,90.000,nan,nan,nan,0.0000,0.0000,0.0000,nan,nan,nan,-8034.6347,1558.2601,130.7540,-8034.6347,1558.2601,130.7540,12.000,0,nan,nan
39.5510,391.0667,1,-8211.2081,1791.1222,43.7773,nan,nan,nan,-0.9151,0.2586,-0.3095,-0.2327,-0.9653,-0.1185,-0.3294,-0.0364,0.9435,0.0000,0.0000,0.0000,-0.0000,0.0000,-0.0000,-8035.0555,1558.3915,130.6135,nan,nan,nan,-0.5980,0.7699,-0.2228,-0.1367,0.1760,0.9749,90.000,nan,nan,nan,0.0000,0.0000,0.0000,nan,nan,nan,-8035.0555,1558.3915,130.6135,-8035.0555,1558.3915,130.6135,12.000,0,nan,nan
39.5750,391.1000,1,-8211.2081,1791.1222,43.7773,nan,nan,nan,-0.9151,0.2586,-0.3095,-0.2327,-0.9653,-0.1185,-0.3294,-0.0364,0.9435,0.0000,0.0000,0.0000,-0.0000,0.0000,-0.0000,-8035.4203,1558.5054,130.4917,nan,nan,nan,-0.5980,0.7699,-0.2228,-0.1367,0.1760,0.9749,90.000,nan,nan,nan,0.0000,0.0000,0.0000,nan,nan,nan,-8035.4203,1558.5054,130.4917,-8035.4203,1558.5054,130.4917,12.000,0,nan,nan
39.6010,391.1167,1,-8211.2081,1791.1222,43.7773,nan,nan,nan,-0.9151,0.2586,-0.3095,-0.2327,-0.9653,-0.1185,-0.3294,-0.0364,0.9435,0.0000,0.0000,0.0000,-0.0000,0.0000,-0.0000,-8035.5790,1558.5550,130.4387,nan,nan,nan,-0.5980,0.7699,-0.2228,-0.1367,0.1760,0.9749,90.000,nan,nan,nan,0.0000,0.0000,0.0000,nan,nan,nan,-8035.5790,1558.5550,130.4387,-8035.5790,1558.5550,130.4387,12.000,0,nan,nan
39.6280,391.1500,1,-8211.2081,1791.1222,43.7773,nan,nan,nan,-0.9151,0.2586,-0.3095,-0.2327,-0.9653,-0.1185,-0.3294,-0.0364,0.9435,0.0000,0.0000,0.0000,-0.0000,0.0000,-0.0000,-8035.8762,1558.6477,130.3395,nan,nan,nan,-0.5980,0.7699,-0.2228,-0.1367,0.1760,0.9749,90.000,nan,nan,nan,0.0000,0.0000,0.0000,nan,nan,nan,-8035.8762,1558.6477,130.3395,-8035.8762,1558.6477,130.3395,12.000,0,nan,nan
39.6540,391.1667,1,-8211.2081,1791.1222,43.7773,nan,nan,nan,-0.9151,0.2586,-0.3095,-0.2327,-0.9653,-0.1185,-0.3294,-0.0364,0.9435,0.0000,0.0000,0.0000,-0.0000,0.0000,-0.0000,-8036.0062,1558.6883,130.2961,nan,nan,nan,-0.5980,0.7699,-0.2228,-0.1367,0.1760,0.9749,90.000,nan,nan,nan,0.0000,0.0000,0.0000,nan,nan,nan,-8036.0062,1558.6883,130.2961,-8036.0062,1558.6883,130.2961,12.000,0,nan,nan
39.6800,391.2000,1,-8211.2081,1791.1222,43.7773,nan,nan,nan,-0.9151,0.2586,-0.3095,-0.2327,-0.9653,-0.1185,-0.3294,-0.0364,0.9435,0.0000,0.0000,0.0000,-0.0000,0.0000,-0.0000,-8036.2500,1558.7644,130.2147,nan,nan,nan,-0.5980,0.7699,-0.2228,-0.1367,0.1760,0.9749,90.000,nan,nan,nan,0.0000,0.0000,0.0000,nan,nan,nan,-8036.2500,1558.7644,130.2147,-8036.2500,1558.7644,130.2147,12.000,0,nan,nan
39.7060,391.2334,1,-8211.2081,1791.1222,43.7773,nan,nan,nan,-0.9151,0.2586,-0.3095,-0.2327,-0.9653,-0.1185,-0.3294,-0.0364,0.9435,0.0000,0.0000,0.0000,-0.0000,0.0000,-0.0000,-8036.4642,1558.8313,130.1432,nan,nan,nan,-0.5980,0.7699,-0.2228,-0.1367,0.1760,0.9749,90.000,nan,nan,nan,0.0000,0.0000,0.0000,nan,nan,nan,-8036.4642,1558.8313,130.1432,-8036.4642,1558.8313,130.1432,12.000,0,nan,nan
39.7320,391.2500,1,-8211.2081,1791.1222,43.7773,nan,nan,nan,-0.9151,0.2586,-0.3095,-0.2327,-0.9653,-0.1185,-0.3294,-0.0364,0.9435,0.0000,0.0000,0.0000,-0.0000,0.0000,-0.0000,-8036.5586,1558.8608,130.1117,nan,nan,nan,-0.5980,0.7699,-0.2228,-0.1367,0.1760,0.9749,90.000,nan,nan,nan,0.0000,0.0000,0.0000,nan,nan,nan,-8036.5586,1558.8608,130.1117,-8036.5586,1558.8608,130.1117,12.000,0,nan,nan
39.7590,391.2834,1,-8211.2081,1791.1222,43.7773,nan,nan,nan,-0.9151,0.2586,-0.3095,-0.2327,-0.9653,-0.1185,-0.3294,-0.0364,0.9435,0.0000,0.0000,0.0000,-0.0000,0.0000,-0.0000,-8036.7363,1558.9162,130.0524,nan,nan,nan,-0.5980,0.7699,-0.2228,-0.1367,0.1760,0.9749,90.000,nan,nan,nan,0.0000,0.0000,0.0000,nan,nan,nan,-8036.7363,1558.9162,130.0524,-8036.7363,1558.9162,130.0524,12.000,0,nan,nan
39.7840,391.3000,1,-8210.4533,1790.9268,44.0333,nan,nan,nan,-0.8391,0.4695,-0.2748,-0.4329,-0.8822,-0.1852,-0.3294,-0.0364,0.9435,0.0000,0.0000,0.0000,9.0568,-2.3450,3.0717,-8036.8321,1558.9504,130.0209,nan,nan,nan,-0.5980,0.7699,-0.2228,-0.1367,0.1760,0.9749,90.000,nan,nan,nan,0.0000,0.0000,0.0000,nan,nan,nan,-8036.8321,1558.9504,130.0209,-8036.8321,1558.9504,130.0209,12.000,1,nan,nan
39.8110,391.3334,1,-8208.0975,1790.4732,44.8383,nan,nan,nan,-0.5511,0.8188,-0.1608,-0.7667,-0.5729,-0.2898,-0.3294,-0.0364,0.9435,0.0000,0.0000,0.0000,25.0036,-5.5356,8.5163,-8036.4142,1558.9054,130.1663,nan,nan,nan,-0.5980,0.7699,-0.2228,-0.1367,0.1760,0.9749,90.000,nan,nan,nan,0.0000,0.0000,0.0000,nan,nan,nan,-8036.4142,1558.9054,130.1663,-8036.4142,1558.9054,130.1663,12.000,1,nan,nan
39.8370,391.3500,1,-8206.6137,1790.1182,45.3427,nan,nan,nan,-0.3569,0.9299,-0.0887,-0.8741,-0.3659,-0.3193,-0.3294,-0.0364,0.9435,0.0000,0.0000,0.0000,45.9978,-10.4331,15.6574,-8036.0525,1558.8395,130.2906,nan,nan,nan,-0.5980,0.7699,-0.2228,-0.1367,0.1760,0.9749,90.000,nan,nan,nan,0.0000,0.0000,0.0000,nan,nan,nan,-8036.0525,1558.8395,130.2906,-8036.0525,1558.8395,130.2906,12.000,1,nan,nan
39.8650,391.3834,1,-8203.4780,1789.2785,46.4051,nan,nan,nan,0.0789,0.9947,0.0659,-0.9409,0.0961,-0.3248,-0.3294,-0.0364,0.9435,0.0000,0.0000,0.0000,69.0110,-16.4511,23.4602,-8034.8702,1558.5653,130.6934,nan,nan,nan,-0.5980,0.7699,-0.2228,-0.1367,0.1760,0.9749,90.000,nan,nan,nan,0.0000,0.0000,0.0000,nan,nan,nan,-8034.8702,1558.5653,130.6934,-8034.8702,1558.5653,130.6934,12.000,1,nan,nan
39.8910,391.4167,1,-8200.0880,1788.2807,47.5502,nan,nan,nan,0.4974,0.8426,0.2062,-0.8025,0.5372,-0.2595,-0.3294,-0.0364,0.9435,0.0000,0.0000,0.0000,84.8967,-21.2962,28.8197,-8033.2940,1558.1559,131.2285,nan,nan,nan,-0.5980,0.7699,-0.2228,-0.1367,0.1760,0.9749,90.000,nan,nan,nan,0.0000,0.0000,0.0000,nan,nan,nan,-8033.2940,1558.1559,131.2285,-8033.2940,1558.1559,131.2285,12.000,1,nan,nan
39.9180,391.4334,1,-8198.3750,1787.7867,48.1292,nan,nan,nan,0.6710,0.6940,0.2611,-0.6642,0.7191,-0.2042,-0.3294,-0.0364,0.9435,0.0000,0.0000,0.0000,94.4944,-25.4716,32.0096,-8032.4905,1557.9420,131.5009,nan,nan,nan,-0.5980,0.7699,-0.2228,-0.1367,0.1760,0.9749,90.000,nan,nan,nan,0.0000,0.0000,0.0000,nan,nan,nan,-8032.4905,1557.9420,131.5009,-8032.4905,1557.9420,131.5009,12.000,1,nan,nan
39.9450,391.4667,1,-8194.9490,1786.7987,49.2873,nan,nan,nan,0.8994,0.2918,0.3253,-0.2872,0.9558,-0.0634,-0.3294,-0.0364,0.9435,0.0000,0.0000,0.0000,99.1652,-27.9753,33.5437,-8030.5771,1557.4188,132.1491,nan,nan,nan,-0.5980,0.7699,-0.2228,-0.1367,0.1760,0.9749,90.000,nan,nan,nan,0.0000,0.0000,0.0000,nan,nan,nan,-8030.5771,1557.4188,132.1491,-8030.5771,1557.4188,132.1491,12.000,1,nan,nan
39.9720,391.4834,1,-8193.2289,1786.2987,49.8510,nan,nan,nan,0.9416,0.0607,0.3311,-0.0693,0.9975,0.0143,-0.3294,-0.0364,0.9435,0.0000,0.0000,0.0000,101.9265,-29.4376,34.2402,-8029.6295,1557.1569,132.4684,nan,nan,nan,-0.5980,0.7699,-0.2228,-0.1367,0.1760,0.9749,90.000,nan,nan,nan,0.0000,0.0000,0.0000,nan,nan,nan,-8029.6295,1557.1569,132.4684,-8029.6295,1557.1569,132.4684,12.000,1,nan,nan
39.9980,391.5167,1,-8189.7435,1785.2373,50.7862,nan,nan,nan,0.9156,-0.2849,0.2836,0.2462,0.9551,0.1648,-0.3179,-0.0811,0.9447,0.0000,0.0000,0.0000,103.0512,-30.1124,33.1200,-8027.4472,1556.3973,133.1541,nan,nan,nan,-0.5980,0.7699,-0.2228,-0.1367,0.1760,0.9749,90.000,nan,nan,nan,0.0000,0.0000,0.0000,nan,nan,nan,-8027.4472,1556.3973,133.1541,-8027.4472,1556.3973,133.1541,12.000,1,nan,nan
40.0260,391.5500,1,-8186.3441,1783.9877,51.7064,nan,nan,nan,0.9255,-0.3202,0.2023,0.2562,0.9227,0.2880,-0.2789,-0.2147,0.9360,0.0000,0.0000,0.0000,103.1162,-31.8166,31.4694,-8025.1281,1555.2068,133.7949,nan,nan,nan,-0.5980,0.7699,-0.2228,-0.1367,0.1760,0.9749,90.000,nan,nan,nan,0.0000,0.0000,0.0000,nan,nan,nan,-8025.1281,1555.2068,133.7949,-8025.1281,1555.2068,133.7949,12.000,1,nan,nan
40.0540,391.5667,1,-8184.7098,1783.2691,52.2310,nan,nan,nan,0.8847,-0.3833,0.2652,0.2965,0.9018,0.3143,-0.3597,-0.1994,0.9115,0.0000,0.0000,0.0000,102.1856,-34.8533,30.4851,-8024.0890,1554.6401,134.0845,nan,nan,nan,-0.5980,0.7699,-0.2228,-0.1367,0.1760,0.9749,90.000,nan,nan,nan,0.0000,0.0000,0.0000,nan,nan,nan,-8024.0890,1554.6401,134.0845,-8024.0890,1554.6401,134.0845,12.000,1,nan,nan
40.0790,391.6000,1,-8181.4687,1781.8859,53.2802,nan,nan,nan,0.8815,-0.3762,0.2854,0.2847,0.9056,0.3145,-0.3767,-0.1960,0.9054,0.0000,0.0000,0.0000,100.8045,-37.7594,29.8196,-8021.8543,1553.4629,134.7254,nan,nan,nan,-0.5980,0.7699,-0.2228,-0.1367,0.1760,0.9749,90.000,nan,nan,nan,0.0000,0.0000,0.0000,nan,nan,nan,-8021.8543,1553.4629,134.7254,-8021.8543,1553.4629,134.7254,12.000,1,nan,nan
40.1060,391.6167,1,-8179.8818,1781.2475,53.8023,nan,nan,nan,0.8873,-0.3570,0.2919,0.2660,0.9133,0.3084,-0.3767,-0.1960,0.9054,0.0000,0.0000,0.0000,98.6592,-39.6336,30.3408,-8020.7949,1552.9199,135.0344,nan,nan,nan,-0.5980,0.7699,-0.2228,-0.1367,0.1760,0.9749,90.000,nan,nan,nan,0.0000,0.0000,0.0000,nan,nan,nan,-8020.7949,1552.9199,135.0344,-8020.7949,1552.9199,135.0344,12.000,1,nan,nan
40.1320,391.6500,1,-8176.7529,1780.0329,54.8414,nan,nan,nan,0.8905,-0.3457,0.2957,0.2550,0.9177,0.3047,-0.3767,-0.1960,0.9054,0.0000,0.0000,0.0000,96.6072,-39.7985,31.1576,-8018.3910,1551.7466,135.7546,nan,nan,nan,-0.5980,0.7699,-0.2228,-0.1367,0.1760,0.9749,90.000,nan,nan,nan,0.0000,0.0000,0.0000,nan,nan,nan,-8018.3910,1551.7466,135.7546,-8018.3910,1551.7466,135.7546,12.000,1,nan,nan
40.1580,391.6834,1,-8173.7465,1779.0039,55.8696,nan,nan,nan,0.9002,-0.3081,0.3079,0.2186,0.9310,0.2924,-0.3767,-0.1960,0.9054,0.0000,0.0000,0.0000,94.6229,-37.3815,31.1963,-8015.8813,1550.5883,136.5258,nan,nan,nan,-0.5980,0.7699,-0.2228,-0.1367,0.1760,0.9749,90.000,nan,nan,nan,0.0000,0.0000,0.0000,nan,nan,nan,-8015.8813,1550.5883,136.5258,-8015.8813,1550.5883,136.5258,12.000,1,nan,nan
40.1860,391.7000,1,-8172.2616,1778.4874,56.3757,nan,nan,nan,0.8991,-0.3127,0.3064,0.2231,0.9294,0.2940,-0.3767,-0.1960,0.9054,0.0000,0.0000,0.0000,92.5982,-34.7975,30.9813,-8014.7201,1550.0649,136.8864,nan,nan,nan,-0.5980,0.7699,-0.2228,-0.1367,0.1760,0.9749,90.000,nan,nan,nan,0.0000,0.0000,0.0000,nan,nan,nan,-8014.7201,1550.0649,136.8864,-8014.7201,1550.0649,136.8864,12.000,1,nan,nan
40.2130,391.7334,1,-8169.3406,1777.4491,57.3664,nan,nan,nan,0.8975,-0.3190,0.3044,0.2292,0.9273,0.2961,-0.3767,-0.1960,0.9054,0.0000,0.0000,0.0000,90.6759,-32.8488,30.6169,-8012.0797,1548.9176,137.7191,nan,nan,nan,-0.5980,0.7699,-0.2228,-0.1367,0.1760,0.9749,90.000,nan,nan,nan,0.0000,0.0000,0.0000,nan,nan,nan,-8012.0797,1548.9176,137.7191,-8012.0797,1548.9176,137.7191,12.000,1,nan,nan
40.2400,391.7500,1,-8167.8910,1776.9505,57.8616,nan,nan,nan,0.8998,-0.3095,0.3074,0.2199,0.9305,0.2929,-0.3767,-0.1960,0.9054,0.0000,0.0000,0.0000,88.9133,-31.1542,30.2530,-8010.8687,1548.4013,138.1039,nan,nan,nan,-0.5980,0.7699,-0.2228,-0.1367,0.1760,0.9749,90.000,nan,nan,nan,0.0000,0.0000,0.0000,nan,nan,nan,-8010.8687,1548.4013,138.1039,-8010.8687,1548.4013,138.1039,12.000,1,nan,nan
40.2660,391.7834,1,-8164.9918,1775.9535,58.8522,nan,nan,nan,0.8998,-0.3095,0.3074,0.2199,0.9305,0.2929,-0.3767,-0.1960,0.9054,0.0000,0.0000,0.0000,87.9172,-30.6239,29.9538,-8008.1398,1547.2746,138.9817,nan,nan,nan,-0.5980,0.7699,-0.2228,-0.1367,0.1760,0.9749,90.000,nan,nan,nan,0.0000,0.0000,0.0000,nan,nan,nan,-8008.1398,1547.2746,138.9817,-8008.1398,1547.2746,138.9817,12.000,1,nan,nan
40.2920,391.8167,1,-8162.0927,1774.9564,59.8427,nan,nan,nan,0.8998,-0.3095,0.3074,0.2199,0.9305,0.2929,-0.3767,-0.1960,0.9054,0.0000,0.0000,0.0000,87.2944,-30.3021,29.7644,-8005.3810,1546.1663,139.8780,nan,nan,nan,-0.5980,0.7699,-0.2228,-0.1367,0.1760,0.9749,90.000,nan,nan,nan,0.0000,0.0000,0.0000,nan,nan,nan,-8005.3810,1546.1663,139.8780,-8005.3810,1546.1663,139.8780,12.000,1,nan,nan
40.3200,391.8334,1,-8160.6431,1774.4579,60.3380,nan,nan,nan,0.8998,-0.3095,0.3074,0.2199,0.9305,0.2929,-0.3767,-0.1960,0.9054,0.0000,0.0000,0.0000,87.0391,-29.9903,29.7257,-8004.1220,1545.6668,140.2889,nan,nan,nan,-0.5980,0.7699,-0.2228,-0.1367,0.1760,0.9749,90.000,nan,nan,nan,0.0000,0.0000,0.0000,nan,nan,nan,-8004.1220,1545.6668,140.2889,-8004.1220,1545.6668,140.2889,12.000,1,nan,nan
40.3470,391.8667,1,-8157.7439,1773.4608,61.3285,nan,nan,nan,0.8998,-0.3095,0.3074,0.2199,0.9305,0.2929,-0.3767,-0.1960,0.9054,0.0000,0.0000,0.0000,86.9880,-29.9279,29.7180,-8001.3037,1544.5725,141.2155,nan,nan,nan,-0.5980,0.7699,-0.2228,-0.1367,0.1760,0.9749,90.000,nan,nan,nan,0.0000,0.0000,0.0000,nan,nan,nan,-8001.3037,1544.5725,141.2155,-8001.3037,1544.5725,141.2155,12.000,1,nan,nan
40.3750,391.9000,1,-8154.8447,1772.4637,62.3191,nan,nan,nan,0.8998,-0.3095,0.3074,0.2199,0.9305,0.2929,-0.3767,-0.1960,0.9054,0.0000,0.0000,0.0000,86.9778,-29.9154,29.7164,-7998.4714,1543.4926,142.1524,nan,nan,nan,-0.5980,0.7699,-0.2228,-0.1367,0.1760,0.9749,90.000,nan,nan,nan,0.0000,0.0000,0.0000,nan,nan,nan,-7998.4714,1543.4926,142.1524,-7998.4714,1543.4926,142.1524,12.000,1,nan,nan
40.4000,391.9167,1,-8153.3851,1771.9619,62.7940,nan,nan,nan,0.8989,-0.3134,0.3062,0.2237,0.9292,0.2942,-0.3767,-0.1960,0.9054,0.0000,0.0000,0.0000,87.0959,-29.9521,29.4724,-7997.1818,1543.0050,142.5785,nan,nan,nan,-0.5980,0.7699,-0.2228,-0.1367,0.1760,0.9749,90.000,nan,nan,nan,0.0000,0.0000,0.0000,nan,nan,nan,-7997.1818,1543.0050,142.5785,-7997.1818,1543.0050,142.5785,12.000,1,nan,nan
40.4280,391.9500,1,-8150.4313,1770.9188,63.5881,nan,nan,nan,0.9036,-0.3299,0.2733,0.2282,0.9106,0.3446,-0.3625,-0.2491,0.8981,0.0000,0.0000,0.0000,87.4473,-30.2357,28.2448,-7994.2378,1541.7548,143.4854,nan,nan,nan,-0.5980,0.7699,-0.2228,-0.1367,0.1760,0.9749,90.000,nan,nan,nan,0.0000,0.0000,0.0000,nan,nan,nan,-7994.2378,1541.7548,143.4854,-7994.2378,1541.7548,143.4854,12.000,1,nan,nan
40.4560,391.9667,1,-8148.9459,1770.3535,63.8813,nan,nan,nan,0.9092,-0.3594,0.2102,0.2455,0.8705,0.4265,-0.3363,-0.3362,0.8797,0.0000,0.0000,0.0000,87.9472,-31.0934,25.5745,-7992.8470,1541.0516,143.8603,nan,nan,nan,-0.5980,0.7699,-0.2228,-0.1367,0.1760,0.9749,90.000,nan,nan,nan,0.0000,0.0000,0.0000,nan,nan,nan,-7992.8470,1541.0516,143.8603,-7992.8470,1541.0516,143.8603,12.000,1,nan,nan
40.4820,392.0000,1,-8146.0266,1769.1676,64.4359,nan,nan,nan,0.9200,-0.3599,0.1555,0.2425,0.8340,0.4956,-0.3080,-0.4182,0.8545,0.0000,0.0000,0.0000,88.1680,-32.3977,22.4249,-7989.6638,1539.2733,144.5772,nan,nan,nan,-0.5980,0.7699,-0.2228,-0.1367,0.1760,0.9749,90.000,nan,nan,nan,0.0000,0.0000,0.0000,nan,nan,nan,-7989.6638,1539.2733,144.5772,-7989.6638,1539.2733,144.5772,12.000,1,nan,nan
40.5100,392.0334,1,-8143.2841,1767.6221,65.1674,nan,nan,nan,0.8329,-0.4949,0.2475,0.2920,0.7731,0.5631,-0.4700,-0.3967,0.7885,0.0000,0.0000,0.0000,87.1520,-35.9098,20.4848,-7987.1518,1537.6563,145.0698,nan,nan,nan,-0.5980,0.7699,-0.2228,-0.1367,0.1760,0.9749,90.000,nan,nan,nan,0.0000,0.0000,0.0000,nan,nan,nan,-7987.1518,1537.6563,145.0698,-7987.1518,1537.6563,145.0698,12.000,1,nan,nan
40.5380,392.0500,1,-8141.8482,1766.9922,65.5443,nan,nan,nan,0.8757,-0.4045,0.2637,0.2402,0.8387,0.4888,-0.4188,-0.3647,0.8316,0.0000,0.0000,0.0000,86.4565,-37.9130,19.8547,-7985.9090,1536.9776,145.3710,nan,nan,nan,-0.5980,0.7699,-0.2228,-0.1367,0.1760,0.9749,90.000,nan,nan,nan,0.0000,0.0000,0.0000,nan,nan,nan,-7985.9090,1536.9776,145.3710,-7985.9090,1536.9776,145.3710,12.000,1,nan,nan
40.5630,392.0834,1,-8138.9663,1765.7733,66.3119,nan,nan,nan,0.8942,-0.3792,0.2378,0.2485,0.8625,0.4409,-0.3723,-0.3352,0.8655,0.0000,0.0000,0.0000,85.7844,-38.8434,20.8159,-7982.9614,1535.5946,146.1669,nan,nan,nan,-0.5980,0.7699,-0.2228,-0.1367,0.1760,0.9749,90.000,nan,nan,nan,0.0000,0.0000,0.0000,nan,nan,nan,-7982.9614,1535.5946,146.1669,-7982.9614,1535.5946,146.1669,12.000,1,nan,nan
40.5910,392.1167,1,-8136.2684,1764.8430,67.1121,nan,nan,nan,0.9103,-0.3139,0.2700,0.1812,0.8883,0.4220,-0.3723,-0.3352,0.8655,0.0000,0.0000,0.0000,84.3214,-37.4961,22.4817,-7980.0637,1534.2871,146.9604,nan,nan,nan,-0.5980,0.7699,-0.2228,-0.1367,0.1760,0.9749,90.000,nan,nan,nan,0.0000,0.0000,0.0000,nan,nan,nan,-7980.0637,1534.2871,146.9604,-7980.0637,1534.2871,146.9604,12.000,1,nan,nan
40.6180,392.1334,1,-8135.0130,1764.5245,67.5288,nan,nan,nan,0.9227,-0.2341,0.3062,0.0999,0.9126,0.3964,-0.3723,-0.3352,0.8655,0.0000,0.0000,0.0000,82.6390,-31.7758,23.4255,-7978.7676,1533.7212,147.3209,nan,nan,nan,-0.5980,0.7699,-0.2228,-0.1367,0.1760,0.9749,90.000,nan,nan,nan,0.0000,0.0000,0.0000,nan,nan,nan,-7978.7676,1533.7212,147.3209,-7978.7676,1533.7212,147.3209,12.000,1,nan,nan
40.6440,392.1667,1,-8132.4883,1763.9907,68.4080,nan,nan,nan,0.9261,-0.1958,0.3225,0.0614,0.9216,0.3833,-0.3723,-0.3352,0.8655,0.0000,0.0000,0.0000,80.2202,-26.2750,24.3676,-7975.9539,1532.5803,148.1308,nan,nan,nan,-0.5980,0.7699,-0.2228,-0.1367,0.1760,0.9749,90.000,nan,nan,nan,0.0000,0.0000,0.0000,nan,nan,nan,-7975.9539,1532.5803,148.1308,-7975.9539,1532.5803,148.1308,12.000,1,nan,nan
40.6730,392.1834,1,-8131.2070,1763.7526,68.8670,nan,nan,nan,0.9273,-0.1723,0.3322,0.0378,0.9263,0.3750,-0.3723,-0.3352,0.8655,0.0000,0.0000,0.0000,77.8203,-20.7190,25.4575,-7974.6886,1532.0886,148.5018,nan,nan,nan,-0.5980,0.7699,-0.2228,-0.1367,0.1760,0.9749,90.000,nan,nan,nan,0.0000,0.0000,0.0000,nan,nan,nan,-7974.6886,1532.0886,148.5018,-7974.6886,1532.0886,148.5018,12.000,1,nan,nan
40.6990,392.2167,1,-8128.6357,1763.3421,69.8140,nan,nan,nan,0.9280,-0.1481,0.3418,0.0136,0.9304,0.3662,-0.3723,-0.3352,0.8655,0.0000,0.0000,0.0000,76.5809,-16.4888,26.5567,-7971.9231,1531.1042,149.3424,nan,nan,nan,-0.5980,0.7699,-0.2228,-0.1367,0.1760,0.9749,90.000,nan,nan,nan,0.0000,0.0000,0.0000,nan,nan,nan,-7971.9231,1531.1042,149.3424,-7971.9231,1531.1042,149.3424,12.000,1,nan,nan
40.7250,392.2500,1,-8126.0537,1763.0253,70.8020,nan,nan,nan,0.9279,-0.1139,0.3550,-0.0204,0.9352,0.3534,-0.3723,-0.3352,0.8655,0.0000,0.0000,0.0000,76.7595,-13.7220,27.7039,-7969.1948,1530.2252,150.2027,nan,nan,nan,-0.5980,0.7699,-0.2228,-0.1367,0.1760,0.9749,90.000,nan,nan,nan,0.0000,0.0000,0.0000,nan,nan,nan,-7969.1948,1530.2252,150.2027,-7969.1948,1530.2252,150.2027,12.000,1,nan,nan
40.7540,392.2667,1,-8124.7312,1762.9020,71.3231,nan,nan,nan,0.9269,-0.0864,0.3652,-0.0476,0.9382,0.3429,-0.3723,-0.3352,0.8655,0.0000,0.0000,0.0000,77.5167,-11.4455,28.9111,-7967.9595,1529.8500,150.6001,nan,nan,nan,-0.5980,0.7699,-0.2228,-0.1367,0.1760,0.9749,90.000,nan,nan,nan,0.0000,0.0000,0.0000,nan,nan,nan,-7967.9595,1529.8500,150.6001,-7967.9595,1529.8500,150.6001,12.000,1,nan,nan
40.7810,392.3000,1,-8121.9438,1762.8011,72.4830,nan,nan,nan,0.9227,-0.0334,0.3840,-0.0998,0.9416,0.3217,-0.3723,-0.3352,0.8655,0.0000,0.0000,0.0000,79.0170,-8.7380,30.6049,-7965.2093,1529.1287,151.5250,nan,nan,nan,-0.5980,0.7699,-0.2228,-0.1367,0.1760,0.9749,90.000,nan,nan,nan,0.0000,0.0000,0.0000,nan,nan,nan,-7965.2093,1529.1287,151.5250,-7965.2093,1529.1287,151.5250,12.000,1,nan,nan
40.8080,392.3334,1,-8119.1260,1762.7608,73.6795,nan,nan,nan,0.9204,-0.0132,0.3908,-0.1196,0.9421,0.3134,-0.3723,-0.3352,0.8655,0.0000,0.0000,0.0000,80.7961,-5.9753,32.4402,-7962.4489,1528.5117,152.4915,nan,nan,nan,-0.5980,0.7699,-0.2228,-0.1367,0.1760,0.9749,90.000,nan,nan,nan,0.0000,0.0000,0.0000,nan,nan,nan,-7962.4489,1528.5117,152.4915,-7962.4489,1528.5117,152.4915,12.000,1,nan,nan
40.8330,392.3500,1,-8117.7225,1762.7544,74.2807,nan,nan,nan,0.9192,-0.0042,0.3938,-0.1284,0.9421,0.3097,-0.3723,-0.3352,0.8655,0.0000,0.0000,0.0000,82.5029,-3.5983,34.0950,-7961.1926,1528.2540,152.9396,nan,nan,nan,-0.5980,0.7699,-0.2228,-0.1367,0.1760,0.9749,90.000,nan,nan,nan,0.0000,0.0000,0.0000,nan,nan,nan,-7961.1926,1528.2540,152.9396,-7961.1926,1528.2540,152.9396,12.000,1,nan,nan
40.8610,392.3834,1,-8114.9154,1762.7416,75.4833,nan,nan,nan,0.9192,-0.0042,0.3938,-0.1284,0.9421,0.3097,-0.3723,-0.3352,0.8655,0.0000,0.0000,0.0000,83.8172,-1.7200,35.3878,-7958.3982,1527.7671,153.9671,nan,nan,nan,-0.5980,0.7699,-0.2228,-0.1367,0.1760,0.9749,90.000,nan,nan,nan,0.0000,0.0000,0.0000,nan,nan,nan,-7958.3982,1527.7671,153.9671,-7958.3982,1527.7671,153.9671,12.000,1,nan,nan
40.8890,392.4000,1,-8113.5118,1762.7352,76.0845,nan,nan,nan,0.9192,-0.0042,0.3938,-0.1284,0.9421,0.3097,-0.3723,-0.3352,0.8655,0.0000,0.0000,0.0000,84.1983,-0.8158,35.9019,-7957.1280,1527.5637,154.4407,nan,nan,nan,-0.5980,0.7699,-0.2228,-0.1367,0.1760,0.9749,90.000,nan,nan,nan,0.0000,0.0000,0.0000,nan,nan,nan,-7957.1280,1527.5637,154.4407,-7957.1280,1527.5637,154.4407,12.000,1,nan,nan
40.9160,392.4334,1,-8110.7047,1762.7224,77.2870,nan,nan,nan,0.9192,-0.0042,0.3938,-0.1284,0.9421,0.3097,-0.3723,-0.3352,0.8655,0.0000,0.0000,0.0000,84.2103,-0.4701,36.0409,-7954.3071,1527.1790,155.5162,nan,nan,nan,-0.5980,0.7699,-0.2228,-0.1367,0.1760,0.9749,90.000,nan,nan,nan,0.0000,0.0000,0.0000,nan,nan,nan,-7954.3071,1527.1790,155.5162,-7954.3071,1527.1790,155.5162,12.000,1,nan,nan
40.9430,392.4667,1,-8107.8976,1762.7097,78.4896,nan,nan,nan,0.9192,-0.0042,0.3938,-0.1284,0.9421,0.3097,-0.3723,-0.3352,0.8655,0.0000,0.0000,0.0000,84.2127,-0.4010,36.0687,-7951.4887,1526.8514,156.6110,nan,nan,nan,-0.5980,0.7699,-0.2228,-0.1367,0.1760,0.9749,90.000,nan,nan,nan,0.0000,0.0000,0.0000,nan,nan,nan,-7951.4887,1526.8514,156.6110,-7951.4887,1526.8514,156.6110,12.000,1,nan,nan
40.9700,392.4834,1,-8106.4940,1762.7033,79.0908,nan,nan,nan,0.9192,-0.0042,0.3938,-0.1284,0.9421,0.3097,-0.3723,-0.3352,0.8655,0.0000,0.0000,0.0000,84.2132,-0.3872,36.0743,-7950.2086,1526.7145,157.1125,nan,nan,nan,-0.5980,0.7699,-0.2228,-0.1367,0.1760,0.9749,90.000,nan,nan,nan,0.0000,0.0000,0.0000,nan,nan,nan,-7950.2086,1526.7145,157.1125,-7950.2086,1526.7145,157.1125,12.000,1,nan,nan
40.9980,392.5167,1,-8103.6762,1762.6630,80.2873,nan,nan,nan,0.9204,-0.0132,0.3908,-0.1196,0.9421,0.3134,-0.3723,-0.3352,0.8655,0.0000,0.0000,0.0000,84.2775,-0.5492,36.0392,-7947.3672,1526.4506,158.2400,nan,nan,nan,-0.5980,0.7699,-0.2228,-0.1367,0.1760,0.9749,90.000,nan,nan,nan,0.0000,0.0000,0.0000,nan,nan,nan,-7947.3672,1526.4506,158.2400,-7947.3672,1526.4506,158.2400,12.000,1,nan,nan
41.0260,392.5500,1,-8100.9367,1762.6139,81.4467,nan,nan,nan,0.9208,-0.0165,0.3897,-0.1164,0.9420,0.3148,-0.3723,-0.3352,0.8655,0.0000,0.0000,0.0000,83.8847,-0.7992,35.7734,-7944.5442,1526.2200,159.3712,nan,nan,nan,-0.5980,0.7699,-0.2228,-0.1367,0.1760,0.9749,90.000,nan,nan,nan,0.0000,0.0000,0.0000,nan,nan,nan,-7944.5442,1526.2200,159.3712,-7944.5442,1526.2200,159.3712,12.000,1,nan,nan
41.0540,392.5667,1,-8100.0037,1762.5609,81.8276,nan,nan,nan,0.9246,-0.0525,0.3774,-0.0810,0.9407,0.3295,-0.3723,-0.3352,0.8655,0.0000,0.0000,0.0000,78.1603,-1.4084,33.0751,-7943.3049,1526.1205,159.8683,nan,nan,nan,-0.5980,0.7699,-0.2228,-0.1367,0.1760,0.9749,90.000,nan,nan,nan,0.0000,0.0000,0.0000,nan,nan,nan,-7943.3049,1526.1205,159.8683,-7943.3049,1526.1205,159.8683,12.000,1,nan,nan
41.0810,392.6000,1,-8100.0037,1762.5609,81.8276,nan,nan,nan,0.9246,-0.0525,0.3774,-0.0810,0.9407,0.3295,-0.3723,-0.3352,0.8655,0.0000,0.0000,0.0000,60.1728,-1.4535,25.3204,-7941.0479,1525.9393,160.7736,nan,nan,nan,-0.5980,0.7699,-0.2228,-0.1367,0.1760,0.9749,90.000,nan,nan,nan,0.0000,0.0000,0.0000,nan,nan,nan,-7941.0479,1525.9393,160.7736,-7941.0479,1525.9393,160.7736,12.000,0,nan,nan
41.1080,392.6334,1,-8100.0037,1762.5609,81.8276,nan,nan,nan,0.9246,-0.0525,0.3774,-0.0810,0.9407,0.3295,-0.3723,-0.3352,0.8655,0.0000,0.0000,0.0000,39.6684,-1.2210,16.5905,-7939.1853,1525.7898,161.5208,nan,nan,nan,-0.5980,0.7699,-0.2228,-0.1367,0.1760,0.9749,90.000,nan,nan,nan,0.0000,0.0000,0.0000,nan,nan,nan,-7939.1853,1525.7898,161.5208,-7939.1853,1525.7898,161.5208,12.000,0,nan,nan
41.1350,392.6500,1,-8100.0037,1762.5609,81.8276,nan,nan,nan,0.9246,-0.0525,0.3774,-0.0810,0.9407,0.3295,-0.3723,-0.3352,0.8655,0.0000,0.0000,0.0000,19.1305,-0.8801,7.8881,-7938.4117,1525.7277,161.8311,nan,nan,nan,-0.5980,0.7699,-0.2228,-0.1367,0.1760,0.9749,90.000,nan,nan,nan,0.0000,0.0000,0.0000,nan,nan,nan,-7938.4117,1525.7277,161.8311,-7938.4117,1525.7277,161.8311,12.000,0,nan,nan
41.1620,392.6834,1,-8100.0037,1762.5609,81.8276,nan,nan,nan,0.9246,-0.0525,0.3774,-0.0810,0.9407,0.3295,-0.3723,-0.3352,0.8655,0.0000,0.0000,0.0000,3.8261,-0.1760,1.5776,-7936.9923,1525.6137,162.4005,nan,nan,nan,-0.5980,0.7699,-0.2228,-0.1367,0.1760,0.9749,90.000,nan,nan,nan,0.0000,0.0000,0.0000,nan,nan,nan,-7936.9923,1525.6137,162.4005,-7936.9923,1525.6137,162.4005,12.000,0,nan,nan
41.1870,392.7000,1,-8100.0037,1762.5609,81.8276,nan,nan,nan,0.9246,-0.0525,0.3774,-0.0810,0.9407,0.3295,-0.3723,-0.3352,0.8655,0.0000,0.0000,0.0000,0.7652,-0.0352,0.3155,-7936.3976,1525.5660,162.6391,nan,nan,nan,-0.5980,0.7699,-0.2228,-0.1367,0.1760,0.9749,90.000,nan,nan,nan,0.0000,0.0000,0.0000,nan,nan,nan,-7936.3976,1525.5660,162.6391,-7936.3976,1525.5660,162.6391,12.000,0,nan,nan
41.2130,392.7334,1,-8100.0037,1762.5609,81.8276,nan,nan,nan,0.9246,-0.0525,0.3774,-0.0810,0.9407,0.3295,-0.3723,-0.3352,0.8655,0.0000,0.0000,0.0000,0.1530,-0.0070,0.0631,-7935.3023,1525.4780,163.0784,nan,nan,nan,-0.5980,0.7699,-0.2228,-0.1367,0.1760,0.9749,90.000,nan,nan,nan,0.0000,0.0000,0.0000,nan,nan,nan,-7935.3023,1525.4780,163.0784,-7935.3023,1525.4780,163.0784,12.000,0,nan,nan
41.2410,392.7500,1,-8100.0037,1762.5609,81.8276,nan,nan,nan,0.9246,-0.0525,0.3774,-0.0810,0.9407,0.3295,-0.3723,-0.3352,0.8655,0.0000,0.0000,0.0000,0.0306,-0.0014,0.0126,-7934.8396,1525.4409,163.2640,nan,nan,nan,-0.5980,0.7699,-0.2228,-0.1367,0.1760,0.9749,90.000,nan,nan,nan,0.0000,0.0000,0.0000,nan,nan,nan,-7934.8396,1525.4409,163.2640,-7934.8396,1525.4409,163.2640,12.000,0,nan,nan
41.2670,392.7834,1,-8100.0037,1762.5609,81.8276,nan,nan,nan,0.9246,-0.0525,0.3774,-0.0810,0.9407,0.3295,-0.3723,-0.3352,0.8655,0.0000,0.0000,0.0000,0.0061,-0.0003,0.0025,-7933.9845,1525.3722,163.6070,nan,nan,nan,-0.5980,0.7699,-0.2228,-0.1367,0.1760,0.9749,90.000,nan,nan,nan,0.0000,0.0000,0.0000,nan,nan,nan,-7933.9845,1525.3722,163.6070,-7933.9845,1525.3722,163.6070,12.000,0,nan,nan
41.2950,392.8167,1,-8100.0037,1762.5609,81.8276,nan,nan,nan,0.9246,-0.0525,0.3774,-0.0810,0.9407,0.3295,-0.3723,-0.3352,0.8655,0.0000,0.0000,0.0000,0.0012,-0.0001,0.0005,-7933.2569,1525.3138,163.8989,nan,nan,nan,-0.5980,0.7699,-0.2228,-0.1367,0.1760,0.9749,90.000,nan,nan,nan,0.0000,0.0000,0.0000,nan,nan,nan,-7933.2569,1525.3138,163.8989,-7933.2569,1525.3138,163.8989,12.000,0,nan,nan
41.3240,392.8334,1,-8100.0037,1762.5609,81.8276,nan,nan,nan,0.9246,-0.0525,0.3774,-0.0810,0.9407,0.3295,-0.3723,-0.3352,0.8655,0.0000,0.0000,0.0000,0.0002,-0.0000,0.0001,-7932.9458,1525.2888,164.0237,nan,nan,nan,-0.5980,0.7699,-0.2228,-0.1367,0.1760,0.9749,90.000,nan,nan,nan,0.0000,0.0000,0.0000,nan,nan,nan,-7932.9458,1525.2888,164.0237,-7932.9458,1525.2888,164.0237,12.000,0,nan,nan
41.3500,392.8667,1,-8100.0037,1762.5609,81.8276,nan,nan,nan,0.9246,-0.0525,0.3774,-0.0810,0.9407,0.3295,-0.3723,-0.3352,0.8655,0.0000,0.0000,0.0000,0.0000,-0.0000,0.0000,-7932.3679,1525.2424,164.2555,nan,nan,nan,-0.5980,0.7699,-0.2228,-0.1367,0.1760,0.9749,90.000,nan,nan,nan,0.0000,0.0000,0.0000,nan,nan,nan,-7932.3679,1525.2424,164.2555,-7932.3679,1525.2424,164.2555,12.000,0,nan,nan
41.3770,392.9000,1,-8100.0037,1762.5609,81.8276,nan,nan,nan,0.9246,-0.0525,0.3774,-0.0810,0.9407,0.3295,-0.3723,-0.3352,0.8655,0.0000,0.0000,0.0000,0.0000,-0.0000,0.0000,-7931.8708,1525.2025,164.4549,nan,nan,nan,-0.5980,0.7699,-0.2228,-0.1367,0.1760,0.9749,90.000,nan,nan,nan,0.0000,0.0000,0.0000,nan,nan,nan,-7931.8708,1525.2025,164.4549,-7931.8708,1525.2025,164.4549,12.000,0,nan,nan
41.4040,392.9167,1,-8100.0037,1762.5609,81.8276,nan,nan,nan,0.9246,-0.0525,0.3774,-0.0810,0.9407,0.3295,-0.3723,-0.3352,0.8655,0.0000,0.0000,0.0000,0.0000,-0.0000,0.0000,-7931.6561,1525.1853,164.5410,nan,nan,nan,-0.5980,0.7699,-0.2228,-0.1367,0.1760,0.9749,90.000,nan,nan,nan,0.0000,0.0000,0.0000,nan,nan,nan,-7931.6561,1525.1853,164.5410,-7931.6561,1525.1853,164.5410,12.000,0,nan,nan
41.4310,392.9500,1,-8100.0037,1762.5609,81.8276,nan,nan,nan,0.9246,-0.0525,0.3774,-0.0810,0.9407,0.3295,-0.3723,-0.3352,0.8655,0.0000,0.0000,0.0000,0.0000,-0.0000,0.0000,-7931.2554,1525.1531,164.7018,nan,nan,nan,-0.5980,0.7699,-0.2228,-0.1367,0.1760,0.9749,90.000,nan,nan,nan,0.0000,0.0000,0.0000,nan,nan,nan,-7931.2554,1525.1531,164.7018,-7931.2554,1525.1531,164.7018,12.000,0,nan,nan
41.4580,392.9834,1,-8100.0037,1762.5609,81.8276,nan,nan,nan,0.9246,-0.0525,0.3774,-0.0810,0.9407,0.3295,-0.3723,-0.3352,0.8655,0.0000,0.0000,0.0000,0.0000,-0.0000,0.0000,-7930.9074,1525.1252,164.8413,nan,nan,nan,-0.5980,0.7699,-0.2228,-0.1367,0.1760,0.9749,90.000,nan,nan,nan,0.0000,0.0000,0.0000,nan,nan,nan,-7930.9074,1525.1252,164.8413,-7930.9074,1525.1252,164.8413,12.000,0,nan,nan
41.4840,393.0000,1,-8100.0037,1762.5609,81.8276,nan,nan,nan,0.9246,-0.0525,0.3774,-0.0810,0.9407,0.3295,-0.3723,-0.3352,0.8655,0.0000,0.0000,0.0000,0.0000,-0.0000,0.0000,-7930.7558,1525.1130,164.9022,nan,nan,nan,-0.5980,0.7699,-0.2228,-0.1367,0.1760,0.9749,90.000,nan,nan,nan,0.0000,0.0000,0.0000,nan,nan,nan,-7930.7558,1525.1130,164.9022,-7930.7558,1525.1130,164.9022,12.000,0,nan,nan
41.5110,393.0334,1,-8100.0037,1762.5609,81.8276,nan,nan,nan,0.9246,-0.0525,0.3774,-0.0810,0.9407,0.3295,-0.3723,-0.3352,0.8655,0.0000,0.0000,0.0000,0.0000,-0.0000,0.0000,-7930.4717,1525.0902,165.0161,nan,nan,nan,-0.5980,0.7699,-0.2228,-0.1367,0.1760,0.9749,90.000,nan,nan,nan,0.0000,0.0000,0.0000,nan,nan,nan,-7930.4717,1525.0902,165.0161,-7930.4717,1525.0902,165.0161,12.000,0,nan,nan
41.5380,393.0500,1,-8100.0037,1762.5609,81.8276,nan,nan,nan,0.9246,-0.0525,0.3774,-0.0810,0.9407,0.3295,-0.3723,-0.3352,0.8655,0.0000,0.0000,0.0000,0.0000,-0.0000,0.0000,-7930.3473,1525.0802,165.0660,nan,nan,nan,-0.5980,0.7699,-0.2228,-0.1367,0.1760,0.9749,90.000,nan,nan,nan,0.0000,0.0000,0.0000,nan,nan,nan,-7930.3473,1525.0802,165.0660,-7930.3473,1525.0802,165.0660,12.000,0,nan,nan
41.5650,393.0834,1,-8100.0037,1762.5609,81.8276,nan,nan,nan,0.9246,-0.0525,0.3774,-0.0810,0.9407,0.3295,-0.3723,-0.3352,0.8655,0.0000,0.0000,0.0000,0.0000,-0.0000,0.0000,-7930.1137,1525.0614,165.1597,nan,nan,nan,-0.5980,0.7699,-0.2228,-0.1367,0.1760,0.9749,90.000,nan,nan,nan,0.0000,0.0000,0.0000,nan,nan,nan,-7930.1137,1525.0614,165.1597,-7930.1137,1525.0614,165.1597,12.000,0,nan,nan
41.5920,393.1167,1,-8100.0037,1762.5609,81.8276,nan,nan,nan,0.9246,-0.0525,0.3774,-0.0810,0.9407,0.3295,-0.3723,-0.3352,0.8655,0.0000,0.0000,0.0000,0.0000,-0.0000,0.0000,-7929.9082,1525.0449,165.2422,nan,nan,nan,-0.5980,0.7699,-0.2228,-0.1367,0.1760,0.9749,90.000,nan,nan,nan,0.0000,0.0000,0.0000,nan,nan,nan,-7929.9082,1525.0449,165.2422,-7929.9082,1525.0449,165.2422,12.000,0,nan,nan
41.6190,393.1334,1,-8100.0037,1762.5609,81.8276,nan,nan,nan,0.9246,-0.0525,0.3774,-0.0810,0.9407,0.3295,-0.3723,-0.3352,0.8655,0.0000,0.0000,0.0000,0.0000,-0.0000,0.0000,-7929.8175,1525.0377,165.2785,nan,nan,nan,-0.5980,0.7699,-0.2228,-0.1367,0.1760,0.9749,90.000,nan,nan,nan,0.0000,0.0000,0.0000,nan,nan,nan,-7929.8175,1525.0377,165.2785,-7929.8175,1525.0377,165.2785,12.000,0,nan,nan
41.6460,393.1667,1,-8100.0037,1762.5609,81.8276,nan,nan,nan,0.9246,-0.0525,0.3774,-0.0810,0.9407,0.3295,-0.3723,-0.3352,0.8655,0.0000,0.0000,0.0000,0.0000,-0.0000,0.0000,-7929.6467,1525.0239,165.3470,nan,nan,nan,-0.5980,0.7699,-0.2228,-0.1367,0.1760,0.9749,90.000,nan,nan,nan,0.0000,0.0000,0.0000,nan,nan,nan,-7929.6467,1525.0239,165.3470,-7929.6467,1525.0239,165.3470,12.000,0,nan,nan
41.6720,393.1834,1,-8100.0037,1762.5609,81.8276,nan,nan,nan,0.9246,-0.0525,0.3774,-0.0810,0.9407,0.3295,-0.3723,-0.3352,0.8655,0.0000,0.0000,0.0000,0.0000,-0.0000,0.0000,-7929.5711,1525.0179,165.3774,nan,nan,nan,-0.5980,0.7699,-0.2228,-0.1367,0.1760,0.9749,90.000,nan,nan,nan,0.0000,0.0000,0.0000,nan,nan,nan,-7929.5711,1525.0179,165.3774,-7929.5711,1525.0179,165.3774,12.000,0,nan,nan
41.6990,393.2167,1,-8100.0037,1762.5609,81.8276,nan,nan,nan,0.9246,-0.0525,0.3774,-0.0810,0.9407,0.3295,-0.3723,-0.3352,0.8655,0.0000,0.0000,0.0000,0.0000,-0.0000,0.0000,-7929.4284,1525.0064,165.4347,nan,nan,nan,-0.5980,0.7699,-0.2228,-0.1367,0.1760,0.9749,90.000,nan,nan,nan,0.0000,0.0000,0.0000,nan,nan,nan,-7929.4284,1525.0064,165.4347,-7929.4284,1525.0064,165.4347,12.000,0,nan,nan
41.7270,393.2500,1,-8100.0037,1762.5609,81.8276,nan,nan,nan,0.9246,-0.0525,0.3774,-0.0810,0.9407,0.3295,-0.3723,-0.3352,0.8655,0.0000,0.0000,0.0000,0.0000,-0.0000,0.0000,-7929.3014,1524.9962,165.4856,nan,nan,nan,-0.5980,0.7699,-0.2228,-0.1367,0.1760,0.9749,90.000,nan,nan,nan,0.0000,0.0000,0.0000,nan,nan,nan,-7929.3014,1524.9962,165.4856,-7929.3014,1524.9962,165.4856,12.000,0,nan,nan
41.7550,393.2667,1,-8100.0037,1762.5609,81.8276,nan,nan,nan,0.9246,-0.0525,0.3774,-0.0810,0.9407,0.3295,-0.3723,-0.3352,0.8655,0.0000,0.0000,0.0000,0.0000,-0.0000,0.0000,-7929.2449,1524.9917,165.5082,nan,nan,nan,-0.5980,0.7699,-0.2228,-0.1367,0.1760,0.9749,90.000,nan,nan,nan,0.0000,0.0000,0.0000,nan,nan,nan,-7929.2449,1524.9917,165.5082,-7929.2449,1524.9917,165.5082,12.000,0,nan,nan
41.7810,393.3000,1,-8100.0037,1762.5609,81.8276,nan,nan,nan,0.9246,-0.0525,0.3774,-0.0810,0.9407,0.3295,-0.3723,-0.3352,0.8655,0.0000,0.0000,0.0000,0.0000,-0.0000,0.0000,-7929.1378,1524.9831,165.5512,nan,nan,nan,-0.5980,0.7699,-0.2228,-0.1367,0.1760,0.9749,90.000,nan,nan,nan,0.0000,0.0000,0.0000,nan,nan,nan,-7929.1378,1524.9831,165.5512,-7929.1378,1524.9831,165.5512,12.000,0,nan,nan
41.8080,393.3334,1,-8100.0037,1762.5609,81.8276,nan,nan,nan,0.9246,-0.0525,0.3774,-0.0810,0.9407,0.3295,-0.3723,-0.3352,0.8655,0.0000,0.0000,0.0000,0.0000,-0.0000,0.0000,-7929.0421,1524.9754,165.5896,nan,nan,nan,-0.5980,0.7699,-0.2228,-0.1367,0.1760,0.9749,90.000,nan,nan,nan,0.0000,0.0000,0.0000,nan,nan,nan,-7929.0421,1524.9754,165.5896,-7929.0421,1524.9754,165.5896,12.000,0,nan,nan
41.8360,393.3500,1,-8100.0037,1762.5609,81.8276,nan,nan,nan,0.9246,-0.0525,0.3774,-0.0810,0.9407,0.3295,-0.3723,-0.3352,0.8655,0.0000,0.0000,0.0000,0.0000,-0.0000,0.0000,-7928.9992,1524.9720,165.6068,nan,nan,nan,-0.5980,0.7699,-0.2228,-0.1367,0.1760,0.9749,90.000,nan,nan,nan,0.0000,0.0000,0.0000,nan,nan,nan,-7928.9992,1524.9720,165.6068,-7928.9992,1524.9720,165.6068,12.000,0,nan,nan
41.8620,393.3834,1,-8100.0037,1762.5609,81.8276,nan,nan,nan,0.9246,-0.0525,0.3774,-0.0810,0.9407,0.3295,-0.3723,-0.3352,0.8655,0.0000,0.0000,0.0000,0.0000,-0.0000,0.0000,-7928.9179,1524.9654,165.6394,nan,nan,nan,-0.5980,0.7699,-0.2228,-0.1367,0.1760,0.9749,90.000,nan,nan,nan,0.0000,0.0000,0.0000,nan,nan,nan,-7928.9179,1524.9654,165.6394,-7928.9179,1524.9654,165.6394,12.000,0,nan,nan
41.8900,393.4000,1,-8100.0037,1762.5609,81.8276,nan,nan,nan,0.9246,-0.0525,0.3774,-0.0810,0.9407,0.3295,-0.3723,-0.3352,0.8655,0.0000,0.0000,0.0000,0.0000,-0.0000,0.0000,-7928.8813,1524.9625,165.6541,nan,nan,nan,-0.5980,0.7699,-0.2228,-0.1367,0.1760,0.9749,90.000,nan,nan,nan,0.0000,0.0000,0.0000,nan,nan,nan,-7928.8813,1524.9625,165.6541,-7928.8813,1524.9625,165.6541,12.000,0,nan,nan
41.9160,393.4334,1,-8100.0037,1762.5609,81.8276,nan,nan,nan,0.9246,-0.0525,0.3774,-0.0810,0.9407,0.3295,-0.3723,-0.3352,0.8655,0.0000,0.0000,0.0000,0.0000,-0.0000,0.0000,-7928.8118,1524.9569,165.6820,nan,nan,nan,-0.5980,0.7699,-0.2228,-0.1367,0.1760,0.9749,90.000,nan,nan,nan,0.0000,0.0000,0.0000,nan,nan,nan,-7928.8118,1524.9569,165.6820,-7928.8118,1524.9569,165.6820,12.000,0,nan,nan
41.9420,393.4667,1,-8100.0037,1762.5609,81.8276,nan,nan,nan,0.9246,-0.0525,0.3774,-0.0810,0.9407,0.3295,-0.3723,-0.3352,0.8655,0.0000,0.0000,0.0000,0.0000,-0.0000,0.0000,-7928.7491,1524.9519,165.7071,nan,nan,nan,-0.5980,0.7699,-0.2228,-0.1367,0.1760,0.9749,90.000,nan,nan,nan,0.0000,0.0000,0.0000,nan,nan,nan,-7928.7491,1524.9519,165.7071,-7928.7491,1524.9519,165.7071,12.000,0,nan,nan
41.9700,393.4834,1,-8100.0037,1762.5609,81.8276,nan,nan,nan,0.9246,-0.0525,0.3774,-0.0810,0.9407,0.3295,-0.3723,-0.3352,0.8655,0.0000,0.0000,0.0000,0.0000,-0.0000,0.0000,-7928.7208,1524.9496,165.7185,nan,nan,nan,-0.5980,0.7699,-0.2228,-0.1367,0.1760,0.9749,90.000,nan,nan,nan,0.0000,0.0000,0.0000,nan,nan,nan,-7928.7208,1524.9496,165.7185,-7928.7208,1524.9496,165.7185,12.000,0,nan,nan
41.9970,393.5167,1,-8100.0037,1762.5609,81.8276,nan,nan,nan,0.9246,-0.0525,0.3774,-0.0810,0.9407,0.3295,-0.3723,-0.3352,0.8655,0.0000,0.0000,0.0000,0.0000,-0.0000,0.0000,-7928.6669,1524.9453,165.7401,nan,nan,nan,-0.5980,0.7699,-0.2228,-0.1367,0.1760,0.9749,90.000,nan,nan,nan,0.0000,0.0000,0.0000,nan,nan,nan,-7928.6669,1524.9453,165.7401,-7928.6669,1524.9453,165.7401,12.000,0,nan,nan
42.0260,393.5500,1,-8100.0037,1762.5609,81.8276,nan,nan,nan,0.9246,-0.0525,0.3774,-0.0810,0.9407,0.3295,-0.3723,-0.3352,0.8655,0.0000,0.0000,0.0000,0.0000,-0.0000,0.0000,-7928.6181,1524.9414,165.7597,nan,nan,nan,-0.5980,0.7699,-0.2228,-0.1367,0.1760,0.9749,90.000,nan,nan,nan,0.0000,0.0000,0.0000,nan,nan,nan,-7928.6181,1524.9414,165.7597,-7928.6181,1524.9414,165.7597,12.000,0,nan,nan
42.0540,393.5667,1,-8100.0037,1762.5609,81.8276,nan,nan,nan,0.9246,-0.0525,0.3774,-0.0810,0.9407,0.3295,-0.3723,-0.3352,0.8655,0.0000,0.0000,0.0000,0.0000,-0.0000,0.0000,-7928.5960,1524.9396,165.7685,nan,nan,nan,-0.5980,0.7699,-0.2228,-0.1367,0.1760,0.9749,90.000,nan,nan,nan,0.0000,0.0000,0.0000,nan,nan,nan,-7928.5960,1524.9396,165.7685,-7928.5960,1524.9396,165.7685,12.000,0,nan,nan
42.0800,393.6000,1,-8100.0037,1762.5609,81.8276,nan,nan,nan,0.9246,-0.0525,0.3774,-0.0810,0.9407,0.3295,-0.3723,-0.3352,0.8655,0.0000,0.0000,0.0000,0.0000,-0.0000,0.0000,-7928.5538,1524.9362,165.7855,nan,nan,nan,-0.5980,0.7699,-0.2228,-0.1367,0.1760,0.9749,90.000,nan,nan,nan,0.0000,0.0000,0.0000,nan,nan,nan,-7928.5538,1524.9362,165.7855,-7928.5538,1524.9362,165.7855,12.000,0,nan,nan
42.1050,393.6334,1,-8100.0037,1762.5609,81.8276,nan,nan,nan,0.9246,-0.0525,0.3774,-0.0810,0.9407,0.3295,-0.3723,-0.3352,0.8655,0.0000,0.0000,0.0000,0.0000,-0.0000,0.0000,-7928.5154,1524.9331,165.8009,nan,nan,nan,-0.5980,0.7699,-0.2228,-0.1367,0.1760,0.9749,90.000,nan,nan,nan,0.0000,0.0000,0.0000,nan,nan,nan,-7928.5154,1524.9331,165.8009,-7928.5154,1524.9331,165.8009,12.000,0,nan,nan
42.1310,393.6500,1,-8100.0037,1762.5609,81.8276,nan,nan,nan,0.9246,-0.0525,0.3774,-0.0810,0.9407,0.3295,-0.3723,-0.3352,0.8655,0.0000,0.0000,0.0000,0.0000,-0.0000,0.0000,-7928.4979,1524.9317,165.8079,nan,nan,nan,-0.5980,0.7699,-0.2228,-0.1367,0.1760,0.9749,90.000,nan,nan,nan,0.0000,0.0000,0.0000,nan,nan,nan,-7928.4979,1524.9317,165.8079,-7928.4979,1524.9317,165.8079,12.000,0,nan,nan
42.1590,393.6834,1,-8100.0037,1762.5609,81.8276,nan,nan,nan,0.9246,-0.0525,0.3774,-0.0810,0.9407,0.3295,-0.3723,-0.3352,0.8655,0.0000,0.0000,0.0000,0.0000,-0.0000,0.0000,-7928.4644,1524.9290,165.8213,nan,nan,nan,-0.5980,0.7699,-0.2228,-0.1367,0.1760,0.9749,90.000,nan,nan,nan,0.0000,0.0000,0.0000,nan,nan,nan,-7928.4644,1524.9290,165.8213,-7928.4644,1524.9290,165.8213,12.000,0,nan,nan
42.1850,393.7000,1,-8100.0037,1762.5609,81.8276,nan,nan,nan,0.9246,-0.0525,0.3774,-0.0810,0.9407,0.3295,-0.3723,-0.3352,0.8655,0.0000,0.0000,0.0000,0.0000,-0.0000,0.0000,-7928.4492,1524.9278,165.8274,nan,nan,nan,-0.5980,0.7699,-0.2228,-0.1367,0.1760,0.9749,90.000,nan,nan,nan,0.0000,0.0000,0.0000,nan,nan,nan,-7928.4492,1524.9278,165.8274,-7928.4492,1524.9278,165.8274,12.000,0,nan,nan
42.2120,393.7334,1,-8100.0037,1762.5609,81.8276,nan,nan,nan,0.9246,-0.0525,0.3774,-0.0810,0.9407,0.3295,-0.3723,-0.3352,0.8655,0.0000,0.0000,0.0000,0.0000,-0.0000,0.0000,-7928.4200,1524.9255,165.8391,nan,nan,nan,-0.5980,0.7699,-0.2228,-0.1367,0.1760,0.9749,90.000,nan,nan,nan,0.0000,0.0000,0.0000,nan,nan,nan,-7928.4200,1524.9255,165.8391,-7928.4200,1524.9255,165.8391,12.000,0,nan,nan
42.2390,393.7500,1,-8100.0037,1762.5609,81.8276,nan,nan,nan,0.9246,-0.0525,0.3774,-0.0810,0.9407,0.3295,-0.3723,-0.3352,0.8655,0.0000,0.0000,0.0000,0.0000,-0.0000,0.0000,-7928.4066,1524.9244,165.8445,nan,nan,nan,-0.5980,0.7699,-0.2228,-0.1367,0.1760,0.9749,90.000,nan,nan,nan,0.0000,0.0000,0.0000,nan,nan,nan,-7928.4066,1524.9244,165.8445,-7928.4066,1524.9244,165.8445,12.000,0,nan,nan
42.2710,393.7834,1,-8100.0037,1762.5609,81.8276,nan,nan,nan,0.9246,-0.0525,0.3774,-0.0810,0.9407,0.3295,-0.3723,-0.3352,0.8655,0.0000,0.0000,0.0000,0.0000,-0.0000,0.0000,-7928.3811,1524.9223,165.8548,nan,nan,nan,-0.5980,0.7699,-0.2228,-0.1367,0.1760,0.9749,90.000,nan,nan,nan,0.0000,0.0000,0.0000,nan,nan,nan,-7928.3811,1524.9223,165.8548,-7928.3811,1524.9223,165.8548,12.000,0,nan,nan
42.2970,393.8167,1,-8100.0037,1762.5609,81.8276,nan,nan,nan,0.9246,-0.0525,0.3774,-0.0810,0.9407,0.3295,-0.3723,-0.3352,0.8655,0.0000,0.0000,0.0000,0.0000,-0.0000,0.0000,-7928.3576,1524.9204,165.8642,nan,nan,nan,-0.5980,0.7699,-0.2228,-0.1367,0.1760,0.9749,90.000,nan,nan,nan,0.0000,0.0000,0.0000,nan,nan,nan,-7928.3576,1524.9204,165.8642,-7928.3576,1524.9204,165.8642,12.000,0,nan,nan
42.3230,393.8500,1,-8100.0037,1762.5609,81.8276,nan,nan,nan,0.9246,-0.0525,0.3774,-0.0810,0.9407,0.3295,-0.3723,-0.3352,0.8655,0.0000,0.0000,0.0000,0.0000,-0.0000,0.0000,-7928.3361,1524.9187,165.8728,nan,nan,nan,-0.5980,0.7699,-0.2228,-0.1367,0.1760,0.9749,90.000,nan,nan,nan,0.0000,0.0000,0.0000,nan,nan,nan,-7928.3361,1524.9187,165.8728,-7928.3361,1524.9187,165.8728,12.000,0,nan,nan
42.3510,393.8667,1,-8100.0037,1762.5609,81.8276,nan,nan,nan,0.9246,-0.0525,0.3774,-0.0810,0.9407,0.3295,-0.3723,-0.3352,0.8655,0.0000,0.0000,0.0000,0.0000,-0.0000,0.0000,-7928.3262,1524.9179,165.8768,nan,nan,nan,-0.5980,0.7699,-0.2228,-0.1367,0.1760,0.9749,90.000,nan,nan,nan,0.0000,0.0000,0.0000,nan,nan,nan,-7928.3262,1524.9179,165.8768,-7928.3262,1524.9179,165.8768,12.000,0,nan,nan
42.3770,393.9000,1,-8100.0037,1762.5609,81.8276,nan,nan,nan,0.9246,-0.0525,0.3774,-0.0810,0.9407,0.3295,-0.3723,-0.3352,0.8655,0.0000,0.0000,0.0000,0.0000,-0.0000,0.0000,-7928.3072,1524.9164,165.8844,nan,nan,nan,-0.5980,0.7699,-0.2228,-0.1367,0.1760,0.9749,90.000,nan,nan,nan,0.0000,0.0000,0.0000,nan,nan,nan,-7928.3072,1524.9164,165.8844,-7928.3072,1524.9164,165.8844,12.000,0,nan,nan
42.4030,393.9167,1,-8100.0037,1762.5609,81.8276,nan,nan,nan,0.9246,-0.0525,0.3774,-0.0810,0.9407,0.3295,-0.3723,-0.3352,0.8655,0.0000,0.0000,0.0000,0.0000,-0.0000,0.0000,-7928.2985,1524.9157,165.8879,nan,nan,nan,-0.5980,0.7699,-0.2228,-0.1367,0.1760,0.9749,90.000,nan,nan,nan,0.0000,0.0000,0.0000,nan,nan,nan,-7928.2985,1524.9157,165.8879,-7928.2985,1524.9157,165.8879,12.000,0,nan,nan
42.4310,393.9500,1,-8100.0037,1762.5609,81.8276,nan,nan,nan,0.9246,-0.0525,0.3774,-0.0810,0.9407,0.3295,-0.3723,-0.3352,0.8655,0.0000,0.0000,0.0000,0.0000,-0.0000,0.0000,-7928.2817,1524.9144,165.8946,nan,nan,nan,-0.5980,0.7699,-0.2228,-0.1367,0.1760,0.9749,90.000,nan,nan,nan,0.0000,0.0000,0.0000,nan,nan,nan,-7928.2817,1524.9144,165.8946,-7928.2817,1524.9144,165.8946,12.000,0,nan,nan
42.4560,393.9834,1,-8100.0037,1762.5609,81.8276,nan,nan,nan,0.9246,-0.0525,0.3774,-0.0810,0.9407,0.3295,-0.3723,-0.3352,0.8655,0.0000,0.0000,0.0000,0.0000,-0.0000,0.0000,-7928.2663,1524.9131,165.9008,nan,nan,nan,-0.5980,0.7699,-0.2228,-0.1367,0.1760,0.9749,90.000,nan,nan,nan,0.0000,0.0000,0.0000,nan,nan,nan,-7928.2663,1524.9131,165.9008,-7928.2663,1524.9131,165.9008,12.000,0,nan,nan
42.4850,394.0000,1,-8100.0037,1762.5609,81.8276,nan,nan,nan,0.9246,-0.0525,0.3774,-0.0810,0.9407,0.3295,-0.3723,-0.3352,0.8655,0.0000,0.0000,0.0000,0.0000,-0.0000,0.0000,-7928.2591,1524.9125,165.9037,nan,nan,nan,-0.5980,0.7699,-0.2228,-0.1367,0.1760,0.9749,90.000,nan,nan,nan,0.0000,0.0000,0.0000,nan,nan,nan,-7928.2591,1524.9125,165.9037,-7928.2591,1524.9125,165.9037,12.000,0,nan,nan
42.5110,394.0334,1,-8100.0037,1762.5609,81.8276,nan,nan,nan,0.9246,-0.0525,0.3774,-0.0810,0.9407,0.3295,-0.3723,-0.3352,0.8655,0.0000,0.0000,0.0000,0.0000,-0.0000,0.0000,-7928.2454,1524.9114,165.9092,nan,nan,nan,-0.5980,0.7699,-0.2228,-0.1367,0.1760,0.9749,90.000,nan,nan,nan,0.0000,0.0000,0.0000,nan,nan,nan,-7928.2454,1524.9114,165.9092,-7928.2454,1524.9114,165.9092,12.000,0,nan,nan
42.5380,394.0500,1,-8100.0037,1762.5609,81.8276,nan,nan,nan,0.9246,-0.0525,0.3774,-0.0810,0.9407,0.3295,-0.3723,-0.3352,0.8655,0.0000,0.0000,0.0000,0.0000,-0.0000,0.0000,-7928.2390,1524.9109,165.9117,nan,nan,nan,-0.5980,0.7699,-0.2228,-0.1367,0.1760,0.9749,90.000,nan,nan,nan,0.0000,0.0000,0.0000,nan,nan,nan,-7928.2390,1524.9109,165.9117,-7928.2390,1524.9109,165.9117,12.000,0,nan,nan
42.5650,394.0834,1,-8100.0037,1762.5609,81.8276,nan,nan,nan,0.9246,-0.0525,0.3774,-0.0810,0.9407,0.3295,-0.3723,-0.3352,0.8655,0.0000,0.0000,0.0000,0.0000,-0.0000,0.0000,-7928.2268,1524.9099,165.9166,nan,nan,nan,-0.5980,0.7699,-0.2228,-0.1367,0.1760,0.9749,90.000,nan,nan,nan,0.0000,0.0000,0.0000,nan,nan,nan,-7928.2268,1524.9099,165.9166,-7928.2268,1524.9099,165.9166,12.000,0,nan,nan
42.5950,394.1167,1,-8100.0037,1762.5609,81.8276,nan,nan,nan,0.9246,-0.0525,0.3774,-0.0810,0.9407,0.3295,-0.3723,-0.3352,0.8655,0.0000,0.0000,0.0000,0.0000,-0.0000,0.0000,-7928.2155,1524.9090,165.9212,nan,nan,nan,-0.5980,0.7699,-0.2228,-0.1367,0.1760,0.9749,90.000,nan,nan,nan,0.0000,0.0000,0.0000,nan,nan,nan,-7928.2155,1524.9090,165.9212,-7928.2155,1524.9090,165.9212,12.000,0,nan,nan
42.6200,394.1334,1,-8100.0037,1762.5609,81.8276,nan,nan,nan,0.9246,-0.0525,0.3774,-0.0810,0.9407,0.3295,-0.3723,-0.3352,0.8655,0.0000,0.0000,0.0000,0.0000,-0.0000,0.0000,-7928.2102,1524.9086,165.9233,nan,nan,nan,-0.5980,0.7699,-0.2228,-0.1367,0.1760,0.9749,90.000,nan,nan,nan,0.0000,0.0000,0.0000,nan,nan,nan,-7928.2102,1524.9086,165.9233,-7928.2102,1524.9086,165.9233,12.000,0,nan,nan
42.6480,394.1667,1,-8100.0037,1762.5609,81.8276,nan,nan,nan,0.9246,-0.0525,0.3774,-0.0810,0.9407,0.3295,-0.3723,-0.3352,0.8655,0.0000,0.0000,0.0000,0.0000,-0.0000,0.0000,-7928.2001,1524.9078,165.9273,nan,nan,nan,-0.5980,0.7699,-0.2228,-0.1367,0.1760,0.9749,90.000,nan,nan,nan,0.0000,0.0000,0.0000,nan,nan,nan,-7928.2001,1524.9078,165.9273,-7928.2001,1524.9078,165.9273,12.000,0,nan,nan
42.6710,394.2000,1,-8100.0037,1762.5609,81.8276,nan,nan,nan,0.9246,-0.0525,0.3774,-0.0810,0.9407,0.3295,-0.3723,-0.3352,0.8655,0.0000,0.0000,0.0000,0.0000,-0.0000,0.0000,-7928.1907,1524.9070,165.9311,nan,nan,nan,-0.5980,0.7699,-0.2228,-0.1367,0.1760,0.9749,90.000,nan,nan,nan,0.0000,0.0000,0.0000,nan,nan,nan,-7928.1907,1524.9070,165.9311,-7928.1907,1524.9070,165.9311,12.000,0,nan,nan
42.6950,394.2167,1,-8100.0037,1762.5609,81.8276,nan,nan,nan,0.9246,-0.0525,0.3774,-0.0810,0.9407,0.3295,-0.3723,-0.3352,0.8655,0.0000,0.0000,0.0000,0.0000,-0.0000,0.0000,-7928.1863,1524.9067,165.9329,nan,nan,nan,-0.5980,0.7699,-0.2228,-0.1367,0.1760,0.9749,90.000,nan,nan,nan,0.0000,0.0000,0.0000,nan,nan,nan,-7928.1863,1524.9067,165.9329,-7928.1863,1524.9067,165.9329,12.000,0,nan,nan
42.7230,394.2334,1,-8100.0037,1762.5609,81.8276,nan,nan,nan,0.9246,-0.0525,0.3774,-0.0810,0.9407,0.3295,-0.3723,-0.3352,0.8655,0.0000,0.0000,0.0000,0.0000,-0.0000,0.0000,-7928.1821,1524.9064,165.9346,nan,nan,nan,-0.5980,0.7699,-0.2228,-0.1367,0.1760,0.9749,90.000,nan,nan,nan,0.0000,0.0000,0.0000,nan,nan,nan,-7928.1821,1524.9064,165.9346,-7928.1821,1524.9064,165.9346,12.000,0,nan,nan
42.7500,394.2667,1,-8100.0037,1762.5609,81.8276,nan,nan,nan,0.9246,-0.0525,0.3774,-0.0810,0.9407,0.3295,-0.3723,-0.3352,0.8655,0.0000,0.0000,0.0000,0.0000,-0.0000,0.0000,-7928.1740,1524.9057,165.9378,nan,nan,nan,-0.5980,0.7699,-0.2228,-0.1367,0.1760,0.9749,90.000,nan,nan,nan,0.0000,0.0000,0.0000,nan,nan,nan,-7928.1740,1524.9057,165.9378,-7928.1740,1524.9057,165.9378,12.000,0,nan,nan
42.7780,394.3000,1,-8100.0037,1762.5609,81.8276,nan,nan,nan,0.9246,-0.0525,0.3774,-0.0810,0.9407,0.3295,-0.3723,-0.3352,0.8655,0.0000,0.0000,0.0000,0.0000,-0.0000,0.0000,-7928.1664,1524.9051,165.9409,nan,nan,nan,-0.5980,0.7699,-0.2228,-0.1367,0.1760,0.9749,90.000,nan,nan,nan,0.0000,0.0000,0.0000,nan,nan,nan,-7928.1664,1524.9051,165.9409,-7928.1664,1524.9051,165.9409,12.000,0,nan,nan
42.8050,394.3167,1,-8100.0037,1762.5609,81.8276,nan,nan,nan,0.9246,-0.0525,0.3774,-0.0810,0.9407,0.3295,-0.3723,-0.3352,0.8655,0.0000,0.0000,0.0000,0.0000,-0.0000,0.0000,-7928.1629,1524.9048,165.9423,nan,nan,nan,-0.5980,0.7699,-0.2228,-0.1367,0.1760,0.9749,90.000,nan,nan,nan,0.0000,0.0000,0.0000,nan,nan,nan,-7928.1629,1524.9048,165.9423,-7928.1629,1524.9048,165.9423,12.000,0,nan,nan
42.8330,394.3500,1,-8100.0037,1762.5609,81.8276,nan,nan,nan,0.9246,-0.0525,0.3774,-0.0810,0.9407,0.3295,-0.3723,-0.3352,0.8655,0.0000,0.0000,0.0000,0.0000,-0.0000,0.0000,-7928.1561,1524.9043,165.9450,nan,nan,nan,-0.5980,0.7699,-0.2228,-0.1367,0.1760,0.9749,90.000,nan,nan,nan,0.0000,0.0000,0.0000,nan,nan,nan,-7928.1561,1524.9043,165.9450,-7928.1561,1524.9043,165.9450,12.000,0,nan,nan
42.8600,394.3834,1,-8100.0037,1762.5609,81.8276,nan,nan,nan,0.9246,-0.0525,0.3774,-0.0810,0.9407,0.3295,-0.3723,-0.3352,0.8655,0.0000,0.0000,0.0000,0.0000,-0.0000,0.0000,-7928.1497,1524.9038,165.9476,nan,nan,nan,-0.5980,0.7699,-0.2228,-0.1367,0.1760,0.9749,90.000,nan,nan,nan,0.0000,0.0000,0.0000,nan,nan,nan,-7928.1497,1524.9038,165.9476,-7928.1497,1524.9038,165.9476,12.000,0,nan,nan
42.8890,394.4000,1,-8100.0037,1762.5609,81.8276,nan,nan,nan,0.9246,-0.0525,0.3774,-0.0810,0.9407,0.3295,-0.3723,-0.3352,0.8655,0.0000,0.0000,0.0000,0.0000,-0.0000,0.0000,-7928.1468,1524.9035,165.9487,nan,nan,nan,-0.5980,0.7699,-0.2228,-0.1367,0.1760,0.9749,90.000,nan,nan,nan,0.0000,0.0000,0.0000,nan,nan,nan,-7928.1468,1524.9035,165.9487,-7928.1468,1524.9035,165.9487,12.000,0,nan,nan
42.9180,394.4334,1,-8100.0037,1762.5609,81.8276,nan,nan,nan,0.9246,-0.0525,0.3774,-0.0810,0.9407,0.3295,-0.3723,-0.3352,0.8655,0.0000,0.0000,0.0000,0.0000,-0.0000,0.0000,-7928.1410,1524.9031,165.9510,nan,nan,nan,-0.5980,0.7699,-0.2228,-0.1367,0.1760,0.9749,90.000,nan,nan,nan,0.0000,0.0000,0.0000,nan,nan,nan,-7928.1410,1524.9031,165.9510,-7928.1410,1524.9031,165.9510,12.000,0,nan,nan
42.9460,394.4667,1,-8100.0037,1762.5609,81.8276,nan,nan,nan,0.9246,-0.0525,0.3774,-0.0810,0.9407,0.3295,-0.3723,-0.3352,0.8655,0.0000,0.0000,0.0000,0.0000,-0.0000,0.0000,-7928.1356,1524.9026,165.9532,nan,nan,nan,-0.5980,0.7699,-0.2228,-0.1367,0.1760,0.9749,90.000,nan,nan,nan,0.0000,0.0000,0.0000,nan,nan,nan,-7928.1356,1524.9026,165.9532,-7928.1356,1524.9026,165.9532,12.000,0,nan,nan
42.9740,394.5000,1,-8100.0037,1762.5609,81.8276,nan,nan,nan,0.9246,-0.0525,0.3774,-0.0810,0.9407,0.3295,-0.3723,-0.3352,0.8655,0.0000,0.0000,0.0000,0.0000,-0.0000,0.0000,-7928.1306,1524.9022,165.9552,nan,nan,nan,-0.5980,0.7699,-0.2228,-0.1367,0.1760,0.9749,90.000,nan,nan,nan,0.0000,0.0000,0.0000,nan,nan,nan,-7928.1306,1524.9022,165.9552,-7928.1306,1524.9022,165.9552,12.000,0,nan,nan
43.0030,394.5167,1,-8100.0037,1762.5609,81.8276,nan,nan,nan,0.9246,-0.0525,0.3774,-0.0810,0.9407,0.3295,-0.3723,-0.3352,0.8655,0.0000,0.0000,0.0000,0.0000,-0.0000,0.0000,-7928.1283,1524.9020,165.9562,nan,nan,nan,-0.5980,0.7699,-0.2228,-0.1367,0.1760,0.9749,90.000,nan,nan,nan,0.0000,0.0000,0.0000,nan,nan,nan,-7928.1283,1524.9020,165.9562,-7928.1283,1524.9020,165.9562,12.000,0,nan,nan
43.0310,394.5500,1,-8100.0037,1762.5609,81.8276,nan,nan,nan,0.9246,-0.0525,0.3774,-0.0810,0.9407,0.3295,-0.3723,-0.3352,0.8655,0.0000,0.0000,0.0000,0.0000,-0.0000,0.0000,-7928.1237,1524.9017,165.9580,nan,nan,nan,-0.5980,0.7699,-0.2228,-0.1367,0.1760,0.9749,90.000,nan,nan,nan,0.0000,0.0000,0.0000,nan,nan,nan,-7928.1237,1524.9017,165.9580,-7928.1237,1524.9017,165.9580,12.000,0,nan,nan
43.0580,394.5834,1,-8100.0037,1762.5609,81.8276,nan,nan,nan,0.9246,-0.0525,0.3774,-0.0810,0.9407,0.3295,-0.3723,-0.3352,0.8655,0.0000,0.0000,0.0000,0.0000,-0.0000,0.0000,-7928.1195,1524.9013,165.9597,nan,nan,nan,-0.5980,0.7699,-0.2228,-0.1367,0.1760,0.9749,90.000,nan,nan,nan,0.0000,0.0000,0.0000,nan,nan,nan,-7928.1195,1524.9013,165.9597,-7928.1195,1524.9013,165.9597,12.000,0,nan,nan
43.0840,394.6000,1,-8100.0037,1762.5609,81.8276,nan,nan,nan,0.9246,-0.0525,0.3774,-0.0810,0.9407,0.3295,-0.3723,-0.3352,0.8655,0.0000,0.0000,0.0000,0.0000,-0.0000,0.0000,-7928.1175,1524.9012,165.9605,nan,nan,nan,-0.5980,0.7699,-0.2228,-0.1367,0.1760,0.9749,90.000,nan,nan,nan,0.0000,0.0000,0.0000,nan,nan,nan,-7928.1175,1524.9012,165.9605,-7928.1175,1524.9012,165.9605,12.000,0,nan,nan
43.1110,394.6334,1,-8100.0037,1762.5609,81.8276,nan,nan,nan,0.9246,-0.0525,0.3774,-0.0810,0.9407,0.3295,-0.3723,-0.3352,0.8655,0.0000,0.0000,0.0000,0.0000,-0.0000,0.0000,-7928.1136,1524.9009,165.9621,nan,nan,nan,-0.5980,0.7699,-0.2228,-0.1367,0.1760,0.9749,90.000,nan,nan,nan,0.0000,0.0000,0.0000,nan,nan,nan,-7928.1136,1524.9009,165.9621,-7928.1136,1524.9009,165.9621,12.000,0,nan,nan
43.1370,394.6500,1,-8100.0037,1762.5609,81.8276,nan,nan,nan,0.9246,-0.0525,0.3774,-0.0810,0.9407,0.3295,-0.3723,-0.3352,0.8655,0.0000,0.0000,0.0000,0.0000,-0.0000,0.0000,-7928.1118,1524.9007,165.9628,nan,nan,nan,-0.5980,0.7699,-0.2228,-0.1367,0.1760,0.9749,90.000,nan,nan,nan,0.0000,0.0000,0.0000,nan,nan,nan,-7928.1118,1524.9007,165.9628,-7928.1118,1524.9007,165.9628,12.000,0,nan,nan
43.1630,394.6834,1,-8100.0037,1762.5609,81.8276,nan,nan,nan,0.9246,-0.0525,0.3774,-0.0810,0.9407,0.3295,-0.3723,-0.3352,0.8655,0.0000,0.0000,0.0000,0.0000,-0.0000,0.0000,-7928.1082,1524.9004,165.9642,nan,nan,nan,-0.5980,0.7699,-0.2228,-0.1367,0.1760,0.9749,90.000,nan,nan,nan,0.0000,0.0000,0.0000,nan,nan,nan,-7928.1082,1524.9004,165.9642,-7928.1082,1524.9004,165.9642,12.000,0,nan,nan
43.1920,394.7167,1,-8100.0037,1762.5609,81.8276,nan,nan,nan,0.9246,-0.0525,0.3774,-0.0810,0.9407,0.3295,-0.3723,-0.3352,0.8655,0.0000,0.0000,0.0000,0.0000,-0.0000,0.0000,-7928.1049,1524.9002,165.9655,nan,nan,nan,-0.5980,0.7699,-0.2228,-0.1367,0.1760,0.9749,90.000,nan,nan,nan,0.0000,0.0000,0.0000,nan,nan,nan,-7928.1049,1524.9002,165.9655,-7928.1049,1524.9002,165.9655,12.000,0,nan,nan
43.2190,394.7334,1,-8100.0037,1762.5609,81.8276,nan,nan,nan,0.9246,-0.0525,0.3774,-0.0810,0.9407,0.3295,-0.3723,-0.3352,0.8655,0.0000,0.0000,0.0000,0.0000,-0.0000,0.0000,-7928.1033,1524.9000,165.9662,nan,nan,nan,-0.5980,0.7699,-0.2228,-0.1367,0.1760,0.9749,90.000,nan,nan,nan,0.0000,0.0000,0.0000,nan,nan,nan,-7928.1033,1524.9000,165.9662,-7928.1033,1524.9000,165.9662,12.000,0,nan,nan
43.2470,394.7667,1,-8100.0037,1762.5609,81.8276,nan,nan,nan,0.9246,-0.0525,0.3774,-0.0810,0.9407,0.3295,-0.3723,-0.3352,0.8655,0.0000,0.0000,0.0000,0.0000,-0.0000,0.0000,-7928.1003,1524.8998,165.9674,nan,nan,nan,-0.5980,0.7699,-0.2228,-0.1367,0.1760,0.9749,90.000,nan,nan,nan,0.0000,0.0000,0.0000,nan,nan,nan,-7928.1003,1524.8998,165.9674,-7928.1003,1524.8998,165.9674,12.000,0,nan,nan
43.2740,394.8000,1,-8100.0037,1762.5609,81.8276,nan,nan,nan,0.9246,-0.0525,0.3774,-0.0810,0.9407,0.3295,-0.3723,-0.3352,0.8655,0.0000,0.0000,0.0000,0.0000,-0.0000,0.0000,-7928.0975,1524.8996,165.9685,nan,nan,nan,-0.5980,0.7699,-0.2228,-0.1367,0.1760,0.9749,90.000,nan,nan,nan,0.0000,0.0000,0.0000,nan,nan,nan,-7928.0975,1524.8996,165.9685,-7928.0975,1524.8996,165.9685,12.000,0,nan,nan
43.3020,394.8167,1,-8100.0037,1762.5609,81.8276,nan,nan,nan,0.9246,-0.0525,0.3774,-0.0810,0.9407,0.3295,-0.3723,-0.3352,0.8655,0.0000,0.0000,0.0000,0.0000,-0.0000,0.0000,-7928.0961,1524.8995,165.9691,nan,nan,nan,-0.5980,0.7699,-0.2228,-0.1367,0.1760,0.9749,90.000,nan,nan,nan,0.0000,0.0000,0.0000,nan,nan,nan,-7928.0961,1524.8995,165.9691,-7928.0961,1524.8995,165.9691,12.000,0,nan,nan
43.3300,394.8500,1,-8100.0037,1762.5609,81.8276,nan,nan,nan,0.9246,-0.0525,0.3774,-0.0810,0.9407,0.3295,-0.3723,-0.3352,0.8655,0.0000,0.0000,0.0000,0.0000,-0.0000,0.0000,-7928.0935,1524.8992,165.9701,nan,nan,nan,-0.5980,0.7699,-0.2228,-0.1367,0.1760,0.9749,90.000,nan,nan,nan,0.0000,0.0000,0.0000,nan,nan,nan,-7928.0935,1524.8992,165.9701,-7928.0935,1524.8992,165.9701,12.000,0,nan,nan
43.3580,394.8834,1,-8100.0037,1762.5609,81.8276,nan,nan,nan,0.9246,-0.0525,0.3774,-0.0810,0.9407,0.3295,-0.3723,-0.3352,0.8655,0.0000,0.0000,0.0000,0.0000,-0.0000,0.0000,-7928.0911,1524.8990,165.9711,nan,nan,nan,-0.5980,0.7699,-0.2228,-0.1367,0.1760,0.9749,90.000,nan,nan,nan,0.0000,0.0000,0.0000,nan,nan,nan,-7928.0911,1524.8990,165.9711,-7928.0911,1524.8990,165.9711,12.000,0,nan,nan
43.3850,394.9000,1,-8100.0037,1762.5609,81.8276,nan,nan,nan,0.9246,-0.0525,0.3774,-0.0810,0.9407,0.3295,-0.3723,-0.3352,0.8655,0.0000,0.0000,0.0000,0.0000,-0.0000,0.0000,-7928.0899,1524.8990,165.9716,nan,nan,nan,-0.5980,0.7699,-0.2228,-0.1367,0.1760,0.9749,90.000,nan,nan,nan,0.0000,0.0000,0.0000,nan,nan,nan,-7928.0899,1524.8990,165.9716,-7928.0899,1524.8990,165.9716,12.000,0,nan,nan
43.4140,394.9334,1,-8100.0037,1762.5609,81.8276,nan,nan,nan,0.9246,-0.0525,0.3774,-0.0810,0.9407,0.3295,-0.3723,-0.3352,0.8655,0.0000,0.0000,0.0000,0.0000,-0.0000,0.0000,-7928.0876,1524.8988,165.9725,nan,nan,nan,-0.5980,0.7699,-0.2228,-0.1367,0.1760,0.9749,90.000,nan,nan,nan,0.0000,0.0000,0.0000,nan,nan,nan,-7928.0876,1524.8988,165.9725,-7928.0876,1524.8988,165.9725,12.000,0,nan,nan
43.4410,394.9667,1,-8100.0037,1762.5609,81.8276,nan,nan,nan,0.9246,-0.0525,0.3774,-0.0810,0.9407,0.3295,-0.3723,-0.3352,0.8655,0.0000,0.0000,0.0000,0.0000,-0.0000,0.0000,-7928.0855,1524.8986,165.9733,nan,nan,nan,-0.5980,0.7699,-0.2228,-0.1367,0.1760,0.9749,90.000,nan,nan,nan,0.0000,0.0000,0.0000,nan,nan,nan,-7928.0855,1524.8986,165.9733,-7928.0855,1524.8986,165.9733,12.000,0,nan,nan
43.4690,394.9834,1,-8100.0037,1762.5609,81.8276,nan,nan,nan,0.9246,-0.0525,0.3774,-0.0810,0.9407,0.3295,-0.3723,-0.3352,0.8655,0.0000,0.0000,0.0000,0.0000,-0.0000,0.0000,-7928.0845,1524.8985,165.9737,nan,nan,nan,-0.5980,0.7699,-0.2228,-0.1367,0.1760,0.9749,90.000,nan,nan,nan,0.0000,0.0000,0.0000,nan,nan,nan,-7928.0845,1524.8985,165.9737,-7928.0845,1524.8985,165.9737,12.000,0,nan,nan
43.4970,395.0167,1,-8100.0037,1762.5609,81.8276,nan,nan,nan,0.9246,-0.0525,0.3774,-0.0810,0.9407,0.3295,-0.3723,-0.3352,0.8655,0.0000,0.0000,0.0000,0.0000,-0.0000,0.0000,-7928.0826,1524.8984,165.9745,nan,nan,nan,-0.5980,0.7699,-0.2228,-0.1367,0.1760,0.9749,90.000,nan,nan,nan,0.0000,0.0000,0.0000,nan,nan,nan,-7928.0826,1524.8984,165.9745,-7928.0826,1524.8984,165.9745,12.000,0,nan,nan
43.5240,395.0500,1,-8100.0037,1762.5609,81.8276,nan,nan,nan,0.9246,-0.0525,0.3774,-0.0810,0.9407,0.3295,-0.3723,-0.3352,0.8655,0.0000,0.0000,0.0000,0.0000,-0.0000,0.0000,-7928.0807,1524.8982,165.9752,nan,nan,nan,-0.5980,0.7699,-0.2228,-0.1367,0.1760,0.9749,90.000,nan,nan,nan,0.0000,0.0000,0.0000,nan,nan,nan,-7928.0807,1524.8982,165.9752,-7928.0807,1524.8982,165.9752,12.000,0,nan,nan
43.5510,395.0667,1,-8100.0037,1762.5609,81.8276,nan,nan,nan,0.9246,-0.0525,0.3774,-0.0810,0.9407,0.3295,-0.3723,-0.3352,0.8655,0.0000,0.0000,0.0000,0.0000,-0.0000,0.0000,-7928.0798,1524.8981,165.9756,nan,nan,nan,-0.5980,0.7699,-0.2228,-0.1367,0.1760,0.9749,90.000,nan,nan,nan,0.0000,0.0000,0.0000,nan,nan,nan,-7928.0798,1524.8981,165.9756,-7928.0798,1524.8981,165.9756,12.000,0,nan,nan
43.5780,395.1000,1,-8100.0037,1762.5609,81.8276,nan,nan,nan,0.9246,-0.0525,0.3774,-0.0810,0.9407,0.3295,-0.3723,-0.3352,0.8655,0.0000,0.0000,0.0000,0.0000,-0.0000,0.0000,-7928.0781,1524.8980,165.9763,nan,nan,nan,-0.5980,0.7699,-0.2228,-0.1367,0.1760,0.9749,90.000,nan,nan,nan,0.0000,0.0000,0.0000,nan,nan,nan,-7928.0781,1524.8980,165.9763,-7928.0781,1524.8980,165.9763,12.000,0,nan,nan
43.6070,395.1167,1,-8100.0037,1762.5609,81.8276,nan,nan,nan,0.9246,-0.0525,0.3774,-0.0810,0.9407,0.3295,-0.3723,-0.3352,0.8655,0.0000,0.0000,0.0000,0.0000,-0.0000,0.0000,-7928.0773,1524.8979,165.9766,nan,nan,nan,-0.5980,0.7699,-0.2228,-0.1367,0.1760,0.9749,90.000,nan,nan,nan,0.0000,0.0000,0.0000,nan,nan,nan,-7928.0773,1524.8979,165.9766,-7928.0773,1524.8979,165.9766,12.000,0,nan,nan
43.6330,395.1500,1,-8100.0037,1762.5609,81.8276,nan,nan,nan,0.9246,-0.0525,0.3774,-0.0810,0.9407,0.3295,-0.3723,-0.3352,0.8655,0.0000,0.0000,0.0000,0.0000,-0.0000,0.0000,-7928.0758,1524.8978,165.9772,nan,nan,nan,-0.5980,0.7699,-0.2228,-0.1367,0.1760,0.9749,90.000,nan,nan,nan,0.0000,0.0000,0.0000,nan,nan,nan,-7928.0758,1524.8978,165.9772,-7928.0758,1524.8978,165.9772,12.000,0,nan,nan
43.6590,395.1834,1,-8100.0037,1762.5609,81.8276,nan,nan,nan,0.9246,-0.0525,0.3774,-0.0810,0.9407,0.3295,-0.3723,-0.3352,0.8655,0.0000,0.0000,0.0000,0.0000,-0.0000,0.0000,-7928.0743,1524.8977,165.9778,nan,nan,nan,-0.5980,0.7699,-0.2228,-0.1367,0.1760,0.9749,90.000,nan,nan,nan,0.0000,0.0000,0.0000,nan,nan,nan,-7928.0743,1524.8977,165.9778,-7928.0743,1524.8977,165.9778,12.000,0,nan,nan
43.6860,395.2000,1,-8100.0037,1762.5609,81.8276,nan,nan,nan,0.9246,-0.0525,0.3774,-0.0810,0.9407,0.3295,-0.3723,-0.3352,0.8655,0.0000,0.0000,0.0000,0.0000,-0.0000,0.0000,-7928.0736,1524.8976,165.9781,nan,nan,nan,-0.5980,0.7699,-0.2228,-0.1367,0.1760,0.9749,90.000,nan,nan,nan,0.0000,0.0000,0.0000,nan,nan,nan,-7928.0736,1524.8976,165.9781,-7928.0736,1524.8976,165.9781,12.000,0,nan,nan
43.7120,395.2334,1,-8100.0037,1762.5609,81.8276,nan,nan,nan,0.9246,-0.0525,0.3774,-0.0810,0.9407,0.3295,-0.3723,-0.3352,0.8655,0.0000,0.0000,0.0000,0.0000,-0.0000,0.0000,-7928.0722,1524.8975,165.9787,nan,nan,nan,-0.5980,0.7699,-0.2228,-0.1367,0.1760,0.9749,90.000,nan,nan,nan,0.0000,0.0000,0.0000,nan,nan,nan,-7928.0722,1524.8975,165.9787,-7928.0722,1524.8975,165.9787,12.000,0,nan,nan
43.7400,395.2500,1,-8100.0037,1762.5609,81.8276,nan,nan,nan,0.9246,-0.0525,0.3774,-0.0810,0.9407,0.3295,-0.3723,-0.3352,0.8655,0.0000,0.0000,0.0000,0.0000,-0.0000,0.0000,-7928.0715,1524.8975,165.9789,nan,nan,nan,-0.5980,0.7699,-0.2228,-0.1367,0.1760,0.9749,90.000,nan,nan,nan,0.0000,0.0000,0.0000,nan,nan,nan,-7928.0715,1524.8975,165.9789,-7928.0715,1524.8975,165.9789,12.000,0,nan,nan
43.7680,395.2834,1,-8100.0037,1762.5609,81.8276,nan,nan,nan,0.9246,-0.0525,0.3774,-0.0810,0.9407,0.3295,-0.3723,-0.3352,0.8655,0.0000,0.0000,0.0000,0.0000,-0.0000,0.0000,-7928.0703,1524.8974,165.9794,nan,nan,nan,-0.5980,0.7699,-0.2228,-0.1367,0.1760,0.9749,90.000,nan,nan,nan,0.0000,0.0000,0.0000,nan,nan,nan,-7928.0703,1524.8974,165.9794,-7928.0703,1524.8974,165.9794,12.000,0,nan,nan
43.7920,395.3167,1,-8100.0037,1762.5609,81.8276,nan,nan,nan,0.9246,-0.0525,0.3774,-0.0810,0.9407,0.3295,-0.3723,-0.3352,0.8655,0.0000,0.0000,0.0000,0.0000,-0.0000,0.0000,-7928.0691,1524.8973,165.9799,nan,nan,nan,-0.5980,0.7699,-0.2228,-0.1367,0.1760,0.9749,90.000,nan,nan,nan,0.0000,0.0000,0.0000,nan,nan,nan,-7928.0691,1524.8973,165.9799,-7928.0691,1524.8973,165.9799,12.000,0,nan,nan
43.8190,395.3334,1,-8100.0037,1762.5609,81.8276,nan,nan,nan,0.9246,-0.0525,0.3774,-0.0810,0.9407,0.3295,-0.3723,-0.3352,0.8655,0.0000,0.0000,0.0000,0.0000,-0.0000,0.0000,-7928.0685,1524.8972,165.9801,nan,nan,nan,-0.5980,0.7699,-0.2228,-0.1367,0.1760,0.9749,90.000,nan,nan,nan,0.0000,0.0000,0.0000,nan,nan,nan,-7928.0685,1524.8972,165.9801,-7928.0685,1524.8972,165.9801,12.000,0,nan,nan
43.8470,395.3667,1,-8100.0037,1762.5609,81.8276,nan,nan,nan,0.9246,-0.0525,0.3774,-0.0810,0.9407,0.3295,-0.3723,-0.3352,0.8655,0.0000,0.0000,0.0000,0.0000,-0.0000,0.0000,-7928.0674,1524.8971,165.9806,nan,nan,nan,-0.5980,0.7699,-0.2228,-0.1367,0.1760,0.9749,90.000,nan,nan,nan,0.0000,0.0000,0.0000,nan,nan,nan,-7928.0674,1524.8971,165.9806,-7928.0674,1524.8971,165.9806,12.000,0,nan,nan
43.8740,395.4000,1,-8100.0037,1762.5609,81.8276,nan,nan,nan,0.9246,-0.0525,0.3774,-0.0810,0.9407,0.3295,-0.3723,-0.3352,0.8655,0.0000,0.0000,0.0000,0.0000,-0.0000,0.0000,-7928.0663,1524.8971,165.9810,nan,nan,nan,-0.5980,0.7699,-0.2228,-0.1367,0.1760,0.9749,90.000,nan,nan,nan,0.0000,0.0000,0.0000,nan,nan,nan,-7928.0663,1524.8971,165.9810,-7928.0663,1524.8971,165.9810,12.000,0,nan,nan
43.9020,395.4167,1,-8100.0037,1762.5609,81.8276,nan,nan,nan,0.9246,-0.0525,0.3774,-0.0810,0.9407,0.3295,-0.3723,-0.3352,0.8655,0.0000,0.0000,0.0000,0.0000,-0.0000,0.0000,-7928.0658,1524.8970,165.9812,nan,nan,nan,-0.5980,0.7699,-0.2228,-0.1367,0.1760,0.9749,90.000,nan,nan,nan,0.0000,0.0000,0.0000,nan,nan,nan,-7928.0658,1524.8970,165.9812,-7928.0658,1524.8970,165.9812,12.000,0,nan,nan
43.9300,395.4500,1,-8100.0037,1762.5609,81.8276,nan,nan,nan,0.9246,-0.0525,0.3774,-0.0810,0.9407,0.3295,-0.3723,-0.3352,0.8655,0.0000,0.0000,0.0000,0.0000,-0.0000,0.0000,-7928.0648,1524.8969,165.9816,nan,nan,nan,-0.5980,0.7699,-0.2228,-0.1367,0.1760,0.9749,90.000,nan,nan,nan,0.0000,0.0000,0.0000,nan,nan,nan,-7928.0648,1524.8969,165.9816,-7928.0648,1524.8969,165.9816,12.000,0,nan,nan
43.9590,395.4834,1,-8100.0037,1762.5609,81.8276,nan,nan,nan,0.9246,-0.0525,0.3774,-0.0810,0.9407,0.3295,-0.3723,-0.3352,0.8655,0.0000,0.0000,0.0000,0.0000,-0.0000,0.0000,-7928.0639,1524.8969,165.9820,nan,nan,nan,-0.5980,0.7699,-0.2228,-0.1367,0.1760,0.9749,90.000,nan,nan,nan,0.0000,0.0000,0.0000,nan,nan,nan,-7928.0639,1524.8969,165.9820,-7928.0639,1524.8969,165.9820,12.000,0,nan,nan
43.9860,395.5000,1,-8100.0037,1762.5609,81.8276,nan,nan,nan,0.9246,-0.0525,0.3774,-0.0810,0.9407,0.3295,-0.3723,-0.3352,0.8655,0.0000,0.0000,0.0000,0.0000,-0.0000,0.0000,-7928.0635,1524.8968,165.9822,nan,nan,nan,-0.5980,0.7699,-0.2228,-0.1367,0.1760,0.9749,90.000,nan,nan,nan,0.0000,0.0000,0.0000,nan,nan,nan,-7928.0635,1524.8968,165.9822,-7928.0635,1524.8968,165.9822,12.000,0,nan,nan
44.0140,395.5334,1,-8100.0037,1762.5609,81.8276,nan,nan,nan,0.9246,-0.0525,0.3774,-0.0810,0.9407,0.3295,-0.3723,-0.3352,0.8655,0.0000,0.0000,0.0000,0.0000,-0.0000,0.0000,-7928.0626,1524.8968,165.9825,nan,nan,nan,-0.5980,0.7699,-0.2228,-0.1367,0.1760,0.9749,90.000,nan,nan,nan,0.0000,0.0000,0.0000,nan,nan,nan,-7928.0626,1524.8968,165.9825,-7928.0626,1524.8968,165.9825,12.000,0,nan,nan
44.0420,395.5667,1,-8100.0037,1762.5609,81.8276,nan,nan,nan,0.9246,-0.0525,0.3774,-0.0810,0.9407,0.3295,-0.3723,-0.3352,0.8655,0.0000,0.0000,0.0000,0.0000,-0.0000,0.0000,-7928.0618,1524.8967,165.9828,nan,nan,nan,-0.5980,0.7699,-0.2228,-0.1367,0.1760,0.9749,90.000,nan,nan,nan,0.0000,0.0000,0.0000,nan,nan,nan,-7928.0618,1524.8967,165.9828,-7928.0618,1524.8967,165.9828,12.000,0,nan,nan
44.0690,395.5834,1,-8100.0037,1762.5609,81.8276,nan,nan,nan,0.9246,-0.0525,0.3774,-0.0810,0.9407,0.3295,-0.3723,-0.3352,0.8655,0.0000,0.0000,0.0000,0.0000,-0.0000,0.0000,-7928.0614,1524.8967,165.9830,nan,nan,nan,-0.5980,0.7699,-0.2228,-0.1367,0.1760,0.9749,90.000,nan,nan,nan,0.0000,0.0000,0.0000,nan,nan,nan,-7928.0614,1524.8967,165.9830,-7928.0614,1524.8967,165.9830,12.000,0,nan,nan
44.0960,395.6167,1,-8100.0037,1762.5609,81.8276,nan,nan,nan,0.9246,-0.0525,0.3774,-0.0810,0.9407,0.3295,-0.3723,-0.3352,0.8655,0.0000,0.0000,0.0000,0.0000,-0.0000,0.0000,-7928.0606,1524.8966,165.9833,nan,nan,nan,-0.5980,0.7699,-0.2228,-0.1367,0.1760,0.9749,90.000,nan,nan,nan,0.0000,0.0000,0.0000,nan,nan,nan,-7928.0606,1524.8966,165.9833,-7928.0606,1524.8966,165.9833,12.000,0,nan,nan
44.1220,395.6500,1,-8100.0037,1762.5609,81.8276,nan,nan,nan,0.9246,-0.0525,0.3774,-0.0810,0.9407,0.3295,-0.3723,-0.3352,0.8655,0.0000,0.0000,0.0000,0.0000,-0.0000,0.0000,-7928.0599,1524.8965,165.9836,nan,nan,nan,-0.5980,0.7699,-0.2228,-0.1367,0.1760,0.9749,90.000,nan,nan,nan,0.0000,0.0000,0.0000,nan,nan,nan,-7928.0599,1524.8965,165.9836,-7928.0599,1524.8965,165.9836,12.000,0,nan,nan
44.1500,395.6667,1,-8100.0037,1762.5609,81.8276,nan,nan,nan,0.9246,-0.0525,0.3774,-0.0810,0.9407,0.3295,-0.3723,-0.3352,0.8655,0.0000,0.0000,0.0000,0.0000,-0.0000,0.0000,-7928.0595,1524.8965,165.9837,nan,nan,nan,-0.5980,0.7699,-0.2228,-0.1367,0.1760,0.9749,90.000,nan,nan,nan,0.0000,0.0000,0.0000,nan,nan,nan,-7928.0595,1524.8965,165.9837,-7928.0595,1524.8965,165.9837,12.000,0,nan,nan
44.1770,395.7000,1,-8100.0037,1762.5609,81.8276,nan,nan,nan,0.9246,-0.0525,0.3774,-0.0810,0.9407,0.3295,-0.3723,-0.3352,0.8655,0.0000,0.0000,0.0000,0.0000,-0.0000,0.0000,-7928.0588,1524.8965,165.9840,nan,nan,nan,-0.5980,0.7699,-0.2228,-0.1367,0.1760,0.9749,90.000,nan,nan,nan,0.0000,0.0000,0.0000,nan,nan,nan,-7928.0588,1524.8965,165.9840,-7928.0588,1524.8965,165.9840,12.000,0,nan,nan
44.2050,395.7167,1,-8100.0037,1762.5609,81.8276,nan,nan,nan,0.9246,-0.0525,0.3774,-0.0810,0.9407,0.3295,-0.3723,-0.3352,0.8655,0.0000,0.0000,0.0000,0.0000,-0.0000,0.0000,-7928.0585,1524.8964,165.9841,nan,nan,nan,-0.5980,0.7699,-0.2228,-0.1367,0.1760,0.9749,90.000,nan,nan,nan,0.0000,0.0000,0.0000,nan,nan,nan,-7928.0585,1524.8964,165.9841,-7928.0585,1524.8964,165.9841,12.000,0,nan,nan
44.2320,395.7500,1,-8100.0037,1762.5609,81.8276,nan,nan,nan,0.9246,-0.0525,0.3774,-0.0810,0.9407,0.3295,-0.3723,-0.3352,0.8655,0.0000,0.0000,0.0000,0.0000,-0.0000,0.0000,-7928.0579,1524.8964,165.9844,nan,nan,nan,-0.5980,0.7699,-0.2228,-0.1367,0.1760,0.9749,90.000,nan,nan,nan,0.0000,0.0000,0.0000,nan,nan,nan,-7928.0579,1524.8964,165.9844,-7928.0579,1524.8964,165.9844,12.000,0,nan,nan
44.2600,395.7834,1,-8100.0037,1762.5609,81.8276,nan,nan,nan,0.9246,-0.0525,0.3774,-0.0810,0.9407,0.3295,-0.3723,-0.3352,0.8655,0.0000,0.0000,0.0000,0.0000,-0.0000,0.0000,-7928.0573,1524.8963,165.9846,nan,nan,nan,-0.5980,0.7699,-0.2228,-0.1367,0.1760,0.9749,90.000,nan,nan,nan,0.0000,0.0000,0.0000,nan,nan,nan,-7928.0573,1524.8963,165.9846,-7928.0573,1524.8963,165.9846,12.000,0,nan,nan
44.2870,395.8000,1,-8100.0037,1762.5609,81.8276,nan,nan,nan,0.9246,-0.0525,0.3774,-0.0810,0.9407,0.3295,-0.3723,-0.3352,0.8655,0.0000,0.0000,0.0000,0.0000,-0.0000,0.0000,-7928.0570,1524.8963,165.9848,nan,nan,nan,-0.5980,0.7699,-0.2228,-0.1367,0.1760,0.9749,90.000,nan,nan,nan,0.0000,0.0000,0.0000,nan,nan,nan,-7928.0570,1524.8963,165.9848,-7928.0570,1524.8963,165.9848,12.000,0,nan,nan
44.3140,395.8334,1,-8100.0037,1762.5609,81.8276,nan,nan,nan,0.9246,-0.0525,0.3774,-0.0810,0.9407,0.3295,-0.3723,-0.3352,0.8655,0.0000,0.0000,0.0000,0.0000,-0.0000,0.0000,-7928.0564,1524.8963,165.9850,nan,nan,nan,-0.5980,0.7699,-0.2228,-0.1367,0.1760,0.9749,90.000,nan,nan,nan,0.0000,0.0000,0.0000,nan,nan,nan,-7928.0564,1524.8963,165.9850,-7928.0564,1524.8963,165.9850,12.000,0,nan,nan
