game_t,marker,id,type,category,clan,state,substate,transition,x,y,z,dist,detection_range,fight_radius,chased_unit,chased_general,moving,agents,health,max_health,vagabond,player_x,player_y,player_z
121.1500,0,2,21,5,0,3,0,24,9029.51,8341.14,488.12,181.05,1500.00,240.00,-1,10,0,100,0.0,40000.0,0,9174.59,8446.96,511.25
121.1500,0,3,1,0,0,7,0,0,9029.51,8341.14,488.12,181.05,1500.00,390.00,-1,10,0,100,40000.0,40000.0,0,9174.59,8446.96,511.25
121.1500,0,7,21,5,0,7,0,0,9465.01,4340.65,528.77,4116.60,1500.00,240.00,-1,10,0,100,40000.0,40000.0,0,9174.59,8446.96,511.25
121.1500,0,16,24,5,0,7,0,0,9029.51,8341.14,488.12,181.05,1500.00,240.00,-1,10,0,100,40000.0,40000.0,0,9174.59,8446.96,511.25
121.1500,0,17,22,5,0,7,0,0,9029.51,8341.14,488.12,181.05,1500.00,240.00,-1,10,0,100,40000.0,40000.0,0,9174.59,8446.96,511.25
121.2833,0,2,21,5,0,3,0,24,9029.51,8341.14,488.12,181.05,1500.00,240.00,-1,10,0,100,0.0,40000.0,0,9174.59,8446.96,511.25
121.2833,0,3,1,0,0,7,0,0,9029.51,8341.14,488.12,181.05,1500.00,390.00,-1,10,0,100,40000.0,40000.0,0,9174.59,8446.96,511.25
121.2833,0,7,21,5,0,7,0,0,9465.01,4340.65,528.77,4116.60,1500.00,240.00,-1,10,0,100,40000.0,40000.0,0,9174.59,8446.96,511.25
121.2833,0,16,24,5,0,7,0,0,9029.51,8341.14,488.12,181.05,1500.00,240.00,-1,10,0,100,40000.0,40000.0,0,9174.59,8446.96,511.25
121.2833,0,17,22,5,0,7,0,0,9029.51,8341.14,488.12,181.05,1500.00,240.00,-1,10,0,100,40000.0,40000.0,0,9174.59,8446.96,511.25
121.4000,0,2,21,5,0,3,0,24,9029.51,8341.14,488.12,181.05,1500.00,240.00,-1,10,0,100,0.0,40000.0,0,9174.59,8446.96,511.25
121.4000,0,3,1,0,0,7,0,0,9029.51,8341.14,488.12,181.05,1500.00,390.00,-1,10,0,100,40000.0,40000.0,0,9174.59,8446.96,511.25
121.4000,0,7,21,5,0,7,0,0,9465.01,4340.65,528.77,4116.60,1500.00,240.00,-1,10,0,100,40000.0,40000.0,0,9174.59,8446.96,511.25
121.4000,0,16,24,5,0,7,0,0,9029.51,8341.14,488.12,181.05,1500.00,240.00,-1,10,0,100,40000.0,40000.0,0,9174.59,8446.96,511.25
121.4000,0,17,22,5,0,7,0,0,9029.51,8341.14,488.12,181.05,1500.00,240.00,-1,10,0,100,40000.0,40000.0,0,9174.59,8446.96,511.25
121.5333,0,2,21,5,0,3,0,24,9029.51,8341.14,488.12,181.05,1500.00,240.00,-1,10,0,100,0.0,40000.0,0,9174.59,8446.96,511.25
121.5333,0,3,1,0,0,7,0,0,9029.51,8341.14,488.12,181.05,1500.00,390.00,-1,10,0,100,40000.0,40000.0,0,9174.59,8446.96,511.25
121.5333,0,7,21,5,0,7,0,0,9465.01,4340.65,528.77,4116.60,1500.00,240.00,-1,10,0,100,40000.0,40000.0,0,9174.59,8446.96,511.25
121.5333,0,16,24,5,0,7,0,0,9029.51,8341.14,488.12,181.05,1500.00,240.00,-1,10,0,100,40000.0,40000.0,0,9174.59,8446.96,511.25
121.5333,0,17,22,5,0,7,0,0,9029.51,8341.14,488.12,181.05,1500.00,240.00,-1,10,0,100,40000.0,40000.0,0,9174.59,8446.96,511.25
121.6667,0,2,21,5,0,3,0,24,9029.51,8341.14,488.12,181.05,1500.00,240.00,-1,10,0,100,0.0,40000.0,0,9174.59,8446.96,511.25
121.6667,0,3,1,0,0,7,0,0,9029.51,8341.14,488.12,181.05,1500.00,390.00,-1,10,0,100,40000.0,40000.0,0,9174.59,8446.96,511.25
121.6667,0,7,21,5,0,7,0,0,9465.01,4340.65,528.77,4116.60,1500.00,240.00,-1,10,0,100,40000.0,40000.0,0,9174.59,8446.96,511.25
121.6667,0,16,24,5,0,7,0,0,9029.51,8341.14,488.12,181.05,1500.00,240.00,-1,10,0,100,40000.0,40000.0,0,9174.59,8446.96,511.25
121.6667,0,17,22,5,0,7,0,0,9029.51,8341.14,488.12,181.05,1500.00,240.00,-1,10,0,100,40000.0,40000.0,0,9174.59,8446.96,511.25
121.8000,0,2,21,5,0,3,0,24,9029.51,8341.14,488.12,181.05,1500.00,240.00,-1,10,0,100,0.0,40000.0,0,9174.59,8446.96,511.25
121.8000,0,3,1,0,0,7,0,0,9029.51,8341.14,488.12,181.05,1500.00,390.00,-1,10,0,100,40000.0,40000.0,0,9174.59,8446.96,511.25
121.8000,0,7,21,5,0,7,0,0,9465.01,4340.65,528.77,4116.60,1500.00,240.00,-1,10,0,100,40000.0,40000.0,0,9174.59,8446.96,511.25
121.8000,0,16,24,5,0,7,0,0,9029.51,8341.14,488.12,181.05,1500.00,240.00,-1,10,0,100,40000.0,40000.0,0,9174.59,8446.96,511.25
121.8000,0,17,22,5,0,7,0,0,9029.51,8341.14,488.12,181.05,1500.00,240.00,-1,10,0,100,40000.0,40000.0,0,9174.59,8446.96,511.25
121.9333,0,2,21,5,0,3,0,24,9029.51,8341.14,488.12,181.05,1500.00,240.00,-1,10,0,100,0.0,40000.0,0,9174.59,8446.96,511.25
121.9333,0,3,1,0,0,7,0,0,9029.51,8341.14,488.12,181.05,1500.00,390.00,-1,10,0,100,40000.0,40000.0,0,9174.59,8446.96,511.25
121.9333,0,7,21,5,0,7,0,0,9465.01,4340.65,528.77,4116.60,1500.00,240.00,-1,10,0,100,40000.0,40000.0,0,9174.59,8446.96,511.25
121.9333,0,16,24,5,0,7,0,0,9029.51,8341.14,488.12,181.05,1500.00,240.00,-1,10,0,100,40000.0,40000.0,0,9174.59,8446.96,511.25
121.9333,0,17,22,5,0,7,0,0,9029.51,8341.14,488.12,181.05,1500.00,240.00,-1,10,0,100,40000.0,40000.0,0,9174.59,8446.96,511.25
122.0500,0,2,21,5,0,3,0,24,9029.51,8341.14,488.12,181.05,1500.00,240.00,-1,10,0,100,0.0,40000.0,0,9174.59,8446.96,511.25
122.0500,0,3,1,0,0,7,0,0,9029.51,8341.14,488.12,181.05,1500.00,390.00,-1,10,0,100,40000.0,40000.0,0,9174.59,8446.96,511.25
122.0500,0,7,21,5,0,7,0,0,9465.01,4340.65,528.77,4116.60,1500.00,240.00,-1,10,0,100,40000.0,40000.0,0,9174.59,8446.96,511.25
122.0500,0,16,24,5,0,7,0,0,9029.51,8341.14,488.12,181.05,1500.00,240.00,-1,10,0,100,40000.0,40000.0,0,9174.59,8446.96,511.25
122.0500,0,17,22,5,0,7,0,0,9029.51,8341.14,488.12,181.05,1500.00,240.00,-1,10,0,100,40000.0,40000.0,0,9174.59,8446.96,511.25
122.1833,0,2,21,5,0,3,0,24,9029.51,8341.14,488.12,181.05,1500.00,240.00,-1,10,0,100,0.0,40000.0,0,9174.59,8446.96,511.25
122.1833,0,3,1,0,0,7,0,0,9029.51,8341.14,488.12,181.05,1500.00,390.00,-1,10,0,100,40000.0,40000.0,0,9174.59,8446.96,511.25
122.1833,0,7,21,5,0,7,0,0,9465.01,4340.65,528.77,4116.60,1500.00,240.00,-1,10,0,100,40000.0,40000.0,0,9174.59,8446.96,511.25
122.1833,0,16,24,5,0,7,0,0,9029.51,8341.14,488.12,181.05,1500.00,240.00,-1,10,0,100,40000.0,40000.0,0,9174.59,8446.96,511.25
122.1833,0,17,22,5,0,7,0,0,9029.51,8341.14,488.12,181.05,1500.00,240.00,-1,10,0,100,40000.0,40000.0,0,9174.59,8446.96,511.25
122.3167,0,2,21,5,0,3,0,24,9029.51,8341.14,488.12,181.05,1500.00,240.00,-1,10,0,100,0.0,40000.0,0,9174.59,8446.96,511.25
122.3167,0,3,1,0,0,7,0,0,9029.51,8341.14,488.12,181.05,1500.00,390.00,-1,10,0,100,40000.0,40000.0,0,9174.59,8446.96,511.25
122.3167,0,7,21,5,0,7,0,0,9465.01,4340.65,528.77,4116.60,1500.00,240.00,-1,10,0,100,40000.0,40000.0,0,9174.59,8446.96,511.25
122.3167,0,16,24,5,0,7,0,0,9029.51,8341.14,488.12,181.05,1500.00,240.00,-1,10,0,100,40000.0,40000.0,0,9174.59,8446.96,511.25
122.3167,0,17,22,5,0,7,0,0,9029.51,8341.14,488.12,181.05,1500.00,240.00,-1,10,0,100,40000.0,40000.0,0,9174.59,8446.96,511.25
122.4500,0,2,21,5,0,3,0,24,9029.51,8341.14,488.12,181.05,1500.00,240.00,-1,10,0,100,0.0,40000.0,0,9174.59,8446.96,511.25
122.4500,0,3,1,0,0,7,0,0,9029.51,8341.14,488.12,181.05,1500.00,390.00,-1,10,0,100,40000.0,40000.0,0,9174.59,8446.96,511.25
122.4500,0,7,21,5,0,7,0,0,9465.01,4340.65,528.77,4116.60,1500.00,240.00,-1,10,0,100,40000.0,40000.0,0,9174.59,8446.96,511.25
122.4500,0,16,24,5,0,7,0,0,9029.51,8341.14,488.12,181.05,1500.00,240.00,-1,10,0,100,40000.0,40000.0,0,9174.59,8446.96,511.25
122.4500,0,17,22,5,0,7,0,0,9029.51,8341.14,488.12,181.05,1500.00,240.00,-1,10,0,100,40000.0,40000.0,0,9174.59,8446.96,511.25
122.5833,0,2,21,5,0,3,0,24,9029.51,8341.14,488.12,181.05,1500.00,240.00,-1,10,0,100,0.0,40000.0,0,9174.59,8446.96,511.25
122.5833,0,3,1,0,0,7,0,0,9029.51,8341.14,488.12,181.05,1500.00,390.00,-1,10,0,100,40000.0,40000.0,0,9174.59,8446.96,511.25
122.5833,0,7,21,5,0,7,0,0,9465.01,4340.65,528.77,4116.60,1500.00,240.00,-1,10,0,100,40000.0,40000.0,0,9174.59,8446.96,511.25
122.5833,0,16,24,5,0,7,0,0,9029.51,8341.14,488.12,181.05,1500.00,240.00,-1,10,0,100,40000.0,40000.0,0,9174.59,8446.96,511.25
122.5833,0,17,22,5,0,7,0,0,9029.51,8341.14,488.12,181.05,1500.00,240.00,-1,10,0,100,40000.0,40000.0,0,9174.59,8446.96,511.25
122.7000,0,2,21,5,0,3,0,24,9029.51,8341.14,488.12,181.05,1500.00,240.00,-1,10,0,100,0.0,40000.0,0,9174.59,8446.96,511.25
122.7000,0,3,1,0,0,7,0,0,9029.51,8341.14,488.12,181.05,1500.00,390.00,-1,10,0,100,40000.0,40000.0,0,9174.59,8446.96,511.25
122.7000,0,7,21,5,0,7,0,0,9465.01,4340.65,528.77,4116.60,1500.00,240.00,-1,10,0,100,40000.0,40000.0,0,9174.59,8446.96,511.25
122.7000,0,16,24,5,0,7,0,0,9029.51,8341.14,488.12,181.05,1500.00,240.00,-1,10,0,100,40000.0,40000.0,0,9174.59,8446.96,511.25
122.7000,0,17,22,5,0,7,0,0,9029.51,8341.14,488.12,181.05,1500.00,240.00,-1,10,0,100,40000.0,40000.0,0,9174.59,8446.96,511.25
122.8333,0,2,21,5,0,3,0,24,9029.51,8341.14,488.12,180.36,1500.00,240.00,-1,10,0,100,0.0,40000.0,0,9174.22,8446.31,511.10
122.8333,0,3,1,0,0,7,0,0,9029.51,8341.14,488.12,180.36,1500.00,390.00,-1,10,0,100,40000.0,40000.0,0,9174.22,8446.31,511.10
122.8333,0,7,21,5,0,7,0,0,9465.01,4340.65,528.77,4115.99,1500.00,240.00,-1,10,0,100,40000.0,40000.0,0,9174.22,8446.31,511.10
122.8333,0,16,24,5,0,7,0,0,9029.51,8341.14,488.12,180.36,1500.00,240.00,-1,10,0,100,40000.0,40000.0,0,9174.22,8446.31,511.10
122.8333,0,17,22,5,0,7,0,0,9029.51,8341.14,488.12,180.36,1500.00,240.00,-1,10,0,100,40000.0,40000.0,0,9174.22,8446.31,511.10
122.9667,0,2,21,5,0,3,0,24,9029.51,8341.14,488.12,176.84,1500.00,240.00,-1,10,0,100,0.0,40000.0,0,9172.43,8442.90,510.33
122.9667,0,3,1,0,0,7,0,0,9029.51,8341.14,488.12,176.84,1500.00,390.00,-1,10,0,100,40000.0,40000.0,0,9172.43,8442.90,510.33
122.9667,0,7,21,5,0,7,0,0,9465.01,4340.65,528.77,4112.71,1500.00,240.00,-1,10,0,100,40000.0,40000.0,0,9172.43,8442.90,510.33
122.9667,0,16,24,5,0,7,0,0,9029.51,8341.14,488.12,176.84,1500.00,240.00,-1,10,0,100,40000.0,40000.0,0,9172.43,8442.90,510.33
122.9667,0,17,22,5,0,7,0,0,9029.51,8341.14,488.12,176.84,1500.00,240.00,-1,10,0,100,40000.0,40000.0,0,9172.43,8442.90,510.33
123.1000,0,2,21,5,0,3,0,24,9029.51,8341.14,488.12,173.05,1500.00,240.00,-1,10,0,100,0.0,40000.0,0,9170.48,8439.20,509.49
123.1000,0,3,1,0,0,7,0,0,9029.51,8341.14,488.12,173.05,1500.00,390.00,-1,10,0,100,40000.0,40000.0,0,9170.48,8439.20,509.49
123.1000,0,7,21,5,0,7,0,0,9465.01,4340.65,528.77,4109.16,1500.00,240.00,-1,10,0,100,40000.0,40000.0,0,9170.48,8439.20,509.49
123.1000,0,16,24,5,0,7,0,0,9029.51,8341.14,488.12,173.05,1500.00,240.00,-1,10,0,100,40000.0,40000.0,0,9170.48,8439.20,509.49
123.1000,0,17,22,5,0,7,0,0,9029.51,8341.14,488.12,173.05,1500.00,240.00,-1,10,0,100,40000.0,40000.0,0,9170.48,8439.20,509.49
123.2333,0,2,21,5,0,3,0,24,9029.51,8341.14,488.12,169.23,1500.00,240.00,-1,10,0,100,0.0,40000.0,0,9168.24,8435.68,509.49
123.2333,0,3,1,0,0,7,0,0,9029.51,8341.14,488.12,169.23,1500.00,390.00,-1,10,0,100,40000.0,40000.0,0,9168.24,8435.68,509.49
123.2333,0,7,21,5,0,7,0,0,9465.01,4340.65,528.77,4105.81,1500.00,240.00,-1,10,0,100,40000.0,40000.0,0,9168.24,8435.68,509.49
123.2333,0,16,24,5,0,7,0,0,9029.51,8341.14,488.12,169.23,1500.00,240.00,-1,10,0,100,40000.0,40000.0,0,9168.24,8435.68,509.49
123.2333,0,17,22,5,0,7,0,0,9029.51,8341.14,488.12,169.23,1500.00,240.00,-1,10,0,100,40000.0,40000.0,0,9168.24,8435.68,509.49
123.3667,0,2,21,5,0,3,0,24,9029.51,8341.14,488.12,166.06,1500.00,240.00,-1,10,0,100,0.0,40000.0,0,9166.08,8433.04,510.03
123.3667,0,3,1,0,0,7,0,0,9029.51,8341.14,488.12,166.06,1500.00,390.00,-1,10,0,100,40000.0,40000.0,0,9166.08,8433.04,510.03
123.3667,0,7,21,5,0,7,0,0,9465.01,4340.65,528.77,4103.34,1500.00,240.00,-1,10,0,100,40000.0,40000.0,0,9166.08,8433.04,510.03
123.3667,0,16,24,5,0,7,0,0,9029.51,8341.14,488.12,166.06,1500.00,240.00,-1,10,0,100,40000.0,40000.0,0,9166.08,8433.04,510.03
123.3667,0,17,22,5,0,7,0,0,9029.51,8341.14,488.12,166.06,1500.00,240.00,-1,10,0,100,40000.0,40000.0,0,9166.08,8433.04,510.03
123.5000,0,2,21,5,0,3,0,24,9029.51,8341.14,488.12,164.64,1500.00,240.00,-1,10,0,100,0.0,40000.0,0,9165.08,8431.91,510.23
123.5000,0,3,1,0,0,7,0,0,9029.51,8341.14,488.12,164.64,1500.00,390.00,-1,10,0,100,40000.0,40000.0,0,9165.08,8431.91,510.23
123.5000,0,7,21,5,0,7,0,0,9465.01,4340.65,528.77,4102.28,1500.00,240.00,-1,10,0,100,40000.0,40000.0,0,9165.08,8431.91,510.23
123.5000,0,16,24,5,0,7,0,0,9029.51,8341.14,488.12,164.64,1500.00,240.00,-1,10,0,100,40000.0,40000.0,0,9165.08,8431.91,510.23
123.5000,0,17,22,5,0,7,0,0,9029.51,8341.14,488.12,164.64,1500.00,240.00,-1,10,0,100,40000.0,40000.0,0,9165.08,8431.91,510.23
123.6333,0,2,21,5,0,3,0,24,9029.51,8341.14,488.12,164.64,1500.00,240.00,-1,10,0,100,0.0,40000.0,0,9165.08,8431.91,510.23
123.6333,0,3,1,0,0,7,0,0,9029.51,8341.14,488.12,164.64,1500.00,390.00,-1,10,0,100,40000.0,40000.0,0,9165.08,8431.91,510.23
123.6333,0,7,21,5,0,7,0,0,9465.01,4340.65,528.77,4102.28,1500.00,240.00,-1,10,0,100,40000.0,40000.0,0,9165.08,8431.91,510.23
123.6333,0,16,24,5,0,7,0,0,9029.51,8341.14,488.12,164.64,1500.00,240.00,-1,10,0,100,40000.0,40000.0,0,9165.08,8431.91,510.23
123.6333,0,17,22,5,0,7,0,0,9029.51,8341.14,488.12,164.64,1500.00,240.00,-1,10,0,100,40000.0,40000.0,0,9165.08,8431.91,510.23
123.7667,0,2,21,5,0,3,0,24,9029.51,8341.14,488.12,164.64,1500.00,240.00,-1,10,0,100,0.0,40000.0,0,9165.08,8431.91,510.23
123.7667,0,3,1,0,0,7,0,0,9029.51,8341.14,488.12,164.64,1500.00,390.00,-1,10,0,100,40000.0,40000.0,0,9165.08,8431.91,510.23
123.7667,0,7,21,5,0,7,0,0,9465.01,4340.65,528.77,4102.28,1500.00,240.00,-1,10,0,100,40000.0,40000.0,0,9165.08,8431.91,510.23
123.7667,0,16,24,5,0,7,0,0,9029.51,8341.14,488.12,164.64,1500.00,240.00,-1,10,0,100,40000.0,40000.0,0,9165.08,8431.91,510.23
123.7667,0,17,22,5,0,7,0,0,9029.51,8341.14,488.12,164.64,1500.00,240.00,-1,10,0,100,40000.0,40000.0,0,9165.08,8431.91,510.23
123.8833,0,2,21,5,0,3,0,24,9029.51,8341.14,488.12,164.64,1500.00,240.00,-1,10,0,100,0.0,40000.0,0,9165.08,8431.91,510.23
123.8833,0,3,1,0,0,7,0,0,9029.51,8341.14,488.12,164.64,1500.00,390.00,-1,10,0,100,40000.0,40000.0,0,9165.08,8431.91,510.23
123.8833,0,7,21,5,0,7,0,0,9465.01,4340.65,528.77,4102.28,1500.00,240.00,-1,10,0,100,40000.0,40000.0,0,9165.08,8431.91,510.23
123.8833,0,16,24,5,0,7,0,0,9029.51,8341.14,488.12,164.64,1500.00,240.00,-1,10,0,100,40000.0,40000.0,0,9165.08,8431.91,510.23
123.8833,0,17,22,5,0,7,0,0,9029.51,8341.14,488.12,164.64,1500.00,240.00,-1,10,0,100,40000.0,40000.0,0,9165.08,8431.91,510.23
124.0167,0,2,21,5,0,3,0,24,9029.51,8341.14,488.12,164.64,1500.00,240.00,-1,10,0,100,0.0,40000.0,0,9165.08,8431.91,510.23
124.0167,0,3,1,0,0,7,0,0,9029.51,8341.14,488.12,164.64,1500.00,390.00,-1,10,0,100,40000.0,40000.0,0,9165.08,8431.91,510.23
124.0167,0,7,21,5,0,7,0,0,9465.01,4340.65,528.77,4102.28,1500.00,240.00,-1,10,0,100,40000.0,40000.0,0,9165.08,8431.91,510.23
124.0167,0,16,24,5,0,7,0,0,9029.51,8341.14,488.12,164.64,1500.00,240.00,-1,10,0,100,40000.0,40000.0,0,9165.08,8431.91,510.23
124.0167,0,17,22,5,0,7,0,0,9029.51,8341.14,488.12,164.64,1500.00,240.00,-1,10,0,100,40000.0,40000.0,0,9165.08,8431.91,510.23
124.1500,0,2,21,5,0,3,0,24,9029.51,8341.14,488.12,164.64,1500.00,240.00,-1,10,0,100,0.0,40000.0,0,9165.08,8431.91,510.23
124.1500,0,3,1,0,0,7,0,0,9029.51,8341.14,488.12,164.64,1500.00,390.00,-1,10,0,100,40000.0,40000.0,0,9165.08,8431.91,510.23
124.1500,0,7,21,5,0,7,0,0,9465.01,4340.65,528.77,4102.28,1500.00,240.00,-1,10,0,100,40000.0,40000.0,0,9165.08,8431.91,510.23
124.1500,0,16,24,5,0,7,0,0,9029.51,8341.14,488.12,164.64,1500.00,240.00,-1,10,0,100,40000.0,40000.0,0,9165.08,8431.91,510.23
124.1500,0,17,22,5,0,7,0,0,9029.51,8341.14,488.12,164.64,1500.00,240.00,-1,10,0,100,40000.0,40000.0,0,9165.08,8431.91,510.23
124.2833,0,2,21,5,0,3,0,24,9029.51,8341.14,488.12,164.64,1500.00,240.00,-1,10,0,100,0.0,40000.0,0,9165.08,8431.91,510.23
124.2833,0,3,1,0,0,7,0,0,9029.51,8341.14,488.12,164.64,1500.00,390.00,-1,10,0,100,40000.0,40000.0,0,9165.08,8431.91,510.23
124.2833,0,7,21,5,0,7,0,0,9465.01,4340.65,528.77,4102.28,1500.00,240.00,-1,10,0,100,40000.0,40000.0,0,9165.08,8431.91,510.23
124.2833,0,16,24,5,0,7,0,0,9029.51,8341.14,488.12,164.64,1500.00,240.00,-1,10,0,100,40000.0,40000.0,0,9165.08,8431.91,510.23
124.2833,0,17,22,5,0,7,0,0,9029.51,8341.14,488.12,164.64,1500.00,240.00,-1,10,0,100,40000.0,40000.0,0,9165.08,8431.91,510.23
124.4167,0,2,21,5,0,3,0,24,9029.51,8341.14,488.12,164.64,1500.00,240.00,-1,10,0,100,0.0,40000.0,0,9165.08,8431.91,510.23
124.4167,0,3,1,0,0,7,0,0,9029.51,8341.14,488.12,164.64,1500.00,390.00,-1,10,0,100,40000.0,40000.0,0,9165.08,8431.91,510.23
124.4167,0,7,21,5,0,7,0,0,9465.01,4340.65,528.77,4102.28,1500.00,240.00,-1,10,0,100,40000.0,40000.0,0,9165.08,8431.91,510.23
124.4167,0,16,24,5,0,7,0,0,9029.51,8341.14,488.12,164.64,1500.00,240.00,-1,10,0,100,40000.0,40000.0,0,9165.08,8431.91,510.23
124.4167,0,17,22,5,0,7,0,0,9029.51,8341.14,488.12,164.64,1500.00,240.00,-1,10,0,100,40000.0,40000.0,0,9165.08,8431.91,510.23
124.5500,0,2,21,5,0,3,0,24,9029.51,8341.14,488.12,164.64,1500.00,240.00,-1,10,0,100,0.0,40000.0,0,9165.08,8431.91,510.23
124.5500,0,3,1,0,0,7,0,0,9029.51,8341.14,488.12,164.64,1500.00,390.00,-1,10,0,100,40000.0,40000.0,0,9165.08,8431.91,510.23
124.5500,0,7,21,5,0,7,0,0,9465.01,4340.65,528.77,4102.28,1500.00,240.00,-1,10,0,100,40000.0,40000.0,0,9165.08,8431.91,510.23
124.5500,0,16,24,5,0,7,0,0,9029.51,8341.14,488.12,164.64,1500.00,240.00,-1,10,0,100,40000.0,40000.0,0,9165.08,8431.91,510.23
124.5500,0,17,22,5,0,7,0,0,9029.51,8341.14,488.12,164.64,1500.00,240.00,-1,10,0,100,40000.0,40000.0,0,9165.08,8431.91,510.23
124.7000,0,2,21,5,0,3,0,24,9029.51,8341.14,488.12,164.64,1500.00,240.00,-1,10,0,100,0.0,40000.0,0,9165.08,8431.91,510.23
124.7000,0,3,1,0,0,7,0,0,9029.51,8341.14,488.12,164.64,1500.00,390.00,-1,10,0,100,40000.0,40000.0,0,9165.08,8431.91,510.23
124.7000,0,7,21,5,0,7,0,0,9465.01,4340.65,528.77,4102.28,1500.00,240.00,-1,10,0,100,40000.0,40000.0,0,9165.08,8431.91,510.23
124.7000,0,16,24,5,0,7,0,0,9029.51,8341.14,488.12,164.64,1500.00,240.00,-1,10,0,100,40000.0,40000.0,0,9165.08,8431.91,510.23
124.7000,0,17,22,5,0,7,0,0,9029.51,8341.14,488.12,164.64,1500.00,240.00,-1,10,0,100,40000.0,40000.0,0,9165.08,8431.91,510.23
124.8500,0,2,21,5,0,3,0,24,9029.51,8341.14,488.12,164.64,1500.00,240.00,-1,10,0,100,0.0,40000.0,0,9165.08,8431.91,510.23
124.8500,0,3,1,0,0,7,0,0,9029.51,8341.14,488.12,164.64,1500.00,390.00,-1,10,0,100,40000.0,40000.0,0,9165.08,8431.91,510.23
124.8500,0,7,21,5,0,7,0,0,9465.01,4340.65,528.77,4102.28,1500.00,240.00,-1,10,0,100,40000.0,40000.0,0,9165.08,8431.91,510.23
124.8500,0,16,24,5,0,7,0,0,9029.51,8341.14,488.12,164.64,1500.00,240.00,-1,10,0,100,40000.0,40000.0,0,9165.08,8431.91,510.23
124.8500,0,17,22,5,0,7,0,0,9029.51,8341.14,488.12,164.64,1500.00,240.00,-1,10,0,100,40000.0,40000.0,0,9165.08,8431.91,510.23
125.0000,0,2,21,5,0,3,0,24,9029.51,8341.14,488.12,164.05,1500.00,240.00,-1,10,0,100,0.0,40000.0,0,9164.55,8431.59,510.37
125.0000,0,3,1,0,0,7,0,0,9029.51,8341.14,488.12,164.05,1500.00,390.00,-1,10,0,100,40000.0,40000.0,0,9164.55,8431.59,510.37
125.0000,0,7,21,5,0,7,0,0,9465.01,4340.65,528.77,4102.00,1500.00,240.00,-1,10,0,100,40000.0,40000.0,0,9164.55,8431.59,510.37
125.0000,0,16,24,5,0,7,0,0,9029.51,8341.14,488.12,164.05,1500.00,240.00,-1,10,0,100,40000.0,40000.0,0,9164.55,8431.59,510.37
125.0000,0,17,22,5,0,7,0,0,9029.51,8341.14,488.12,164.05,1500.00,240.00,-1,10,0,100,40000.0,40000.0,0,9164.55,8431.59,510.37
125.1500,0,2,21,5,0,3,0,24,9029.51,8341.14,488.12,156.72,1500.00,240.00,-1,10,0,100,0.0,40000.0,0,9158.11,8427.70,511.17
125.1500,0,3,1,0,0,7,0,0,9029.51,8341.14,488.12,156.72,1500.00,390.00,-1,10,0,100,40000.0,40000.0,0,9158.11,8427.70,511.17
125.1500,0,5,21,5,8,7,0,0,4658.84,6274.97,772.30,4994.58,1500.00,240.00,-1,10,0,100,13200.0,40000.0,0,9158.11,8427.70,511.17
125.1500,0,7,21,5,0,7,0,0,9465.01,4340.65,528.77,4098.60,1500.00,240.00,-1,10,0,100,40000.0,40000.0,0,9158.11,8427.70,511.17
125.1500,0,16,24,5,0,7,0,0,9029.51,8341.14,488.12,156.72,1500.00,240.00,-1,10,0,100,40000.0,40000.0,0,9158.11,8427.70,511.17
125.1500,0,17,22,5,0,7,0,0,9029.51,8341.14,488.12,156.72,1500.00,240.00,-1,10,0,100,40000.0,40000.0,0,9158.11,8427.70,511.17
125.2833,0,2,21,5,0,3,0,24,9029.51,8341.14,488.12,145.08,1500.00,240.00,-1,10,0,100,0.0,40000.0,0,9147.86,8421.98,510.62
125.2833,0,3,1,0,0,7,0,0,9029.51,8341.14,488.12,145.08,1500.00,390.00,-1,10,0,100,40000.0,40000.0,0,9147.86,8421.98,510.62
125.2833,0,5,21,5,8,7,0,0,4658.84,6274.97,772.30,4982.92,1500.00,240.00,-1,10,0,100,13200.0,40000.0,0,9147.86,8421.98,510.62
125.2833,0,7,21,5,0,7,0,0,9465.01,4340.65,528.77,4093.68,1500.00,240.00,-1,10,0,100,40000.0,40000.0,0,9147.86,8421.98,510.62
125.2833,0,16,24,5,0,7,0,0,9029.51,8341.14,488.12,145.08,1500.00,240.00,-1,10,0,100,40000.0,40000.0,0,9147.86,8421.98,510.62
125.2833,0,17,22,5,0,7,0,0,9029.51,8341.14,488.12,145.08,1500.00,240.00,-1,10,0,100,40000.0,40000.0,0,9147.86,8421.98,510.62
125.4333,0,2,21,5,0,3,0,24,9029.51,8341.14,488.12,130.09,1500.00,240.00,-1,10,0,100,0.0,40000.0,0,9135.60,8412.76,511.35
125.4333,0,3,1,0,0,7,0,0,9029.51,8341.14,488.12,130.09,1500.00,390.00,-1,10,0,100,40000.0,40000.0,0,9135.60,8412.76,511.35
125.4333,0,5,21,5,8,7,0,0,4658.84,6274.97,772.30,4967.87,1500.00,240.00,-1,10,0,100,13200.0,40000.0,0,9135.60,8412.76,511.35
125.4333,0,7,21,5,0,7,0,0,9465.01,4340.65,528.77,4085.45,1500.00,240.00,-1,10,0,100,40000.0,40000.0,0,9135.60,8412.76,511.35
125.4333,0,16,24,5,0,7,0,0,9029.51,8341.14,488.12,130.09,1500.00,240.00,-1,10,0,100,40000.0,40000.0,0,9135.60,8412.76,511.35
125.4333,0,17,22,5,0,7,0,0,9029.51,8341.14,488.12,130.09,1500.00,240.00,-1,10,0,100,40000.0,40000.0,0,9135.60,8412.76,511.35
125.5833,0,2,21,5,0,3,0,24,9029.51,8341.14,488.12,116.01,1500.00,240.00,-1,10,0,100,0.0,40000.0,0,9124.45,8403.37,512.06
125.5833,0,3,1,0,0,7,0,0,9029.51,8341.14,488.12,116.01,1500.00,390.00,-1,10,0,100,40000.0,40000.0,0,9124.45,8403.37,512.06
125.5833,0,5,21,5,8,7,0,0,4658.84,6274.97,772.30,4953.74,1500.00,240.00,-1,10,0,100,13200.0,40000.0,0,9124.45,8403.37,512.06
125.5833,0,7,21,5,0,7,0,0,9465.01,4340.65,528.77,4077.00,1500.00,240.00,-1,10,0,100,40000.0,40000.0,0,9124.45,8403.37,512.06
125.5833,0,16,24,5,0,7,0,0,9029.51,8341.14,488.12,116.01,1500.00,240.00,-1,10,0,100,40000.0,40000.0,0,9124.45,8403.37,512.06
125.5833,0,17,22,5,0,7,0,0,9029.51,8341.14,488.12,116.01,1500.00,240.00,-1,10,0,100,40000.0,40000.0,0,9124.45,8403.37,512.06
125.7333,0,2,21,5,0,3,0,24,9029.51,8341.14,488.12,95.59,1500.00,240.00,-1,10,0,100,0.0,40000.0,0,9107.29,8390.72,513.25
125.7333,0,3,1,0,0,7,0,0,9029.51,8341.14,488.12,95.59,1500.00,390.00,-1,10,0,100,40000.0,40000.0,0,9107.29,8390.72,513.25
125.7333,0,5,21,5,8,7,0,0,4658.84,6274.97,772.30,4932.77,1500.00,240.00,-1,10,0,100,13200.0,40000.0,0,9107.29,8390.72,513.25
125.7333,0,7,21,5,0,7,0,0,9465.01,4340.65,528.77,4065.87,1500.00,240.00,-1,10,0,100,40000.0,40000.0,0,9107.29,8390.72,513.25
125.7333,0,16,24,5,0,7,0,0,9029.51,8341.14,488.12,95.59,1500.00,240.00,-1,10,0,100,40000.0,40000.0,0,9107.29,8390.72,513.25
125.7333,0,17,22,5,0,7,0,0,9029.51,8341.14,488.12,95.59,1500.00,240.00,-1,10,0,100,40000.0,40000.0,0,9107.29,8390.72,513.25
125.8833,0,2,21,5,0,3,0,24,9029.51,8341.14,488.12,79.20,1500.00,240.00,-1,10,0,100,0.0,40000.0,0,9091.23,8379.63,519.46
125.8833,0,3,1,0,0,7,0,0,9029.51,8341.14,488.12,79.20,1500.00,390.00,-1,10,0,100,40000.0,40000.0,0,9091.23,8379.63,519.46
125.8833,0,5,21,5,8,7,0,0,4658.84,6274.97,772.30,4913.21,1500.00,240.00,-1,10,0,100,13200.0,40000.0,0,9091.23,8379.63,519.46
125.8833,0,7,21,5,0,7,0,0,9465.01,4340.65,528.77,4056.25,1500.00,240.00,-1,10,0,100,40000.0,40000.0,0,9091.23,8379.63,519.46
125.8833,0,16,24,5,0,7,0,0,9029.51,8341.14,488.12,79.20,1500.00,240.00,-1,10,0,100,40000.0,40000.0,0,9091.23,8379.63,519.46
125.8833,0,17,22,5,0,7,0,0,9029.51,8341.14,488.12,79.20,1500.00,240.00,-1,10,0,100,40000.0,40000.0,0,9091.23,8379.63,519.46
126.0333,0,2,21,5,0,3,0,24,9029.51,8341.14,488.12,73.40,1500.00,240.00,-1,10,0,100,0.0,40000.0,0,9081.03,8369.43,532.08
126.0333,0,3,1,0,0,7,0,0,9029.51,8341.14,488.12,73.40,1500.00,390.00,-1,10,0,100,40000.0,40000.0,0,9081.03,8369.43,532.08
126.0333,0,5,21,5,8,7,0,0,4658.84,6274.97,772.30,4899.01,1500.00,240.00,-1,10,0,100,13200.0,40000.0,0,9081.03,8369.43,532.08
126.0333,0,7,21,5,0,7,0,0,9465.01,4340.65,528.77,4047.04,1500.00,240.00,-1,10,0,100,40000.0,40000.0,0,9081.03,8369.43,532.08
126.0333,0,16,24,5,0,7,0,0,9029.51,8341.14,488.12,73.40,1500.00,240.00,-1,10,0,100,40000.0,40000.0,0,9081.03,8369.43,532.08
126.0333,0,17,22,5,0,7,0,0,9029.51,8341.14,488.12,73.40,1500.00,240.00,-1,10,0,100,40000.0,40000.0,0,9081.03,8369.43,532.08
126.1833,0,2,21,5,0,3,0,24,9029.51,8341.14,488.12,69.51,1500.00,240.00,-1,10,0,100,0.0,40000.0,0,9073.80,8362.67,537.17
126.1833,0,3,1,0,0,7,0,0,9029.51,8341.14,488.12,69.51,1500.00,390.00,-1,10,0,100,40000.0,40000.0,0,9073.80,8362.67,537.17
126.1833,0,5,21,5,8,7,0,0,4658.84,6274.97,772.30,4889.34,1500.00,240.00,-1,10,0,100,13200.0,40000.0,0,9073.80,8362.67,537.17
126.1833,0,7,21,5,0,7,0,0,9465.01,4340.65,528.77,4041.01,1500.00,240.00,-1,10,0,100,40000.0,40000.0,0,9073.80,8362.67,537.17
126.1833,0,16,24,5,0,7,0,0,9029.51,8341.14,488.12,69.51,1500.00,240.00,-1,10,0,100,40000.0,40000.0,0,9073.80,8362.67,537.17
126.1833,0,17,22,5,0,7,0,0,9029.51,8341.14,488.12,69.51,1500.00,240.00,-1,10,0,100,40000.0,40000.0,0,9073.80,8362.67,537.17
126.3333,0,2,21,5,0,3,0,24,9029.51,8341.14,488.12,67.61,1500.00,240.00,-1,10,0,100,0.0,40000.0,0,9071.62,8360.71,537.27
126.3333,0,3,1,0,0,7,0,0,9029.51,8341.14,488.12,67.61,1500.00,390.00,-1,10,0,100,40000.0,40000.0,0,9071.62,8360.71,537.27
126.3333,0,5,21,5,8,7,0,0,4658.84,6274.97,772.30,4886.53,1500.00,240.00,-1,10,0,100,13200.0,40000.0,0,9071.62,8360.71,537.27
126.3333,0,7,21,5,0,7,0,0,9465.01,4340.65,528.77,4039.27,1500.00,240.00,-1,10,0,100,40000.0,40000.0,0,9071.62,8360.71,537.27
126.3333,0,16,24,5,0,7,0,0,9029.51,8341.14,488.12,67.61,1500.00,240.00,-1,10,0,100,40000.0,40000.0,0,9071.62,8360.71,537.27
126.3333,0,17,22,5,0,7,0,0,9029.51,8341.14,488.12,67.61,1500.00,240.00,-1,10,0,100,40000.0,40000.0,0,9071.62,8360.71,537.27
126.4833,0,2,21,5,0,3,0,24,9029.51,8341.14,488.12,67.61,1500.00,240.00,-1,10,0,100,0.0,40000.0,0,9071.62,8360.71,537.27
126.4833,0,3,1,0,0,7,0,0,9029.51,8341.14,488.12,67.61,1500.00,390.00,-1,10,0,100,40000.0,40000.0,0,9071.62,8360.71,537.27
126.4833,0,5,21,5,8,7,0,0,4658.84,6274.97,772.30,4886.53,1500.00,240.00,-1,10,0,100,13200.0,40000.0,0,9071.62,8360.71,537.27
126.4833,0,7,21,5,0,7,0,0,9465.01,4340.65,528.77,4039.27,1500.00,240.00,-1,10,0,100,40000.0,40000.0,0,9071.62,8360.71,537.27
126.4833,0,16,24,5,0,7,0,0,9029.51,8341.14,488.12,67.61,1500.00,240.00,-1,10,0,100,40000.0,40000.0,0,9071.62,8360.71,537.27
126.4833,0,17,22,5,0,7,0,0,9029.51,8341.14,488.12,67.61,1500.00,240.00,-1,10,0,100,40000.0,40000.0,0,9071.62,8360.71,537.27
126.6333,0,2,21,5,0,3,0,24,9029.51,8341.14,488.12,67.61,1500.00,240.00,-1,10,0,100,0.0,40000.0,0,9071.62,8360.71,537.27
126.6333,0,3,1,0,0,7,0,0,9029.51,8341.14,488.12,67.61,1500.00,390.00,-1,10,0,100,40000.0,40000.0,0,9071.62,8360.71,537.27
126.6333,0,5,21,5,8,7,0,0,4658.84,6274.97,772.30,4886.53,1500.00,240.00,-1,10,0,100,13200.0,40000.0,0,9071.62,8360.71,537.27
126.6333,0,7,21,5,0,7,0,0,9465.01,4340.65,528.77,4039.27,1500.00,240.00,-1,10,0,100,40000.0,40000.0,0,9071.62,8360.71,537.27
126.6333,0,16,24,5,0,7,0,0,9029.51,8341.14,488.12,67.61,1500.00,240.00,-1,10,0,100,40000.0,40000.0,0,9071.62,8360.71,537.27
126.6333,0,17,22,5,0,7,0,0,9029.51,8341.14,488.12,67.61,1500.00,240.00,-1,10,0,100,40000.0,40000.0,0,9071.62,8360.71,537.27
126.7833,0,2,21,5,0,3,0,24,9029.51,8341.14,488.12,67.61,1500.00,240.00,-1,10,0,100,0.0,40000.0,0,9071.62,8360.71,537.27
126.7833,0,3,1,0,0,7,0,0,9029.51,8341.14,488.12,67.61,1500.00,390.00,-1,10,0,100,40000.0,40000.0,0,9071.62,8360.71,537.27
126.7833,0,5,21,5,8,7,0,0,4658.84,6274.97,772.30,4886.53,1500.00,240.00,-1,10,0,100,13200.0,40000.0,0,9071.62,8360.71,537.27
126.7833,0,7,21,5,0,7,0,0,9465.01,4340.65,528.77,4039.27,1500.00,240.00,-1,10,0,100,40000.0,40000.0,0,9071.62,8360.71,537.27
126.7833,0,16,24,5,0,7,0,0,9029.51,8341.14,488.12,67.61,1500.00,240.00,-1,10,0,100,40000.0,40000.0,0,9071.62,8360.71,537.27
126.7833,0,17,22,5,0,7,0,0,9029.51,8341.14,488.12,67.61,1500.00,240.00,-1,10,0,100,40000.0,40000.0,0,9071.62,8360.71,537.27
126.9333,0,2,21,5,0,3,0,24,9029.51,8341.14,488.12,67.61,1500.00,240.00,-1,10,0,100,0.0,40000.0,0,9071.62,8360.71,537.27
126.9333,0,3,1,0,0,7,0,0,9029.51,8341.14,488.12,67.61,1500.00,390.00,-1,10,0,100,40000.0,40000.0,0,9071.62,8360.71,537.27
126.9333,0,5,21,5,8,7,0,0,4658.84,6274.97,772.30,4886.53,1500.00,240.00,-1,10,0,100,13200.0,40000.0,0,9071.62,8360.71,537.27
126.9333,0,7,21,5,0,7,0,0,9465.01,4340.65,528.77,4039.27,1500.00,240.00,-1,10,0,100,40000.0,40000.0,0,9071.62,8360.71,537.27
126.9333,0,16,24,5,0,7,0,0,9029.51,8341.14,488.12,67.61,1500.00,240.00,-1,10,0,100,40000.0,40000.0,0,9071.62,8360.71,537.27
126.9333,0,17,22,5,0,7,0,0,9029.51,8341.14,488.12,67.61,1500.00,240.00,-1,10,0,100,40000.0,40000.0,0,9071.62,8360.71,537.27
127.0833,0,2,21,5,0,3,0,24,9029.51,8341.14,488.12,67.61,1500.00,240.00,-1,10,0,100,0.0,40000.0,0,9071.62,8360.71,537.27
127.0833,0,3,1,0,0,7,0,0,9029.51,8341.14,488.12,67.61,1500.00,390.00,-1,10,0,100,40000.0,40000.0,0,9071.62,8360.71,537.27
127.0833,0,5,21,5,8,7,0,0,4658.84,6274.97,772.30,4886.53,1500.00,240.00,-1,10,0,100,13200.0,40000.0,0,9071.62,8360.71,537.27
127.0833,0,7,21,5,0,7,0,0,9465.01,4340.65,528.77,4039.27,1500.00,240.00,-1,10,0,100,40000.0,40000.0,0,9071.62,8360.71,537.27
127.0833,0,16,24,5,0,7,0,0,9029.51,8341.14,488.12,67.61,1500.00,240.00,-1,10,0,100,40000.0,40000.0,0,9071.62,8360.71,537.27
127.0833,0,17,22,5,0,7,0,0,9029.51,8341.14,488.12,67.61,1500.00,240.00,-1,10,0,100,40000.0,40000.0,0,9071.62,8360.71,537.27
127.2333,0,2,21,5,0,3,0,24,9029.51,8341.14,488.12,67.61,1500.00,240.00,-1,10,0,100,0.0,40000.0,0,9071.62,8360.71,537.27
127.2333,0,3,1,0,0,7,0,0,9029.51,8341.14,488.12,67.61,1500.00,390.00,-1,10,0,100,40000.0,40000.0,0,9071.62,8360.71,537.27
127.2333,0,5,21,5,8,7,0,0,4658.84,6274.97,772.30,4886.53,1500.00,240.00,-1,10,0,100,13200.0,40000.0,0,9071.62,8360.71,537.27
127.2333,0,7,21,5,0,7,0,0,9465.01,4340.65,528.77,4039.27,1500.00,240.00,-1,10,0,100,40000.0,40000.0,0,9071.62,8360.71,537.27
127.2333,0,16,24,5,0,7,0,0,9029.51,8341.14,488.12,67.61,1500.00,240.00,-1,10,0,100,40000.0,40000.0,0,9071.62,8360.71,537.27
127.2333,0,17,22,5,0,7,0,0,9029.51,8341.14,488.12,67.61,1500.00,240.00,-1,10,0,100,40000.0,40000.0,0,9071.62,8360.71,537.27
127.3667,0,2,21,5,0,3,0,24,9029.51,8341.14,488.12,67.18,1500.00,240.00,-1,10,0,100,0.0,40000.0,0,9068.70,8362.24,538.44
127.3667,0,3,1,0,0,7,0,0,9029.51,8341.14,488.12,67.18,1500.00,390.00,-1,10,0,100,40000.0,40000.0,0,9068.70,8362.24,538.44
127.3667,0,5,21,5,8,7,0,0,4658.84,6274.97,772.30,4884.50,1500.00,240.00,-1,10,0,100,13200.0,40000.0,0,9068.70,8362.24,538.44
127.3667,0,7,21,5,0,7,0,0,9465.01,4340.65,528.77,4041.08,1500.00,240.00,-1,10,0,100,40000.0,40000.0,0,9068.70,8362.24,538.44
127.3667,0,16,24,5,0,7,0,0,9029.51,8341.14,488.12,67.18,1500.00,240.00,-1,10,0,100,40000.0,40000.0,0,9068.70,8362.24,538.44
127.3667,0,17,22,5,0,7,0,0,9029.51,8341.14,488.12,67.18,1500.00,240.00,-1,10,0,100,40000.0,40000.0,0,9068.70,8362.24,538.44
127.5167,0,2,21,5,0,3,0,24,9029.51,8341.14,488.12,66.89,1500.00,240.00,-1,10,0,100,0.0,40000.0,0,9059.71,8365.56,542.58
127.5167,0,3,1,0,0,7,0,0,9029.51,8341.14,488.12,66.89,1500.00,390.00,-1,10,0,100,40000.0,40000.0,0,9059.71,8365.56,542.58
127.5167,0,5,21,5,8,7,0,0,4658.84,6274.97,772.30,4877.60,1500.00,240.00,-1,10,0,100,13200.0,40000.0,0,9059.71,8365.56,542.58
127.5167,0,7,21,5,0,7,0,0,9465.01,4340.65,528.77,4045.29,1500.00,240.00,-1,10,0,100,40000.0,40000.0,0,9059.71,8365.56,542.58
127.5167,0,16,24,5,0,7,0,0,9029.51,8341.14,488.12,66.89,1500.00,240.00,-1,10,0,100,40000.0,40000.0,0,9059.71,8365.56,542.58
127.5167,0,17,22,5,0,7,0,0,9029.51,8341.14,488.12,66.89,1500.00,240.00,-1,10,0,100,40000.0,40000.0,0,9059.71,8365.56,542.58
127.6500,0,2,21,5,0,3,0,24,9029.51,8341.14,488.12,63.95,1500.00,240.00,-1,10,0,100,0.0,40000.0,0,9045.03,8370.61,542.71
127.6500,0,3,1,0,0,7,0,0,9029.51,8341.14,488.12,63.95,1500.00,390.00,-1,10,0,100,40000.0,40000.0,0,9045.03,8370.61,542.71
127.6500,0,5,21,5,8,7,0,0,4658.84,6274.97,772.30,4866.53,1500.00,240.00,-1,10,0,100,13200.0,40000.0,0,9045.03,8370.61,542.71
127.6500,0,7,21,5,0,7,0,0,9465.01,4340.65,528.77,4051.81,1500.00,240.00,-1,10,0,100,40000.0,40000.0,0,9045.03,8370.61,542.71
127.6500,0,16,24,5,0,7,0,0,9029.51,8341.14,488.12,63.95,1500.00,240.00,-1,10,0,100,40000.0,40000.0,0,9045.03,8370.61,542.71
127.6500,0,17,22,5,0,7,0,0,9029.51,8341.14,488.12,63.95,1500.00,240.00,-1,10,0,100,40000.0,40000.0,0,9045.03,8370.61,542.71
127.7833,0,2,21,5,0,3,0,24,9029.51,8341.14,488.12,70.59,1500.00,240.00,-1,10,0,100,0.0,40000.0,0,9031.08,8374.67,550.22
127.7833,0,3,1,0,0,7,0,0,9029.51,8341.14,488.12,70.59,1500.00,390.00,-1,10,0,100,40000.0,40000.0,0,9031.08,8374.67,550.22
127.7833,0,5,21,5,8,7,0,0,4658.84,6274.97,772.30,4855.37,1500.00,240.00,-1,10,0,100,13200.0,40000.0,0,9031.08,8374.67,550.22
127.7833,0,7,21,5,0,7,0,0,9465.01,4340.65,528.77,4057.35,1500.00,240.00,-1,10,0,100,40000.0,40000.0,0,9031.08,8374.67,550.22
127.7833,0,16,24,5,0,7,0,0,9029.51,8341.14,488.12,70.59,1500.00,240.00,-1,10,0,100,40000.0,40000.0,0,9031.08,8374.67,550.22
127.7833,0,17,22,5,0,7,0,0,9029.51,8341.14,488.12,70.59,1500.00,240.00,-1,10,0,100,40000.0,40000.0,0,9031.08,8374.67,550.22
127.9333,0,2,21,5,0,3,0,24,9029.51,8341.14,488.12,68.24,1500.00,240.00,-1,10,0,100,0.0,40000.0,0,9024.53,8375.56,546.84
127.9333,0,3,1,0,0,7,0,0,9029.51,8341.14,488.12,68.24,1500.00,390.00,-1,10,0,100,40000.0,40000.0,0,9024.53,8375.56,546.84
127.9333,0,5,21,5,8,7,0,0,4658.84,6274.97,772.30,4850.01,1500.00,240.00,-1,10,0,100,13200.0,40000.0,0,9024.53,8375.56,546.84
127.9333,0,7,21,5,0,7,0,0,9465.01,4340.65,528.77,4058.92,1500.00,240.00,-1,10,0,100,40000.0,40000.0,0,9024.53,8375.56,546.84
127.9333,0,16,24,5,0,7,0,0,9029.51,8341.14,488.12,68.24,1500.00,240.00,-1,10,0,100,40000.0,40000.0,0,9024.53,8375.56,546.84
127.9333,0,17,22,5,0,7,0,0,9029.51,8341.14,488.12,68.24,1500.00,240.00,-1,10,0,100,40000.0,40000.0,0,9024.53,8375.56,546.84
128.0667,0,2,21,5,0,3,0,24,9029.51,8341.14,488.12,68.24,1500.00,240.00,-1,10,0,100,0.0,40000.0,0,9024.53,8375.56,546.84
128.0667,0,3,1,0,0,7,0,0,9029.51,8341.14,488.12,68.24,1500.00,390.00,-1,10,0,100,40000.0,40000.0,0,9024.53,8375.56,546.84
128.0667,0,5,21,5,8,7,0,0,4658.84,6274.97,772.30,4850.01,1500.00,240.00,-1,10,0,100,13200.0,40000.0,0,9024.53,8375.56,546.84
128.0667,0,7,21,5,0,7,0,0,9465.01,4340.65,528.77,4058.92,1500.00,240.00,-1,10,0,100,40000.0,40000.0,0,9024.53,8375.56,546.84
128.0667,0,16,24,5,0,7,0,0,9029.51,8341.14,488.12,68.24,1500.00,240.00,-1,10,0,100,40000.0,40000.0,0,9024.53,8375.56,546.84
128.0667,0,17,22,5,0,7,0,0,9029.51,8341.14,488.12,68.24,1500.00,240.00,-1,10,0,100,40000.0,40000.0,0,9024.53,8375.56,546.84
128.2167,0,2,21,5,0,3,0,24,9029.51,8341.14,488.12,68.24,1500.00,240.00,-1,10,0,100,0.0,40000.0,0,9024.53,8375.56,546.84
128.2167,0,3,1,0,0,7,0,0,9029.51,8341.14,488.12,68.24,1500.00,390.00,-1,10,0,100,40000.0,40000.0,0,9024.53,8375.56,546.84
128.2167,0,5,21,5,8,7,0,0,4658.84,6274.97,772.30,4850.01,1500.00,240.00,-1,10,0,100,13200.0,40000.0,0,9024.53,8375.56,546.84
128.2167,0,7,21,5,0,7,0,0,9465.01,4340.65,528.77,4058.92,1500.00,240.00,-1,10,0,100,40000.0,40000.0,0,9024.53,8375.56,546.84
128.2167,0,16,24,5,0,7,0,0,9029.51,8341.14,488.12,68.24,1500.00,240.00,-1,10,0,100,40000.0,40000.0,0,9024.53,8375.56,546.84
128.2167,0,17,22,5,0,7,0,0,9029.51,8341.14,488.12,68.24,1500.00,240.00,-1,10,0,100,40000.0,40000.0,0,9024.53,8375.56,546.84
128.3500,0,2,21,5,0,3,0,24,9029.51,8341.14,488.12,68.24,1500.00,240.00,-1,10,0,100,0.0,40000.0,0,9024.53,8375.56,546.84
128.3500,0,3,1,0,0,7,0,0,9029.51,8341.14,488.12,68.24,1500.00,390.00,-1,10,0,100,40000.0,40000.0,0,9024.53,8375.56,546.84
128.3500,0,5,21,5,8,7,0,0,4658.84,6274.97,772.30,4850.01,1500.00,240.00,-1,10,0,100,13200.0,40000.0,0,9024.53,8375.56,546.84
128.3500,0,7,21,5,0,7,0,0,9465.01,4340.65,528.77,4058.92,1500.00,240.00,-1,10,0,100,40000.0,40000.0,0,9024.53,8375.56,546.84
128.3500,0,16,24,5,0,7,0,0,9029.51,8341.14,488.12,68.24,1500.00,240.00,-1,10,0,100,40000.0,40000.0,0,9024.53,8375.56,546.84
128.3500,0,17,22,5,0,7,0,0,9029.51,8341.14,488.12,68.24,1500.00,240.00,-1,10,0,100,40000.0,40000.0,0,9024.53,8375.56,546.84
128.4833,0,2,21,5,0,3,0,24,9029.51,8341.14,488.12,68.24,1500.00,240.00,-1,10,0,100,0.0,40000.0,0,9024.53,8375.56,546.84
128.4833,0,3,1,0,0,7,0,0,9029.51,8341.14,488.12,68.24,1500.00,390.00,-1,10,0,100,40000.0,40000.0,0,9024.53,8375.56,546.84
128.4833,0,5,21,5,8,7,0,0,4658.84,6274.97,772.30,4850.01,1500.00,240.00,-1,10,0,100,13200.0,40000.0,0,9024.53,8375.56,546.84
128.4833,0,7,21,5,0,7,0,0,9465.01,4340.65,528.77,4058.92,1500.00,240.00,-1,10,0,100,40000.0,40000.0,0,9024.53,8375.56,546.84
128.4833,0,16,24,5,0,7,0,0,9029.51,8341.14,488.12,68.24,1500.00,240.00,-1,10,0,100,40000.0,40000.0,0,9024.53,8375.56,546.84
128.4833,0,17,22,5,0,7,0,0,9029.51,8341.14,488.12,68.24,1500.00,240.00,-1,10,0,100,40000.0,40000.0,0,9024.53,8375.56,546.84
128.6167,0,2,21,5,0,3,0,24,9029.51,8341.14,488.12,68.24,1500.00,240.00,-1,10,0,100,0.0,40000.0,0,9024.53,8375.56,546.84
128.6167,0,3,1,0,0,7,0,0,9029.51,8341.14,488.12,68.24,1500.00,390.00,-1,10,0,100,40000.0,40000.0,0,9024.53,8375.56,546.84
128.6167,0,5,21,5,8,7,0,0,4658.84,6274.97,772.30,4850.01,1500.00,240.00,-1,10,0,100,13200.0,40000.0,0,9024.53,8375.56,546.84
128.6167,0,7,21,5,0,7,0,0,9465.01,4340.65,528.77,4058.92,1500.00,240.00,-1,10,0,100,40000.0,40000.0,0,9024.53,8375.56,546.84
128.6167,0,16,24,5,0,7,0,0,9029.51,8341.14,488.12,68.24,1500.00,240.00,-1,10,0,100,40000.0,40000.0,0,9024.53,8375.56,546.84
128.6167,0,17,22,5,0,7,0,0,9029.51,8341.14,488.12,68.24,1500.00,240.00,-1,10,0,100,40000.0,40000.0,0,9024.53,8375.56,546.84
128.7500,0,2,21,5,0,3,0,24,9029.51,8341.14,488.12,68.24,1500.00,240.00,-1,10,0,100,0.0,40000.0,0,9024.53,8375.56,546.84
128.7500,0,3,1,0,0,7,0,0,9029.51,8341.14,488.12,68.24,1500.00,390.00,-1,10,0,100,40000.0,40000.0,0,9024.53,8375.56,546.84
128.7500,0,5,21,5,8,7,0,0,4658.84,6274.97,772.30,4850.01,1500.00,240.00,-1,10,0,100,13200.0,40000.0,0,9024.53,8375.56,546.84
128.7500,0,7,21,5,0,7,0,0,9465.01,4340.65,528.77,4058.92,1500.00,240.00,-1,10,0,100,40000.0,40000.0,0,9024.53,8375.56,546.84
128.7500,0,16,24,5,0,7,0,0,9029.51,8341.14,488.12,68.24,1500.00,240.00,-1,10,0,100,40000.0,40000.0,0,9024.53,8375.56,546.84
128.7500,0,17,22,5,0,7,0,0,9029.51,8341.14,488.12,68.24,1500.00,240.00,-1,10,0,100,40000.0,40000.0,0,9024.53,8375.56,546.84
128.8833,0,2,21,5,0,3,0,24,9029.51,8341.14,488.12,68.24,1500.00,240.00,-1,10,0,100,0.0,40000.0,0,9024.53,8375.56,546.84
128.8833,0,3,1,0,0,7,0,0,9029.51,8341.14,488.12,68.24,1500.00,390.00,-1,10,0,100,40000.0,40000.0,0,9024.53,8375.56,546.84
128.8833,0,5,21,5,8,7,0,0,4658.84,6274.97,772.30,4850.01,1500.00,240.00,-1,10,0,100,13200.0,40000.0,0,9024.53,8375.56,546.84
128.8833,0,7,21,5,0,7,0,0,9465.01,4340.65,528.77,4058.92,1500.00,240.00,-1,10,0,100,40000.0,40000.0,0,9024.53,8375.56,546.84
128.8833,0,16,24,5,0,7,0,0,9029.51,8341.14,488.12,68.24,1500.00,240.00,-1,10,0,100,40000.0,40000.0,0,9024.53,8375.56,546.84
128.8833,0,17,22,5,0,7,0,0,9029.51,8341.14,488.12,68.24,1500.00,240.00,-1,10,0,100,40000.0,40000.0,0,9024.53,8375.56,546.84
129.0167,0,2,21,5,0,3,0,24,9029.51,8341.14,488.12,68.24,1500.00,240.00,-1,10,0,100,0.0,40000.0,0,9024.53,8375.56,546.84
129.0167,0,3,1,0,0,7,0,0,9029.51,8341.14,488.12,68.24,1500.00,390.00,-1,10,0,100,40000.0,40000.0,0,9024.53,8375.56,546.84
129.0167,0,5,21,5,8,7,0,0,4658.84,6274.97,772.30,4850.01,1500.00,240.00,-1,10,0,100,13200.0,40000.0,0,9024.53,8375.56,546.84
129.0167,0,7,21,5,0,7,0,0,9465.01,4340.65,528.77,4058.92,1500.00,240.00,-1,10,0,100,40000.0,40000.0,0,9024.53,8375.56,546.84
129.0167,0,16,24,5,0,7,0,0,9029.51,8341.14,488.12,68.24,1500.00,240.00,-1,10,0,100,40000.0,40000.0,0,9024.53,8375.56,546.84
129.0167,0,17,22,5,0,7,0,0,9029.51,8341.14,488.12,68.24,1500.00,240.00,-1,10,0,100,40000.0,40000.0,0,9024.53,8375.56,546.84
129.1500,0,2,21,5,0,3,0,24,9029.51,8341.14,488.12,68.24,1500.00,240.00,-1,10,0,100,0.0,40000.0,0,9024.53,8375.56,546.84
129.1500,0,3,1,0,0,7,0,0,9029.51,8341.14,488.12,68.24,1500.00,390.00,-1,10,0,100,40000.0,40000.0,0,9024.53,8375.56,546.84
129.1500,0,5,21,5,8,7,0,0,4658.84,6274.97,772.30,4850.01,1500.00,240.00,-1,10,0,100,13200.0,40000.0,0,9024.53,8375.56,546.84
129.1500,0,7,21,5,0,7,0,0,9465.01,4340.65,528.77,4058.92,1500.00,240.00,-1,10,0,100,40000.0,40000.0,0,9024.53,8375.56,546.84
129.1500,0,16,24,5,0,7,0,0,9029.51,8341.14,488.12,68.24,1500.00,240.00,-1,10,0,100,40000.0,40000.0,0,9024.53,8375.56,546.84
129.1500,0,17,22,5,0,7,0,0,9029.51,8341.14,488.12,68.24,1500.00,240.00,-1,10,0,100,40000.0,40000.0,0,9024.53,8375.56,546.84
129.3000,0,2,21,5,0,3,0,24,9029.51,8341.14,488.12,65.38,1500.00,240.00,-1,10,0,100,0.0,40000.0,0,9015.60,8365.18,547.31
129.3000,0,3,1,0,0,7,0,0,9029.51,8341.14,488.12,65.38,1500.00,390.00,-1,10,0,100,40000.0,40000.0,0,9015.60,8365.18,547.31
129.3000,0,5,21,5,8,7,0,0,4658.84,6274.97,772.30,4837.45,1500.00,240.00,-1,10,0,100,13200.0,40000.0,0,9015.60,8365.18,547.31
129.3000,0,7,21,5,0,7,0,0,9465.01,4340.65,528.77,4049.58,1500.00,240.00,-1,10,0,100,40000.0,40000.0,0,9015.60,8365.18,547.31
129.3000,0,16,24,5,0,7,0,0,9029.51,8341.14,488.12,65.38,1500.00,240.00,-1,10,0,100,40000.0,40000.0,0,9015.60,8365.18,547.31
129.3000,0,17,22,5,0,7,0,0,9029.51,8341.14,488.12,65.38,1500.00,240.00,-1,10,0,100,40000.0,40000.0,0,9015.60,8365.18,547.31
129.4333,0,2,21,5,0,3,0,24,9029.51,8341.14,488.12,68.52,1500.00,240.00,-1,10,0,100,0.0,40000.0,0,9004.81,8352.35,551.04
129.4333,0,3,1,0,0,7,0,0,9029.51,8341.14,488.12,68.52,1500.00,390.00,-1,10,0,100,40000.0,40000.0,0,9004.81,8352.35,551.04
129.4333,0,5,21,5,8,7,0,0,4658.84,6274.97,772.30,4822.02,1500.00,240.00,-1,10,0,100,13200.0,40000.0,0,9004.81,8352.35,551.04
129.4333,0,7,21,5,0,7,0,0,9465.01,4340.65,528.77,4038.08,1500.00,240.00,-1,10,0,100,40000.0,40000.0,0,9004.81,8352.35,551.04
129.4333,0,16,24,5,0,7,0,0,9029.51,8341.14,488.12,68.52,1500.00,240.00,-1,10,0,100,40000.0,40000.0,0,9004.81,8352.35,551.04
129.4333,0,17,22,5,0,7,0,0,9029.51,8341.14,488.12,68.52,1500.00,240.00,-1,10,0,100,40000.0,40000.0,0,9004.81,8352.35,551.04
129.5667,0,2,21,5,0,3,0,24,9029.51,8341.14,488.12,71.01,1500.00,240.00,-1,10,0,100,0.0,40000.0,0,8992.41,8340.96,548.67
129.5667,0,3,1,0,0,7,0,0,9029.51,8341.14,488.12,71.01,1500.00,390.00,-1,10,0,100,40000.0,40000.0,0,8992.41,8340.96,548.67
129.5667,0,5,21,5,8,7,0,0,4658.84,6274.97,772.30,4806.06,1500.00,240.00,-1,10,0,100,13200.0,40000.0,0,8992.41,8340.96,548.67
129.5667,0,7,21,5,0,7,0,0,9465.01,4340.65,528.77,4028.18,1500.00,240.00,-1,10,0,100,40000.0,40000.0,0,8992.41,8340.96,548.67
129.5667,0,16,24,5,0,7,0,0,9029.51,8341.14,488.12,71.01,1500.00,240.00,-1,10,0,100,40000.0,40000.0,0,8992.41,8340.96,548.67
129.5667,0,17,22,5,0,7,0,0,9029.51,8341.14,488.12,71.01,1500.00,240.00,-1,10,0,100,40000.0,40000.0,0,8992.41,8340.96,548.67
129.7000,0,2,21,5,0,3,0,24,9029.51,8341.14,488.12,74.95,1500.00,240.00,-1,10,0,100,0.0,40000.0,0,8980.69,8331.79,544.22
129.7000,0,3,1,0,0,7,0,0,9029.51,8341.14,488.12,74.95,1500.00,390.00,-1,10,0,100,40000.0,40000.0,0,8980.69,8331.79,544.22
129.7000,0,5,21,5,8,7,0,0,4658.84,6274.97,772.30,4791.76,1500.00,240.00,-1,10,0,100,13200.0,40000.0,0,8980.69,8331.79,544.22
129.7000,0,7,21,5,0,7,0,0,9465.01,4340.65,528.77,4020.45,1500.00,240.00,-1,10,0,100,40000.0,40000.0,0,8980.69,8331.79,544.22
129.7000,0,16,24,5,0,7,0,0,9029.51,8341.14,488.12,74.95,1500.00,240.00,-1,10,0,100,40000.0,40000.0,0,8980.69,8331.79,544.22
129.7000,0,17,22,5,0,7,0,0,9029.51,8341.14,488.12,74.95,1500.00,240.00,-1,10,0,100,40000.0,40000.0,0,8980.69,8331.79,544.22
129.8500,0,2,21,5,0,3,0,24,9029.51,8341.14,488.12,77.11,1500.00,240.00,-1,10,0,100,0.0,40000.0,0,8974.16,8327.35,540.00
129.8500,0,3,1,0,0,7,0,0,9029.51,8341.14,488.12,77.11,1500.00,390.00,-1,10,0,100,40000.0,40000.0,0,8974.16,8327.35,540.00
129.8500,0,5,21,5,8,7,0,0,4658.84,6274.97,772.30,4784.17,1500.00,240.00,-1,10,0,100,13200.0,40000.0,0,8974.16,8327.35,540.00
129.8500,0,7,21,5,0,7,0,0,9465.01,4340.65,528.77,4016.82,1500.00,240.00,-1,10,0,100,40000.0,40000.0,0,8974.16,8327.35,540.00
129.8500,0,16,24,5,0,7,0,0,9029.51,8341.14,488.12,77.11,1500.00,240.00,-1,10,0,100,40000.0,40000.0,0,8974.16,8327.35,540.00
129.8500,0,17,22,5,0,7,0,0,9029.51,8341.14,488.12,77.11,1500.00,240.00,-1,10,0,100,40000.0,40000.0,0,8974.16,8327.35,540.00
129.9833,0,2,21,5,0,3,0,24,9029.51,8341.14,488.12,77.11,1500.00,240.00,-1,10,0,100,0.0,40000.0,0,8974.16,8327.35,540.00
129.9833,0,3,1,0,0,7,0,0,9029.51,8341.14,488.12,77.11,1500.00,390.00,-1,10,0,100,40000.0,40000.0,0,8974.16,8327.35,540.00
129.9833,0,5,21,5,8,7,0,0,4658.84,6274.97,772.30,4784.17,1500.00,240.00,-1,10,0,100,13200.0,40000.0,0,8974.16,8327.35,540.00
129.9833,0,7,21,5,0,7,0,0,9465.01,4340.65,528.77,4016.82,1500.00,240.00,-1,10,0,100,40000.0,40000.0,0,8974.16,8327.35,540.00
129.9833,0,16,24,5,0,7,0,0,9029.51,8341.14,488.12,77.11,1500.00,240.00,-1,10,0,100,40000.0,40000.0,0,8974.16,8327.35,540.00
129.9833,0,17,22,5,0,7,0,0,9029.51,8341.14,488.12,77.11,1500.00,240.00,-1,10,0,100,40000.0,40000.0,0,8974.16,8327.35,540.00
130.1167,0,2,21,5,0,3,0,24,9029.51,8341.14,488.12,77.11,1500.00,240.00,-1,10,0,100,0.0,40000.0,0,8974.16,8327.35,540.00
130.1167,0,3,1,0,0,7,0,0,9029.51,8341.14,488.12,77.11,1500.00,390.00,-1,10,0,100,40000.0,40000.0,0,8974.16,8327.35,540.00
130.1167,0,5,21,5,8,7,0,0,4658.84,6274.97,772.30,4784.17,1500.00,240.00,-1,10,0,100,13200.0,40000.0,0,8974.16,8327.35,540.00
130.1167,0,7,21,5,0,7,0,0,9465.01,4340.65,528.77,4016.82,1500.00,240.00,-1,10,0,100,40000.0,40000.0,0,8974.16,8327.35,540.00
130.1167,0,16,24,5,0,7,0,0,9029.51,8341.14,488.12,77.11,1500.00,240.00,-1,10,0,100,40000.0,40000.0,0,8974.16,8327.35,540.00
130.1167,0,17,22,5,0,7,0,0,9029.51,8341.14,488.12,77.11,1500.00,240.00,-1,10,0,100,40000.0,40000.0,0,8974.16,8327.35,540.00
130.2500,0,2,21,5,0,3,0,24,9029.51,8341.14,488.12,77.11,1500.00,240.00,-1,10,0,100,0.0,40000.0,0,8974.16,8327.35,540.00
130.2500,0,3,1,0,0,7,0,0,9029.51,8341.14,488.12,77.11,1500.00,390.00,-1,10,0,100,40000.0,40000.0,0,8974.16,8327.35,540.00
130.2500,0,5,21,5,8,7,0,0,4658.84,6274.97,772.30,4784.17,1500.00,240.00,-1,10,0,100,13200.0,40000.0,0,8974.16,8327.35,540.00
130.2500,0,7,21,5,0,7,0,0,9465.01,4340.65,528.77,4016.82,1500.00,240.00,-1,10,0,100,40000.0,40000.0,0,8974.16,8327.35,540.00
130.2500,0,16,24,5,0,7,0,0,9029.51,8341.14,488.12,77.11,1500.00,240.00,-1,10,0,100,40000.0,40000.0,0,8974.16,8327.35,540.00
130.2500,0,17,22,5,0,7,0,0,9029.51,8341.14,488.12,77.11,1500.00,240.00,-1,10,0,100,40000.0,40000.0,0,8974.16,8327.35,540.00
130.4000,0,2,21,5,0,3,0,24,9029.51,8341.14,488.12,73.80,1500.00,240.00,-1,10,0,100,0.0,40000.0,0,8982.60,8329.58,543.90
130.4000,0,3,1,0,0,7,0,0,9029.51,8341.14,488.12,73.80,1500.00,390.00,-1,10,0,100,40000.0,40000.0,0,8982.60,8329.58,543.90
130.4000,0,5,21,5,8,7,0,0,4658.84,6274.97,772.30,4792.55,1500.00,240.00,-1,10,0,100,13200.0,40000.0,0,8982.60,8329.58,543.90
130.4000,0,7,21,5,0,7,0,0,9465.01,4340.65,528.77,4018.03,1500.00,240.00,-1,10,0,100,40000.0,40000.0,0,8982.60,8329.58,543.90
130.4000,0,16,24,5,0,7,0,0,9029.51,8341.14,488.12,73.80,1500.00,240.00,-1,10,0,100,40000.0,40000.0,0,8982.60,8329.58,543.90
130.4000,0,17,22,5,0,7,0,0,9029.51,8341.14,488.12,73.80,1500.00,240.00,-1,10,0,100,40000.0,40000.0,0,8982.60,8329.58,543.90
130.5333,0,2,21,5,0,3,0,24,9029.51,8341.14,488.12,66.98,1500.00,240.00,-1,10,0,100,0.0,40000.0,0,9002.27,8341.60,549.31
130.5333,0,3,1,0,0,7,0,0,9029.51,8341.14,488.12,66.98,1500.00,390.00,-1,10,0,100,40000.0,40000.0,0,9002.27,8341.60,549.31
130.5333,0,5,21,5,8,7,0,0,4658.84,6274.97,772.30,4815.19,1500.00,240.00,-1,10,0,100,13200.0,40000.0,0,9002.27,8341.60,549.31
130.5333,0,7,21,5,0,7,0,0,9465.01,4340.65,528.77,4027.67,1500.00,240.00,-1,10,0,100,40000.0,40000.0,0,9002.27,8341.60,549.31
130.5333,0,16,24,5,0,7,0,0,9029.51,8341.14,488.12,66.98,1500.00,240.00,-1,10,0,100,40000.0,40000.0,0,9002.27,8341.60,549.31
130.5333,0,17,22,5,0,7,0,0,9029.51,8341.14,488.12,66.98,1500.00,240.00,-1,10,0,100,40000.0,40000.0,0,9002.27,8341.60,549.31
130.6667,0,2,21,5,0,3,0,24,9029.51,8341.14,488.12,68.71,1500.00,240.00,-1,10,0,100,0.0,40000.0,0,9015.59,8360.66,552.52
130.6667,0,3,1,0,0,7,0,0,9029.51,8341.14,488.12,68.71,1500.00,390.00,-1,10,0,100,40000.0,40000.0,0,9015.59,8360.66,552.52
130.6667,0,5,21,5,8,7,0,0,4658.84,6274.97,772.30,4835.25,1500.00,240.00,-1,10,0,100,13200.0,40000.0,0,9015.59,8360.66,552.52
130.6667,0,7,21,5,0,7,0,0,9465.01,4340.65,528.77,4045.12,1500.00,240.00,-1,10,0,100,40000.0,40000.0,0,9015.59,8360.66,552.52
130.6667,0,16,24,5,0,7,0,0,9029.51,8341.14,488.12,68.71,1500.00,240.00,-1,10,0,100,40000.0,40000.0,0,9015.59,8360.66,552.52
130.6667,0,17,22,5,0,7,0,0,9029.51,8341.14,488.12,68.71,1500.00,240.00,-1,10,0,100,40000.0,40000.0,0,9015.59,8360.66,552.52
130.8000,0,2,21,5,0,3,0,24,9029.51,8341.14,488.12,67.05,1500.00,240.00,-1,10,0,100,0.0,40000.0,0,9016.94,8376.33,543.79
130.8000,0,3,1,0,0,7,0,0,9029.51,8341.14,488.12,67.05,1500.00,390.00,-1,10,0,100,40000.0,40000.0,0,9016.94,8376.33,543.79
130.8000,0,5,21,5,8,7,0,0,4658.84,6274.97,772.30,4843.66,1500.00,240.00,-1,10,0,100,13200.0,40000.0,0,9016.94,8376.33,543.79
130.8000,0,7,21,5,0,7,0,0,9465.01,4340.65,528.77,4060.50,1500.00,240.00,-1,10,0,100,40000.0,40000.0,0,9016.94,8376.33,543.79
130.8000,0,16,24,5,0,7,0,0,9029.51,8341.14,488.12,67.05,1500.00,240.00,-1,10,0,100,40000.0,40000.0,0,9016.94,8376.33,543.79
130.8000,0,17,22,5,0,7,0,0,9029.51,8341.14,488.12,67.05,1500.00,240.00,-1,10,0,100,40000.0,40000.0,0,9016.94,8376.33,543.79
130.9500,0,2,21,5,0,3,0,24,9029.51,8341.14,488.12,69.03,1500.00,240.00,-1,10,0,100,0.0,40000.0,0,9013.65,8386.88,537.32
130.9500,0,3,1,0,0,7,0,0,9029.51,8341.14,488.12,69.03,1500.00,390.00,-1,10,0,100,40000.0,40000.0,0,9013.65,8386.88,537.32
130.9500,0,5,21,5,8,7,0,0,4658.84,6274.97,772.30,4845.59,1500.00,240.00,-1,10,0,100,13200.0,40000.0,0,9013.65,8386.88,537.32
130.9500,0,7,21,5,0,7,0,0,9465.01,4340.65,528.77,4071.33,1500.00,240.00,-1,10,0,100,40000.0,40000.0,0,9013.65,8386.88,537.32
130.9500,0,16,24,5,0,7,0,0,9029.51,8341.14,488.12,69.03,1500.00,240.00,-1,10,0,100,40000.0,40000.0,0,9013.65,8386.88,537.32
130.9500,0,17,22,5,0,7,0,0,9029.51,8341.14,488.12,69.03,1500.00,240.00,-1,10,0,100,40000.0,40000.0,0,9013.65,8386.88,537.32
131.0833,0,2,21,5,0,3,0,24,9029.51,8341.14,488.12,69.03,1500.00,240.00,-1,10,0,100,0.0,40000.0,0,9013.65,8386.88,537.32
131.0833,0,3,1,0,0,7,0,0,9029.51,8341.14,488.12,69.03,1500.00,390.00,-1,10,0,100,40000.0,40000.0,0,9013.65,8386.88,537.32
131.0833,0,5,21,5,8,7,0,0,4658.84,6274.97,772.30,4845.59,1500.00,240.00,-1,10,0,100,13200.0,40000.0,0,9013.65,8386.88,537.32
131.0833,0,7,21,5,0,7,0,0,9465.01,4340.65,528.77,4071.33,1500.00,240.00,-1,10,0,100,40000.0,40000.0,0,9013.65,8386.88,537.32
131.0833,0,16,24,5,0,7,0,0,9029.51,8341.14,488.12,69.03,1500.00,240.00,-1,10,0,100,40000.0,40000.0,0,9013.65,8386.88,537.32
131.0833,0,17,22,5,0,7,0,0,9029.51,8341.14,488.12,69.03,1500.00,240.00,-1,10,0,100,40000.0,40000.0,0,9013.65,8386.88,537.32
131.2167,0,2,21,5,0,3,0,24,9029.51,8341.14,488.12,69.03,1500.00,240.00,-1,10,0,100,0.0,40000.0,0,9013.65,8386.88,537.32
131.2167,0,3,1,0,0,7,0,0,9029.51,8341.14,488.12,69.03,1500.00,390.00,-1,10,0,100,40000.0,40000.0,0,9013.65,8386.88,537.32
131.2167,0,5,21,5,8,7,0,0,4658.84,6274.97,772.30,4845.59,1500.00,240.00,-1,10,0,100,13200.0,40000.0,0,9013.65,8386.88,537.32
131.2167,0,7,21,5,0,7,0,0,9465.01,4340.65,528.77,4071.33,1500.00,240.00,-1,10,0,100,40000.0,40000.0,0,9013.65,8386.88,537.32
131.2167,0,16,24,5,0,7,0,0,9029.51,8341.14,488.12,69.03,1500.00,240.00,-1,10,0,100,40000.0,40000.0,0,9013.65,8386.88,537.32
131.2167,0,17,22,5,0,7,0,0,9029.51,8341.14,488.12,69.03,1500.00,240.00,-1,10,0,100,40000.0,40000.0,0,9013.65,8386.88,537.32
131.3667,0,2,21,5,0,3,0,24,9029.51,8341.14,488.12,69.03,1500.00,240.00,-1,10,0,100,0.0,40000.0,0,9013.65,8386.88,537.32
131.3667,0,3,1,0,0,7,0,0,9029.51,8341.14,488.12,69.03,1500.00,390.00,-1,10,0,100,40000.0,40000.0,0,9013.65,8386.88,537.32
131.3667,0,5,21,5,8,7,0,0,4658.84,6274.97,772.30,4845.59,1500.00,240.00,-1,10,0,100,13200.0,40000.0,0,9013.65,8386.88,537.32
131.3667,0,7,21,5,0,7,0,0,9465.01,4340.65,528.77,4071.33,1500.00,240.00,-1,10,0,100,40000.0,40000.0,0,9013.65,8386.88,537.32
131.3667,0,16,24,5,0,7,0,0,9029.51,8341.14,488.12,69.03,1500.00,240.00,-1,10,0,100,40000.0,40000.0,0,9013.65,8386.88,537.32
131.3667,0,17,22,5,0,7,0,0,9029.51,8341.14,488.12,69.03,1500.00,240.00,-1,10,0,100,40000.0,40000.0,0,9013.65,8386.88,537.32
131.5000,0,2,21,5,0,3,0,24,9029.51,8341.14,488.12,69.03,1500.00,240.00,-1,10,0,100,0.0,40000.0,0,9013.65,8386.88,537.32
131.5000,0,3,1,0,0,7,0,0,9029.51,8341.14,488.12,69.03,1500.00,390.00,-1,10,0,100,40000.0,40000.0,0,9013.65,8386.88,537.32
131.5000,0,5,21,5,8,7,0,0,4658.84,6274.97,772.30,4845.59,1500.00,240.00,-1,10,0,100,13200.0,40000.0,0,9013.65,8386.88,537.32
131.5000,0,7,21,5,0,7,0,0,9465.01,4340.65,528.77,4071.33,1500.00,240.00,-1,10,0,100,40000.0,40000.0,0,9013.65,8386.88,537.32
131.5000,0,16,24,5,0,7,0,0,9029.51,8341.14,488.12,69.03,1500.00,240.00,-1,10,0,100,40000.0,40000.0,0,9013.65,8386.88,537.32
131.5000,0,17,22,5,0,7,0,0,9029.51,8341.14,488.12,69.03,1500.00,240.00,-1,10,0,100,40000.0,40000.0,0,9013.65,8386.88,537.32
131.6333,0,2,21,5,0,3,0,24,9029.51,8341.14,488.12,69.03,1500.00,240.00,-1,10,0,100,0.0,40000.0,0,9013.65,8386.88,537.32
131.6333,0,3,1,0,0,7,0,0,9029.51,8341.14,488.12,69.03,1500.00,390.00,-1,10,0,100,40000.0,40000.0,0,9013.65,8386.88,537.32
131.6333,0,5,21,5,8,7,0,0,4658.84,6274.97,772.30,4845.59,1500.00,240.00,-1,10,0,100,13200.0,40000.0,0,9013.65,8386.88,537.32
131.6333,0,7,21,5,0,7,0,0,9465.01,4340.65,528.77,4071.33,1500.00,240.00,-1,10,0,100,40000.0,40000.0,0,9013.65,8386.88,537.32
131.6333,0,16,24,5,0,7,0,0,9029.51,8341.14,488.12,69.03,1500.00,240.00,-1,10,0,100,40000.0,40000.0,0,9013.65,8386.88,537.32
131.6333,0,17,22,5,0,7,0,0,9029.51,8341.14,488.12,69.03,1500.00,240.00,-1,10,0,100,40000.0,40000.0,0,9013.65,8386.88,537.32
131.7667,0,2,21,5,0,3,0,24,9029.51,8341.14,488.12,69.03,1500.00,240.00,-1,10,0,100,0.0,40000.0,0,9013.65,8386.88,537.32
131.7667,0,3,1,0,0,7,0,0,9029.51,8341.14,488.12,69.03,1500.00,390.00,-1,10,0,100,40000.0,40000.0,0,9013.65,8386.88,537.32
131.7667,0,5,21,5,8,7,0,0,4658.84,6274.97,772.30,4845.59,1500.00,240.00,-1,10,0,100,13200.0,40000.0,0,9013.65,8386.88,537.32
131.7667,0,7,21,5,0,7,0,0,9465.01,4340.65,528.77,4071.33,1500.00,240.00,-1,10,0,100,40000.0,40000.0,0,9013.65,8386.88,537.32
131.7667,0,16,24,5,0,7,0,0,9029.51,8341.14,488.12,69.03,1500.00,240.00,-1,10,0,100,40000.0,40000.0,0,9013.65,8386.88,537.32
131.7667,0,17,22,5,0,7,0,0,9029.51,8341.14,488.12,69.03,1500.00,240.00,-1,10,0,100,40000.0,40000.0,0,9013.65,8386.88,537.32
131.9167,0,2,21,5,0,3,0,24,9029.51,8341.14,488.12,69.03,1500.00,240.00,-1,10,0,100,0.0,40000.0,0,9013.65,8386.88,537.32
131.9167,0,3,1,0,0,7,0,0,9029.51,8341.14,488.12,69.03,1500.00,390.00,-1,10,0,100,40000.0,40000.0,0,9013.65,8386.88,537.32
131.9167,0,5,21,5,8,7,0,0,4658.84,6274.97,772.30,4845.59,1500.00,240.00,-1,10,0,100,13200.0,40000.0,0,9013.65,8386.88,537.32
131.9167,0,7,21,5,0,7,0,0,9465.01,4340.65,528.77,4071.33,1500.00,240.00,-1,10,0,100,40000.0,40000.0,0,9013.65,8386.88,537.32
131.9167,0,16,24,5,0,7,0,0,9029.51,8341.14,488.12,69.03,1500.00,240.00,-1,10,0,100,40000.0,40000.0,0,9013.65,8386.88,537.32
131.9167,0,17,22,5,0,7,0,0,9029.51,8341.14,488.12,69.03,1500.00,240.00,-1,10,0,100,40000.0,40000.0,0,9013.65,8386.88,537.32
132.0500,0,2,21,5,0,3,0,24,9029.51,8341.14,488.12,69.03,1500.00,240.00,-1,10,0,100,0.0,40000.0,0,9013.65,8386.88,537.32
132.0500,0,3,1,0,0,7,0,0,9029.51,8341.14,488.12,69.03,1500.00,390.00,-1,10,0,100,40000.0,40000.0,0,9013.65,8386.88,537.32
132.0500,0,5,21,5,8,7,0,0,4658.84,6274.97,772.30,4845.59,1500.00,240.00,-1,10,0,100,13200.0,40000.0,0,9013.65,8386.88,537.32
132.0500,0,7,21,5,0,7,0,0,9465.01,4340.65,528.77,4071.33,1500.00,240.00,-1,10,0,100,40000.0,40000.0,0,9013.65,8386.88,537.32
132.0500,0,16,24,5,0,7,0,0,9029.51,8341.14,488.12,69.03,1500.00,240.00,-1,10,0,100,40000.0,40000.0,0,9013.65,8386.88,537.32
132.0500,0,17,22,5,0,7,0,0,9029.51,8341.14,488.12,69.03,1500.00,240.00,-1,10,0,100,40000.0,40000.0,0,9013.65,8386.88,537.32
132.2000,0,2,21,5,0,3,0,24,9029.51,8341.14,488.12,69.03,1500.00,240.00,-1,10,0,100,0.0,40000.0,0,9013.65,8386.88,537.32
132.2000,0,3,1,0,0,7,0,0,9029.51,8341.14,488.12,69.03,1500.00,390.00,-1,10,0,100,40000.0,40000.0,0,9013.65,8386.88,537.32
132.2000,0,5,21,5,8,7,0,0,4658.84,6274.97,772.30,4845.59,1500.00,240.00,-1,10,0,100,13200.0,40000.0,0,9013.65,8386.88,537.32
132.2000,0,7,21,5,0,7,0,0,9465.01,4340.65,528.77,4071.33,1500.00,240.00,-1,10,0,100,40000.0,40000.0,0,9013.65,8386.88,537.32
132.2000,0,16,24,5,0,7,0,0,9029.51,8341.14,488.12,69.03,1500.00,240.00,-1,10,0,100,40000.0,40000.0,0,9013.65,8386.88,537.32
132.2000,0,17,22,5,0,7,0,0,9029.51,8341.14,488.12,69.03,1500.00,240.00,-1,10,0,100,40000.0,40000.0,0,9013.65,8386.88,537.32
132.3333,0,2,21,5,0,3,0,24,9029.51,8341.14,488.12,69.03,1500.00,240.00,-1,10,0,100,0.0,40000.0,0,9013.65,8386.88,537.32
132.3333,0,3,1,0,0,7,0,0,9029.51,8341.14,488.12,69.03,1500.00,390.00,-1,10,0,100,40000.0,40000.0,0,9013.65,8386.88,537.32
132.3333,0,5,21,5,8,7,0,0,4658.84,6274.97,772.30,4845.59,1500.00,240.00,-1,10,0,100,13200.0,40000.0,0,9013.65,8386.88,537.32
132.3333,0,7,21,5,0,7,0,0,9465.01,4340.65,528.77,4071.33,1500.00,240.00,-1,10,0,100,40000.0,40000.0,0,9013.65,8386.88,537.32
132.3333,0,16,24,5,0,7,0,0,9029.51,8341.14,488.12,69.03,1500.00,240.00,-1,10,0,100,40000.0,40000.0,0,9013.65,8386.88,537.32
132.3333,0,17,22,5,0,7,0,0,9029.51,8341.14,488.12,69.03,1500.00,240.00,-1,10,0,100,40000.0,40000.0,0,9013.65,8386.88,537.32
132.4667,0,2,21,5,0,3,0,24,9029.51,8341.14,488.12,69.03,1500.00,240.00,-1,10,0,100,0.0,40000.0,0,9013.65,8386.88,537.32
132.4667,0,3,1,0,0,7,0,0,9029.51,8341.14,488.12,69.03,1500.00,390.00,-1,10,0,100,40000.0,40000.0,0,9013.65,8386.88,537.32
132.4667,0,5,21,5,8,7,0,0,4658.84,6274.97,772.30,4845.59,1500.00,240.00,-1,10,0,100,13200.0,40000.0,0,9013.65,8386.88,537.32
132.4667,0,7,21,5,0,7,0,0,9465.01,4340.65,528.77,4071.33,1500.00,240.00,-1,10,0,100,40000.0,40000.0,0,9013.65,8386.88,537.32
132.4667,0,16,24,5,0,7,0,0,9029.51,8341.14,488.12,69.03,1500.00,240.00,-1,10,0,100,40000.0,40000.0,0,9013.65,8386.88,537.32
132.4667,0,17,22,5,0,7,0,0,9029.51,8341.14,488.12,69.03,1500.00,240.00,-1,10,0,100,40000.0,40000.0,0,9013.65,8386.88,537.32
132.6000,0,2,21,5,0,3,0,24,9029.51,8341.14,488.12,65.17,1500.00,240.00,-1,10,0,100,0.0,40000.0,0,9024.08,8386.60,534.50
132.6000,0,3,1,0,0,7,0,0,9029.51,8341.14,488.12,65.17,1500.00,390.00,-1,10,0,100,40000.0,40000.0,0,9024.08,8386.60,534.50
132.6000,0,5,21,5,8,7,0,0,4658.84,6274.97,772.30,4854.98,1500.00,240.00,-1,10,0,100,13200.0,40000.0,0,9024.08,8386.60,534.50
132.6000,0,7,21,5,0,7,0,0,9465.01,4340.65,528.77,4069.91,1500.00,240.00,-1,10,0,100,40000.0,40000.0,0,9024.08,8386.60,534.50
132.6000,0,16,24,5,0,7,0,0,9029.51,8341.14,488.12,65.17,1500.00,240.00,-1,10,0,100,40000.0,40000.0,0,9024.08,8386.60,534.50
132.6000,0,17,22,5,0,7,0,0,9029.51,8341.14,488.12,65.17,1500.00,240.00,-1,10,0,100,40000.0,40000.0,0,9024.08,8386.60,534.50
132.7333,0,2,21,5,0,3,0,24,9029.51,8341.14,488.12,63.10,1500.00,240.00,-1,10,0,100,0.0,40000.0,0,9044.48,8384.97,530.98
132.7333,0,3,1,0,0,7,0,0,9029.51,8341.14,488.12,63.10,1500.00,390.00,-1,10,0,100,40000.0,40000.0,0,9044.48,8384.97,530.98
132.7333,0,5,21,5,8,7,0,0,4658.84,6274.97,772.30,4872.80,1500.00,240.00,-1,10,0,100,13200.0,40000.0,0,9044.48,8384.97,530.98
132.7333,0,7,21,5,0,7,0,0,9465.01,4340.65,528.77,4066.13,1500.00,240.00,-1,10,0,100,40000.0,40000.0,0,9044.48,8384.97,530.98
132.7333,0,16,24,5,0,7,0,0,9029.51,8341.14,488.12,63.10,1500.00,240.00,-1,10,0,100,40000.0,40000.0,0,9044.48,8384.97,530.98
132.7333,0,17,22,5,0,7,0,0,9029.51,8341.14,488.12,63.10,1500.00,240.00,-1,10,0,100,40000.0,40000.0,0,9044.48,8384.97,530.98
132.8667,0,2,21,5,0,3,0,24,9029.51,8341.14,488.12,67.35,1500.00,240.00,-1,10,0,100,0.0,40000.0,0,9061.31,8385.53,527.54
132.8667,0,3,1,0,0,7,0,0,9029.51,8341.14,488.12,67.35,1500.00,390.00,-1,10,0,100,40000.0,40000.0,0,9061.31,8385.53,527.54
132.8667,0,5,21,5,8,7,0,0,4658.84,6274.97,772.30,4888.37,1500.00,240.00,-1,10,0,100,13200.0,40000.0,0,9061.31,8385.53,527.54
132.8667,0,7,21,5,0,7,0,0,9465.01,4340.65,528.77,4064.98,1500.00,240.00,-1,10,0,100,40000.0,40000.0,0,9061.31,8385.53,527.54
132.8667,0,16,24,5,0,7,0,0,9029.51,8341.14,488.12,67.35,1500.00,240.00,-1,10,0,100,40000.0,40000.0,0,9061.31,8385.53,527.54
132.8667,0,17,22,5,0,7,0,0,9029.51,8341.14,488.12,67.35,1500.00,240.00,-1,10,0,100,40000.0,40000.0,0,9061.31,8385.53,527.54
133.0167,0,2,21,5,0,3,0,24,9029.51,8341.14,488.12,72.97,1500.00,240.00,-1,10,0,100,0.0,40000.0,0,9071.92,8387.07,525.75
133.0167,0,3,1,0,0,7,0,0,9029.51,8341.14,488.12,72.97,1500.00,390.00,-1,10,0,100,40000.0,40000.0,0,9071.92,8387.07,525.75
133.0167,0,5,21,5,8,7,0,0,4658.84,6274.97,772.30,4898.68,1500.00,240.00,-1,10,0,100,13200.0,40000.0,0,9071.92,8387.07,525.75
133.0167,0,7,21,5,0,7,0,0,9465.01,4340.65,528.77,4065.47,1500.00,240.00,-1,10,0,100,40000.0,40000.0,0,9071.92,8387.07,525.75
133.0167,0,16,24,5,0,7,0,0,9029.51,8341.14,488.12,72.97,1500.00,240.00,-1,10,0,100,40000.0,40000.0,0,9071.92,8387.07,525.75
133.0167,0,17,22,5,0,7,0,0,9029.51,8341.14,488.12,72.97,1500.00,240.00,-1,10,0,100,40000.0,40000.0,0,9071.92,8387.07,525.75
133.1500,0,2,21,5,0,3,0,24,9029.51,8341.14,488.12,76.98,1500.00,240.00,-1,10,0,100,0.0,40000.0,0,9078.48,8389.13,523.11
133.1500,0,3,1,0,0,7,0,0,9029.51,8341.14,488.12,76.98,1500.00,390.00,-1,10,0,100,40000.0,40000.0,0,9078.48,8389.13,523.11
133.1500,0,5,21,5,8,7,0,0,4658.84,6274.97,772.30,4905.61,1500.00,240.00,-1,10,0,100,13200.0,40000.0,0,9078.48,8389.13,523.11
133.1500,0,7,21,5,0,7,0,0,9465.01,4340.65,528.77,4066.90,1500.00,240.00,-1,10,0,100,40000.0,40000.0,0,9078.48,8389.13,523.11
133.1500,0,16,24,5,0,7,0,0,9029.51,8341.14,488.12,76.98,1500.00,240.00,-1,10,0,100,40000.0,40000.0,0,9078.48,8389.13,523.11
133.1500,0,17,22,5,0,7,0,0,9029.51,8341.14,488.12,76.98,1500.00,240.00,-1,10,0,100,40000.0,40000.0,0,9078.48,8389.13,523.11
133.3000,0,2,21,5,0,3,0,24,9029.51,8341.14,488.12,80.93,1500.00,240.00,-1,10,0,100,0.0,40000.0,0,9082.60,8391.51,522.67
133.3000,0,3,1,0,0,7,0,0,9029.51,8341.14,488.12,80.93,1500.00,390.00,-1,10,0,100,40000.0,40000.0,0,9082.60,8391.51,522.67
133.3000,0,5,21,5,8,7,0,0,4658.84,6274.97,772.30,4910.37,1500.00,240.00,-1,10,0,100,13200.0,40000.0,0,9082.60,8391.51,522.67
133.3000,0,7,21,5,0,7,0,0,9465.01,4340.65,528.77,4068.87,1500.00,240.00,-1,10,0,100,40000.0,40000.0,0,9082.60,8391.51,522.67
133.3000,0,16,24,5,0,7,0,0,9029.51,8341.14,488.12,80.93,1500.00,240.00,-1,10,0,100,40000.0,40000.0,0,9082.60,8391.51,522.67
133.3000,0,17,22,5,0,7,0,0,9029.51,8341.14,488.12,80.93,1500.00,240.00,-1,10,0,100,40000.0,40000.0,0,9082.60,8391.51,522.67
133.4333,0,2,21,5,0,3,0,24,9029.51,8341.14,488.12,84.99,1500.00,240.00,-1,10,0,100,0.0,40000.0,0,9086.39,8395.30,520.59
133.4333,0,3,1,0,0,7,0,0,9029.51,8341.14,488.12,84.99,1500.00,390.00,-1,10,0,100,40000.0,40000.0,0,9086.39,8395.30,520.59
133.4333,0,5,21,5,8,7,0,0,4658.84,6274.97,772.30,4915.53,1500.00,240.00,-1,10,0,100,13200.0,40000.0,0,9086.39,8395.30,520.59
133.4333,0,7,21,5,0,7,0,0,9465.01,4340.65,528.77,4072.30,1500.00,240.00,-1,10,0,100,40000.0,40000.0,0,9086.39,8395.30,520.59
133.4333,0,16,24,5,0,7,0,0,9029.51,8341.14,488.12,84.99,1500.00,240.00,-1,10,0,100,40000.0,40000.0,0,9086.39,8395.30,520.59
133.4333,0,17,22,5,0,7,0,0,9029.51,8341.14,488.12,84.99,1500.00,240.00,-1,10,0,100,40000.0,40000.0,0,9086.39,8395.30,520.59
133.5667,0,2,21,5,0,3,0,24,9029.51,8341.14,488.12,94.60,1500.00,240.00,-1,10,0,100,0.0,40000.0,0,9093.40,8405.45,515.16
133.5667,0,3,1,0,0,7,0,0,9029.51,8341.14,488.12,94.60,1500.00,390.00,-1,10,0,100,40000.0,40000.0,0,9093.40,8405.45,515.16
133.5667,0,5,21,5,8,7,0,0,4658.84,6274.97,772.30,4926.51,1500.00,240.00,-1,10,0,100,13200.0,40000.0,0,9093.40,8405.45,515.16
133.5667,0,7,21,5,0,7,0,0,9465.01,4340.65,528.77,4081.78,1500.00,240.00,-1,10,0,100,40000.0,40000.0,0,9093.40,8405.45,515.16
133.5667,0,16,24,5,0,7,0,0,9029.51,8341.14,488.12,94.60,1500.00,240.00,-1,10,0,100,40000.0,40000.0,0,9093.40,8405.45,515.16
133.5667,0,17,22,5,0,7,0,0,9029.51,8341.14,488.12,94.60,1500.00,240.00,-1,10,0,100,40000.0,40000.0,0,9093.40,8405.45,515.16
133.7167,0,2,21,5,0,3,0,24,9029.51,8341.14,488.12,99.84,1500.00,240.00,-1,10,0,100,0.0,40000.0,0,9097.48,8409.55,514.00
133.7167,0,3,1,0,0,7,0,0,9029.51,8341.14,488.12,99.84,1500.00,390.00,-1,10,0,100,40000.0,40000.0,0,9097.48,8409.55,514.00
133.7167,0,5,21,5,8,7,0,0,4658.84,6274.97,772.30,4932.01,1500.00,240.00,-1,10,0,100,13200.0,40000.0,0,9097.48,8409.55,514.00
133.7167,0,7,21,5,0,7,0,0,9465.01,4340.65,528.77,4085.49,1500.00,240.00,-1,10,0,100,40000.0,40000.0,0,9097.48,8409.55,514.00
133.7167,0,16,24,5,0,7,0,0,9029.51,8341.14,488.12,99.84,1500.00,240.00,-1,10,0,100,40000.0,40000.0,0,9097.48,8409.55,514.00
133.7167,0,17,22,5,0,7,0,0,9029.51,8341.14,488.12,99.84,1500.00,240.00,-1,10,0,100,40000.0,40000.0,0,9097.48,8409.55,514.00
133.8500,0,2,21,5,0,3,0,24,9029.51,8341.14,488.12,99.84,1500.00,240.00,-1,10,0,100,0.0,40000.0,0,9097.48,8409.55,514.00
133.8500,0,3,1,0,0,7,0,0,9029.51,8341.14,488.12,99.84,1500.00,390.00,-1,10,0,100,40000.0,40000.0,0,9097.48,8409.55,514.00
133.8500,0,5,21,5,8,7,0,0,4658.84,6274.97,772.30,4932.01,1500.00,240.00,-1,10,0,100,13200.0,40000.0,0,9097.48,8409.55,514.00
133.8500,0,7,21,5,0,7,0,0,9465.01,4340.65,528.77,4085.49,1500.00,240.00,-1,10,0,100,40000.0,40000.0,0,9097.48,8409.55,514.00
133.8500,0,16,24,5,0,7,0,0,9029.51,8341.14,488.12,99.84,1500.00,240.00,-1,10,0,100,40000.0,40000.0,0,9097.48,8409.55,514.00
133.8500,0,17,22,5,0,7,0,0,9029.51,8341.14,488.12,99.84,1500.00,240.00,-1,10,0,100,40000.0,40000.0,0,9097.48,8409.55,514.00
133.9833,0,2,21,5,0,3,0,24,9029.51,8341.14,488.12,99.84,1500.00,240.00,-1,10,0,100,0.0,40000.0,0,9097.48,8409.55,514.00
133.9833,0,3,1,0,0,7,0,0,9029.51,8341.14,488.12,99.84,1500.00,390.00,-1,10,0,100,40000.0,40000.0,0,9097.48,8409.55,514.00
133.9833,0,5,21,5,8,7,0,0,4658.84,6274.97,772.30,4932.01,1500.00,240.00,-1,10,0,100,13200.0,40000.0,0,9097.48,8409.55,514.00
133.9833,0,7,21,5,0,7,0,0,9465.01,4340.65,528.77,4085.49,1500.00,240.00,-1,10,0,100,40000.0,40000.0,0,9097.48,8409.55,514.00
133.9833,0,16,24,5,0,7,0,0,9029.51,8341.14,488.12,99.84,1500.00,240.00,-1,10,0,100,40000.0,40000.0,0,9097.48,8409.55,514.00
133.9833,0,17,22,5,0,7,0,0,9029.51,8341.14,488.12,99.84,1500.00,240.00,-1,10,0,100,40000.0,40000.0,0,9097.48,8409.55,514.00
134.1167,0,2,21,5,0,3,0,24,9029.51,8341.14,488.12,99.84,1500.00,240.00,-1,10,0,100,0.0,40000.0,0,9097.48,8409.55,514.00
134.1167,0,3,1,0,0,7,0,0,9029.51,8341.14,488.12,99.84,1500.00,390.00,-1,10,0,100,40000.0,40000.0,0,9097.48,8409.55,514.00
134.1167,0,5,21,5,8,7,0,0,4658.84,6274.97,772.30,4932.01,1500.00,240.00,-1,10,0,100,13200.0,40000.0,0,9097.48,8409.55,514.00
134.1167,0,7,21,5,0,7,0,0,9465.01,4340.65,528.77,4085.49,1500.00,240.00,-1,10,0,100,40000.0,40000.0,0,9097.48,8409.55,514.00
134.1167,0,16,24,5,0,7,0,0,9029.51,8341.14,488.12,99.84,1500.00,240.00,-1,10,0,100,40000.0,40000.0,0,9097.48,8409.55,514.00
134.1167,0,17,22,5,0,7,0,0,9029.51,8341.14,488.12,99.84,1500.00,240.00,-1,10,0,100,40000.0,40000.0,0,9097.48,8409.55,514.00
134.2500,0,2,21,5,0,3,0,24,9029.51,8341.14,488.12,99.84,1500.00,240.00,-1,10,0,100,0.0,40000.0,0,9097.48,8409.55,514.00
134.2500,0,3,1,0,0,7,0,0,9029.51,8341.14,488.12,99.84,1500.00,390.00,-1,10,0,100,40000.0,40000.0,0,9097.48,8409.55,514.00
134.2500,0,5,21,5,8,7,0,0,4658.84,6274.97,772.30,4932.01,1500.00,240.00,-1,10,0,100,13200.0,40000.0,0,9097.48,8409.55,514.00
134.2500,0,7,21,5,0,7,0,0,9465.01,4340.65,528.77,4085.49,1500.00,240.00,-1,10,0,100,40000.0,40000.0,0,9097.48,8409.55,514.00
134.2500,0,16,24,5,0,7,0,0,9029.51,8341.14,488.12,99.84,1500.00,240.00,-1,10,0,100,40000.0,40000.0,0,9097.48,8409.55,514.00
134.2500,0,17,22,5,0,7,0,0,9029.51,8341.14,488.12,99.84,1500.00,240.00,-1,10,0,100,40000.0,40000.0,0,9097.48,8409.55,514.00
134.3833,0,2,21,5,0,3,0,24,9029.51,8341.14,488.12,99.84,1500.00,240.00,-1,10,0,100,0.0,40000.0,0,9097.48,8409.55,514.00
134.3833,0,3,1,0,0,7,0,0,9029.51,8341.14,488.12,99.84,1500.00,390.00,-1,10,0,100,40000.0,40000.0,0,9097.48,8409.55,514.00
134.3833,0,5,21,5,8,7,0,0,4658.84,6274.97,772.30,4932.01,1500.00,240.00,-1,10,0,100,13200.0,40000.0,0,9097.48,8409.55,514.00
134.3833,0,7,21,5,0,7,0,0,9465.01,4340.65,528.77,4085.49,1500.00,240.00,-1,10,0,100,40000.0,40000.0,0,9097.48,8409.55,514.00
134.3833,0,16,24,5,0,7,0,0,9029.51,8341.14,488.12,99.84,1500.00,240.00,-1,10,0,100,40000.0,40000.0,0,9097.48,8409.55,514.00
134.3833,0,17,22,5,0,7,0,0,9029.51,8341.14,488.12,99.84,1500.00,240.00,-1,10,0,100,40000.0,40000.0,0,9097.48,8409.55,514.00
134.5333,0,2,21,5,0,3,0,24,9029.51,8341.14,488.12,99.84,1500.00,240.00,-1,10,0,100,0.0,40000.0,0,9097.48,8409.55,514.00
134.5333,0,3,1,0,0,7,0,0,9029.51,8341.14,488.12,99.84,1500.00,390.00,-1,10,0,100,40000.0,40000.0,0,9097.48,8409.55,514.00
134.5333,0,5,21,5,8,7,0,0,4658.84,6274.97,772.30,4932.01,1500.00,240.00,-1,10,0,100,13200.0,40000.0,0,9097.48,8409.55,514.00
134.5333,0,7,21,5,0,7,0,0,9465.01,4340.65,528.77,4085.49,1500.00,240.00,-1,10,0,100,40000.0,40000.0,0,9097.48,8409.55,514.00
134.5333,0,16,24,5,0,7,0,0,9029.51,8341.14,488.12,99.84,1500.00,240.00,-1,10,0,100,40000.0,40000.0,0,9097.48,8409.55,514.00
134.5333,0,17,22,5,0,7,0,0,9029.51,8341.14,488.12,99.84,1500.00,240.00,-1,10,0,100,40000.0,40000.0,0,9097.48,8409.55,514.00
134.6667,0,2,21,5,0,3,0,24,9029.51,8341.14,488.12,96.70,1500.00,240.00,-1,10,0,100,0.0,40000.0,0,9096.38,8406.58,512.55
134.6667,0,3,1,0,0,7,0,0,9029.51,8341.14,488.12,96.70,1500.00,390.00,-1,10,0,100,40000.0,40000.0,0,9096.38,8406.58,512.55
134.6667,0,5,21,5,8,7,0,0,4658.84,6274.97,772.30,4929.81,1500.00,240.00,-1,10,0,100,13200.0,40000.0,0,9096.38,8406.58,512.55
134.6667,0,7,21,5,0,7,0,0,9465.01,4340.65,528.77,4082.64,1500.00,240.00,-1,10,0,100,40000.0,40000.0,0,9096.38,8406.58,512.55
134.6667,0,16,24,5,0,7,0,0,9029.51,8341.14,488.12,96.70,1500.00,240.00,-1,10,0,100,40000.0,40000.0,0,9096.38,8406.58,512.55
134.6667,0,17,22,5,0,7,0,0,9029.51,8341.14,488.12,96.70,1500.00,240.00,-1,10,0,100,40000.0,40000.0,0,9096.38,8406.58,512.55
134.8000,0,2,21,5,0,3,0,24,9029.51,8341.14,488.12,90.07,1500.00,240.00,-1,10,0,100,0.0,40000.0,0,9097.04,8394.95,513.75
134.8000,0,3,1,0,0,7,0,0,9029.51,8341.14,488.12,90.07,1500.00,390.00,-1,10,0,100,40000.0,40000.0,0,9097.04,8394.95,513.75
134.8000,0,5,21,5,8,7,0,0,4658.84,6274.97,772.30,4925.32,1500.00,240.00,-1,10,0,100,13200.0,40000.0,0,9097.04,8394.95,513.75
134.8000,0,7,21,5,0,7,0,0,9465.01,4340.65,528.77,4070.99,1500.00,240.00,-1,10,0,100,40000.0,40000.0,0,9097.04,8394.95,513.75
134.8000,0,16,24,5,0,7,0,0,9029.51,8341.14,488.12,90.07,1500.00,240.00,-1,10,0,100,40000.0,40000.0,0,9097.04,8394.95,513.75
134.8000,0,17,22,5,0,7,0,0,9029.51,8341.14,488.12,90.07,1500.00,240.00,-1,10,0,100,40000.0,40000.0,0,9097.04,8394.95,513.75
134.9333,0,2,21,5,0,3,0,24,9029.51,8341.14,488.12,81.40,1500.00,240.00,-1,10,0,100,0.0,40000.0,0,9097.43,8376.99,515.09
134.9333,0,3,1,0,0,7,0,0,9029.51,8341.14,488.12,81.40,1500.00,390.00,-1,10,0,100,40000.0,40000.0,0,9097.43,8376.99,515.09
134.9333,0,5,21,5,8,7,0,0,4658.84,6274.97,772.30,4917.90,1500.00,240.00,-1,10,0,100,13200.0,40000.0,0,9097.43,8376.99,515.09
134.9333,0,7,21,5,0,7,0,0,9465.01,4340.65,528.77,4053.07,1500.00,240.00,-1,10,0,100,40000.0,40000.0,0,9097.43,8376.99,515.09
134.9333,0,16,24,5,0,7,0,0,9029.51,8341.14,488.12,81.40,1500.00,240.00,-1,10,0,100,40000.0,40000.0,0,9097.43,8376.99,515.09
134.9333,0,17,22,5,0,7,0,0,9029.51,8341.14,488.12,81.40,1500.00,240.00,-1,10,0,100,40000.0,40000.0,0,9097.43,8376.99,515.09
135.0667,0,2,21,5,0,3,0,24,9029.51,8341.14,488.12,83.89,1500.00,240.00,-1,10,0,100,0.0,40000.0,0,9104.58,8356.03,522.49
135.0667,0,3,1,0,0,7,0,0,9029.51,8341.14,488.12,83.89,1500.00,390.00,-1,10,0,100,40000.0,40000.0,0,9104.58,8356.03,522.49
135.0667,0,5,21,5,8,7,0,0,4658.84,6274.97,772.30,4915.06,1500.00,240.00,-1,10,0,100,13200.0,40000.0,0,9104.58,8356.03,522.49
135.0667,0,7,21,5,0,7,0,0,9465.01,4340.65,528.77,4031.53,1500.00,240.00,-1,10,0,100,40000.0,40000.0,0,9104.58,8356.03,522.49
135.0667,0,16,24,5,0,7,0,0,9029.51,8341.14,488.12,83.89,1500.00,240.00,-1,10,0,100,40000.0,40000.0,0,9104.58,8356.03,522.49
135.0667,0,17,22,5,0,7,0,0,9029.51,8341.14,488.12,83.89,1500.00,240.00,-1,10,0,100,40000.0,40000.0,0,9104.58,8356.03,522.49
135.2167,0,2,21,5,0,3,0,24,9029.51,8341.14,488.12,92.88,1500.00,240.00,-1,10,0,100,0.0,40000.0,0,9114.65,8331.22,523.88
135.2167,0,3,1,0,0,7,0,0,9029.51,8341.14,488.12,92.88,1500.00,390.00,-1,10,0,100,40000.0,40000.0,0,9114.65,8331.22,523.88
135.2167,0,5,21,5,8,7,0,0,4658.84,6274.97,772.30,4913.67,1500.00,240.00,-1,10,0,100,13200.0,40000.0,0,9114.65,8331.22,523.88
135.2167,0,7,21,5,0,7,0,0,9465.01,4340.65,528.77,4005.93,1500.00,240.00,-1,10,0,100,40000.0,40000.0,0,9114.65,8331.22,523.88
135.2167,0,16,24,5,0,7,0,0,9029.51,8341.14,488.12,92.88,1500.00,240.00,-1,10,0,100,40000.0,40000.0,0,9114.65,8331.22,523.88
135.2167,0,17,22,5,0,7,0,0,9029.51,8341.14,488.12,92.88,1500.00,240.00,-1,10,0,100,40000.0,40000.0,0,9114.65,8331.22,523.88
135.3500,0,2,21,5,0,3,0,24,9029.51,8341.14,488.12,101.41,1500.00,240.00,-1,10,0,100,0.0,40000.0,0,9120.35,8318.01,526.83
135.3500,0,3,1,0,0,7,0,0,9029.51,8341.14,488.12,101.41,1500.00,390.00,-1,10,0,100,40000.0,40000.0,0,9120.35,8318.01,526.83
135.3500,0,5,21,5,8,7,0,0,4658.84,6274.97,772.30,4913.19,1500.00,240.00,-1,10,0,100,13200.0,40000.0,0,9120.35,8318.01,526.83
135.3500,0,7,21,5,0,7,0,0,9465.01,4340.65,528.77,3992.27,1500.00,240.00,-1,10,0,100,40000.0,40000.0,0,9120.35,8318.01,526.83
135.3500,0,16,24,5,0,7,0,0,9029.51,8341.14,488.12,101.41,1500.00,240.00,-1,10,0,100,40000.0,40000.0,0,9120.35,8318.01,526.83
135.3500,0,17,22,5,0,7,0,0,9029.51,8341.14,488.12,101.41,1500.00,240.00,-1,10,0,100,40000.0,40000.0,0,9120.35,8318.01,526.83
135.5000,0,2,21,5,0,3,0,24,9029.51,8341.14,488.12,101.41,1500.00,240.00,-1,10,0,100,0.0,40000.0,0,9120.35,8318.01,526.83
135.5000,0,3,1,0,0,7,0,0,9029.51,8341.14,488.12,101.41,1500.00,390.00,-1,10,0,100,40000.0,40000.0,0,9120.35,8318.01,526.83
135.5000,0,5,21,5,8,7,0,0,4658.84,6274.97,772.30,4913.19,1500.00,240.00,-1,10,0,100,13200.0,40000.0,0,9120.35,8318.01,526.83
135.5000,0,7,21,5,0,7,0,0,9465.01,4340.65,528.77,3992.27,1500.00,240.00,-1,10,0,100,40000.0,40000.0,0,9120.35,8318.01,526.83
135.5000,0,16,24,5,0,7,0,0,9029.51,8341.14,488.12,101.41,1500.00,240.00,-1,10,0,100,40000.0,40000.0,0,9120.35,8318.01,526.83
135.5000,0,17,22,5,0,7,0,0,9029.51,8341.14,488.12,101.41,1500.00,240.00,-1,10,0,100,40000.0,40000.0,0,9120.35,8318.01,526.83
135.6333,0,2,21,5,0,3,0,24,9029.51,8341.14,488.12,101.41,1500.00,240.00,-1,10,0,100,0.0,40000.0,0,9120.35,8318.01,526.83
135.6333,0,3,1,0,0,7,0,0,9029.51,8341.14,488.12,101.41,1500.00,390.00,-1,10,0,100,40000.0,40000.0,0,9120.35,8318.01,526.83
135.6333,0,5,21,5,8,7,0,0,4658.84,6274.97,772.30,4913.19,1500.00,240.00,-1,10,0,100,13200.0,40000.0,0,9120.35,8318.01,526.83
135.6333,0,7,21,5,0,7,0,0,9465.01,4340.65,528.77,3992.27,1500.00,240.00,-1,10,0,100,40000.0,40000.0,0,9120.35,8318.01,526.83
135.6333,0,16,24,5,0,7,0,0,9029.51,8341.14,488.12,101.41,1500.00,240.00,-1,10,0,100,40000.0,40000.0,0,9120.35,8318.01,526.83
135.6333,0,17,22,5,0,7,0,0,9029.51,8341.14,488.12,101.41,1500.00,240.00,-1,10,0,100,40000.0,40000.0,0,9120.35,8318.01,526.83
135.7667,0,2,21,5,0,3,0,24,9029.51,8341.14,488.12,101.41,1500.00,240.00,-1,10,0,100,0.0,40000.0,0,9120.35,8318.01,526.83
135.7667,0,3,1,0,0,7,0,0,9029.51,8341.14,488.12,101.41,1500.00,390.00,-1,10,0,100,40000.0,40000.0,0,9120.35,8318.01,526.83
135.7667,0,5,21,5,8,7,0,0,4658.84,6274.97,772.30,4913.19,1500.00,240.00,-1,10,0,100,13200.0,40000.0,0,9120.35,8318.01,526.83
135.7667,0,7,21,5,0,7,0,0,9465.01,4340.65,528.77,3992.27,1500.00,240.00,-1,10,0,100,40000.0,40000.0,0,9120.35,8318.01,526.83
135.7667,0,16,24,5,0,7,0,0,9029.51,8341.14,488.12,101.41,1500.00,240.00,-1,10,0,100,40000.0,40000.0,0,9120.35,8318.01,526.83
135.7667,0,17,22,5,0,7,0,0,9029.51,8341.14,488.12,101.41,1500.00,240.00,-1,10,0,100,40000.0,40000.0,0,9120.35,8318.01,526.83
135.9000,0,2,21,5,0,3,0,24,9029.51,8341.14,488.12,101.41,1500.00,240.00,-1,10,0,100,0.0,40000.0,0,9120.35,8318.01,526.83
135.9000,0,3,1,0,0,7,0,0,9029.51,8341.14,488.12,101.41,1500.00,390.00,-1,10,0,100,40000.0,40000.0,0,9120.35,8318.01,526.83
135.9000,0,5,21,5,8,7,0,0,4658.84,6274.97,772.30,4913.19,1500.00,240.00,-1,10,0,100,13200.0,40000.0,0,9120.35,8318.01,526.83
135.9000,0,7,21,5,0,7,0,0,9465.01,4340.65,528.77,3992.27,1500.00,240.00,-1,10,0,100,40000.0,40000.0,0,9120.35,8318.01,526.83
135.9000,0,16,24,5,0,7,0,0,9029.51,8341.14,488.12,101.41,1500.00,240.00,-1,10,0,100,40000.0,40000.0,0,9120.35,8318.01,526.83
135.9000,0,17,22,5,0,7,0,0,9029.51,8341.14,488.12,101.41,1500.00,240.00,-1,10,0,100,40000.0,40000.0,0,9120.35,8318.01,526.83
136.0500,0,2,21,5,0,3,0,24,9029.51,8341.14,488.12,101.41,1500.00,240.00,-1,10,0,100,0.0,40000.0,0,9120.35,8318.01,526.83
136.0500,0,3,1,0,0,7,0,0,9029.51,8341.14,488.12,101.41,1500.00,390.00,-1,10,0,100,40000.0,40000.0,0,9120.35,8318.01,526.83
136.0500,0,5,21,5,8,7,0,0,4658.84,6274.97,772.30,4913.19,1500.00,240.00,-1,10,0,100,13200.0,40000.0,0,9120.35,8318.01,526.83
136.0500,0,7,21,5,0,7,0,0,9465.01,4340.65,528.77,3992.27,1500.00,240.00,-1,10,0,100,40000.0,40000.0,0,9120.35,8318.01,526.83
136.0500,0,16,24,5,0,7,0,0,9029.51,8341.14,488.12,101.41,1500.00,240.00,-1,10,0,100,40000.0,40000.0,0,9120.35,8318.01,526.83
136.0500,0,17,22,5,0,7,0,0,9029.51,8341.14,488.12,101.41,1500.00,240.00,-1,10,0,100,40000.0,40000.0,0,9120.35,8318.01,526.83
136.1833,0,2,21,5,0,3,0,24,9029.51,8341.14,488.12,101.41,1500.00,240.00,-1,10,0,100,0.0,40000.0,0,9120.35,8318.01,526.83
136.1833,0,3,1,0,0,7,0,0,9029.51,8341.14,488.12,101.41,1500.00,390.00,-1,10,0,100,40000.0,40000.0,0,9120.35,8318.01,526.83
136.1833,0,5,21,5,8,7,0,0,4658.84,6274.97,772.30,4913.19,1500.00,240.00,-1,10,0,100,13200.0,40000.0,0,9120.35,8318.01,526.83
136.1833,0,7,21,5,0,7,0,0,9465.01,4340.65,528.77,3992.27,1500.00,240.00,-1,10,0,100,40000.0,40000.0,0,9120.35,8318.01,526.83
136.1833,0,16,24,5,0,7,0,0,9029.51,8341.14,488.12,101.41,1500.00,240.00,-1,10,0,100,40000.0,40000.0,0,9120.35,8318.01,526.83
136.1833,0,17,22,5,0,7,0,0,9029.51,8341.14,488.12,101.41,1500.00,240.00,-1,10,0,100,40000.0,40000.0,0,9120.35,8318.01,526.83
136.3167,0,2,21,5,0,3,0,24,9029.51,8341.14,488.12,101.41,1500.00,240.00,-1,10,0,100,0.0,40000.0,0,9120.35,8318.01,526.83
136.3167,0,3,1,0,0,7,0,0,9029.51,8341.14,488.12,101.41,1500.00,390.00,-1,10,0,100,40000.0,40000.0,0,9120.35,8318.01,526.83
136.3167,0,5,21,5,8,7,0,0,4658.84,6274.97,772.30,4913.19,1500.00,240.00,-1,10,0,100,13200.0,40000.0,0,9120.35,8318.01,526.83
136.3167,0,7,21,5,0,7,0,0,9465.01,4340.65,528.77,3992.27,1500.00,240.00,-1,10,0,100,40000.0,40000.0,0,9120.35,8318.01,526.83
136.3167,0,16,24,5,0,7,0,0,9029.51,8341.14,488.12,101.41,1500.00,240.00,-1,10,0,100,40000.0,40000.0,0,9120.35,8318.01,526.83
136.3167,0,17,22,5,0,7,0,0,9029.51,8341.14,488.12,101.41,1500.00,240.00,-1,10,0,100,40000.0,40000.0,0,9120.35,8318.01,526.83
136.4500,0,2,21,5,0,3,0,24,9029.51,8341.14,488.12,101.41,1500.00,240.00,-1,10,0,100,0.0,40000.0,0,9120.35,8318.01,526.83
136.4500,0,3,1,0,0,7,0,0,9029.51,8341.14,488.12,101.41,1500.00,390.00,-1,10,0,100,40000.0,40000.0,0,9120.35,8318.01,526.83
136.4500,0,5,21,5,8,7,0,0,4658.84,6274.97,772.30,4913.19,1500.00,240.00,-1,10,0,100,13200.0,40000.0,0,9120.35,8318.01,526.83
136.4500,0,7,21,5,0,7,0,0,9465.01,4340.65,528.77,3992.27,1500.00,240.00,-1,10,0,100,40000.0,40000.0,0,9120.35,8318.01,526.83
136.4500,0,16,24,5,0,7,0,0,9029.51,8341.14,488.12,101.41,1500.00,240.00,-1,10,0,100,40000.0,40000.0,0,9120.35,8318.01,526.83
136.4500,0,17,22,5,0,7,0,0,9029.51,8341.14,488.12,101.41,1500.00,240.00,-1,10,0,100,40000.0,40000.0,0,9120.35,8318.01,526.83
136.5833,0,2,21,5,0,3,0,24,9029.51,8341.14,488.12,101.41,1500.00,240.00,-1,10,0,100,0.0,40000.0,0,9120.35,8318.01,526.83
136.5833,0,3,1,0,0,7,0,0,9029.51,8341.14,488.12,101.41,1500.00,390.00,-1,10,0,100,40000.0,40000.0,0,9120.35,8318.01,526.83
136.5833,0,5,21,5,8,7,0,0,4658.84,6274.97,772.30,4913.19,1500.00,240.00,-1,10,0,100,13200.0,40000.0,0,9120.35,8318.01,526.83
136.5833,0,7,21,5,0,7,0,0,9465.01,4340.65,528.77,3992.27,1500.00,240.00,-1,10,0,100,40000.0,40000.0,0,9120.35,8318.01,526.83
136.5833,0,16,24,5,0,7,0,0,9029.51,8341.14,488.12,101.41,1500.00,240.00,-1,10,0,100,40000.0,40000.0,0,9120.35,8318.01,526.83
136.5833,0,17,22,5,0,7,0,0,9029.51,8341.14,488.12,101.41,1500.00,240.00,-1,10,0,100,40000.0,40000.0,0,9120.35,8318.01,526.83
136.7167,0,2,21,5,0,3,0,24,9029.51,8341.14,488.12,101.41,1500.00,240.00,-1,10,0,100,0.0,40000.0,0,9120.35,8318.01,526.83
136.7167,0,3,1,0,0,7,0,0,9029.51,8341.14,488.12,101.41,1500.00,390.00,-1,10,0,100,40000.0,40000.0,0,9120.35,8318.01,526.83
136.7167,0,5,21,5,8,7,0,0,4658.84,6274.97,772.30,4913.19,1500.00,240.00,-1,10,0,100,13200.0,40000.0,0,9120.35,8318.01,526.83
136.7167,0,7,21,5,0,7,0,0,9465.01,4340.65,528.77,3992.27,1500.00,240.00,-1,10,0,100,40000.0,40000.0,0,9120.35,8318.01,526.83
136.7167,0,16,24,5,0,7,0,0,9029.51,8341.14,488.12,101.41,1500.00,240.00,-1,10,0,100,40000.0,40000.0,0,9120.35,8318.01,526.83
136.7167,0,17,22,5,0,7,0,0,9029.51,8341.14,488.12,101.41,1500.00,240.00,-1,10,0,100,40000.0,40000.0,0,9120.35,8318.01,526.83
136.8667,0,2,21,5,0,3,0,24,9029.51,8341.14,488.12,96.79,1500.00,240.00,-1,10,0,100,0.0,40000.0,0,9113.58,8312.55,526.66
136.8667,0,3,1,0,0,7,0,0,9029.51,8341.14,488.12,96.79,1500.00,390.00,-1,10,0,100,40000.0,40000.0,0,9113.58,8312.55,526.66
136.8667,0,5,21,5,8,7,0,0,4658.84,6274.97,772.30,4904.77,1500.00,240.00,-1,10,0,100,13200.0,40000.0,0,9113.58,8312.55,526.66
136.8667,0,7,21,5,0,7,0,0,9465.01,4340.65,528.77,3987.42,1500.00,240.00,-1,10,0,100,40000.0,40000.0,0,9113.58,8312.55,526.66
136.8667,0,16,24,5,0,7,0,0,9029.51,8341.14,488.12,96.79,1500.00,240.00,-1,10,0,100,40000.0,40000.0,0,9113.58,8312.55,526.66
136.8667,0,17,22,5,0,7,0,0,9029.51,8341.14,488.12,96.79,1500.00,240.00,-1,10,0,100,40000.0,40000.0,0,9113.58,8312.55,526.66
137.0000,0,2,21,5,0,3,0,24,9029.51,8341.14,488.12,93.23,1500.00,240.00,-1,10,0,100,0.0,40000.0,0,9109.65,8309.17,523.45
137.0000,0,3,1,0,0,7,0,0,9029.51,8341.14,488.12,93.23,1500.00,390.00,-1,10,0,100,40000.0,40000.0,0,9109.65,8309.17,523.45
137.0000,0,5,21,5,8,7,0,0,4658.84,6274.97,772.30,4899.96,1500.00,240.00,-1,10,0,100,13200.0,40000.0,0,9109.65,8309.17,523.45
137.0000,0,7,21,5,0,7,0,0,9465.01,4340.65,528.77,3984.40,1500.00,240.00,-1,10,0,100,40000.0,40000.0,0,9109.65,8309.17,523.45
137.0000,0,16,24,5,0,7,0,0,9029.51,8341.14,488.12,93.23,1500.00,240.00,-1,10,0,100,40000.0,40000.0,0,9109.65,8309.17,523.45
137.0000,0,17,22,5,0,7,0,0,9029.51,8341.14,488.12,93.23,1500.00,240.00,-1,10,0,100,40000.0,40000.0,0,9109.65,8309.17,523.45
137.1333,0,2,21,5,0,3,0,24,9029.51,8341.14,488.12,95.22,1500.00,240.00,-1,10,0,100,0.0,40000.0,0,9111.23,8307.99,524.05
137.1333,0,3,1,0,0,7,0,0,9029.51,8341.14,488.12,95.22,1500.00,390.00,-1,10,0,100,40000.0,40000.0,0,9111.23,8307.99,524.05
137.1333,0,5,21,5,8,7,0,0,4658.84,6274.97,772.30,4900.87,1500.00,240.00,-1,10,0,100,13200.0,40000.0,0,9111.23,8307.99,524.05
137.1333,0,7,21,5,0,7,0,0,9465.01,4340.65,528.77,3983.08,1500.00,240.00,-1,10,0,100,40000.0,40000.0,0,9111.23,8307.99,524.05
137.1333,0,16,24,5,0,7,0,0,9029.51,8341.14,488.12,95.22,1500.00,240.00,-1,10,0,100,40000.0,40000.0,0,9111.23,8307.99,524.05
137.1333,0,17,22,5,0,7,0,0,9029.51,8341.14,488.12,95.22,1500.00,240.00,-1,10,0,100,40000.0,40000.0,0,9111.23,8307.99,524.05
137.2833,0,2,21,5,0,3,0,24,9029.51,8341.14,488.12,103.77,1500.00,240.00,-1,10,0,100,0.0,40000.0,0,9119.79,8304.93,524.29
137.2833,0,3,1,0,0,7,0,0,9029.51,8341.14,488.12,103.77,1500.00,390.00,-1,10,0,100,40000.0,40000.0,0,9119.79,8304.93,524.29
137.2833,0,5,21,5,8,7,0,0,4658.84,6274.97,772.30,4907.37,1500.00,240.00,-1,10,0,100,13200.0,40000.0,0,9119.79,8304.93,524.29
137.2833,0,7,21,5,0,7,0,0,9465.01,4340.65,528.77,3979.28,1500.00,240.00,-1,10,0,100,40000.0,40000.0,0,9119.79,8304.93,524.29
137.2833,0,16,24,5,0,7,0,0,9029.51,8341.14,488.12,103.77,1500.00,240.00,-1,10,0,100,40000.0,40000.0,0,9119.79,8304.93,524.29
137.2833,0,17,22,5,0,7,0,0,9029.51,8341.14,488.12,103.77,1500.00,240.00,-1,10,0,100,40000.0,40000.0,0,9119.79,8304.93,524.29
137.4167,0,2,21,5,0,3,0,24,9029.51,8341.14,488.12,103.77,1500.00,240.00,-1,10,0,100,0.0,40000.0,0,9119.79,8304.93,524.29
137.4167,0,3,1,0,0,7,0,0,9029.51,8341.14,488.12,103.77,1500.00,390.00,-1,10,0,100,40000.0,40000.0,0,9119.79,8304.93,524.29
137.4167,0,5,21,5,8,7,0,0,4658.84,6274.97,772.30,4907.37,1500.00,240.00,-1,10,0,100,13200.0,40000.0,0,9119.79,8304.93,524.29
137.4167,0,7,21,5,0,7,0,0,9465.01,4340.65,528.77,3979.28,1500.00,240.00,-1,10,0,100,40000.0,40000.0,0,9119.79,8304.93,524.29
137.4167,0,16,24,5,0,7,0,0,9029.51,8341.14,488.12,103.77,1500.00,240.00,-1,10,0,100,40000.0,40000.0,0,9119.79,8304.93,524.29
137.4167,0,17,22,5,0,7,0,0,9029.51,8341.14,488.12,103.77,1500.00,240.00,-1,10,0,100,40000.0,40000.0,0,9119.79,8304.93,524.29
137.5500,0,2,21,5,0,3,0,24,9029.51,8341.14,488.12,103.77,1500.00,240.00,-1,10,0,100,0.0,40000.0,0,9119.79,8304.93,524.29
137.5500,0,3,1,0,0,7,0,0,9029.51,8341.14,488.12,103.77,1500.00,390.00,-1,10,0,100,40000.0,40000.0,0,9119.79,8304.93,524.29
137.5500,0,5,21,5,8,7,0,0,4658.84,6274.97,772.30,4907.37,1500.00,240.00,-1,10,0,100,13200.0,40000.0,0,9119.79,8304.93,524.29
137.5500,0,7,21,5,0,7,0,0,9465.01,4340.65,528.77,3979.28,1500.00,240.00,-1,10,0,100,40000.0,40000.0,0,9119.79,8304.93,524.29
137.5500,0,16,24,5,0,7,0,0,9029.51,8341.14,488.12,103.77,1500.00,240.00,-1,10,0,100,40000.0,40000.0,0,9119.79,8304.93,524.29
137.5500,0,17,22,5,0,7,0,0,9029.51,8341.14,488.12,103.77,1500.00,240.00,-1,10,0,100,40000.0,40000.0,0,9119.79,8304.93,524.29
137.7000,0,2,21,5,0,3,0,24,9029.51,8341.14,488.12,103.77,1500.00,240.00,-1,10,0,100,0.0,40000.0,0,9119.79,8304.93,524.29
137.7000,0,3,1,0,0,7,0,0,9029.51,8341.14,488.12,103.77,1500.00,390.00,-1,10,0,100,40000.0,40000.0,0,9119.79,8304.93,524.29
137.7000,0,5,21,5,8,7,0,0,4658.84,6274.97,772.30,4907.37,1500.00,240.00,-1,10,0,100,13200.0,40000.0,0,9119.79,8304.93,524.29
137.7000,0,7,21,5,0,7,0,0,9465.01,4340.65,528.77,3979.28,1500.00,240.00,-1,10,0,100,40000.0,40000.0,0,9119.79,8304.93,524.29
137.7000,0,16,24,5,0,7,0,0,9029.51,8341.14,488.12,103.77,1500.00,240.00,-1,10,0,100,40000.0,40000.0,0,9119.79,8304.93,524.29
137.7000,0,17,22,5,0,7,0,0,9029.51,8341.14,488.12,103.77,1500.00,240.00,-1,10,0,100,40000.0,40000.0,0,9119.79,8304.93,524.29
137.8333,0,2,21,5,0,3,0,24,9029.51,8341.14,488.12,103.77,1500.00,240.00,-1,10,0,100,0.0,40000.0,0,9119.79,8304.93,524.29
137.8333,0,3,1,0,0,7,0,0,9029.51,8341.14,488.12,103.77,1500.00,390.00,-1,10,0,100,40000.0,40000.0,0,9119.79,8304.93,524.29
137.8333,0,5,21,5,8,7,0,0,4658.84,6274.97,772.30,4907.37,1500.00,240.00,-1,10,0,100,13200.0,40000.0,0,9119.79,8304.93,524.29
137.8333,0,7,21,5,0,7,0,0,9465.01,4340.65,528.77,3979.28,1500.00,240.00,-1,10,0,100,40000.0,40000.0,0,9119.79,8304.93,524.29
137.8333,0,16,24,5,0,7,0,0,9029.51,8341.14,488.12,103.77,1500.00,240.00,-1,10,0,100,40000.0,40000.0,0,9119.79,8304.93,524.29
137.8333,0,17,22,5,0,7,0,0,9029.51,8341.14,488.12,103.77,1500.00,240.00,-1,10,0,100,40000.0,40000.0,0,9119.79,8304.93,524.29
137.9833,0,2,21,5,0,3,0,24,9029.51,8341.14,488.12,103.77,1500.00,240.00,-1,10,0,100,0.0,40000.0,0,9119.79,8304.93,524.29
137.9833,0,3,1,0,0,7,0,0,9029.51,8341.14,488.12,103.77,1500.00,390.00,-1,10,0,100,40000.0,40000.0,0,9119.79,8304.93,524.29
137.9833,0,5,21,5,8,7,0,0,4658.84,6274.97,772.30,4907.37,1500.00,240.00,-1,10,0,100,13200.0,40000.0,0,9119.79,8304.93,524.29
137.9833,0,7,21,5,0,7,0,0,9465.01,4340.65,528.77,3979.28,1500.00,240.00,-1,10,0,100,40000.0,40000.0,0,9119.79,8304.93,524.29
137.9833,0,16,24,5,0,7,0,0,9029.51,8341.14,488.12,103.77,1500.00,240.00,-1,10,0,100,40000.0,40000.0,0,9119.79,8304.93,524.29
137.9833,0,17,22,5,0,7,0,0,9029.51,8341.14,488.12,103.77,1500.00,240.00,-1,10,0,100,40000.0,40000.0,0,9119.79,8304.93,524.29
138.1167,0,2,21,5,0,3,0,24,9029.51,8341.14,488.12,103.77,1500.00,240.00,-1,10,0,100,0.0,40000.0,0,9119.79,8304.93,524.29
138.1167,0,3,1,0,0,7,0,0,9029.51,8341.14,488.12,103.77,1500.00,390.00,-1,10,0,100,40000.0,40000.0,0,9119.79,8304.93,524.29
138.1167,0,5,21,5,8,7,0,0,4658.84,6274.97,772.30,4907.37,1500.00,240.00,-1,10,0,100,13200.0,40000.0,0,9119.79,8304.93,524.29
138.1167,0,7,21,5,0,7,0,0,9465.01,4340.65,528.77,3979.28,1500.00,240.00,-1,10,0,100,40000.0,40000.0,0,9119.79,8304.93,524.29
138.1167,0,16,24,5,0,7,0,0,9029.51,8341.14,488.12,103.77,1500.00,240.00,-1,10,0,100,40000.0,40000.0,0,9119.79,8304.93,524.29
138.1167,0,17,22,5,0,7,0,0,9029.51,8341.14,488.12,103.77,1500.00,240.00,-1,10,0,100,40000.0,40000.0,0,9119.79,8304.93,524.29
138.2500,0,2,21,5,0,3,0,24,9029.51,8341.14,488.12,103.77,1500.00,240.00,-1,10,0,100,0.0,40000.0,0,9119.79,8304.93,524.29
138.2500,0,3,1,0,0,7,0,0,9029.51,8341.14,488.12,103.77,1500.00,390.00,-1,10,0,100,40000.0,40000.0,0,9119.79,8304.93,524.29
138.2500,0,5,21,5,8,7,0,0,4658.84,6274.97,772.30,4907.37,1500.00,240.00,-1,10,0,100,13200.0,40000.0,0,9119.79,8304.93,524.29
138.2500,0,7,21,5,0,7,0,0,9465.01,4340.65,528.77,3979.28,1500.00,240.00,-1,10,0,100,40000.0,40000.0,0,9119.79,8304.93,524.29
138.2500,0,16,24,5,0,7,0,0,9029.51,8341.14,488.12,103.77,1500.00,240.00,-1,10,0,100,40000.0,40000.0,0,9119.79,8304.93,524.29
138.2500,0,17,22,5,0,7,0,0,9029.51,8341.14,488.12,103.77,1500.00,240.00,-1,10,0,100,40000.0,40000.0,0,9119.79,8304.93,524.29
138.4000,0,2,21,5,0,3,0,24,9029.51,8341.14,488.12,103.77,1500.00,240.00,-1,10,0,100,0.0,40000.0,0,9119.79,8304.93,524.29
138.4000,0,3,1,0,0,7,0,0,9029.51,8341.14,488.12,103.77,1500.00,390.00,-1,10,0,100,40000.0,40000.0,0,9119.79,8304.93,524.29
138.4000,0,5,21,5,8,7,0,0,4658.84,6274.97,772.30,4907.37,1500.00,240.00,-1,10,0,100,13200.0,40000.0,0,9119.79,8304.93,524.29
138.4000,0,7,21,5,0,7,0,0,9465.01,4340.65,528.77,3979.28,1500.00,240.00,-1,10,0,100,40000.0,40000.0,0,9119.79,8304.93,524.29
138.4000,0,16,24,5,0,7,0,0,9029.51,8341.14,488.12,103.77,1500.00,240.00,-1,10,0,100,40000.0,40000.0,0,9119.79,8304.93,524.29
138.4000,0,17,22,5,0,7,0,0,9029.51,8341.14,488.12,103.77,1500.00,240.00,-1,10,0,100,40000.0,40000.0,0,9119.79,8304.93,524.29
138.5333,0,2,21,5,0,3,0,24,9029.51,8341.14,488.12,103.77,1500.00,240.00,-1,10,0,100,0.0,40000.0,0,9119.79,8304.93,524.29
138.5333,0,3,1,0,0,7,0,0,9029.51,8341.14,488.12,103.77,1500.00,390.00,-1,10,0,100,40000.0,40000.0,0,9119.79,8304.93,524.29
138.5333,0,5,21,5,8,7,0,0,4658.84,6274.97,772.30,4907.37,1500.00,240.00,-1,10,0,100,13200.0,40000.0,0,9119.79,8304.93,524.29
138.5333,0,7,21,5,0,7,0,0,9465.01,4340.65,528.77,3979.28,1500.00,240.00,-1,10,0,100,40000.0,40000.0,0,9119.79,8304.93,524.29
138.5333,0,16,24,5,0,7,0,0,9029.51,8341.14,488.12,103.77,1500.00,240.00,-1,10,0,100,40000.0,40000.0,0,9119.79,8304.93,524.29
138.5333,0,17,22,5,0,7,0,0,9029.51,8341.14,488.12,103.77,1500.00,240.00,-1,10,0,100,40000.0,40000.0,0,9119.79,8304.93,524.29
138.6667,0,2,21,5,0,3,0,24,9029.51,8341.14,488.12,103.77,1500.00,240.00,-1,10,0,100,0.0,40000.0,0,9119.79,8304.93,524.29
138.6667,0,3,1,0,0,7,0,0,9029.51,8341.14,488.12,103.77,1500.00,390.00,-1,10,0,100,40000.0,40000.0,0,9119.79,8304.93,524.29
138.6667,0,5,21,5,8,7,0,0,4658.84,6274.97,772.30,4907.37,1500.00,240.00,-1,10,0,100,13200.0,40000.0,0,9119.79,8304.93,524.29
138.6667,0,7,21,5,0,7,0,0,9465.01,4340.65,528.77,3979.28,1500.00,240.00,-1,10,0,100,40000.0,40000.0,0,9119.79,8304.93,524.29
138.6667,0,16,24,5,0,7,0,0,9029.51,8341.14,488.12,103.77,1500.00,240.00,-1,10,0,100,40000.0,40000.0,0,9119.79,8304.93,524.29
138.6667,0,17,22,5,0,7,0,0,9029.51,8341.14,488.12,103.77,1500.00,240.00,-1,10,0,100,40000.0,40000.0,0,9119.79,8304.93,524.29
138.8000,0,2,21,5,0,3,0,24,9029.51,8341.14,488.12,103.77,1500.00,240.00,-1,10,0,100,0.0,40000.0,0,9119.79,8304.93,524.29
138.8000,0,3,1,0,0,7,0,0,9029.51,8341.14,488.12,103.77,1500.00,390.00,-1,10,0,100,40000.0,40000.0,0,9119.79,8304.93,524.29
138.8000,0,5,21,5,8,7,0,0,4658.84,6274.97,772.30,4907.37,1500.00,240.00,-1,10,0,100,13200.0,40000.0,0,9119.79,8304.93,524.29
138.8000,0,7,21,5,0,7,0,0,9465.01,4340.65,528.77,3979.28,1500.00,240.00,-1,10,0,100,40000.0,40000.0,0,9119.79,8304.93,524.29
138.8000,0,16,24,5,0,7,0,0,9029.51,8341.14,488.12,103.77,1500.00,240.00,-1,10,0,100,40000.0,40000.0,0,9119.79,8304.93,524.29
138.8000,0,17,22,5,0,7,0,0,9029.51,8341.14,488.12,103.77,1500.00,240.00,-1,10,0,100,40000.0,40000.0,0,9119.79,8304.93,524.29
138.9500,0,2,21,5,0,3,0,24,9029.51,8341.14,488.12,103.77,1500.00,240.00,-1,10,0,100,0.0,40000.0,0,9119.79,8304.93,524.29
138.9500,0,3,1,0,0,7,0,0,9029.51,8341.14,488.12,103.77,1500.00,390.00,-1,10,0,100,40000.0,40000.0,0,9119.79,8304.93,524.29
138.9500,0,5,21,5,8,7,0,0,4658.84,6274.97,772.30,4907.37,1500.00,240.00,-1,10,0,100,13200.0,40000.0,0,9119.79,8304.93,524.29
138.9500,0,7,21,5,0,7,0,0,9465.01,4340.65,528.77,3979.28,1500.00,240.00,-1,10,0,100,40000.0,40000.0,0,9119.79,8304.93,524.29
138.9500,0,16,24,5,0,7,0,0,9029.51,8341.14,488.12,103.77,1500.00,240.00,-1,10,0,100,40000.0,40000.0,0,9119.79,8304.93,524.29
138.9500,0,17,22,5,0,7,0,0,9029.51,8341.14,488.12,103.77,1500.00,240.00,-1,10,0,100,40000.0,40000.0,0,9119.79,8304.93,524.29
139.0833,0,2,21,5,0,3,0,24,9029.51,8341.14,488.12,103.77,1500.00,240.00,-1,10,0,100,0.0,40000.0,0,9119.79,8304.93,524.29
139.0833,0,3,1,0,0,7,0,0,9029.51,8341.14,488.12,103.77,1500.00,390.00,-1,10,0,100,40000.0,40000.0,0,9119.79,8304.93,524.29
139.0833,0,5,21,5,8,7,0,0,4658.84,6274.97,772.30,4907.37,1500.00,240.00,-1,10,0,100,13200.0,40000.0,0,9119.79,8304.93,524.29
139.0833,0,7,21,5,0,7,0,0,9465.01,4340.65,528.77,3979.28,1500.00,240.00,-1,10,0,100,40000.0,40000.0,0,9119.79,8304.93,524.29
139.0833,0,16,24,5,0,7,0,0,9029.51,8341.14,488.12,103.77,1500.00,240.00,-1,10,0,100,40000.0,40000.0,0,9119.79,8304.93,524.29
139.0833,0,17,22,5,0,7,0,0,9029.51,8341.14,488.12,103.77,1500.00,240.00,-1,10,0,100,40000.0,40000.0,0,9119.79,8304.93,524.29
139.2167,0,2,21,5,0,3,0,24,9029.51,8341.14,488.12,103.77,1500.00,240.00,-1,10,0,100,0.0,40000.0,0,9119.79,8304.93,524.29
139.2167,0,3,1,0,0,7,0,0,9029.51,8341.14,488.12,103.77,1500.00,390.00,-1,10,0,100,40000.0,40000.0,0,9119.79,8304.93,524.29
139.2167,0,5,21,5,8,7,0,0,4658.84,6274.97,772.30,4907.37,1500.00,240.00,-1,10,0,100,13200.0,40000.0,0,9119.79,8304.93,524.29
139.2167,0,7,21,5,0,7,0,0,9465.01,4340.65,528.77,3979.28,1500.00,240.00,-1,10,0,100,40000.0,40000.0,0,9119.79,8304.93,524.29
139.2167,0,16,24,5,0,7,0,0,9029.51,8341.14,488.12,103.77,1500.00,240.00,-1,10,0,100,40000.0,40000.0,0,9119.79,8304.93,524.29
139.2167,0,17,22,5,0,7,0,0,9029.51,8341.14,488.12,103.77,1500.00,240.00,-1,10,0,100,40000.0,40000.0,0,9119.79,8304.93,524.29
139.3500,0,2,21,5,0,3,0,24,9029.51,8341.14,488.12,103.77,1500.00,240.00,-1,10,0,100,0.0,40000.0,0,9119.79,8304.93,524.29
139.3500,0,3,1,0,0,7,0,0,9029.51,8341.14,488.12,103.77,1500.00,390.00,-1,10,0,100,40000.0,40000.0,0,9119.79,8304.93,524.29
139.3500,0,5,21,5,8,7,0,0,4658.84,6274.97,772.30,4907.37,1500.00,240.00,-1,10,0,100,13200.0,40000.0,0,9119.79,8304.93,524.29
139.3500,0,7,21,5,0,7,0,0,9465.01,4340.65,528.77,3979.28,1500.00,240.00,-1,10,0,100,40000.0,40000.0,0,9119.79,8304.93,524.29
139.3500,0,16,24,5,0,7,0,0,9029.51,8341.14,488.12,103.77,1500.00,240.00,-1,10,0,100,40000.0,40000.0,0,9119.79,8304.93,524.29
139.3500,0,17,22,5,0,7,0,0,9029.51,8341.14,488.12,103.77,1500.00,240.00,-1,10,0,100,40000.0,40000.0,0,9119.79,8304.93,524.29
139.5000,0,2,21,5,0,3,0,24,9029.51,8341.14,488.12,103.77,1500.00,240.00,-1,10,0,100,0.0,40000.0,0,9119.79,8304.93,524.29
139.5000,0,3,1,0,0,7,0,0,9029.51,8341.14,488.12,103.77,1500.00,390.00,-1,10,0,100,40000.0,40000.0,0,9119.79,8304.93,524.29
139.5000,0,5,21,5,8,7,0,0,4658.84,6274.97,772.30,4907.37,1500.00,240.00,-1,10,0,100,13200.0,40000.0,0,9119.79,8304.93,524.29
139.5000,0,7,21,5,0,7,0,0,9465.01,4340.65,528.77,3979.28,1500.00,240.00,-1,10,0,100,40000.0,40000.0,0,9119.79,8304.93,524.29
139.5000,0,16,24,5,0,7,0,0,9029.51,8341.14,488.12,103.77,1500.00,240.00,-1,10,0,100,40000.0,40000.0,0,9119.79,8304.93,524.29
139.5000,0,17,22,5,0,7,0,0,9029.51,8341.14,488.12,103.77,1500.00,240.00,-1,10,0,100,40000.0,40000.0,0,9119.79,8304.93,524.29
139.6333,0,2,21,5,0,3,0,24,9029.51,8341.14,488.12,103.77,1500.00,240.00,-1,10,0,100,0.0,40000.0,0,9119.79,8304.93,524.29
139.6333,0,3,1,0,0,7,0,0,9029.51,8341.14,488.12,103.77,1500.00,390.00,-1,10,0,100,40000.0,40000.0,0,9119.79,8304.93,524.29
139.6333,0,5,21,5,8,7,0,0,4658.84,6274.97,772.30,4907.37,1500.00,240.00,-1,10,0,100,13200.0,40000.0,0,9119.79,8304.93,524.29
139.6333,0,7,21,5,0,7,0,0,9465.01,4340.65,528.77,3979.28,1500.00,240.00,-1,10,0,100,40000.0,40000.0,0,9119.79,8304.93,524.29
139.6333,0,16,24,5,0,7,0,0,9029.51,8341.14,488.12,103.77,1500.00,240.00,-1,10,0,100,40000.0,40000.0,0,9119.79,8304.93,524.29
139.6333,0,17,22,5,0,7,0,0,9029.51,8341.14,488.12,103.77,1500.00,240.00,-1,10,0,100,40000.0,40000.0,0,9119.79,8304.93,524.29
139.7667,0,2,21,5,0,3,0,24,9029.51,8341.14,488.12,103.77,1500.00,240.00,-1,10,0,100,0.0,40000.0,0,9119.79,8304.93,524.29
139.7667,0,3,1,0,0,7,0,0,9029.51,8341.14,488.12,103.77,1500.00,390.00,-1,10,0,100,40000.0,40000.0,0,9119.79,8304.93,524.29
139.7667,0,5,21,5,8,7,0,0,4658.84,6274.97,772.30,4907.37,1500.00,240.00,-1,10,0,100,13200.0,40000.0,0,9119.79,8304.93,524.29
139.7667,0,7,21,5,0,7,0,0,9465.01,4340.65,528.77,3979.28,1500.00,240.00,-1,10,0,100,40000.0,40000.0,0,9119.79,8304.93,524.29
139.7667,0,16,24,5,0,7,0,0,9029.51,8341.14,488.12,103.77,1500.00,240.00,-1,10,0,100,40000.0,40000.0,0,9119.79,8304.93,524.29
139.7667,0,17,22,5,0,7,0,0,9029.51,8341.14,488.12,103.77,1500.00,240.00,-1,10,0,100,40000.0,40000.0,0,9119.79,8304.93,524.29
139.9000,0,2,21,5,0,3,0,24,9029.51,8341.14,488.12,103.77,1500.00,240.00,-1,10,0,100,0.0,40000.0,0,9119.79,8304.93,524.29
139.9000,0,3,1,0,0,7,0,0,9029.51,8341.14,488.12,103.77,1500.00,390.00,-1,10,0,100,40000.0,40000.0,0,9119.79,8304.93,524.29
139.9000,0,5,21,5,8,7,0,0,4658.84,6274.97,772.30,4907.37,1500.00,240.00,-1,10,0,100,13200.0,40000.0,0,9119.79,8304.93,524.29
139.9000,0,7,21,5,0,7,0,0,9465.01,4340.65,528.77,3979.28,1500.00,240.00,-1,10,0,100,40000.0,40000.0,0,9119.79,8304.93,524.29
139.9000,0,16,24,5,0,7,0,0,9029.51,8341.14,488.12,103.77,1500.00,240.00,-1,10,0,100,40000.0,40000.0,0,9119.79,8304.93,524.29
139.9000,0,17,22,5,0,7,0,0,9029.51,8341.14,488.12,103.77,1500.00,240.00,-1,10,0,100,40000.0,40000.0,0,9119.79,8304.93,524.29
140.0500,0,2,21,5,0,3,0,24,9029.51,8341.14,488.12,101.78,1500.00,240.00,-1,10,0,100,0.0,40000.0,0,9122.06,8321.35,525.58
140.0500,0,3,1,0,0,7,0,0,9029.51,8341.14,488.12,101.78,1500.00,390.00,-1,10,0,100,40000.0,40000.0,0,9122.06,8321.35,525.58
140.0500,0,5,21,5,8,7,0,0,4658.84,6274.97,772.30,4916.19,1500.00,240.00,-1,10,0,100,13200.0,40000.0,0,9122.06,8321.35,525.58
140.0500,0,7,21,5,0,7,0,0,9465.01,4340.65,528.77,3995.45,1500.00,240.00,-1,10,0,100,40000.0,40000.0,0,9122.06,8321.35,525.58
140.0500,0,16,24,5,0,7,0,0,9029.51,8341.14,488.12,101.78,1500.00,240.00,-1,10,0,100,40000.0,40000.0,0,9122.06,8321.35,525.58
140.0500,0,17,22,5,0,7,0,0,9029.51,8341.14,488.12,101.78,1500.00,240.00,-1,10,0,100,40000.0,40000.0,0,9122.06,8321.35,525.58
140.1833,0,2,21,5,0,3,0,24,9029.51,8341.14,488.12,95.33,1500.00,240.00,-1,10,0,100,0.0,40000.0,0,9119.15,8344.66,520.39
140.1833,0,3,1,0,0,7,0,0,9029.51,8341.14,488.12,95.33,1500.00,390.00,-1,10,0,100,40000.0,40000.0,0,9119.15,8344.66,520.39
140.1833,0,5,21,5,8,7,0,0,4658.84,6274.97,772.30,4923.56,1500.00,240.00,-1,10,0,100,13200.0,40000.0,0,9119.15,8344.66,520.39
140.1833,0,7,21,5,0,7,0,0,9465.01,4340.65,528.77,4018.93,1500.00,240.00,-1,10,0,100,40000.0,40000.0,0,9119.15,8344.66,520.39
140.1833,0,16,24,5,0,7,0,0,9029.51,8341.14,488.12,95.33,1500.00,240.00,-1,10,0,100,40000.0,40000.0,0,9119.15,8344.66,520.39
140.1833,0,17,22,5,0,7,0,0,9029.51,8341.14,488.12,95.33,1500.00,240.00,-1,10,0,100,40000.0,40000.0,0,9119.15,8344.66,520.39
140.3333,0,2,21,5,0,3,0,24,9029.51,8341.14,488.12,94.03,1500.00,240.00,-1,10,0,100,0.0,40000.0,0,9115.82,8364.17,517.47
140.3333,0,3,1,0,0,7,0,0,9029.51,8341.14,488.12,94.03,1500.00,390.00,-1,10,0,100,40000.0,40000.0,0,9115.82,8364.17,517.47
140.3333,0,5,21,5,8,7,0,0,4658.84,6274.97,772.30,4928.94,1500.00,240.00,-1,10,0,100,13200.0,40000.0,0,9115.82,8364.17,517.47
140.3333,0,7,21,5,0,7,0,0,9465.01,4340.65,528.77,4038.67,1500.00,240.00,-1,10,0,100,40000.0,40000.0,0,9115.82,8364.17,517.47
140.3333,0,16,24,5,0,7,0,0,9029.51,8341.14,488.12,94.03,1500.00,240.00,-1,10,0,100,40000.0,40000.0,0,9115.82,8364.17,517.47
140.3333,0,17,22,5,0,7,0,0,9029.51,8341.14,488.12,94.03,1500.00,240.00,-1,10,0,100,40000.0,40000.0,0,9115.82,8364.17,517.47
140.4667,0,2,21,5,0,3,0,24,9029.51,8341.14,488.12,94.13,1500.00,240.00,-1,10,0,100,0.0,40000.0,0,9115.75,8364.79,517.54
140.4667,0,3,1,0,0,7,0,0,9029.51,8341.14,488.12,94.13,1500.00,390.00,-1,10,0,100,40000.0,40000.0,0,9115.75,8364.79,517.54
140.4667,0,5,21,5,8,7,0,0,4658.84,6274.97,772.30,4929.13,1500.00,240.00,-1,10,0,100,13200.0,40000.0,0,9115.75,8364.79,517.54
140.4667,0,7,21,5,0,7,0,0,9465.01,4340.65,528.77,4039.28,1500.00,240.00,-1,10,0,100,40000.0,40000.0,0,9115.75,8364.79,517.54
140.4667,0,16,24,5,0,7,0,0,9029.51,8341.14,488.12,94.13,1500.00,240.00,-1,10,0,100,40000.0,40000.0,0,9115.75,8364.79,517.54
140.4667,0,17,22,5,0,7,0,0,9029.51,8341.14,488.12,94.13,1500.00,240.00,-1,10,0,100,40000.0,40000.0,0,9115.75,8364.79,517.54
140.6167,0,2,21,5,0,3,0,24,9029.51,8341.14,488.12,94.13,1500.00,240.00,-1,10,0,100,0.0,40000.0,0,9115.75,8364.79,517.54
140.6167,0,3,1,0,0,7,0,0,9029.51,8341.14,488.12,94.13,1500.00,390.00,-1,10,0,100,40000.0,40000.0,0,9115.75,8364.79,517.54
140.6167,0,5,21,5,8,7,0,0,4658.84,6274.97,772.30,4929.13,1500.00,240.00,-1,10,0,100,13200.0,40000.0,0,9115.75,8364.79,517.54
140.6167,0,7,21,5,0,7,0,0,9465.01,4340.65,528.77,4039.28,1500.00,240.00,-1,10,0,100,40000.0,40000.0,0,9115.75,8364.79,517.54
140.6167,0,16,24,5,0,7,0,0,9029.51,8341.14,488.12,94.13,1500.00,240.00,-1,10,0,100,40000.0,40000.0,0,9115.75,8364.79,517.54
140.6167,0,17,22,5,0,7,0,0,9029.51,8341.14,488.12,94.13,1500.00,240.00,-1,10,0,100,40000.0,40000.0,0,9115.75,8364.79,517.54
140.7500,0,2,21,5,0,3,0,24,9029.51,8341.14,488.12,86.59,1500.00,240.00,-1,10,0,100,0.0,40000.0,0,9104.59,8375.62,514.04
140.7500,0,3,1,0,0,7,0,0,9029.51,8341.14,488.12,86.59,1500.00,390.00,-1,10,0,100,40000.0,40000.0,0,9104.59,8375.62,514.04
140.7500,0,5,21,5,8,7,0,0,4658.84,6274.97,772.30,4923.83,1500.00,240.00,-1,10,0,100,13200.0,40000.0,0,9104.59,8375.62,514.04
140.7500,0,7,21,5,0,7,0,0,9465.01,4340.65,528.77,4051.06,1500.00,240.00,-1,10,0,100,40000.0,40000.0,0,9104.59,8375.62,514.04
140.7500,0,16,24,5,0,7,0,0,9029.51,8341.14,488.12,86.59,1500.00,240.00,-1,10,0,100,40000.0,40000.0,0,9104.59,8375.62,514.04
140.7500,0,17,22,5,0,7,0,0,9029.51,8341.14,488.12,86.59,1500.00,240.00,-1,10,0,100,40000.0,40000.0,0,9104.59,8375.62,514.04
140.8833,0,2,21,5,0,3,0,24,9029.51,8341.14,488.12,86.05,1500.00,240.00,-1,10,0,100,0.0,40000.0,0,9092.02,8391.82,518.60
140.8833,0,3,1,0,0,7,0,0,9029.51,8341.14,488.12,86.05,1500.00,390.00,-1,10,0,100,40000.0,40000.0,0,9092.02,8391.82,518.60
140.8833,0,5,21,5,8,7,0,0,4658.84,6274.97,772.30,4919.20,1500.00,240.00,-1,10,0,100,13200.0,40000.0,0,9092.02,8391.82,518.60
140.8833,0,7,21,5,0,7,0,0,9465.01,4340.65,528.77,4068.31,1500.00,240.00,-1,10,0,100,40000.0,40000.0,0,9092.02,8391.82,518.60
140.8833,0,16,24,5,0,7,0,0,9029.51,8341.14,488.12,86.05,1500.00,240.00,-1,10,0,100,40000.0,40000.0,0,9092.02,8391.82,518.60
140.8833,0,17,22,5,0,7,0,0,9029.51,8341.14,488.12,86.05,1500.00,240.00,-1,10,0,100,40000.0,40000.0,0,9092.02,8391.82,518.60
141.0333,0,2,21,5,0,3,0,24,9029.51,8341.14,488.12,85.75,1500.00,240.00,-1,10,0,100,0.0,40000.0,0,9087.26,8396.00,519.88
141.0333,0,3,1,0,0,7,0,0,9029.51,8341.14,488.12,85.75,1500.00,390.00,-1,10,0,100,40000.0,40000.0,0,9087.26,8396.00,519.88
141.0333,0,5,21,5,8,7,0,0,4658.84,6274.97,772.30,4916.65,1500.00,240.00,-1,10,0,100,13200.0,40000.0,0,9087.26,8396.00,519.88
141.0333,0,7,21,5,0,7,0,0,9465.01,4340.65,528.77,4072.91,1500.00,240.00,-1,10,0,100,40000.0,40000.0,0,9087.26,8396.00,519.88
141.0333,0,16,24,5,0,7,0,0,9029.51,8341.14,488.12,85.75,1500.00,240.00,-1,10,0,100,40000.0,40000.0,0,9087.26,8396.00,519.88
141.0333,0,17,22,5,0,7,0,0,9029.51,8341.14,488.12,85.75,1500.00,240.00,-1,10,0,100,40000.0,40000.0,0,9087.26,8396.00,519.88
141.1667,0,2,21,5,0,3,0,24,9029.51,8341.14,488.12,85.75,1500.00,240.00,-1,10,0,100,0.0,40000.0,0,9087.26,8396.00,519.88
141.1667,0,3,1,0,0,7,0,0,9029.51,8341.14,488.12,85.75,1500.00,390.00,-1,10,0,100,40000.0,40000.0,0,9087.26,8396.00,519.88
141.1667,0,5,21,5,8,7,0,0,4658.84,6274.97,772.30,4916.65,1500.00,240.00,-1,10,0,100,13200.0,40000.0,0,9087.26,8396.00,519.88
141.1667,0,7,21,5,0,7,0,0,9465.01,4340.65,528.77,4072.91,1500.00,240.00,-1,10,0,100,40000.0,40000.0,0,9087.26,8396.00,519.88
141.1667,0,16,24,5,0,7,0,0,9029.51,8341.14,488.12,85.75,1500.00,240.00,-1,10,0,100,40000.0,40000.0,0,9087.26,8396.00,519.88
141.1667,0,17,22,5,0,7,0,0,9029.51,8341.14,488.12,85.75,1500.00,240.00,-1,10,0,100,40000.0,40000.0,0,9087.26,8396.00,519.88
141.3000,0,2,21,5,0,3,0,24,9029.51,8341.14,488.12,85.75,1500.00,240.00,-1,10,0,100,0.0,40000.0,0,9087.26,8396.00,519.88
141.3000,0,3,1,0,0,7,0,0,9029.51,8341.14,488.12,85.75,1500.00,390.00,-1,10,0,100,40000.0,40000.0,0,9087.26,8396.00,519.88
141.3000,0,5,21,5,8,7,0,0,4658.84,6274.97,772.30,4916.65,1500.00,240.00,-1,10,0,100,13200.0,40000.0,0,9087.26,8396.00,519.88
141.3000,0,7,21,5,0,7,0,0,9465.01,4340.65,528.77,4072.91,1500.00,240.00,-1,10,0,100,40000.0,40000.0,0,9087.26,8396.00,519.88
141.3000,0,16,24,5,0,7,0,0,9029.51,8341.14,488.12,85.75,1500.00,240.00,-1,10,0,100,40000.0,40000.0,0,9087.26,8396.00,519.88
141.3000,0,17,22,5,0,7,0,0,9029.51,8341.14,488.12,85.75,1500.00,240.00,-1,10,0,100,40000.0,40000.0,0,9087.26,8396.00,519.88
141.4500,0,2,21,5,0,3,0,24,9029.51,8341.14,488.12,86.35,1500.00,240.00,-1,10,0,100,0.0,40000.0,0,9083.53,8401.04,518.96
141.4500,0,3,1,0,0,7,0,0,9029.51,8341.14,488.12,86.35,1500.00,390.00,-1,10,0,100,40000.0,40000.0,0,9083.53,8401.04,518.96
141.4500,0,5,21,5,8,7,0,0,4658.84,6274.97,772.30,4915.51,1500.00,240.00,-1,10,0,100,13200.0,40000.0,0,9083.53,8401.04,518.96
141.4500,0,7,21,5,0,7,0,0,9465.01,4340.65,528.77,4078.28,1500.00,240.00,-1,10,0,100,40000.0,40000.0,0,9083.53,8401.04,518.96
141.4500,0,16,24,5,0,7,0,0,9029.51,8341.14,488.12,86.35,1500.00,240.00,-1,10,0,100,40000.0,40000.0,0,9083.53,8401.04,518.96
141.4500,0,17,22,5,0,7,0,0,9029.51,8341.14,488.12,86.35,1500.00,240.00,-1,10,0,100,40000.0,40000.0,0,9083.53,8401.04,518.96
141.5833,0,2,21,5,0,3,0,24,9029.51,8341.14,488.12,92.14,1500.00,240.00,-1,10,0,100,0.0,40000.0,0,9079.84,8410.79,521.39
141.5833,0,3,1,0,0,7,0,0,9029.51,8341.14,488.12,92.14,1500.00,390.00,-1,10,0,100,40000.0,40000.0,0,9079.84,8410.79,521.39
141.5833,0,5,21,5,8,7,0,0,4658.84,6274.97,772.30,4916.29,1500.00,240.00,-1,10,0,100,13200.0,40000.0,0,9079.84,8410.79,521.39
141.5833,0,7,21,5,0,7,0,0,9465.01,4340.65,528.77,4088.33,1500.00,240.00,-1,10,0,100,40000.0,40000.0,0,9079.84,8410.79,521.39
141.5833,0,16,24,5,0,7,0,0,9029.51,8341.14,488.12,92.14,1500.00,240.00,-1,10,0,100,40000.0,40000.0,0,9079.84,8410.79,521.39
141.5833,0,17,22,5,0,7,0,0,9029.51,8341.14,488.12,92.14,1500.00,240.00,-1,10,0,100,40000.0,40000.0,0,9079.84,8410.79,521.39
141.7333,0,2,21,5,0,3,0,24,9029.51,8341.14,488.12,92.14,1500.00,240.00,-1,10,0,100,0.0,40000.0,0,9079.84,8410.79,521.39
141.7333,0,3,1,0,0,7,0,0,9029.51,8341.14,488.12,92.14,1500.00,390.00,-1,10,0,100,40000.0,40000.0,0,9079.84,8410.79,521.39
141.7333,0,5,21,5,8,7,0,0,4658.84,6274.97,772.30,4916.29,1500.00,240.00,-1,10,0,100,13200.0,40000.0,0,9079.84,8410.79,521.39
141.7333,0,7,21,5,0,7,0,0,9465.01,4340.65,528.77,4088.33,1500.00,240.00,-1,10,0,100,40000.0,40000.0,0,9079.84,8410.79,521.39
141.7333,0,16,24,5,0,7,0,0,9029.51,8341.14,488.12,92.14,1500.00,240.00,-1,10,0,100,40000.0,40000.0,0,9079.84,8410.79,521.39
141.7333,0,17,22,5,0,7,0,0,9029.51,8341.14,488.12,92.14,1500.00,240.00,-1,10,0,100,40000.0,40000.0,0,9079.84,8410.79,521.39
141.8667,0,2,21,5,0,3,0,24,9029.51,8341.14,488.12,92.14,1500.00,240.00,-1,10,0,100,0.0,40000.0,0,9079.84,8410.79,521.39
141.8667,0,3,1,0,0,7,0,0,9029.51,8341.14,488.12,92.14,1500.00,390.00,-1,10,0,100,40000.0,40000.0,0,9079.84,8410.79,521.39
141.8667,0,5,21,5,8,7,0,0,4658.84,6274.97,772.30,4916.29,1500.00,240.00,-1,10,0,100,13200.0,40000.0,0,9079.84,8410.79,521.39
141.8667,0,7,21,5,0,7,0,0,9465.01,4340.65,528.77,4088.33,1500.00,240.00,-1,10,0,100,40000.0,40000.0,0,9079.84,8410.79,521.39
141.8667,0,16,24,5,0,7,0,0,9029.51,8341.14,488.12,92.14,1500.00,240.00,-1,10,0,100,40000.0,40000.0,0,9079.84,8410.79,521.39
141.8667,0,17,22,5,0,7,0,0,9029.51,8341.14,488.12,92.14,1500.00,240.00,-1,10,0,100,40000.0,40000.0,0,9079.84,8410.79,521.39
142.0000,0,2,21,5,0,3,0,24,9029.51,8341.14,488.12,92.14,1500.00,240.00,-1,10,0,100,0.0,40000.0,0,9079.84,8410.79,521.39
142.0000,0,3,1,0,0,7,0,0,9029.51,8341.14,488.12,92.14,1500.00,390.00,-1,10,0,100,40000.0,40000.0,0,9079.84,8410.79,521.39
142.0000,0,5,21,5,8,7,0,0,4658.84,6274.97,772.30,4916.29,1500.00,240.00,-1,10,0,100,13200.0,40000.0,0,9079.84,8410.79,521.39
142.0000,0,7,21,5,0,7,0,0,9465.01,4340.65,528.77,4088.33,1500.00,240.00,-1,10,0,100,40000.0,40000.0,0,9079.84,8410.79,521.39
142.0000,0,16,24,5,0,7,0,0,9029.51,8341.14,488.12,92.14,1500.00,240.00,-1,10,0,100,40000.0,40000.0,0,9079.84,8410.79,521.39
142.0000,0,17,22,5,0,7,0,0,9029.51,8341.14,488.12,92.14,1500.00,240.00,-1,10,0,100,40000.0,40000.0,0,9079.84,8410.79,521.39
142.1500,0,2,21,5,0,3,0,24,9029.51,8341.14,488.12,92.14,1500.00,240.00,-1,10,0,100,0.0,40000.0,0,9079.29,8411.17,521.40
142.1500,0,3,1,0,0,7,0,0,9029.51,8341.14,488.12,92.14,1500.00,390.00,-1,10,0,100,40000.0,40000.0,0,9079.29,8411.17,521.40
142.1500,0,5,21,5,8,7,0,0,4658.84,6274.97,772.30,4915.97,1500.00,240.00,-1,10,0,100,13200.0,40000.0,0,9079.29,8411.17,521.40
142.1500,0,7,21,5,0,7,0,0,9465.01,4340.65,528.77,4088.77,1500.00,240.00,-1,10,0,100,40000.0,40000.0,0,9079.29,8411.17,521.40
142.1500,0,16,24,5,0,7,0,0,9029.51,8341.14,488.12,92.14,1500.00,240.00,-1,10,0,100,40000.0,40000.0,0,9079.29,8411.17,521.40
142.1500,0,17,22,5,0,7,0,0,9029.51,8341.14,488.12,92.14,1500.00,240.00,-1,10,0,100,40000.0,40000.0,0,9079.29,8411.17,521.40
142.2833,0,2,21,5,0,3,0,24,9029.51,8341.14,488.12,92.06,1500.00,240.00,-1,10,0,100,0.0,40000.0,0,9075.44,8413.69,521.32
142.2833,0,3,1,0,0,7,0,0,9029.51,8341.14,488.12,92.06,1500.00,390.00,-1,10,0,100,40000.0,40000.0,0,9075.44,8413.69,521.32
142.2833,0,5,21,5,8,7,0,0,4658.84,6274.97,772.30,4913.61,1500.00,240.00,-1,10,0,100,13200.0,40000.0,0,9075.44,8413.69,521.32
142.2833,0,7,21,5,0,7,0,0,9465.01,4340.65,528.77,4091.64,1500.00,240.00,-1,10,0,100,40000.0,40000.0,0,9075.44,8413.69,521.32
142.2833,0,16,24,5,0,7,0,0,9029.51,8341.14,488.12,92.06,1500.00,240.00,-1,10,0,100,40000.0,40000.0,0,9075.44,8413.69,521.32
142.2833,0,17,22,5,0,7,0,0,9029.51,8341.14,488.12,92.06,1500.00,240.00,-1,10,0,100,40000.0,40000.0,0,9075.44,8413.69,521.32
142.4167,0,2,21,5,0,3,0,24,9029.51,8341.14,488.12,92.06,1500.00,240.00,-1,10,0,100,0.0,40000.0,0,9075.44,8413.69,521.32
142.4167,0,3,1,0,0,7,0,0,9029.51,8341.14,488.12,92.06,1500.00,390.00,-1,10,0,100,40000.0,40000.0,0,9075.44,8413.69,521.32
142.4167,0,5,21,5,8,7,0,0,4658.84,6274.97,772.30,4913.61,1500.00,240.00,-1,10,0,100,13200.0,40000.0,0,9075.44,8413.69,521.32
142.4167,0,7,21,5,0,7,0,0,9465.01,4340.65,528.77,4091.64,1500.00,240.00,-1,10,0,100,40000.0,40000.0,0,9075.44,8413.69,521.32
142.4167,0,16,24,5,0,7,0,0,9029.51,8341.14,488.12,92.06,1500.00,240.00,-1,10,0,100,40000.0,40000.0,0,9075.44,8413.69,521.32
142.4167,0,17,22,5,0,7,0,0,9029.51,8341.14,488.12,92.06,1500.00,240.00,-1,10,0,100,40000.0,40000.0,0,9075.44,8413.69,521.32
142.5667,0,2,21,5,0,3,0,24,9029.51,8341.14,488.12,92.06,1500.00,240.00,-1,10,0,100,0.0,40000.0,0,9075.44,8413.69,521.32
142.5667,0,3,1,0,0,7,0,0,9029.51,8341.14,488.12,92.06,1500.00,390.00,-1,10,0,100,40000.0,40000.0,0,9075.44,8413.69,521.32
142.5667,0,5,21,5,8,7,0,0,4658.84,6274.97,772.30,4913.61,1500.00,240.00,-1,10,0,100,13200.0,40000.0,0,9075.44,8413.69,521.32
142.5667,0,7,21,5,0,7,0,0,9465.01,4340.65,528.77,4091.64,1500.00,240.00,-1,10,0,100,40000.0,40000.0,0,9075.44,8413.69,521.32
142.5667,0,16,24,5,0,7,0,0,9029.51,8341.14,488.12,92.06,1500.00,240.00,-1,10,0,100,40000.0,40000.0,0,9075.44,8413.69,521.32
142.5667,0,17,22,5,0,7,0,0,9029.51,8341.14,488.12,92.06,1500.00,240.00,-1,10,0,100,40000.0,40000.0,0,9075.44,8413.69,521.32
142.7000,0,2,21,5,0,3,0,24,9029.51,8341.14,488.12,92.06,1500.00,240.00,-1,10,0,100,0.0,40000.0,0,9075.44,8413.69,521.32
142.7000,0,3,1,0,0,7,0,0,9029.51,8341.14,488.12,92.06,1500.00,390.00,-1,10,0,100,40000.0,40000.0,0,9075.44,8413.69,521.32
142.7000,0,5,21,5,8,7,0,0,4658.84,6274.97,772.30,4913.61,1500.00,240.00,-1,10,0,100,13200.0,40000.0,0,9075.44,8413.69,521.32
142.7000,0,7,21,5,0,7,0,0,9465.01,4340.65,528.77,4091.64,1500.00,240.00,-1,10,0,100,40000.0,40000.0,0,9075.44,8413.69,521.32
142.7000,0,16,24,5,0,7,0,0,9029.51,8341.14,488.12,92.06,1500.00,240.00,-1,10,0,100,40000.0,40000.0,0,9075.44,8413.69,521.32
142.7000,0,17,22,5,0,7,0,0,9029.51,8341.14,488.12,92.06,1500.00,240.00,-1,10,0,100,40000.0,40000.0,0,9075.44,8413.69,521.32
142.8333,0,2,21,5,0,3,0,24,9029.51,8341.14,488.12,92.06,1500.00,240.00,-1,10,0,100,0.0,40000.0,0,9075.44,8413.69,521.32
142.8333,0,3,1,0,0,7,0,0,9029.51,8341.14,488.12,92.06,1500.00,390.00,-1,10,0,100,40000.0,40000.0,0,9075.44,8413.69,521.32
142.8333,0,5,21,5,8,7,0,0,4658.84,6274.97,772.30,4913.61,1500.00,240.00,-1,10,0,100,13200.0,40000.0,0,9075.44,8413.69,521.32
142.8333,0,7,21,5,0,7,0,0,9465.01,4340.65,528.77,4091.64,1500.00,240.00,-1,10,0,100,40000.0,40000.0,0,9075.44,8413.69,521.32
142.8333,0,16,24,5,0,7,0,0,9029.51,8341.14,488.12,92.06,1500.00,240.00,-1,10,0,100,40000.0,40000.0,0,9075.44,8413.69,521.32
142.8333,0,17,22,5,0,7,0,0,9029.51,8341.14,488.12,92.06,1500.00,240.00,-1,10,0,100,40000.0,40000.0,0,9075.44,8413.69,521.32
142.9833,0,2,21,5,0,3,0,24,9029.51,8341.14,488.12,92.06,1500.00,240.00,-1,10,0,100,0.0,40000.0,0,9075.44,8413.69,521.32
142.9833,0,3,1,0,0,7,0,0,9029.51,8341.14,488.12,92.06,1500.00,390.00,-1,10,0,100,40000.0,40000.0,0,9075.44,8413.69,521.32
142.9833,0,5,21,5,8,7,0,0,4658.84,6274.97,772.30,4913.61,1500.00,240.00,-1,10,0,100,13200.0,40000.0,0,9075.44,8413.69,521.32
142.9833,0,7,21,5,0,7,0,0,9465.01,4340.65,528.77,4091.64,1500.00,240.00,-1,10,0,100,40000.0,40000.0,0,9075.44,8413.69,521.32
142.9833,0,16,24,5,0,7,0,0,9029.51,8341.14,488.12,92.06,1500.00,240.00,-1,10,0,100,40000.0,40000.0,0,9075.44,8413.69,521.32
142.9833,0,17,22,5,0,7,0,0,9029.51,8341.14,488.12,92.06,1500.00,240.00,-1,10,0,100,40000.0,40000.0,0,9075.44,8413.69,521.32
143.1167,0,2,21,5,0,3,0,24,9029.51,8341.14,488.12,92.06,1500.00,240.00,-1,10,0,100,0.0,40000.0,0,9075.44,8413.69,521.32
143.1167,0,3,1,0,0,7,0,0,9029.51,8341.14,488.12,92.06,1500.00,390.00,-1,10,0,100,40000.0,40000.0,0,9075.44,8413.69,521.32
143.1167,0,5,21,5,8,7,0,0,4658.84,6274.97,772.30,4913.61,1500.00,240.00,-1,10,0,100,13200.0,40000.0,0,9075.44,8413.69,521.32
143.1167,0,7,21,5,0,7,0,0,9465.01,4340.65,528.77,4091.64,1500.00,240.00,-1,10,0,100,40000.0,40000.0,0,9075.44,8413.69,521.32
143.1167,0,16,24,5,0,7,0,0,9029.51,8341.14,488.12,92.06,1500.00,240.00,-1,10,0,100,40000.0,40000.0,0,9075.44,8413.69,521.32
143.1167,0,17,22,5,0,7,0,0,9029.51,8341.14,488.12,92.06,1500.00,240.00,-1,10,0,100,40000.0,40000.0,0,9075.44,8413.69,521.32
143.2667,0,2,21,5,0,3,0,24,9029.51,8341.14,488.12,92.06,1500.00,240.00,-1,10,0,100,0.0,40000.0,0,9075.44,8413.69,521.32
143.2667,0,3,1,0,0,7,0,0,9029.51,8341.14,488.12,92.06,1500.00,390.00,-1,10,0,100,40000.0,40000.0,0,9075.44,8413.69,521.32
143.2667,0,5,21,5,8,7,0,0,4658.84,6274.97,772.30,4913.61,1500.00,240.00,-1,10,0,100,13200.0,40000.0,0,9075.44,8413.69,521.32
143.2667,0,7,21,5,0,7,0,0,9465.01,4340.65,528.77,4091.64,1500.00,240.00,-1,10,0,100,40000.0,40000.0,0,9075.44,8413.69,521.32
143.2667,0,16,24,5,0,7,0,0,9029.51,8341.14,488.12,92.06,1500.00,240.00,-1,10,0,100,40000.0,40000.0,0,9075.44,8413.69,521.32
143.2667,0,17,22,5,0,7,0,0,9029.51,8341.14,488.12,92.06,1500.00,240.00,-1,10,0,100,40000.0,40000.0,0,9075.44,8413.69,521.32
143.4000,0,2,21,5,0,3,0,24,9029.51,8341.14,488.12,92.06,1500.00,240.00,-1,10,0,100,0.0,40000.0,0,9075.44,8413.69,521.32
143.4000,0,3,1,0,0,7,0,0,9029.51,8341.14,488.12,92.06,1500.00,390.00,-1,10,0,100,40000.0,40000.0,0,9075.44,8413.69,521.32
143.4000,0,5,21,5,8,7,0,0,4658.84,6274.97,772.30,4913.61,1500.00,240.00,-1,10,0,100,13200.0,40000.0,0,9075.44,8413.69,521.32
143.4000,0,7,21,5,0,7,0,0,9465.01,4340.65,528.77,4091.64,1500.00,240.00,-1,10,0,100,40000.0,40000.0,0,9075.44,8413.69,521.32
143.4000,0,16,24,5,0,7,0,0,9029.51,8341.14,488.12,92.06,1500.00,240.00,-1,10,0,100,40000.0,40000.0,0,9075.44,8413.69,521.32
143.4000,0,17,22,5,0,7,0,0,9029.51,8341.14,488.12,92.06,1500.00,240.00,-1,10,0,100,40000.0,40000.0,0,9075.44,8413.69,521.32
143.5333,0,2,21,5,0,3,0,24,9029.51,8341.14,488.12,92.06,1500.00,240.00,-1,10,0,100,0.0,40000.0,0,9075.44,8413.69,521.32
143.5333,0,3,1,0,0,7,0,0,9029.51,8341.14,488.12,92.06,1500.00,390.00,-1,10,0,100,40000.0,40000.0,0,9075.44,8413.69,521.32
143.5333,0,5,21,5,8,7,0,0,4658.84,6274.97,772.30,4913.61,1500.00,240.00,-1,10,0,100,13200.0,40000.0,0,9075.44,8413.69,521.32
143.5333,0,7,21,5,0,7,0,0,9465.01,4340.65,528.77,4091.64,1500.00,240.00,-1,10,0,100,40000.0,40000.0,0,9075.44,8413.69,521.32
143.5333,0,16,24,5,0,7,0,0,9029.51,8341.14,488.12,92.06,1500.00,240.00,-1,10,0,100,40000.0,40000.0,0,9075.44,8413.69,521.32
143.5333,0,17,22,5,0,7,0,0,9029.51,8341.14,488.12,92.06,1500.00,240.00,-1,10,0,100,40000.0,40000.0,0,9075.44,8413.69,521.32
143.6667,0,2,21,5,0,3,0,24,9029.51,8341.14,488.12,92.06,1500.00,240.00,-1,10,0,100,0.0,40000.0,0,9075.44,8413.69,521.32
143.6667,0,3,1,0,0,7,0,0,9029.51,8341.14,488.12,92.06,1500.00,390.00,-1,10,0,100,40000.0,40000.0,0,9075.44,8413.69,521.32
143.6667,0,5,21,5,8,7,0,0,4658.84,6274.97,772.30,4913.61,1500.00,240.00,-1,10,0,100,13200.0,40000.0,0,9075.44,8413.69,521.32
143.6667,0,7,21,5,0,7,0,0,9465.01,4340.65,528.77,4091.64,1500.00,240.00,-1,10,0,100,40000.0,40000.0,0,9075.44,8413.69,521.32
143.6667,0,16,24,5,0,7,0,0,9029.51,8341.14,488.12,92.06,1500.00,240.00,-1,10,0,100,40000.0,40000.0,0,9075.44,8413.69,521.32
143.6667,0,17,22,5,0,7,0,0,9029.51,8341.14,488.12,92.06,1500.00,240.00,-1,10,0,100,40000.0,40000.0,0,9075.44,8413.69,521.32
143.8000,0,2,21,5,0,3,0,24,9029.51,8341.14,488.12,92.06,1500.00,240.00,-1,10,0,100,0.0,40000.0,0,9075.44,8413.69,521.32
143.8000,0,3,1,0,0,7,0,0,9029.51,8341.14,488.12,92.06,1500.00,390.00,-1,10,0,100,40000.0,40000.0,0,9075.44,8413.69,521.32
143.8000,0,5,21,5,8,7,0,0,4658.84,6274.97,772.30,4913.61,1500.00,240.00,-1,10,0,100,13200.0,40000.0,0,9075.44,8413.69,521.32
143.8000,0,7,21,5,0,7,0,0,9465.01,4340.65,528.77,4091.64,1500.00,240.00,-1,10,0,100,40000.0,40000.0,0,9075.44,8413.69,521.32
143.8000,0,16,24,5,0,7,0,0,9029.51,8341.14,488.12,92.06,1500.00,240.00,-1,10,0,100,40000.0,40000.0,0,9075.44,8413.69,521.32
143.8000,0,17,22,5,0,7,0,0,9029.51,8341.14,488.12,92.06,1500.00,240.00,-1,10,0,100,40000.0,40000.0,0,9075.44,8413.69,521.32
143.9500,0,2,21,5,0,3,0,24,9029.51,8341.14,488.12,92.06,1500.00,240.00,-1,10,0,100,0.0,40000.0,0,9075.44,8413.69,521.32
143.9500,0,3,1,0,0,7,0,0,9029.51,8341.14,488.12,92.06,1500.00,390.00,-1,10,0,100,40000.0,40000.0,0,9075.44,8413.69,521.32
143.9500,0,5,21,5,8,7,0,0,4658.84,6274.97,772.30,4913.61,1500.00,240.00,-1,10,0,100,13200.0,40000.0,0,9075.44,8413.69,521.32
143.9500,0,7,21,5,0,7,0,0,9465.01,4340.65,528.77,4091.64,1500.00,240.00,-1,10,0,100,40000.0,40000.0,0,9075.44,8413.69,521.32
143.9500,0,16,24,5,0,7,0,0,9029.51,8341.14,488.12,92.06,1500.00,240.00,-1,10,0,100,40000.0,40000.0,0,9075.44,8413.69,521.32
143.9500,0,17,22,5,0,7,0,0,9029.51,8341.14,488.12,92.06,1500.00,240.00,-1,10,0,100,40000.0,40000.0,0,9075.44,8413.69,521.32
144.0833,0,2,21,5,0,3,0,24,9029.51,8341.14,488.12,92.06,1500.00,240.00,-1,10,0,100,0.0,40000.0,0,9075.44,8413.69,521.32
144.0833,0,3,1,0,0,7,0,0,9029.51,8341.14,488.12,92.06,1500.00,390.00,-1,10,0,100,40000.0,40000.0,0,9075.44,8413.69,521.32
144.0833,0,5,21,5,8,7,0,0,4658.84,6274.97,772.30,4913.61,1500.00,240.00,-1,10,0,100,13200.0,40000.0,0,9075.44,8413.69,521.32
144.0833,0,7,21,5,0,7,0,0,9465.01,4340.65,528.77,4091.64,1500.00,240.00,-1,10,0,100,40000.0,40000.0,0,9075.44,8413.69,521.32
144.0833,0,16,24,5,0,7,0,0,9029.51,8341.14,488.12,92.06,1500.00,240.00,-1,10,0,100,40000.0,40000.0,0,9075.44,8413.69,521.32
144.0833,0,17,22,5,0,7,0,0,9029.51,8341.14,488.12,92.06,1500.00,240.00,-1,10,0,100,40000.0,40000.0,0,9075.44,8413.69,521.32
144.2167,0,2,21,5,0,3,0,24,9029.51,8341.14,488.12,92.06,1500.00,240.00,-1,10,0,100,0.0,40000.0,0,9075.44,8413.69,521.32
144.2167,0,3,1,0,0,7,0,0,9029.51,8341.14,488.12,92.06,1500.00,390.00,-1,10,0,100,40000.0,40000.0,0,9075.44,8413.69,521.32
144.2167,0,5,21,5,8,7,0,0,4658.84,6274.97,772.30,4913.61,1500.00,240.00,-1,10,0,100,13200.0,40000.0,0,9075.44,8413.69,521.32
144.2167,0,7,21,5,0,7,0,0,9465.01,4340.65,528.77,4091.64,1500.00,240.00,-1,10,0,100,40000.0,40000.0,0,9075.44,8413.69,521.32
144.2167,0,16,24,5,0,7,0,0,9029.51,8341.14,488.12,92.06,1500.00,240.00,-1,10,0,100,40000.0,40000.0,0,9075.44,8413.69,521.32
144.2167,0,17,22,5,0,7,0,0,9029.51,8341.14,488.12,92.06,1500.00,240.00,-1,10,0,100,40000.0,40000.0,0,9075.44,8413.69,521.32
144.3500,0,2,21,5,0,3,0,24,9029.51,8341.14,488.12,92.06,1500.00,240.00,-1,10,0,100,0.0,40000.0,0,9075.44,8413.69,521.32
144.3500,0,3,1,0,0,7,0,0,9029.51,8341.14,488.12,92.06,1500.00,390.00,-1,10,0,100,40000.0,40000.0,0,9075.44,8413.69,521.32
144.3500,0,5,21,5,8,7,0,0,4658.84,6274.97,772.30,4913.61,1500.00,240.00,-1,10,0,100,13200.0,40000.0,0,9075.44,8413.69,521.32
144.3500,0,7,21,5,0,7,0,0,9465.01,4340.65,528.77,4091.64,1500.00,240.00,-1,10,0,100,40000.0,40000.0,0,9075.44,8413.69,521.32
144.3500,0,16,24,5,0,7,0,0,9029.51,8341.14,488.12,92.06,1500.00,240.00,-1,10,0,100,40000.0,40000.0,0,9075.44,8413.69,521.32
144.3500,0,17,22,5,0,7,0,0,9029.51,8341.14,488.12,92.06,1500.00,240.00,-1,10,0,100,40000.0,40000.0,0,9075.44,8413.69,521.32
144.5000,0,2,21,5,0,3,0,24,9029.51,8341.14,488.12,92.06,1500.00,240.00,-1,10,0,100,0.0,40000.0,0,9075.44,8413.69,521.32
144.5000,0,3,1,0,0,7,0,0,9029.51,8341.14,488.12,92.06,1500.00,390.00,-1,10,0,100,40000.0,40000.0,0,9075.44,8413.69,521.32
144.5000,0,5,21,5,8,7,0,0,4658.84,6274.97,772.30,4913.61,1500.00,240.00,-1,10,0,100,13200.0,40000.0,0,9075.44,8413.69,521.32
144.5000,0,7,21,5,0,7,0,0,9465.01,4340.65,528.77,4091.64,1500.00,240.00,-1,10,0,100,40000.0,40000.0,0,9075.44,8413.69,521.32
144.5000,0,16,24,5,0,7,0,0,9029.51,8341.14,488.12,92.06,1500.00,240.00,-1,10,0,100,40000.0,40000.0,0,9075.44,8413.69,521.32
144.5000,0,17,22,5,0,7,0,0,9029.51,8341.14,488.12,92.06,1500.00,240.00,-1,10,0,100,40000.0,40000.0,0,9075.44,8413.69,521.32
144.6333,0,2,21,5,0,3,0,24,9029.51,8341.14,488.12,92.06,1500.00,240.00,-1,10,0,100,0.0,40000.0,0,9075.44,8413.69,521.32
144.6333,0,3,1,0,0,7,0,0,9029.51,8341.14,488.12,92.06,1500.00,390.00,-1,10,0,100,40000.0,40000.0,0,9075.44,8413.69,521.32
144.6333,0,5,21,5,8,7,0,0,4658.84,6274.97,772.30,4913.61,1500.00,240.00,-1,10,0,100,13200.0,40000.0,0,9075.44,8413.69,521.32
144.6333,0,7,21,5,0,7,0,0,9465.01,4340.65,528.77,4091.64,1500.00,240.00,-1,10,0,100,40000.0,40000.0,0,9075.44,8413.69,521.32
144.6333,0,16,24,5,0,7,0,0,9029.51,8341.14,488.12,92.06,1500.00,240.00,-1,10,0,100,40000.0,40000.0,0,9075.44,8413.69,521.32
144.6333,0,17,22,5,0,7,0,0,9029.51,8341.14,488.12,92.06,1500.00,240.00,-1,10,0,100,40000.0,40000.0,0,9075.44,8413.69,521.32
144.7667,0,2,21,5,0,3,0,24,9029.51,8341.14,488.12,92.06,1500.00,240.00,-1,10,0,100,0.0,40000.0,0,9075.44,8413.69,521.32
144.7667,0,3,1,0,0,7,0,0,9029.51,8341.14,488.12,92.06,1500.00,390.00,-1,10,0,100,40000.0,40000.0,0,9075.44,8413.69,521.32
144.7667,0,5,21,5,8,7,0,0,4658.84,6274.97,772.30,4913.61,1500.00,240.00,-1,10,0,100,13200.0,40000.0,0,9075.44,8413.69,521.32
144.7667,0,7,21,5,0,7,0,0,9465.01,4340.65,528.77,4091.64,1500.00,240.00,-1,10,0,100,40000.0,40000.0,0,9075.44,8413.69,521.32
144.7667,0,16,24,5,0,7,0,0,9029.51,8341.14,488.12,92.06,1500.00,240.00,-1,10,0,100,40000.0,40000.0,0,9075.44,8413.69,521.32
144.7667,0,17,22,5,0,7,0,0,9029.51,8341.14,488.12,92.06,1500.00,240.00,-1,10,0,100,40000.0,40000.0,0,9075.44,8413.69,521.32
144.9000,0,2,21,5,0,3,0,24,9029.51,8341.14,488.12,88.78,1500.00,240.00,-1,10,0,100,0.0,40000.0,0,9068.76,8414.24,519.70
144.9000,0,3,1,0,0,7,0,0,9029.51,8341.14,488.12,88.78,1500.00,390.00,-1,10,0,100,40000.0,40000.0,0,9068.76,8414.24,519.70
144.9000,0,5,21,5,8,7,0,0,4658.84,6274.97,772.30,4907.92,1500.00,240.00,-1,10,0,100,13200.0,40000.0,0,9068.76,8414.24,519.70
144.9000,0,7,21,5,0,7,0,0,9465.01,4340.65,528.77,4092.83,1500.00,240.00,-1,10,0,100,40000.0,40000.0,0,9068.76,8414.24,519.70
144.9000,0,16,24,5,0,7,0,0,9029.51,8341.14,488.12,88.78,1500.00,240.00,-1,10,0,100,40000.0,40000.0,0,9068.76,8414.24,519.70
144.9000,0,17,22,5,0,7,0,0,9029.51,8341.14,488.12,88.78,1500.00,240.00,-1,10,0,100,40000.0,40000.0,0,9068.76,8414.24,519.70
145.0500,0,2,21,5,0,3,0,24,9029.51,8341.14,488.12,80.16,1500.00,240.00,-1,10,0,100,0.0,40000.0,0,9048.22,8413.78,516.41
145.0500,0,3,1,0,0,7,0,0,9029.51,8341.14,488.12,80.16,1500.00,390.00,-1,10,0,100,40000.0,40000.0,0,9048.22,8413.78,516.41
145.0500,0,5,21,5,8,7,0,0,4658.84,6274.97,772.30,4889.44,1500.00,240.00,-1,10,0,100,13200.0,40000.0,0,9048.22,8413.78,516.41
145.0500,0,7,21,5,0,7,0,0,9465.01,4340.65,528.77,4094.42,1500.00,240.00,-1,10,0,100,40000.0,40000.0,0,9048.22,8413.78,516.41
145.0500,0,16,24,5,0,7,0,0,9029.51,8341.14,488.12,80.16,1500.00,240.00,-1,10,0,100,40000.0,40000.0,0,9048.22,8413.78,516.41
145.0500,0,17,22,5,0,7,0,0,9029.51,8341.14,488.12,80.16,1500.00,240.00,-1,10,0,100,40000.0,40000.0,0,9048.22,8413.78,516.41
145.1833,0,2,21,5,0,3,0,24,9029.51,8341.14,488.12,78.00,1500.00,240.00,-1,10,0,100,0.0,40000.0,0,9032.02,8414.32,514.98
145.1833,0,3,1,0,0,7,0,0,9029.51,8341.14,488.12,78.00,1500.00,390.00,-1,10,0,100,40000.0,40000.0,0,9032.02,8414.32,514.98
145.1833,0,5,21,5,8,7,0,0,4658.84,6274.97,772.30,4875.22,1500.00,240.00,-1,10,0,100,13200.0,40000.0,0,9032.02,8414.32,514.98
145.1833,0,7,21,5,0,7,0,0,9465.01,4340.65,528.77,4096.64,1500.00,240.00,-1,10,0,100,40000.0,40000.0,0,9032.02,8414.32,514.98
145.1833,0,16,24,5,0,7,0,0,9029.51,8341.14,488.12,78.00,1500.00,240.00,-1,10,0,100,40000.0,40000.0,0,9032.02,8414.32,514.98
145.1833,0,17,22,5,0,7,0,0,9029.51,8341.14,488.12,78.00,1500.00,240.00,-1,10,0,100,40000.0,40000.0,0,9032.02,8414.32,514.98
145.3167,0,2,21,5,0,3,0,24,9029.51,8341.14,488.12,80.68,1500.00,240.00,-1,10,0,100,0.0,40000.0,0,9021.48,8414.61,520.47
145.3167,0,3,1,0,0,7,0,0,9029.51,8341.14,488.12,80.68,1500.00,390.00,-1,10,0,100,40000.0,40000.0,0,9021.48,8414.61,520.47
145.3167,0,5,21,5,8,7,0,0,4658.84,6274.97,772.30,4865.61,1500.00,240.00,-1,10,0,100,13200.0,40000.0,0,9021.48,8414.61,520.47
145.3167,0,7,21,5,0,7,0,0,9465.01,4340.65,528.77,4098.05,1500.00,240.00,-1,10,0,100,40000.0,40000.0,0,9021.48,8414.61,520.47
145.3167,0,16,24,5,0,7,0,0,9029.51,8341.14,488.12,80.68,1500.00,240.00,-1,10,0,100,40000.0,40000.0,0,9021.48,8414.61,520.47
145.3167,0,17,22,5,0,7,0,0,9029.51,8341.14,488.12,80.68,1500.00,240.00,-1,10,0,100,40000.0,40000.0,0,9021.48,8414.61,520.47
145.4667,0,2,21,5,0,3,0,24,9029.51,8341.14,488.12,79.44,1500.00,240.00,-1,10,0,100,0.0,40000.0,0,9013.30,8413.07,517.68
145.4667,0,3,1,0,0,7,0,0,9029.51,8341.14,488.12,79.44,1500.00,390.00,-1,10,0,100,40000.0,40000.0,0,9013.30,8413.07,517.68
145.4667,0,5,21,5,8,7,0,0,4658.84,6274.97,772.30,4857.74,1500.00,240.00,-1,10,0,100,13200.0,40000.0,0,9013.30,8413.07,517.68
145.4667,0,7,21,5,0,7,0,0,9465.01,4340.65,528.77,4097.41,1500.00,240.00,-1,10,0,100,40000.0,40000.0,0,9013.30,8413.07,517.68
145.4667,0,16,24,5,0,7,0,0,9029.51,8341.14,488.12,79.44,1500.00,240.00,-1,10,0,100,40000.0,40000.0,0,9013.30,8413.07,517.68
145.4667,0,17,22,5,0,7,0,0,9029.51,8341.14,488.12,79.44,1500.00,240.00,-1,10,0,100,40000.0,40000.0,0,9013.30,8413.07,517.68
145.6167,0,2,21,5,0,3,0,24,9029.51,8341.14,488.12,79.37,1500.00,240.00,-1,10,0,100,0.0,40000.0,0,9012.99,8413.00,517.49
145.6167,0,3,1,0,0,7,0,0,9029.51,8341.14,488.12,79.37,1500.00,390.00,-1,10,0,100,40000.0,40000.0,0,9012.99,8413.00,517.49
145.6167,0,5,21,5,8,7,0,0,4658.84,6274.97,772.30,4857.44,1500.00,240.00,-1,10,0,100,13200.0,40000.0,0,9012.99,8413.00,517.49
145.6167,0,7,21,5,0,7,0,0,9465.01,4340.65,528.77,4097.38,1500.00,240.00,-1,10,0,100,40000.0,40000.0,0,9012.99,8413.00,517.49
145.6167,0,16,24,5,0,7,0,0,9029.51,8341.14,488.12,79.37,1500.00,240.00,-1,10,0,100,40000.0,40000.0,0,9012.99,8413.00,517.49
145.6167,0,17,22,5,0,7,0,0,9029.51,8341.14,488.12,79.37,1500.00,240.00,-1,10,0,100,40000.0,40000.0,0,9012.99,8413.00,517.49
145.7500,0,2,21,5,0,3,0,24,9029.51,8341.14,488.12,79.37,1500.00,240.00,-1,10,0,100,0.0,40000.0,0,9012.99,8413.00,517.49
145.7500,0,3,1,0,0,7,0,0,9029.51,8341.14,488.12,79.37,1500.00,390.00,-1,10,0,100,40000.0,40000.0,0,9012.99,8413.00,517.49
145.7500,0,5,21,5,8,7,0,0,4658.84,6274.97,772.30,4857.44,1500.00,240.00,-1,10,0,100,13200.0,40000.0,0,9012.99,8413.00,517.49
145.7500,0,7,21,5,0,7,0,0,9465.01,4340.65,528.77,4097.38,1500.00,240.00,-1,10,0,100,40000.0,40000.0,0,9012.99,8413.00,517.49
145.7500,0,16,24,5,0,7,0,0,9029.51,8341.14,488.12,79.37,1500.00,240.00,-1,10,0,100,40000.0,40000.0,0,9012.99,8413.00,517.49
145.7500,0,17,22,5,0,7,0,0,9029.51,8341.14,488.12,79.37,1500.00,240.00,-1,10,0,100,40000.0,40000.0,0,9012.99,8413.00,517.49
145.8833,0,2,21,5,0,3,0,24,9029.51,8341.14,488.12,79.02,1500.00,240.00,-1,10,0,100,0.0,40000.0,0,9010.85,8412.58,516.25
145.8833,0,3,1,0,0,7,0,0,9029.51,8341.14,488.12,79.02,1500.00,390.00,-1,10,0,100,40000.0,40000.0,0,9010.85,8412.58,516.25
145.8833,0,5,21,5,8,7,0,0,4658.84,6274.97,772.30,4855.41,1500.00,240.00,-1,10,0,100,13200.0,40000.0,0,9010.85,8412.58,516.25
145.8833,0,7,21,5,0,7,0,0,9465.01,4340.65,528.77,4097.20,1500.00,240.00,-1,10,0,100,40000.0,40000.0,0,9010.85,8412.58,516.25
145.8833,0,16,24,5,0,7,0,0,9029.51,8341.14,488.12,79.02,1500.00,240.00,-1,10,0,100,40000.0,40000.0,0,9010.85,8412.58,516.25
145.8833,0,17,22,5,0,7,0,0,9029.51,8341.14,488.12,79.02,1500.00,240.00,-1,10,0,100,40000.0,40000.0,0,9010.85,8412.58,516.25
146.0167,0,2,21,5,0,3,0,24,9029.51,8341.14,488.12,84.74,1500.00,240.00,-1,10,0,100,0.0,40000.0,0,8998.33,8412.74,521.02
146.0167,0,3,1,0,0,7,0,0,9029.51,8341.14,488.12,84.74,1500.00,390.00,-1,10,0,100,40000.0,40000.0,0,8998.33,8412.74,521.02
146.0167,0,5,21,5,8,7,0,0,4658.84,6274.97,772.30,4844.01,1500.00,240.00,-1,10,0,100,13200.0,40000.0,0,8998.33,8412.74,521.02
146.0167,0,7,21,5,0,7,0,0,9465.01,4340.65,528.77,4098.75,1500.00,240.00,-1,10,0,100,40000.0,40000.0,0,8998.33,8412.74,521.02
146.0167,0,16,24,5,0,7,0,0,9029.51,8341.14,488.12,84.74,1500.00,240.00,-1,10,0,100,40000.0,40000.0,0,8998.33,8412.74,521.02
146.0167,0,17,22,5,0,7,0,0,9029.51,8341.14,488.12,84.74,1500.00,240.00,-1,10,0,100,40000.0,40000.0,0,8998.33,8412.74,521.02
146.1667,0,2,21,5,0,3,0,24,9029.51,8341.14,488.12,85.43,1500.00,240.00,-1,10,0,100,0.0,40000.0,0,8995.29,8412.10,521.15
146.1667,0,3,1,0,0,7,0,0,9029.51,8341.14,488.12,85.43,1500.00,390.00,-1,10,0,100,40000.0,40000.0,0,8995.29,8412.10,521.15
146.1667,0,5,21,5,8,7,0,0,4658.84,6274.97,772.30,4841.00,1500.00,240.00,-1,10,0,100,13200.0,40000.0,0,8995.29,8412.10,521.15
146.1667,0,7,21,5,0,7,0,0,9465.01,4340.65,528.77,4098.47,1500.00,240.00,-1,10,0,100,40000.0,40000.0,0,8995.29,8412.10,521.15
146.1667,0,16,24,5,0,7,0,0,9029.51,8341.14,488.12,85.43,1500.00,240.00,-1,10,0,100,40000.0,40000.0,0,8995.29,8412.10,521.15
146.1667,0,17,22,5,0,7,0,0,9029.51,8341.14,488.12,85.43,1500.00,240.00,-1,10,0,100,40000.0,40000.0,0,8995.29,8412.10,521.15
146.3000,0,2,21,5,0,3,0,24,9029.51,8341.14,488.12,85.43,1500.00,240.00,-1,10,0,100,0.0,40000.0,0,8995.29,8412.10,521.15
146.3000,0,3,1,0,0,7,0,0,9029.51,8341.14,488.12,85.43,1500.00,390.00,-1,10,0,100,40000.0,40000.0,0,8995.29,8412.10,521.15
146.3000,0,5,21,5,8,7,0,0,4658.84,6274.97,772.30,4841.00,1500.00,240.00,-1,10,0,100,13200.0,40000.0,0,8995.29,8412.10,521.15
146.3000,0,7,21,5,0,7,0,0,9465.01,4340.65,528.77,4098.47,1500.00,240.00,-1,10,0,100,40000.0,40000.0,0,8995.29,8412.10,521.15
146.3000,0,16,24,5,0,7,0,0,9029.51,8341.14,488.12,85.43,1500.00,240.00,-1,10,0,100,40000.0,40000.0,0,8995.29,8412.10,521.15
146.3000,0,17,22,5,0,7,0,0,9029.51,8341.14,488.12,85.43,1500.00,240.00,-1,10,0,100,40000.0,40000.0,0,8995.29,8412.10,521.15
146.4333,0,2,21,5,0,3,0,24,9029.51,8341.14,488.12,85.43,1500.00,240.00,-1,10,0,100,0.0,40000.0,0,8995.29,8412.10,521.15
146.4333,0,3,1,0,0,7,0,0,9029.51,8341.14,488.12,85.43,1500.00,390.00,-1,10,0,100,40000.0,40000.0,0,8995.29,8412.10,521.15
146.4333,0,5,21,5,8,7,0,0,4658.84,6274.97,772.30,4841.00,1500.00,240.00,-1,10,0,100,13200.0,40000.0,0,8995.29,8412.10,521.15
146.4333,0,7,21,5,0,7,0,0,9465.01,4340.65,528.77,4098.47,1500.00,240.00,-1,10,0,100,40000.0,40000.0,0,8995.29,8412.10,521.15
146.4333,0,16,24,5,0,7,0,0,9029.51,8341.14,488.12,85.43,1500.00,240.00,-1,10,0,100,40000.0,40000.0,0,8995.29,8412.10,521.15
146.4333,0,17,22,5,0,7,0,0,9029.51,8341.14,488.12,85.43,1500.00,240.00,-1,10,0,100,40000.0,40000.0,0,8995.29,8412.10,521.15
146.5667,0,2,21,5,0,3,0,24,9029.51,8341.14,488.12,85.43,1500.00,240.00,-1,10,0,100,0.0,40000.0,0,8995.29,8412.10,521.15
146.5667,0,3,1,0,0,7,0,0,9029.51,8341.14,488.12,85.43,1500.00,390.00,-1,10,0,100,40000.0,40000.0,0,8995.29,8412.10,521.15
146.5667,0,5,21,5,8,7,0,0,4658.84,6274.97,772.30,4841.00,1500.00,240.00,-1,10,0,100,13200.0,40000.0,0,8995.29,8412.10,521.15
146.5667,0,7,21,5,0,7,0,0,9465.01,4340.65,528.77,4098.47,1500.00,240.00,-1,10,0,100,40000.0,40000.0,0,8995.29,8412.10,521.15
146.5667,0,16,24,5,0,7,0,0,9029.51,8341.14,488.12,85.43,1500.00,240.00,-1,10,0,100,40000.0,40000.0,0,8995.29,8412.10,521.15
146.5667,0,17,22,5,0,7,0,0,9029.51,8341.14,488.12,85.43,1500.00,240.00,-1,10,0,100,40000.0,40000.0,0,8995.29,8412.10,521.15
146.7167,0,2,21,5,0,3,0,24,9029.51,8341.14,488.12,85.43,1500.00,240.00,-1,10,0,100,0.0,40000.0,0,8995.29,8412.10,521.15
146.7167,0,3,1,0,0,7,0,0,9029.51,8341.14,488.12,85.43,1500.00,390.00,-1,10,0,100,40000.0,40000.0,0,8995.29,8412.10,521.15
146.7167,0,5,21,5,8,7,0,0,4658.84,6274.97,772.30,4841.00,1500.00,240.00,-1,10,0,100,13200.0,40000.0,0,8995.29,8412.10,521.15
146.7167,0,7,21,5,0,7,0,0,9465.01,4340.65,528.77,4098.47,1500.00,240.00,-1,10,0,100,40000.0,40000.0,0,8995.29,8412.10,521.15
146.7167,0,16,24,5,0,7,0,0,9029.51,8341.14,488.12,85.43,1500.00,240.00,-1,10,0,100,40000.0,40000.0,0,8995.29,8412.10,521.15
146.7167,0,17,22,5,0,7,0,0,9029.51,8341.14,488.12,85.43,1500.00,240.00,-1,10,0,100,40000.0,40000.0,0,8995.29,8412.10,521.15
146.8500,0,2,21,5,0,3,0,24,9029.51,8341.14,488.12,85.43,1500.00,240.00,-1,10,0,100,0.0,40000.0,0,8995.29,8412.10,521.15
146.8500,0,3,1,0,0,7,0,0,9029.51,8341.14,488.12,85.43,1500.00,390.00,-1,10,0,100,40000.0,40000.0,0,8995.29,8412.10,521.15
146.8500,0,5,21,5,8,7,0,0,4658.84,6274.97,772.30,4841.00,1500.00,240.00,-1,10,0,100,13200.0,40000.0,0,8995.29,8412.10,521.15
146.8500,0,7,21,5,0,7,0,0,9465.01,4340.65,528.77,4098.47,1500.00,240.00,-1,10,0,100,40000.0,40000.0,0,8995.29,8412.10,521.15
146.8500,0,16,24,5,0,7,0,0,9029.51,8341.14,488.12,85.43,1500.00,240.00,-1,10,0,100,40000.0,40000.0,0,8995.29,8412.10,521.15
146.8500,0,17,22,5,0,7,0,0,9029.51,8341.14,488.12,85.43,1500.00,240.00,-1,10,0,100,40000.0,40000.0,0,8995.29,8412.10,521.15
146.9833,0,2,21,5,0,3,0,24,9029.51,8341.14,488.12,85.43,1500.00,240.00,-1,10,0,100,0.0,40000.0,0,8995.29,8412.10,521.15
146.9833,0,3,1,0,0,7,0,0,9029.51,8341.14,488.12,85.43,1500.00,390.00,-1,10,0,100,40000.0,40000.0,0,8995.29,8412.10,521.15
146.9833,0,5,21,5,8,7,0,0,4658.84,6274.97,772.30,4841.00,1500.00,240.00,-1,10,0,100,13200.0,40000.0,0,8995.29,8412.10,521.15
146.9833,0,7,21,5,0,7,0,0,9465.01,4340.65,528.77,4098.47,1500.00,240.00,-1,10,0,100,40000.0,40000.0,0,8995.29,8412.10,521.15
146.9833,0,16,24,5,0,7,0,0,9029.51,8341.14,488.12,85.43,1500.00,240.00,-1,10,0,100,40000.0,40000.0,0,8995.29,8412.10,521.15
146.9833,0,17,22,5,0,7,0,0,9029.51,8341.14,488.12,85.43,1500.00,240.00,-1,10,0,100,40000.0,40000.0,0,8995.29,8412.10,521.15
147.1167,0,2,21,5,0,3,0,24,9029.51,8341.14,488.12,85.43,1500.00,240.00,-1,10,0,100,0.0,40000.0,0,8995.29,8412.10,521.15
147.1167,0,3,1,0,0,7,0,0,9029.51,8341.14,488.12,85.43,1500.00,390.00,-1,10,0,100,40000.0,40000.0,0,8995.29,8412.10,521.15
147.1167,0,5,21,5,8,7,0,0,4658.84,6274.97,772.30,4841.00,1500.00,240.00,-1,10,0,100,13200.0,40000.0,0,8995.29,8412.10,521.15
147.1167,0,7,21,5,0,7,0,0,9465.01,4340.65,528.77,4098.47,1500.00,240.00,-1,10,0,100,40000.0,40000.0,0,8995.29,8412.10,521.15
147.1167,0,16,24,5,0,7,0,0,9029.51,8341.14,488.12,85.43,1500.00,240.00,-1,10,0,100,40000.0,40000.0,0,8995.29,8412.10,521.15
147.1167,0,17,22,5,0,7,0,0,9029.51,8341.14,488.12,85.43,1500.00,240.00,-1,10,0,100,40000.0,40000.0,0,8995.29,8412.10,521.15
147.2667,0,2,21,5,0,3,0,24,9029.51,8341.14,488.12,85.43,1500.00,240.00,-1,10,0,100,0.0,40000.0,0,8995.29,8412.10,521.15
147.2667,0,3,1,0,0,7,0,0,9029.51,8341.14,488.12,85.43,1500.00,390.00,-1,10,0,100,40000.0,40000.0,0,8995.29,8412.10,521.15
147.2667,0,5,21,5,8,7,0,0,4658.84,6274.97,772.30,4841.00,1500.00,240.00,-1,10,0,100,13200.0,40000.0,0,8995.29,8412.10,521.15
147.2667,0,7,21,5,0,7,0,0,9465.01,4340.65,528.77,4098.47,1500.00,240.00,-1,10,0,100,40000.0,40000.0,0,8995.29,8412.10,521.15
147.2667,0,16,24,5,0,7,0,0,9029.51,8341.14,488.12,85.43,1500.00,240.00,-1,10,0,100,40000.0,40000.0,0,8995.29,8412.10,521.15
147.2667,0,17,22,5,0,7,0,0,9029.51,8341.14,488.12,85.43,1500.00,240.00,-1,10,0,100,40000.0,40000.0,0,8995.29,8412.10,521.15
147.4000,0,2,21,5,0,3,0,24,9029.51,8341.14,488.12,85.43,1500.00,240.00,-1,10,0,100,0.0,40000.0,0,8995.29,8412.10,521.15
147.4000,0,3,1,0,0,7,0,0,9029.51,8341.14,488.12,85.43,1500.00,390.00,-1,10,0,100,40000.0,40000.0,0,8995.29,8412.10,521.15
147.4000,0,5,21,5,8,7,0,0,4658.84,6274.97,772.30,4841.00,1500.00,240.00,-1,10,0,100,13200.0,40000.0,0,8995.29,8412.10,521.15
147.4000,0,7,21,5,0,7,0,0,9465.01,4340.65,528.77,4098.47,1500.00,240.00,-1,10,0,100,40000.0,40000.0,0,8995.29,8412.10,521.15
147.4000,0,16,24,5,0,7,0,0,9029.51,8341.14,488.12,85.43,1500.00,240.00,-1,10,0,100,40000.0,40000.0,0,8995.29,8412.10,521.15
147.4000,0,17,22,5,0,7,0,0,9029.51,8341.14,488.12,85.43,1500.00,240.00,-1,10,0,100,40000.0,40000.0,0,8995.29,8412.10,521.15
147.5333,0,2,21,5,0,3,0,24,9029.51,8341.14,488.12,85.43,1500.00,240.00,-1,10,0,100,0.0,40000.0,0,8995.29,8412.10,521.15
147.5333,0,3,1,0,0,7,0,0,9029.51,8341.14,488.12,85.43,1500.00,390.00,-1,10,0,100,40000.0,40000.0,0,8995.29,8412.10,521.15
147.5333,0,5,21,5,8,7,0,0,4658.84,6274.97,772.30,4841.00,1500.00,240.00,-1,10,0,100,13200.0,40000.0,0,8995.29,8412.10,521.15
147.5333,0,7,21,5,0,7,0,0,9465.01,4340.65,528.77,4098.47,1500.00,240.00,-1,10,0,100,40000.0,40000.0,0,8995.29,8412.10,521.15
147.5333,0,16,24,5,0,7,0,0,9029.51,8341.14,488.12,85.43,1500.00,240.00,-1,10,0,100,40000.0,40000.0,0,8995.29,8412.10,521.15
147.5333,0,17,22,5,0,7,0,0,9029.51,8341.14,488.12,85.43,1500.00,240.00,-1,10,0,100,40000.0,40000.0,0,8995.29,8412.10,521.15
147.6667,0,2,21,5,0,3,0,24,9029.51,8341.14,488.12,85.43,1500.00,240.00,-1,10,0,100,0.0,40000.0,0,8995.29,8412.10,521.15
147.6667,0,3,1,0,0,7,0,0,9029.51,8341.14,488.12,85.43,1500.00,390.00,-1,10,0,100,40000.0,40000.0,0,8995.29,8412.10,521.15
147.6667,0,5,21,5,8,7,0,0,4658.84,6274.97,772.30,4841.00,1500.00,240.00,-1,10,0,100,13200.0,40000.0,0,8995.29,8412.10,521.15
147.6667,0,7,21,5,0,7,0,0,9465.01,4340.65,528.77,4098.47,1500.00,240.00,-1,10,0,100,40000.0,40000.0,0,8995.29,8412.10,521.15
147.6667,0,16,24,5,0,7,0,0,9029.51,8341.14,488.12,85.43,1500.00,240.00,-1,10,0,100,40000.0,40000.0,0,8995.29,8412.10,521.15
147.6667,0,17,22,5,0,7,0,0,9029.51,8341.14,488.12,85.43,1500.00,240.00,-1,10,0,100,40000.0,40000.0,0,8995.29,8412.10,521.15
147.8000,0,2,21,5,0,3,0,24,9029.51,8341.14,488.12,85.43,1500.00,240.00,-1,10,0,100,0.0,40000.0,0,8995.29,8412.10,521.15
147.8000,0,3,1,0,0,7,0,0,9029.51,8341.14,488.12,85.43,1500.00,390.00,-1,10,0,100,40000.0,40000.0,0,8995.29,8412.10,521.15
147.8000,0,5,21,5,8,7,0,0,4658.84,6274.97,772.30,4841.00,1500.00,240.00,-1,10,0,100,13200.0,40000.0,0,8995.29,8412.10,521.15
147.8000,0,7,21,5,0,7,0,0,9465.01,4340.65,528.77,4098.47,1500.00,240.00,-1,10,0,100,40000.0,40000.0,0,8995.29,8412.10,521.15
147.8000,0,16,24,5,0,7,0,0,9029.51,8341.14,488.12,85.43,1500.00,240.00,-1,10,0,100,40000.0,40000.0,0,8995.29,8412.10,521.15
147.8000,0,17,22,5,0,7,0,0,9029.51,8341.14,488.12,85.43,1500.00,240.00,-1,10,0,100,40000.0,40000.0,0,8995.29,8412.10,521.15
147.9333,0,2,21,5,0,3,0,24,9029.51,8341.14,488.12,85.43,1500.00,240.00,-1,10,0,100,0.0,40000.0,0,8995.29,8412.10,521.15
147.9333,0,3,1,0,0,7,0,0,9029.51,8341.14,488.12,85.43,1500.00,390.00,-1,10,0,100,40000.0,40000.0,0,8995.29,8412.10,521.15
147.9333,0,5,21,5,8,7,0,0,4658.84,6274.97,772.30,4841.00,1500.00,240.00,-1,10,0,100,13200.0,40000.0,0,8995.29,8412.10,521.15
147.9333,0,7,21,5,0,7,0,0,9465.01,4340.65,528.77,4098.47,1500.00,240.00,-1,10,0,100,40000.0,40000.0,0,8995.29,8412.10,521.15
147.9333,0,16,24,5,0,7,0,0,9029.51,8341.14,488.12,85.43,1500.00,240.00,-1,10,0,100,40000.0,40000.0,0,8995.29,8412.10,521.15
147.9333,0,17,22,5,0,7,0,0,9029.51,8341.14,488.12,85.43,1500.00,240.00,-1,10,0,100,40000.0,40000.0,0,8995.29,8412.10,521.15
148.0833,0,2,21,5,0,3,0,24,9029.51,8341.14,488.12,85.43,1500.00,240.00,-1,10,0,100,0.0,40000.0,0,8995.29,8412.10,521.15
148.0833,0,3,1,0,0,7,0,0,9029.51,8341.14,488.12,85.43,1500.00,390.00,-1,10,0,100,40000.0,40000.0,0,8995.29,8412.10,521.15
148.0833,0,5,21,5,8,7,0,0,4658.84,6274.97,772.30,4841.00,1500.00,240.00,-1,10,0,100,13200.0,40000.0,0,8995.29,8412.10,521.15
148.0833,0,7,21,5,0,7,0,0,9465.01,4340.65,528.77,4098.47,1500.00,240.00,-1,10,0,100,40000.0,40000.0,0,8995.29,8412.10,521.15
148.0833,0,16,24,5,0,7,0,0,9029.51,8341.14,488.12,85.43,1500.00,240.00,-1,10,0,100,40000.0,40000.0,0,8995.29,8412.10,521.15
148.0833,0,17,22,5,0,7,0,0,9029.51,8341.14,488.12,85.43,1500.00,240.00,-1,10,0,100,40000.0,40000.0,0,8995.29,8412.10,521.15
148.2167,0,2,21,5,0,3,0,24,9029.51,8341.14,488.12,85.43,1500.00,240.00,-1,10,0,100,0.0,40000.0,0,8995.29,8412.10,521.15
148.2167,0,3,1,0,0,7,0,0,9029.51,8341.14,488.12,85.43,1500.00,390.00,-1,10,0,100,40000.0,40000.0,0,8995.29,8412.10,521.15
148.2167,0,5,21,5,8,7,0,0,4658.84,6274.97,772.30,4841.00,1500.00,240.00,-1,10,0,100,13200.0,40000.0,0,8995.29,8412.10,521.15
148.2167,0,7,21,5,0,7,0,0,9465.01,4340.65,528.77,4098.47,1500.00,240.00,-1,10,0,100,40000.0,40000.0,0,8995.29,8412.10,521.15
148.2167,0,16,24,5,0,7,0,0,9029.51,8341.14,488.12,85.43,1500.00,240.00,-1,10,0,100,40000.0,40000.0,0,8995.29,8412.10,521.15
148.2167,0,17,22,5,0,7,0,0,9029.51,8341.14,488.12,85.43,1500.00,240.00,-1,10,0,100,40000.0,40000.0,0,8995.29,8412.10,521.15
148.3500,0,2,21,5,0,3,0,24,9029.51,8341.14,488.12,85.43,1500.00,240.00,-1,10,0,100,0.0,40000.0,0,8995.29,8412.10,521.15
148.3500,0,3,1,0,0,7,0,0,9029.51,8341.14,488.12,85.43,1500.00,390.00,-1,10,0,100,40000.0,40000.0,0,8995.29,8412.10,521.15
148.3500,0,5,21,5,8,7,0,0,4658.84,6274.97,772.30,4841.00,1500.00,240.00,-1,10,0,100,13200.0,40000.0,0,8995.29,8412.10,521.15
148.3500,0,7,21,5,0,7,0,0,9465.01,4340.65,528.77,4098.47,1500.00,240.00,-1,10,0,100,40000.0,40000.0,0,8995.29,8412.10,521.15
148.3500,0,16,24,5,0,7,0,0,9029.51,8341.14,488.12,85.43,1500.00,240.00,-1,10,0,100,40000.0,40000.0,0,8995.29,8412.10,521.15
148.3500,0,17,22,5,0,7,0,0,9029.51,8341.14,488.12,85.43,1500.00,240.00,-1,10,0,100,40000.0,40000.0,0,8995.29,8412.10,521.15
148.4833,0,2,21,5,0,3,0,24,9029.51,8341.14,488.12,85.43,1500.00,240.00,-1,10,0,100,0.0,40000.0,0,8995.29,8412.10,521.15
148.4833,0,3,1,0,0,7,0,0,9029.51,8341.14,488.12,85.43,1500.00,390.00,-1,10,0,100,40000.0,40000.0,0,8995.29,8412.10,521.15
148.4833,0,5,21,5,8,7,0,0,4658.84,6274.97,772.30,4841.00,1500.00,240.00,-1,10,0,100,13200.0,40000.0,0,8995.29,8412.10,521.15
148.4833,0,7,21,5,0,7,0,0,9465.01,4340.65,528.77,4098.47,1500.00,240.00,-1,10,0,100,40000.0,40000.0,0,8995.29,8412.10,521.15
148.4833,0,16,24,5,0,7,0,0,9029.51,8341.14,488.12,85.43,1500.00,240.00,-1,10,0,100,40000.0,40000.0,0,8995.29,8412.10,521.15
148.4833,0,17,22,5,0,7,0,0,9029.51,8341.14,488.12,85.43,1500.00,240.00,-1,10,0,100,40000.0,40000.0,0,8995.29,8412.10,521.15
148.6167,0,2,21,5,0,3,0,24,9029.51,8341.14,488.12,85.43,1500.00,240.00,-1,10,0,100,0.0,40000.0,0,8995.29,8412.10,521.15
148.6167,0,3,1,0,0,7,0,0,9029.51,8341.14,488.12,85.43,1500.00,390.00,-1,10,0,100,40000.0,40000.0,0,8995.29,8412.10,521.15
148.6167,0,5,21,5,8,7,0,0,4658.84,6274.97,772.30,4841.00,1500.00,240.00,-1,10,0,100,13200.0,40000.0,0,8995.29,8412.10,521.15
148.6167,0,7,21,5,0,7,0,0,9465.01,4340.65,528.77,4098.47,1500.00,240.00,-1,10,0,100,40000.0,40000.0,0,8995.29,8412.10,521.15
148.6167,0,16,24,5,0,7,0,0,9029.51,8341.14,488.12,85.43,1500.00,240.00,-1,10,0,100,40000.0,40000.0,0,8995.29,8412.10,521.15
148.6167,0,17,22,5,0,7,0,0,9029.51,8341.14,488.12,85.43,1500.00,240.00,-1,10,0,100,40000.0,40000.0,0,8995.29,8412.10,521.15
148.7500,0,2,21,5,0,3,0,24,9029.51,8341.14,488.12,85.43,1500.00,240.00,-1,10,0,100,0.0,40000.0,0,8995.29,8412.10,521.15
148.7500,0,3,1,0,0,7,0,0,9029.51,8341.14,488.12,85.43,1500.00,390.00,-1,10,0,100,40000.0,40000.0,0,8995.29,8412.10,521.15
148.7500,0,5,21,5,8,7,0,0,4658.84,6274.97,772.30,4841.00,1500.00,240.00,-1,10,0,100,13200.0,40000.0,0,8995.29,8412.10,521.15
148.7500,0,7,21,5,0,7,0,0,9465.01,4340.65,528.77,4098.47,1500.00,240.00,-1,10,0,100,40000.0,40000.0,0,8995.29,8412.10,521.15
148.7500,0,16,24,5,0,7,0,0,9029.51,8341.14,488.12,85.43,1500.00,240.00,-1,10,0,100,40000.0,40000.0,0,8995.29,8412.10,521.15
148.7500,0,17,22,5,0,7,0,0,9029.51,8341.14,488.12,85.43,1500.00,240.00,-1,10,0,100,40000.0,40000.0,0,8995.29,8412.10,521.15
148.8833,0,2,21,5,0,3,0,24,9029.51,8341.14,488.12,85.43,1500.00,240.00,-1,10,0,100,0.0,40000.0,0,8995.29,8412.10,521.15
148.8833,0,3,1,0,0,7,0,0,9029.51,8341.14,488.12,85.43,1500.00,390.00,-1,10,0,100,40000.0,40000.0,0,8995.29,8412.10,521.15
148.8833,0,5,21,5,8,7,0,0,4658.84,6274.97,772.30,4841.00,1500.00,240.00,-1,10,0,100,13200.0,40000.0,0,8995.29,8412.10,521.15
148.8833,0,7,21,5,0,7,0,0,9465.01,4340.65,528.77,4098.47,1500.00,240.00,-1,10,0,100,40000.0,40000.0,0,8995.29,8412.10,521.15
148.8833,0,16,24,5,0,7,0,0,9029.51,8341.14,488.12,85.43,1500.00,240.00,-1,10,0,100,40000.0,40000.0,0,8995.29,8412.10,521.15
148.8833,0,17,22,5,0,7,0,0,9029.51,8341.14,488.12,85.43,1500.00,240.00,-1,10,0,100,40000.0,40000.0,0,8995.29,8412.10,521.15
149.0333,0,2,21,5,0,3,0,24,9029.51,8341.14,488.12,85.43,1500.00,240.00,-1,10,0,100,0.0,40000.0,0,8995.29,8412.10,521.15
149.0333,0,3,1,0,0,7,0,0,9029.51,8341.14,488.12,85.43,1500.00,390.00,-1,10,0,100,40000.0,40000.0,0,8995.29,8412.10,521.15
149.0333,0,5,21,5,8,7,0,0,4658.84,6274.97,772.30,4841.00,1500.00,240.00,-1,10,0,100,13200.0,40000.0,0,8995.29,8412.10,521.15
149.0333,0,7,21,5,0,7,0,0,9465.01,4340.65,528.77,4098.47,1500.00,240.00,-1,10,0,100,40000.0,40000.0,0,8995.29,8412.10,521.15
149.0333,0,16,24,5,0,7,0,0,9029.51,8341.14,488.12,85.43,1500.00,240.00,-1,10,0,100,40000.0,40000.0,0,8995.29,8412.10,521.15
149.0333,0,17,22,5,0,7,0,0,9029.51,8341.14,488.12,85.43,1500.00,240.00,-1,10,0,100,40000.0,40000.0,0,8995.29,8412.10,521.15
149.1667,0,2,21,5,0,3,0,24,9029.51,8341.14,488.12,85.43,1500.00,240.00,-1,10,0,100,0.0,40000.0,0,8995.29,8412.10,521.15
149.1667,0,3,1,0,0,7,0,0,9029.51,8341.14,488.12,85.43,1500.00,390.00,-1,10,0,100,40000.0,40000.0,0,8995.29,8412.10,521.15
149.1667,0,5,21,5,8,7,0,0,4658.84,6274.97,772.30,4841.00,1500.00,240.00,-1,10,0,100,13200.0,40000.0,0,8995.29,8412.10,521.15
149.1667,0,7,21,5,0,7,0,0,9465.01,4340.65,528.77,4098.47,1500.00,240.00,-1,10,0,100,40000.0,40000.0,0,8995.29,8412.10,521.15
149.1667,0,16,24,5,0,7,0,0,9029.51,8341.14,488.12,85.43,1500.00,240.00,-1,10,0,100,40000.0,40000.0,0,8995.29,8412.10,521.15
149.1667,0,17,22,5,0,7,0,0,9029.51,8341.14,488.12,85.43,1500.00,240.00,-1,10,0,100,40000.0,40000.0,0,8995.29,8412.10,521.15
149.3000,0,2,21,5,0,3,0,24,9029.51,8341.14,488.12,85.43,1500.00,240.00,-1,10,0,100,0.0,40000.0,0,8995.29,8412.10,521.15
149.3000,0,3,1,0,0,7,0,0,9029.51,8341.14,488.12,85.43,1500.00,390.00,-1,10,0,100,40000.0,40000.0,0,8995.29,8412.10,521.15
149.3000,0,5,21,5,8,7,0,0,4658.84,6274.97,772.30,4841.00,1500.00,240.00,-1,10,0,100,13200.0,40000.0,0,8995.29,8412.10,521.15
149.3000,0,7,21,5,0,7,0,0,9465.01,4340.65,528.77,4098.47,1500.00,240.00,-1,10,0,100,40000.0,40000.0,0,8995.29,8412.10,521.15
149.3000,0,16,24,5,0,7,0,0,9029.51,8341.14,488.12,85.43,1500.00,240.00,-1,10,0,100,40000.0,40000.0,0,8995.29,8412.10,521.15
149.3000,0,17,22,5,0,7,0,0,9029.51,8341.14,488.12,85.43,1500.00,240.00,-1,10,0,100,40000.0,40000.0,0,8995.29,8412.10,521.15
149.4333,0,2,21,5,0,3,0,24,9029.51,8341.14,488.12,85.43,1500.00,240.00,-1,10,0,100,0.0,40000.0,0,8995.29,8412.10,521.15
149.4333,0,3,1,0,0,7,0,0,9029.51,8341.14,488.12,85.43,1500.00,390.00,-1,10,0,100,40000.0,40000.0,0,8995.29,8412.10,521.15
149.4333,0,5,21,5,8,7,0,0,4658.84,6274.97,772.30,4841.00,1500.00,240.00,-1,10,0,100,13200.0,40000.0,0,8995.29,8412.10,521.15
149.4333,0,7,21,5,0,7,0,0,9465.01,4340.65,528.77,4098.47,1500.00,240.00,-1,10,0,100,40000.0,40000.0,0,8995.29,8412.10,521.15
149.4333,0,16,24,5,0,7,0,0,9029.51,8341.14,488.12,85.43,1500.00,240.00,-1,10,0,100,40000.0,40000.0,0,8995.29,8412.10,521.15
149.4333,0,17,22,5,0,7,0,0,9029.51,8341.14,488.12,85.43,1500.00,240.00,-1,10,0,100,40000.0,40000.0,0,8995.29,8412.10,521.15
149.5667,0,2,21,5,0,3,0,24,9029.51,8341.14,488.12,85.43,1500.00,240.00,-1,10,0,100,0.0,40000.0,0,8995.29,8412.10,521.15
149.5667,0,3,1,0,0,7,0,0,9029.51,8341.14,488.12,85.43,1500.00,390.00,-1,10,0,100,40000.0,40000.0,0,8995.29,8412.10,521.15
149.5667,0,5,21,5,8,7,0,0,4658.84,6274.97,772.30,4841.00,1500.00,240.00,-1,10,0,100,13200.0,40000.0,0,8995.29,8412.10,521.15
149.5667,0,7,21,5,0,7,0,0,9465.01,4340.65,528.77,4098.47,1500.00,240.00,-1,10,0,100,40000.0,40000.0,0,8995.29,8412.10,521.15
149.5667,0,16,24,5,0,7,0,0,9029.51,8341.14,488.12,85.43,1500.00,240.00,-1,10,0,100,40000.0,40000.0,0,8995.29,8412.10,521.15
149.5667,0,17,22,5,0,7,0,0,9029.51,8341.14,488.12,85.43,1500.00,240.00,-1,10,0,100,40000.0,40000.0,0,8995.29,8412.10,521.15
149.7000,0,2,21,5,0,3,0,24,9029.51,8341.14,488.12,85.43,1500.00,240.00,-1,10,0,100,0.0,40000.0,0,8995.29,8412.10,521.15
149.7000,0,3,1,0,0,7,0,0,9029.51,8341.14,488.12,85.43,1500.00,390.00,-1,10,0,100,40000.0,40000.0,0,8995.29,8412.10,521.15
149.7000,0,5,21,5,8,7,0,0,4658.84,6274.97,772.30,4841.00,1500.00,240.00,-1,10,0,100,13200.0,40000.0,0,8995.29,8412.10,521.15
149.7000,0,7,21,5,0,7,0,0,9465.01,4340.65,528.77,4098.47,1500.00,240.00,-1,10,0,100,40000.0,40000.0,0,8995.29,8412.10,521.15
149.7000,0,16,24,5,0,7,0,0,9029.51,8341.14,488.12,85.43,1500.00,240.00,-1,10,0,100,40000.0,40000.0,0,8995.29,8412.10,521.15
149.7000,0,17,22,5,0,7,0,0,9029.51,8341.14,488.12,85.43,1500.00,240.00,-1,10,0,100,40000.0,40000.0,0,8995.29,8412.10,521.15
149.8333,0,2,21,5,0,3,0,24,9029.51,8341.14,488.12,85.43,1500.00,240.00,-1,10,0,100,0.0,40000.0,0,8995.29,8412.10,521.15
149.8333,0,3,1,0,0,7,0,0,9029.51,8341.14,488.12,85.43,1500.00,390.00,-1,10,0,100,40000.0,40000.0,0,8995.29,8412.10,521.15
149.8333,0,5,21,5,8,7,0,0,4658.84,6274.97,772.30,4841.00,1500.00,240.00,-1,10,0,100,13200.0,40000.0,0,8995.29,8412.10,521.15
149.8333,0,7,21,5,0,7,0,0,9465.01,4340.65,528.77,4098.47,1500.00,240.00,-1,10,0,100,40000.0,40000.0,0,8995.29,8412.10,521.15
149.8333,0,16,24,5,0,7,0,0,9029.51,8341.14,488.12,85.43,1500.00,240.00,-1,10,0,100,40000.0,40000.0,0,8995.29,8412.10,521.15
149.8333,0,17,22,5,0,7,0,0,9029.51,8341.14,488.12,85.43,1500.00,240.00,-1,10,0,100,40000.0,40000.0,0,8995.29,8412.10,521.15
149.9833,0,2,21,5,0,3,0,24,9029.51,8341.14,488.12,85.43,1500.00,240.00,-1,10,0,100,0.0,40000.0,0,8995.29,8412.10,521.15
149.9833,0,3,1,0,0,7,0,0,9029.51,8341.14,488.12,85.43,1500.00,390.00,-1,10,0,100,40000.0,40000.0,0,8995.29,8412.10,521.15
149.9833,0,5,21,5,8,7,0,0,4658.84,6274.97,772.30,4841.00,1500.00,240.00,-1,10,0,100,13200.0,40000.0,0,8995.29,8412.10,521.15
149.9833,0,7,21,5,0,7,0,0,9465.01,4340.65,528.77,4098.47,1500.00,240.00,-1,10,0,100,40000.0,40000.0,0,8995.29,8412.10,521.15
149.9833,0,16,24,5,0,7,0,0,9029.51,8341.14,488.12,85.43,1500.00,240.00,-1,10,0,100,40000.0,40000.0,0,8995.29,8412.10,521.15
149.9833,0,17,22,5,0,7,0,0,9029.51,8341.14,488.12,85.43,1500.00,240.00,-1,10,0,100,40000.0,40000.0,0,8995.29,8412.10,521.15
150.1167,0,2,21,5,0,3,0,24,9029.51,8341.14,488.12,85.43,1500.00,240.00,-1,10,0,100,0.0,40000.0,0,8995.29,8412.10,521.15
150.1167,0,3,1,0,0,7,0,0,9029.51,8341.14,488.12,85.43,1500.00,390.00,-1,10,0,100,40000.0,40000.0,0,8995.29,8412.10,521.15
150.1167,0,5,21,5,8,7,0,0,4658.84,6274.97,772.30,4841.00,1500.00,240.00,-1,10,0,100,13200.0,40000.0,0,8995.29,8412.10,521.15
150.1167,0,7,21,5,0,7,0,0,9465.01,4340.65,528.77,4098.47,1500.00,240.00,-1,10,0,100,40000.0,40000.0,0,8995.29,8412.10,521.15
150.1167,0,16,24,5,0,7,0,0,9029.51,8341.14,488.12,85.43,1500.00,240.00,-1,10,0,100,40000.0,40000.0,0,8995.29,8412.10,521.15
150.1167,0,17,22,5,0,7,0,0,9029.51,8341.14,488.12,85.43,1500.00,240.00,-1,10,0,100,40000.0,40000.0,0,8995.29,8412.10,521.15
150.2500,0,2,21,5,0,3,0,24,9029.51,8341.14,488.12,85.43,1500.00,240.00,-1,10,0,100,0.0,40000.0,0,8995.29,8412.10,521.15
150.2500,0,3,1,0,0,7,0,0,9029.51,8341.14,488.12,85.43,1500.00,390.00,-1,10,0,100,40000.0,40000.0,0,8995.29,8412.10,521.15
150.2500,0,5,21,5,8,7,0,0,4658.84,6274.97,772.30,4841.00,1500.00,240.00,-1,10,0,100,13200.0,40000.0,0,8995.29,8412.10,521.15
150.2500,0,7,21,5,0,7,0,0,9465.01,4340.65,528.77,4098.47,1500.00,240.00,-1,10,0,100,40000.0,40000.0,0,8995.29,8412.10,521.15
150.2500,0,16,24,5,0,7,0,0,9029.51,8341.14,488.12,85.43,1500.00,240.00,-1,10,0,100,40000.0,40000.0,0,8995.29,8412.10,521.15
150.2500,0,17,22,5,0,7,0,0,9029.51,8341.14,488.12,85.43,1500.00,240.00,-1,10,0,100,40000.0,40000.0,0,8995.29,8412.10,521.15
150.3833,0,2,21,5,0,3,0,24,9029.51,8341.14,488.12,85.43,1500.00,240.00,-1,10,0,100,0.0,40000.0,0,8995.29,8412.10,521.15
150.3833,0,3,1,0,0,7,0,0,9029.51,8341.14,488.12,85.43,1500.00,390.00,-1,10,0,100,40000.0,40000.0,0,8995.29,8412.10,521.15
150.3833,0,5,21,5,8,7,0,0,4658.84,6274.97,772.30,4841.00,1500.00,240.00,-1,10,0,100,13200.0,40000.0,0,8995.29,8412.10,521.15
150.3833,0,7,21,5,0,7,0,0,9465.01,4340.65,528.77,4098.47,1500.00,240.00,-1,10,0,100,40000.0,40000.0,0,8995.29,8412.10,521.15
150.3833,0,16,24,5,0,7,0,0,9029.51,8341.14,488.12,85.43,1500.00,240.00,-1,10,0,100,40000.0,40000.0,0,8995.29,8412.10,521.15
150.3833,0,17,22,5,0,7,0,0,9029.51,8341.14,488.12,85.43,1500.00,240.00,-1,10,0,100,40000.0,40000.0,0,8995.29,8412.10,521.15
150.5167,0,2,21,5,0,3,0,24,9029.51,8341.14,488.12,85.43,1500.00,240.00,-1,10,0,100,0.0,40000.0,0,8995.29,8412.10,521.15
150.5167,0,3,1,0,0,7,0,0,9029.51,8341.14,488.12,85.43,1500.00,390.00,-1,10,0,100,40000.0,40000.0,0,8995.29,8412.10,521.15
150.5167,0,5,21,5,8,7,0,0,4658.84,6274.97,772.30,4841.00,1500.00,240.00,-1,10,0,100,13200.0,40000.0,0,8995.29,8412.10,521.15
150.5167,0,7,21,5,0,7,0,0,9465.01,4340.65,528.77,4098.47,1500.00,240.00,-1,10,0,100,40000.0,40000.0,0,8995.29,8412.10,521.15
150.5167,0,16,24,5,0,7,0,0,9029.51,8341.14,488.12,85.43,1500.00,240.00,-1,10,0,100,40000.0,40000.0,0,8995.29,8412.10,521.15
150.5167,0,17,22,5,0,7,0,0,9029.51,8341.14,488.12,85.43,1500.00,240.00,-1,10,0,100,40000.0,40000.0,0,8995.29,8412.10,521.15
150.6500,0,2,21,5,0,3,0,24,9029.51,8341.14,488.12,85.43,1500.00,240.00,-1,10,0,100,0.0,40000.0,0,8995.29,8412.10,521.15
150.6500,0,3,1,0,0,7,0,0,9029.51,8341.14,488.12,85.43,1500.00,390.00,-1,10,0,100,40000.0,40000.0,0,8995.29,8412.10,521.15
150.6500,0,5,21,5,8,7,0,0,4658.84,6274.97,772.30,4841.00,1500.00,240.00,-1,10,0,100,13200.0,40000.0,0,8995.29,8412.10,521.15
150.6500,0,7,21,5,0,7,0,0,9465.01,4340.65,528.77,4098.47,1500.00,240.00,-1,10,0,100,40000.0,40000.0,0,8995.29,8412.10,521.15
150.6500,0,16,24,5,0,7,0,0,9029.51,8341.14,488.12,85.43,1500.00,240.00,-1,10,0,100,40000.0,40000.0,0,8995.29,8412.10,521.15
150.6500,0,17,22,5,0,7,0,0,9029.51,8341.14,488.12,85.43,1500.00,240.00,-1,10,0,100,40000.0,40000.0,0,8995.29,8412.10,521.15
150.7833,0,2,21,5,0,3,0,24,9029.51,8341.14,488.12,85.43,1500.00,240.00,-1,10,0,100,0.0,40000.0,0,8995.29,8412.10,521.15
150.7833,0,3,1,0,0,7,0,0,9029.51,8341.14,488.12,85.43,1500.00,390.00,-1,10,0,100,40000.0,40000.0,0,8995.29,8412.10,521.15
150.7833,0,5,21,5,8,7,0,0,4658.84,6274.97,772.30,4841.00,1500.00,240.00,-1,10,0,100,13200.0,40000.0,0,8995.29,8412.10,521.15
150.7833,0,7,21,5,0,7,0,0,9465.01,4340.65,528.77,4098.47,1500.00,240.00,-1,10,0,100,40000.0,40000.0,0,8995.29,8412.10,521.15
150.7833,0,16,24,5,0,7,0,0,9029.51,8341.14,488.12,85.43,1500.00,240.00,-1,10,0,100,40000.0,40000.0,0,8995.29,8412.10,521.15
150.7833,0,17,22,5,0,7,0,0,9029.51,8341.14,488.12,85.43,1500.00,240.00,-1,10,0,100,40000.0,40000.0,0,8995.29,8412.10,521.15
150.9167,0,2,21,5,0,3,0,24,9029.51,8341.14,488.12,85.43,1500.00,240.00,-1,10,0,100,0.0,40000.0,0,8995.29,8412.10,521.15
150.9167,0,3,1,0,0,7,0,0,9029.51,8341.14,488.12,85.43,1500.00,390.00,-1,10,0,100,40000.0,40000.0,0,8995.29,8412.10,521.15
150.9167,0,5,21,5,8,7,0,0,4658.84,6274.97,772.30,4841.00,1500.00,240.00,-1,10,0,100,13200.0,40000.0,0,8995.29,8412.10,521.15
150.9167,0,7,21,5,0,7,0,0,9465.01,4340.65,528.77,4098.47,1500.00,240.00,-1,10,0,100,40000.0,40000.0,0,8995.29,8412.10,521.15
150.9167,0,16,24,5,0,7,0,0,9029.51,8341.14,488.12,85.43,1500.00,240.00,-1,10,0,100,40000.0,40000.0,0,8995.29,8412.10,521.15
150.9167,0,17,22,5,0,7,0,0,9029.51,8341.14,488.12,85.43,1500.00,240.00,-1,10,0,100,40000.0,40000.0,0,8995.29,8412.10,521.15
151.0500,0,2,21,5,0,3,0,24,9029.51,8341.14,488.12,85.43,1500.00,240.00,-1,10,0,100,0.0,40000.0,0,8995.29,8412.10,521.15
151.0500,0,3,1,0,0,7,0,0,9029.51,8341.14,488.12,85.43,1500.00,390.00,-1,10,0,100,40000.0,40000.0,0,8995.29,8412.10,521.15
151.0500,0,5,21,5,8,7,0,0,4658.84,6274.97,772.30,4841.00,1500.00,240.00,-1,10,0,100,13200.0,40000.0,0,8995.29,8412.10,521.15
151.0500,0,7,21,5,0,7,0,0,9465.01,4340.65,528.77,4098.47,1500.00,240.00,-1,10,0,100,40000.0,40000.0,0,8995.29,8412.10,521.15
151.0500,0,16,24,5,0,7,0,0,9029.51,8341.14,488.12,85.43,1500.00,240.00,-1,10,0,100,40000.0,40000.0,0,8995.29,8412.10,521.15
151.0500,0,17,22,5,0,7,0,0,9029.51,8341.14,488.12,85.43,1500.00,240.00,-1,10,0,100,40000.0,40000.0,0,8995.29,8412.10,521.15
151.2000,0,2,21,5,0,3,0,24,9029.51,8341.14,488.12,85.43,1500.00,240.00,-1,10,0,100,0.0,40000.0,0,8995.29,8412.10,521.15
151.2000,0,3,1,0,0,7,0,0,9029.51,8341.14,488.12,85.43,1500.00,390.00,-1,10,0,100,40000.0,40000.0,0,8995.29,8412.10,521.15
151.2000,0,5,21,5,8,7,0,0,4658.84,6274.97,772.30,4841.00,1500.00,240.00,-1,10,0,100,13200.0,40000.0,0,8995.29,8412.10,521.15
151.2000,0,7,21,5,0,7,0,0,9465.01,4340.65,528.77,4098.47,1500.00,240.00,-1,10,0,100,40000.0,40000.0,0,8995.29,8412.10,521.15
151.2000,0,16,24,5,0,7,0,0,9029.51,8341.14,488.12,85.43,1500.00,240.00,-1,10,0,100,40000.0,40000.0,0,8995.29,8412.10,521.15
151.2000,0,17,22,5,0,7,0,0,9029.51,8341.14,488.12,85.43,1500.00,240.00,-1,10,0,100,40000.0,40000.0,0,8995.29,8412.10,521.15
151.3333,0,2,21,5,0,3,0,24,9029.51,8341.14,488.12,85.43,1500.00,240.00,-1,10,0,100,0.0,40000.0,0,8995.29,8412.10,521.15
151.3333,0,3,1,0,0,7,0,0,9029.51,8341.14,488.12,85.43,1500.00,390.00,-1,10,0,100,40000.0,40000.0,0,8995.29,8412.10,521.15
151.3333,0,5,21,5,8,7,0,0,4658.84,6274.97,772.30,4841.00,1500.00,240.00,-1,10,0,100,13200.0,40000.0,0,8995.29,8412.10,521.15
151.3333,0,7,21,5,0,7,0,0,9465.01,4340.65,528.77,4098.47,1500.00,240.00,-1,10,0,100,40000.0,40000.0,0,8995.29,8412.10,521.15
151.3333,0,16,24,5,0,7,0,0,9029.51,8341.14,488.12,85.43,1500.00,240.00,-1,10,0,100,40000.0,40000.0,0,8995.29,8412.10,521.15
151.3333,0,17,22,5,0,7,0,0,9029.51,8341.14,488.12,85.43,1500.00,240.00,-1,10,0,100,40000.0,40000.0,0,8995.29,8412.10,521.15
151.4667,0,2,21,5,0,3,0,24,9029.51,8341.14,488.12,85.43,1500.00,240.00,-1,10,0,100,0.0,40000.0,0,8995.29,8412.10,521.15
151.4667,0,3,1,0,0,7,0,0,9029.51,8341.14,488.12,85.43,1500.00,390.00,-1,10,0,100,40000.0,40000.0,0,8995.29,8412.10,521.15
151.4667,0,5,21,5,8,7,0,0,4658.84,6274.97,772.30,4841.00,1500.00,240.00,-1,10,0,100,13200.0,40000.0,0,8995.29,8412.10,521.15
151.4667,0,7,21,5,0,7,0,0,9465.01,4340.65,528.77,4098.47,1500.00,240.00,-1,10,0,100,40000.0,40000.0,0,8995.29,8412.10,521.15
151.4667,0,16,24,5,0,7,0,0,9029.51,8341.14,488.12,85.43,1500.00,240.00,-1,10,0,100,40000.0,40000.0,0,8995.29,8412.10,521.15
151.4667,0,17,22,5,0,7,0,0,9029.51,8341.14,488.12,85.43,1500.00,240.00,-1,10,0,100,40000.0,40000.0,0,8995.29,8412.10,521.15
151.6000,0,2,21,5,0,3,0,24,9029.51,8341.14,488.12,85.43,1500.00,240.00,-1,10,0,100,0.0,40000.0,0,8995.29,8412.10,521.15
151.6000,0,3,1,0,0,7,0,0,9029.51,8341.14,488.12,85.43,1500.00,390.00,-1,10,0,100,40000.0,40000.0,0,8995.29,8412.10,521.15
151.6000,0,5,21,5,8,7,0,0,4658.84,6274.97,772.30,4841.00,1500.00,240.00,-1,10,0,100,13200.0,40000.0,0,8995.29,8412.10,521.15
151.6000,0,7,21,5,0,7,0,0,9465.01,4340.65,528.77,4098.47,1500.00,240.00,-1,10,0,100,40000.0,40000.0,0,8995.29,8412.10,521.15
151.6000,0,16,24,5,0,7,0,0,9029.51,8341.14,488.12,85.43,1500.00,240.00,-1,10,0,100,40000.0,40000.0,0,8995.29,8412.10,521.15
151.6000,0,17,22,5,0,7,0,0,9029.51,8341.14,488.12,85.43,1500.00,240.00,-1,10,0,100,40000.0,40000.0,0,8995.29,8412.10,521.15
151.7333,0,2,21,5,0,3,0,24,9029.51,8341.14,488.12,85.43,1500.00,240.00,-1,10,0,100,0.0,40000.0,0,8995.29,8412.10,521.15
151.7333,0,3,1,0,0,7,0,0,9029.51,8341.14,488.12,85.43,1500.00,390.00,-1,10,0,100,40000.0,40000.0,0,8995.29,8412.10,521.15
151.7333,0,5,21,5,8,7,0,0,4658.84,6274.97,772.30,4841.00,1500.00,240.00,-1,10,0,100,13200.0,40000.0,0,8995.29,8412.10,521.15
151.7333,0,7,21,5,0,7,0,0,9465.01,4340.65,528.77,4098.47,1500.00,240.00,-1,10,0,100,40000.0,40000.0,0,8995.29,8412.10,521.15
151.7333,0,16,24,5,0,7,0,0,9029.51,8341.14,488.12,85.43,1500.00,240.00,-1,10,0,100,40000.0,40000.0,0,8995.29,8412.10,521.15
151.7333,0,17,22,5,0,7,0,0,9029.51,8341.14,488.12,85.43,1500.00,240.00,-1,10,0,100,40000.0,40000.0,0,8995.29,8412.10,521.15
151.8667,0,2,21,5,0,3,0,24,9029.51,8341.14,488.12,85.43,1500.00,240.00,-1,10,0,100,0.0,40000.0,0,8995.29,8412.10,521.15
151.8667,0,3,1,0,0,7,0,0,9029.51,8341.14,488.12,85.43,1500.00,390.00,-1,10,0,100,40000.0,40000.0,0,8995.29,8412.10,521.15
151.8667,0,5,21,5,8,7,0,0,4658.84,6274.97,772.30,4841.00,1500.00,240.00,-1,10,0,100,13200.0,40000.0,0,8995.29,8412.10,521.15
151.8667,0,7,21,5,0,7,0,0,9465.01,4340.65,528.77,4098.47,1500.00,240.00,-1,10,0,100,40000.0,40000.0,0,8995.29,8412.10,521.15
151.8667,0,16,24,5,0,7,0,0,9029.51,8341.14,488.12,85.43,1500.00,240.00,-1,10,0,100,40000.0,40000.0,0,8995.29,8412.10,521.15
151.8667,0,17,22,5,0,7,0,0,9029.51,8341.14,488.12,85.43,1500.00,240.00,-1,10,0,100,40000.0,40000.0,0,8995.29,8412.10,521.15
152.0167,0,2,21,5,0,3,0,24,9029.51,8341.14,488.12,85.43,1500.00,240.00,-1,10,0,100,0.0,40000.0,0,8995.29,8412.10,521.15
152.0167,0,3,1,0,0,7,0,0,9029.51,8341.14,488.12,85.43,1500.00,390.00,-1,10,0,100,40000.0,40000.0,0,8995.29,8412.10,521.15
152.0167,0,5,21,5,8,7,0,0,4658.84,6274.97,772.30,4841.00,1500.00,240.00,-1,10,0,100,13200.0,40000.0,0,8995.29,8412.10,521.15
152.0167,0,7,21,5,0,7,0,0,9465.01,4340.65,528.77,4098.47,1500.00,240.00,-1,10,0,100,40000.0,40000.0,0,8995.29,8412.10,521.15
152.0167,0,16,24,5,0,7,0,0,9029.51,8341.14,488.12,85.43,1500.00,240.00,-1,10,0,100,40000.0,40000.0,0,8995.29,8412.10,521.15
152.0167,0,17,22,5,0,7,0,0,9029.51,8341.14,488.12,85.43,1500.00,240.00,-1,10,0,100,40000.0,40000.0,0,8995.29,8412.10,521.15
152.1500,0,2,21,5,0,3,0,24,9029.51,8341.14,488.12,85.43,1500.00,240.00,-1,10,0,100,0.0,40000.0,0,8995.29,8412.10,521.15
152.1500,0,3,1,0,0,7,0,0,9029.51,8341.14,488.12,85.43,1500.00,390.00,-1,10,0,100,40000.0,40000.0,0,8995.29,8412.10,521.15
152.1500,0,5,21,5,8,7,0,0,4658.84,6274.97,772.30,4841.00,1500.00,240.00,-1,10,0,100,13200.0,40000.0,0,8995.29,8412.10,521.15
152.1500,0,7,21,5,0,7,0,0,9465.01,4340.65,528.77,4098.47,1500.00,240.00,-1,10,0,100,40000.0,40000.0,0,8995.29,8412.10,521.15
152.1500,0,16,24,5,0,7,0,0,9029.51,8341.14,488.12,85.43,1500.00,240.00,-1,10,0,100,40000.0,40000.0,0,8995.29,8412.10,521.15
152.1500,0,17,22,5,0,7,0,0,9029.51,8341.14,488.12,85.43,1500.00,240.00,-1,10,0,100,40000.0,40000.0,0,8995.29,8412.10,521.15
152.2833,0,2,21,5,0,3,0,24,9029.51,8341.14,488.12,85.43,1500.00,240.00,-1,10,0,100,0.0,40000.0,0,8995.29,8412.10,521.15
152.2833,0,3,1,0,0,7,0,0,9029.51,8341.14,488.12,85.43,1500.00,390.00,-1,10,0,100,40000.0,40000.0,0,8995.29,8412.10,521.15
152.2833,0,5,21,5,8,7,0,0,4658.84,6274.97,772.30,4841.00,1500.00,240.00,-1,10,0,100,13200.0,40000.0,0,8995.29,8412.10,521.15
152.2833,0,7,21,5,0,7,0,0,9465.01,4340.65,528.77,4098.47,1500.00,240.00,-1,10,0,100,40000.0,40000.0,0,8995.29,8412.10,521.15
152.2833,0,16,24,5,0,7,0,0,9029.51,8341.14,488.12,85.43,1500.00,240.00,-1,10,0,100,40000.0,40000.0,0,8995.29,8412.10,521.15
152.2833,0,17,22,5,0,7,0,0,9029.51,8341.14,488.12,85.43,1500.00,240.00,-1,10,0,100,40000.0,40000.0,0,8995.29,8412.10,521.15
152.4167,0,2,21,5,0,3,0,24,9029.51,8341.14,488.12,85.43,1500.00,240.00,-1,10,0,100,0.0,40000.0,0,8995.29,8412.10,521.15
152.4167,0,3,1,0,0,7,0,0,9029.51,8341.14,488.12,85.43,1500.00,390.00,-1,10,0,100,40000.0,40000.0,0,8995.29,8412.10,521.15
152.4167,0,5,21,5,8,7,0,0,4658.84,6274.97,772.30,4841.00,1500.00,240.00,-1,10,0,100,13200.0,40000.0,0,8995.29,8412.10,521.15
152.4167,0,7,21,5,0,7,0,0,9465.01,4340.65,528.77,4098.47,1500.00,240.00,-1,10,0,100,40000.0,40000.0,0,8995.29,8412.10,521.15
152.4167,0,16,24,5,0,7,0,0,9029.51,8341.14,488.12,85.43,1500.00,240.00,-1,10,0,100,40000.0,40000.0,0,8995.29,8412.10,521.15
152.4167,0,17,22,5,0,7,0,0,9029.51,8341.14,488.12,85.43,1500.00,240.00,-1,10,0,100,40000.0,40000.0,0,8995.29,8412.10,521.15
152.5500,0,2,21,5,0,3,0,24,9029.51,8341.14,488.12,85.43,1500.00,240.00,-1,10,0,100,0.0,40000.0,0,8995.29,8412.10,521.15
152.5500,0,3,1,0,0,7,0,0,9029.51,8341.14,488.12,85.43,1500.00,390.00,-1,10,0,100,40000.0,40000.0,0,8995.29,8412.10,521.15
152.5500,0,5,21,5,8,7,0,0,4658.84,6274.97,772.30,4841.00,1500.00,240.00,-1,10,0,100,13200.0,40000.0,0,8995.29,8412.10,521.15
152.5500,0,7,21,5,0,7,0,0,9465.01,4340.65,528.77,4098.47,1500.00,240.00,-1,10,0,100,40000.0,40000.0,0,8995.29,8412.10,521.15
152.5500,0,16,24,5,0,7,0,0,9029.51,8341.14,488.12,85.43,1500.00,240.00,-1,10,0,100,40000.0,40000.0,0,8995.29,8412.10,521.15
152.5500,0,17,22,5,0,7,0,0,9029.51,8341.14,488.12,85.43,1500.00,240.00,-1,10,0,100,40000.0,40000.0,0,8995.29,8412.10,521.15
152.6833,0,2,21,5,0,3,0,24,9029.51,8341.14,488.12,85.43,1500.00,240.00,-1,10,0,100,0.0,40000.0,0,8995.29,8412.10,521.15
152.6833,0,3,1,0,0,7,0,0,9029.51,8341.14,488.12,85.43,1500.00,390.00,-1,10,0,100,40000.0,40000.0,0,8995.29,8412.10,521.15
152.6833,0,5,21,5,8,7,0,0,4658.84,6274.97,772.30,4841.00,1500.00,240.00,-1,10,0,100,13200.0,40000.0,0,8995.29,8412.10,521.15
152.6833,0,7,21,5,0,7,0,0,9465.01,4340.65,528.77,4098.47,1500.00,240.00,-1,10,0,100,40000.0,40000.0,0,8995.29,8412.10,521.15
152.6833,0,16,24,5,0,7,0,0,9029.51,8341.14,488.12,85.43,1500.00,240.00,-1,10,0,100,40000.0,40000.0,0,8995.29,8412.10,521.15
152.6833,0,17,22,5,0,7,0,0,9029.51,8341.14,488.12,85.43,1500.00,240.00,-1,10,0,100,40000.0,40000.0,0,8995.29,8412.10,521.15
152.8167,0,2,21,5,0,3,0,24,9029.51,8341.14,488.12,85.43,1500.00,240.00,-1,10,0,100,0.0,40000.0,0,8995.29,8412.10,521.15
152.8167,0,3,1,0,0,7,0,0,9029.51,8341.14,488.12,85.43,1500.00,390.00,-1,10,0,100,40000.0,40000.0,0,8995.29,8412.10,521.15
152.8167,0,5,21,5,8,7,0,0,4658.84,6274.97,772.30,4841.00,1500.00,240.00,-1,10,0,100,13200.0,40000.0,0,8995.29,8412.10,521.15
152.8167,0,7,21,5,0,7,0,0,9465.01,4340.65,528.77,4098.47,1500.00,240.00,-1,10,0,100,40000.0,40000.0,0,8995.29,8412.10,521.15
152.8167,0,16,24,5,0,7,0,0,9029.51,8341.14,488.12,85.43,1500.00,240.00,-1,10,0,100,40000.0,40000.0,0,8995.29,8412.10,521.15
152.8167,0,17,22,5,0,7,0,0,9029.51,8341.14,488.12,85.43,1500.00,240.00,-1,10,0,100,40000.0,40000.0,0,8995.29,8412.10,521.15
152.9667,0,2,21,5,0,3,0,24,9029.51,8341.14,488.12,85.43,1500.00,240.00,-1,10,0,100,0.0,40000.0,0,8995.29,8412.10,521.15
152.9667,0,3,1,0,0,7,0,0,9029.51,8341.14,488.12,85.43,1500.00,390.00,-1,10,0,100,40000.0,40000.0,0,8995.29,8412.10,521.15
152.9667,0,5,21,5,8,7,0,0,4658.84,6274.97,772.30,4841.00,1500.00,240.00,-1,10,0,100,13200.0,40000.0,0,8995.29,8412.10,521.15
152.9667,0,7,21,5,0,7,0,0,9465.01,4340.65,528.77,4098.47,1500.00,240.00,-1,10,0,100,40000.0,40000.0,0,8995.29,8412.10,521.15
152.9667,0,16,24,5,0,7,0,0,9029.51,8341.14,488.12,85.43,1500.00,240.00,-1,10,0,100,40000.0,40000.0,0,8995.29,8412.10,521.15
152.9667,0,17,22,5,0,7,0,0,9029.51,8341.14,488.12,85.43,1500.00,240.00,-1,10,0,100,40000.0,40000.0,0,8995.29,8412.10,521.15
153.1000,0,2,21,5,0,3,0,24,9029.51,8341.14,488.12,85.43,1500.00,240.00,-1,10,0,100,0.0,40000.0,0,8995.29,8412.10,521.15
153.1000,0,3,1,0,0,7,0,0,9029.51,8341.14,488.12,85.43,1500.00,390.00,-1,10,0,100,40000.0,40000.0,0,8995.29,8412.10,521.15
153.1000,0,5,21,5,8,7,0,0,4658.84,6274.97,772.30,4841.00,1500.00,240.00,-1,10,0,100,13200.0,40000.0,0,8995.29,8412.10,521.15
153.1000,0,7,21,5,0,7,0,0,9465.01,4340.65,528.77,4098.47,1500.00,240.00,-1,10,0,100,40000.0,40000.0,0,8995.29,8412.10,521.15
153.1000,0,16,24,5,0,7,0,0,9029.51,8341.14,488.12,85.43,1500.00,240.00,-1,10,0,100,40000.0,40000.0,0,8995.29,8412.10,521.15
153.1000,0,17,22,5,0,7,0,0,9029.51,8341.14,488.12,85.43,1500.00,240.00,-1,10,0,100,40000.0,40000.0,0,8995.29,8412.10,521.15
153.2333,0,2,21,5,0,3,0,24,9029.51,8341.14,488.12,85.43,1500.00,240.00,-1,10,0,100,0.0,40000.0,0,8995.29,8412.10,521.15
153.2333,0,3,1,0,0,7,0,0,9029.51,8341.14,488.12,85.43,1500.00,390.00,-1,10,0,100,40000.0,40000.0,0,8995.29,8412.10,521.15
153.2333,0,5,21,5,8,7,0,0,4658.84,6274.97,772.30,4841.00,1500.00,240.00,-1,10,0,100,13200.0,40000.0,0,8995.29,8412.10,521.15
153.2333,0,7,21,5,0,7,0,0,9465.01,4340.65,528.77,4098.47,1500.00,240.00,-1,10,0,100,40000.0,40000.0,0,8995.29,8412.10,521.15
153.2333,0,16,24,5,0,7,0,0,9029.51,8341.14,488.12,85.43,1500.00,240.00,-1,10,0,100,40000.0,40000.0,0,8995.29,8412.10,521.15
153.2333,0,17,22,5,0,7,0,0,9029.51,8341.14,488.12,85.43,1500.00,240.00,-1,10,0,100,40000.0,40000.0,0,8995.29,8412.10,521.15
153.3667,0,2,21,5,0,3,0,24,9029.51,8341.14,488.12,85.43,1500.00,240.00,-1,10,0,100,0.0,40000.0,0,8995.29,8412.10,521.15
153.3667,0,3,1,0,0,7,0,0,9029.51,8341.14,488.12,85.43,1500.00,390.00,-1,10,0,100,40000.0,40000.0,0,8995.29,8412.10,521.15
153.3667,0,5,21,5,8,7,0,0,4658.84,6274.97,772.30,4841.00,1500.00,240.00,-1,10,0,100,13200.0,40000.0,0,8995.29,8412.10,521.15
153.3667,0,7,21,5,0,7,0,0,9465.01,4340.65,528.77,4098.47,1500.00,240.00,-1,10,0,100,40000.0,40000.0,0,8995.29,8412.10,521.15
153.3667,0,16,24,5,0,7,0,0,9029.51,8341.14,488.12,85.43,1500.00,240.00,-1,10,0,100,40000.0,40000.0,0,8995.29,8412.10,521.15
153.3667,0,17,22,5,0,7,0,0,9029.51,8341.14,488.12,85.43,1500.00,240.00,-1,10,0,100,40000.0,40000.0,0,8995.29,8412.10,521.15
153.5000,0,2,21,5,0,3,0,24,9029.51,8341.14,488.12,85.43,1500.00,240.00,-1,10,0,100,0.0,40000.0,0,8995.29,8412.10,521.15
153.5000,0,3,1,0,0,7,0,0,9029.51,8341.14,488.12,85.43,1500.00,390.00,-1,10,0,100,40000.0,40000.0,0,8995.29,8412.10,521.15
153.5000,0,5,21,5,8,7,0,0,4658.84,6274.97,772.30,4841.00,1500.00,240.00,-1,10,0,100,13200.0,40000.0,0,8995.29,8412.10,521.15
153.5000,0,7,21,5,0,7,0,0,9465.01,4340.65,528.77,4098.47,1500.00,240.00,-1,10,0,100,40000.0,40000.0,0,8995.29,8412.10,521.15
153.5000,0,16,24,5,0,7,0,0,9029.51,8341.14,488.12,85.43,1500.00,240.00,-1,10,0,100,40000.0,40000.0,0,8995.29,8412.10,521.15
153.5000,0,17,22,5,0,7,0,0,9029.51,8341.14,488.12,85.43,1500.00,240.00,-1,10,0,100,40000.0,40000.0,0,8995.29,8412.10,521.15
153.6333,0,2,21,5,0,3,0,24,9029.51,8341.14,488.12,85.43,1500.00,240.00,-1,10,0,100,0.0,40000.0,0,8995.29,8412.10,521.15
153.6333,0,3,1,0,0,7,0,0,9029.51,8341.14,488.12,85.43,1500.00,390.00,-1,10,0,100,40000.0,40000.0,0,8995.29,8412.10,521.15
153.6333,0,5,21,5,8,7,0,0,4658.84,6274.97,772.30,4841.00,1500.00,240.00,-1,10,0,100,13200.0,40000.0,0,8995.29,8412.10,521.15
153.6333,0,7,21,5,0,7,0,0,9465.01,4340.65,528.77,4098.47,1500.00,240.00,-1,10,0,100,40000.0,40000.0,0,8995.29,8412.10,521.15
153.6333,0,16,24,5,0,7,0,0,9029.51,8341.14,488.12,85.43,1500.00,240.00,-1,10,0,100,40000.0,40000.0,0,8995.29,8412.10,521.15
153.6333,0,17,22,5,0,7,0,0,9029.51,8341.14,488.12,85.43,1500.00,240.00,-1,10,0,100,40000.0,40000.0,0,8995.29,8412.10,521.15
153.7833,0,2,21,5,0,3,0,24,9029.51,8341.14,488.12,85.43,1500.00,240.00,-1,10,0,100,0.0,40000.0,0,8995.29,8412.10,521.15
153.7833,0,3,1,0,0,7,0,0,9029.51,8341.14,488.12,85.43,1500.00,390.00,-1,10,0,100,40000.0,40000.0,0,8995.29,8412.10,521.15
153.7833,0,5,21,5,8,7,0,0,4658.84,6274.97,772.30,4841.00,1500.00,240.00,-1,10,0,100,13200.0,40000.0,0,8995.29,8412.10,521.15
153.7833,0,7,21,5,0,7,0,0,9465.01,4340.65,528.77,4098.47,1500.00,240.00,-1,10,0,100,40000.0,40000.0,0,8995.29,8412.10,521.15
153.7833,0,16,24,5,0,7,0,0,9029.51,8341.14,488.12,85.43,1500.00,240.00,-1,10,0,100,40000.0,40000.0,0,8995.29,8412.10,521.15
153.7833,0,17,22,5,0,7,0,0,9029.51,8341.14,488.12,85.43,1500.00,240.00,-1,10,0,100,40000.0,40000.0,0,8995.29,8412.10,521.15
153.9167,0,2,21,5,0,3,0,24,9029.51,8341.14,488.12,85.43,1500.00,240.00,-1,10,0,100,0.0,40000.0,0,8995.29,8412.10,521.15
153.9167,0,3,1,0,0,7,0,0,9029.51,8341.14,488.12,85.43,1500.00,390.00,-1,10,0,100,40000.0,40000.0,0,8995.29,8412.10,521.15
153.9167,0,5,21,5,8,7,0,0,4658.84,6274.97,772.30,4841.00,1500.00,240.00,-1,10,0,100,13200.0,40000.0,0,8995.29,8412.10,521.15
153.9167,0,7,21,5,0,7,0,0,9465.01,4340.65,528.77,4098.47,1500.00,240.00,-1,10,0,100,40000.0,40000.0,0,8995.29,8412.10,521.15
153.9167,0,16,24,5,0,7,0,0,9029.51,8341.14,488.12,85.43,1500.00,240.00,-1,10,0,100,40000.0,40000.0,0,8995.29,8412.10,521.15
153.9167,0,17,22,5,0,7,0,0,9029.51,8341.14,488.12,85.43,1500.00,240.00,-1,10,0,100,40000.0,40000.0,0,8995.29,8412.10,521.15
154.0500,0,2,21,5,0,3,0,24,9029.51,8341.14,488.12,85.43,1500.00,240.00,-1,10,0,100,0.0,40000.0,0,8995.29,8412.10,521.15
154.0500,0,3,1,0,0,7,0,0,9029.51,8341.14,488.12,85.43,1500.00,390.00,-1,10,0,100,40000.0,40000.0,0,8995.29,8412.10,521.15
154.0500,0,5,21,5,8,7,0,0,4658.84,6274.97,772.30,4841.00,1500.00,240.00,-1,10,0,100,13200.0,40000.0,0,8995.29,8412.10,521.15
154.0500,0,7,21,5,0,7,0,0,9465.01,4340.65,528.77,4098.47,1500.00,240.00,-1,10,0,100,40000.0,40000.0,0,8995.29,8412.10,521.15
154.0500,0,16,24,5,0,7,0,0,9029.51,8341.14,488.12,85.43,1500.00,240.00,-1,10,0,100,40000.0,40000.0,0,8995.29,8412.10,521.15
154.0500,0,17,22,5,0,7,0,0,9029.51,8341.14,488.12,85.43,1500.00,240.00,-1,10,0,100,40000.0,40000.0,0,8995.29,8412.10,521.15
154.1833,0,2,21,5,0,3,0,24,9029.51,8341.14,488.12,85.43,1500.00,240.00,-1,10,0,100,0.0,40000.0,0,8995.29,8412.10,521.15
154.1833,0,3,1,0,0,7,0,0,9029.51,8341.14,488.12,85.43,1500.00,390.00,-1,10,0,100,40000.0,40000.0,0,8995.29,8412.10,521.15
154.1833,0,5,21,5,8,7,0,0,4658.84,6274.97,772.30,4841.00,1500.00,240.00,-1,10,0,100,13200.0,40000.0,0,8995.29,8412.10,521.15
154.1833,0,7,21,5,0,7,0,0,9465.01,4340.65,528.77,4098.47,1500.00,240.00,-1,10,0,100,40000.0,40000.0,0,8995.29,8412.10,521.15
154.1833,0,16,24,5,0,7,0,0,9029.51,8341.14,488.12,85.43,1500.00,240.00,-1,10,0,100,40000.0,40000.0,0,8995.29,8412.10,521.15
154.1833,0,17,22,5,0,7,0,0,9029.51,8341.14,488.12,85.43,1500.00,240.00,-1,10,0,100,40000.0,40000.0,0,8995.29,8412.10,521.15
154.3167,0,2,21,5,0,3,0,24,9029.51,8341.14,488.12,85.43,1500.00,240.00,-1,10,0,100,0.0,40000.0,0,8995.29,8412.10,521.15
154.3167,0,3,1,0,0,7,0,0,9029.51,8341.14,488.12,85.43,1500.00,390.00,-1,10,0,100,40000.0,40000.0,0,8995.29,8412.10,521.15
154.3167,0,5,21,5,8,7,0,0,4658.84,6274.97,772.30,4841.00,1500.00,240.00,-1,10,0,100,13200.0,40000.0,0,8995.29,8412.10,521.15
154.3167,0,7,21,5,0,7,0,0,9465.01,4340.65,528.77,4098.47,1500.00,240.00,-1,10,0,100,40000.0,40000.0,0,8995.29,8412.10,521.15
154.3167,0,16,24,5,0,7,0,0,9029.51,8341.14,488.12,85.43,1500.00,240.00,-1,10,0,100,40000.0,40000.0,0,8995.29,8412.10,521.15
154.3167,0,17,22,5,0,7,0,0,9029.51,8341.14,488.12,85.43,1500.00,240.00,-1,10,0,100,40000.0,40000.0,0,8995.29,8412.10,521.15
154.4667,0,2,21,5,0,3,0,24,9029.51,8341.14,488.12,85.43,1500.00,240.00,-1,10,0,100,0.0,40000.0,0,8995.29,8412.10,521.15
154.4667,0,3,1,0,0,7,0,0,9029.51,8341.14,488.12,85.43,1500.00,390.00,-1,10,0,100,40000.0,40000.0,0,8995.29,8412.10,521.15
154.4667,0,5,21,5,8,7,0,0,4658.84,6274.97,772.30,4841.00,1500.00,240.00,-1,10,0,100,13200.0,40000.0,0,8995.29,8412.10,521.15
154.4667,0,7,21,5,0,7,0,0,9465.01,4340.65,528.77,4098.47,1500.00,240.00,-1,10,0,100,40000.0,40000.0,0,8995.29,8412.10,521.15
154.4667,0,16,24,5,0,7,0,0,9029.51,8341.14,488.12,85.43,1500.00,240.00,-1,10,0,100,40000.0,40000.0,0,8995.29,8412.10,521.15
154.4667,0,17,22,5,0,7,0,0,9029.51,8341.14,488.12,85.43,1500.00,240.00,-1,10,0,100,40000.0,40000.0,0,8995.29,8412.10,521.15
154.6000,0,2,21,5,0,3,0,24,9029.51,8341.14,488.12,85.43,1500.00,240.00,-1,10,0,100,0.0,40000.0,0,8995.29,8412.10,521.15
154.6000,0,3,1,0,0,7,0,0,9029.51,8341.14,488.12,85.43,1500.00,390.00,-1,10,0,100,40000.0,40000.0,0,8995.29,8412.10,521.15
154.6000,0,5,21,5,8,7,0,0,4658.84,6274.97,772.30,4841.00,1500.00,240.00,-1,10,0,100,13200.0,40000.0,0,8995.29,8412.10,521.15
154.6000,0,7,21,5,0,7,0,0,9465.01,4340.65,528.77,4098.47,1500.00,240.00,-1,10,0,100,40000.0,40000.0,0,8995.29,8412.10,521.15
154.6000,0,16,24,5,0,7,0,0,9029.51,8341.14,488.12,85.43,1500.00,240.00,-1,10,0,100,40000.0,40000.0,0,8995.29,8412.10,521.15
154.6000,0,17,22,5,0,7,0,0,9029.51,8341.14,488.12,85.43,1500.00,240.00,-1,10,0,100,40000.0,40000.0,0,8995.29,8412.10,521.15
154.7333,0,2,21,5,0,3,0,24,9029.51,8341.14,488.12,85.43,1500.00,240.00,-1,10,0,100,0.0,40000.0,0,8995.29,8412.10,521.15
154.7333,0,3,1,0,0,7,0,0,9029.51,8341.14,488.12,85.43,1500.00,390.00,-1,10,0,100,40000.0,40000.0,0,8995.29,8412.10,521.15
154.7333,0,5,21,5,8,7,0,0,4658.84,6274.97,772.30,4841.00,1500.00,240.00,-1,10,0,100,13200.0,40000.0,0,8995.29,8412.10,521.15
154.7333,0,7,21,5,0,7,0,0,9465.01,4340.65,528.77,4098.47,1500.00,240.00,-1,10,0,100,40000.0,40000.0,0,8995.29,8412.10,521.15
154.7333,0,16,24,5,0,7,0,0,9029.51,8341.14,488.12,85.43,1500.00,240.00,-1,10,0,100,40000.0,40000.0,0,8995.29,8412.10,521.15
154.7333,0,17,22,5,0,7,0,0,9029.51,8341.14,488.12,85.43,1500.00,240.00,-1,10,0,100,40000.0,40000.0,0,8995.29,8412.10,521.15
154.8667,0,2,21,5,0,3,0,24,9029.51,8341.14,488.12,85.43,1500.00,240.00,-1,10,0,100,0.0,40000.0,0,8995.29,8412.10,521.15
154.8667,0,3,1,0,0,7,0,0,9029.51,8341.14,488.12,85.43,1500.00,390.00,-1,10,0,100,40000.0,40000.0,0,8995.29,8412.10,521.15
154.8667,0,5,21,5,8,7,0,0,4658.84,6274.97,772.30,4841.00,1500.00,240.00,-1,10,0,100,13200.0,40000.0,0,8995.29,8412.10,521.15
154.8667,0,7,21,5,0,7,0,0,9465.01,4340.65,528.77,4098.47,1500.00,240.00,-1,10,0,100,40000.0,40000.0,0,8995.29,8412.10,521.15
154.8667,0,16,24,5,0,7,0,0,9029.51,8341.14,488.12,85.43,1500.00,240.00,-1,10,0,100,40000.0,40000.0,0,8995.29,8412.10,521.15
154.8667,0,17,22,5,0,7,0,0,9029.51,8341.14,488.12,85.43,1500.00,240.00,-1,10,0,100,40000.0,40000.0,0,8995.29,8412.10,521.15
155.0000,0,2,21,5,0,3,0,24,9029.51,8341.14,488.12,85.43,1500.00,240.00,-1,10,0,100,0.0,40000.0,0,8995.29,8412.10,521.15
155.0000,0,3,1,0,0,7,0,0,9029.51,8341.14,488.12,85.43,1500.00,390.00,-1,10,0,100,40000.0,40000.0,0,8995.29,8412.10,521.15
155.0000,0,5,21,5,8,7,0,0,4658.84,6274.97,772.30,4841.00,1500.00,240.00,-1,10,0,100,13200.0,40000.0,0,8995.29,8412.10,521.15
155.0000,0,7,21,5,0,7,0,0,9465.01,4340.65,528.77,4098.47,1500.00,240.00,-1,10,0,100,40000.0,40000.0,0,8995.29,8412.10,521.15
155.0000,0,16,24,5,0,7,0,0,9029.51,8341.14,488.12,85.43,1500.00,240.00,-1,10,0,100,40000.0,40000.0,0,8995.29,8412.10,521.15
155.0000,0,17,22,5,0,7,0,0,9029.51,8341.14,488.12,85.43,1500.00,240.00,-1,10,0,100,40000.0,40000.0,0,8995.29,8412.10,521.15
155.1333,0,2,21,5,0,3,0,24,9029.51,8341.14,488.12,85.43,1500.00,240.00,-1,10,0,100,0.0,40000.0,0,8995.29,8412.10,521.15
155.1333,0,3,1,0,0,7,0,0,9029.51,8341.14,488.12,85.43,1500.00,390.00,-1,10,0,100,40000.0,40000.0,0,8995.29,8412.10,521.15
155.1333,0,5,21,5,8,7,0,0,4658.84,6274.97,772.30,4841.00,1500.00,240.00,-1,10,0,100,13200.0,40000.0,0,8995.29,8412.10,521.15
155.1333,0,7,21,5,0,7,0,0,9465.01,4340.65,528.77,4098.47,1500.00,240.00,-1,10,0,100,40000.0,40000.0,0,8995.29,8412.10,521.15
155.1333,0,16,24,5,0,7,0,0,9029.51,8341.14,488.12,85.43,1500.00,240.00,-1,10,0,100,40000.0,40000.0,0,8995.29,8412.10,521.15
155.1333,0,17,22,5,0,7,0,0,9029.51,8341.14,488.12,85.43,1500.00,240.00,-1,10,0,100,40000.0,40000.0,0,8995.29,8412.10,521.15
155.2667,0,2,21,5,0,3,0,24,9029.51,8341.14,488.12,85.43,1500.00,240.00,-1,10,0,100,0.0,40000.0,0,8995.29,8412.10,521.15
155.2667,0,3,1,0,0,7,0,0,9029.51,8341.14,488.12,85.43,1500.00,390.00,-1,10,0,100,40000.0,40000.0,0,8995.29,8412.10,521.15
155.2667,0,5,21,5,8,7,0,0,4658.84,6274.97,772.30,4841.00,1500.00,240.00,-1,10,0,100,13200.0,40000.0,0,8995.29,8412.10,521.15
155.2667,0,7,21,5,0,7,0,0,9465.01,4340.65,528.77,4098.47,1500.00,240.00,-1,10,0,100,40000.0,40000.0,0,8995.29,8412.10,521.15
155.2667,0,16,24,5,0,7,0,0,9029.51,8341.14,488.12,85.43,1500.00,240.00,-1,10,0,100,40000.0,40000.0,0,8995.29,8412.10,521.15
155.2667,0,17,22,5,0,7,0,0,9029.51,8341.14,488.12,85.43,1500.00,240.00,-1,10,0,100,40000.0,40000.0,0,8995.29,8412.10,521.15
155.4167,0,2,21,5,0,3,0,24,9029.51,8341.14,488.12,85.43,1500.00,240.00,-1,10,0,100,0.0,40000.0,0,8995.29,8412.10,521.15
155.4167,0,3,1,0,0,7,0,0,9029.51,8341.14,488.12,85.43,1500.00,390.00,-1,10,0,100,40000.0,40000.0,0,8995.29,8412.10,521.15
155.4167,0,5,21,5,8,7,0,0,4658.84,6274.97,772.30,4841.00,1500.00,240.00,-1,10,0,100,13200.0,40000.0,0,8995.29,8412.10,521.15
155.4167,0,7,21,5,0,7,0,0,9465.01,4340.65,528.77,4098.47,1500.00,240.00,-1,10,0,100,40000.0,40000.0,0,8995.29,8412.10,521.15
155.4167,0,16,24,5,0,7,0,0,9029.51,8341.14,488.12,85.43,1500.00,240.00,-1,10,0,100,40000.0,40000.0,0,8995.29,8412.10,521.15
155.4167,0,17,22,5,0,7,0,0,9029.51,8341.14,488.12,85.43,1500.00,240.00,-1,10,0,100,40000.0,40000.0,0,8995.29,8412.10,521.15
155.5500,0,2,21,5,0,3,0,24,9029.51,8341.14,488.12,85.43,1500.00,240.00,-1,10,0,100,0.0,40000.0,0,8995.29,8412.10,521.15
155.5500,0,3,1,0,0,7,0,0,9029.51,8341.14,488.12,85.43,1500.00,390.00,-1,10,0,100,40000.0,40000.0,0,8995.29,8412.10,521.15
155.5500,0,5,21,5,8,7,0,0,4658.84,6274.97,772.30,4841.00,1500.00,240.00,-1,10,0,100,13200.0,40000.0,0,8995.29,8412.10,521.15
155.5500,0,7,21,5,0,7,0,0,9465.01,4340.65,528.77,4098.47,1500.00,240.00,-1,10,0,100,40000.0,40000.0,0,8995.29,8412.10,521.15
155.5500,0,16,24,5,0,7,0,0,9029.51,8341.14,488.12,85.43,1500.00,240.00,-1,10,0,100,40000.0,40000.0,0,8995.29,8412.10,521.15
155.5500,0,17,22,5,0,7,0,0,9029.51,8341.14,488.12,85.43,1500.00,240.00,-1,10,0,100,40000.0,40000.0,0,8995.29,8412.10,521.15
155.6833,0,2,21,5,0,3,0,24,9029.51,8341.14,488.12,85.43,1500.00,240.00,-1,10,0,100,0.0,40000.0,0,8995.29,8412.10,521.15
155.6833,0,3,1,0,0,7,0,0,9029.51,8341.14,488.12,85.43,1500.00,390.00,-1,10,0,100,40000.0,40000.0,0,8995.29,8412.10,521.15
155.6833,0,5,21,5,8,7,0,0,4658.84,6274.97,772.30,4841.00,1500.00,240.00,-1,10,0,100,13200.0,40000.0,0,8995.29,8412.10,521.15
155.6833,0,7,21,5,0,7,0,0,9465.01,4340.65,528.77,4098.47,1500.00,240.00,-1,10,0,100,40000.0,40000.0,0,8995.29,8412.10,521.15
155.6833,0,16,24,5,0,7,0,0,9029.51,8341.14,488.12,85.43,1500.00,240.00,-1,10,0,100,40000.0,40000.0,0,8995.29,8412.10,521.15
155.6833,0,17,22,5,0,7,0,0,9029.51,8341.14,488.12,85.43,1500.00,240.00,-1,10,0,100,40000.0,40000.0,0,8995.29,8412.10,521.15
155.8167,0,2,21,5,0,3,0,24,9029.51,8341.14,488.12,85.43,1500.00,240.00,-1,10,0,100,0.0,40000.0,0,8995.29,8412.10,521.15
155.8167,0,3,1,0,0,7,0,0,9029.51,8341.14,488.12,85.43,1500.00,390.00,-1,10,0,100,40000.0,40000.0,0,8995.29,8412.10,521.15
155.8167,0,5,21,5,8,7,0,0,4658.84,6274.97,772.30,4841.00,1500.00,240.00,-1,10,0,100,13200.0,40000.0,0,8995.29,8412.10,521.15
155.8167,0,7,21,5,0,7,0,0,9465.01,4340.65,528.77,4098.47,1500.00,240.00,-1,10,0,100,40000.0,40000.0,0,8995.29,8412.10,521.15
155.8167,0,16,24,5,0,7,0,0,9029.51,8341.14,488.12,85.43,1500.00,240.00,-1,10,0,100,40000.0,40000.0,0,8995.29,8412.10,521.15
155.8167,0,17,22,5,0,7,0,0,9029.51,8341.14,488.12,85.43,1500.00,240.00,-1,10,0,100,40000.0,40000.0,0,8995.29,8412.10,521.15
155.9500,0,2,21,5,0,3,0,24,9029.51,8341.14,488.12,85.43,1500.00,240.00,-1,10,0,100,0.0,40000.0,0,8995.29,8412.10,521.15
155.9500,0,3,1,0,0,7,0,0,9029.51,8341.14,488.12,85.43,1500.00,390.00,-1,10,0,100,40000.0,40000.0,0,8995.29,8412.10,521.15
155.9500,0,5,21,5,8,7,0,0,4658.84,6274.97,772.30,4841.00,1500.00,240.00,-1,10,0,100,13200.0,40000.0,0,8995.29,8412.10,521.15
155.9500,0,7,21,5,0,7,0,0,9465.01,4340.65,528.77,4098.47,1500.00,240.00,-1,10,0,100,40000.0,40000.0,0,8995.29,8412.10,521.15
155.9500,0,16,24,5,0,7,0,0,9029.51,8341.14,488.12,85.43,1500.00,240.00,-1,10,0,100,40000.0,40000.0,0,8995.29,8412.10,521.15
155.9500,0,17,22,5,0,7,0,0,9029.51,8341.14,488.12,85.43,1500.00,240.00,-1,10,0,100,40000.0,40000.0,0,8995.29,8412.10,521.15
156.0833,0,2,21,5,0,3,0,24,9029.51,8341.14,488.12,85.43,1500.00,240.00,-1,10,0,100,0.0,40000.0,0,8995.29,8412.10,521.15
156.0833,0,3,1,0,0,7,0,0,9029.51,8341.14,488.12,85.43,1500.00,390.00,-1,10,0,100,40000.0,40000.0,0,8995.29,8412.10,521.15
156.0833,0,5,21,5,8,7,0,0,4658.84,6274.97,772.30,4841.00,1500.00,240.00,-1,10,0,100,13200.0,40000.0,0,8995.29,8412.10,521.15
156.0833,0,7,21,5,0,7,0,0,9465.01,4340.65,528.77,4098.47,1500.00,240.00,-1,10,0,100,40000.0,40000.0,0,8995.29,8412.10,521.15
156.0833,0,16,24,5,0,7,0,0,9029.51,8341.14,488.12,85.43,1500.00,240.00,-1,10,0,100,40000.0,40000.0,0,8995.29,8412.10,521.15
156.0833,0,17,22,5,0,7,0,0,9029.51,8341.14,488.12,85.43,1500.00,240.00,-1,10,0,100,40000.0,40000.0,0,8995.29,8412.10,521.15
156.2333,0,2,21,5,0,3,0,24,9029.51,8341.14,488.12,85.43,1500.00,240.00,-1,10,0,100,0.0,40000.0,0,8995.29,8412.10,521.15
156.2333,0,3,1,0,0,7,0,0,9029.51,8341.14,488.12,85.43,1500.00,390.00,-1,10,0,100,40000.0,40000.0,0,8995.29,8412.10,521.15
156.2333,0,5,21,5,8,7,0,0,4658.84,6274.97,772.30,4841.00,1500.00,240.00,-1,10,0,100,13200.0,40000.0,0,8995.29,8412.10,521.15
156.2333,0,7,21,5,0,7,0,0,9465.01,4340.65,528.77,4098.47,1500.00,240.00,-1,10,0,100,40000.0,40000.0,0,8995.29,8412.10,521.15
156.2333,0,16,24,5,0,7,0,0,9029.51,8341.14,488.12,85.43,1500.00,240.00,-1,10,0,100,40000.0,40000.0,0,8995.29,8412.10,521.15
156.2333,0,17,22,5,0,7,0,0,9029.51,8341.14,488.12,85.43,1500.00,240.00,-1,10,0,100,40000.0,40000.0,0,8995.29,8412.10,521.15
156.3667,0,2,21,5,0,3,0,24,9029.51,8341.14,488.12,83.61,1500.00,240.00,-1,10,0,100,0.0,40000.0,0,9000.42,8412.17,521.25
156.3667,0,3,1,0,0,7,0,0,9029.51,8341.14,488.12,83.61,1500.00,390.00,-1,10,0,100,40000.0,40000.0,0,9000.42,8412.17,521.25
156.3667,0,5,21,5,8,7,0,0,4658.84,6274.97,772.30,4845.62,1500.00,240.00,-1,10,0,100,13200.0,40000.0,0,9000.42,8412.17,521.25
156.3667,0,7,21,5,0,7,0,0,9465.01,4340.65,528.77,4097.95,1500.00,240.00,-1,10,0,100,40000.0,40000.0,0,9000.42,8412.17,521.25
156.3667,0,16,24,5,0,7,0,0,9029.51,8341.14,488.12,83.61,1500.00,240.00,-1,10,0,100,40000.0,40000.0,0,9000.42,8412.17,521.25
156.3667,0,17,22,5,0,7,0,0,9029.51,8341.14,488.12,83.61,1500.00,240.00,-1,10,0,100,40000.0,40000.0,0,9000.42,8412.17,521.25
156.5000,0,2,21,5,0,3,0,24,9029.51,8341.14,488.12,79.59,1500.00,240.00,-1,10,0,100,0.0,40000.0,0,9019.97,8412.58,521.88
156.5000,0,3,1,0,0,7,0,0,9029.51,8341.14,488.12,79.59,1500.00,390.00,-1,10,0,100,40000.0,40000.0,0,9019.97,8412.58,521.88
156.5000,0,5,21,5,8,7,0,0,4658.84,6274.97,772.30,4863.29,1500.00,240.00,-1,10,0,100,13200.0,40000.0,0,9019.97,8412.58,521.88
156.5000,0,7,21,5,0,7,0,0,9465.01,4340.65,528.77,4096.19,1500.00,240.00,-1,10,0,100,40000.0,40000.0,0,9019.97,8412.58,521.88
156.5000,0,16,24,5,0,7,0,0,9029.51,8341.14,488.12,79.59,1500.00,240.00,-1,10,0,100,40000.0,40000.0,0,9019.97,8412.58,521.88
156.5000,0,17,22,5,0,7,0,0,9029.51,8341.14,488.12,79.59,1500.00,240.00,-1,10,0,100,40000.0,40000.0,0,9019.97,8412.58,521.88
156.6333,0,2,21,5,0,3,0,24,9029.51,8341.14,488.12,74.88,1500.00,240.00,-1,10,0,100,0.0,40000.0,0,9039.36,8410.66,514.14
156.6333,0,3,1,0,0,7,0,0,9029.51,8341.14,488.12,74.88,1500.00,390.00,-1,10,0,100,40000.0,40000.0,0,9039.36,8410.66,514.14
156.6333,0,5,21,5,8,7,0,0,4658.84,6274.97,772.30,4880.25,1500.00,240.00,-1,10,0,100,13200.0,40000.0,0,9039.36,8410.66,514.14
156.6333,0,7,21,5,0,7,0,0,9465.01,4340.65,528.77,4092.23,1500.00,240.00,-1,10,0,100,40000.0,40000.0,0,9039.36,8410.66,514.14
156.6333,0,16,24,5,0,7,0,0,9029.51,8341.14,488.12,74.88,1500.00,240.00,-1,10,0,100,40000.0,40000.0,0,9039.36,8410.66,514.14
156.6333,0,17,22,5,0,7,0,0,9029.51,8341.14,488.12,74.88,1500.00,240.00,-1,10,0,100,40000.0,40000.0,0,9039.36,8410.66,514.14
156.7833,0,2,21,5,0,3,0,24,9029.51,8341.14,488.12,75.11,1500.00,240.00,-1,10,0,100,0.0,40000.0,0,9050.28,8407.89,515.57
156.7833,0,3,1,0,0,7,0,0,9029.51,8341.14,488.12,75.11,1500.00,390.00,-1,10,0,100,40000.0,40000.0,0,9050.28,8407.89,515.57
156.7833,0,5,21,5,8,7,0,0,4658.84,6274.97,772.30,4888.76,1500.00,240.00,-1,10,0,100,13200.0,40000.0,0,9050.28,8407.89,515.57
156.7833,0,7,21,5,0,7,0,0,9465.01,4340.65,528.77,4088.36,1500.00,240.00,-1,10,0,100,40000.0,40000.0,0,9050.28,8407.89,515.57
156.7833,0,16,24,5,0,7,0,0,9029.51,8341.14,488.12,75.11,1500.00,240.00,-1,10,0,100,40000.0,40000.0,0,9050.28,8407.89,515.57
156.7833,0,17,22,5,0,7,0,0,9029.51,8341.14,488.12,75.11,1500.00,240.00,-1,10,0,100,40000.0,40000.0,0,9050.28,8407.89,515.57
156.9167,0,2,21,5,0,3,0,24,9029.51,8341.14,488.12,75.11,1500.00,240.00,-1,10,0,100,0.0,40000.0,0,9050.28,8407.89,515.57
156.9167,0,3,1,0,0,7,0,0,9029.51,8341.14,488.12,75.11,1500.00,390.00,-1,10,0,100,40000.0,40000.0,0,9050.28,8407.89,515.57
156.9167,0,5,21,5,8,7,0,0,4658.84,6274.97,772.30,4888.76,1500.00,240.00,-1,10,0,100,13200.0,40000.0,0,9050.28,8407.89,515.57
156.9167,0,7,21,5,0,7,0,0,9465.01,4340.65,528.77,4088.36,1500.00,240.00,-1,10,0,100,40000.0,40000.0,0,9050.28,8407.89,515.57
156.9167,0,16,24,5,0,7,0,0,9029.51,8341.14,488.12,75.11,1500.00,240.00,-1,10,0,100,40000.0,40000.0,0,9050.28,8407.89,515.57
156.9167,0,17,22,5,0,7,0,0,9029.51,8341.14,488.12,75.11,1500.00,240.00,-1,10,0,100,40000.0,40000.0,0,9050.28,8407.89,515.57
157.0667,0,2,21,5,0,3,0,24,9029.51,8341.14,488.12,75.11,1500.00,240.00,-1,10,0,100,0.0,40000.0,0,9050.28,8407.89,515.57
157.0667,0,3,1,0,0,7,0,0,9029.51,8341.14,488.12,75.11,1500.00,390.00,-1,10,0,100,40000.0,40000.0,0,9050.28,8407.89,515.57
157.0667,0,5,21,5,8,7,0,0,4658.84,6274.97,772.30,4888.76,1500.00,240.00,-1,10,0,100,13200.0,40000.0,0,9050.28,8407.89,515.57
157.0667,0,7,21,5,0,7,0,0,9465.01,4340.65,528.77,4088.36,1500.00,240.00,-1,10,0,100,40000.0,40000.0,0,9050.28,8407.89,515.57
157.0667,0,16,24,5,0,7,0,0,9029.51,8341.14,488.12,75.11,1500.00,240.00,-1,10,0,100,40000.0,40000.0,0,9050.28,8407.89,515.57
157.0667,0,17,22,5,0,7,0,0,9029.51,8341.14,488.12,75.11,1500.00,240.00,-1,10,0,100,40000.0,40000.0,0,9050.28,8407.89,515.57
157.2000,0,2,21,5,0,3,0,24,9029.51,8341.14,488.12,75.11,1500.00,240.00,-1,10,0,100,0.0,40000.0,0,9050.28,8407.89,515.57
157.2000,0,3,1,0,0,7,0,0,9029.51,8341.14,488.12,75.11,1500.00,390.00,-1,10,0,100,40000.0,40000.0,0,9050.28,8407.89,515.57
157.2000,0,5,21,5,8,7,0,0,4658.84,6274.97,772.30,4888.76,1500.00,240.00,-1,10,0,100,13200.0,40000.0,0,9050.28,8407.89,515.57
157.2000,0,7,21,5,0,7,0,0,9465.01,4340.65,528.77,4088.36,1500.00,240.00,-1,10,0,100,40000.0,40000.0,0,9050.28,8407.89,515.57
157.2000,0,16,24,5,0,7,0,0,9029.51,8341.14,488.12,75.11,1500.00,240.00,-1,10,0,100,40000.0,40000.0,0,9050.28,8407.89,515.57
157.2000,0,17,22,5,0,7,0,0,9029.51,8341.14,488.12,75.11,1500.00,240.00,-1,10,0,100,40000.0,40000.0,0,9050.28,8407.89,515.57
157.3500,0,2,21,5,0,3,0,24,9029.51,8341.14,488.12,75.11,1500.00,240.00,-1,10,0,100,0.0,40000.0,0,9050.28,8407.89,515.57
157.3500,0,3,1,0,0,7,0,0,9029.51,8341.14,488.12,75.11,1500.00,390.00,-1,10,0,100,40000.0,40000.0,0,9050.28,8407.89,515.57
157.3500,0,5,21,5,8,7,0,0,4658.84,6274.97,772.30,4888.76,1500.00,240.00,-1,10,0,100,13200.0,40000.0,0,9050.28,8407.89,515.57
157.3500,0,7,21,5,0,7,0,0,9465.01,4340.65,528.77,4088.36,1500.00,240.00,-1,10,0,100,40000.0,40000.0,0,9050.28,8407.89,515.57
157.3500,0,16,24,5,0,7,0,0,9029.51,8341.14,488.12,75.11,1500.00,240.00,-1,10,0,100,40000.0,40000.0,0,9050.28,8407.89,515.57
157.3500,0,17,22,5,0,7,0,0,9029.51,8341.14,488.12,75.11,1500.00,240.00,-1,10,0,100,40000.0,40000.0,0,9050.28,8407.89,515.57
157.4833,0,2,21,5,0,3,0,24,9029.51,8341.14,488.12,74.01,1500.00,240.00,-1,10,0,100,0.0,40000.0,0,9050.93,8406.61,515.16
157.4833,0,3,1,0,0,7,0,0,9029.51,8341.14,488.12,74.01,1500.00,390.00,-1,10,0,100,40000.0,40000.0,0,9050.93,8406.61,515.16
157.4833,0,5,21,5,8,7,0,0,4658.84,6274.97,772.30,4888.82,1500.00,240.00,-1,10,0,100,13200.0,40000.0,0,9050.93,8406.61,515.16
157.4833,0,7,21,5,0,7,0,0,9465.01,4340.65,528.77,4087.02,1500.00,240.00,-1,10,0,100,40000.0,40000.0,0,9050.93,8406.61,515.16
157.4833,0,16,24,5,0,7,0,0,9029.51,8341.14,488.12,74.01,1500.00,240.00,-1,10,0,100,40000.0,40000.0,0,9050.93,8406.61,515.16
157.4833,0,17,22,5,0,7,0,0,9029.51,8341.14,488.12,74.01,1500.00,240.00,-1,10,0,100,40000.0,40000.0,0,9050.93,8406.61,515.16
157.6167,0,2,21,5,0,3,0,24,9029.51,8341.14,488.12,69.83,1500.00,240.00,-1,10,0,100,0.0,40000.0,0,9061.07,8393.52,521.84
157.6167,0,3,1,0,0,7,0,0,9029.51,8341.14,488.12,69.83,1500.00,390.00,-1,10,0,100,40000.0,40000.0,0,9061.07,8393.52,521.84
157.6167,0,5,21,5,8,7,0,0,4658.84,6274.97,772.30,4891.90,1500.00,240.00,-1,10,0,100,13200.0,40000.0,0,9061.07,8393.52,521.84
157.6167,0,7,21,5,0,7,0,0,9465.01,4340.65,528.77,4072.95,1500.00,240.00,-1,10,0,100,40000.0,40000.0,0,9061.07,8393.52,521.84
157.6167,0,16,24,5,0,7,0,0,9029.51,8341.14,488.12,69.83,1500.00,240.00,-1,10,0,100,40000.0,40000.0,0,9061.07,8393.52,521.84
157.6167,0,17,22,5,0,7,0,0,9029.51,8341.14,488.12,69.83,1500.00,240.00,-1,10,0,100,40000.0,40000.0,0,9061.07,8393.52,521.84
157.7500,0,2,21,5,0,3,0,24,9029.51,8341.14,488.12,70.63,1500.00,240.00,-1,10,0,100,0.0,40000.0,0,9072.56,8377.66,530.56
157.7500,0,3,1,0,0,7,0,0,9029.51,8341.14,488.12,70.63,1500.00,390.00,-1,10,0,100,40000.0,40000.0,0,9072.56,8377.66,530.56
157.7500,0,5,21,5,8,7,0,0,4658.84,6274.97,772.30,4894.97,1500.00,240.00,-1,10,0,100,13200.0,40000.0,0,9072.56,8377.66,530.56
157.7500,0,7,21,5,0,7,0,0,9465.01,4340.65,528.77,4056.05,1500.00,240.00,-1,10,0,100,40000.0,40000.0,0,9072.56,8377.66,530.56
157.7500,0,16,24,5,0,7,0,0,9029.51,8341.14,488.12,70.63,1500.00,240.00,-1,10,0,100,40000.0,40000.0,0,9072.56,8377.66,530.56
157.7500,0,17,22,5,0,7,0,0,9029.51,8341.14,488.12,70.63,1500.00,240.00,-1,10,0,100,40000.0,40000.0,0,9072.56,8377.66,530.56
157.9000,0,2,21,5,0,3,0,24,9029.51,8341.14,488.12,70.10,1500.00,240.00,-1,10,0,100,0.0,40000.0,0,9082.45,8357.29,531.15
157.9000,0,3,1,0,0,7,0,0,9029.51,8341.14,488.12,70.10,1500.00,390.00,-1,10,0,100,40000.0,40000.0,0,9082.45,8357.29,531.15
157.9000,0,5,21,5,8,7,0,0,4658.84,6274.97,772.30,4895.16,1500.00,240.00,-1,10,0,100,13200.0,40000.0,0,9082.45,8357.29,531.15
157.9000,0,7,21,5,0,7,0,0,9465.01,4340.65,528.77,4034.81,1500.00,240.00,-1,10,0,100,40000.0,40000.0,0,9082.45,8357.29,531.15
157.9000,0,16,24,5,0,7,0,0,9029.51,8341.14,488.12,70.10,1500.00,240.00,-1,10,0,100,40000.0,40000.0,0,9082.45,8357.29,531.15
157.9000,0,17,22,5,0,7,0,0,9029.51,8341.14,488.12,70.10,1500.00,240.00,-1,10,0,100,40000.0,40000.0,0,9082.45,8357.29,531.15
158.0500,0,2,21,5,0,3,0,24,9029.51,8341.14,488.12,73.73,1500.00,240.00,-1,10,0,100,0.0,40000.0,0,9090.46,8338.58,529.54
158.0500,0,3,1,0,0,7,0,0,9029.51,8341.14,488.12,73.73,1500.00,390.00,-1,10,0,100,40000.0,40000.0,0,9090.46,8338.58,529.54
158.0500,0,5,21,5,8,7,0,0,4658.84,6274.97,772.30,4894.55,1500.00,240.00,-1,10,0,100,13200.0,40000.0,0,9090.46,8338.58,529.54
158.0500,0,7,21,5,0,7,0,0,9465.01,4340.65,528.77,4015.44,1500.00,240.00,-1,10,0,100,40000.0,40000.0,0,9090.46,8338.58,529.54
158.0500,0,16,24,5,0,7,0,0,9029.51,8341.14,488.12,73.73,1500.00,240.00,-1,10,0,100,40000.0,40000.0,0,9090.46,8338.58,529.54
158.0500,0,17,22,5,0,7,0,0,9029.51,8341.14,488.12,73.73,1500.00,240.00,-1,10,0,100,40000.0,40000.0,0,9090.46,8338.58,529.54
158.1833,0,2,21,5,0,3,0,24,9029.51,8341.14,488.12,78.07,1500.00,240.00,-1,10,0,100,0.0,40000.0,0,9095.37,8330.06,528.56
158.1833,0,3,1,0,0,7,0,0,9029.51,8341.14,488.12,78.07,1500.00,390.00,-1,10,0,100,40000.0,40000.0,0,9095.37,8330.06,528.56
158.1833,0,5,21,5,8,7,0,0,4658.84,6274.97,772.30,4895.47,1500.00,240.00,-1,10,0,100,13200.0,40000.0,0,9095.37,8330.06,528.56
158.1833,0,7,21,5,0,7,0,0,9465.01,4340.65,528.77,4006.50,1500.00,240.00,-1,10,0,100,40000.0,40000.0,0,9095.37,8330.06,528.56
158.1833,0,16,24,5,0,7,0,0,9029.51,8341.14,488.12,78.07,1500.00,240.00,-1,10,0,100,40000.0,40000.0,0,9095.37,8330.06,528.56
158.1833,0,17,22,5,0,7,0,0,9029.51,8341.14,488.12,78.07,1500.00,240.00,-1,10,0,100,40000.0,40000.0,0,9095.37,8330.06,528.56
158.3167,0,2,21,5,0,3,0,24,9029.51,8341.14,488.12,82.66,1500.00,240.00,-1,10,0,100,0.0,40000.0,0,9099.56,8321.32,527.28
158.3167,0,3,1,0,0,7,0,0,9029.51,8341.14,488.12,82.66,1500.00,390.00,-1,10,0,100,40000.0,40000.0,0,9099.56,8321.32,527.28
158.3167,0,5,21,5,8,7,0,0,4658.84,6274.97,772.30,4895.68,1500.00,240.00,-1,10,0,100,13200.0,40000.0,0,9099.56,8321.32,527.28
158.3167,0,7,21,5,0,7,0,0,9465.01,4340.65,528.77,3997.41,1500.00,240.00,-1,10,0,100,40000.0,40000.0,0,9099.56,8321.32,527.28
158.3167,0,16,24,5,0,7,0,0,9029.51,8341.14,488.12,82.66,1500.00,240.00,-1,10,0,100,40000.0,40000.0,0,9099.56,8321.32,527.28
158.3167,0,17,22,5,0,7,0,0,9029.51,8341.14,488.12,82.66,1500.00,240.00,-1,10,0,100,40000.0,40000.0,0,9099.56,8321.32,527.28
158.4667,0,2,21,5,0,3,0,24,9029.51,8341.14,488.12,82.95,1500.00,240.00,-1,10,0,100,0.0,40000.0,0,9099.85,8320.70,527.06
158.4667,0,3,1,0,0,7,0,0,9029.51,8341.14,488.12,82.95,1500.00,390.00,-1,10,0,100,40000.0,40000.0,0,9099.85,8320.70,527.06
158.4667,0,5,21,5,8,7,0,0,4658.84,6274.97,772.30,4895.68,1500.00,240.00,-1,10,0,100,13200.0,40000.0,0,9099.85,8320.70,527.06
158.4667,0,7,21,5,0,7,0,0,9465.01,4340.65,528.77,3996.76,1500.00,240.00,-1,10,0,100,40000.0,40000.0,0,9099.85,8320.70,527.06
158.4667,0,16,24,5,0,7,0,0,9029.51,8341.14,488.12,82.95,1500.00,240.00,-1,10,0,100,40000.0,40000.0,0,9099.85,8320.70,527.06
158.4667,0,17,22,5,0,7,0,0,9029.51,8341.14,488.12,82.95,1500.00,240.00,-1,10,0,100,40000.0,40000.0,0,9099.85,8320.70,527.06
158.6000,0,2,21,5,0,3,0,24,9029.51,8341.14,488.12,82.95,1500.00,240.00,-1,10,0,100,0.0,40000.0,0,9099.85,8320.70,527.06
158.6000,0,3,1,0,0,7,0,0,9029.51,8341.14,488.12,82.95,1500.00,390.00,-1,10,0,100,40000.0,40000.0,0,9099.85,8320.70,527.06
158.6000,0,5,21,5,8,7,0,0,4658.84,6274.97,772.30,4895.68,1500.00,240.00,-1,10,0,100,13200.0,40000.0,0,9099.85,8320.70,527.06
158.6000,0,7,21,5,0,7,0,0,9465.01,4340.65,528.77,3996.76,1500.00,240.00,-1,10,0,100,40000.0,40000.0,0,9099.85,8320.70,527.06
158.6000,0,16,24,5,0,7,0,0,9029.51,8341.14,488.12,82.95,1500.00,240.00,-1,10,0,100,40000.0,40000.0,0,9099.85,8320.70,527.06
158.6000,0,17,22,5,0,7,0,0,9029.51,8341.14,488.12,82.95,1500.00,240.00,-1,10,0,100,40000.0,40000.0,0,9099.85,8320.70,527.06
158.7500,0,2,21,5,0,3,0,24,9029.51,8341.14,488.12,82.95,1500.00,240.00,-1,10,0,100,0.0,40000.0,0,9099.85,8320.70,527.06
158.7500,0,3,1,0,0,7,0,0,9029.51,8341.14,488.12,82.95,1500.00,390.00,-1,10,0,100,40000.0,40000.0,0,9099.85,8320.70,527.06
158.7500,0,5,21,5,8,7,0,0,4658.84,6274.97,772.30,4895.68,1500.00,240.00,-1,10,0,100,13200.0,40000.0,0,9099.85,8320.70,527.06
158.7500,0,7,21,5,0,7,0,0,9465.01,4340.65,528.77,3996.76,1500.00,240.00,-1,10,0,100,40000.0,40000.0,0,9099.85,8320.70,527.06
158.7500,0,16,24,5,0,7,0,0,9029.51,8341.14,488.12,82.95,1500.00,240.00,-1,10,0,100,40000.0,40000.0,0,9099.85,8320.70,527.06
158.7500,0,17,22,5,0,7,0,0,9029.51,8341.14,488.12,82.95,1500.00,240.00,-1,10,0,100,40000.0,40000.0,0,9099.85,8320.70,527.06
158.8833,0,2,21,5,0,3,0,24,9029.51,8341.14,488.12,82.95,1500.00,240.00,-1,10,0,100,0.0,40000.0,0,9099.85,8320.70,527.06
158.8833,0,3,1,0,0,7,0,0,9029.51,8341.14,488.12,82.95,1500.00,390.00,-1,10,0,100,40000.0,40000.0,0,9099.85,8320.70,527.06
158.8833,0,5,21,5,8,7,0,0,4658.84,6274.97,772.30,4895.68,1500.00,240.00,-1,10,0,100,13200.0,40000.0,0,9099.85,8320.70,527.06
158.8833,0,7,21,5,0,7,0,0,9465.01,4340.65,528.77,3996.76,1500.00,240.00,-1,10,0,100,40000.0,40000.0,0,9099.85,8320.70,527.06
158.8833,0,16,24,5,0,7,0,0,9029.51,8341.14,488.12,82.95,1500.00,240.00,-1,10,0,100,40000.0,40000.0,0,9099.85,8320.70,527.06
158.8833,0,17,22,5,0,7,0,0,9029.51,8341.14,488.12,82.95,1500.00,240.00,-1,10,0,100,40000.0,40000.0,0,9099.85,8320.70,527.06
159.0167,0,2,21,5,0,3,0,24,9029.51,8341.14,488.12,82.95,1500.00,240.00,-1,10,0,100,0.0,40000.0,0,9099.85,8320.70,527.06
159.0167,0,3,1,0,0,7,0,0,9029.51,8341.14,488.12,82.95,1500.00,390.00,-1,10,0,100,40000.0,40000.0,0,9099.85,8320.70,527.06
159.0167,0,5,21,5,8,7,0,0,4658.84,6274.97,772.30,4895.68,1500.00,240.00,-1,10,0,100,13200.0,40000.0,0,9099.85,8320.70,527.06
159.0167,0,7,21,5,0,7,0,0,9465.01,4340.65,528.77,3996.76,1500.00,240.00,-1,10,0,100,40000.0,40000.0,0,9099.85,8320.70,527.06
159.0167,0,16,24,5,0,7,0,0,9029.51,8341.14,488.12,82.95,1500.00,240.00,-1,10,0,100,40000.0,40000.0,0,9099.85,8320.70,527.06
159.0167,0,17,22,5,0,7,0,0,9029.51,8341.14,488.12,82.95,1500.00,240.00,-1,10,0,100,40000.0,40000.0,0,9099.85,8320.70,527.06
159.1667,0,2,21,5,0,3,0,24,9029.51,8341.14,488.12,81.79,1500.00,240.00,-1,10,0,100,0.0,40000.0,0,9097.85,8318.61,527.01
159.1667,0,3,1,0,0,7,0,0,9029.51,8341.14,488.12,81.79,1500.00,390.00,-1,10,0,100,40000.0,40000.0,0,9097.85,8318.61,527.01
159.1667,0,5,21,5,8,7,0,0,4658.84,6274.97,772.30,4893.01,1500.00,240.00,-1,10,0,100,13200.0,40000.0,0,9097.85,8318.61,527.01
159.1667,0,7,21,5,0,7,0,0,9465.01,4340.65,528.77,3994.87,1500.00,240.00,-1,10,0,100,40000.0,40000.0,0,9097.85,8318.61,527.01
159.1667,0,16,24,5,0,7,0,0,9029.51,8341.14,488.12,81.79,1500.00,240.00,-1,10,0,100,40000.0,40000.0,0,9097.85,8318.61,527.01
159.1667,0,17,22,5,0,7,0,0,9029.51,8341.14,488.12,81.79,1500.00,240.00,-1,10,0,100,40000.0,40000.0,0,9097.85,8318.61,527.01
159.3000,0,2,21,5,0,3,0,24,9029.51,8341.14,488.12,80.26,1500.00,240.00,-1,10,0,100,0.0,40000.0,0,9095.35,8316.29,526.73
159.3000,0,3,1,0,0,7,0,0,9029.51,8341.14,488.12,80.26,1500.00,390.00,-1,10,0,100,40000.0,40000.0,0,9095.35,8316.29,526.73
159.3000,0,5,21,5,8,7,0,0,4658.84,6274.97,772.30,4889.77,1500.00,240.00,-1,10,0,100,13200.0,40000.0,0,9095.35,8316.29,526.73
159.3000,0,7,21,5,0,7,0,0,9465.01,4340.65,528.77,3992.79,1500.00,240.00,-1,10,0,100,40000.0,40000.0,0,9095.35,8316.29,526.73
159.3000,0,16,24,5,0,7,0,0,9029.51,8341.14,488.12,80.26,1500.00,240.00,-1,10,0,100,40000.0,40000.0,0,9095.35,8316.29,526.73
159.3000,0,17,22,5,0,7,0,0,9029.51,8341.14,488.12,80.26,1500.00,240.00,-1,10,0,100,40000.0,40000.0,0,9095.35,8316.29,526.73
159.4333,0,2,21,5,0,3,0,24,9029.51,8341.14,488.12,78.29,1500.00,240.00,-1,10,0,100,0.0,40000.0,0,9092.82,8315.99,526.70
159.4333,0,3,1,0,0,7,0,0,9029.51,8341.14,488.12,78.29,1500.00,390.00,-1,10,0,100,40000.0,40000.0,0,9092.82,8315.99,526.70
159.4333,0,5,21,5,8,7,0,0,4658.84,6274.97,772.30,4887.36,1500.00,240.00,-1,10,0,100,13200.0,40000.0,0,9092.82,8315.99,526.70
159.4333,0,7,21,5,0,7,0,0,9465.01,4340.65,528.77,3992.72,1500.00,240.00,-1,10,0,100,40000.0,40000.0,0,9092.82,8315.99,526.70
159.4333,0,16,24,5,0,7,0,0,9029.51,8341.14,488.12,78.29,1500.00,240.00,-1,10,0,100,40000.0,40000.0,0,9092.82,8315.99,526.70
159.4333,0,17,22,5,0,7,0,0,9029.51,8341.14,488.12,78.29,1500.00,240.00,-1,10,0,100,40000.0,40000.0,0,9092.82,8315.99,526.70
159.5833,0,2,21,5,0,3,0,24,9029.51,8341.14,488.12,74.64,1500.00,240.00,-1,10,0,100,0.0,40000.0,0,9082.01,8316.02,534.86
159.5833,0,3,1,0,0,7,0,0,9029.51,8341.14,488.12,74.64,1500.00,390.00,-1,10,0,100,40000.0,40000.0,0,9082.01,8316.02,534.86
159.5833,0,5,21,5,8,7,0,0,4658.84,6274.97,772.30,4877.16,1500.00,240.00,-1,10,0,100,13200.0,40000.0,0,9082.01,8316.02,534.86
159.5833,0,7,21,5,0,7,0,0,9465.01,4340.65,528.77,3993.78,1500.00,240.00,-1,10,0,100,40000.0,40000.0,0,9082.01,8316.02,534.86
159.5833,0,16,24,5,0,7,0,0,9029.51,8341.14,488.12,74.64,1500.00,240.00,-1,10,0,100,40000.0,40000.0,0,9082.01,8316.02,534.86
159.5833,0,17,22,5,0,7,0,0,9029.51,8341.14,488.12,74.64,1500.00,240.00,-1,10,0,100,40000.0,40000.0,0,9082.01,8316.02,534.86
159.7167,0,2,21,5,0,3,0,24,9029.51,8341.14,488.12,72.01,1500.00,240.00,-1,10,0,100,0.0,40000.0,0,9068.19,8315.41,543.15
159.7167,0,3,1,0,0,7,0,0,9029.51,8341.14,488.12,72.01,1500.00,390.00,-1,10,0,100,40000.0,40000.0,0,9068.19,8315.41,543.15
159.7167,0,5,21,5,8,7,0,0,4658.84,6274.97,772.30,4863.98,1500.00,240.00,-1,10,0,100,13200.0,40000.0,0,9068.19,8315.41,543.15
159.7167,0,7,21,5,0,7,0,0,9465.01,4340.65,528.77,3994.55,1500.00,240.00,-1,10,0,100,40000.0,40000.0,0,9068.19,8315.41,543.15
159.7167,0,16,24,5,0,7,0,0,9029.51,8341.14,488.12,72.01,1500.00,240.00,-1,10,0,100,40000.0,40000.0,0,9068.19,8315.41,543.15
159.7167,0,17,22,5,0,7,0,0,9029.51,8341.14,488.12,72.01,1500.00,240.00,-1,10,0,100,40000.0,40000.0,0,9068.19,8315.41,543.15
159.8667,0,2,21,5,0,3,0,24,9029.51,8341.14,488.12,76.37,1500.00,240.00,-1,10,0,100,0.0,40000.0,0,9057.53,8315.67,554.44
159.8667,0,3,1,0,0,7,0,0,9029.51,8341.14,488.12,76.37,1500.00,390.00,-1,10,0,100,40000.0,40000.0,0,9057.53,8315.67,554.44
159.8667,0,5,21,5,8,7,0,0,4658.84,6274.97,772.30,4853.91,1500.00,240.00,-1,10,0,100,13200.0,40000.0,0,9057.53,8315.67,554.44
159.8667,0,7,21,5,0,7,0,0,9465.01,4340.65,528.77,3995.94,1500.00,240.00,-1,10,0,100,40000.0,40000.0,0,9057.53,8315.67,554.44
159.8667,0,16,24,5,0,7,0,0,9029.51,8341.14,488.12,76.37,1500.00,240.00,-1,10,0,100,40000.0,40000.0,0,9057.53,8315.67,554.44
159.8667,0,17,22,5,0,7,0,0,9029.51,8341.14,488.12,76.37,1500.00,240.00,-1,10,0,100,40000.0,40000.0,0,9057.53,8315.67,554.44
160.0000,0,2,21,5,0,3,0,24,9029.51,8341.14,488.12,71.03,1500.00,240.00,-1,10,0,100,0.0,40000.0,0,9042.93,8316.93,553.54
160.0000,0,3,1,0,0,7,0,0,9029.51,8341.14,488.12,71.03,1500.00,390.00,-1,10,0,100,40000.0,40000.0,0,9042.93,8316.93,553.54
160.0000,0,5,21,5,8,7,0,0,4658.84,6274.97,772.30,4841.25,1500.00,240.00,-1,10,0,100,13200.0,40000.0,0,9042.93,8316.93,553.54
160.0000,0,7,21,5,0,7,0,0,9465.01,4340.65,528.77,3998.70,1500.00,240.00,-1,10,0,100,40000.0,40000.0,0,9042.93,8316.93,553.54
160.0000,0,16,24,5,0,7,0,0,9029.51,8341.14,488.12,71.03,1500.00,240.00,-1,10,0,100,40000.0,40000.0,0,9042.93,8316.93,553.54
160.0000,0,17,22,5,0,7,0,0,9029.51,8341.14,488.12,71.03,1500.00,240.00,-1,10,0,100,40000.0,40000.0,0,9042.93,8316.93,553.54
160.1500,0,2,21,5,0,3,0,24,9029.51,8341.14,488.12,69.69,1500.00,240.00,-1,10,0,100,0.0,40000.0,0,9025.22,8316.54,553.18
160.1500,0,3,1,0,0,7,0,0,9029.51,8341.14,488.12,69.69,1500.00,390.00,-1,10,0,100,40000.0,40000.0,0,9025.22,8316.54,553.18
160.1500,0,5,21,5,8,7,0,0,4658.84,6274.97,772.30,4825.07,1500.00,240.00,-1,10,0,100,13200.0,40000.0,0,9025.22,8316.54,553.18
160.1500,0,7,21,5,0,7,0,0,9465.01,4340.65,528.77,4000.21,1500.00,240.00,-1,10,0,100,40000.0,40000.0,0,9025.22,8316.54,553.18
160.1500,0,16,24,5,0,7,0,0,9029.51,8341.14,488.12,69.69,1500.00,240.00,-1,10,0,100,40000.0,40000.0,0,9025.22,8316.54,553.18
160.1500,0,17,22,5,0,7,0,0,9029.51,8341.14,488.12,69.69,1500.00,240.00,-1,10,0,100,40000.0,40000.0,0,9025.22,8316.54,553.18
160.2833,0,2,21,5,0,3,0,24,9029.51,8341.14,488.12,73.94,1500.00,240.00,-1,10,0,100,0.0,40000.0,0,9009.14,8316.37,554.74
160.2833,0,3,1,0,0,7,0,0,9029.51,8341.14,488.12,73.94,1500.00,390.00,-1,10,0,100,40000.0,40000.0,0,9009.14,8316.37,554.74
160.2833,0,5,21,5,8,7,0,0,4658.84,6274.97,772.30,4810.38,1500.00,240.00,-1,10,0,100,13200.0,40000.0,0,9009.14,8316.37,554.74
160.2833,0,7,21,5,0,7,0,0,9465.01,4340.65,528.77,4001.86,1500.00,240.00,-1,10,0,100,40000.0,40000.0,0,9009.14,8316.37,554.74
160.2833,0,16,24,5,0,7,0,0,9029.51,8341.14,488.12,73.94,1500.00,240.00,-1,10,0,100,40000.0,40000.0,0,9009.14,8316.37,554.74
160.2833,0,17,22,5,0,7,0,0,9029.51,8341.14,488.12,73.94,1500.00,240.00,-1,10,0,100,40000.0,40000.0,0,9009.14,8316.37,554.74
160.4167,0,2,21,5,0,3,0,24,9029.51,8341.14,488.12,70.41,1500.00,240.00,-1,10,0,100,0.0,40000.0,0,8998.01,8318.84,547.00
160.4167,0,3,1,0,0,7,0,0,9029.51,8341.14,488.12,70.41,1500.00,390.00,-1,10,0,100,40000.0,40000.0,0,8998.01,8318.84,547.00
160.4167,0,5,21,5,8,7,0,0,4658.84,6274.97,772.30,4801.73,1500.00,240.00,-1,10,0,100,13200.0,40000.0,0,8998.01,8318.84,547.00
160.4167,0,7,21,5,0,7,0,0,9465.01,4340.65,528.77,4005.55,1500.00,240.00,-1,10,0,100,40000.0,40000.0,0,8998.01,8318.84,547.00
160.4167,0,16,24,5,0,7,0,0,9029.51,8341.14,488.12,70.41,1500.00,240.00,-1,10,0,100,40000.0,40000.0,0,8998.01,8318.84,547.00
160.4167,0,17,22,5,0,7,0,0,9029.51,8341.14,488.12,70.41,1500.00,240.00,-1,10,0,100,40000.0,40000.0,0,8998.01,8318.84,547.00
160.5667,0,2,21,5,0,3,0,24,9029.51,8341.14,488.12,71.17,1500.00,240.00,-1,10,0,100,0.0,40000.0,0,8989.72,8319.76,543.12
160.5667,0,3,1,0,0,7,0,0,9029.51,8341.14,488.12,71.17,1500.00,390.00,-1,10,0,100,40000.0,40000.0,0,8989.72,8319.76,543.12
160.5667,0,5,21,5,8,7,0,0,4658.84,6274.97,772.30,4794.81,1500.00,240.00,-1,10,0,100,13200.0,40000.0,0,8989.72,8319.76,543.12
160.5667,0,7,21,5,0,7,0,0,9465.01,4340.65,528.77,4007.42,1500.00,240.00,-1,10,0,100,40000.0,40000.0,0,8989.72,8319.76,543.12
160.5667,0,16,24,5,0,7,0,0,9029.51,8341.14,488.12,71.17,1500.00,240.00,-1,10,0,100,40000.0,40000.0,0,8989.72,8319.76,543.12
160.5667,0,17,22,5,0,7,0,0,9029.51,8341.14,488.12,71.17,1500.00,240.00,-1,10,0,100,40000.0,40000.0,0,8989.72,8319.76,543.12
160.7000,0,2,21,5,0,3,0,24,9029.51,8341.14,488.12,73.03,1500.00,240.00,-1,10,0,100,0.0,40000.0,0,8981.98,8321.27,539.88
160.7000,0,3,1,0,0,7,0,0,9029.51,8341.14,488.12,73.03,1500.00,390.00,-1,10,0,100,40000.0,40000.0,0,8981.98,8321.27,539.88
160.7000,0,5,21,5,8,7,0,0,4658.84,6274.97,772.30,4788.62,1500.00,240.00,-1,10,0,100,13200.0,40000.0,0,8981.98,8321.27,539.88
160.7000,0,7,21,5,0,7,0,0,9465.01,4340.65,528.77,4009.83,1500.00,240.00,-1,10,0,100,40000.0,40000.0,0,8981.98,8321.27,539.88
160.7000,0,16,24,5,0,7,0,0,9029.51,8341.14,488.12,73.03,1500.00,240.00,-1,10,0,100,40000.0,40000.0,0,8981.98,8321.27,539.88
160.7000,0,17,22,5,0,7,0,0,9029.51,8341.14,488.12,73.03,1500.00,240.00,-1,10,0,100,40000.0,40000.0,0,8981.98,8321.27,539.88
160.8333,0,2,21,5,0,3,0,24,9029.51,8341.14,488.12,74.89,1500.00,240.00,-1,10,0,100,0.0,40000.0,0,8975.87,8322.49,536.93
160.8333,0,3,1,0,0,7,0,0,9029.51,8341.14,488.12,74.89,1500.00,390.00,-1,10,0,100,40000.0,40000.0,0,8975.87,8322.49,536.93
160.8333,0,5,21,5,8,7,0,0,4658.84,6274.97,772.30,4783.77,1500.00,240.00,-1,10,0,100,13200.0,40000.0,0,8975.87,8322.49,536.93
160.8333,0,7,21,5,0,7,0,0,9465.01,4340.65,528.77,4011.78,1500.00,240.00,-1,10,0,100,40000.0,40000.0,0,8975.87,8322.49,536.93
160.8333,0,16,24,5,0,7,0,0,9029.51,8341.14,488.12,74.89,1500.00,240.00,-1,10,0,100,40000.0,40000.0,0,8975.87,8322.49,536.93
160.8333,0,17,22,5,0,7,0,0,9029.51,8341.14,488.12,74.89,1500.00,240.00,-1,10,0,100,40000.0,40000.0,0,8975.87,8322.49,536.93
160.9833,0,2,21,5,0,3,0,24,9029.51,8341.14,488.12,74.89,1500.00,240.00,-1,10,0,100,0.0,40000.0,0,8975.87,8322.49,536.93
160.9833,0,3,1,0,0,7,0,0,9029.51,8341.14,488.12,74.89,1500.00,390.00,-1,10,0,100,40000.0,40000.0,0,8975.87,8322.49,536.93
160.9833,0,5,21,5,8,7,0,0,4658.84,6274.97,772.30,4783.77,1500.00,240.00,-1,10,0,100,13200.0,40000.0,0,8975.87,8322.49,536.93
160.9833,0,7,21,5,0,7,0,0,9465.01,4340.65,528.77,4011.78,1500.00,240.00,-1,10,0,100,40000.0,40000.0,0,8975.87,8322.49,536.93
160.9833,0,16,24,5,0,7,0,0,9029.51,8341.14,488.12,74.89,1500.00,240.00,-1,10,0,100,40000.0,40000.0,0,8975.87,8322.49,536.93
160.9833,0,17,22,5,0,7,0,0,9029.51,8341.14,488.12,74.89,1500.00,240.00,-1,10,0,100,40000.0,40000.0,0,8975.87,8322.49,536.93
161.1167,0,2,21,5,0,3,0,24,9029.51,8341.14,488.12,76.02,1500.00,240.00,-1,10,0,100,0.0,40000.0,0,8969.83,8323.16,531.63
161.1167,0,3,1,0,0,7,0,0,9029.51,8341.14,488.12,76.02,1500.00,390.00,-1,10,0,100,40000.0,40000.0,0,8969.83,8323.16,531.63
161.1167,0,5,21,5,8,7,0,0,4658.84,6274.97,772.30,4778.88,1500.00,240.00,-1,10,0,100,13200.0,40000.0,0,8969.83,8323.16,531.63
161.1167,0,7,21,5,0,7,0,0,9465.01,4340.65,528.77,4013.18,1500.00,240.00,-1,10,0,100,40000.0,40000.0,0,8969.83,8323.16,531.63
161.1167,0,16,24,5,0,7,0,0,9029.51,8341.14,488.12,76.02,1500.00,240.00,-1,10,0,100,40000.0,40000.0,0,8969.83,8323.16,531.63
161.1167,0,17,22,5,0,7,0,0,9029.51,8341.14,488.12,76.02,1500.00,240.00,-1,10,0,100,40000.0,40000.0,0,8969.83,8323.16,531.63
161.2500,0,2,21,5,0,3,0,24,9029.51,8341.14,488.12,82.86,1500.00,240.00,-1,10,0,100,0.0,40000.0,0,8955.05,8323.14,519.70
161.2500,0,3,1,0,0,7,0,0,9029.51,8341.14,488.12,82.86,1500.00,390.00,-1,10,0,100,40000.0,40000.0,0,8955.05,8323.14,519.70
161.2500,0,5,21,5,8,7,0,0,4658.84,6274.97,772.30,4766.16,1500.00,240.00,-1,10,0,100,13200.0,40000.0,0,8955.05,8323.14,519.70
161.2500,0,7,21,5,0,7,0,0,9465.01,4340.65,528.77,4015.02,1500.00,240.00,-1,10,0,100,40000.0,40000.0,0,8955.05,8323.14,519.70
161.2500,0,16,24,5,0,7,0,0,9029.51,8341.14,488.12,82.86,1500.00,240.00,-1,10,0,100,40000.0,40000.0,0,8955.05,8323.14,519.70
161.2500,0,17,22,5,0,7,0,0,9029.51,8341.14,488.12,82.86,1500.00,240.00,-1,10,0,100,40000.0,40000.0,0,8955.05,8323.14,519.70
161.3833,0,2,21,5,0,3,0,24,9029.51,8341.14,488.12,102.79,1500.00,240.00,-1,10,0,100,0.0,40000.0,0,8933.21,8316.37,514.15
161.3833,0,3,1,0,0,7,0,0,9029.51,8341.14,488.12,102.79,1500.00,390.00,-1,10,0,100,40000.0,40000.0,0,8933.21,8316.37,514.15
161.3833,0,5,21,5,8,7,0,0,4658.84,6274.97,772.30,4743.86,1500.00,240.00,-1,10,0,100,13200.0,40000.0,0,8933.21,8316.37,514.15
161.3833,0,7,21,5,0,7,0,0,9465.01,4340.65,528.77,4011.16,1500.00,240.00,-1,10,0,100,40000.0,40000.0,0,8933.21,8316.37,514.15
161.3833,0,16,24,5,0,7,0,0,9029.51,8341.14,488.12,102.79,1500.00,240.00,-1,10,0,100,40000.0,40000.0,0,8933.21,8316.37,514.15
161.3833,0,17,22,5,0,7,0,0,9029.51,8341.14,488.12,102.79,1500.00,240.00,-1,10,0,100,40000.0,40000.0,0,8933.21,8316.37,514.15
161.5333,0,2,21,5,0,3,0,24,9029.51,8341.14,488.12,127.79,1500.00,240.00,-1,10,0,100,0.0,40000.0,0,8906.68,8313.82,510.40
161.5333,0,3,1,0,0,7,0,0,9029.51,8341.14,488.12,127.79,1500.00,390.00,-1,10,0,100,40000.0,40000.0,0,8906.68,8313.82,510.40
161.5333,0,5,21,5,8,7,0,0,4658.84,6274.97,772.30,4719.08,1500.00,240.00,-1,10,0,100,13200.0,40000.0,0,8906.68,8313.82,510.40
161.5333,0,7,21,5,0,7,0,0,9465.01,4340.65,528.77,4012.25,1500.00,240.00,-1,10,0,100,40000.0,40000.0,0,8906.68,8313.82,510.40
161.5333,0,16,24,5,0,7,0,0,9029.51,8341.14,488.12,127.79,1500.00,240.00,-1,10,0,100,40000.0,40000.0,0,8906.68,8313.82,510.40
161.5333,0,17,22,5,0,7,0,0,9029.51,8341.14,488.12,127.79,1500.00,240.00,-1,10,0,100,40000.0,40000.0,0,8906.68,8313.82,510.40
161.6833,0,2,21,5,0,3,0,24,9029.51,8341.14,488.12,153.36,1500.00,240.00,-1,10,0,100,0.0,40000.0,0,8882.52,8302.38,508.35
161.6833,0,3,1,0,0,7,0,0,9029.51,8341.14,488.12,153.36,1500.00,390.00,-1,10,0,100,40000.0,40000.0,0,8882.52,8302.38,508.35
161.6833,0,5,21,5,8,7,0,0,4658.84,6274.97,772.30,4692.50,1500.00,240.00,-1,10,0,100,13200.0,40000.0,0,8882.52,8302.38,508.35
161.6833,0,7,21,5,0,7,0,0,9465.01,4340.65,528.77,4004.37,1500.00,240.00,-1,10,0,100,40000.0,40000.0,0,8882.52,8302.38,508.35
161.6833,0,16,24,5,0,7,0,0,9029.51,8341.14,488.12,153.36,1500.00,240.00,-1,10,0,100,40000.0,40000.0,0,8882.52,8302.38,508.35
161.6833,0,17,22,5,0,7,0,0,9029.51,8341.14,488.12,153.36,1500.00,240.00,-1,10,0,100,40000.0,40000.0,0,8882.52,8302.38,508.35
161.8333,0,2,21,5,0,3,0,24,9029.51,8341.14,488.12,175.35,1500.00,240.00,-1,10,0,100,0.0,40000.0,0,8865.63,8281.62,506.78
161.8333,0,3,1,0,0,7,0,0,9029.51,8341.14,488.12,175.35,1500.00,390.00,-1,10,0,100,40000.0,40000.0,0,8865.63,8281.62,506.78
161.8333,0,5,21,5,8,7,0,0,4658.84,6274.97,772.30,4668.43,1500.00,240.00,-1,10,0,100,13200.0,40000.0,0,8865.63,8281.62,506.78
161.8333,0,7,21,5,0,7,0,0,9465.01,4340.65,528.77,3986.35,1500.00,240.00,-1,10,0,100,40000.0,40000.0,0,8865.63,8281.62,506.78
161.8333,0,16,24,5,0,7,0,0,9029.51,8341.14,488.12,175.35,1500.00,240.00,-1,10,0,100,40000.0,40000.0,0,8865.63,8281.62,506.78
161.8333,0,17,22,5,0,7,0,0,9029.51,8341.14,488.12,175.35,1500.00,240.00,-1,10,0,100,40000.0,40000.0,0,8865.63,8281.62,506.78
161.9833,0,2,21,5,0,3,0,24,9029.51,8341.14,488.12,194.53,1500.00,240.00,-1,10,0,100,0.0,40000.0,0,8854.78,8257.12,504.06
161.9833,0,3,1,0,0,7,0,0,9029.51,8341.14,488.12,194.53,1500.00,390.00,-1,10,0,100,40000.0,40000.0,0,8854.78,8257.12,504.06
161.9833,0,5,21,5,8,7,0,0,4658.84,6274.97,772.30,4648.32,1500.00,240.00,-1,10,0,100,13200.0,40000.0,0,8854.78,8257.12,504.06
161.9833,0,7,21,5,0,7,0,0,9465.01,4340.65,528.77,3963.81,1500.00,240.00,-1,10,0,100,40000.0,40000.0,0,8854.78,8257.12,504.06
161.9833,0,16,24,5,0,7,0,0,9029.51,8341.14,488.12,194.53,1500.00,240.00,-1,10,0,100,40000.0,40000.0,0,8854.78,8257.12,504.06
161.9833,0,17,22,5,0,7,0,0,9029.51,8341.14,488.12,194.53,1500.00,240.00,-1,10,0,100,40000.0,40000.0,0,8854.78,8257.12,504.06
162.1333,0,2,21,5,0,3,0,24,9029.51,8341.14,488.12,218.06,1500.00,240.00,-1,10,0,100,0.0,40000.0,0,8838.50,8236.60,499.93
162.1333,0,3,1,0,0,7,0,0,9029.51,8341.14,488.12,218.06,1500.00,390.00,-1,10,0,100,40000.0,40000.0,0,8838.50,8236.60,499.93
162.1333,0,5,21,5,8,7,0,0,4658.84,6274.97,772.30,4625.13,1500.00,240.00,-1,10,0,100,13200.0,40000.0,0,8838.50,8236.60,499.93
162.1333,0,7,21,5,0,7,0,0,9465.01,4340.65,528.77,3946.11,1500.00,240.00,-1,10,0,100,40000.0,40000.0,0,8838.50,8236.60,499.93
162.1333,0,16,24,5,0,7,0,0,9029.51,8341.14,488.12,218.06,1500.00,240.00,-1,10,0,100,40000.0,40000.0,0,8838.50,8236.60,499.93
162.1333,0,17,22,5,0,7,0,0,9029.51,8341.14,488.12,218.06,1500.00,240.00,-1,10,0,100,40000.0,40000.0,0,8838.50,8236.60,499.93
162.2833,0,2,21,5,0,3,0,24,9029.51,8341.14,488.12,244.51,1500.00,240.00,-1,10,0,100,0.0,40000.0,0,8817.55,8219.77,499.47
162.2833,0,3,1,0,0,7,0,0,9029.51,8341.14,488.12,244.51,1500.00,390.00,-1,10,0,100,40000.0,40000.0,0,8817.55,8219.77,499.47
162.2833,0,5,21,5,8,7,0,0,4658.84,6274.97,772.30,4599.09,1500.00,240.00,-1,10,0,100,13200.0,40000.0,0,8817.55,8219.77,499.47
162.2833,0,7,21,5,0,7,0,0,9465.01,4340.65,528.77,3932.90,1500.00,240.00,-1,10,0,100,40000.0,40000.0,0,8817.55,8219.77,499.47
162.2833,0,16,24,5,0,7,0,0,9029.51,8341.14,488.12,244.51,1500.00,240.00,-1,10,0,100,40000.0,40000.0,0,8817.55,8219.77,499.47
162.2833,0,17,22,5,0,7,0,0,9029.51,8341.14,488.12,244.51,1500.00,240.00,-1,10,0,100,40000.0,40000.0,0,8817.55,8219.77,499.47
162.4333,0,2,21,5,0,3,0,24,9029.51,8341.14,488.12,271.27,1500.00,240.00,-1,10,0,100,0.0,40000.0,0,8795.21,8204.87,498.94
162.4333,0,3,1,0,0,7,0,0,9029.51,8341.14,488.12,271.27,1500.00,390.00,-1,10,0,100,40000.0,40000.0,0,8795.21,8204.87,498.94
162.4333,0,5,21,5,8,7,0,0,4658.84,6274.97,772.30,4572.61,1500.00,240.00,-1,10,0,100,13200.0,40000.0,0,8795.21,8204.87,498.94
162.4333,0,7,21,5,0,7,0,0,9465.01,4340.65,528.77,3921.95,1500.00,240.00,-1,10,0,100,40000.0,40000.0,0,8795.21,8204.87,498.94
162.4333,0,16,24,5,0,7,0,0,9029.51,8341.14,488.12,271.27,1500.00,240.00,-1,10,0,100,40000.0,40000.0,0,8795.21,8204.87,498.94
162.4333,0,17,22,5,0,7,0,0,9029.51,8341.14,488.12,271.27,1500.00,240.00,-1,10,0,100,40000.0,40000.0,0,8795.21,8204.87,498.94
162.5833,0,2,21,5,0,3,0,24,9029.51,8341.14,488.12,297.94,1500.00,240.00,-1,10,0,100,0.0,40000.0,0,8771.93,8191.76,498.34
162.5833,0,3,1,0,0,7,0,0,9029.51,8341.14,488.12,297.94,1500.00,390.00,-1,10,0,100,40000.0,40000.0,0,8771.93,8191.76,498.34
162.5833,0,5,21,5,8,7,0,0,4658.84,6274.97,772.30,4546.06,1500.00,240.00,-1,10,0,100,13200.0,40000.0,0,8771.93,8191.76,498.34
162.5833,0,7,21,5,0,7,0,0,9465.01,4340.65,528.77,3913.10,1500.00,240.00,-1,10,0,100,40000.0,40000.0,0,8771.93,8191.76,498.34
162.5833,0,16,24,5,0,7,0,0,9029.51,8341.14,488.12,297.94,1500.00,240.00,-1,10,0,100,40000.0,40000.0,0,8771.93,8191.76,498.34
162.5833,0,17,22,5,0,7,0,0,9029.51,8341.14,488.12,297.94,1500.00,240.00,-1,10,0,100,40000.0,40000.0,0,8771.93,8191.76,498.34
162.7333,0,2,21,5,0,3,0,24,9029.51,8341.14,488.12,324.58,1500.00,240.00,-1,10,0,100,0.0,40000.0,0,8748.29,8179.35,497.71
162.7333,0,3,1,0,0,7,0,0,9029.51,8341.14,488.12,324.58,1500.00,390.00,-1,10,0,100,40000.0,40000.0,0,8748.29,8179.35,497.71
162.7333,0,5,21,5,8,7,0,0,4658.84,6274.97,772.30,4519.48,1500.00,240.00,-1,10,0,100,13200.0,40000.0,0,8748.29,8179.35,497.71
162.7333,0,7,21,5,0,7,0,0,9465.01,4340.65,528.77,3905.16,1500.00,240.00,-1,10,0,100,40000.0,40000.0,0,8748.29,8179.35,497.71
162.7333,0,16,24,5,0,7,0,0,9029.51,8341.14,488.12,324.58,1500.00,240.00,-1,10,0,100,40000.0,40000.0,0,8748.29,8179.35,497.71
162.7333,0,17,22,5,0,7,0,0,9029.51,8341.14,488.12,324.58,1500.00,240.00,-1,10,0,100,40000.0,40000.0,0,8748.29,8179.35,497.71
162.8667,0,2,21,5,0,3,0,24,9029.51,8341.14,488.12,348.33,1500.00,240.00,-1,10,0,100,0.0,40000.0,0,8726.75,8169.14,497.10
162.8667,0,3,1,0,0,7,0,0,9029.51,8341.14,488.12,348.33,1500.00,390.00,-1,10,0,100,40000.0,40000.0,0,8726.75,8169.14,497.10
162.8667,0,5,21,5,8,7,0,0,4658.84,6274.97,772.30,4495.72,1500.00,240.00,-1,10,0,100,13200.0,40000.0,0,8726.75,8169.14,497.10
162.8667,0,7,21,5,0,7,0,0,9465.01,4340.65,528.77,3899.15,1500.00,240.00,-1,10,0,100,40000.0,40000.0,0,8726.75,8169.14,497.10
162.8667,0,16,24,5,0,7,0,0,9029.51,8341.14,488.12,348.33,1500.00,240.00,-1,10,0,100,40000.0,40000.0,0,8726.75,8169.14,497.10
162.8667,0,17,22,5,0,7,0,0,9029.51,8341.14,488.12,348.33,1500.00,240.00,-1,10,0,100,40000.0,40000.0,0,8726.75,8169.14,497.10
163.0167,0,2,21,5,0,3,0,24,9029.51,8341.14,488.12,375.16,1500.00,240.00,-1,10,0,100,0.0,40000.0,0,8702.16,8158.05,496.40
163.0167,0,3,1,0,0,7,0,0,9029.51,8341.14,488.12,375.16,1500.00,390.00,-1,10,0,100,40000.0,40000.0,0,8702.16,8158.05,496.40
163.0167,0,5,21,5,8,7,0,0,4658.84,6274.97,772.30,4468.85,1500.00,240.00,-1,10,0,100,13200.0,40000.0,0,8702.16,8158.05,496.40
163.0167,0,7,21,5,0,7,0,0,9465.01,4340.65,528.77,3893.02,1500.00,240.00,-1,10,0,100,40000.0,40000.0,0,8702.16,8158.05,496.40
163.0167,0,16,24,5,0,7,0,0,9029.51,8341.14,488.12,375.16,1500.00,240.00,-1,10,0,100,40000.0,40000.0,0,8702.16,8158.05,496.40
163.0167,0,17,22,5,0,7,0,0,9029.51,8341.14,488.12,375.16,1500.00,240.00,-1,10,0,100,40000.0,40000.0,0,8702.16,8158.05,496.40
163.1667,0,2,21,5,0,3,0,24,9029.51,8341.14,488.12,401.90,1500.00,240.00,-1,10,0,100,0.0,40000.0,0,8677.24,8147.82,495.67
163.1667,0,3,1,0,0,7,0,0,9029.51,8341.14,488.12,401.90,1500.00,390.00,-1,10,0,100,40000.0,40000.0,0,8677.24,8147.82,495.67
163.1667,0,5,21,5,8,7,0,0,4658.84,6274.97,772.30,4442.03,1500.00,240.00,-1,10,0,100,13200.0,40000.0,0,8677.24,8147.82,495.67
163.1667,0,7,21,5,0,7,0,0,9465.01,4340.65,528.77,3887.97,1500.00,240.00,-1,10,0,100,40000.0,40000.0,0,8677.24,8147.82,495.67
163.1667,0,16,24,5,0,7,0,0,9029.51,8341.14,488.12,401.90,1500.00,240.00,-1,10,0,100,40000.0,40000.0,0,8677.24,8147.82,495.67
163.1667,0,17,22,5,0,7,0,0,9029.51,8341.14,488.12,401.90,1500.00,240.00,-1,10,0,100,40000.0,40000.0,0,8677.24,8147.82,495.67
163.3000,0,2,21,5,0,3,0,24,9029.51,8341.14,488.12,425.39,1500.00,240.00,-1,10,0,100,0.0,40000.0,0,8654.30,8140.84,494.92
163.3000,0,3,1,0,0,7,0,0,9029.51,8341.14,488.12,425.39,1500.00,390.00,-1,10,0,100,40000.0,40000.0,0,8654.30,8140.84,494.92
163.3000,0,5,21,5,8,7,0,0,4658.84,6274.97,772.30,4418.38,1500.00,240.00,-1,10,0,100,13200.0,40000.0,0,8654.30,8140.84,494.92
163.3000,0,7,21,5,0,7,0,0,9465.01,4340.65,528.77,3885.85,1500.00,240.00,-1,10,0,100,40000.0,40000.0,0,8654.30,8140.84,494.92
163.3000,0,16,24,5,0,7,0,0,9029.51,8341.14,488.12,425.39,1500.00,240.00,-1,10,0,100,40000.0,40000.0,0,8654.30,8140.84,494.92
163.3000,0,17,22,5,0,7,0,0,9029.51,8341.14,488.12,425.39,1500.00,240.00,-1,10,0,100,40000.0,40000.0,0,8654.30,8140.84,494.92
163.4500,0,2,21,5,0,3,0,24,9029.51,8341.14,488.12,451.76,1500.00,240.00,-1,10,0,100,0.0,40000.0,0,8628.26,8133.69,495.40
163.4500,0,3,1,0,0,7,0,0,9029.51,8341.14,488.12,451.76,1500.00,390.00,-1,10,0,100,40000.0,40000.0,0,8628.26,8133.69,495.40
163.4500,0,5,21,5,8,7,0,0,4658.84,6274.97,772.30,4391.80,1500.00,240.00,-1,10,0,100,13200.0,40000.0,0,8628.26,8133.69,495.40
163.4500,0,7,21,5,0,7,0,0,9465.01,4340.65,528.77,3884.39,1500.00,240.00,-1,10,0,100,40000.0,40000.0,0,8628.26,8133.69,495.40
163.4500,0,16,24,5,0,7,0,0,9029.51,8341.14,488.12,451.76,1500.00,240.00,-1,10,0,100,40000.0,40000.0,0,8628.26,8133.69,495.40
163.4500,0,17,22,5,0,7,0,0,9029.51,8341.14,488.12,451.76,1500.00,240.00,-1,10,0,100,40000.0,40000.0,0,8628.26,8133.69,495.40
163.6000,0,2,21,5,0,3,0,24,9029.51,8341.14,488.12,474.49,1500.00,240.00,-1,10,0,100,0.0,40000.0,0,8609.99,8119.62,496.40
163.6000,0,3,1,0,0,7,0,0,9029.51,8341.14,488.12,474.49,1500.00,390.00,-1,10,0,100,40000.0,40000.0,0,8609.99,8119.62,496.40
163.6000,0,5,21,5,8,7,0,0,4658.84,6274.97,772.30,4369.26,1500.00,240.00,-1,10,0,100,13200.0,40000.0,0,8609.99,8119.62,496.40
163.6000,0,7,21,5,0,7,0,0,9465.01,4340.65,528.77,3874.62,1500.00,240.00,-1,10,0,100,40000.0,40000.0,0,8609.99,8119.62,496.40
163.6000,0,16,24,5,0,7,0,0,9029.51,8341.14,488.12,474.49,1500.00,240.00,-1,10,0,100,40000.0,40000.0,0,8609.99,8119.62,496.40
163.6000,0,17,22,5,0,7,0,0,9029.51,8341.14,488.12,474.49,1500.00,240.00,-1,10,0,100,40000.0,40000.0,0,8609.99,8119.62,496.40
163.7500,0,2,21,5,0,3,0,24,9029.51,8341.14,488.12,489.92,1500.00,240.00,-1,10,0,100,0.0,40000.0,0,8607.17,8093.05,498.08
163.7500,0,3,1,0,0,7,0,0,9029.51,8341.14,488.12,489.92,1500.00,390.00,-1,10,0,100,40000.0,40000.0,0,8607.17,8093.05,498.08
163.7500,0,5,21,5,8,7,0,0,4658.84,6274.97,772.30,4355.45,1500.00,240.00,-1,10,0,100,13200.0,40000.0,0,8607.17,8093.05,498.08
163.7500,0,7,21,5,0,7,0,0,9465.01,4340.65,528.77,3849.33,1500.00,240.00,-1,10,0,100,40000.0,40000.0,0,8607.17,8093.05,498.08
163.7500,0,16,24,5,0,7,0,0,9029.51,8341.14,488.12,489.92,1500.00,240.00,-1,10,0,100,40000.0,40000.0,0,8607.17,8093.05,498.08
163.7500,0,17,22,5,0,7,0,0,9029.51,8341.14,488.12,489.92,1500.00,240.00,-1,10,0,100,40000.0,40000.0,0,8607.17,8093.05,498.08
163.9167,0,2,21,5,0,3,0,24,9029.51,8341.14,488.12,499.85,1500.00,240.00,-1,10,0,100,0.0,40000.0,0,8613.78,8063.87,499.85
163.9167,0,3,1,0,0,7,0,0,9029.51,8341.14,488.12,499.85,1500.00,390.00,-1,10,0,100,40000.0,40000.0,0,8613.78,8063.87,499.85
163.9167,0,5,21,5,8,7,0,0,4658.84,6274.97,772.30,4349.25,1500.00,240.00,-1,10,0,100,13200.0,40000.0,0,8613.78,8063.87,499.85
163.9167,0,7,21,5,0,7,0,0,9465.01,4340.65,528.77,3819.40,1500.00,240.00,-1,10,0,100,40000.0,40000.0,0,8613.78,8063.87,499.85
163.9167,0,16,24,5,0,7,0,0,9029.51,8341.14,488.12,499.85,1500.00,240.00,-1,10,0,100,40000.0,40000.0,0,8613.78,8063.87,499.85
163.9167,0,17,22,5,0,7,0,0,9029.51,8341.14,488.12,499.85,1500.00,240.00,-1,10,0,100,40000.0,40000.0,0,8613.78,8063.87,499.85
164.0500,0,2,21,5,0,3,0,24,9029.51,8341.14,488.12,510.49,1500.00,240.00,-1,10,0,100,0.0,40000.0,0,8616.72,8041.29,505.26
164.0500,0,3,1,0,0,7,0,0,9029.51,8341.14,488.12,510.49,1500.00,390.00,-1,10,0,100,40000.0,40000.0,0,8616.72,8041.29,505.26
164.0500,0,5,21,5,8,7,0,0,4658.84,6274.97,772.30,4342.35,1500.00,240.00,-1,10,0,100,13200.0,40000.0,0,8616.72,8041.29,505.26
164.0500,0,7,21,5,0,7,0,0,9465.01,4340.65,528.77,3796.70,1500.00,240.00,-1,10,0,100,40000.0,40000.0,0,8616.72,8041.29,505.26
164.0500,0,16,24,5,0,7,0,0,9029.51,8341.14,488.12,510.49,1500.00,240.00,-1,10,0,100,40000.0,40000.0,0,8616.72,8041.29,505.26
164.0500,0,17,22,5,0,7,0,0,9029.51,8341.14,488.12,510.49,1500.00,240.00,-1,10,0,100,40000.0,40000.0,0,8616.72,8041.29,505.26
164.2000,0,2,21,5,0,3,0,24,9029.51,8341.14,488.12,526.33,1500.00,240.00,-1,10,0,100,0.0,40000.0,0,8616.81,8015.39,512.37
164.2000,0,3,1,0,0,7,0,0,9029.51,8341.14,488.12,526.33,1500.00,390.00,-1,10,0,100,40000.0,40000.0,0,8616.81,8015.39,512.37
164.2000,0,5,21,5,8,7,0,0,4658.84,6274.97,772.30,4331.53,1500.00,240.00,-1,10,0,100,13200.0,40000.0,0,8616.81,8015.39,512.37
164.2000,0,7,21,5,0,7,0,0,9465.01,4340.65,528.77,3771.40,1500.00,240.00,-1,10,0,100,40000.0,40000.0,0,8616.81,8015.39,512.37
164.2000,0,16,24,5,0,7,0,0,9029.51,8341.14,488.12,526.33,1500.00,240.00,-1,10,0,100,40000.0,40000.0,0,8616.81,8015.39,512.37
164.2000,0,17,22,5,0,7,0,0,9029.51,8341.14,488.12,526.33,1500.00,240.00,-1,10,0,100,40000.0,40000.0,0,8616.81,8015.39,512.37
164.3333,0,2,21,5,0,3,0,24,9029.51,8341.14,488.12,531.01,1500.00,240.00,-1,10,0,100,0.0,40000.0,0,8627.42,7994.95,509.22
164.3333,0,3,1,0,0,7,0,0,9029.51,8341.14,488.12,531.01,1500.00,390.00,-1,10,0,100,40000.0,40000.0,0,8627.42,7994.95,509.22
164.3333,0,5,21,5,8,7,0,0,4658.84,6274.97,772.30,4333.27,1500.00,240.00,-1,10,0,100,13200.0,40000.0,0,8627.42,7994.95,509.22
164.3333,0,7,21,5,0,7,0,0,9465.01,4340.65,528.77,3749.12,1500.00,240.00,-1,10,0,100,40000.0,40000.0,0,8627.42,7994.95,509.22
164.3333,0,16,24,5,0,7,0,0,9029.51,8341.14,488.12,531.01,1500.00,240.00,-1,10,0,100,40000.0,40000.0,0,8627.42,7994.95,509.22
164.3333,0,17,22,5,0,7,0,0,9029.51,8341.14,488.12,531.01,1500.00,240.00,-1,10,0,100,40000.0,40000.0,0,8627.42,7994.95,509.22
164.4667,0,2,21,5,0,3,0,24,9029.51,8341.14,488.12,541.97,1500.00,240.00,-1,10,0,100,0.0,40000.0,0,8632.23,7972.91,505.68
164.4667,0,3,1,0,0,7,0,0,9029.51,8341.14,488.12,541.97,1500.00,390.00,-1,10,0,100,40000.0,40000.0,0,8632.23,7972.91,505.68
164.4667,0,5,21,5,8,7,0,0,4658.84,6274.97,772.30,4329.20,1500.00,240.00,-1,10,0,100,13200.0,40000.0,0,8632.23,7972.91,505.68
164.4667,0,7,21,5,0,7,0,0,9465.01,4340.65,528.77,3726.58,1500.00,240.00,-1,10,0,100,40000.0,40000.0,0,8632.23,7972.91,505.68
164.4667,0,16,24,5,0,7,0,0,9029.51,8341.14,488.12,541.97,1500.00,240.00,-1,10,0,100,40000.0,40000.0,0,8632.23,7972.91,505.68
164.4667,0,17,22,5,0,7,0,0,9029.51,8341.14,488.12,541.97,1500.00,240.00,-1,10,0,100,40000.0,40000.0,0,8632.23,7972.91,505.68
164.6167,0,2,21,5,0,3,0,24,9029.51,8341.14,488.12,558.58,1500.00,240.00,-1,10,0,100,0.0,40000.0,0,8635.03,7946.15,507.56
164.6167,0,3,1,0,0,7,0,0,9029.51,8341.14,488.12,558.58,1500.00,390.00,-1,10,0,100,40000.0,40000.0,0,8635.03,7946.15,507.56
164.6167,0,5,21,5,8,7,0,0,4658.84,6274.97,772.30,4321.23,1500.00,240.00,-1,10,0,100,13200.0,40000.0,0,8635.03,7946.15,507.56
164.6167,0,7,21,5,0,7,0,0,9465.01,4340.65,528.77,3699.86,1500.00,240.00,-1,10,0,100,40000.0,40000.0,0,8635.03,7946.15,507.56
164.6167,0,16,24,5,0,7,0,0,9029.51,8341.14,488.12,558.58,1500.00,240.00,-1,10,0,100,40000.0,40000.0,0,8635.03,7946.15,507.56
164.6167,0,17,22,5,0,7,0,0,9029.51,8341.14,488.12,558.58,1500.00,240.00,-1,10,0,100,40000.0,40000.0,0,8635.03,7946.15,507.56
164.7500,0,2,21,5,0,3,0,24,9029.51,8341.14,488.12,577.76,1500.00,240.00,-1,10,0,100,0.0,40000.0,0,8636.44,7918.24,509.49
164.7500,0,3,1,0,0,7,0,0,9029.51,8341.14,488.12,577.76,1500.00,390.00,-1,10,0,100,40000.0,40000.0,0,8636.44,7918.24,509.49
164.7500,0,5,21,5,8,7,0,0,4658.84,6274.97,772.30,4311.70,1500.00,240.00,-1,10,0,100,13200.0,40000.0,0,8636.44,7918.24,509.49
164.7500,0,7,21,5,0,7,0,0,9465.01,4340.65,528.77,3672.34,1500.00,240.00,-1,10,0,100,40000.0,40000.0,0,8636.44,7918.24,509.49
164.7500,0,16,24,5,0,7,0,0,9029.51,8341.14,488.12,577.76,1500.00,240.00,-1,10,0,100,40000.0,40000.0,0,8636.44,7918.24,509.49
164.7500,0,17,22,5,0,7,0,0,9029.51,8341.14,488.12,577.76,1500.00,240.00,-1,10,0,100,40000.0,40000.0,0,8636.44,7918.24,509.49
164.9000,0,2,21,5,0,3,0,24,9029.51,8341.14,488.12,616.52,1500.00,240.00,-1,10,0,100,0.0,40000.0,0,8637.76,7865.77,513.59
164.9000,0,3,1,0,0,7,0,0,9029.51,8341.14,488.12,616.52,1500.00,390.00,-1,10,0,100,40000.0,40000.0,0,8637.76,7865.77,513.59
164.9000,0,5,21,5,8,7,0,0,4658.84,6274.97,772.30,4292.95,1500.00,240.00,-1,10,0,100,13200.0,40000.0,0,8637.76,7865.77,513.59
164.9000,0,7,21,5,0,7,0,0,9465.01,4340.65,528.77,3620.92,1500.00,240.00,-1,10,0,100,40000.0,40000.0,0,8637.76,7865.77,513.59
164.9000,0,16,24,5,0,7,0,0,9029.51,8341.14,488.12,616.52,1500.00,240.00,-1,10,0,100,40000.0,40000.0,0,8637.76,7865.77,513.59
164.9000,0,17,22,5,0,7,0,0,9029.51,8341.14,488.12,616.52,1500.00,240.00,-1,10,0,100,40000.0,40000.0,0,8637.76,7865.77,513.59
165.0333,0,2,21,5,0,3,0,24,9029.51,8341.14,488.12,666.55,1500.00,240.00,-1,10,0,100,0.0,40000.0,0,8638.70,7802.43,524.81
165.0333,0,3,1,0,0,7,0,0,9029.51,8341.14,488.12,666.55,1500.00,390.00,-1,10,0,100,40000.0,40000.0,0,8638.70,7802.43,524.81
165.0333,0,5,21,5,8,7,0,0,4658.84,6274.97,772.30,4270.10,1500.00,240.00,-1,10,0,100,13200.0,40000.0,0,8638.70,7802.43,524.81
165.0333,0,7,21,5,0,7,0,0,9465.01,4340.65,528.77,3559.03,1500.00,240.00,-1,10,0,100,40000.0,40000.0,0,8638.70,7802.43,524.81
165.0333,0,16,24,5,0,7,0,0,9029.51,8341.14,488.12,666.55,1500.00,240.00,-1,10,0,100,40000.0,40000.0,0,8638.70,7802.43,524.81
165.0333,0,17,22,5,0,7,0,0,9029.51,8341.14,488.12,666.55,1500.00,240.00,-1,10,0,100,40000.0,40000.0,0,8638.70,7802.43,524.81
165.1667,0,2,21,5,0,3,0,24,9029.51,8341.14,488.12,724.02,1500.00,240.00,-1,10,0,100,0.0,40000.0,0,8638.81,7733.38,534.90
165.1667,0,3,1,0,0,7,0,0,9029.51,8341.14,488.12,724.02,1500.00,390.00,-1,10,0,100,40000.0,40000.0,0,8638.81,7733.38,534.90
165.1667,0,5,21,5,8,7,0,0,4658.84,6274.97,772.30,4245.41,1500.00,240.00,-1,10,0,100,13200.0,40000.0,0,8638.81,7733.38,534.90
165.1667,0,7,21,5,0,7,0,0,9465.01,4340.65,528.77,3491.88,1500.00,240.00,-1,10,0,100,40000.0,40000.0,0,8638.81,7733.38,534.90
165.1667,0,16,24,5,0,7,0,0,9029.51,8341.14,488.12,724.02,1500.00,240.00,-1,10,0,100,40000.0,40000.0,0,8638.81,7733.38,534.90
165.1667,0,17,22,5,0,7,0,0,9029.51,8341.14,488.12,724.02,1500.00,240.00,-1,10,0,100,40000.0,40000.0,0,8638.81,7733.38,534.90
165.3167,0,2,21,5,0,3,0,24,9029.51,8341.14,488.12,778.14,1500.00,240.00,-1,10,0,100,0.0,40000.0,0,8639.25,7669.18,529.05
165.3167,0,3,1,0,0,7,0,0,9029.51,8341.14,488.12,778.14,1500.00,390.00,-1,10,0,100,40000.0,40000.0,0,8639.25,7669.18,529.05
165.3167,0,5,21,5,8,7,0,0,4658.84,6274.97,772.30,4224.54,1500.00,240.00,-1,10,0,100,13200.0,40000.0,0,8639.25,7669.18,529.05
165.3167,0,7,21,5,0,7,0,0,9465.01,4340.65,528.77,3429.43,1500.00,240.00,-1,10,0,100,40000.0,40000.0,0,8639.25,7669.18,529.05
165.3167,0,16,24,5,0,7,0,0,9029.51,8341.14,488.12,778.14,1500.00,240.00,-1,10,0,100,40000.0,40000.0,0,8639.25,7669.18,529.05
165.3167,0,17,22,5,0,7,0,0,9029.51,8341.14,488.12,778.14,1500.00,240.00,-1,10,0,100,40000.0,40000.0,0,8639.25,7669.18,529.05
165.4500,0,2,21,5,0,3,0,24,9029.51,8341.14,488.12,847.99,1500.00,240.00,-1,10,0,100,0.0,40000.0,0,8647.09,7585.81,536.31
165.4500,0,3,1,0,0,7,0,0,9029.51,8341.14,488.12,847.99,1500.00,390.00,-1,10,0,100,40000.0,40000.0,0,8647.09,7585.81,536.31
165.4500,0,5,21,5,8,7,0,0,4658.84,6274.97,772.30,4204.78,1500.00,240.00,-1,10,0,100,13200.0,40000.0,0,8647.09,7585.81,536.31
165.4500,0,7,21,5,0,7,0,0,9465.01,4340.65,528.77,3346.66,1500.00,240.00,-1,10,0,100,40000.0,40000.0,0,8647.09,7585.81,536.31
165.4500,0,16,24,5,0,7,0,0,9029.51,8341.14,488.12,847.99,1500.00,240.00,-1,10,0,100,40000.0,40000.0,0,8647.09,7585.81,536.31
165.4500,0,17,22,5,0,7,0,0,9029.51,8341.14,488.12,847.99,1500.00,240.00,-1,10,0,100,40000.0,40000.0,0,8647.09,7585.81,536.31
165.5833,0,2,21,5,0,3,0,24,9029.51,8341.14,488.12,924.96,1500.00,240.00,-1,10,0,100,0.0,40000.0,0,8659.67,7495.62,550.34
165.5833,0,3,1,0,0,7,0,0,9029.51,8341.14,488.12,924.96,1500.00,390.00,-1,10,0,100,40000.0,40000.0,0,8659.67,7495.62,550.34
165.5833,0,5,21,5,8,7,0,0,4658.84,6274.97,772.30,4188.79,1500.00,240.00,-1,10,0,100,13200.0,40000.0,0,8659.67,7495.62,550.34
165.5833,0,7,21,5,0,7,0,0,9465.01,4340.65,528.77,3256.21,1500.00,240.00,-1,10,0,100,40000.0,40000.0,0,8659.67,7495.62,550.34
165.5833,0,16,24,5,0,7,0,0,9029.51,8341.14,488.12,924.96,1500.00,240.00,-1,10,0,100,40000.0,40000.0,0,8659.67,7495.62,550.34
165.5833,0,17,22,5,0,7,0,0,9029.51,8341.14,488.12,924.96,1500.00,240.00,-1,10,0,100,40000.0,40000.0,0,8659.67,7495.62,550.34
165.7333,0,2,21,5,0,3,0,24,9029.51,8341.14,488.12,999.15,1500.00,240.00,-1,10,0,100,0.0,40000.0,0,8672.30,7411.36,566.99
165.7333,0,3,1,0,0,7,0,0,9029.51,8341.14,488.12,999.15,1500.00,390.00,-1,10,0,100,40000.0,40000.0,0,8672.30,7411.36,566.99
165.7333,0,5,21,5,8,7,0,0,4658.84,6274.97,772.30,4176.29,1500.00,240.00,-1,10,0,100,13200.0,40000.0,0,8672.30,7411.36,566.99
165.7333,0,7,21,5,0,7,0,0,9465.01,4340.65,528.77,3171.61,1500.00,240.00,-1,10,0,100,40000.0,40000.0,0,8672.30,7411.36,566.99
165.7333,0,16,24,5,0,7,0,0,9029.51,8341.14,488.12,999.15,1500.00,240.00,-1,10,0,100,40000.0,40000.0,0,8672.30,7411.36,566.99
165.7333,0,17,22,5,0,7,0,0,9029.51,8341.14,488.12,999.15,1500.00,240.00,-1,10,0,100,40000.0,40000.0,0,8672.30,7411.36,566.99
165.8667,0,2,21,5,0,3,0,24,9029.51,8341.14,488.12,1048.73,1500.00,240.00,-1,10,0,100,0.0,40000.0,0,8686.41,7355.52,591.46
165.8667,0,3,1,0,0,7,0,0,9029.51,8341.14,488.12,1048.73,1500.00,390.00,-1,10,0,100,40000.0,40000.0,0,8686.41,7355.52,591.46
165.8667,0,5,21,5,8,7,0,0,4658.84,6274.97,772.30,4173.92,1500.00,240.00,-1,10,0,100,13200.0,40000.0,0,8686.41,7355.52,591.46
165.8667,0,7,21,5,0,7,0,0,9465.01,4340.65,528.77,3114.42,1500.00,240.00,-1,10,0,100,40000.0,40000.0,0,8686.41,7355.52,591.46
165.8667,0,16,24,5,0,7,0,0,9029.51,8341.14,488.12,1048.73,1500.00,240.00,-1,10,0,100,40000.0,40000.0,0,8686.41,7355.52,591.46
165.8667,0,17,22,5,0,7,0,0,9029.51,8341.14,488.12,1048.73,1500.00,240.00,-1,10,0,100,40000.0,40000.0,0,8686.41,7355.52,591.46
166.0000,0,2,21,5,0,3,0,24,9029.51,8341.14,488.12,1118.06,1500.00,240.00,-1,10,0,100,0.0,40000.0,0,8696.82,7282.45,624.33
166.0000,0,3,1,0,0,7,0,0,9029.51,8341.14,488.12,1118.06,1500.00,390.00,-1,10,0,100,40000.0,40000.0,0,8696.82,7282.45,624.33
166.0000,0,5,21,5,8,7,0,0,4658.84,6274.97,772.30,4164.40,1500.00,240.00,-1,10,0,100,13200.0,40000.0,0,8696.82,7282.45,624.33
166.0000,0,7,21,5,0,7,0,0,9465.01,4340.65,528.77,3041.95,1500.00,240.00,-1,10,0,100,40000.0,40000.0,0,8696.82,7282.45,624.33
166.0000,0,16,24,5,0,7,0,0,9029.51,8341.14,488.12,1118.06,1500.00,240.00,-1,10,0,100,40000.0,40000.0,0,8696.82,7282.45,624.33
166.0000,0,17,22,5,0,7,0,0,9029.51,8341.14,488.12,1118.06,1500.00,240.00,-1,10,0,100,40000.0,40000.0,0,8696.82,7282.45,624.33
166.1500,0,2,21,5,0,3,0,24,9029.51,8341.14,488.12,1198.57,1500.00,240.00,-1,10,0,100,0.0,40000.0,0,8708.11,7196.63,641.00
166.1500,0,3,1,0,0,7,0,0,9029.51,8341.14,488.12,1198.57,1500.00,390.00,-1,10,0,100,40000.0,40000.0,0,8708.11,7196.63,641.00
166.1500,0,5,21,5,8,7,0,0,4658.84,6274.97,772.30,4154.91,1500.00,240.00,-1,10,0,100,13200.0,40000.0,0,8708.11,7196.63,641.00
166.1500,0,7,21,5,0,7,0,0,9465.01,4340.65,528.77,2956.71,1500.00,240.00,-1,10,0,100,40000.0,40000.0,0,8708.11,7196.63,641.00
166.1500,0,16,24,5,0,7,0,0,9029.51,8341.14,488.12,1198.57,1500.00,240.00,-1,10,0,100,40000.0,40000.0,0,8708.11,7196.63,641.00
166.1500,0,17,22,5,0,7,0,0,9029.51,8341.14,488.12,1198.57,1500.00,240.00,-1,10,0,100,40000.0,40000.0,0,8708.11,7196.63,641.00
166.2833,0,2,21,5,0,3,0,24,9029.51,8341.14,488.12,1270.80,1500.00,240.00,-1,10,0,100,0.0,40000.0,0,8718.54,7118.06,637.48
166.2833,0,3,1,0,0,7,0,0,9029.51,8341.14,488.12,1270.80,1500.00,390.00,-1,10,0,100,40000.0,40000.0,0,8718.54,7118.06,637.48
166.2833,0,5,21,5,8,7,0,0,4658.84,6274.97,772.30,4148.52,1500.00,240.00,-1,10,0,100,13200.0,40000.0,0,8718.54,7118.06,637.48
166.2833,0,7,21,5,0,7,0,0,9465.01,4340.65,528.77,2878.03,1500.00,240.00,-1,10,0,100,40000.0,40000.0,0,8718.54,7118.06,637.48
166.2833,0,16,24,5,0,7,0,0,9029.51,8341.14,488.12,1270.80,1500.00,240.00,-1,10,0,100,40000.0,40000.0,0,8718.54,7118.06,637.48
166.2833,0,17,22,5,0,7,0,0,9029.51,8341.14,488.12,1270.80,1500.00,240.00,-1,10,0,100,40000.0,40000.0,0,8718.54,7118.06,637.48
166.4333,0,2,21,5,0,3,0,24,9029.51,8341.14,488.12,1353.43,1500.00,240.00,-1,10,0,100,0.0,40000.0,0,8730.68,7027.09,613.61
166.4333,0,3,1,0,0,7,0,0,9029.51,8341.14,488.12,1353.43,1500.00,390.00,-1,10,0,100,40000.0,40000.0,0,8730.68,7027.09,613.61
166.4333,0,5,21,5,8,7,0,0,4658.84,6274.97,772.30,4143.76,1500.00,240.00,-1,10,0,100,13200.0,40000.0,0,8730.68,7027.09,613.61
166.4333,0,7,21,5,0,7,0,0,9465.01,4340.65,528.77,2786.29,1500.00,240.00,-1,10,0,100,40000.0,40000.0,0,8730.68,7027.09,613.61
166.4333,0,16,24,5,0,7,0,0,9029.51,8341.14,488.12,1353.43,1500.00,240.00,-1,10,0,100,40000.0,40000.0,0,8730.68,7027.09,613.61
166.4333,0,17,22,5,0,7,0,0,9029.51,8341.14,488.12,1353.43,1500.00,240.00,-1,10,0,100,40000.0,40000.0,0,8730.68,7027.09,613.61
166.5833,0,2,21,5,0,3,0,24,9029.51,8341.14,488.12,1418.60,1500.00,240.00,-1,10,0,100,0.0,40000.0,0,8729.52,6963.61,645.74
166.5833,0,3,1,0,0,7,0,0,9029.51,8341.14,488.12,1418.60,1500.00,390.00,-1,10,0,100,40000.0,40000.0,0,8729.52,6963.61,645.74
166.5833,0,5,21,5,8,7,0,0,4658.84,6274.97,772.30,4130.46,1500.00,240.00,-1,10,0,100,13200.0,40000.0,0,8729.52,6963.61,645.74
166.5833,0,7,21,5,0,7,0,0,9465.01,4340.65,528.77,2726.64,1500.00,240.00,-1,10,0,100,40000.0,40000.0,0,8729.52,6963.61,645.74
166.5833,0,16,24,5,0,7,0,0,9029.51,8341.14,488.12,1418.60,1500.00,240.00,-1,10,0,100,40000.0,40000.0,0,8729.52,6963.61,645.74
166.5833,0,17,22,5,0,7,0,0,9029.51,8341.14,488.12,1418.60,1500.00,240.00,-1,10,0,100,40000.0,40000.0,0,8729.52,6963.61,645.74
166.7167,0,2,21,5,0,3,0,24,9029.51,8341.14,488.12,1487.56,1500.00,240.00,-1,10,0,100,0.0,40000.0,0,8736.99,6892.70,659.29
166.7167,0,3,1,0,0,7,0,0,9029.51,8341.14,488.12,1487.56,1500.00,390.00,-1,10,0,100,40000.0,40000.0,0,8736.99,6892.70,659.29
166.7167,0,5,21,5,8,7,0,0,4658.84,6274.97,772.30,4126.22,1500.00,240.00,-1,10,0,100,13200.0,40000.0,0,8736.99,6892.70,659.29
166.7167,0,7,21,5,0,7,0,0,9465.01,4340.65,528.77,2657.07,1500.00,240.00,-1,10,0,100,40000.0,40000.0,0,8736.99,6892.70,659.29
166.7167,0,16,24,5,0,7,0,0,9029.51,8341.14,488.12,1487.56,1500.00,240.00,-1,10,0,100,40000.0,40000.0,0,8736.99,6892.70,659.29
166.7167,0,17,22,5,0,7,0,0,9029.51,8341.14,488.12,1487.56,1500.00,240.00,-1,10,0,100,40000.0,40000.0,0,8736.99,6892.70,659.29
166.8667,0,2,21,5,0,3,0,24,9029.51,8341.14,488.12,1565.72,1500.00,240.00,-1,10,0,100,0.0,40000.0,0,8745.64,6810.28,653.51
166.8667,0,3,1,0,0,7,0,0,9029.51,8341.14,488.12,1565.72,1500.00,390.00,-1,10,0,100,40000.0,40000.0,0,8745.64,6810.28,653.51
166.8667,0,5,21,5,8,7,0,0,4658.84,6274.97,772.30,4123.42,1500.00,240.00,-1,10,0,100,13200.0,40000.0,0,8745.64,6810.28,653.51
166.8667,0,7,21,5,0,7,0,0,9465.01,4340.65,528.77,2575.29,1500.00,240.00,-1,10,0,100,40000.0,40000.0,0,8745.64,6810.28,653.51
166.8667,0,16,24,5,0,7,0,0,9029.51,8341.14,488.12,1565.72,1500.00,240.00,-1,10,0,100,40000.0,40000.0,0,8745.64,6810.28,653.51
166.8667,0,17,22,5,0,7,0,0,9029.51,8341.14,488.12,1565.72,1500.00,240.00,-1,10,0,100,40000.0,40000.0,0,8745.64,6810.28,653.51
167.0000,0,2,21,5,0,3,0,24,9029.51,8341.14,488.12,1636.14,1500.00,240.00,-1,10,0,100,0.0,40000.0,0,8753.54,6734.70,630.04
167.0000,0,3,1,0,0,7,0,0,9029.51,8341.14,488.12,1636.14,1500.00,390.00,-1,10,0,100,40000.0,40000.0,0,8753.54,6734.70,630.04
167.0000,0,5,21,5,8,7,0,0,4658.84,6274.97,772.30,4122.88,1500.00,240.00,-1,10,0,100,13200.0,40000.0,0,8753.54,6734.70,630.04
167.0000,0,7,21,5,0,7,0,0,9465.01,4340.65,528.77,2499.59,1500.00,240.00,-1,10,0,100,40000.0,40000.0,0,8753.54,6734.70,630.04
167.0000,0,16,24,5,0,7,0,0,9029.51,8341.14,488.12,1636.14,1500.00,240.00,-1,10,0,100,40000.0,40000.0,0,8753.54,6734.70,630.04
167.0000,0,17,22,5,0,7,0,0,9029.51,8341.14,488.12,1636.14,1500.00,240.00,-1,10,0,100,40000.0,40000.0,0,8753.54,6734.70,630.04
167.1500,0,2,21,5,0,3,0,24,9029.51,8341.14,488.12,1706.76,1500.00,240.00,-1,10,0,100,0.0,40000.0,0,8760.69,6659.21,597.24
167.1500,0,3,1,0,0,7,0,0,9029.51,8341.14,488.12,1706.76,1500.00,390.00,-1,10,0,100,40000.0,40000.0,0,8760.69,6659.21,597.24
167.1500,0,5,21,5,8,7,0,0,4658.84,6274.97,772.30,4123.52,1500.00,240.00,-1,10,0,100,13200.0,40000.0,0,8760.69,6659.21,597.24
167.1500,0,7,21,5,0,7,0,0,9465.01,4340.65,528.77,2424.15,1500.00,240.00,-1,10,0,100,40000.0,40000.0,0,8760.69,6659.21,597.24
167.1500,0,16,24,5,0,7,0,0,9029.51,8341.14,488.12,1706.76,1500.00,240.00,-1,10,0,100,40000.0,40000.0,0,8760.69,6659.21,597.24
167.1500,0,17,22,5,0,7,0,0,9029.51,8341.14,488.12,1706.76,1500.00,240.00,-1,10,0,100,40000.0,40000.0,0,8760.69,6659.21,597.24
167.3000,0,2,21,5,0,3,0,24,9029.51,8341.14,488.12,1746.39,1500.00,240.00,-1,10,0,100,0.0,40000.0,0,8792.81,6616.14,623.10
167.3000,0,3,1,0,0,7,0,0,9029.51,8341.14,488.12,1746.39,1500.00,390.00,-1,10,0,100,40000.0,40000.0,0,8792.81,6616.14,623.10
167.3000,0,5,21,5,8,7,0,0,4658.84,6274.97,772.30,4150.70,1500.00,240.00,-1,10,0,100,13200.0,40000.0,0,8792.81,6616.14,623.10
167.3000,0,7,21,5,0,7,0,0,9465.01,4340.65,528.77,2374.58,1500.00,240.00,-1,10,0,100,40000.0,40000.0,0,8792.81,6616.14,623.10
167.3000,0,16,24,5,0,7,0,0,9029.51,8341.14,488.12,1746.39,1500.00,240.00,-1,10,0,100,40000.0,40000.0,0,8792.81,6616.14,623.10
167.3000,0,17,22,5,0,7,0,0,9029.51,8341.14,488.12,1746.39,1500.00,240.00,-1,10,0,100,40000.0,40000.0,0,8792.81,6616.14,623.10
167.4333,0,2,21,5,0,3,0,24,9029.51,8341.14,488.12,1807.53,1500.00,240.00,-1,10,0,100,0.0,40000.0,0,8812.07,6556.25,672.62
167.4333,0,3,1,0,0,7,0,0,9029.51,8341.14,488.12,1807.53,1500.00,390.00,-1,10,0,100,40000.0,40000.0,0,8812.07,6556.25,672.62
167.4333,0,5,21,5,8,7,0,0,4658.84,6274.97,772.30,4163.94,1500.00,240.00,-1,10,0,100,13200.0,40000.0,0,8812.07,6556.25,672.62
167.4333,0,7,21,5,0,7,0,0,9465.01,4340.65,528.77,2314.28,1500.00,240.00,-1,10,0,100,40000.0,40000.0,0,8812.07,6556.25,672.62
167.4333,0,16,24,5,0,7,0,0,9029.51,8341.14,488.12,1807.53,1500.00,240.00,-1,10,0,100,40000.0,40000.0,0,8812.07,6556.25,672.62
167.4333,0,17,22,5,0,7,0,0,9029.51,8341.14,488.12,1807.53,1500.00,240.00,-1,10,0,100,40000.0,40000.0,0,8812.07,6556.25,672.62
167.5833,0,2,21,5,0,3,0,24,9029.51,8341.14,488.12,1883.40,1500.00,240.00,-1,10,0,100,0.0,40000.0,0,8831.23,6481.23,708.61
167.5833,0,3,1,0,0,7,0,0,9029.51,8341.14,488.12,1883.40,1500.00,390.00,-1,10,0,100,40000.0,40000.0,0,8831.23,6481.23,708.61
167.5833,0,5,21,5,8,7,0,0,4658.84,6274.97,772.30,4177.97,1500.00,240.00,-1,10,0,100,13200.0,40000.0,0,8831.23,6481.23,708.61
167.5833,0,7,21,5,0,7,0,0,9465.01,4340.65,528.77,2239.67,1500.00,240.00,-1,10,0,100,40000.0,40000.0,0,8831.23,6481.23,708.61
167.5833,0,16,24,5,0,7,0,0,9029.51,8341.14,488.12,1883.40,1500.00,240.00,-1,10,0,100,40000.0,40000.0,0,8831.23,6481.23,708.61
167.5833,0,17,22,5,0,7,0,0,9029.51,8341.14,488.12,1883.40,1500.00,240.00,-1,10,0,100,40000.0,40000.0,0,8831.23,6481.23,708.61
167.7500,0,2,21,5,0,3,0,24,9029.51,8341.14,488.12,1968.50,1500.00,240.00,-1,10,0,100,0.0,40000.0,0,8853.13,6394.62,722.55
167.7500,0,3,1,0,0,7,0,0,9029.51,8341.14,488.12,1968.50,1500.00,390.00,-1,10,0,100,40000.0,40000.0,0,8853.13,6394.62,722.55
167.7500,0,5,21,5,8,7,0,0,4658.84,6274.97,772.30,4196.30,1500.00,240.00,-1,10,0,100,13200.0,40000.0,0,8853.13,6394.62,722.55
167.7500,0,7,21,5,0,7,0,0,9465.01,4340.65,528.77,2151.92,1500.00,240.00,-1,10,0,100,40000.0,40000.0,0,8853.13,6394.62,722.55
167.7500,0,16,24,5,0,7,0,0,9029.51,8341.14,488.12,1968.50,1500.00,240.00,-1,10,0,100,40000.0,40000.0,0,8853.13,6394.62,722.55
167.7500,0,17,22,5,0,7,0,0,9029.51,8341.14,488.12,1968.50,1500.00,240.00,-1,10,0,100,40000.0,40000.0,0,8853.13,6394.62,722.55
167.9000,0,2,21,5,0,3,0,24,9029.51,8341.14,488.12,2045.67,1500.00,240.00,-1,10,0,100,0.0,40000.0,0,8873.37,6313.76,711.98
167.9000,0,3,1,0,0,7,0,0,9029.51,8341.14,488.12,2045.67,1500.00,390.00,-1,10,0,100,40000.0,40000.0,0,8873.37,6313.76,711.98
167.9000,0,5,21,5,8,7,0,0,4658.84,6274.97,772.30,4215.14,1500.00,240.00,-1,10,0,100,13200.0,40000.0,0,8873.37,6313.76,711.98
167.9000,0,7,21,5,0,7,0,0,9465.01,4340.65,528.77,2068.04,1500.00,240.00,-1,10,0,100,40000.0,40000.0,0,8873.37,6313.76,711.98
167.9000,0,16,24,5,0,7,0,0,9029.51,8341.14,488.12,2045.67,1500.00,240.00,-1,10,0,100,40000.0,40000.0,0,8873.37,6313.76,711.98
167.9000,0,17,22,5,0,7,0,0,9029.51,8341.14,488.12,2045.67,1500.00,240.00,-1,10,0,100,40000.0,40000.0,0,8873.37,6313.76,711.98
168.0500,0,2,21,5,0,3,0,24,9029.51,8341.14,488.12,2108.14,1500.00,240.00,-1,10,0,100,0.0,40000.0,0,8889.84,6247.13,687.81
168.0500,0,3,1,0,0,7,0,0,9029.51,8341.14,488.12,2108.14,1500.00,390.00,-1,10,0,100,40000.0,40000.0,0,8889.84,6247.13,687.81
168.0500,0,5,21,5,8,7,0,0,4658.84,6274.97,772.30,4231.94,1500.00,240.00,-1,10,0,100,13200.0,40000.0,0,8889.84,6247.13,687.81
168.0500,0,7,21,5,0,7,0,0,9465.01,4340.65,528.77,1997.69,1500.00,240.00,-1,10,0,100,40000.0,40000.0,0,8889.84,6247.13,687.81
168.0500,0,14,35,4,8,10,11,19,10761.91,1641.62,900.42,4976.00,1500.00,540.00,-1,10,0,100,40000.0,40000.0,0,8889.84,6247.13,687.81
168.0500,0,16,24,5,0,7,0,0,9029.51,8341.14,488.12,2108.14,1500.00,240.00,-1,10,0,100,40000.0,40000.0,0,8889.84,6247.13,687.81
168.0500,0,17,22,5,0,7,0,0,9029.51,8341.14,488.12,2108.14,1500.00,240.00,-1,10,0,100,40000.0,40000.0,0,8889.84,6247.13,687.81
168.2000,0,2,21,5,0,3,0,24,9029.51,8341.14,488.12,2198.40,1500.00,240.00,-1,10,0,100,0.0,40000.0,0,8896.79,6157.71,707.22
168.2000,0,3,1,0,0,7,0,0,9029.51,8341.14,488.12,2198.40,1500.00,390.00,-1,10,0,100,40000.0,40000.0,0,8896.79,6157.71,707.22
168.2000,0,5,21,5,8,7,0,0,4658.84,6274.97,772.30,4240.07,1500.00,240.00,-1,10,0,100,13200.0,40000.0,0,8896.79,6157.71,707.22
168.2000,0,7,21,5,0,7,0,0,9465.01,4340.65,528.77,1912.18,1500.00,240.00,-1,10,0,100,40000.0,40000.0,0,8896.79,6157.71,707.22
168.2000,0,14,35,4,8,10,11,19,10761.91,1641.62,900.42,4889.89,1500.00,540.00,-1,10,0,100,40000.0,40000.0,0,8896.79,6157.71,707.22
168.2000,0,16,24,5,0,7,0,0,9029.51,8341.14,488.12,2198.40,1500.00,240.00,-1,10,0,100,40000.0,40000.0,0,8896.79,6157.71,707.22
168.2000,0,17,22,5,0,7,0,0,9029.51,8341.14,488.12,2198.40,1500.00,240.00,-1,10,0,100,40000.0,40000.0,0,8896.79,6157.71,707.22
168.3500,0,2,21,5,0,3,0,24,9029.51,8341.14,488.12,2287.03,1500.00,240.00,-1,10,0,100,0.0,40000.0,0,8937.25,6066.89,711.28
168.3500,0,3,1,0,0,7,0,0,9029.51,8341.14,488.12,2287.03,1500.00,390.00,-1,10,0,100,40000.0,40000.0,0,8937.25,6066.89,711.28
168.3500,0,5,21,5,8,7,0,0,4658.84,6274.97,772.30,4283.91,1500.00,240.00,-1,10,0,100,13200.0,40000.0,0,8937.25,6066.89,711.28
168.3500,0,7,21,5,0,7,0,0,9465.01,4340.65,528.77,1814.32,1500.00,240.00,-1,10,0,100,40000.0,40000.0,0,8937.25,6066.89,711.28
168.3500,0,14,35,4,8,10,11,19,10761.91,1641.62,900.42,4790.43,1500.00,540.00,-1,10,0,100,40000.0,40000.0,0,8937.25,6066.89,711.28
168.3500,0,16,24,5,0,7,0,0,9029.51,8341.14,488.12,2287.03,1500.00,240.00,-1,10,0,100,40000.0,40000.0,0,8937.25,6066.89,711.28
168.3500,0,17,22,5,0,7,0,0,9029.51,8341.14,488.12,2287.03,1500.00,240.00,-1,10,0,100,40000.0,40000.0,0,8937.25,6066.89,711.28
168.5000,0,2,21,5,0,3,0,24,9029.51,8341.14,488.12,2381.94,1500.00,240.00,-1,10,0,100,0.0,40000.0,0,8978.56,5971.88,728.29
168.5000,0,3,1,0,0,7,0,0,9029.51,8341.14,488.12,2381.94,1500.00,390.00,-1,10,0,100,40000.0,40000.0,0,8978.56,5971.88,728.29
168.5000,0,5,21,5,8,7,0,0,4658.84,6274.97,772.30,4330.57,1500.00,240.00,-1,10,0,100,13200.0,40000.0,0,8978.56,5971.88,728.29
168.5000,0,7,21,5,0,7,0,0,9465.01,4340.65,528.77,1713.88,1500.00,240.00,-1,10,0,100,40000.0,40000.0,0,8978.56,5971.88,728.29
168.5000,0,14,35,4,8,10,11,19,10761.91,1641.62,900.42,4686.27,1500.00,540.00,-1,10,0,100,40000.0,40000.0,0,8978.56,5971.88,728.29
168.5000,0,16,24,5,0,7,0,0,9029.51,8341.14,488.12,2381.94,1500.00,240.00,-1,10,0,100,40000.0,40000.0,0,8978.56,5971.88,728.29
168.5000,0,17,22,5,0,7,0,0,9029.51,8341.14,488.12,2381.94,1500.00,240.00,-1,10,0,100,40000.0,40000.0,0,8978.56,5971.88,728.29
168.6500,0,2,21,5,0,3,0,24,9029.51,8341.14,488.12,2405.44,1500.00,240.00,-1,10,0,100,0.0,40000.0,0,8991.22,5948.50,733.00
168.6500,0,3,1,0,0,7,0,0,9029.51,8341.14,488.12,2405.44,1500.00,390.00,-1,10,0,100,40000.0,40000.0,0,8991.22,5948.50,733.00
168.6500,0,5,21,5,8,7,0,0,4658.84,6274.97,772.30,4344.84,1500.00,240.00,-1,10,0,100,13200.0,40000.0,0,8991.22,5948.50,733.00
168.6500,0,7,21,5,0,7,0,0,9465.01,4340.65,528.77,1688.61,1500.00,240.00,-1,10,0,100,40000.0,40000.0,0,8991.22,5948.50,733.00
168.6500,0,14,35,4,8,10,11,19,10761.91,1641.62,900.42,4659.68,1500.00,540.00,-1,10,0,100,40000.0,40000.0,0,8991.22,5948.50,733.00
168.6500,0,16,24,5,0,7,0,0,9029.51,8341.14,488.12,2405.44,1500.00,240.00,-1,10,0,100,40000.0,40000.0,0,8991.22,5948.50,733.00
168.6500,0,17,22,5,0,7,0,0,9029.51,8341.14,488.12,2405.44,1500.00,240.00,-1,10,0,100,40000.0,40000.0,0,8991.22,5948.50,733.00
168.8000,0,2,21,5,0,3,0,24,9029.51,8341.14,488.12,2426.66,1500.00,240.00,-1,10,0,100,0.0,40000.0,0,9002.05,5927.39,736.61
168.8000,0,3,1,0,0,7,0,0,9029.51,8341.14,488.12,2426.66,1500.00,390.00,-1,10,0,100,40000.0,40000.0,0,9002.05,5927.39,736.61
168.8000,0,5,21,5,8,7,0,0,4658.84,6274.97,772.30,4357.24,1500.00,240.00,-1,10,0,100,13200.0,40000.0,0,9002.05,5927.39,736.61
168.8000,0,7,21,5,0,7,0,0,9465.01,4340.65,528.77,1665.92,1500.00,240.00,-1,10,0,100,40000.0,40000.0,0,9002.05,5927.39,736.61
168.8000,0,14,35,4,8,10,11,19,10761.91,1641.62,900.42,4635.93,1500.00,540.00,-1,10,0,100,40000.0,40000.0,0,9002.05,5927.39,736.61
168.8000,0,16,24,5,0,7,0,0,9029.51,8341.14,488.12,2426.66,1500.00,240.00,-1,10,0,100,40000.0,40000.0,0,9002.05,5927.39,736.61
168.8000,0,17,22,5,0,7,0,0,9029.51,8341.14,488.12,2426.66,1500.00,240.00,-1,10,0,100,40000.0,40000.0,0,9002.05,5927.39,736.61
168.9500,0,2,21,5,0,3,0,24,9029.51,8341.14,488.12,2426.66,1500.00,240.00,-1,10,0,100,0.0,40000.0,0,9002.05,5927.39,736.61
168.9500,0,3,1,0,0,7,0,0,9029.51,8341.14,488.12,2426.66,1500.00,390.00,-1,10,0,100,40000.0,40000.0,0,9002.05,5927.39,736.61
168.9500,0,5,21,5,8,7,0,0,4658.84,6274.97,772.30,4357.24,1500.00,240.00,-1,10,0,100,13200.0,40000.0,0,9002.05,5927.39,736.61
168.9500,0,7,21,5,0,7,0,0,9465.01,4340.65,528.77,1665.92,1500.00,240.00,-1,10,0,100,40000.0,40000.0,0,9002.05,5927.39,736.61
168.9500,0,14,35,4,8,10,11,19,10761.91,1641.62,900.42,4635.93,1500.00,540.00,-1,10,0,100,40000.0,40000.0,0,9002.05,5927.39,736.61
168.9500,0,16,24,5,0,7,0,0,9029.51,8341.14,488.12,2426.66,1500.00,240.00,-1,10,0,100,40000.0,40000.0,0,9002.05,5927.39,736.61
168.9500,0,17,22,5,0,7,0,0,9029.51,8341.14,488.12,2426.66,1500.00,240.00,-1,10,0,100,40000.0,40000.0,0,9002.05,5927.39,736.61
169.0833,0,2,21,5,0,3,0,24,9029.51,8341.14,488.12,2426.66,1500.00,240.00,-1,10,0,100,0.0,40000.0,0,9002.05,5927.39,736.61
169.0833,0,3,1,0,0,7,0,0,9029.51,8341.14,488.12,2426.66,1500.00,390.00,-1,10,0,100,40000.0,40000.0,0,9002.05,5927.39,736.61
169.0833,0,5,21,5,8,7,0,0,4658.84,6274.97,772.30,4357.24,1500.00,240.00,-1,10,0,100,13200.0,40000.0,0,9002.05,5927.39,736.61
169.0833,0,7,21,5,0,7,0,0,9465.01,4340.65,528.77,1665.92,1500.00,240.00,-1,10,0,100,40000.0,40000.0,0,9002.05,5927.39,736.61
169.0833,0,14,35,4,8,10,11,19,10761.91,1641.62,900.42,4635.93,1500.00,540.00,-1,10,0,100,40000.0,40000.0,0,9002.05,5927.39,736.61
169.0833,0,16,24,5,0,7,0,0,9029.51,8341.14,488.12,2426.66,1500.00,240.00,-1,10,0,100,40000.0,40000.0,0,9002.05,5927.39,736.61
169.0833,0,17,22,5,0,7,0,0,9029.51,8341.14,488.12,2426.66,1500.00,240.00,-1,10,0,100,40000.0,40000.0,0,9002.05,5927.39,736.61
169.2333,0,2,21,5,0,3,0,24,9029.51,8341.14,488.12,2472.64,1500.00,240.00,-1,10,0,100,0.0,40000.0,0,9009.37,5884.10,764.73
169.2333,0,3,1,0,0,7,0,0,9029.51,8341.14,488.12,2472.64,1500.00,390.00,-1,10,0,100,40000.0,40000.0,0,9009.37,5884.10,764.73
169.2333,0,5,21,5,8,7,0,0,4658.84,6274.97,772.30,4368.06,1500.00,240.00,-1,10,0,100,13200.0,40000.0,0,9009.37,5884.10,764.73
169.2333,0,7,21,5,0,7,0,0,9465.01,4340.65,528.77,1626.51,1500.00,240.00,-1,10,0,100,40000.0,40000.0,0,9009.37,5884.10,764.73
169.2333,0,14,35,4,8,10,11,19,10761.91,1641.62,900.42,4592.21,1500.00,540.00,-1,10,0,100,40000.0,40000.0,0,9009.37,5884.10,764.73
169.2333,0,16,24,5,0,7,0,0,9029.51,8341.14,488.12,2472.64,1500.00,240.00,-1,10,0,100,40000.0,40000.0,0,9009.37,5884.10,764.73
169.2333,0,17,22,5,0,7,0,0,9029.51,8341.14,488.12,2472.64,1500.00,240.00,-1,10,0,100,40000.0,40000.0,0,9009.37,5884.10,764.73
169.3833,0,2,21,5,0,3,0,24,9029.51,8341.14,488.12,2537.67,1500.00,240.00,-1,10,0,100,0.0,40000.0,0,9019.53,5820.47,781.17
169.3833,0,3,1,0,0,7,0,0,9029.51,8341.14,488.12,2537.67,1500.00,390.00,-1,10,0,100,40000.0,40000.0,0,9019.53,5820.47,781.17
169.3833,0,5,21,5,8,7,0,0,4658.84,6274.97,772.30,4384.32,1500.00,240.00,-1,10,0,100,13200.0,40000.0,0,9019.53,5820.47,781.17
169.3833,0,7,21,5,0,7,0,0,9465.01,4340.65,528.77,1565.89,1500.00,240.00,-1,10,0,100,40000.0,40000.0,0,9019.53,5820.47,781.17
169.3833,0,14,35,4,8,10,11,19,10761.91,1641.62,900.42,4529.11,1500.00,540.00,-1,10,0,100,40000.0,40000.0,0,9019.53,5820.47,781.17
169.3833,0,16,24,5,0,7,0,0,9029.51,8341.14,488.12,2537.67,1500.00,240.00,-1,10,0,100,40000.0,40000.0,0,9019.53,5820.47,781.17
169.3833,0,17,22,5,0,7,0,0,9029.51,8341.14,488.12,2537.67,1500.00,240.00,-1,10,0,100,40000.0,40000.0,0,9019.53,5820.47,781.17
169.5333,0,2,21,5,0,3,0,24,9029.51,8341.14,488.12,2609.10,1500.00,240.00,-1,10,0,100,0.0,40000.0,0,9030.49,5747.92,775.56
169.5333,0,3,1,0,0,7,0,0,9029.51,8341.14,488.12,2609.10,1500.00,390.00,-1,10,0,100,40000.0,40000.0,0,9030.49,5747.92,775.56
169.5333,0,5,21,5,8,7,0,0,4658.84,6274.97,772.30,4403.31,1500.00,240.00,-1,10,0,100,13200.0,40000.0,0,9030.49,5747.92,775.56
169.5333,0,7,21,5,0,7,0,0,9465.01,4340.65,528.77,1493.36,1500.00,240.00,-1,10,0,100,40000.0,40000.0,0,9030.49,5747.92,775.56
169.5333,0,14,35,4,8,10,11,19,10761.91,1641.62,900.42,4458.15,1500.00,540.00,-1,10,0,100,40000.0,40000.0,0,9030.49,5747.92,775.56
169.5333,0,16,24,5,0,7,0,0,9029.51,8341.14,488.12,2609.10,1500.00,240.00,-1,10,0,100,40000.0,40000.0,0,9030.49,5747.92,775.56
169.5333,0,17,22,5,0,7,0,0,9029.51,8341.14,488.12,2609.10,1500.00,240.00,-1,10,0,100,40000.0,40000.0,0,9030.49,5747.92,775.56
169.6833,0,2,21,5,0,3,0,24,9029.51,8341.14,488.12,2687.29,1500.00,240.00,-1,10,0,100,0.0,40000.0,0,9042.25,5666.46,747.90
169.6833,0,3,1,0,0,7,0,0,9029.51,8341.14,488.12,2687.29,1500.00,390.00,-1,10,0,100,40000.0,40000.0,0,9042.25,5666.46,747.90
169.6833,0,5,21,5,8,7,0,0,4658.84,6274.97,772.30,4425.52,1500.00,240.00,-1,10,0,100,13200.0,40000.0,0,9042.25,5666.46,747.90
169.6833,0,7,21,5,0,7,0,0,9465.01,4340.65,528.77,1408.73,1500.00,240.00,-1,10,0,100,40000.0,40000.0,0,9042.25,5666.46,747.90
169.6833,0,14,35,4,8,10,11,19,10761.91,1641.62,900.42,4379.48,1500.00,540.00,-1,10,0,100,40000.0,40000.0,0,9042.25,5666.46,747.90
169.6833,0,16,24,5,0,7,0,0,9029.51,8341.14,488.12,2687.29,1500.00,240.00,-1,10,0,100,40000.0,40000.0,0,9042.25,5666.46,747.90
169.6833,0,17,22,5,0,7,0,0,9029.51,8341.14,488.12,2687.29,1500.00,240.00,-1,10,0,100,40000.0,40000.0,0,9042.25,5666.46,747.90
169.8333,0,2,21,5,0,3,0,24,9029.51,8341.14,488.12,2715.62,1500.00,240.00,-1,10,0,100,0.0,40000.0,0,9051.45,5637.95,746.68
169.8333,0,3,1,0,0,7,0,0,9029.51,8341.14,488.12,2715.62,1500.00,390.00,-1,10,0,100,40000.0,40000.0,0,9051.45,5637.95,746.68
169.8333,0,5,21,5,8,7,0,0,4658.84,6274.97,772.30,4438.64,1500.00,240.00,-1,10,0,100,13200.0,40000.0,0,9051.45,5637.95,746.68
169.8333,0,7,21,5,0,7,0,0,9465.01,4340.65,528.77,1378.95,1500.00,240.00,-1,10,0,100,40000.0,40000.0,0,9051.45,5637.95,746.68
169.8333,0,14,35,4,8,10,11,19,10761.91,1641.62,900.42,4349.70,1500.00,540.00,-1,10,0,100,40000.0,40000.0,0,9051.45,5637.95,746.68
169.8333,0,16,24,5,0,7,0,0,9029.51,8341.14,488.12,2715.62,1500.00,240.00,-1,10,0,100,40000.0,40000.0,0,9051.45,5637.95,746.68
169.8333,0,17,22,5,0,7,0,0,9029.51,8341.14,488.12,2715.62,1500.00,240.00,-1,10,0,100,40000.0,40000.0,0,9051.45,5637.95,746.68
169.9667,0,2,21,5,0,3,0,24,9029.51,8341.14,488.12,2736.50,1500.00,240.00,-1,10,0,100,0.0,40000.0,0,9063.23,5617.08,746.60
169.9667,0,3,1,0,0,7,0,0,9029.51,8341.14,488.12,2736.50,1500.00,390.00,-1,10,0,100,40000.0,40000.0,0,9063.23,5617.08,746.60
169.9667,0,5,21,5,8,7,0,0,4658.84,6274.97,772.30,4453.33,1500.00,240.00,-1,10,0,100,13200.0,40000.0,0,9063.23,5617.08,746.60
169.9667,0,7,21,5,0,7,0,0,9465.01,4340.65,528.77,1355.79,1500.00,240.00,-1,10,0,100,40000.0,40000.0,0,9063.23,5617.08,746.60
169.9667,0,14,35,4,8,10,11,19,10761.91,1641.62,900.42,4325.91,1500.00,540.00,-1,10,0,100,40000.0,40000.0,0,9063.23,5617.08,746.60
169.9667,0,16,24,5,0,7,0,0,9029.51,8341.14,488.12,2736.50,1500.00,240.00,-1,10,0,100,40000.0,40000.0,0,9063.23,5617.08,746.60
169.9667,0,17,22,5,0,7,0,0,9029.51,8341.14,488.12,2736.50,1500.00,240.00,-1,10,0,100,40000.0,40000.0,0,9063.23,5617.08,746.60
170.1167,0,2,21,5,0,3,0,24,9029.51,8341.14,488.12,2757.04,1500.00,240.00,-1,10,0,100,0.0,40000.0,0,9078.49,5596.02,739.46
170.1167,0,3,1,0,0,7,0,0,9029.51,8341.14,488.12,2757.04,1500.00,390.00,-1,10,0,100,40000.0,40000.0,0,9078.49,5596.02,739.46
170.1167,0,5,21,5,8,7,0,0,4658.84,6274.97,772.30,4471.62,1500.00,240.00,-1,10,0,100,13200.0,40000.0,0,9078.49,5596.02,739.46
170.1167,0,7,21,5,0,7,0,0,9465.01,4340.65,528.77,1330.32,1500.00,240.00,-1,10,0,100,40000.0,40000.0,0,9078.49,5596.02,739.46
170.1167,0,14,35,4,8,10,11,19,10761.91,1641.62,900.42,4300.82,1500.00,540.00,-1,10,0,100,40000.0,40000.0,0,9078.49,5596.02,739.46
170.1167,0,16,24,5,0,7,0,0,9029.51,8341.14,488.12,2757.04,1500.00,240.00,-1,10,0,100,40000.0,40000.0,0,9078.49,5596.02,739.46
170.1167,0,17,22,5,0,7,0,0,9029.51,8341.14,488.12,2757.04,1500.00,240.00,-1,10,0,100,40000.0,40000.0,0,9078.49,5596.02,739.46
170.2667,0,2,21,5,0,3,0,24,9029.51,8341.14,488.12,2772.93,1500.00,240.00,-1,10,0,100,0.0,40000.0,0,9096.99,5579.52,729.00
170.2667,0,3,1,0,0,7,0,0,9029.51,8341.14,488.12,2772.93,1500.00,390.00,-1,10,0,100,40000.0,40000.0,0,9096.99,5579.52,729.00
170.2667,0,5,21,5,8,7,0,0,4658.84,6274.97,772.30,4492.51,1500.00,240.00,-1,10,0,100,13200.0,40000.0,0,9096.99,5579.52,729.00
170.2667,0,7,21,5,0,7,0,0,9465.01,4340.65,528.77,1307.80,1500.00,240.00,-1,10,0,100,40000.0,40000.0,0,9096.99,5579.52,729.00
170.2667,0,14,35,4,8,10,11,19,10761.91,1641.62,900.42,4278.83,1500.00,540.00,-1,10,0,100,40000.0,40000.0,0,9096.99,5579.52,729.00
170.2667,0,16,24,5,0,7,0,0,9029.51,8341.14,488.12,2772.93,1500.00,240.00,-1,10,0,100,40000.0,40000.0,0,9096.99,5579.52,729.00
170.2667,0,17,22,5,0,7,0,0,9029.51,8341.14,488.12,2772.93,1500.00,240.00,-1,10,0,100,40000.0,40000.0,0,9096.99,5579.52,729.00
170.4167,0,2,21,5,0,3,0,24,9029.51,8341.14,488.12,2796.49,1500.00,240.00,-1,10,0,100,0.0,40000.0,0,9109.45,5555.97,726.47
170.4167,0,3,1,0,0,7,0,0,9029.51,8341.14,488.12,2796.49,1500.00,390.00,-1,10,0,100,40000.0,40000.0,0,9109.45,5555.97,726.47
170.4167,0,5,21,5,8,7,0,0,4658.84,6274.97,772.30,4508.55,1500.00,240.00,-1,10,0,100,13200.0,40000.0,0,9109.45,5555.97,726.47
170.4167,0,7,21,5,0,7,0,0,9465.01,4340.65,528.77,1281.61,1500.00,240.00,-1,10,0,100,40000.0,40000.0,0,9109.45,5555.97,726.47
170.4167,0,14,35,4,8,10,11,19,10761.91,1641.62,900.42,4252.41,1500.00,540.00,-1,10,0,100,40000.0,40000.0,0,9109.45,5555.97,726.47
170.4167,0,16,24,5,0,7,0,0,9029.51,8341.14,488.12,2796.49,1500.00,240.00,-1,10,0,100,40000.0,40000.0,0,9109.45,5555.97,726.47
170.4167,0,17,22,5,0,7,0,0,9029.51,8341.14,488.12,2796.49,1500.00,240.00,-1,10,0,100,40000.0,40000.0,0,9109.45,5555.97,726.47
170.5667,0,2,21,5,0,3,0,24,9029.51,8341.14,488.12,2816.62,1500.00,240.00,-1,10,0,100,0.0,40000.0,0,9124.76,5535.52,717.86
170.5667,0,3,1,0,0,7,0,0,9029.51,8341.14,488.12,2816.62,1500.00,390.00,-1,10,0,100,40000.0,40000.0,0,9124.76,5535.52,717.86
170.5667,0,5,21,5,8,7,0,0,4658.84,6274.97,772.30,4527.05,1500.00,240.00,-1,10,0,100,13200.0,40000.0,0,9124.76,5535.52,717.86
170.5667,0,7,21,5,0,7,0,0,9465.01,4340.65,528.77,1256.68,1500.00,240.00,-1,10,0,100,40000.0,40000.0,0,9124.76,5535.52,717.86
170.5667,0,14,35,4,8,10,11,19,10761.91,1641.62,900.42,4228.01,1500.00,540.00,-1,10,0,100,40000.0,40000.0,0,9124.76,5535.52,717.86
170.5667,0,16,24,5,0,7,0,0,9029.51,8341.14,488.12,2816.62,1500.00,240.00,-1,10,0,100,40000.0,40000.0,0,9124.76,5535.52,717.86
170.5667,0,17,22,5,0,7,0,0,9029.51,8341.14,488.12,2816.62,1500.00,240.00,-1,10,0,100,40000.0,40000.0,0,9124.76,5535.52,717.86
170.7167,0,2,21,5,0,3,0,24,9029.51,8341.14,488.12,2831.59,1500.00,240.00,-1,10,0,100,0.0,40000.0,0,9143.20,5520.20,705.53
170.7167,0,3,1,0,0,7,0,0,9029.51,8341.14,488.12,2831.59,1500.00,390.00,-1,10,0,100,40000.0,40000.0,0,9143.20,5520.20,705.53
170.7167,0,5,21,5,8,7,0,0,4658.84,6274.97,772.30,4547.93,1500.00,240.00,-1,10,0,100,13200.0,40000.0,0,9143.20,5520.20,705.53
170.7167,0,7,21,5,0,7,0,0,9465.01,4340.65,528.77,1235.37,1500.00,240.00,-1,10,0,100,40000.0,40000.0,0,9143.20,5520.20,705.53
170.7167,0,14,35,4,8,10,11,19,10761.91,1641.62,900.42,4207.32,1500.00,540.00,-1,10,0,100,40000.0,40000.0,0,9143.20,5520.20,705.53
170.7167,0,16,24,5,0,7,0,0,9029.51,8341.14,488.12,2831.59,1500.00,240.00,-1,10,0,100,40000.0,40000.0,0,9143.20,5520.20,705.53
170.7167,0,17,22,5,0,7,0,0,9029.51,8341.14,488.12,2831.59,1500.00,240.00,-1,10,0,100,40000.0,40000.0,0,9143.20,5520.20,705.53
170.8667,0,2,21,5,0,3,0,24,9029.51,8341.14,488.12,2840.84,1500.00,240.00,-1,10,0,100,0.0,40000.0,0,9162.06,5510.52,689.06
170.8667,0,3,1,0,0,7,0,0,9029.51,8341.14,488.12,2840.84,1500.00,390.00,-1,10,0,100,40000.0,40000.0,0,9162.06,5510.52,689.06
170.8667,0,5,21,5,8,7,0,0,4658.84,6274.97,772.30,4568.41,1500.00,240.00,-1,10,0,100,13200.0,40000.0,0,9162.06,5510.52,689.06
170.8667,0,7,21,5,0,7,0,0,9465.01,4340.65,528.77,1219.04,1500.00,240.00,-1,10,0,100,40000.0,40000.0,0,9162.06,5510.52,689.06
170.8667,0,14,35,4,8,10,11,19,10761.91,1641.62,900.42,4191.96,1500.00,540.00,-1,10,0,100,40000.0,40000.0,0,9162.06,5510.52,689.06
170.8667,0,16,24,5,0,7,0,0,9029.51,8341.14,488.12,2840.84,1500.00,240.00,-1,10,0,100,40000.0,40000.0,0,9162.06,5510.52,689.06
170.8667,0,17,22,5,0,7,0,0,9029.51,8341.14,488.12,2840.84,1500.00,240.00,-1,10,0,100,40000.0,40000.0,0,9162.06,5510.52,689.06
171.0167,0,2,21,5,0,3,0,24,9029.51,8341.14,488.12,2841.24,1500.00,240.00,-1,10,0,100,0.0,40000.0,0,9176.27,5509.31,666.51
171.0167,0,3,1,0,0,7,0,0,9029.51,8341.14,488.12,2841.24,1500.00,390.00,-1,10,0,100,40000.0,40000.0,0,9176.27,5509.31,666.51
171.0167,0,5,21,5,8,7,0,0,4658.84,6274.97,772.30,4583.08,1500.00,240.00,-1,10,0,100,13200.0,40000.0,0,9176.27,5509.31,666.51
171.0167,0,7,21,5,0,7,0,0,9465.01,4340.65,528.77,1211.66,1500.00,240.00,-1,10,0,100,40000.0,40000.0,0,9176.27,5509.31,666.51
171.0167,0,14,35,4,8,10,11,19,10761.91,1641.62,900.42,4186.64,1500.00,540.00,-1,10,0,100,40000.0,40000.0,0,9176.27,5509.31,666.51
171.0167,0,16,24,5,0,7,0,0,9029.51,8341.14,488.12,2841.24,1500.00,240.00,-1,10,0,100,40000.0,40000.0,0,9176.27,5509.31,666.51
171.0167,0,17,22,5,0,7,0,0,9029.51,8341.14,488.12,2841.24,1500.00,240.00,-1,10,0,100,40000.0,40000.0,0,9176.27,5509.31,666.51
171.1833,0,2,21,5,0,3,0,24,9029.51,8341.14,488.12,2853.07,1500.00,240.00,-1,10,0,100,0.0,40000.0,0,9189.22,5496.81,644.10
171.1833,0,3,1,0,0,7,0,0,9029.51,8341.14,488.12,2853.07,1500.00,390.00,-1,10,0,100,40000.0,40000.0,0,9189.22,5496.81,644.10
171.1833,0,5,21,5,8,7,0,0,4658.84,6274.97,772.30,4598.51,1500.00,240.00,-1,10,0,100,13200.0,40000.0,0,9189.22,5496.81,644.10
171.1833,0,7,21,5,0,7,0,0,9465.01,4340.65,528.77,1194.19,1500.00,240.00,-1,10,0,100,40000.0,40000.0,0,9189.22,5496.81,644.10
171.1833,0,14,35,4,8,10,11,19,10761.91,1641.62,900.42,4171.52,1500.00,540.00,-1,10,0,100,40000.0,40000.0,0,9189.22,5496.81,644.10
171.1833,0,16,24,5,0,7,0,0,9029.51,8341.14,488.12,2853.07,1500.00,240.00,-1,10,0,100,40000.0,40000.0,0,9189.22,5496.81,644.10
171.1833,0,17,22,5,0,7,0,0,9029.51,8341.14,488.12,2853.07,1500.00,240.00,-1,10,0,100,40000.0,40000.0,0,9189.22,5496.81,644.10
171.3167,0,2,21,5,0,3,0,24,9029.51,8341.14,488.12,2870.20,1500.00,240.00,-1,10,0,100,0.0,40000.0,0,9199.32,5479.54,631.15
171.3167,0,3,1,0,0,7,0,0,9029.51,8341.14,488.12,2870.20,1500.00,390.00,-1,10,0,100,40000.0,40000.0,0,9199.32,5479.54,631.15
171.3167,0,5,21,5,8,7,0,0,4658.84,6274.97,772.30,4611.79,1500.00,240.00,-1,10,0,100,13200.0,40000.0,0,9199.32,5479.54,631.15
171.3167,0,7,21,5,0,7,0,0,9465.01,4340.65,528.77,1173.94,1500.00,240.00,-1,10,0,100,40000.0,40000.0,0,9199.32,5479.54,631.15
171.3167,0,14,35,4,8,10,11,19,10761.91,1641.62,900.42,4152.57,1500.00,540.00,-1,10,0,100,40000.0,40000.0,0,9199.32,5479.54,631.15
171.3167,0,16,24,5,0,7,0,0,9029.51,8341.14,488.12,2870.20,1500.00,240.00,-1,10,0,100,40000.0,40000.0,0,9199.32,5479.54,631.15
171.3167,0,17,22,5,0,7,0,0,9029.51,8341.14,488.12,2870.20,1500.00,240.00,-1,10,0,100,40000.0,40000.0,0,9199.32,5479.54,631.15
171.4667,0,2,21,5,0,3,0,24,9029.51,8341.14,488.12,2886.76,1500.00,240.00,-1,10,0,100,0.0,40000.0,0,9215.95,5463.35,618.23
171.4667,0,3,1,0,0,7,0,0,9029.51,8341.14,488.12,2886.76,1500.00,390.00,-1,10,0,100,40000.0,40000.0,0,9215.95,5463.35,618.23
171.4667,0,5,21,5,8,7,0,0,4658.84,6274.97,772.30,4631.39,1500.00,240.00,-1,10,0,100,13200.0,40000.0,0,9215.95,5463.35,618.23
171.4667,0,7,21,5,0,7,0,0,9465.01,4340.65,528.77,1153.47,1500.00,240.00,-1,10,0,100,40000.0,40000.0,0,9215.95,5463.35,618.23
171.4667,0,14,35,4,8,10,11,19,10761.91,1641.62,900.42,4132.22,1500.00,540.00,-1,10,0,100,40000.0,40000.0,0,9215.95,5463.35,618.23
171.4667,0,16,24,5,0,7,0,0,9029.51,8341.14,488.12,2886.76,1500.00,240.00,-1,10,0,100,40000.0,40000.0,0,9215.95,5463.35,618.23
171.4667,0,17,22,5,0,7,0,0,9029.51,8341.14,488.12,2886.76,1500.00,240.00,-1,10,0,100,40000.0,40000.0,0,9215.95,5463.35,618.23
171.6167,0,2,21,5,0,3,0,24,9029.51,8341.14,488.12,2911.95,1500.00,240.00,-1,10,0,100,0.0,40000.0,0,9226.15,5438.59,614.74
171.6167,0,3,1,0,0,7,0,0,9029.51,8341.14,488.12,2911.95,1500.00,390.00,-1,10,0,100,40000.0,40000.0,0,9226.15,5438.59,614.74
171.6167,0,5,21,5,8,7,0,0,4658.84,6274.97,772.30,4645.94,1500.00,240.00,-1,10,0,100,13200.0,40000.0,0,9226.15,5438.59,614.74
171.6167,0,7,21,5,0,7,0,0,9465.01,4340.65,528.77,1126.91,1500.00,240.00,-1,10,0,100,40000.0,40000.0,0,9226.15,5438.59,614.74
171.6167,0,14,35,4,8,10,11,19,10761.91,1641.62,900.42,4105.75,1500.00,540.00,-1,10,0,100,40000.0,40000.0,0,9226.15,5438.59,614.74
171.6167,0,16,24,5,0,7,0,0,9029.51,8341.14,488.12,2911.95,1500.00,240.00,-1,10,0,100,40000.0,40000.0,0,9226.15,5438.59,614.74
171.6167,0,17,22,5,0,7,0,0,9029.51,8341.14,488.12,2911.95,1500.00,240.00,-1,10,0,100,40000.0,40000.0,0,9226.15,5438.59,614.74
171.7667,0,2,21,5,0,3,0,24,9029.51,8341.14,488.12,2936.87,1500.00,240.00,-1,10,0,100,0.0,40000.0,0,9230.88,5414.22,621.41
171.7667,0,3,1,0,0,7,0,0,9029.51,8341.14,488.12,2936.87,1500.00,390.00,-1,10,0,100,40000.0,40000.0,0,9230.88,5414.22,621.41
171.7667,0,5,21,5,8,7,0,0,4658.84,6274.97,772.30,4654.81,1500.00,240.00,-1,10,0,100,13200.0,40000.0,0,9230.88,5414.22,621.41
171.7667,0,7,21,5,0,7,0,0,9465.01,4340.65,528.77,1102.70,1500.00,240.00,-1,10,0,100,40000.0,40000.0,0,9230.88,5414.22,621.41
171.7667,0,14,35,4,8,10,11,19,10761.91,1641.62,900.42,4080.98,1500.00,540.00,-1,10,0,100,40000.0,40000.0,0,9230.88,5414.22,621.41
171.7667,0,16,24,5,0,7,0,0,9029.51,8341.14,488.12,2936.87,1500.00,240.00,-1,10,0,100,40000.0,40000.0,0,9230.88,5414.22,621.41
171.7667,0,17,22,5,0,7,0,0,9029.51,8341.14,488.12,2936.87,1500.00,240.00,-1,10,0,100,40000.0,40000.0,0,9230.88,5414.22,621.41
171.9167,0,2,21,5,0,3,0,24,9029.51,8341.14,488.12,2963.62,1500.00,240.00,-1,10,0,100,0.0,40000.0,0,9232.46,5387.69,626.01
171.9167,0,3,1,0,0,7,0,0,9029.51,8341.14,488.12,2963.62,1500.00,390.00,-1,10,0,100,40000.0,40000.0,0,9232.46,5387.69,626.01
171.9167,0,5,21,5,8,7,0,0,4658.84,6274.97,772.30,4661.19,1500.00,240.00,-1,10,0,100,13200.0,40000.0,0,9232.46,5387.69,626.01
171.9167,0,7,21,5,0,7,0,0,9465.01,4340.65,528.77,1076.95,1500.00,240.00,-1,10,0,100,40000.0,40000.0,0,9232.46,5387.69,626.01
171.9167,0,14,35,4,8,10,11,19,10761.91,1641.62,900.42,4055.56,1500.00,540.00,-1,10,0,100,40000.0,40000.0,0,9232.46,5387.69,626.01
171.9167,0,16,24,5,0,7,0,0,9029.51,8341.14,488.12,2963.62,1500.00,240.00,-1,10,0,100,40000.0,40000.0,0,9232.46,5387.69,626.01
171.9167,0,17,22,5,0,7,0,0,9029.51,8341.14,488.12,2963.62,1500.00,240.00,-1,10,0,100,40000.0,40000.0,0,9232.46,5387.69,626.01
172.0500,0,2,21,5,0,3,0,24,9029.51,8341.14,488.12,2987.35,1500.00,240.00,-1,10,0,100,0.0,40000.0,0,9237.04,5364.16,625.29
172.0500,0,3,1,0,0,7,0,0,9029.51,8341.14,488.12,2987.35,1500.00,390.00,-1,10,0,100,40000.0,40000.0,0,9237.04,5364.16,625.29
172.0500,0,5,21,5,8,7,0,0,4658.84,6274.97,772.30,4670.24,1500.00,240.00,-1,10,0,100,13200.0,40000.0,0,9237.04,5364.16,625.29
172.0500,0,7,21,5,0,7,0,0,9465.01,4340.65,528.77,1053.03,1500.00,240.00,-1,10,0,100,40000.0,40000.0,0,9237.04,5364.16,625.29
172.0500,0,14,35,4,8,10,11,19,10761.91,1641.62,900.42,4032.15,1500.00,540.00,-1,10,0,100,40000.0,40000.0,0,9237.04,5364.16,625.29
172.0500,0,16,24,5,0,7,0,0,9029.51,8341.14,488.12,2987.35,1500.00,240.00,-1,10,0,100,40000.0,40000.0,0,9237.04,5364.16,625.29
172.0500,0,17,22,5,0,7,0,0,9029.51,8341.14,488.12,2987.35,1500.00,240.00,-1,10,0,100,40000.0,40000.0,0,9237.04,5364.16,625.29
172.2000,0,2,21,5,0,3,0,24,9029.51,8341.14,488.12,3013.29,1500.00,240.00,-1,10,0,100,0.0,40000.0,0,9243.49,5338.53,624.03
172.2000,0,3,1,0,0,7,0,0,9029.51,8341.14,488.12,3013.29,1500.00,390.00,-1,10,0,100,40000.0,40000.0,0,9243.49,5338.53,624.03
172.2000,0,5,21,5,8,7,0,0,4658.84,6274.97,772.30,4681.66,1500.00,240.00,-1,10,0,100,13200.0,40000.0,0,9243.49,5338.53,624.03
172.2000,0,7,21,5,0,7,0,0,9465.01,4340.65,528.77,1026.60,1500.00,240.00,-1,10,0,100,40000.0,40000.0,0,9243.49,5338.53,624.03
172.2000,0,14,35,4,8,10,11,19,10761.91,1641.62,900.42,4006.14,1500.00,540.00,-1,10,0,100,40000.0,40000.0,0,9243.49,5338.53,624.03
172.2000,0,16,24,5,0,7,0,0,9029.51,8341.14,488.12,3013.29,1500.00,240.00,-1,10,0,100,40000.0,40000.0,0,9243.49,5338.53,624.03
172.2000,0,17,22,5,0,7,0,0,9029.51,8341.14,488.12,3013.29,1500.00,240.00,-1,10,0,100,40000.0,40000.0,0,9243.49,5338.53,624.03
172.3500,0,2,21,5,0,3,0,24,9029.51,8341.14,488.12,3039.32,1500.00,240.00,-1,10,0,100,0.0,40000.0,0,9249.44,5312.78,622.65
172.3500,0,3,1,0,0,7,0,0,9029.51,8341.14,488.12,3039.32,1500.00,390.00,-1,10,0,100,40000.0,40000.0,0,9249.44,5312.78,622.65
172.3500,0,5,21,5,8,7,0,0,4658.84,6274.97,772.30,4692.74,1500.00,240.00,-1,10,0,100,13200.0,40000.0,0,9249.44,5312.78,622.65
172.3500,0,7,21,5,0,7,0,0,9465.01,4340.65,528.77,1000.16,1500.00,240.00,-1,10,0,100,40000.0,40000.0,0,9249.44,5312.78,622.65
172.3500,0,14,35,4,8,10,11,19,10761.91,1641.62,900.42,3980.22,1500.00,540.00,-1,10,0,100,40000.0,40000.0,0,9249.44,5312.78,622.65
172.3500,0,16,24,5,0,7,0,0,9029.51,8341.14,488.12,3039.32,1500.00,240.00,-1,10,0,100,40000.0,40000.0,0,9249.44,5312.78,622.65
172.3500,0,17,22,5,0,7,0,0,9029.51,8341.14,488.12,3039.32,1500.00,240.00,-1,10,0,100,40000.0,40000.0,0,9249.44,5312.78,622.65
172.4833,0,2,21,5,0,3,0,24,9029.51,8341.14,488.12,3062.95,1500.00,240.00,-1,10,0,100,0.0,40000.0,0,9255.19,5289.50,623.18
172.4833,0,3,1,0,0,7,0,0,9029.51,8341.14,488.12,3062.95,1500.00,390.00,-1,10,0,100,40000.0,40000.0,0,9255.19,5289.50,623.18
172.4833,0,5,21,5,8,7,0,0,4658.84,6274.97,772.30,4703.17,1500.00,240.00,-1,10,0,100,13200.0,40000.0,0,9255.19,5289.50,623.18
172.4833,0,7,21,5,0,7,0,0,9465.01,4340.65,528.77,976.35,1500.00,240.00,-1,10,0,100,40000.0,40000.0,0,9255.19,5289.50,623.18
172.4833,0,14,35,4,8,10,10,19,10761.91,1641.62,900.42,3956.52,1500.00,540.00,-1,10,0,100,40000.0,40000.0,0,9255.19,5289.50,623.18
172.4833,0,16,24,5,0,7,0,0,9029.51,8341.14,488.12,3062.95,1500.00,240.00,-1,10,0,100,40000.0,40000.0,0,9255.19,5289.50,623.18
172.4833,0,17,22,5,0,7,0,0,9029.51,8341.14,488.12,3062.95,1500.00,240.00,-1,10,0,100,40000.0,40000.0,0,9255.19,5289.50,623.18
172.6333,0,2,21,5,0,3,0,24,9029.51,8341.14,488.12,3088.12,1500.00,240.00,-1,10,0,100,0.0,40000.0,0,9264.52,5264.73,618.26
172.6333,0,3,1,0,0,7,0,0,9029.51,8341.14,488.12,3088.12,1500.00,390.00,-1,10,0,100,40000.0,40000.0,0,9264.52,5264.73,618.26
172.6333,0,5,21,5,8,7,0,0,4658.84,6274.97,772.30,4717.69,1500.00,240.00,-1,10,0,100,13200.0,40000.0,0,9264.52,5264.73,618.26
172.6333,0,7,21,5,0,7,0,0,9465.01,4340.65,528.77,949.81,1500.00,240.00,-1,10,0,100,40000.0,40000.0,0,9264.52,5264.73,618.26
172.6333,0,14,35,4,8,10,10,19,10750.12,1648.18,900.02,3919.93,1500.00,540.00,-1,10,1,100,40000.0,40000.0,0,9264.52,5264.73,618.26
172.6333,0,16,24,5,0,7,0,0,9029.51,8341.14,488.12,3088.12,1500.00,240.00,-1,10,0,100,40000.0,40000.0,0,9264.52,5264.73,618.26
172.6333,0,17,22,5,0,7,0,0,9029.51,8341.14,488.12,3088.12,1500.00,240.00,-1,10,0,100,40000.0,40000.0,0,9264.52,5264.73,618.26
172.7833,0,2,21,5,0,3,0,24,9029.51,8341.14,488.12,3114.24,1500.00,240.00,-1,10,0,100,0.0,40000.0,0,9268.84,5238.81,617.70
172.7833,0,3,1,0,0,7,0,0,9029.51,8341.14,488.12,3114.24,1500.00,390.00,-1,10,0,100,40000.0,40000.0,0,9268.84,5238.81,617.70
172.7833,0,5,21,5,8,7,0,0,4658.84,6274.97,772.30,4727.54,1500.00,240.00,-1,10,0,100,13200.0,40000.0,0,9268.84,5238.81,617.70
172.7833,0,7,21,5,0,7,0,0,9465.01,4340.65,528.77,923.63,1500.00,240.00,-1,10,0,100,40000.0,40000.0,0,9268.84,5238.81,617.70
172.7833,0,14,35,4,8,10,10,19,10738.32,1654.74,899.63,3883.87,1500.00,540.00,-1,10,1,100,40000.0,40000.0,0,9268.84,5238.81,617.70
172.7833,0,16,24,5,0,7,0,0,9029.51,8341.14,488.12,3114.24,1500.00,240.00,-1,10,0,100,40000.0,40000.0,0,9268.84,5238.81,617.70
172.7833,0,17,22,5,0,7,0,0,9029.51,8341.14,488.12,3114.24,1500.00,240.00,-1,10,0,100,40000.0,40000.0,0,9268.84,5238.81,617.70
172.9167,0,2,21,5,0,3,0,24,9029.51,8341.14,488.12,3136.96,1500.00,240.00,-1,10,0,100,0.0,40000.0,0,9272.74,5216.09,612.43
172.9167,0,3,1,0,0,7,0,0,9029.51,8341.14,488.12,3136.96,1500.00,390.00,-1,10,0,100,40000.0,40000.0,0,9272.74,5216.09,612.43
172.9167,0,5,21,5,8,7,0,0,4658.84,6274.97,772.30,4736.55,1500.00,240.00,-1,10,0,100,13200.0,40000.0,0,9272.74,5216.09,612.43
172.9167,0,7,21,5,0,7,0,0,9465.01,4340.65,528.77,900.20,1500.00,240.00,-1,10,0,100,40000.0,40000.0,0,9272.74,5216.09,612.43
172.9167,0,14,35,4,8,10,10,19,10727.84,1660.57,899.28,3852.45,1500.00,540.00,-1,10,1,100,40000.0,40000.0,0,9272.74,5216.09,612.43
172.9167,0,16,24,5,0,7,0,0,9029.51,8341.14,488.12,3136.96,1500.00,240.00,-1,10,0,100,40000.0,40000.0,0,9272.74,5216.09,612.43
172.9167,0,17,22,5,0,7,0,0,9029.51,8341.14,488.12,3136.96,1500.00,240.00,-1,10,0,100,40000.0,40000.0,0,9272.74,5216.09,612.43
173.0500,0,2,21,5,0,3,0,24,9029.51,8341.14,488.12,3159.38,1500.00,240.00,-1,10,0,100,0.0,40000.0,0,9280.26,5194.12,611.04
173.0500,0,3,1,0,0,7,0,0,9029.51,8341.14,488.12,3159.38,1500.00,390.00,-1,10,0,100,40000.0,40000.0,0,9280.26,5194.12,611.04
173.0500,0,5,21,5,8,7,0,0,4658.84,6274.97,772.30,4748.87,1500.00,240.00,-1,10,0,100,13200.0,40000.0,0,9280.26,5194.12,611.04
173.0500,0,7,21,5,0,7,0,0,9465.01,4340.65,528.77,877.11,1500.00,240.00,-1,10,0,100,40000.0,40000.0,0,9280.26,5194.12,611.04
173.0500,0,14,35,4,8,10,10,19,10717.36,1666.40,898.94,3820.07,1500.00,540.00,-1,10,1,100,40000.0,40000.0,0,9280.26,5194.12,611.04
173.0500,0,16,24,5,0,7,0,0,9029.51,8341.14,488.12,3159.38,1500.00,240.00,-1,10,0,100,40000.0,40000.0,0,9280.26,5194.12,611.04
173.0500,0,17,22,5,0,7,0,0,9029.51,8341.14,488.12,3159.38,1500.00,240.00,-1,10,0,100,40000.0,40000.0,0,9280.26,5194.12,611.04
173.1833,0,2,21,5,0,3,0,24,9029.51,8341.14,488.12,3179.22,1500.00,240.00,-1,10,0,100,0.0,40000.0,0,9293.63,5175.08,605.26
173.1833,0,3,1,0,0,7,0,0,9029.51,8341.14,488.12,3179.22,1500.00,390.00,-1,10,0,100,40000.0,40000.0,0,9293.63,5175.08,605.26
173.1833,0,5,21,5,8,7,0,0,4658.84,6274.97,772.30,4766.44,1500.00,240.00,-1,10,0,100,13200.0,40000.0,0,9293.63,5175.08,605.26
173.1833,0,7,21,5,0,7,0,0,9465.01,4340.65,528.77,855.27,1500.00,240.00,-1,10,0,100,40000.0,40000.0,0,9293.63,5175.08,605.26
173.1833,0,14,35,4,8,10,10,19,10706.88,1672.23,898.59,3788.56,1500.00,540.00,-1,10,1,100,40000.0,40000.0,0,9293.63,5175.08,605.26
173.1833,0,16,24,5,0,7,0,0,9029.51,8341.14,488.12,3179.22,1500.00,240.00,-1,10,0,100,40000.0,40000.0,0,9293.63,5175.08,605.26
173.1833,0,17,22,5,0,7,0,0,9029.51,8341.14,488.12,3179.22,1500.00,240.00,-1,10,0,100,40000.0,40000.0,0,9293.63,5175.08,605.26
173.3167,0,2,21,5,0,3,0,24,9029.51,8341.14,488.12,3198.26,1500.00,240.00,-1,10,0,100,0.0,40000.0,0,9308.02,5156.95,598.92
173.3167,0,3,1,0,0,7,0,0,9029.51,8341.14,488.12,3198.26,1500.00,390.00,-1,10,0,100,40000.0,40000.0,0,9308.02,5156.95,598.92
173.3167,0,5,21,5,8,7,0,0,4658.84,6274.97,772.30,4784.86,1500.00,240.00,-1,10,0,100,13200.0,40000.0,0,9308.02,5156.95,598.92
173.3167,0,7,21,5,0,7,0,0,9465.01,4340.65,528.77,834.22,1500.00,240.00,-1,10,0,100,40000.0,40000.0,0,9308.02,5156.95,598.92
173.3167,0,14,35,4,8,10,10,19,10696.40,1678.06,898.24,3757.64,1500.00,540.00,-1,10,1,100,40000.0,40000.0,0,9308.02,5156.95,598.92
173.3167,0,16,24,5,0,7,0,0,9029.51,8341.14,488.12,3198.26,1500.00,240.00,-1,10,0,100,40000.0,40000.0,0,9308.02,5156.95,598.92
173.3167,0,17,22,5,0,7,0,0,9029.51,8341.14,488.12,3198.26,1500.00,240.00,-1,10,0,100,40000.0,40000.0,0,9308.02,5156.95,598.92
173.4500,0,2,21,5,0,3,0,24,9029.51,8341.14,488.12,3218.78,1500.00,240.00,-1,10,0,100,0.0,40000.0,0,9319.29,5137.13,592.52
173.4500,0,3,1,0,0,7,0,0,9029.51,8341.14,488.12,3218.78,1500.00,390.00,-1,10,0,100,40000.0,40000.0,0,9319.29,5137.13,592.52
173.4500,0,5,21,5,8,7,0,0,4658.84,6274.97,772.30,4800.71,1500.00,240.00,-1,10,0,100,13200.0,40000.0,0,9319.29,5137.13,592.52
173.4500,0,7,21,5,0,7,0,0,9465.01,4340.65,528.77,812.21,1500.00,240.00,-1,10,0,100,40000.0,40000.0,0,9319.29,5137.13,592.52
173.4500,0,14,35,4,8,10,10,19,10685.91,1683.89,897.89,3726.36,1500.00,540.00,-1,10,1,100,40000.0,40000.0,0,9319.29,5137.13,592.52
173.4500,0,16,24,5,0,7,0,0,9029.51,8341.14,488.12,3218.78,1500.00,240.00,-1,10,0,100,40000.0,40000.0,0,9319.29,5137.13,592.52
173.4500,0,17,22,5,0,7,0,0,9029.51,8341.14,488.12,3218.78,1500.00,240.00,-1,10,0,100,40000.0,40000.0,0,9319.29,5137.13,592.52
173.5833,0,2,21,5,0,3,0,24,9029.51,8341.14,488.12,3241.24,1500.00,240.00,-1,10,0,100,0.0,40000.0,0,9326.47,5115.17,591.14
173.5833,0,3,1,0,0,7,0,0,9029.51,8341.14,488.12,3241.24,1500.00,390.00,-1,10,0,100,40000.0,40000.0,0,9326.47,5115.17,591.14
173.5833,0,5,21,5,8,7,0,0,4658.84,6274.97,772.30,4812.97,1500.00,240.00,-1,10,0,100,13200.0,40000.0,0,9326.47,5115.17,591.14
173.5833,0,7,21,5,0,7,0,0,9465.01,4340.65,528.77,789.28,1500.00,240.00,-1,10,0,100,40000.0,40000.0,0,9326.47,5115.17,591.14
173.5833,0,14,35,4,8,10,10,19,10675.43,1689.73,897.54,3694.22,1500.00,540.00,-1,10,1,100,40000.0,40000.0,0,9326.47,5115.17,591.14
173.5833,0,16,24,5,0,7,0,0,9029.51,8341.14,488.12,3241.24,1500.00,240.00,-1,10,0,100,40000.0,40000.0,0,9326.47,5115.17,591.14
173.5833,0,17,22,5,0,7,0,0,9029.51,8341.14,488.12,3241.24,1500.00,240.00,-1,10,0,100,40000.0,40000.0,0,9326.47,5115.17,591.14
173.7333,0,2,21,5,0,3,0,24,9029.51,8341.14,488.12,3266.68,1500.00,240.00,-1,10,0,100,0.0,40000.0,0,9336.37,5090.44,588.29
173.7333,0,3,1,0,0,7,0,0,9029.51,8341.14,488.12,3266.68,1500.00,390.00,-1,10,0,100,40000.0,40000.0,0,9336.37,5090.44,588.29
173.7333,0,5,21,5,8,7,0,0,4658.84,6274.97,772.30,4828.69,1500.00,240.00,-1,10,0,100,13200.0,40000.0,0,9336.37,5090.44,588.29
173.7333,0,7,21,5,0,7,0,0,9465.01,4340.65,528.77,763.08,1500.00,240.00,-1,10,0,100,40000.0,40000.0,0,9336.37,5090.44,588.29
173.7333,0,14,35,4,8,10,10,19,10663.64,1696.28,897.15,3657.50,1500.00,540.00,-1,10,1,100,40000.0,40000.0,0,9336.37,5090.44,588.29
173.7333,0,16,24,5,0,7,0,0,9029.51,8341.14,488.12,3266.68,1500.00,240.00,-1,10,0,100,40000.0,40000.0,0,9336.37,5090.44,588.29
173.7333,0,17,22,5,0,7,0,0,9029.51,8341.14,488.12,3266.68,1500.00,240.00,-1,10,0,100,40000.0,40000.0,0,9336.37,5090.44,588.29
173.8667,0,2,21,5,0,3,0,24,9029.51,8341.14,488.12,3287.78,1500.00,240.00,-1,10,0,100,0.0,40000.0,0,9346.45,5070.07,583.83
173.8667,0,3,1,0,0,7,0,0,9029.51,8341.14,488.12,3287.78,1500.00,390.00,-1,10,0,100,40000.0,40000.0,0,9346.45,5070.07,583.83
173.8667,0,5,21,5,8,7,0,0,4658.84,6274.97,772.30,4843.66,1500.00,240.00,-1,10,0,100,13200.0,40000.0,0,9346.45,5070.07,583.83
173.8667,0,7,21,5,0,7,0,0,9465.01,4340.65,528.77,741.04,1500.00,240.00,-1,10,0,100,40000.0,40000.0,0,9346.45,5070.07,583.83
173.8667,0,14,35,4,8,10,10,19,10653.16,1702.12,896.80,3626.09,1500.00,540.00,-1,10,1,100,40000.0,40000.0,0,9346.45,5070.07,583.83
173.8667,0,16,24,5,0,7,0,0,9029.51,8341.14,488.12,3287.78,1500.00,240.00,-1,10,0,100,40000.0,40000.0,0,9346.45,5070.07,583.83
173.8667,0,17,22,5,0,7,0,0,9029.51,8341.14,488.12,3287.78,1500.00,240.00,-1,10,0,100,40000.0,40000.0,0,9346.45,5070.07,583.83
174.0000,0,2,21,5,0,3,0,24,9029.51,8341.14,488.12,3311.29,1500.00,240.00,-1,10,0,100,0.0,40000.0,0,9350.38,5046.71,579.93
174.0000,0,3,1,0,0,7,0,0,9029.51,8341.14,488.12,3311.29,1500.00,390.00,-1,10,0,100,40000.0,40000.0,0,9350.38,5046.71,579.93
174.0000,0,5,21,5,8,7,0,0,4658.84,6274.97,772.30,4853.47,1500.00,240.00,-1,10,0,100,13200.0,40000.0,0,9350.38,5046.71,579.93
174.0000,0,7,21,5,0,7,0,0,9465.01,4340.65,528.77,717.13,1500.00,240.00,-1,10,0,100,40000.0,40000.0,0,9350.38,5046.71,579.93
174.0000,0,14,35,4,8,10,10,19,10642.67,1707.95,896.45,3594.10,1500.00,540.00,-1,10,1,100,40000.0,40000.0,0,9350.38,5046.71,579.93
174.0000,0,16,24,5,0,7,0,0,9029.51,8341.14,488.12,3311.29,1500.00,240.00,-1,10,0,100,40000.0,40000.0,0,9350.38,5046.71,579.93
174.0000,0,17,22,5,0,7,0,0,9029.51,8341.14,488.12,3311.29,1500.00,240.00,-1,10,0,100,40000.0,40000.0,0,9350.38,5046.71,579.93
174.1333,0,2,21,5,0,3,0,24,9029.51,8341.14,488.12,3335.16,1500.00,240.00,-1,10,0,100,0.0,40000.0,0,9352.01,5022.86,579.37
174.1333,0,3,1,0,0,7,0,0,9029.51,8341.14,488.12,3335.16,1500.00,390.00,-1,10,0,100,40000.0,40000.0,0,9352.01,5022.86,579.37
174.1333,0,5,21,5,8,7,0,0,4658.84,6274.97,772.30,4861.16,1500.00,240.00,-1,10,0,100,13200.0,40000.0,0,9352.01,5022.86,579.37
174.1333,0,7,21,5,0,7,0,0,9465.01,4340.65,528.77,693.36,1500.00,240.00,-1,10,0,100,40000.0,40000.0,0,9352.01,5022.86,579.37
174.1333,0,14,35,4,8,10,10,19,10632.19,1713.78,896.10,3562.19,1500.00,540.00,-1,10,1,100,40000.0,40000.0,0,9352.01,5022.86,579.37
174.1333,0,16,24,5,0,7,0,0,9029.51,8341.14,488.12,3335.16,1500.00,240.00,-1,10,0,100,40000.0,40000.0,0,9352.01,5022.86,579.37
174.1333,0,17,22,5,0,7,0,0,9029.51,8341.14,488.12,3335.16,1500.00,240.00,-1,10,0,100,40000.0,40000.0,0,9352.01,5022.86,579.37
174.2667,0,2,21,5,0,3,0,24,9029.51,8341.14,488.12,3358.88,1500.00,240.00,-1,10,0,100,0.0,40000.0,0,9354.18,4999.18,577.46
174.2667,0,3,1,0,0,7,0,0,9029.51,8341.14,488.12,3358.88,1500.00,390.00,-1,10,0,100,40000.0,40000.0,0,9354.18,4999.18,577.46
174.2667,0,5,21,5,8,7,0,0,4658.84,6274.97,772.30,4869.48,1500.00,240.00,-1,10,0,100,13200.0,40000.0,0,9354.18,4999.18,577.46
174.2667,0,7,21,5,0,7,0,0,9465.01,4340.65,528.77,669.56,1500.00,240.00,-1,10,0,100,40000.0,40000.0,0,9354.18,4999.18,577.46
174.2667,0,14,35,4,8,10,10,19,10621.71,1719.61,895.76,3530.37,1500.00,540.00,-1,10,1,100,40000.0,40000.0,0,9354.18,4999.18,577.46
174.2667,0,16,24,5,0,7,0,0,9029.51,8341.14,488.12,3358.88,1500.00,240.00,-1,10,0,100,40000.0,40000.0,0,9354.18,4999.18,577.46
174.2667,0,17,22,5,0,7,0,0,9029.51,8341.14,488.12,3358.88,1500.00,240.00,-1,10,0,100,40000.0,40000.0,0,9354.18,4999.18,577.46
174.3833,0,2,21,5,0,3,0,24,9029.51,8341.14,488.12,3379.13,1500.00,240.00,-1,10,0,100,0.0,40000.0,0,9360.00,4979.31,574.25
174.3833,0,3,1,0,0,7,0,0,9029.51,8341.14,488.12,3379.13,1500.00,390.00,-1,10,0,100,40000.0,40000.0,0,9360.00,4979.31,574.25
174.3833,0,5,21,5,8,7,0,0,4658.84,6274.97,772.30,4880.46,1500.00,240.00,-1,10,0,100,13200.0,40000.0,0,9360.00,4979.31,574.25
174.3833,0,7,21,5,0,7,0,0,9465.01,4340.65,528.77,648.84,1500.00,240.00,-1,10,0,100,40000.0,40000.0,0,9360.00,4979.31,574.25
174.3833,0,14,35,4,8,10,10,19,10612.54,1724.71,895.45,3502.06,1500.00,540.00,-1,10,1,100,40000.0,40000.0,0,9360.00,4979.31,574.25
174.3833,0,16,24,5,0,7,0,0,9029.51,8341.14,488.12,3379.13,1500.00,240.00,-1,10,0,100,40000.0,40000.0,0,9360.00,4979.31,574.25
174.3833,0,17,22,5,0,7,0,0,9029.51,8341.14,488.12,3379.13,1500.00,240.00,-1,10,0,100,40000.0,40000.0,0,9360.00,4979.31,574.25
174.5167,0,2,21,5,0,3,0,24,9029.51,8341.14,488.12,3401.70,1500.00,240.00,-1,10,0,100,0.0,40000.0,0,9369.14,4957.55,574.77
174.5167,0,3,1,0,0,7,0,0,9029.51,8341.14,488.12,3401.70,1500.00,390.00,-1,10,0,100,40000.0,40000.0,0,9369.14,4957.55,574.77
174.5167,0,5,21,5,8,7,0,0,4658.84,6274.97,772.30,4895.05,1500.00,240.00,-1,10,0,100,13200.0,40000.0,0,9369.14,4957.55,574.77
174.5167,0,7,21,5,0,7,0,0,9465.01,4340.65,528.77,626.00,1500.00,240.00,-1,10,0,100,40000.0,40000.0,0,9369.14,4957.55,574.77
174.5167,0,14,35,4,8,10,10,19,10602.06,1730.54,895.10,3469.33,1500.00,540.00,-1,10,1,100,40000.0,40000.0,0,9369.14,4957.55,574.77
174.5167,0,16,24,5,0,7,0,0,9029.51,8341.14,488.12,3401.70,1500.00,240.00,-1,10,0,100,40000.0,40000.0,0,9369.14,4957.55,574.77
174.5167,0,17,22,5,0,7,0,0,9029.51,8341.14,488.12,3401.70,1500.00,240.00,-1,10,0,100,40000.0,40000.0,0,9369.14,4957.55,574.77
174.6500,0,2,21,5,0,3,0,24,9029.51,8341.14,488.12,3424.64,1500.00,240.00,-1,10,0,100,0.0,40000.0,0,9376.21,4935.12,571.63
174.6500,0,3,1,0,0,7,0,0,9029.51,8341.14,488.12,3424.64,1500.00,390.00,-1,10,0,100,40000.0,40000.0,0,9376.21,4935.12,571.63
174.6500,0,5,21,5,8,7,0,0,4658.84,6274.97,772.30,4908.06,1500.00,240.00,-1,10,0,100,13200.0,40000.0,0,9376.21,4935.12,571.63
174.6500,0,7,21,5,0,7,0,0,9465.01,4340.65,528.77,602.59,1500.00,240.00,-1,10,0,100,40000.0,40000.0,0,9376.21,4935.12,571.63
174.6500,0,14,35,4,8,10,10,19,10591.57,1736.37,894.75,3437.08,1500.00,540.00,-1,10,1,100,40000.0,40000.0,0,9376.21,4935.12,571.63
174.6500,0,16,24,5,0,7,0,0,9029.51,8341.14,488.12,3424.64,1500.00,240.00,-1,10,0,100,40000.0,40000.0,0,9376.21,4935.12,571.63
174.6500,0,17,22,5,0,7,0,0,9029.51,8341.14,488.12,3424.64,1500.00,240.00,-1,10,0,100,40000.0,40000.0,0,9376.21,4935.12,571.63
174.7833,0,2,21,5,0,3,0,24,9029.51,8341.14,488.12,3447.32,1500.00,240.00,-1,10,0,100,0.0,40000.0,0,9386.20,4913.37,572.84
174.7833,0,3,1,0,0,7,0,0,9029.51,8341.14,488.12,3447.32,1500.00,390.00,-1,10,0,100,40000.0,40000.0,0,9386.20,4913.37,572.84
174.7833,0,5,21,5,8,7,0,0,4658.84,6274.97,772.30,4923.59,1500.00,240.00,-1,10,0,100,13200.0,40000.0,0,9386.20,4913.37,572.84
174.7833,0,7,21,5,0,7,0,0,9465.01,4340.65,528.77,579.80,1500.00,240.00,-1,10,0,100,40000.0,40000.0,0,9386.20,4913.37,572.84
174.7833,0,14,35,4,8,10,10,19,10581.09,1742.20,894.41,3404.03,1500.00,540.00,-1,10,1,100,40000.0,40000.0,0,9386.20,4913.37,572.84
174.7833,0,16,24,5,0,7,0,0,9029.51,8341.14,488.12,3447.32,1500.00,240.00,-1,10,0,100,40000.0,40000.0,0,9386.20,4913.37,572.84
174.7833,0,17,22,5,0,7,0,0,9029.51,8341.14,488.12,3447.32,1500.00,240.00,-1,10,0,100,40000.0,40000.0,0,9386.20,4913.37,572.84
174.9167,0,2,21,5,0,3,0,24,9029.51,8341.14,488.12,3469.20,1500.00,240.00,-1,10,0,100,0.0,40000.0,0,9398.32,4892.64,572.91
174.9167,0,3,1,0,0,7,0,0,9029.51,8341.14,488.12,3469.20,1500.00,390.00,-1,10,0,100,40000.0,40000.0,0,9398.32,4892.64,572.91
174.9167,0,5,21,5,8,7,0,0,4658.84,6274.97,772.30,4940.98,1500.00,240.00,-1,10,0,100,13200.0,40000.0,0,9398.32,4892.64,572.91
174.9167,0,7,21,5,0,7,0,0,9465.01,4340.65,528.77,557.76,1500.00,240.00,-1,10,0,100,40000.0,40000.0,0,9398.32,4892.64,572.91
174.9167,0,14,35,4,8,10,10,19,10570.61,1748.03,894.06,3371.34,1500.00,540.00,-1,10,1,100,40000.0,40000.0,0,9398.32,4892.64,572.91
174.9167,0,16,24,5,0,7,0,0,9029.51,8341.14,488.12,3469.20,1500.00,240.00,-1,10,0,100,40000.0,40000.0,0,9398.32,4892.64,572.91
174.9167,0,17,22,5,0,7,0,0,9029.51,8341.14,488.12,3469.20,1500.00,240.00,-1,10,0,100,40000.0,40000.0,0,9398.32,4892.64,572.91
175.0333,0,2,21,5,0,3,0,24,9029.51,8341.14,488.12,3487.49,1500.00,240.00,-1,10,0,100,0.0,40000.0,0,9407.24,4875.04,565.98
175.0333,0,3,1,0,0,7,0,0,9029.51,8341.14,488.12,3487.49,1500.00,390.00,-1,10,0,100,40000.0,40000.0,0,9407.24,4875.04,565.98
175.0333,0,5,21,5,8,7,0,0,4658.84,6274.97,772.30,4954.76,1500.00,240.00,-1,10,0,100,13200.0,40000.0,0,9407.24,4875.04,565.98
175.0333,0,7,21,5,0,7,0,0,9465.01,4340.65,528.77,538.79,1500.00,240.00,-1,10,0,100,40000.0,40000.0,0,9407.24,4875.04,565.98
175.0333,0,14,35,4,8,10,10,19,10561.44,1753.14,893.75,3344.53,1500.00,540.00,-1,10,1,100,40000.0,40000.0,0,9407.24,4875.04,565.98
175.0333,0,16,24,5,0,7,0,0,9029.51,8341.14,488.12,3487.49,1500.00,240.00,-1,10,0,100,40000.0,40000.0,0,9407.24,4875.04,565.98
175.0333,0,17,22,5,0,7,0,0,9029.51,8341.14,488.12,3487.49,1500.00,240.00,-1,10,0,100,40000.0,40000.0,0,9407.24,4875.04,565.98
175.1667,0,2,21,5,0,3,0,24,9029.51,8341.14,488.12,3510.12,1500.00,240.00,-1,10,0,100,0.0,40000.0,0,9414.27,4853.01,564.87
175.1667,0,3,1,0,0,7,0,0,9029.51,8341.14,488.12,3510.12,1500.00,390.00,-1,10,0,100,40000.0,40000.0,0,9414.27,4853.01,564.87
175.1667,0,5,21,5,8,7,0,0,4658.84,6274.97,772.30,4967.81,1500.00,240.00,-1,10,0,100,13200.0,40000.0,0,9414.27,4853.01,564.87
175.1667,0,7,21,5,0,7,0,0,9465.01,4340.65,528.77,516.13,1500.00,240.00,-1,10,0,100,40000.0,40000.0,0,9414.27,4853.01,564.87
175.1667,0,14,35,4,8,10,10,19,10550.95,1758.97,893.40,3312.56,1500.00,540.00,-1,10,1,100,40000.0,40000.0,0,9414.27,4853.01,564.87
175.1667,0,16,24,5,0,7,0,0,9029.51,8341.14,488.12,3510.12,1500.00,240.00,-1,10,0,100,40000.0,40000.0,0,9414.27,4853.01,564.87
175.1667,0,17,22,5,0,7,0,0,9029.51,8341.14,488.12,3510.12,1500.00,240.00,-1,10,0,100,40000.0,40000.0,0,9414.27,4853.01,564.87
175.2833,0,2,21,5,0,3,0,24,9029.51,8341.14,488.12,3530.63,1500.00,240.00,-1,10,0,100,0.0,40000.0,0,9418.28,4832.81,564.26
175.2833,0,3,1,0,0,7,0,0,9029.51,8341.14,488.12,3530.63,1500.00,390.00,-1,10,0,100,40000.0,40000.0,0,9418.28,4832.81,564.26
175.2833,0,5,21,5,8,7,0,0,4658.84,6274.97,772.30,4977.49,1500.00,240.00,-1,10,0,100,13200.0,40000.0,0,9418.28,4832.81,564.26
175.2833,0,7,21,5,0,7,0,0,9465.01,4340.65,528.77,495.65,1500.00,240.00,-1,10,0,100,40000.0,40000.0,0,9418.28,4832.81,564.26
175.2833,0,14,35,4,8,10,10,19,10541.78,1764.07,893.10,3284.44,1500.00,540.00,-1,10,1,100,40000.0,40000.0,0,9418.28,4832.81,564.26
175.2833,0,16,24,5,0,7,0,0,9029.51,8341.14,488.12,3530.63,1500.00,240.00,-1,10,0,100,40000.0,40000.0,0,9418.28,4832.81,564.26
175.2833,0,17,22,5,0,7,0,0,9029.51,8341.14,488.12,3530.63,1500.00,240.00,-1,10,0,100,40000.0,40000.0,0,9418.28,4832.81,564.26
175.4333,0,2,21,5,0,3,0,24,9029.51,8341.14,488.12,3555.30,1500.00,240.00,-1,10,0,100,0.0,40000.0,0,9413.66,4807.33,557.48
175.4333,0,3,1,0,0,7,0,0,9029.51,8341.14,488.12,3555.30,1500.00,390.00,-1,10,0,100,40000.0,40000.0,0,9413.66,4807.33,557.48
175.4333,0,5,21,5,8,7,0,0,4658.84,6274.97,772.30,4980.81,1500.00,240.00,-1,10,0,100,13200.0,40000.0,0,9413.66,4807.33,557.48
175.4333,0,7,21,5,0,7,0,0,9465.01,4340.65,528.77,470.38,1500.00,240.00,-1,10,0,100,40000.0,40000.0,0,9413.66,4807.33,557.48
175.4333,0,14,35,4,8,10,10,19,10529.99,1770.63,892.71,3252.71,1500.00,540.00,-1,10,1,100,40000.0,40000.0,0,9413.66,4807.33,557.48
175.4333,0,16,24,5,0,7,0,0,9029.51,8341.14,488.12,3555.30,1500.00,240.00,-1,10,0,100,40000.0,40000.0,0,9413.66,4807.33,557.48
175.4333,0,17,22,5,0,7,0,0,9029.51,8341.14,488.12,3555.30,1500.00,240.00,-1,10,0,100,40000.0,40000.0,0,9413.66,4807.33,557.48
175.5667,0,2,21,5,0,3,0,24,9029.51,8341.14,488.12,3571.13,1500.00,240.00,-1,10,0,100,0.0,40000.0,0,9411.25,4790.92,544.52
175.5667,0,3,1,0,0,7,0,0,9029.51,8341.14,488.12,3571.13,1500.00,390.00,-1,10,0,100,40000.0,40000.0,0,9411.25,4790.92,544.52
175.5667,0,5,21,5,8,7,0,0,4658.84,6274.97,772.30,4983.95,1500.00,240.00,-1,10,0,100,13200.0,40000.0,0,9411.25,4790.92,544.52
175.5667,0,7,21,5,0,7,0,0,9465.01,4340.65,528.77,453.74,1500.00,240.00,-1,10,0,100,40000.0,40000.0,0,9411.25,4790.92,544.52
175.5667,0,14,35,4,8,10,10,19,10519.51,1776.46,892.36,3230.51,1500.00,540.00,-1,10,1,100,40000.0,40000.0,0,9411.25,4790.92,544.52
175.5667,0,16,24,5,0,7,0,0,9029.51,8341.14,488.12,3571.13,1500.00,240.00,-1,10,0,100,40000.0,40000.0,0,9411.25,4790.92,544.52
175.5667,0,17,22,5,0,7,0,0,9029.51,8341.14,488.12,3571.13,1500.00,240.00,-1,10,0,100,40000.0,40000.0,0,9411.25,4790.92,544.52
175.6833,0,2,21,5,0,3,0,24,9029.51,8341.14,488.12,3592.09,1500.00,240.00,-1,10,0,100,0.0,40000.0,0,9412.60,4769.99,545.09
175.6833,0,3,1,0,0,7,0,0,9029.51,8341.14,488.12,3592.09,1500.00,390.00,-1,10,0,100,40000.0,40000.0,0,9412.60,4769.99,545.09
175.6833,0,5,21,5,8,7,0,0,4658.84,6274.97,772.30,4991.48,1500.00,240.00,-1,10,0,100,13200.0,40000.0,0,9412.60,4769.99,545.09
175.6833,0,7,21,5,0,7,0,0,9465.01,4340.65,528.77,432.83,1500.00,240.00,-1,10,0,100,40000.0,40000.0,0,9412.60,4769.99,545.09
175.6833,0,14,35,4,8,10,10,19,10510.34,1781.56,892.05,3202.51,1500.00,540.00,-1,10,1,100,40000.0,40000.0,0,9412.60,4769.99,545.09
175.6833,0,16,24,5,0,7,0,0,9029.51,8341.14,488.12,3592.09,1500.00,240.00,-1,10,0,100,40000.0,40000.0,0,9412.60,4769.99,545.09
175.6833,0,17,22,5,0,7,0,0,9029.51,8341.14,488.12,3592.09,1500.00,240.00,-1,10,0,100,40000.0,40000.0,0,9412.60,4769.99,545.09
175.8167,0,2,21,5,0,3,0,24,9029.51,8341.14,488.12,3616.04,1500.00,240.00,-1,10,0,100,0.0,40000.0,0,9413.83,4746.04,545.47
175.8167,0,3,1,0,0,7,0,0,9029.51,8341.14,488.12,3616.04,1500.00,390.00,-1,10,0,100,40000.0,40000.0,0,9413.83,4746.04,545.47
175.8167,0,5,21,5,8,7,0,0,4658.84,6274.97,772.30,4999.90,1500.00,240.00,-1,10,0,100,13200.0,40000.0,0,9413.83,4746.04,545.47
175.8167,0,7,21,5,0,7,0,0,9465.01,4340.65,528.77,408.95,1500.00,240.00,-1,10,0,100,40000.0,40000.0,0,9413.83,4746.04,545.47
175.8167,0,14,35,4,8,10,10,19,10499.85,1787.39,891.71,3170.63,1500.00,540.00,-1,10,1,100,40000.0,40000.0,0,9413.83,4746.04,545.47
175.8167,0,16,24,5,0,7,0,0,9029.51,8341.14,488.12,3616.04,1500.00,240.00,-1,10,0,100,40000.0,40000.0,0,9413.83,4746.04,545.47
175.8167,0,17,22,5,0,7,0,0,9029.51,8341.14,488.12,3616.04,1500.00,240.00,-1,10,0,100,40000.0,40000.0,0,9413.83,4746.04,545.47
175.9500,0,2,21,5,0,3,0,24,9029.51,8341.14,488.12,3639.83,1500.00,240.00,-1,10,0,100,0.0,40000.0,0,9413.87,4722.11,545.31
175.9500,0,3,1,0,0,7,0,0,9029.51,8341.14,488.12,3639.83,1500.00,390.00,-1,10,0,100,40000.0,40000.0,0,9413.87,4722.11,545.31
175.9500,0,7,21,5,0,7,0,0,9465.01,4340.65,528.77,385.23,1500.00,240.00,-1,10,0,100,40000.0,40000.0,0,9413.87,4722.11,545.31
175.9500,0,14,35,4,8,10,10,19,10489.37,1793.22,891.36,3139.24,1500.00,540.00,-1,10,1,100,40000.0,40000.0,0,9413.87,4722.11,545.31
175.9500,0,16,24,5,0,7,0,0,9029.51,8341.14,488.12,3639.83,1500.00,240.00,-1,10,0,100,40000.0,40000.0,0,9413.87,4722.11,545.31
175.9500,0,17,22,5,0,7,0,0,9029.51,8341.14,488.12,3639.83,1500.00,240.00,-1,10,0,100,40000.0,40000.0,0,9413.87,4722.11,545.31
176.0833,0,2,21,5,0,3,0,24,9029.51,8341.14,488.12,3662.09,1500.00,240.00,-1,10,0,100,0.0,40000.0,0,9412.82,4699.60,544.42
176.0833,0,3,1,0,0,7,0,0,9029.51,8341.14,488.12,3662.09,1500.00,390.00,-1,10,0,100,40000.0,40000.0,0,9412.82,4699.60,544.42
176.0833,0,7,21,5,0,7,0,0,9465.01,4340.65,528.77,363.06,1500.00,240.00,-1,10,0,100,40000.0,40000.0,0,9412.82,4699.60,544.42
176.0833,0,14,35,4,8,10,10,19,10478.89,1799.06,891.01,3109.62,1500.00,540.00,-1,10,1,100,40000.0,40000.0,0,9412.82,4699.60,544.42
176.0833,0,16,24,5,0,7,0,0,9029.51,8341.14,488.12,3662.09,1500.00,240.00,-1,10,0,100,40000.0,40000.0,0,9412.82,4699.60,544.42
176.0833,0,17,22,5,0,7,0,0,9029.51,8341.14,488.12,3662.09,1500.00,240.00,-1,10,0,100,40000.0,40000.0,0,9412.82,4699.60,544.42
176.2000,0,2,21,5,0,3,0,24,9029.51,8341.14,488.12,3682.90,1500.00,240.00,-1,10,0,100,0.0,40000.0,0,9416.48,4679.04,543.55
176.2000,0,3,1,0,0,7,0,0,9029.51,8341.14,488.12,3682.90,1500.00,390.00,-1,10,0,100,40000.0,40000.0,0,9416.48,4679.04,543.55
176.2000,0,7,21,5,0,7,0,0,9465.01,4340.65,528.77,342.17,1500.00,240.00,-1,10,0,100,40000.0,40000.0,0,9416.48,4679.04,543.55
176.2000,0,14,35,4,8,10,10,19,10470.00,1804.00,890.71,3081.60,1500.00,540.00,-1,10,1,100,40000.0,40000.0,0,9416.48,4679.04,543.55
176.2000,0,16,24,5,0,7,0,0,9029.51,8341.14,488.12,3682.90,1500.00,240.00,-1,10,0,100,40000.0,40000.0,0,9416.48,4679.04,543.55
176.2000,0,17,22,5,0,7,0,0,9029.51,8341.14,488.12,3682.90,1500.00,240.00,-1,10,0,100,40000.0,40000.0,0,9416.48,4679.04,543.55
176.3333,0,2,21,5,0,3,0,24,9029.51,8341.14,488.12,3706.77,1500.00,240.00,-1,10,0,100,0.0,40000.0,0,9421.09,4655.51,542.45
176.3333,0,3,1,0,0,7,0,0,9029.51,8341.14,488.12,3706.77,1500.00,390.00,-1,10,0,100,40000.0,40000.0,0,9421.09,4655.51,542.45
176.3333,0,7,21,5,0,7,0,0,9465.01,4340.65,528.77,318.21,1500.00,240.00,-1,10,0,100,40000.0,40000.0,0,9421.09,4655.51,542.45
176.3333,0,14,35,4,8,10,10,19,10458.01,1803.56,890.86,3054.55,1500.00,540.00,-1,10,1,100,40000.0,40000.0,0,9421.09,4655.51,542.45
176.3333,0,16,24,5,0,7,0,0,9029.51,8341.14,488.12,3706.77,1500.00,240.00,-1,10,0,100,40000.0,40000.0,0,9421.09,4655.51,542.45
176.3333,0,17,22,5,0,7,0,0,9029.51,8341.14,488.12,3706.77,1500.00,240.00,-1,10,0,100,40000.0,40000.0,0,9421.09,4655.51,542.45
176.4500,0,2,21,5,0,3,0,24,9029.51,8341.14,488.12,3727.65,1500.00,240.00,-1,10,0,100,0.0,40000.0,0,9425.12,4634.93,541.49
176.4500,0,3,1,0,0,7,0,0,9029.51,8341.14,488.12,3727.65,1500.00,390.00,-1,10,0,100,40000.0,40000.0,0,9425.12,4634.93,541.49
176.4500,0,7,21,5,0,7,0,0,9465.01,4340.65,528.77,297.24,1500.00,240.00,-1,10,0,100,40000.0,40000.0,0,9425.12,4634.93,541.49
176.4500,0,14,35,4,8,10,10,19,10447.52,1803.17,890.99,3030.89,1500.00,540.00,-1,10,1,100,40000.0,40000.0,0,9425.12,4634.93,541.49
176.4500,0,16,24,5,0,7,0,0,9029.51,8341.14,488.12,3727.65,1500.00,240.00,-1,10,0,100,40000.0,40000.0,0,9425.12,4634.93,541.49
176.4500,0,17,22,5,0,7,0,0,9029.51,8341.14,488.12,3727.65,1500.00,240.00,-1,10,0,100,40000.0,40000.0,0,9425.12,4634.93,541.49
176.5833,0,2,21,5,0,3,0,24,9029.51,8341.14,488.12,3751.56,1500.00,240.00,-1,10,0,100,0.0,40000.0,0,9429.58,4611.35,541.33
176.5833,0,3,1,0,0,7,0,0,9029.51,8341.14,488.12,3751.56,1500.00,390.00,-1,10,0,100,40000.0,40000.0,0,9429.58,4611.35,541.33
176.5833,0,7,21,5,0,7,0,0,9465.01,4340.65,528.77,273.30,1500.00,240.00,-1,10,0,100,40000.0,40000.0,0,9429.58,4611.35,541.33
176.5833,0,14,35,4,8,10,10,19,10435.52,1802.72,891.14,3003.78,1500.00,540.00,-1,10,1,100,40000.0,40000.0,0,9429.58,4611.35,541.33
176.5833,0,16,24,5,0,7,0,0,9029.51,8341.14,488.12,3751.56,1500.00,240.00,-1,10,0,100,40000.0,40000.0,0,9429.58,4611.35,541.33
176.5833,0,17,22,5,0,7,0,0,9029.51,8341.14,488.12,3751.56,1500.00,240.00,-1,10,0,100,40000.0,40000.0,0,9429.58,4611.35,541.33
176.7167,0,2,21,5,0,3,0,24,9029.51,8341.14,488.12,3775.48,1500.00,240.00,-1,10,0,100,0.0,40000.0,0,9433.99,4587.76,541.33
176.7167,0,3,1,0,0,7,0,0,9029.51,8341.14,488.12,3775.48,1500.00,390.00,-1,10,0,100,40000.0,40000.0,0,9433.99,4587.76,541.33
176.7167,0,7,21,5,0,7,0,0,9465.01,4340.65,528.77,249.37,1500.00,240.00,-1,10,0,100,40000.0,40000.0,0,9433.99,4587.76,541.33
176.7167,0,14,35,4,8,10,10,19,10423.53,1802.28,891.28,2976.67,1500.00,540.00,-1,10,1,100,40000.0,40000.0,0,9433.99,4587.76,541.33
176.7167,0,16,24,5,0,7,0,0,9029.51,8341.14,488.12,3775.48,1500.00,240.00,-1,10,0,100,40000.0,40000.0,0,9433.99,4587.76,541.33
176.7167,0,17,22,5,0,7,0,0,9029.51,8341.14,488.12,3775.48,1500.00,240.00,-1,10,0,100,40000.0,40000.0,0,9433.99,4587.76,541.33
176.8333,0,2,21,5,0,3,0,24,9029.51,8341.14,488.12,3796.42,1500.00,240.00,-1,10,0,100,0.0,40000.0,0,9435.93,4566.91,541.33
176.8333,0,3,1,0,0,7,0,0,9029.51,8341.14,488.12,3796.42,1500.00,390.00,-1,10,0,100,40000.0,40000.0,0,9435.93,4566.91,541.33
176.8333,0,7,21,5,0,7,0,0,9465.01,4340.65,528.77,228.46,1500.00,240.00,-1,10,0,100,40000.0,40000.0,0,9435.93,4566.91,541.33
176.8333,0,14,35,4,8,10,10,19,10413.04,1801.89,891.41,2953.41,1500.00,540.00,-1,10,1,100,40000.0,40000.0,0,9435.93,4566.91,541.33
176.8333,0,16,24,5,0,7,0,0,9029.51,8341.14,488.12,3796.42,1500.00,240.00,-1,10,0,100,40000.0,40000.0,0,9435.93,4566.91,541.33
176.8333,0,17,22,5,0,7,0,0,9029.51,8341.14,488.12,3796.42,1500.00,240.00,-1,10,0,100,40000.0,40000.0,0,9435.93,4566.91,541.33
176.9667,0,2,21,5,0,3,0,24,9029.51,8341.14,488.12,3820.28,1500.00,240.00,-1,10,0,100,0.0,40000.0,0,9435.93,4542.91,541.33
176.9667,0,3,1,0,0,7,0,0,9029.51,8341.14,488.12,3820.28,1500.00,390.00,-1,10,0,100,40000.0,40000.0,0,9435.93,4542.91,541.33
176.9667,0,7,21,5,0,7,0,0,9465.01,4340.65,528.77,204.73,1500.00,240.00,-1,10,0,100,40000.0,40000.0,0,9435.93,4542.91,541.33
176.9667,0,14,35,4,8,10,10,19,10401.05,1801.45,891.56,2927.41,1500.00,540.00,-1,10,1,100,40000.0,40000.0,0,9435.93,4542.91,541.33
176.9667,0,16,24,5,0,7,0,0,9029.51,8341.14,488.12,3820.28,1500.00,240.00,-1,10,0,100,40000.0,40000.0,0,9435.93,4542.91,541.33
176.9667,0,17,22,5,0,7,0,0,9029.51,8341.14,488.12,3820.28,1500.00,240.00,-1,10,0,100,40000.0,40000.0,0,9435.93,4542.91,541.33
177.0833,0,2,21,5,0,3,0,24,9029.51,8341.14,488.12,3840.00,1500.00,240.00,-1,10,0,100,0.0,40000.0,0,9435.86,4523.13,545.39
177.0833,0,3,1,0,0,7,0,0,9029.51,8341.14,488.12,3840.00,1500.00,390.00,-1,10,0,100,40000.0,40000.0,0,9435.86,4523.13,545.39
177.0833,0,7,21,5,0,7,0,0,9465.01,4340.65,528.77,185.54,1500.00,240.00,-1,10,0,100,40000.0,40000.0,0,9435.86,4523.13,545.39
177.0833,0,14,35,4,8,10,10,19,10390.56,1801.06,891.69,2905.34,1500.00,540.00,-1,10,1,100,40000.0,40000.0,0,9435.86,4523.13,545.39
177.0833,0,16,24,5,0,7,0,0,9029.51,8341.14,488.12,3840.00,1500.00,240.00,-1,10,0,100,40000.0,40000.0,0,9435.86,4523.13,545.39
177.0833,0,17,22,5,0,7,0,0,9029.51,8341.14,488.12,3840.00,1500.00,240.00,-1,10,0,100,40000.0,40000.0,0,9435.86,4523.13,545.39
177.2167,0,2,21,5,0,3,0,24,9029.51,8341.14,488.12,3863.83,1500.00,240.00,-1,10,0,100,0.0,40000.0,0,9434.95,4499.10,547.44
177.2167,0,3,1,0,0,7,0,0,9029.51,8341.14,488.12,3863.83,1500.00,390.00,-1,10,0,100,40000.0,40000.0,0,9434.95,4499.10,547.44
177.2167,0,7,21,5,0,7,0,0,9465.01,4340.65,528.77,162.36,1500.00,240.00,-1,10,0,100,40000.0,40000.0,0,9434.95,4499.10,547.44
177.2167,0,14,35,4,8,10,10,19,10378.57,1800.61,891.84,2879.39,1500.00,540.00,-1,10,1,100,40000.0,40000.0,0,9434.95,4499.10,547.44
177.2167,0,16,24,5,0,7,0,0,9029.51,8341.14,488.12,3863.83,1500.00,240.00,-1,10,0,100,40000.0,40000.0,0,9434.95,4499.10,547.44
177.2167,0,17,22,5,0,7,0,0,9029.51,8341.14,488.12,3863.83,1500.00,240.00,-1,10,0,100,40000.0,40000.0,0,9434.95,4499.10,547.44
177.3500,0,2,21,5,0,3,0,24,9029.51,8341.14,488.12,3887.37,1500.00,240.00,-1,10,0,100,0.0,40000.0,0,9433.28,4475.27,548.86
177.3500,0,3,1,0,0,7,0,0,9029.51,8341.14,488.12,3887.37,1500.00,390.00,-1,10,0,100,40000.0,40000.0,0,9433.28,4475.27,548.86
177.3500,0,4,21,5,8,7,0,0,8701.85,-456.41,731.93,4988.99,1500.00,240.00,-1,10,0,100,13200.0,40000.0,0,9433.28,4475.27,548.86
177.3500,0,7,21,5,0,7,0,0,9465.01,4340.65,528.77,139.76,1500.00,240.00,-1,10,0,100,40000.0,40000.0,0,9433.28,4475.27,548.86
177.3500,0,14,35,4,8,10,10,19,10366.58,1800.17,891.98,2853.93,1500.00,540.00,-1,10,1,100,40000.0,40000.0,0,9433.28,4475.27,548.86
177.3500,0,16,24,5,0,7,0,0,9029.51,8341.14,488.12,3887.37,1500.00,240.00,-1,10,0,100,40000.0,40000.0,0,9433.28,4475.27,548.86
177.3500,0,17,22,5,0,7,0,0,9029.51,8341.14,488.12,3887.37,1500.00,240.00,-1,10,0,100,40000.0,40000.0,0,9433.28,4475.27,548.86
177.4667,0,2,21,5,0,3,0,24,9029.51,8341.14,488.12,3907.79,1500.00,240.00,-1,10,0,100,0.0,40000.0,0,9431.25,4454.55,550.08
177.4667,0,3,1,0,0,7,0,0,9029.51,8341.14,488.12,3907.79,1500.00,390.00,-1,10,0,100,40000.0,40000.0,0,9431.25,4454.55,550.08
177.4667,0,4,21,5,8,7,0,0,8701.85,-456.41,731.93,4968.17,1500.00,240.00,-1,10,0,100,13200.0,40000.0,0,9431.25,4454.55,550.08
177.4667,0,7,21,5,0,7,0,0,9465.01,4340.65,528.77,120.70,1500.00,240.00,-1,10,0,100,40000.0,40000.0,0,9431.25,4454.55,550.08
177.4667,0,14,35,4,8,10,10,19,10356.09,1799.78,892.11,2831.98,1500.00,540.00,-1,10,1,100,40000.0,40000.0,0,9431.25,4454.55,550.08
177.4667,0,16,24,5,0,7,0,0,9029.51,8341.14,488.12,3907.79,1500.00,240.00,-1,10,0,100,40000.0,40000.0,0,9431.25,4454.55,550.08
177.4667,0,17,22,5,0,7,0,0,9029.51,8341.14,488.12,3907.79,1500.00,240.00,-1,10,0,100,40000.0,40000.0,0,9431.25,4454.55,550.08
177.6000,0,2,21,5,0,3,0,24,9029.51,8341.14,488.12,3929.80,1500.00,240.00,-1,10,0,100,0.0,40000.0,0,9428.66,4432.28,557.50
177.6000,0,3,1,0,0,7,0,0,9029.51,8341.14,488.12,3929.80,1500.00,390.00,-1,10,0,100,40000.0,40000.0,0,9428.66,4432.28,557.50
177.6000,0,4,21,5,8,7,0,0,8701.85,-456.41,731.93,4945.51,1500.00,240.00,-1,10,0,100,13200.0,40000.0,0,9428.66,4432.28,557.50
177.6000,0,7,21,5,0,7,0,0,9465.01,4340.65,528.77,102.68,1500.00,240.00,-1,10,0,100,40000.0,40000.0,0,9428.66,4432.28,557.50
177.6000,0,14,35,4,8,10,10,19,10344.09,1799.34,892.26,2807.58,1500.00,540.00,-1,10,1,100,40000.0,40000.0,0,9428.66,4432.28,557.50
177.6000,0,16,24,5,0,7,0,0,9029.51,8341.14,488.12,3929.80,1500.00,240.00,-1,10,0,100,40000.0,40000.0,0,9428.66,4432.28,557.50
177.6000,0,17,22,5,0,7,0,0,9029.51,8341.14,488.12,3929.80,1500.00,240.00,-1,10,0,100,40000.0,40000.0,0,9428.66,4432.28,557.50
177.7333,0,2,21,5,0,3,0,24,9029.51,8341.14,488.12,3952.50,1500.00,240.00,-1,10,0,100,0.0,40000.0,0,9428.30,4409.51,562.68
177.7333,0,3,1,0,0,7,0,0,9029.51,8341.14,488.12,3952.50,1500.00,390.00,-1,10,0,100,40000.0,40000.0,0,9428.30,4409.51,562.68
177.7333,0,4,21,5,8,7,0,0,8701.85,-456.41,731.93,4922.77,1500.00,240.00,-1,10,0,100,13200.0,40000.0,0,9428.30,4409.51,562.68
177.7333,0,7,21,5,0,7,0,0,9465.01,4340.65,528.77,85.09,1500.00,240.00,-1,10,0,100,40000.0,40000.0,0,9428.30,4409.51,562.68
177.7333,0,14,35,4,8,10,10,19,10332.10,1798.89,892.41,2782.25,1500.00,540.00,-1,10,1,100,40000.0,40000.0,0,9428.30,4409.51,562.68
177.7333,0,16,24,5,0,7,0,0,9029.51,8341.14,488.12,3952.50,1500.00,240.00,-1,10,0,100,40000.0,40000.0,0,9428.30,4409.51,562.68
177.7333,0,17,22,5,0,7,0,0,9029.51,8341.14,488.12,3952.50,1500.00,240.00,-1,10,0,100,40000.0,40000.0,0,9428.30,4409.51,562.68
177.8500,0,2,21,5,0,3,0,24,9029.51,8341.14,488.12,3970.08,1500.00,240.00,-1,10,0,100,0.0,40000.0,0,9433.22,4392.50,570.80
177.8500,0,3,1,0,0,7,0,0,9029.51,8341.14,488.12,3970.08,1500.00,390.00,-1,10,0,100,40000.0,40000.0,0,9433.22,4392.50,570.80
177.8500,0,4,21,5,8,7,0,0,8701.85,-456.41,731.93,4906.41,1500.00,240.00,-1,10,0,100,13200.0,40000.0,0,9433.22,4392.50,570.80
177.8500,0,7,21,5,0,7,0,0,9465.01,4340.65,528.77,73.93,1500.00,240.00,-1,10,0,100,40000.0,40000.0,0,9433.22,4392.50,570.80
177.8500,0,14,35,4,8,10,10,19,10321.61,1798.50,892.54,2760.72,1500.00,540.00,-1,10,1,100,40000.0,40000.0,0,9433.22,4392.50,570.80
177.8500,0,16,24,5,0,7,0,0,9029.51,8341.14,488.12,3970.08,1500.00,240.00,-1,10,0,100,40000.0,40000.0,0,9433.22,4392.50,570.80
177.8500,0,17,22,5,0,7,0,0,9029.51,8341.14,488.12,3970.08,1500.00,240.00,-1,10,0,100,40000.0,40000.0,0,9433.22,4392.50,570.80
177.9833,0,2,21,5,0,3,0,24,9029.51,8341.14,488.12,3971.27,1500.00,240.00,-1,10,0,100,0.0,40000.0,0,9433.72,4391.37,571.40
177.9833,0,3,1,0,0,7,0,0,9029.51,8341.14,488.12,3971.27,1500.00,390.00,-1,10,0,100,40000.0,40000.0,0,9433.72,4391.37,571.40
177.9833,0,4,21,5,8,7,0,0,8701.85,-456.41,731.93,4905.35,1500.00,240.00,-1,10,0,100,13200.0,40000.0,0,9433.72,4391.37,571.40
177.9833,0,7,21,5,0,7,0,0,9465.01,4340.65,528.77,73.28,1500.00,240.00,-1,10,0,100,40000.0,40000.0,0,9433.72,4391.37,571.40
177.9833,0,14,35,4,8,10,10,19,10309.62,1798.06,892.68,2756.03,1500.00,540.00,-1,10,1,100,40000.0,40000.0,0,9433.72,4391.37,571.40
177.9833,0,16,24,5,0,7,0,0,9029.51,8341.14,488.12,3971.27,1500.00,240.00,-1,10,0,100,40000.0,40000.0,0,9433.72,4391.37,571.40
177.9833,0,17,22,5,0,7,0,0,9029.51,8341.14,488.12,3971.27,1500.00,240.00,-1,10,0,100,40000.0,40000.0,0,9433.72,4391.37,571.40
178.1000,0,2,21,5,0,3,0,24,9029.51,8341.14,488.12,3971.27,1500.00,240.00,-1,10,0,100,0.0,40000.0,0,9433.72,4391.37,571.40
178.1000,0,3,1,0,0,7,0,0,9029.51,8341.14,488.12,3971.27,1500.00,390.00,-1,10,0,100,40000.0,40000.0,0,9433.72,4391.37,571.40
178.1000,0,4,21,5,8,7,0,0,8701.85,-456.41,731.93,4905.35,1500.00,240.00,-1,10,0,100,13200.0,40000.0,0,9433.72,4391.37,571.40
178.1000,0,7,21,5,0,7,0,0,9465.01,4340.65,528.77,73.28,1500.00,240.00,-1,10,0,100,40000.0,40000.0,0,9433.72,4391.37,571.40
178.1000,0,14,35,4,8,10,10,19,10299.13,1797.67,892.81,2753.09,1500.00,540.00,-1,10,1,100,40000.0,40000.0,0,9433.72,4391.37,571.40
178.1000,0,16,24,5,0,7,0,0,9029.51,8341.14,488.12,3971.27,1500.00,240.00,-1,10,0,100,40000.0,40000.0,0,9433.72,4391.37,571.40
178.1000,0,17,22,5,0,7,0,0,9029.51,8341.14,488.12,3971.27,1500.00,240.00,-1,10,0,100,40000.0,40000.0,0,9433.72,4391.37,571.40
178.2333,0,2,21,5,0,3,0,24,9029.51,8341.14,488.12,3971.27,1500.00,240.00,-1,10,0,100,0.0,40000.0,0,9433.72,4391.37,571.40
178.2333,0,3,1,0,0,7,0,0,9029.51,8341.14,488.12,3971.27,1500.00,390.00,-1,10,0,100,40000.0,40000.0,0,9433.72,4391.37,571.40
178.2333,0,4,21,5,8,7,0,0,8701.85,-456.41,731.93,4905.35,1500.00,240.00,-1,10,0,100,13200.0,40000.0,0,9433.72,4391.37,571.40
178.2333,0,7,21,5,0,7,0,0,9465.01,4340.65,528.77,73.28,1500.00,240.00,-1,10,0,100,40000.0,40000.0,0,9433.72,4391.37,571.40
178.2333,0,14,35,4,8,10,10,19,10287.14,1797.23,892.96,2749.78,1500.00,540.00,-1,10,1,100,40000.0,40000.0,0,9433.72,4391.37,571.40
178.2333,0,16,24,5,0,7,0,0,9029.51,8341.14,488.12,3971.27,1500.00,240.00,-1,10,0,100,40000.0,40000.0,0,9433.72,4391.37,571.40
178.2333,0,17,22,5,0,7,0,0,9029.51,8341.14,488.12,3971.27,1500.00,240.00,-1,10,0,100,40000.0,40000.0,0,9433.72,4391.37,571.40
178.3500,0,2,21,5,0,3,0,24,9029.51,8341.14,488.12,3971.27,1500.00,240.00,-1,10,0,100,0.0,40000.0,0,9433.72,4391.37,571.40
178.3500,0,3,1,0,0,7,0,0,9029.51,8341.14,488.12,3971.27,1500.00,390.00,-1,10,0,100,40000.0,40000.0,0,9433.72,4391.37,571.40
178.3500,0,4,21,5,8,7,0,0,8701.85,-456.41,731.93,4905.35,1500.00,240.00,-1,10,0,100,13200.0,40000.0,0,9433.72,4391.37,571.40
178.3500,0,7,21,5,0,7,0,0,9465.01,4340.65,528.77,73.28,1500.00,240.00,-1,10,0,100,40000.0,40000.0,0,9433.72,4391.37,571.40
178.3500,0,14,35,4,8,10,10,19,10276.65,1796.84,893.09,2746.93,1500.00,540.00,-1,10,1,100,40000.0,40000.0,0,9433.72,4391.37,571.40
178.3500,0,16,24,5,0,7,0,0,9029.51,8341.14,488.12,3971.27,1500.00,240.00,-1,10,0,100,40000.0,40000.0,0,9433.72,4391.37,571.40
178.3500,0,17,22,5,0,7,0,0,9029.51,8341.14,488.12,3971.27,1500.00,240.00,-1,10,0,100,40000.0,40000.0,0,9433.72,4391.37,571.40
178.4833,0,2,21,5,0,3,0,24,9029.51,8341.14,488.12,3971.27,1500.00,240.00,-1,10,0,100,0.0,40000.0,0,9433.72,4391.37,571.40
178.4833,0,3,1,0,0,7,0,0,9029.51,8341.14,488.12,3971.27,1500.00,390.00,-1,10,0,100,40000.0,40000.0,0,9433.72,4391.37,571.40
178.4833,0,4,21,5,8,7,0,0,8701.85,-456.41,731.93,4905.35,1500.00,240.00,-1,10,0,100,13200.0,40000.0,0,9433.72,4391.37,571.40
178.4833,0,7,21,5,0,7,0,0,9465.01,4340.65,528.77,73.28,1500.00,240.00,-1,10,0,100,40000.0,40000.0,0,9433.72,4391.37,571.40
178.4833,0,14,35,4,8,10,10,19,10264.65,1796.39,893.24,2743.71,1500.00,540.00,-1,10,1,100,40000.0,40000.0,0,9433.72,4391.37,571.40
178.4833,0,16,24,5,0,7,0,0,9029.51,8341.14,488.12,3971.27,1500.00,240.00,-1,10,0,100,40000.0,40000.0,0,9433.72,4391.37,571.40
178.4833,0,17,22,5,0,7,0,0,9029.51,8341.14,488.12,3971.27,1500.00,240.00,-1,10,0,100,40000.0,40000.0,0,9433.72,4391.37,571.40
178.6000,0,2,21,5,0,3,0,24,9029.51,8341.14,488.12,3971.27,1500.00,240.00,-1,10,0,100,0.0,40000.0,0,9433.72,4391.37,571.40
178.6000,0,3,1,0,0,7,0,0,9029.51,8341.14,488.12,3971.27,1500.00,390.00,-1,10,0,100,40000.0,40000.0,0,9433.72,4391.37,571.40
178.6000,0,4,21,5,8,7,0,0,8701.85,-456.41,731.93,4905.35,1500.00,240.00,-1,10,0,100,13200.0,40000.0,0,9433.72,4391.37,571.40
178.6000,0,7,21,5,0,7,0,0,9465.01,4340.65,528.77,73.28,1500.00,240.00,-1,10,0,100,40000.0,40000.0,0,9433.72,4391.37,571.40
178.6000,0,14,35,4,8,10,10,19,10254.16,1796.01,893.37,2740.93,1500.00,540.00,-1,10,1,100,40000.0,40000.0,0,9433.72,4391.37,571.40
178.6000,0,16,24,5,0,7,0,0,9029.51,8341.14,488.12,3971.27,1500.00,240.00,-1,10,0,100,40000.0,40000.0,0,9433.72,4391.37,571.40
178.6000,0,17,22,5,0,7,0,0,9029.51,8341.14,488.12,3971.27,1500.00,240.00,-1,10,0,100,40000.0,40000.0,0,9433.72,4391.37,571.40
178.7333,0,2,21,5,0,3,0,24,9029.51,8341.14,488.12,3971.27,1500.00,240.00,-1,10,0,100,0.0,40000.0,0,9433.72,4391.37,571.40
178.7333,0,3,1,0,0,7,0,0,9029.51,8341.14,488.12,3971.27,1500.00,390.00,-1,10,0,100,40000.0,40000.0,0,9433.72,4391.37,571.40
178.7333,0,4,21,5,8,7,0,0,8701.85,-456.41,731.93,4905.35,1500.00,240.00,-1,10,0,100,13200.0,40000.0,0,9433.72,4391.37,571.40
178.7333,0,7,21,5,0,7,0,0,9465.01,4340.65,528.77,73.28,1500.00,240.00,-1,10,0,100,40000.0,40000.0,0,9433.72,4391.37,571.40
178.7333,0,14,35,4,8,10,10,19,10242.17,1795.56,893.51,2737.81,1500.00,540.00,-1,10,1,100,40000.0,40000.0,0,9433.72,4391.37,571.40
178.7333,0,16,24,5,0,7,0,0,9029.51,8341.14,488.12,3971.27,1500.00,240.00,-1,10,0,100,40000.0,40000.0,0,9433.72,4391.37,571.40
178.7333,0,17,22,5,0,7,0,0,9029.51,8341.14,488.12,3971.27,1500.00,240.00,-1,10,0,100,40000.0,40000.0,0,9433.72,4391.37,571.40
178.8500,0,2,21,5,0,3,0,24,9029.51,8341.14,488.12,3971.27,1500.00,240.00,-1,10,0,100,0.0,40000.0,0,9433.72,4391.37,571.40
178.8500,0,3,1,0,0,7,0,0,9029.51,8341.14,488.12,3971.27,1500.00,390.00,-1,10,0,100,40000.0,40000.0,0,9433.72,4391.37,571.40
178.8500,0,4,21,5,8,7,0,0,8701.85,-456.41,731.93,4905.35,1500.00,240.00,-1,10,0,100,13200.0,40000.0,0,9433.72,4391.37,571.40
178.8500,0,7,21,5,0,7,0,0,9465.01,4340.65,528.77,73.28,1500.00,240.00,-1,10,0,100,40000.0,40000.0,0,9433.72,4391.37,571.40
178.8500,0,14,35,4,8,10,10,19,10231.68,1795.17,893.64,2735.11,1500.00,540.00,-1,10,1,100,40000.0,40000.0,0,9433.72,4391.37,571.40
178.8500,0,16,24,5,0,7,0,0,9029.51,8341.14,488.12,3971.27,1500.00,240.00,-1,10,0,100,40000.0,40000.0,0,9433.72,4391.37,571.40
178.8500,0,17,22,5,0,7,0,0,9029.51,8341.14,488.12,3971.27,1500.00,240.00,-1,10,0,100,40000.0,40000.0,0,9433.72,4391.37,571.40
178.9833,0,2,21,5,0,3,0,24,9029.51,8341.14,488.12,3971.27,1500.00,240.00,-1,10,0,100,0.0,40000.0,0,9433.72,4391.37,571.40
178.9833,0,3,1,0,0,7,0,0,9029.51,8341.14,488.12,3971.27,1500.00,390.00,-1,10,0,100,40000.0,40000.0,0,9433.72,4391.37,571.40
178.9833,0,4,21,5,8,7,0,0,8701.85,-456.41,731.93,4905.35,1500.00,240.00,-1,10,0,100,13200.0,40000.0,0,9433.72,4391.37,571.40
178.9833,0,7,21,5,0,7,0,0,9465.01,4340.65,528.77,73.28,1500.00,240.00,-1,10,0,100,40000.0,40000.0,0,9433.72,4391.37,571.40
178.9833,0,14,35,4,8,10,10,19,10219.69,1794.73,893.79,2732.07,1500.00,540.00,-1,10,1,100,40000.0,40000.0,0,9433.72,4391.37,571.40
178.9833,0,16,24,5,0,7,0,0,9029.51,8341.14,488.12,3971.27,1500.00,240.00,-1,10,0,100,40000.0,40000.0,0,9433.72,4391.37,571.40
178.9833,0,17,22,5,0,7,0,0,9029.51,8341.14,488.12,3971.27,1500.00,240.00,-1,10,0,100,40000.0,40000.0,0,9433.72,4391.37,571.40
179.1000,0,2,21,5,0,3,0,24,9029.51,8341.14,488.12,3971.27,1500.00,240.00,-1,10,0,100,0.0,40000.0,0,9433.72,4391.37,571.40
179.1000,0,3,1,0,0,7,0,0,9029.51,8341.14,488.12,3971.27,1500.00,390.00,-1,10,0,100,40000.0,40000.0,0,9433.72,4391.37,571.40
179.1000,0,4,21,5,8,7,0,0,8701.85,-456.41,731.93,4905.35,1500.00,240.00,-1,10,0,100,13200.0,40000.0,0,9433.72,4391.37,571.40
179.1000,0,7,21,5,0,7,0,0,9465.01,4340.65,528.77,73.28,1500.00,240.00,-1,10,0,100,40000.0,40000.0,0,9433.72,4391.37,571.40
179.1000,0,14,35,4,8,10,10,19,10209.20,1794.34,893.92,2729.46,1500.00,540.00,-1,10,1,100,40000.0,40000.0,0,9433.72,4391.37,571.40
179.1000,0,16,24,5,0,7,0,0,9029.51,8341.14,488.12,3971.27,1500.00,240.00,-1,10,0,100,40000.0,40000.0,0,9433.72,4391.37,571.40
179.1000,0,17,22,5,0,7,0,0,9029.51,8341.14,488.12,3971.27,1500.00,240.00,-1,10,0,100,40000.0,40000.0,0,9433.72,4391.37,571.40
179.2333,0,2,21,5,0,3,0,24,9029.51,8341.14,488.12,3971.27,1500.00,240.00,-1,10,0,100,0.0,40000.0,0,9433.72,4391.37,571.40
179.2333,0,3,1,0,0,7,0,0,9029.51,8341.14,488.12,3971.27,1500.00,390.00,-1,10,0,100,40000.0,40000.0,0,9433.72,4391.37,571.40
179.2333,0,4,21,5,8,7,0,0,8701.85,-456.41,731.93,4905.35,1500.00,240.00,-1,10,0,100,13200.0,40000.0,0,9433.72,4391.37,571.40
179.2333,0,7,21,5,0,7,0,0,9465.01,4340.65,528.77,73.28,1500.00,240.00,-1,10,0,100,40000.0,40000.0,0,9433.72,4391.37,571.40
179.2333,0,14,35,4,8,10,10,19,10197.21,1793.90,894.07,2726.52,1500.00,540.00,-1,10,1,100,40000.0,40000.0,0,9433.72,4391.37,571.40
179.2333,0,16,24,5,0,7,0,0,9029.51,8341.14,488.12,3971.27,1500.00,240.00,-1,10,0,100,40000.0,40000.0,0,9433.72,4391.37,571.40
179.2333,0,17,22,5,0,7,0,0,9029.51,8341.14,488.12,3971.27,1500.00,240.00,-1,10,0,100,40000.0,40000.0,0,9433.72,4391.37,571.40
179.3500,0,2,21,5,0,3,0,24,9029.51,8341.14,488.12,3971.27,1500.00,240.00,-1,10,0,100,0.0,40000.0,0,9433.72,4391.37,571.40
179.3500,0,3,1,0,0,7,0,0,9029.51,8341.14,488.12,3971.27,1500.00,390.00,-1,10,0,100,40000.0,40000.0,0,9433.72,4391.37,571.40
179.3500,0,4,21,5,8,7,0,0,8701.85,-456.41,731.93,4905.35,1500.00,240.00,-1,10,0,100,13200.0,40000.0,0,9433.72,4391.37,571.40
179.3500,0,7,21,5,0,7,0,0,9465.01,4340.65,528.77,73.28,1500.00,240.00,-1,10,0,100,40000.0,40000.0,0,9433.72,4391.37,571.40
179.3500,0,14,35,4,8,10,10,19,10186.71,1793.51,894.20,2723.98,1500.00,540.00,-1,10,1,100,40000.0,40000.0,0,9433.72,4391.37,571.40
179.3500,0,16,24,5,0,7,0,0,9029.51,8341.14,488.12,3971.27,1500.00,240.00,-1,10,0,100,40000.0,40000.0,0,9433.72,4391.37,571.40
179.3500,0,17,22,5,0,7,0,0,9029.51,8341.14,488.12,3971.27,1500.00,240.00,-1,10,0,100,40000.0,40000.0,0,9433.72,4391.37,571.40
179.4833,0,2,21,5,0,3,0,24,9029.51,8341.14,488.12,3971.27,1500.00,240.00,-1,10,0,100,0.0,40000.0,0,9433.72,4391.37,571.40
179.4833,0,3,1,0,0,7,0,0,9029.51,8341.14,488.12,3971.27,1500.00,390.00,-1,10,0,100,40000.0,40000.0,0,9433.72,4391.37,571.40
179.4833,0,4,21,5,8,7,0,0,8701.85,-456.41,731.93,4905.35,1500.00,240.00,-1,10,0,100,13200.0,40000.0,0,9433.72,4391.37,571.40
179.4833,0,7,21,5,0,7,0,0,9465.01,4340.65,528.77,73.28,1500.00,240.00,-1,10,0,100,40000.0,40000.0,0,9433.72,4391.37,571.40
179.4833,0,14,35,4,8,10,10,19,10174.72,1793.06,894.34,2721.14,1500.00,540.00,-1,10,1,100,40000.0,40000.0,0,9433.72,4391.37,571.40
179.4833,0,16,24,5,0,7,0,0,9029.51,8341.14,488.12,3971.27,1500.00,240.00,-1,10,0,100,40000.0,40000.0,0,9433.72,4391.37,571.40
179.4833,0,17,22,5,0,7,0,0,9029.51,8341.14,488.12,3971.27,1500.00,240.00,-1,10,0,100,40000.0,40000.0,0,9433.72,4391.37,571.40
179.6167,0,2,21,5,0,3,0,24,9029.51,8341.14,488.12,3971.27,1500.00,240.00,-1,10,0,100,0.0,40000.0,0,9433.72,4391.37,571.40
179.6167,0,3,1,0,0,7,0,0,9029.51,8341.14,488.12,3971.27,1500.00,390.00,-1,10,0,100,40000.0,40000.0,0,9433.72,4391.37,571.40
179.6167,0,4,21,5,8,7,0,0,8701.85,-456.41,731.93,4905.35,1500.00,240.00,-1,10,0,100,13200.0,40000.0,0,9433.72,4391.37,571.40
179.6167,0,7,21,5,0,7,0,0,9465.01,4340.65,528.77,73.28,1500.00,240.00,-1,10,0,100,40000.0,40000.0,0,9433.72,4391.37,571.40
179.6167,0,14,35,4,8,10,10,19,10166.04,1798.64,893.50,2713.35,1500.00,540.00,-1,10,1,100,40000.0,40000.0,0,9433.72,4391.37,571.40
179.6167,0,16,24,5,0,7,0,0,9029.51,8341.14,488.12,3971.27,1500.00,240.00,-1,10,0,100,40000.0,40000.0,0,9433.72,4391.37,571.40
179.6167,0,17,22,5,0,7,0,0,9029.51,8341.14,488.12,3971.27,1500.00,240.00,-1,10,0,100,40000.0,40000.0,0,9433.72,4391.37,571.40
179.7333,0,2,21,5,0,3,0,24,9029.51,8341.14,488.12,3971.27,1500.00,240.00,-1,10,0,100,0.0,40000.0,0,9433.72,4391.37,571.40
179.7333,0,3,1,0,0,7,0,0,9029.51,8341.14,488.12,3971.27,1500.00,390.00,-1,10,0,100,40000.0,40000.0,0,9433.72,4391.37,571.40
179.7333,0,4,21,5,8,7,0,0,8701.85,-456.41,731.93,4905.35,1500.00,240.00,-1,10,0,100,13200.0,40000.0,0,9433.72,4391.37,571.40
179.7333,0,7,21,5,0,7,0,0,9465.01,4340.65,528.77,73.28,1500.00,240.00,-1,10,0,100,40000.0,40000.0,0,9433.72,4391.37,571.40
179.7333,0,14,35,4,8,10,10,19,10157.92,1805.23,892.49,2704.76,1500.00,540.00,-1,10,1,100,40000.0,40000.0,0,9433.72,4391.37,571.40
179.7333,0,16,24,5,0,7,0,0,9029.51,8341.14,488.12,3971.27,1500.00,240.00,-1,10,0,100,40000.0,40000.0,0,9433.72,4391.37,571.40
179.7333,0,17,22,5,0,7,0,0,9029.51,8341.14,488.12,3971.27,1500.00,240.00,-1,10,0,100,40000.0,40000.0,0,9433.72,4391.37,571.40
179.8500,0,2,21,5,0,3,0,24,9029.51,8341.14,488.12,3971.27,1500.00,240.00,-1,10,0,100,0.0,40000.0,0,9433.72,4391.37,571.40
179.8500,0,3,1,0,0,7,0,0,9029.51,8341.14,488.12,3971.27,1500.00,390.00,-1,10,0,100,40000.0,40000.0,0,9433.72,4391.37,571.40
179.8500,0,4,21,5,8,7,0,0,8701.85,-456.41,731.93,4905.35,1500.00,240.00,-1,10,0,100,13200.0,40000.0,0,9433.72,4391.37,571.40
179.8500,0,7,21,5,0,7,0,0,9465.01,4340.65,528.77,73.28,1500.00,240.00,-1,10,0,100,40000.0,40000.0,0,9433.72,4391.37,571.40
179.8500,0,14,35,4,8,10,10,19,10149.80,1811.81,891.48,2696.18,1500.00,540.00,-1,10,1,100,40000.0,40000.0,0,9433.72,4391.37,571.40
179.8500,0,16,24,5,0,7,0,0,9029.51,8341.14,488.12,3971.27,1500.00,240.00,-1,10,0,100,40000.0,40000.0,0,9433.72,4391.37,571.40
179.8500,0,17,22,5,0,7,0,0,9029.51,8341.14,488.12,3971.27,1500.00,240.00,-1,10,0,100,40000.0,40000.0,0,9433.72,4391.37,571.40
179.9667,0,2,21,5,0,3,0,24,9029.51,8341.14,488.12,3971.27,1500.00,240.00,-1,10,0,100,0.0,40000.0,0,9433.72,4391.37,571.40
179.9667,0,3,1,0,0,7,0,0,9029.51,8341.14,488.12,3971.27,1500.00,390.00,-1,10,0,100,40000.0,40000.0,0,9433.72,4391.37,571.40
179.9667,0,4,21,5,8,7,0,0,8701.85,-456.41,731.93,4905.35,1500.00,240.00,-1,10,0,100,13200.0,40000.0,0,9433.72,4391.37,571.40
179.9667,0,7,21,5,0,7,0,0,9465.01,4340.65,528.77,73.28,1500.00,240.00,-1,10,0,100,40000.0,40000.0,0,9433.72,4391.37,571.40
179.9667,0,14,35,4,8,10,10,19,10141.68,1818.39,890.48,2687.61,1500.00,540.00,-1,10,1,100,40000.0,40000.0,0,9433.72,4391.37,571.40
179.9667,0,16,24,5,0,7,0,0,9029.51,8341.14,488.12,3971.27,1500.00,240.00,-1,10,0,100,40000.0,40000.0,0,9433.72,4391.37,571.40
179.9667,0,17,22,5,0,7,0,0,9029.51,8341.14,488.12,3971.27,1500.00,240.00,-1,10,0,100,40000.0,40000.0,0,9433.72,4391.37,571.40
180.0833,0,2,21,5,0,3,0,24,9029.51,8341.14,488.12,3971.27,1500.00,240.00,-1,10,0,100,0.0,40000.0,0,9433.72,4391.37,571.40
180.0833,0,3,1,0,0,7,0,0,9029.51,8341.14,488.12,3971.27,1500.00,390.00,-1,10,0,100,40000.0,40000.0,0,9433.72,4391.37,571.40
180.0833,0,4,21,5,8,7,0,0,8701.85,-456.41,731.93,4905.35,1500.00,240.00,-1,10,0,100,13200.0,40000.0,0,9433.72,4391.37,571.40
180.0833,0,7,21,5,0,7,0,0,9465.01,4340.65,528.77,73.28,1500.00,240.00,-1,10,0,100,40000.0,40000.0,0,9433.72,4391.37,571.40
180.0833,0,14,35,4,8,10,10,19,10133.56,1824.97,889.47,2679.06,1500.00,540.00,-1,10,1,100,40000.0,40000.0,0,9433.72,4391.37,571.40
180.0833,0,16,24,5,0,7,0,0,9029.51,8341.14,488.12,3971.27,1500.00,240.00,-1,10,0,100,40000.0,40000.0,0,9433.72,4391.37,571.40
180.0833,0,17,22,5,0,7,0,0,9029.51,8341.14,488.12,3971.27,1500.00,240.00,-1,10,0,100,40000.0,40000.0,0,9433.72,4391.37,571.40
180.2167,0,2,21,5,0,3,0,24,9029.51,8341.14,488.12,3971.27,1500.00,240.00,-1,10,0,100,0.0,40000.0,0,9433.72,4391.37,571.40
180.2167,0,3,1,0,0,7,0,0,9029.51,8341.14,488.12,3971.27,1500.00,390.00,-1,10,0,100,40000.0,40000.0,0,9433.72,4391.37,571.40
180.2167,0,4,21,5,8,7,0,0,8701.85,-456.41,731.93,4905.35,1500.00,240.00,-1,10,0,100,13200.0,40000.0,0,9433.72,4391.37,571.40
180.2167,0,7,21,5,0,7,0,0,9465.01,4340.65,528.77,73.28,1500.00,240.00,-1,10,0,100,40000.0,40000.0,0,9433.72,4391.37,571.40
180.2167,0,14,35,4,8,10,10,19,10124.28,1832.49,888.32,2669.30,1500.00,540.00,-1,10,1,100,40000.0,40000.0,0,9433.72,4391.37,571.40
180.2167,0,16,24,5,0,7,0,0,9029.51,8341.14,488.12,3971.27,1500.00,240.00,-1,10,0,100,40000.0,40000.0,0,9433.72,4391.37,571.40
180.2167,0,17,22,5,0,7,0,0,9029.51,8341.14,488.12,3971.27,1500.00,240.00,-1,10,0,100,40000.0,40000.0,0,9433.72,4391.37,571.40
180.3333,0,2,21,5,0,3,0,24,9029.51,8341.14,488.12,3971.27,1500.00,240.00,-1,10,0,100,0.0,40000.0,0,9433.72,4391.37,571.40
180.3333,0,3,1,0,0,7,0,0,9029.51,8341.14,488.12,3971.27,1500.00,390.00,-1,10,0,100,40000.0,40000.0,0,9433.72,4391.37,571.40
180.3333,0,4,21,5,8,7,0,0,8701.85,-456.41,731.93,4905.35,1500.00,240.00,-1,10,0,100,13200.0,40000.0,0,9433.72,4391.37,571.40
180.3333,0,7,21,5,0,7,0,0,9465.01,4340.65,528.77,73.28,1500.00,240.00,-1,10,0,100,40000.0,40000.0,0,9433.72,4391.37,571.40
180.3333,0,14,35,4,8,10,10,19,10116.16,1839.07,887.31,2660.78,1500.00,540.00,-1,10,1,100,40000.0,40000.0,0,9433.72,4391.37,571.40
180.3333,0,16,24,5,0,7,0,0,9029.51,8341.14,488.12,3971.27,1500.00,240.00,-1,10,0,100,40000.0,40000.0,0,9433.72,4391.37,571.40
180.3333,0,17,22,5,0,7,0,0,9029.51,8341.14,488.12,3971.27,1500.00,240.00,-1,10,0,100,40000.0,40000.0,0,9433.72,4391.37,571.40
180.4500,0,2,21,5,0,3,0,24,9029.51,8341.14,488.12,3971.27,1500.00,240.00,-1,10,0,100,0.0,40000.0,0,9433.72,4391.37,571.40
180.4500,0,3,1,0,0,7,0,0,9029.51,8341.14,488.12,3971.27,1500.00,390.00,-1,10,0,100,40000.0,40000.0,0,9433.72,4391.37,571.40
180.4500,0,4,21,5,8,7,0,0,8701.85,-456.41,731.93,4905.35,1500.00,240.00,-1,10,0,100,13200.0,40000.0,0,9433.72,4391.37,571.40
180.4500,0,7,21,5,0,7,0,0,9465.01,4340.65,528.77,73.28,1500.00,240.00,-1,10,0,100,40000.0,40000.0,0,9433.72,4391.37,571.40
180.4500,0,14,35,4,8,10,10,19,10108.04,1845.65,886.30,2652.27,1500.00,540.00,-1,10,1,100,40000.0,40000.0,0,9433.72,4391.37,571.40
180.4500,0,16,24,5,0,7,0,0,9029.51,8341.14,488.12,3971.27,1500.00,240.00,-1,10,0,100,40000.0,40000.0,0,9433.72,4391.37,571.40
180.4500,0,17,22,5,0,7,0,0,9029.51,8341.14,488.12,3971.27,1500.00,240.00,-1,10,0,100,40000.0,40000.0,0,9433.72,4391.37,571.40
180.5667,0,2,21,5,0,3,0,24,9029.51,8341.14,488.12,3971.27,1500.00,240.00,-1,10,0,100,0.0,40000.0,0,9433.72,4391.37,571.40
180.5667,0,3,1,0,0,7,0,0,9029.51,8341.14,488.12,3971.27,1500.00,390.00,-1,10,0,100,40000.0,40000.0,0,9433.72,4391.37,571.40
180.5667,0,4,21,5,8,7,0,0,8701.85,-456.41,731.93,4905.35,1500.00,240.00,-1,10,0,100,13200.0,40000.0,0,9433.72,4391.37,571.40
180.5667,0,7,21,5,0,7,0,0,9465.01,4340.65,528.77,73.28,1500.00,240.00,-1,10,0,100,40000.0,40000.0,0,9433.72,4391.37,571.40
180.5667,0,14,35,4,8,10,10,19,10099.92,1852.23,885.29,2643.78,1500.00,540.00,-1,10,1,100,40000.0,40000.0,0,9433.72,4391.37,571.40
180.5667,0,16,24,5,0,7,0,0,9029.51,8341.14,488.12,3971.27,1500.00,240.00,-1,10,0,100,40000.0,40000.0,0,9433.72,4391.37,571.40
180.5667,0,17,22,5,0,7,0,0,9029.51,8341.14,488.12,3971.27,1500.00,240.00,-1,10,0,100,40000.0,40000.0,0,9433.72,4391.37,571.40
180.6833,0,2,21,5,0,3,0,24,9029.51,8341.14,488.12,3971.27,1500.00,240.00,-1,10,0,100,0.0,40000.0,0,9433.72,4391.37,571.40
180.6833,0,3,1,0,0,7,0,0,9029.51,8341.14,488.12,3971.27,1500.00,390.00,-1,10,0,100,40000.0,40000.0,0,9433.72,4391.37,571.40
180.6833,0,4,21,5,8,7,0,0,8701.85,-456.41,731.93,4905.35,1500.00,240.00,-1,10,0,100,13200.0,40000.0,0,9433.72,4391.37,571.40
180.6833,0,7,21,5,0,7,0,0,9465.01,4340.65,528.77,73.28,1500.00,240.00,-1,10,0,100,40000.0,40000.0,0,9433.72,4391.37,571.40
180.6833,0,14,35,4,8,10,10,19,10091.80,1858.82,884.28,2635.30,1500.00,540.00,-1,10,1,100,40000.0,40000.0,0,9433.72,4391.37,571.40
180.6833,0,16,24,5,0,7,0,0,9029.51,8341.14,488.12,3971.27,1500.00,240.00,-1,10,0,100,40000.0,40000.0,0,9433.72,4391.37,571.40
180.6833,0,17,22,5,0,7,0,0,9029.51,8341.14,488.12,3971.27,1500.00,240.00,-1,10,0,100,40000.0,40000.0,0,9433.72,4391.37,571.40
180.8000,0,2,21,5,0,3,0,24,9029.51,8341.14,488.12,3971.27,1500.00,240.00,-1,10,0,100,0.0,40000.0,0,9433.72,4391.37,571.40
180.8000,0,3,1,0,0,7,0,0,9029.51,8341.14,488.12,3971.27,1500.00,390.00,-1,10,0,100,40000.0,40000.0,0,9433.72,4391.37,571.40
180.8000,0,4,21,5,8,7,0,0,8701.85,-456.41,731.93,4905.35,1500.00,240.00,-1,10,0,100,13200.0,40000.0,0,9433.72,4391.37,571.40
180.8000,0,7,21,5,0,7,0,0,9465.01,4340.65,528.77,73.28,1500.00,240.00,-1,10,0,100,40000.0,40000.0,0,9433.72,4391.37,571.40
180.8000,0,14,35,4,8,10,10,19,10083.68,1865.40,883.27,2626.84,1500.00,540.00,-1,10,1,100,40000.0,40000.0,0,9433.72,4391.37,571.40
180.8000,0,16,24,5,0,7,0,0,9029.51,8341.14,488.12,3971.27,1500.00,240.00,-1,10,0,100,40000.0,40000.0,0,9433.72,4391.37,571.40
180.8000,0,17,22,5,0,7,0,0,9029.51,8341.14,488.12,3971.27,1500.00,240.00,-1,10,0,100,40000.0,40000.0,0,9433.72,4391.37,571.40
180.9167,0,2,21,5,0,3,0,24,9029.51,8341.14,488.12,3971.27,1500.00,240.00,-1,10,0,100,0.0,40000.0,0,9433.72,4391.37,571.40
180.9167,0,3,1,0,0,7,0,0,9029.51,8341.14,488.12,3971.27,1500.00,390.00,-1,10,0,100,40000.0,40000.0,0,9433.72,4391.37,571.40
180.9167,0,4,21,5,8,7,0,0,8701.85,-456.41,731.93,4905.35,1500.00,240.00,-1,10,0,100,13200.0,40000.0,0,9433.72,4391.37,571.40
180.9167,0,7,21,5,0,7,0,0,9465.01,4340.65,528.77,73.28,1500.00,240.00,-1,10,0,100,40000.0,40000.0,0,9433.72,4391.37,571.40
180.9167,0,14,35,4,8,10,10,19,10075.56,1871.98,882.27,2618.39,1500.00,540.00,-1,10,1,100,40000.0,40000.0,0,9433.72,4391.37,571.40
180.9167,0,16,24,5,0,7,0,0,9029.51,8341.14,488.12,3971.27,1500.00,240.00,-1,10,0,100,40000.0,40000.0,0,9433.72,4391.37,571.40
180.9167,0,17,22,5,0,7,0,0,9029.51,8341.14,488.12,3971.27,1500.00,240.00,-1,10,0,100,40000.0,40000.0,0,9433.72,4391.37,571.40
181.0333,0,2,21,5,0,3,0,24,9029.51,8341.14,488.12,3971.27,1500.00,240.00,-1,10,0,100,0.0,40000.0,0,9433.72,4391.37,571.40
181.0333,0,3,1,0,0,7,0,0,9029.51,8341.14,488.12,3971.27,1500.00,390.00,-1,10,0,100,40000.0,40000.0,0,9433.72,4391.37,571.40
181.0333,0,4,21,5,8,7,0,0,8701.85,-456.41,731.93,4905.35,1500.00,240.00,-1,10,0,100,13200.0,40000.0,0,9433.72,4391.37,571.40
181.0333,0,7,21,5,0,7,0,0,9465.01,4340.65,528.77,73.28,1500.00,240.00,-1,10,0,100,40000.0,40000.0,0,9433.72,4391.37,571.40
181.0333,0,14,35,4,8,10,10,19,10067.44,1878.56,881.26,2609.95,1500.00,540.00,-1,10,1,100,40000.0,40000.0,0,9433.72,4391.37,571.40
181.0333,0,16,24,5,0,7,0,0,9029.51,8341.14,488.12,3971.27,1500.00,240.00,-1,10,0,100,40000.0,40000.0,0,9433.72,4391.37,571.40
181.0333,0,17,22,5,0,7,0,0,9029.51,8341.14,488.12,3971.27,1500.00,240.00,-1,10,0,100,40000.0,40000.0,0,9433.72,4391.37,571.40
181.1500,0,2,21,5,0,3,0,24,9029.51,8341.14,488.12,3971.27,1500.00,240.00,-1,10,0,100,0.0,40000.0,0,9433.72,4391.37,571.40
181.1500,0,3,1,0,0,7,0,0,9029.51,8341.14,488.12,3971.27,1500.00,390.00,-1,10,0,100,40000.0,40000.0,0,9433.72,4391.37,571.40
181.1500,0,4,21,5,8,7,0,0,8701.85,-456.41,731.93,4905.35,1500.00,240.00,-1,10,0,100,13200.0,40000.0,0,9433.72,4391.37,571.40
181.1500,0,7,21,5,0,7,0,0,9465.01,4340.65,528.77,73.28,1500.00,240.00,-1,10,0,100,40000.0,40000.0,0,9433.72,4391.37,571.40
181.1500,0,14,35,4,8,10,10,19,10059.32,1885.14,880.25,2601.53,1500.00,540.00,-1,10,1,100,40000.0,40000.0,0,9433.72,4391.37,571.40
181.1500,0,16,24,5,0,7,0,0,9029.51,8341.14,488.12,3971.27,1500.00,240.00,-1,10,0,100,40000.0,40000.0,0,9433.72,4391.37,571.40
181.1500,0,17,22,5,0,7,0,0,9029.51,8341.14,488.12,3971.27,1500.00,240.00,-1,10,0,100,40000.0,40000.0,0,9433.72,4391.37,571.40
181.2667,0,2,21,5,0,3,0,24,9029.51,8341.14,488.12,3971.27,1500.00,240.00,-1,10,0,100,0.0,40000.0,0,9433.72,4391.37,571.40
181.2667,0,3,1,0,0,7,0,0,9029.51,8341.14,488.12,3971.27,1500.00,390.00,-1,10,0,100,40000.0,40000.0,0,9433.72,4391.37,571.40
181.2667,0,4,21,5,8,7,0,0,8701.85,-456.41,731.93,4905.35,1500.00,240.00,-1,10,0,100,13200.0,40000.0,0,9433.72,4391.37,571.40
181.2667,0,7,21,5,0,7,0,0,9465.01,4340.65,528.77,73.28,1500.00,240.00,-1,10,0,100,40000.0,40000.0,0,9433.72,4391.37,571.40
181.2667,0,14,35,4,8,10,10,19,10051.21,1891.72,879.24,2593.13,1500.00,540.00,-1,10,1,100,40000.0,40000.0,0,9433.72,4391.37,571.40
181.2667,0,16,24,5,0,7,0,0,9029.51,8341.14,488.12,3971.27,1500.00,240.00,-1,10,0,100,40000.0,40000.0,0,9433.72,4391.37,571.40
181.2667,0,17,22,5,0,7,0,0,9029.51,8341.14,488.12,3971.27,1500.00,240.00,-1,10,0,100,40000.0,40000.0,0,9433.72,4391.37,571.40
181.4000,0,2,21,5,0,3,0,24,9029.51,8341.14,488.12,3971.27,1500.00,240.00,-1,10,0,100,0.0,40000.0,0,9433.72,4391.37,571.40
181.4000,0,3,1,0,0,7,0,0,9029.51,8341.14,488.12,3971.27,1500.00,390.00,-1,10,0,100,40000.0,40000.0,0,9433.72,4391.37,571.40
181.4000,0,4,21,5,8,7,0,0,8701.85,-456.41,731.93,4905.35,1500.00,240.00,-1,10,0,100,13200.0,40000.0,0,9433.72,4391.37,571.40
181.4000,0,7,21,5,0,7,0,0,9465.01,4340.65,528.77,73.28,1500.00,240.00,-1,10,0,100,40000.0,40000.0,0,9433.72,4391.37,571.40
181.4000,0,14,35,4,8,10,10,19,10041.93,1899.24,878.09,2583.54,1500.00,540.00,-1,10,1,100,40000.0,40000.0,0,9433.72,4391.37,571.40
181.4000,0,16,24,5,0,7,0,0,9029.51,8341.14,488.12,3971.27,1500.00,240.00,-1,10,0,100,40000.0,40000.0,0,9433.72,4391.37,571.40
181.4000,0,17,22,5,0,7,0,0,9029.51,8341.14,488.12,3971.27,1500.00,240.00,-1,10,0,100,40000.0,40000.0,0,9433.72,4391.37,571.40
181.5167,0,2,21,5,0,3,0,24,9029.51,8341.14,488.12,3971.27,1500.00,240.00,-1,10,0,100,0.0,40000.0,0,9433.72,4391.37,571.40
181.5167,0,3,1,0,0,7,0,0,9029.51,8341.14,488.12,3971.27,1500.00,390.00,-1,10,0,100,40000.0,40000.0,0,9433.72,4391.37,571.40
181.5167,0,4,21,5,8,7,0,0,8701.85,-456.41,731.93,4905.35,1500.00,240.00,-1,10,0,100,13200.0,40000.0,0,9433.72,4391.37,571.40
181.5167,0,7,21,5,0,7,0,0,9465.01,4340.65,528.77,73.28,1500.00,240.00,-1,10,0,100,40000.0,40000.0,0,9433.72,4391.37,571.40
181.5167,0,14,35,4,8,10,10,19,10033.81,1905.82,877.08,2575.17,1500.00,540.00,-1,10,1,100,40000.0,40000.0,0,9433.72,4391.37,571.40
181.5167,0,16,24,5,0,7,0,0,9029.51,8341.14,488.12,3971.27,1500.00,240.00,-1,10,0,100,40000.0,40000.0,0,9433.72,4391.37,571.40
181.5167,0,17,22,5,0,7,0,0,9029.51,8341.14,488.12,3971.27,1500.00,240.00,-1,10,0,100,40000.0,40000.0,0,9433.72,4391.37,571.40
181.6500,0,2,21,5,0,3,0,24,9029.51,8341.14,488.12,3971.27,1500.00,240.00,-1,10,0,100,0.0,40000.0,0,9433.72,4391.37,571.40
181.6500,0,3,1,0,0,7,0,0,9029.51,8341.14,488.12,3971.27,1500.00,390.00,-1,10,0,100,40000.0,40000.0,0,9433.72,4391.37,571.40
181.6500,0,4,21,5,8,7,0,0,8701.85,-456.41,731.93,4905.35,1500.00,240.00,-1,10,0,100,13200.0,40000.0,0,9433.72,4391.37,571.40
181.6500,0,7,21,5,0,7,0,0,9465.01,4340.65,528.77,73.28,1500.00,240.00,-1,10,0,100,40000.0,40000.0,0,9433.72,4391.37,571.40
181.6500,0,14,35,4,8,10,10,19,10024.53,1913.34,875.93,2565.62,1500.00,540.00,-1,10,1,100,40000.0,40000.0,0,9433.72,4391.37,571.40
181.6500,0,16,24,5,0,7,0,0,9029.51,8341.14,488.12,3971.27,1500.00,240.00,-1,10,0,100,40000.0,40000.0,0,9433.72,4391.37,571.40
181.6500,0,17,22,5,0,7,0,0,9029.51,8341.14,488.12,3971.27,1500.00,240.00,-1,10,0,100,40000.0,40000.0,0,9433.72,4391.37,571.40
181.7667,0,2,21,5,0,3,0,24,9029.51,8341.14,488.12,3971.27,1500.00,240.00,-1,10,0,100,0.0,40000.0,0,9433.72,4391.37,571.40
181.7667,0,3,1,0,0,7,0,0,9029.51,8341.14,488.12,3971.27,1500.00,390.00,-1,10,0,100,40000.0,40000.0,0,9433.72,4391.37,571.40
181.7667,0,4,21,5,8,7,0,0,8701.85,-456.41,731.93,4905.35,1500.00,240.00,-1,10,0,100,13200.0,40000.0,0,9433.72,4391.37,571.40
181.7667,0,7,21,5,0,7,0,0,9465.01,4340.65,528.77,73.28,1500.00,240.00,-1,10,0,100,40000.0,40000.0,0,9433.72,4391.37,571.40
181.7667,0,14,35,4,8,10,10,19,10016.41,1919.93,874.92,2557.28,1500.00,540.00,-1,10,1,100,40000.0,40000.0,0,9433.72,4391.37,571.40
181.7667,0,16,24,5,0,7,0,0,9029.51,8341.14,488.12,3971.27,1500.00,240.00,-1,10,0,100,40000.0,40000.0,0,9433.72,4391.37,571.40
181.7667,0,17,22,5,0,7,0,0,9029.51,8341.14,488.12,3971.27,1500.00,240.00,-1,10,0,100,40000.0,40000.0,0,9433.72,4391.37,571.40
181.9000,0,2,21,5,0,3,0,24,9029.51,8341.14,488.12,3971.27,1500.00,240.00,-1,10,0,100,0.0,40000.0,0,9433.72,4391.37,571.40
181.9000,0,3,1,0,0,7,0,0,9029.51,8341.14,488.12,3971.27,1500.00,390.00,-1,10,0,100,40000.0,40000.0,0,9433.72,4391.37,571.40
181.9000,0,4,21,5,8,7,0,0,8701.85,-456.41,731.93,4905.35,1500.00,240.00,-1,10,0,100,13200.0,40000.0,0,9433.72,4391.37,571.40
181.9000,0,7,21,5,0,7,0,0,9465.01,4340.65,528.77,73.28,1500.00,240.00,-1,10,0,100,40000.0,40000.0,0,9433.72,4391.37,571.40
181.9000,0,14,35,4,8,10,10,19,10007.13,1927.45,873.77,2547.77,1500.00,540.00,-1,10,1,100,40000.0,40000.0,0,9433.72,4391.37,571.40
181.9000,0,16,24,5,0,7,0,0,9029.51,8341.14,488.12,3971.27,1500.00,240.00,-1,10,0,100,40000.0,40000.0,0,9433.72,4391.37,571.40
181.9000,0,17,22,5,0,7,0,0,9029.51,8341.14,488.12,3971.27,1500.00,240.00,-1,10,0,100,40000.0,40000.0,0,9433.72,4391.37,571.40
182.0167,0,2,21,5,0,3,0,24,9029.51,8341.14,488.12,3971.27,1500.00,240.00,-1,10,0,100,0.0,40000.0,0,9433.72,4391.37,571.40
182.0167,0,3,1,0,0,7,0,0,9029.51,8341.14,488.12,3971.27,1500.00,390.00,-1,10,0,100,40000.0,40000.0,0,9433.72,4391.37,571.40
182.0167,0,4,21,5,8,7,0,0,8701.85,-456.41,731.93,4905.35,1500.00,240.00,-1,10,0,100,13200.0,40000.0,0,9433.72,4391.37,571.40
182.0167,0,7,21,5,0,7,0,0,9465.01,4340.65,528.77,73.28,1500.00,240.00,-1,10,0,100,40000.0,40000.0,0,9433.72,4391.37,571.40
182.0167,0,14,35,4,8,10,11,19,9999.02,1934.02,872.76,2539.48,1500.00,540.00,-1,10,1,100,40000.0,40000.0,0,9433.72,4391.37,571.40
182.0167,0,16,24,5,0,7,0,0,9029.51,8341.14,488.12,3971.27,1500.00,240.00,-1,10,0,100,40000.0,40000.0,0,9433.72,4391.37,571.40
182.0167,0,17,22,5,0,7,0,0,9029.51,8341.14,488.12,3971.27,1500.00,240.00,-1,10,0,100,40000.0,40000.0,0,9433.72,4391.37,571.40
182.1333,0,2,21,5,0,3,0,24,9029.51,8341.14,488.12,3971.27,1500.00,240.00,-1,10,0,100,0.0,40000.0,0,9433.72,4391.37,571.40
182.1333,0,3,1,0,0,7,0,0,9029.51,8341.14,488.12,3971.27,1500.00,390.00,-1,10,0,100,40000.0,40000.0,0,9433.72,4391.37,571.40
182.1333,0,4,21,5,8,7,0,0,8701.85,-456.41,731.93,4905.35,1500.00,240.00,-1,10,0,100,13200.0,40000.0,0,9433.72,4391.37,571.40
182.1333,0,7,21,5,0,7,0,0,9465.01,4340.65,528.77,73.28,1500.00,240.00,-1,10,0,100,40000.0,40000.0,0,9433.72,4391.37,571.40
182.1333,0,14,35,4,8,10,11,19,9999.02,1934.02,872.76,2539.48,1500.00,540.00,-1,10,0,100,40000.0,40000.0,0,9433.72,4391.37,571.40
182.1333,0,16,24,5,0,7,0,0,9029.51,8341.14,488.12,3971.27,1500.00,240.00,-1,10,0,100,40000.0,40000.0,0,9433.72,4391.37,571.40
182.1333,0,17,22,5,0,7,0,0,9029.51,8341.14,488.12,3971.27,1500.00,240.00,-1,10,0,100,40000.0,40000.0,0,9433.72,4391.37,571.40
182.2667,0,2,21,5,0,3,0,24,9029.51,8341.14,488.12,3971.27,1500.00,240.00,-1,10,0,100,0.0,40000.0,0,9433.72,4391.37,571.40
182.2667,0,3,1,0,0,7,0,0,9029.51,8341.14,488.12,3971.27,1500.00,390.00,-1,10,0,100,40000.0,40000.0,0,9433.72,4391.37,571.40
182.2667,0,4,21,5,8,7,0,0,8701.85,-456.41,731.93,4905.35,1500.00,240.00,-1,10,0,100,13200.0,40000.0,0,9433.72,4391.37,571.40
182.2667,0,7,21,5,0,7,0,0,9465.01,4340.65,528.77,73.28,1500.00,240.00,-1,10,0,100,40000.0,40000.0,0,9433.72,4391.37,571.40
182.2667,0,14,35,4,8,10,11,19,9999.02,1934.02,872.76,2539.48,1500.00,540.00,-1,10,0,100,40000.0,40000.0,0,9433.72,4391.37,571.40
182.2667,0,16,24,5,0,7,0,0,9029.51,8341.14,488.12,3971.27,1500.00,240.00,-1,10,0,100,40000.0,40000.0,0,9433.72,4391.37,571.40
182.2667,0,17,22,5,0,7,0,0,9029.51,8341.14,488.12,3971.27,1500.00,240.00,-1,10,0,100,40000.0,40000.0,0,9433.72,4391.37,571.40
182.3833,0,2,21,5,0,3,0,24,9029.51,8341.14,488.12,3972.99,1500.00,240.00,-1,10,0,100,0.0,40000.0,0,9432.86,4389.57,571.83
182.3833,0,3,1,0,0,7,0,0,9029.51,8341.14,488.12,3972.99,1500.00,390.00,-1,10,0,100,40000.0,40000.0,0,9432.86,4389.57,571.83
182.3833,0,4,21,5,8,7,0,0,8701.85,-456.41,731.93,4903.42,1500.00,240.00,-1,10,0,100,13200.0,40000.0,0,9432.86,4389.57,571.83
182.3833,0,7,21,5,0,7,0,0,9465.01,4340.65,528.77,72.67,1500.00,240.00,-1,10,0,100,40000.0,40000.0,0,9432.86,4389.57,571.83
182.3833,0,14,35,4,8,10,11,19,9999.02,1934.02,872.76,2537.88,1500.00,540.00,-1,10,0,100,40000.0,40000.0,0,9432.86,4389.57,571.83
182.3833,0,16,24,5,0,7,0,0,9029.51,8341.14,488.12,3972.99,1500.00,240.00,-1,10,0,100,40000.0,40000.0,0,9432.86,4389.57,571.83
182.3833,0,17,22,5,0,7,0,0,9029.51,8341.14,488.12,3972.99,1500.00,240.00,-1,10,0,100,40000.0,40000.0,0,9432.86,4389.57,571.83
182.5167,0,2,21,5,0,3,0,24,9029.51,8341.14,488.12,3990.38,1500.00,240.00,-1,10,0,100,0.0,40000.0,0,9419.16,4370.81,576.50
182.5167,0,3,1,0,0,7,0,0,9029.51,8341.14,488.12,3990.38,1500.00,390.00,-1,10,0,100,40000.0,40000.0,0,9419.16,4370.81,576.50
182.5167,0,4,21,5,8,7,0,0,8701.85,-456.41,731.93,4882.70,1500.00,240.00,-1,10,0,100,13200.0,40000.0,0,9419.16,4370.81,576.50
182.5167,0,7,21,5,0,7,0,0,9465.01,4340.65,528.77,72.73,1500.00,240.00,-1,10,0,100,40000.0,40000.0,0,9419.16,4370.81,576.50
182.5167,0,14,35,4,8,10,11,19,9999.02,1934.02,872.76,2522.29,1500.00,540.00,-1,10,0,100,40000.0,40000.0,0,9419.16,4370.81,576.50
182.5167,0,16,24,5,0,7,0,0,9029.51,8341.14,488.12,3990.38,1500.00,240.00,-1,10,0,100,40000.0,40000.0,0,9419.16,4370.81,576.50
182.5167,0,17,22,5,0,7,0,0,9029.51,8341.14,488.12,3990.38,1500.00,240.00,-1,10,0,100,40000.0,40000.0,0,9419.16,4370.81,576.50
182.6333,0,2,21,5,0,3,0,24,9029.51,8341.14,488.12,3995.09,1500.00,240.00,-1,10,0,100,0.0,40000.0,0,9413.46,4365.46,573.62
182.6333,0,3,1,0,0,7,0,0,9029.51,8341.14,488.12,3995.09,1500.00,390.00,-1,10,0,100,40000.0,40000.0,0,9413.46,4365.46,573.62
182.6333,0,4,21,5,8,7,0,0,8701.85,-456.41,731.93,4876.68,1500.00,240.00,-1,10,0,100,13200.0,40000.0,0,9413.46,4365.46,573.62
182.6333,0,7,21,5,0,7,0,0,9465.01,4340.65,528.77,72.70,1500.00,240.00,-1,10,0,100,40000.0,40000.0,0,9413.46,4365.46,573.62
182.6333,0,14,35,4,8,10,11,19,9999.02,1934.02,872.76,2518.79,1500.00,540.00,-1,10,0,100,40000.0,40000.0,0,9413.46,4365.46,573.62
182.6333,0,16,24,5,0,7,0,0,9029.51,8341.14,488.12,3995.09,1500.00,240.00,-1,10,0,100,40000.0,40000.0,0,9413.46,4365.46,573.62
182.6333,0,17,22,5,0,7,0,0,9029.51,8341.14,488.12,3995.09,1500.00,240.00,-1,10,0,100,40000.0,40000.0,0,9413.46,4365.46,573.62
182.7667,0,2,21,5,0,3,0,24,9029.51,8341.14,488.12,3995.09,1500.00,240.00,-1,10,0,100,0.0,40000.0,0,9413.46,4365.46,573.62
182.7667,0,3,1,0,0,7,0,0,9029.51,8341.14,488.12,3995.09,1500.00,390.00,-1,10,0,100,40000.0,40000.0,0,9413.46,4365.46,573.62
182.7667,0,4,21,5,8,7,0,0,8701.85,-456.41,731.93,4876.68,1500.00,240.00,-1,10,0,100,13200.0,40000.0,0,9413.46,4365.46,573.62
182.7667,0,7,21,5,0,7,0,0,9465.01,4340.65,528.77,72.70,1500.00,240.00,-1,10,0,100,40000.0,40000.0,0,9413.46,4365.46,573.62
182.7667,0,14,35,4,8,10,11,19,9999.02,1934.02,872.76,2518.79,1500.00,540.00,-1,10,0,100,40000.0,40000.0,0,9413.46,4365.46,573.62
182.7667,0,16,24,5,0,7,0,0,9029.51,8341.14,488.12,3995.09,1500.00,240.00,-1,10,0,100,40000.0,40000.0,0,9413.46,4365.46,573.62
182.7667,0,17,22,5,0,7,0,0,9029.51,8341.14,488.12,3995.09,1500.00,240.00,-1,10,0,100,40000.0,40000.0,0,9413.46,4365.46,573.62
182.9000,0,2,21,5,0,3,0,24,9029.51,8341.14,488.12,3995.09,1500.00,240.00,-1,10,0,100,0.0,40000.0,0,9413.46,4365.46,573.62
182.9000,0,3,1,0,0,7,0,0,9029.51,8341.14,488.12,3995.09,1500.00,390.00,-1,10,0,100,40000.0,40000.0,0,9413.46,4365.46,573.62
182.9000,0,4,21,5,8,7,0,0,8701.85,-456.41,731.93,4876.68,1500.00,240.00,-1,10,0,100,13200.0,40000.0,0,9413.46,4365.46,573.62
182.9000,0,7,21,5,0,7,0,0,9465.01,4340.65,528.77,72.70,1500.00,240.00,-1,10,0,100,40000.0,40000.0,0,9413.46,4365.46,573.62
182.9000,0,14,35,4,8,10,11,19,9999.02,1934.02,872.76,2518.79,1500.00,540.00,-1,10,0,100,40000.0,40000.0,0,9413.46,4365.46,573.62
182.9000,0,16,24,5,0,7,0,0,9029.51,8341.14,488.12,3995.09,1500.00,240.00,-1,10,0,100,40000.0,40000.0,0,9413.46,4365.46,573.62
182.9000,0,17,22,5,0,7,0,0,9029.51,8341.14,488.12,3995.09,1500.00,240.00,-1,10,0,100,40000.0,40000.0,0,9413.46,4365.46,573.62
183.0167,0,2,21,5,0,3,0,24,9029.51,8341.14,488.12,3995.09,1500.00,240.00,-1,10,0,100,0.0,40000.0,0,9413.46,4365.46,573.62
183.0167,0,3,1,0,0,7,0,0,9029.51,8341.14,488.12,3995.09,1500.00,390.00,-1,10,0,100,40000.0,40000.0,0,9413.46,4365.46,573.62
183.0167,0,4,21,5,8,7,0,0,8701.85,-456.41,731.93,4876.68,1500.00,240.00,-1,10,0,100,13200.0,40000.0,0,9413.46,4365.46,573.62
183.0167,0,7,21,5,0,7,0,0,9465.01,4340.65,528.77,72.70,1500.00,240.00,-1,10,0,100,40000.0,40000.0,0,9413.46,4365.46,573.62
183.0167,0,14,35,4,8,10,11,19,9999.02,1934.02,872.76,2518.79,1500.00,540.00,-1,10,0,100,40000.0,40000.0,0,9413.46,4365.46,573.62
183.0167,0,16,24,5,0,7,0,0,9029.51,8341.14,488.12,3995.09,1500.00,240.00,-1,10,0,100,40000.0,40000.0,0,9413.46,4365.46,573.62
183.0167,0,17,22,5,0,7,0,0,9029.51,8341.14,488.12,3995.09,1500.00,240.00,-1,10,0,100,40000.0,40000.0,0,9413.46,4365.46,573.62
183.1500,0,2,21,5,0,3,0,24,9029.51,8341.14,488.12,3995.09,1500.00,240.00,-1,10,0,100,0.0,40000.0,0,9413.46,4365.46,573.62
183.1500,0,3,1,0,0,7,0,0,9029.51,8341.14,488.12,3995.09,1500.00,390.00,-1,10,0,100,40000.0,40000.0,0,9413.46,4365.46,573.62
183.1500,0,4,21,5,8,7,0,0,8701.85,-456.41,731.93,4876.68,1500.00,240.00,-1,10,0,100,13200.0,40000.0,0,9413.46,4365.46,573.62
183.1500,0,7,21,5,0,7,0,0,9465.01,4340.65,528.77,72.70,1500.00,240.00,-1,10,0,100,40000.0,40000.0,0,9413.46,4365.46,573.62
183.1500,0,14,35,4,8,10,11,19,9999.02,1934.02,872.76,2518.79,1500.00,540.00,-1,10,0,100,40000.0,40000.0,0,9413.46,4365.46,573.62
183.1500,0,16,24,5,0,7,0,0,9029.51,8341.14,488.12,3995.09,1500.00,240.00,-1,10,0,100,40000.0,40000.0,0,9413.46,4365.46,573.62
183.1500,0,17,22,5,0,7,0,0,9029.51,8341.14,488.12,3995.09,1500.00,240.00,-1,10,0,100,40000.0,40000.0,0,9413.46,4365.46,573.62
183.2667,0,2,21,5,0,3,0,24,9029.51,8341.14,488.12,3995.09,1500.00,240.00,-1,10,0,100,0.0,40000.0,0,9413.46,4365.46,573.62
183.2667,0,3,1,0,0,7,0,0,9029.51,8341.14,488.12,3995.09,1500.00,390.00,-1,10,0,100,40000.0,40000.0,0,9413.46,4365.46,573.62
183.2667,0,4,21,5,8,7,0,0,8701.85,-456.41,731.93,4876.68,1500.00,240.00,-1,10,0,100,13200.0,40000.0,0,9413.46,4365.46,573.62
183.2667,0,7,21,5,0,7,0,0,9465.01,4340.65,528.77,72.70,1500.00,240.00,-1,10,0,100,40000.0,40000.0,0,9413.46,4365.46,573.62
183.2667,0,14,35,4,8,10,11,19,9999.02,1934.02,872.76,2518.79,1500.00,540.00,-1,10,0,100,40000.0,40000.0,0,9413.46,4365.46,573.62
183.2667,0,16,24,5,0,7,0,0,9029.51,8341.14,488.12,3995.09,1500.00,240.00,-1,10,0,100,40000.0,40000.0,0,9413.46,4365.46,573.62
183.2667,0,17,22,5,0,7,0,0,9029.51,8341.14,488.12,3995.09,1500.00,240.00,-1,10,0,100,40000.0,40000.0,0,9413.46,4365.46,573.62
183.4000,0,2,21,5,0,3,0,24,9029.51,8341.14,488.12,3995.09,1500.00,240.00,-1,10,0,100,0.0,40000.0,0,9413.46,4365.46,573.62
183.4000,0,3,1,0,0,7,0,0,9029.51,8341.14,488.12,3995.09,1500.00,390.00,-1,10,0,100,40000.0,40000.0,0,9413.46,4365.46,573.62
183.4000,0,4,21,5,8,7,0,0,8701.85,-456.41,731.93,4876.68,1500.00,240.00,-1,10,0,100,13200.0,40000.0,0,9413.46,4365.46,573.62
183.4000,0,7,21,5,0,7,0,0,9465.01,4340.65,528.77,72.70,1500.00,240.00,-1,10,0,100,40000.0,40000.0,0,9413.46,4365.46,573.62
183.4000,0,14,35,4,8,10,11,19,9999.02,1934.02,872.76,2518.79,1500.00,540.00,-1,10,0,100,40000.0,40000.0,0,9413.46,4365.46,573.62
183.4000,0,16,24,5,0,7,0,0,9029.51,8341.14,488.12,3995.09,1500.00,240.00,-1,10,0,100,40000.0,40000.0,0,9413.46,4365.46,573.62
183.4000,0,17,22,5,0,7,0,0,9029.51,8341.14,488.12,3995.09,1500.00,240.00,-1,10,0,100,40000.0,40000.0,0,9413.46,4365.46,573.62
183.5333,0,2,21,5,0,3,0,24,9029.51,8341.14,488.12,3995.09,1500.00,240.00,-1,10,0,100,0.0,40000.0,0,9413.46,4365.46,573.62
183.5333,0,3,1,0,0,7,0,0,9029.51,8341.14,488.12,3995.09,1500.00,390.00,-1,10,0,100,40000.0,40000.0,0,9413.46,4365.46,573.62
183.5333,0,4,21,5,8,7,0,0,8701.85,-456.41,731.93,4876.68,1500.00,240.00,-1,10,0,100,13200.0,40000.0,0,9413.46,4365.46,573.62
183.5333,0,7,21,5,0,7,0,0,9465.01,4340.65,528.77,72.70,1500.00,240.00,-1,10,0,100,40000.0,40000.0,0,9413.46,4365.46,573.62
183.5333,0,14,35,4,8,10,11,19,9999.02,1934.02,872.76,2518.79,1500.00,540.00,-1,10,0,100,40000.0,40000.0,0,9413.46,4365.46,573.62
183.5333,0,16,24,5,0,7,0,0,9029.51,8341.14,488.12,3995.09,1500.00,240.00,-1,10,0,100,40000.0,40000.0,0,9413.46,4365.46,573.62
183.5333,0,17,22,5,0,7,0,0,9029.51,8341.14,488.12,3995.09,1500.00,240.00,-1,10,0,100,40000.0,40000.0,0,9413.46,4365.46,573.62
183.6500,0,2,21,5,0,3,0,24,9029.51,8341.14,488.12,3995.09,1500.00,240.00,-1,10,0,100,0.0,40000.0,0,9413.46,4365.46,573.62
183.6500,0,3,1,0,0,7,0,0,9029.51,8341.14,488.12,3995.09,1500.00,390.00,-1,10,0,100,40000.0,40000.0,0,9413.46,4365.46,573.62
183.6500,0,4,21,5,8,7,0,0,8701.85,-456.41,731.93,4876.68,1500.00,240.00,-1,10,0,100,13200.0,40000.0,0,9413.46,4365.46,573.62
183.6500,0,7,21,5,0,7,0,0,9465.01,4340.65,528.77,72.70,1500.00,240.00,-1,10,0,100,40000.0,40000.0,0,9413.46,4365.46,573.62
183.6500,0,14,35,4,8,10,11,19,9999.02,1934.02,872.76,2518.79,1500.00,540.00,-1,10,0,100,40000.0,40000.0,0,9413.46,4365.46,573.62
183.6500,0,16,24,5,0,7,0,0,9029.51,8341.14,488.12,3995.09,1500.00,240.00,-1,10,0,100,40000.0,40000.0,0,9413.46,4365.46,573.62
183.6500,0,17,22,5,0,7,0,0,9029.51,8341.14,488.12,3995.09,1500.00,240.00,-1,10,0,100,40000.0,40000.0,0,9413.46,4365.46,573.62
183.7833,0,2,21,5,0,3,0,24,9029.51,8341.14,488.12,3995.09,1500.00,240.00,-1,10,0,100,0.0,40000.0,0,9413.46,4365.46,573.62
183.7833,0,3,1,0,0,7,0,0,9029.51,8341.14,488.12,3995.09,1500.00,390.00,-1,10,0,100,40000.0,40000.0,0,9413.46,4365.46,573.62
183.7833,0,4,21,5,8,7,0,0,8701.85,-456.41,731.93,4876.68,1500.00,240.00,-1,10,0,100,13200.0,40000.0,0,9413.46,4365.46,573.62
183.7833,0,7,21,5,0,7,0,0,9465.01,4340.65,528.77,72.70,1500.00,240.00,-1,10,0,100,40000.0,40000.0,0,9413.46,4365.46,573.62
183.7833,0,14,35,4,8,10,11,19,9999.02,1934.02,872.76,2518.79,1500.00,540.00,-1,10,0,100,40000.0,40000.0,0,9413.46,4365.46,573.62
183.7833,0,16,24,5,0,7,0,0,9029.51,8341.14,488.12,3995.09,1500.00,240.00,-1,10,0,100,40000.0,40000.0,0,9413.46,4365.46,573.62
183.7833,0,17,22,5,0,7,0,0,9029.51,8341.14,488.12,3995.09,1500.00,240.00,-1,10,0,100,40000.0,40000.0,0,9413.46,4365.46,573.62
183.9000,0,2,21,5,0,3,0,24,9029.51,8341.14,488.12,3995.09,1500.00,240.00,-1,10,0,100,0.0,40000.0,0,9413.46,4365.46,573.62
183.9000,0,3,1,0,0,7,0,0,9029.51,8341.14,488.12,3995.09,1500.00,390.00,-1,10,0,100,40000.0,40000.0,0,9413.46,4365.46,573.62
183.9000,0,4,21,5,8,7,0,0,8701.85,-456.41,731.93,4876.68,1500.00,240.00,-1,10,0,100,13200.0,40000.0,0,9413.46,4365.46,573.62
183.9000,0,7,21,5,0,7,0,0,9465.01,4340.65,528.77,72.70,1500.00,240.00,-1,10,0,100,40000.0,40000.0,0,9413.46,4365.46,573.62
183.9000,0,14,35,4,8,10,11,19,9999.02,1934.02,872.76,2518.79,1500.00,540.00,-1,10,0,100,40000.0,40000.0,0,9413.46,4365.46,573.62
183.9000,0,16,24,5,0,7,0,0,9029.51,8341.14,488.12,3995.09,1500.00,240.00,-1,10,0,100,40000.0,40000.0,0,9413.46,4365.46,573.62
183.9000,0,17,22,5,0,7,0,0,9029.51,8341.14,488.12,3995.09,1500.00,240.00,-1,10,0,100,40000.0,40000.0,0,9413.46,4365.46,573.62
184.0333,0,2,21,5,0,3,0,24,9029.51,8341.14,488.12,3995.09,1500.00,240.00,-1,10,0,100,0.0,40000.0,0,9413.46,4365.46,573.62
184.0333,0,3,1,0,0,7,0,0,9029.51,8341.14,488.12,3995.09,1500.00,390.00,-1,10,0,100,40000.0,40000.0,0,9413.46,4365.46,573.62
184.0333,0,4,21,5,8,7,0,0,8701.85,-456.41,731.93,4876.68,1500.00,240.00,-1,10,0,100,13200.0,40000.0,0,9413.46,4365.46,573.62
184.0333,0,7,21,5,0,7,0,0,9465.01,4340.65,528.77,72.70,1500.00,240.00,-1,10,0,100,40000.0,40000.0,0,9413.46,4365.46,573.62
184.0333,0,14,35,4,8,10,11,19,9999.02,1934.02,872.76,2518.79,1500.00,540.00,-1,10,0,100,40000.0,40000.0,0,9413.46,4365.46,573.62
184.0333,0,16,24,5,0,7,0,0,9029.51,8341.14,488.12,3995.09,1500.00,240.00,-1,10,0,100,40000.0,40000.0,0,9413.46,4365.46,573.62
184.0333,0,17,22,5,0,7,0,0,9029.51,8341.14,488.12,3995.09,1500.00,240.00,-1,10,0,100,40000.0,40000.0,0,9413.46,4365.46,573.62
184.1500,0,2,21,5,0,3,0,24,9029.51,8341.14,488.12,3995.09,1500.00,240.00,-1,10,0,100,0.0,40000.0,0,9413.46,4365.46,573.62
184.1500,0,3,1,0,0,7,0,0,9029.51,8341.14,488.12,3995.09,1500.00,390.00,-1,10,0,100,40000.0,40000.0,0,9413.46,4365.46,573.62
184.1500,0,4,21,5,8,7,0,0,8701.85,-456.41,731.93,4876.68,1500.00,240.00,-1,10,0,100,13200.0,40000.0,0,9413.46,4365.46,573.62
184.1500,0,7,21,5,0,7,0,0,9465.01,4340.65,528.77,72.70,1500.00,240.00,-1,10,0,100,40000.0,40000.0,0,9413.46,4365.46,573.62
184.1500,0,14,35,4,8,10,11,19,9999.02,1934.02,872.76,2518.79,1500.00,540.00,-1,10,0,100,40000.0,40000.0,0,9413.46,4365.46,573.62
184.1500,0,16,24,5,0,7,0,0,9029.51,8341.14,488.12,3995.09,1500.00,240.00,-1,10,0,100,40000.0,40000.0,0,9413.46,4365.46,573.62
184.1500,0,17,22,5,0,7,0,0,9029.51,8341.14,488.12,3995.09,1500.00,240.00,-1,10,0,100,40000.0,40000.0,0,9413.46,4365.46,573.62
184.2667,0,2,21,5,0,3,0,24,9029.51,8341.14,488.12,3995.09,1500.00,240.00,-1,10,0,100,0.0,40000.0,0,9413.46,4365.46,573.62
184.2667,0,3,1,0,0,7,0,0,9029.51,8341.14,488.12,3995.09,1500.00,390.00,-1,10,0,100,40000.0,40000.0,0,9413.46,4365.46,573.62
184.2667,0,4,21,5,8,7,0,0,8701.85,-456.41,731.93,4876.68,1500.00,240.00,-1,10,0,100,13200.0,40000.0,0,9413.46,4365.46,573.62
184.2667,0,7,21,5,0,7,0,0,9465.01,4340.65,528.77,72.70,1500.00,240.00,-1,10,0,100,40000.0,40000.0,0,9413.46,4365.46,573.62
184.2667,0,14,35,4,8,10,11,19,9999.02,1934.02,872.76,2518.79,1500.00,540.00,-1,10,0,100,40000.0,40000.0,0,9413.46,4365.46,573.62
184.2667,0,16,24,5,0,7,0,0,9029.51,8341.14,488.12,3995.09,1500.00,240.00,-1,10,0,100,40000.0,40000.0,0,9413.46,4365.46,573.62
184.2667,0,17,22,5,0,7,0,0,9029.51,8341.14,488.12,3995.09,1500.00,240.00,-1,10,0,100,40000.0,40000.0,0,9413.46,4365.46,573.62
184.4000,0,2,21,5,0,3,0,24,9029.51,8341.14,488.12,3995.09,1500.00,240.00,-1,10,0,100,0.0,40000.0,0,9413.46,4365.46,573.62
184.4000,0,3,1,0,0,7,0,0,9029.51,8341.14,488.12,3995.09,1500.00,390.00,-1,10,0,100,40000.0,40000.0,0,9413.46,4365.46,573.62
184.4000,0,4,21,5,8,7,0,0,8701.85,-456.41,731.93,4876.68,1500.00,240.00,-1,10,0,100,13200.0,40000.0,0,9413.46,4365.46,573.62
184.4000,0,7,21,5,0,7,0,0,9465.01,4340.65,528.77,72.70,1500.00,240.00,-1,10,0,100,40000.0,40000.0,0,9413.46,4365.46,573.62
184.4000,0,14,35,4,8,10,11,19,9999.02,1934.02,872.76,2518.79,1500.00,540.00,-1,10,0,100,40000.0,40000.0,0,9413.46,4365.46,573.62
184.4000,0,16,24,5,0,7,0,0,9029.51,8341.14,488.12,3995.09,1500.00,240.00,-1,10,0,100,40000.0,40000.0,0,9413.46,4365.46,573.62
184.4000,0,17,22,5,0,7,0,0,9029.51,8341.14,488.12,3995.09,1500.00,240.00,-1,10,0,100,40000.0,40000.0,0,9413.46,4365.46,573.62
184.5167,0,2,21,5,0,3,0,24,9029.51,8341.14,488.12,3995.09,1500.00,240.00,-1,10,0,100,0.0,40000.0,0,9413.46,4365.46,573.62
184.5167,0,3,1,0,0,7,0,0,9029.51,8341.14,488.12,3995.09,1500.00,390.00,-1,10,0,100,40000.0,40000.0,0,9413.46,4365.46,573.62
184.5167,0,4,21,5,8,7,0,0,8701.85,-456.41,731.93,4876.68,1500.00,240.00,-1,10,0,100,13200.0,40000.0,0,9413.46,4365.46,573.62
184.5167,0,7,21,5,0,7,0,0,9465.01,4340.65,528.77,72.70,1500.00,240.00,-1,10,0,100,40000.0,40000.0,0,9413.46,4365.46,573.62
184.5167,0,14,35,4,8,10,11,19,9999.02,1934.02,872.76,2518.79,1500.00,540.00,-1,10,0,100,40000.0,40000.0,0,9413.46,4365.46,573.62
184.5167,0,16,24,5,0,7,0,0,9029.51,8341.14,488.12,3995.09,1500.00,240.00,-1,10,0,100,40000.0,40000.0,0,9413.46,4365.46,573.62
184.5167,0,17,22,5,0,7,0,0,9029.51,8341.14,488.12,3995.09,1500.00,240.00,-1,10,0,100,40000.0,40000.0,0,9413.46,4365.46,573.62
184.6500,0,2,21,5,0,3,0,24,9029.51,8341.14,488.12,3995.09,1500.00,240.00,-1,10,0,100,0.0,40000.0,0,9413.46,4365.46,573.62
184.6500,0,3,1,0,0,7,0,0,9029.51,8341.14,488.12,3995.09,1500.00,390.00,-1,10,0,100,40000.0,40000.0,0,9413.46,4365.46,573.62
184.6500,0,4,21,5,8,7,0,0,8701.85,-456.41,731.93,4876.68,1500.00,240.00,-1,10,0,100,13200.0,40000.0,0,9413.46,4365.46,573.62
184.6500,0,7,21,5,0,7,0,0,9465.01,4340.65,528.77,72.70,1500.00,240.00,-1,10,0,100,40000.0,40000.0,0,9413.46,4365.46,573.62
184.6500,0,14,35,4,8,10,11,19,9999.02,1934.02,872.76,2518.79,1500.00,540.00,-1,10,0,100,40000.0,40000.0,0,9413.46,4365.46,573.62
184.6500,0,16,24,5,0,7,0,0,9029.51,8341.14,488.12,3995.09,1500.00,240.00,-1,10,0,100,40000.0,40000.0,0,9413.46,4365.46,573.62
184.6500,0,17,22,5,0,7,0,0,9029.51,8341.14,488.12,3995.09,1500.00,240.00,-1,10,0,100,40000.0,40000.0,0,9413.46,4365.46,573.62
184.7667,0,2,21,5,0,3,0,24,9029.51,8341.14,488.12,3995.09,1500.00,240.00,-1,10,0,100,0.0,40000.0,0,9413.46,4365.46,573.62
184.7667,0,3,1,0,0,7,0,0,9029.51,8341.14,488.12,3995.09,1500.00,390.00,-1,10,0,100,40000.0,40000.0,0,9413.46,4365.46,573.62
184.7667,0,4,21,5,8,7,0,0,8701.85,-456.41,731.93,4876.68,1500.00,240.00,-1,10,0,100,13200.0,40000.0,0,9413.46,4365.46,573.62
184.7667,0,7,21,5,0,7,0,0,9465.01,4340.65,528.77,72.70,1500.00,240.00,-1,10,0,100,40000.0,40000.0,0,9413.46,4365.46,573.62
184.7667,0,14,35,4,8,10,11,19,9999.02,1934.02,872.76,2518.79,1500.00,540.00,-1,10,0,100,40000.0,40000.0,0,9413.46,4365.46,573.62
184.7667,0,16,24,5,0,7,0,0,9029.51,8341.14,488.12,3995.09,1500.00,240.00,-1,10,0,100,40000.0,40000.0,0,9413.46,4365.46,573.62
184.7667,0,17,22,5,0,7,0,0,9029.51,8341.14,488.12,3995.09,1500.00,240.00,-1,10,0,100,40000.0,40000.0,0,9413.46,4365.46,573.62
184.9000,0,2,21,5,0,3,0,24,9029.51,8341.14,488.12,3999.91,1500.00,240.00,-1,10,0,100,0.0,40000.0,0,9409.51,4360.23,573.57
184.9000,0,3,1,0,0,7,0,0,9029.51,8341.14,488.12,3999.91,1500.00,390.00,-1,10,0,100,40000.0,40000.0,0,9409.51,4360.23,573.57
184.9000,0,4,21,5,8,7,0,0,8701.85,-456.41,731.93,4870.93,1500.00,240.00,-1,10,0,100,13200.0,40000.0,0,9409.51,4360.23,573.57
184.9000,0,7,21,5,0,7,0,0,9465.01,4340.65,528.77,73.97,1500.00,240.00,-1,10,0,100,40000.0,40000.0,0,9409.51,4360.23,573.57
184.9000,0,14,35,4,8,10,11,19,9999.02,1934.02,872.76,2514.67,1500.00,540.00,-1,10,0,100,40000.0,40000.0,0,9409.51,4360.23,573.57
184.9000,0,16,24,5,0,7,0,0,9029.51,8341.14,488.12,3999.91,1500.00,240.00,-1,10,0,100,40000.0,40000.0,0,9409.51,4360.23,573.57
184.9000,0,17,22,5,0,7,0,0,9029.51,8341.14,488.12,3999.91,1500.00,240.00,-1,10,0,100,40000.0,40000.0,0,9409.51,4360.23,573.57
185.0333,0,2,21,5,0,3,0,24,9029.51,8341.14,488.12,4018.50,1500.00,240.00,-1,10,0,100,0.0,40000.0,0,9402.09,4340.81,571.51
185.0333,0,3,1,0,0,7,0,0,9029.51,8341.14,488.12,4018.50,1500.00,390.00,-1,10,0,100,40000.0,40000.0,0,9402.09,4340.81,571.51
185.0333,0,4,21,5,8,7,0,0,8701.85,-456.41,731.93,4850.72,1500.00,240.00,-1,10,0,100,13200.0,40000.0,0,9402.09,4340.81,571.51
185.0333,0,7,21,5,0,7,0,0,9465.01,4340.65,528.77,76.07,1500.00,240.00,-1,10,0,100,40000.0,40000.0,0,9402.09,4340.81,571.51
185.0333,0,14,35,4,8,10,11,19,9999.02,1934.02,872.76,2497.95,1500.00,540.00,-1,10,0,100,40000.0,40000.0,0,9402.09,4340.81,571.51
185.0333,0,16,24,5,0,7,0,0,9029.51,8341.14,488.12,4018.50,1500.00,240.00,-1,10,0,100,40000.0,40000.0,0,9402.09,4340.81,571.51
185.0333,0,17,22,5,0,7,0,0,9029.51,8341.14,488.12,4018.50,1500.00,240.00,-1,10,0,100,40000.0,40000.0,0,9402.09,4340.81,571.51
185.1500,0,2,21,5,0,3,0,24,9029.51,8341.14,488.12,4024.93,1500.00,240.00,-1,10,0,100,0.0,40000.0,0,9397.96,4333.92,569.06
185.1500,0,3,1,0,0,7,0,0,9029.51,8341.14,488.12,4024.93,1500.00,390.00,-1,10,0,100,40000.0,40000.0,0,9397.96,4333.92,569.06
185.1500,0,4,21,5,8,7,0,0,8701.85,-456.41,731.93,4843.39,1500.00,240.00,-1,10,0,100,13200.0,40000.0,0,9397.96,4333.92,569.06
185.1500,0,7,21,5,0,7,0,0,9465.01,4340.65,528.77,78.52,1500.00,240.00,-1,10,0,100,40000.0,40000.0,0,9397.96,4333.92,569.06
185.1500,0,14,35,4,8,10,11,19,9999.02,1934.02,872.76,2492.60,1500.00,540.00,-1,10,0,100,40000.0,40000.0,0,9397.96,4333.92,569.06
185.1500,0,16,24,5,0,7,0,0,9029.51,8341.14,488.12,4024.93,1500.00,240.00,-1,10,0,100,40000.0,40000.0,0,9397.96,4333.92,569.06
185.1500,0,17,22,5,0,7,0,0,9029.51,8341.14,488.12,4024.93,1500.00,240.00,-1,10,0,100,40000.0,40000.0,0,9397.96,4333.92,569.06
185.2833,0,2,21,5,0,3,0,24,9029.51,8341.14,488.12,4025.38,1500.00,240.00,-1,10,0,100,0.0,40000.0,0,9397.70,4333.45,568.69
185.2833,0,3,1,0,0,7,0,0,9029.51,8341.14,488.12,4025.38,1500.00,390.00,-1,10,0,100,40000.0,40000.0,0,9397.70,4333.45,568.69
185.2833,0,4,21,5,8,7,0,0,8701.85,-456.41,731.93,4842.90,1500.00,240.00,-1,10,0,100,13200.0,40000.0,0,9397.70,4333.45,568.69
185.2833,0,7,21,5,0,7,0,0,9465.01,4340.65,528.77,78.59,1500.00,240.00,-1,10,0,100,40000.0,40000.0,0,9397.70,4333.45,568.69
185.2833,0,14,35,4,8,10,11,19,9999.02,1934.02,872.76,2492.25,1500.00,540.00,-1,10,0,100,40000.0,40000.0,0,9397.70,4333.45,568.69
185.2833,0,16,24,5,0,7,0,0,9029.51,8341.14,488.12,4025.38,1500.00,240.00,-1,10,0,100,40000.0,40000.0,0,9397.70,4333.45,568.69
185.2833,0,17,22,5,0,7,0,0,9029.51,8341.14,488.12,4025.38,1500.00,240.00,-1,10,0,100,40000.0,40000.0,0,9397.70,4333.45,568.69
185.4000,0,2,21,5,0,3,0,24,9029.51,8341.14,488.12,4025.38,1500.00,240.00,-1,10,0,100,0.0,40000.0,0,9397.70,4333.45,568.69
185.4000,0,3,1,0,0,7,0,0,9029.51,8341.14,488.12,4025.38,1500.00,390.00,-1,10,0,100,40000.0,40000.0,0,9397.70,4333.45,568.69
185.4000,0,4,21,5,8,7,0,0,8701.85,-456.41,731.93,4842.90,1500.00,240.00,-1,10,0,100,13200.0,40000.0,0,9397.70,4333.45,568.69
185.4000,0,7,21,5,0,7,0,0,9465.01,4340.65,528.77,78.59,1500.00,240.00,-1,10,0,100,40000.0,40000.0,0,9397.70,4333.45,568.69
185.4000,0,14,35,4,8,10,11,19,9999.02,1934.02,872.76,2492.25,1500.00,540.00,-1,10,0,100,40000.0,40000.0,0,9397.70,4333.45,568.69
185.4000,0,16,24,5,0,7,0,0,9029.51,8341.14,488.12,4025.38,1500.00,240.00,-1,10,0,100,40000.0,40000.0,0,9397.70,4333.45,568.69
185.4000,0,17,22,5,0,7,0,0,9029.51,8341.14,488.12,4025.38,1500.00,240.00,-1,10,0,100,40000.0,40000.0,0,9397.70,4333.45,568.69
185.5333,0,2,21,5,0,3,0,24,9029.51,8341.14,488.12,4025.38,1500.00,240.00,-1,10,0,100,0.0,40000.0,0,9397.70,4333.45,568.69
185.5333,0,3,1,0,0,7,0,0,9029.51,8341.14,488.12,4025.38,1500.00,390.00,-1,10,0,100,40000.0,40000.0,0,9397.70,4333.45,568.69
185.5333,0,4,21,5,8,7,0,0,8701.85,-456.41,731.93,4842.90,1500.00,240.00,-1,10,0,100,13200.0,40000.0,0,9397.70,4333.45,568.69
185.5333,0,7,21,5,0,7,0,0,9465.01,4340.65,528.77,78.59,1500.00,240.00,-1,10,0,100,40000.0,40000.0,0,9397.70,4333.45,568.69
185.5333,0,14,35,4,8,10,11,19,9999.02,1934.02,872.76,2492.25,1500.00,540.00,-1,10,0,100,40000.0,40000.0,0,9397.70,4333.45,568.69
185.5333,0,16,24,5,0,7,0,0,9029.51,8341.14,488.12,4025.38,1500.00,240.00,-1,10,0,100,40000.0,40000.0,0,9397.70,4333.45,568.69
185.5333,0,17,22,5,0,7,0,0,9029.51,8341.14,488.12,4025.38,1500.00,240.00,-1,10,0,100,40000.0,40000.0,0,9397.70,4333.45,568.69
185.6667,0,2,21,5,0,3,0,24,9029.51,8341.14,488.12,4025.38,1500.00,240.00,-1,10,0,100,0.0,40000.0,0,9397.70,4333.45,568.69
185.6667,0,3,1,0,0,7,0,0,9029.51,8341.14,488.12,4025.38,1500.00,390.00,-1,10,0,100,40000.0,40000.0,0,9397.70,4333.45,568.69
185.6667,0,4,21,5,8,7,0,0,8701.85,-456.41,731.93,4842.90,1500.00,240.00,-1,10,0,100,13200.0,40000.0,0,9397.70,4333.45,568.69
185.6667,0,7,21,5,0,7,0,0,9465.01,4340.65,528.77,78.59,1500.00,240.00,-1,10,0,100,40000.0,40000.0,0,9397.70,4333.45,568.69
185.6667,0,14,35,4,8,10,11,19,9999.02,1934.02,872.76,2492.25,1500.00,540.00,-1,10,0,100,40000.0,40000.0,0,9397.70,4333.45,568.69
185.6667,0,16,24,5,0,7,0,0,9029.51,8341.14,488.12,4025.38,1500.00,240.00,-1,10,0,100,40000.0,40000.0,0,9397.70,4333.45,568.69
185.6667,0,17,22,5,0,7,0,0,9029.51,8341.14,488.12,4025.38,1500.00,240.00,-1,10,0,100,40000.0,40000.0,0,9397.70,4333.45,568.69
185.7833,0,2,21,5,0,3,0,24,9029.51,8341.14,488.12,4025.38,1500.00,240.00,-1,10,0,100,0.0,40000.0,0,9397.70,4333.45,568.69
185.7833,0,3,1,0,0,7,0,0,9029.51,8341.14,488.12,4025.38,1500.00,390.00,-1,10,0,100,40000.0,40000.0,0,9397.70,4333.45,568.69
185.7833,0,4,21,5,8,7,0,0,8701.85,-456.41,731.93,4842.90,1500.00,240.00,-1,10,0,100,13200.0,40000.0,0,9397.70,4333.45,568.69
185.7833,0,7,21,5,0,7,0,0,9465.01,4340.65,528.77,78.59,1500.00,240.00,-1,10,0,100,40000.0,40000.0,0,9397.70,4333.45,568.69
185.7833,0,14,35,4,8,10,11,19,9999.02,1934.02,872.76,2492.25,1500.00,540.00,-1,10,0,100,40000.0,40000.0,0,9397.70,4333.45,568.69
185.7833,0,16,24,5,0,7,0,0,9029.51,8341.14,488.12,4025.38,1500.00,240.00,-1,10,0,100,40000.0,40000.0,0,9397.70,4333.45,568.69
185.7833,0,17,22,5,0,7,0,0,9029.51,8341.14,488.12,4025.38,1500.00,240.00,-1,10,0,100,40000.0,40000.0,0,9397.70,4333.45,568.69
185.9167,0,2,21,5,0,3,0,24,9029.51,8341.14,488.12,4025.38,1500.00,240.00,-1,10,0,100,0.0,40000.0,0,9397.70,4333.45,568.69
185.9167,0,3,1,0,0,7,0,0,9029.51,8341.14,488.12,4025.38,1500.00,390.00,-1,10,0,100,40000.0,40000.0,0,9397.70,4333.45,568.69
185.9167,0,4,21,5,8,7,0,0,8701.85,-456.41,731.93,4842.90,1500.00,240.00,-1,10,0,100,13200.0,40000.0,0,9397.70,4333.45,568.69
185.9167,0,7,21,5,0,7,0,0,9465.01,4340.65,528.77,78.59,1500.00,240.00,-1,10,0,100,40000.0,40000.0,0,9397.70,4333.45,568.69
185.9167,0,14,35,4,8,10,11,19,9999.02,1934.02,872.76,2492.25,1500.00,540.00,-1,10,0,100,40000.0,40000.0,0,9397.70,4333.45,568.69
185.9167,0,16,24,5,0,7,0,0,9029.51,8341.14,488.12,4025.38,1500.00,240.00,-1,10,0,100,40000.0,40000.0,0,9397.70,4333.45,568.69
185.9167,0,17,22,5,0,7,0,0,9029.51,8341.14,488.12,4025.38,1500.00,240.00,-1,10,0,100,40000.0,40000.0,0,9397.70,4333.45,568.69
186.0333,0,2,21,5,0,3,0,24,9029.51,8341.14,488.12,4025.38,1500.00,240.00,-1,10,0,100,0.0,40000.0,0,9397.70,4333.45,568.69
186.0333,0,3,1,0,0,7,0,0,9029.51,8341.14,488.12,4025.38,1500.00,390.00,-1,10,0,100,40000.0,40000.0,0,9397.70,4333.45,568.69
186.0333,0,4,21,5,8,7,0,0,8701.85,-456.41,731.93,4842.90,1500.00,240.00,-1,10,0,100,13200.0,40000.0,0,9397.70,4333.45,568.69
186.0333,0,7,21,5,0,7,0,0,9465.01,4340.65,528.77,78.59,1500.00,240.00,-1,10,0,100,40000.0,40000.0,0,9397.70,4333.45,568.69
186.0333,0,14,35,4,8,10,11,19,9999.02,1934.02,872.76,2492.25,1500.00,540.00,-1,10,0,100,40000.0,40000.0,0,9397.70,4333.45,568.69
186.0333,0,16,24,5,0,7,0,0,9029.51,8341.14,488.12,4025.38,1500.00,240.00,-1,10,0,100,40000.0,40000.0,0,9397.70,4333.45,568.69
186.0333,0,17,22,5,0,7,0,0,9029.51,8341.14,488.12,4025.38,1500.00,240.00,-1,10,0,100,40000.0,40000.0,0,9397.70,4333.45,568.69
186.1667,0,2,21,5,0,3,0,24,9029.51,8341.14,488.12,4025.38,1500.00,240.00,-1,10,0,100,0.0,40000.0,0,9397.70,4333.45,568.69
186.1667,0,3,1,0,0,7,0,0,9029.51,8341.14,488.12,4025.38,1500.00,390.00,-1,10,0,100,40000.0,40000.0,0,9397.70,4333.45,568.69
186.1667,0,4,21,5,8,7,0,0,8701.85,-456.41,731.93,4842.90,1500.00,240.00,-1,10,0,100,13200.0,40000.0,0,9397.70,4333.45,568.69
186.1667,0,7,21,5,0,7,0,0,9465.01,4340.65,528.77,78.59,1500.00,240.00,-1,10,0,100,40000.0,40000.0,0,9397.70,4333.45,568.69
186.1667,0,14,35,4,8,10,11,19,9999.02,1934.02,872.76,2492.25,1500.00,540.00,-1,10,0,100,40000.0,40000.0,0,9397.70,4333.45,568.69
186.1667,0,16,24,5,0,7,0,0,9029.51,8341.14,488.12,4025.38,1500.00,240.00,-1,10,0,100,40000.0,40000.0,0,9397.70,4333.45,568.69
186.1667,0,17,22,5,0,7,0,0,9029.51,8341.14,488.12,4025.38,1500.00,240.00,-1,10,0,100,40000.0,40000.0,0,9397.70,4333.45,568.69
186.2833,0,2,21,5,0,3,0,24,9029.51,8341.14,488.12,4025.38,1500.00,240.00,-1,10,0,100,0.0,40000.0,0,9397.70,4333.45,568.69
186.2833,0,3,1,0,0,7,0,0,9029.51,8341.14,488.12,4025.38,1500.00,390.00,-1,10,0,100,40000.0,40000.0,0,9397.70,4333.45,568.69
186.2833,0,4,21,5,8,7,0,0,8701.85,-456.41,731.93,4842.90,1500.00,240.00,-1,10,0,100,13200.0,40000.0,0,9397.70,4333.45,568.69
186.2833,0,7,21,5,0,7,0,0,9465.01,4340.65,528.77,78.59,1500.00,240.00,-1,10,0,100,40000.0,40000.0,0,9397.70,4333.45,568.69
186.2833,0,14,35,4,8,10,11,19,9999.02,1934.02,872.76,2492.25,1500.00,540.00,-1,10,0,100,40000.0,40000.0,0,9397.70,4333.45,568.69
186.2833,0,16,24,5,0,7,0,0,9029.51,8341.14,488.12,4025.38,1500.00,240.00,-1,10,0,100,40000.0,40000.0,0,9397.70,4333.45,568.69
186.2833,0,17,22,5,0,7,0,0,9029.51,8341.14,488.12,4025.38,1500.00,240.00,-1,10,0,100,40000.0,40000.0,0,9397.70,4333.45,568.69
186.4167,0,2,21,5,0,3,0,24,9029.51,8341.14,488.12,4025.38,1500.00,240.00,-1,10,0,100,0.0,40000.0,0,9397.70,4333.45,568.69
186.4167,0,3,1,0,0,7,0,0,9029.51,8341.14,488.12,4025.38,1500.00,390.00,-1,10,0,100,40000.0,40000.0,0,9397.70,4333.45,568.69
186.4167,0,4,21,5,8,7,0,0,8701.85,-456.41,731.93,4842.90,1500.00,240.00,-1,10,0,100,13200.0,40000.0,0,9397.70,4333.45,568.69
186.4167,0,7,21,5,0,7,0,0,9465.01,4340.65,528.77,78.59,1500.00,240.00,-1,10,0,100,40000.0,40000.0,0,9397.70,4333.45,568.69
186.4167,0,14,35,4,8,10,11,19,9999.02,1934.02,872.76,2492.25,1500.00,540.00,-1,10,0,100,40000.0,40000.0,0,9397.70,4333.45,568.69
186.4167,0,16,24,5,0,7,0,0,9029.51,8341.14,488.12,4025.38,1500.00,240.00,-1,10,0,100,40000.0,40000.0,0,9397.70,4333.45,568.69
186.4167,0,17,22,5,0,7,0,0,9029.51,8341.14,488.12,4025.38,1500.00,240.00,-1,10,0,100,40000.0,40000.0,0,9397.70,4333.45,568.69
186.5500,0,2,21,5,0,3,0,24,9029.51,8341.14,488.12,4025.38,1500.00,240.00,-1,10,0,100,0.0,40000.0,0,9397.70,4333.45,568.69
186.5500,0,3,1,0,0,7,0,0,9029.51,8341.14,488.12,4025.38,1500.00,390.00,-1,10,0,100,40000.0,40000.0,0,9397.70,4333.45,568.69
186.5500,0,4,21,5,8,7,0,0,8701.85,-456.41,731.93,4842.90,1500.00,240.00,-1,10,0,100,13200.0,40000.0,0,9397.70,4333.45,568.69
186.5500,0,7,21,5,0,7,0,0,9465.01,4340.65,528.77,78.59,1500.00,240.00,-1,10,0,100,40000.0,40000.0,0,9397.70,4333.45,568.69
186.5500,0,14,35,4,8,10,11,19,9999.02,1934.02,872.76,2492.25,1500.00,540.00,-1,10,0,100,40000.0,40000.0,0,9397.70,4333.45,568.69
186.5500,0,16,24,5,0,7,0,0,9029.51,8341.14,488.12,4025.38,1500.00,240.00,-1,10,0,100,40000.0,40000.0,0,9397.70,4333.45,568.69
186.5500,0,17,22,5,0,7,0,0,9029.51,8341.14,488.12,4025.38,1500.00,240.00,-1,10,0,100,40000.0,40000.0,0,9397.70,4333.45,568.69
186.6667,0,2,21,5,0,3,0,24,9029.51,8341.14,488.12,4025.38,1500.00,240.00,-1,10,0,100,0.0,40000.0,0,9397.70,4333.45,568.69
186.6667,0,3,1,0,0,7,0,0,9029.51,8341.14,488.12,4025.38,1500.00,390.00,-1,10,0,100,40000.0,40000.0,0,9397.70,4333.45,568.69
186.6667,0,4,21,5,8,7,0,0,8701.85,-456.41,731.93,4842.90,1500.00,240.00,-1,10,0,100,13200.0,40000.0,0,9397.70,4333.45,568.69
186.6667,0,7,21,5,0,7,0,0,9465.01,4340.65,528.77,78.59,1500.00,240.00,-1,10,0,100,40000.0,40000.0,0,9397.70,4333.45,568.69
186.6667,0,14,35,4,8,10,11,19,9999.02,1934.02,872.76,2492.25,1500.00,540.00,-1,10,0,100,40000.0,40000.0,0,9397.70,4333.45,568.69
186.6667,0,16,24,5,0,7,0,0,9029.51,8341.14,488.12,4025.38,1500.00,240.00,-1,10,0,100,40000.0,40000.0,0,9397.70,4333.45,568.69
186.6667,0,17,22,5,0,7,0,0,9029.51,8341.14,488.12,4025.38,1500.00,240.00,-1,10,0,100,40000.0,40000.0,0,9397.70,4333.45,568.69
186.8000,0,2,21,5,0,3,0,24,9029.51,8341.14,488.12,4025.38,1500.00,240.00,-1,10,0,100,0.0,40000.0,0,9397.70,4333.45,568.69
186.8000,0,3,1,0,0,7,0,0,9029.51,8341.14,488.12,4025.38,1500.00,390.00,-1,10,0,100,40000.0,40000.0,0,9397.70,4333.45,568.69
186.8000,0,4,21,5,8,7,0,0,8701.85,-456.41,731.93,4842.90,1500.00,240.00,-1,10,0,100,13200.0,40000.0,0,9397.70,4333.45,568.69
186.8000,0,7,21,5,0,7,0,0,9465.01,4340.65,528.77,78.59,1500.00,240.00,-1,10,0,100,40000.0,40000.0,0,9397.70,4333.45,568.69
186.8000,0,14,35,4,8,10,11,19,9999.02,1934.02,872.76,2492.25,1500.00,540.00,-1,10,0,100,40000.0,40000.0,0,9397.70,4333.45,568.69
186.8000,0,16,24,5,0,7,0,0,9029.51,8341.14,488.12,4025.38,1500.00,240.00,-1,10,0,100,40000.0,40000.0,0,9397.70,4333.45,568.69
186.8000,0,17,22,5,0,7,0,0,9029.51,8341.14,488.12,4025.38,1500.00,240.00,-1,10,0,100,40000.0,40000.0,0,9397.70,4333.45,568.69
186.9167,0,2,21,5,0,3,0,24,9029.51,8341.14,488.12,4025.38,1500.00,240.00,-1,10,0,100,0.0,40000.0,0,9397.70,4333.45,568.69
186.9167,0,3,1,0,0,7,0,0,9029.51,8341.14,488.12,4025.38,1500.00,390.00,-1,10,0,100,40000.0,40000.0,0,9397.70,4333.45,568.69
186.9167,0,4,21,5,8,7,0,0,8701.85,-456.41,731.93,4842.90,1500.00,240.00,-1,10,0,100,13200.0,40000.0,0,9397.70,4333.45,568.69
186.9167,0,7,21,5,0,7,0,0,9465.01,4340.65,528.77,78.59,1500.00,240.00,-1,10,0,100,40000.0,40000.0,0,9397.70,4333.45,568.69
186.9167,0,14,35,4,8,10,11,19,9999.02,1934.02,872.76,2492.25,1500.00,540.00,-1,10,0,100,40000.0,40000.0,0,9397.70,4333.45,568.69
186.9167,0,16,24,5,0,7,0,0,9029.51,8341.14,488.12,4025.38,1500.00,240.00,-1,10,0,100,40000.0,40000.0,0,9397.70,4333.45,568.69
186.9167,0,17,22,5,0,7,0,0,9029.51,8341.14,488.12,4025.38,1500.00,240.00,-1,10,0,100,40000.0,40000.0,0,9397.70,4333.45,568.69
187.0500,0,2,21,5,0,3,0,24,9029.51,8341.14,488.12,4025.38,1500.00,240.00,-1,10,0,100,0.0,40000.0,0,9397.70,4333.45,568.69
187.0500,0,3,1,0,0,7,0,0,9029.51,8341.14,488.12,4025.38,1500.00,390.00,-1,10,0,100,40000.0,40000.0,0,9397.70,4333.45,568.69
187.0500,0,4,21,5,8,7,0,0,8701.85,-456.41,731.93,4842.90,1500.00,240.00,-1,10,0,100,13200.0,40000.0,0,9397.70,4333.45,568.69
187.0500,0,7,21,5,0,7,0,0,9465.01,4340.65,528.77,78.59,1500.00,240.00,-1,10,0,100,40000.0,40000.0,0,9397.70,4333.45,568.69
187.0500,0,14,35,4,8,10,11,19,9999.02,1934.02,872.76,2492.25,1500.00,540.00,-1,10,0,100,40000.0,40000.0,0,9397.70,4333.45,568.69
187.0500,0,16,24,5,0,7,0,0,9029.51,8341.14,488.12,4025.38,1500.00,240.00,-1,10,0,100,40000.0,40000.0,0,9397.70,4333.45,568.69
187.0500,0,17,22,5,0,7,0,0,9029.51,8341.14,488.12,4025.38,1500.00,240.00,-1,10,0,100,40000.0,40000.0,0,9397.70,4333.45,568.69
187.1833,0,2,21,5,0,3,0,24,9029.51,8341.14,488.12,4025.38,1500.00,240.00,-1,10,0,100,0.0,40000.0,0,9397.70,4333.45,568.69
187.1833,0,3,1,0,0,7,0,0,9029.51,8341.14,488.12,4025.38,1500.00,390.00,-1,10,0,100,40000.0,40000.0,0,9397.70,4333.45,568.69
187.1833,0,4,21,5,8,7,0,0,8701.85,-456.41,731.93,4842.90,1500.00,240.00,-1,10,0,100,13200.0,40000.0,0,9397.70,4333.45,568.69
187.1833,0,7,21,5,0,7,0,0,9465.01,4340.65,528.77,78.59,1500.00,240.00,-1,10,0,100,40000.0,40000.0,0,9397.70,4333.45,568.69
187.1833,0,14,35,4,8,10,11,19,9999.02,1934.02,872.76,2492.25,1500.00,540.00,-1,10,0,100,40000.0,40000.0,0,9397.70,4333.45,568.69
187.1833,0,16,24,5,0,7,0,0,9029.51,8341.14,488.12,4025.38,1500.00,240.00,-1,10,0,100,40000.0,40000.0,0,9397.70,4333.45,568.69
187.1833,0,17,22,5,0,7,0,0,9029.51,8341.14,488.12,4025.38,1500.00,240.00,-1,10,0,100,40000.0,40000.0,0,9397.70,4333.45,568.69
187.3000,0,2,21,5,0,3,0,24,9029.51,8341.14,488.12,4025.38,1500.00,240.00,-1,10,0,100,0.0,40000.0,0,9397.70,4333.45,568.69
187.3000,0,3,1,0,0,7,0,0,9029.51,8341.14,488.12,4025.38,1500.00,390.00,-1,10,0,100,40000.0,40000.0,0,9397.70,4333.45,568.69
187.3000,0,4,21,5,8,7,0,0,8701.85,-456.41,731.93,4842.90,1500.00,240.00,-1,10,0,100,13200.0,40000.0,0,9397.70,4333.45,568.69
187.3000,0,7,21,5,0,7,0,0,9465.01,4340.65,528.77,78.59,1500.00,240.00,-1,10,0,100,40000.0,40000.0,0,9397.70,4333.45,568.69
187.3000,0,14,35,4,8,10,11,19,9999.02,1934.02,872.76,2492.25,1500.00,540.00,-1,10,0,100,40000.0,40000.0,0,9397.70,4333.45,568.69
187.3000,0,16,24,5,0,7,0,0,9029.51,8341.14,488.12,4025.38,1500.00,240.00,-1,10,0,100,40000.0,40000.0,0,9397.70,4333.45,568.69
187.3000,0,17,22,5,0,7,0,0,9029.51,8341.14,488.12,4025.38,1500.00,240.00,-1,10,0,100,40000.0,40000.0,0,9397.70,4333.45,568.69
187.4333,0,2,21,5,0,3,0,24,9029.51,8341.14,488.12,4025.38,1500.00,240.00,-1,10,0,100,0.0,40000.0,0,9397.70,4333.45,568.69
187.4333,0,3,1,0,0,7,0,0,9029.51,8341.14,488.12,4025.38,1500.00,390.00,-1,10,0,100,40000.0,40000.0,0,9397.70,4333.45,568.69
187.4333,0,4,21,5,8,7,0,0,8701.85,-456.41,731.93,4842.90,1500.00,240.00,-1,10,0,100,13200.0,40000.0,0,9397.70,4333.45,568.69
187.4333,0,7,21,5,0,7,0,0,9465.01,4340.65,528.77,78.59,1500.00,240.00,-1,10,0,100,40000.0,40000.0,0,9397.70,4333.45,568.69
187.4333,0,14,35,4,8,10,11,19,9999.02,1934.02,872.76,2492.25,1500.00,540.00,-1,10,0,100,40000.0,40000.0,0,9397.70,4333.45,568.69
187.4333,0,16,24,5,0,7,0,0,9029.51,8341.14,488.12,4025.38,1500.00,240.00,-1,10,0,100,40000.0,40000.0,0,9397.70,4333.45,568.69
187.4333,0,17,22,5,0,7,0,0,9029.51,8341.14,488.12,4025.38,1500.00,240.00,-1,10,0,100,40000.0,40000.0,0,9397.70,4333.45,568.69
187.5500,0,2,21,5,0,3,0,24,9029.51,8341.14,488.12,4022.57,1500.00,240.00,-1,10,0,100,0.0,40000.0,0,9403.09,4336.82,571.71
187.5500,0,3,1,0,0,7,0,0,9029.51,8341.14,488.12,4022.57,1500.00,390.00,-1,10,0,100,40000.0,40000.0,0,9403.09,4336.82,571.71
187.5500,0,4,21,5,8,7,0,0,8701.85,-456.41,731.93,4846.91,1500.00,240.00,-1,10,0,100,13200.0,40000.0,0,9403.09,4336.82,571.71
187.5500,0,7,21,5,0,7,0,0,9465.01,4340.65,528.77,75.45,1500.00,240.00,-1,10,0,100,40000.0,40000.0,0,9403.09,4336.82,571.71
187.5500,0,14,35,4,8,10,11,19,9999.02,1934.02,872.76,2493.84,1500.00,540.00,-1,10,0,100,40000.0,40000.0,0,9403.09,4336.82,571.71
187.5500,0,16,24,5,0,7,0,0,9029.51,8341.14,488.12,4022.57,1500.00,240.00,-1,10,0,100,40000.0,40000.0,0,9403.09,4336.82,571.71
187.5500,0,17,22,5,0,7,0,0,9029.51,8341.14,488.12,4022.57,1500.00,240.00,-1,10,0,100,40000.0,40000.0,0,9403.09,4336.82,571.71
187.6833,0,2,21,5,0,3,0,24,9029.51,8341.14,488.12,4014.46,1500.00,240.00,-1,10,0,100,0.0,40000.0,0,9413.26,4346.14,580.98
187.6833,0,3,1,0,0,7,0,0,9029.51,8341.14,488.12,4014.46,1500.00,390.00,-1,10,0,100,40000.0,40000.0,0,9413.26,4346.14,580.98
187.6833,0,4,21,5,8,7,0,0,8701.85,-456.41,731.93,4857.30,1500.00,240.00,-1,10,0,100,13200.0,40000.0,0,9413.26,4346.14,580.98
187.6833,0,7,21,5,0,7,0,0,9465.01,4340.65,528.77,73.72,1500.00,240.00,-1,10,0,100,40000.0,40000.0,0,9413.26,4346.14,580.98
187.6833,0,14,35,4,8,10,11,19,9999.02,1934.02,872.76,2499.31,1500.00,540.00,-1,10,0,100,40000.0,40000.0,0,9413.26,4346.14,580.98
187.6833,0,16,24,5,0,7,0,0,9029.51,8341.14,488.12,4014.46,1500.00,240.00,-1,10,0,100,40000.0,40000.0,0,9413.26,4346.14,580.98
187.6833,0,17,22,5,0,7,0,0,9029.51,8341.14,488.12,4014.46,1500.00,240.00,-1,10,0,100,40000.0,40000.0,0,9413.26,4346.14,580.98
187.8000,0,2,21,5,0,3,0,24,9029.51,8341.14,488.12,4006.47,1500.00,240.00,-1,10,0,100,0.0,40000.0,0,9427.14,4355.59,583.85
187.8000,0,3,1,0,0,7,0,0,9029.51,8341.14,488.12,4006.47,1500.00,390.00,-1,10,0,100,40000.0,40000.0,0,9427.14,4355.59,583.85
187.8000,0,4,21,5,8,7,0,0,8701.85,-456.41,731.93,4868.61,1500.00,240.00,-1,10,0,100,13200.0,40000.0,0,9427.14,4355.59,583.85
187.8000,0,7,21,5,0,7,0,0,9465.01,4340.65,528.77,68.50,1500.00,240.00,-1,10,0,100,40000.0,40000.0,0,9427.14,4355.59,583.85
187.8000,0,14,35,4,8,10,11,19,9999.02,1934.02,872.76,2504.90,1500.00,540.00,-1,10,0,100,40000.0,40000.0,0,9427.14,4355.59,583.85
187.8000,0,16,24,5,0,7,0,0,9029.51,8341.14,488.12,4006.47,1500.00,240.00,-1,10,0,100,40000.0,40000.0,0,9427.14,4355.59,583.85
187.8000,0,17,22,5,0,7,0,0,9029.51,8341.14,488.12,4006.47,1500.00,240.00,-1,10,0,100,40000.0,40000.0,0,9427.14,4355.59,583.85
187.9333,0,2,21,5,0,3,0,24,9029.51,8341.14,488.12,4005.21,1500.00,240.00,-1,10,0,100,0.0,40000.0,0,9439.42,4358.30,591.46
187.9333,0,3,1,0,0,7,0,0,9029.51,8341.14,488.12,4005.21,1500.00,390.00,-1,10,0,100,40000.0,40000.0,0,9439.42,4358.30,591.46
187.9333,0,4,21,5,8,7,0,0,8701.85,-456.41,731.93,4872.91,1500.00,240.00,-1,10,0,100,13200.0,40000.0,0,9439.42,4358.30,591.46
187.9333,0,7,21,5,0,7,0,0,9465.01,4340.65,528.77,69.98,1500.00,240.00,-1,10,0,100,40000.0,40000.0,0,9439.42,4358.30,591.46
187.9333,0,14,35,4,8,10,11,19,9999.02,1934.02,872.76,2503.88,1500.00,540.00,-1,10,0,100,40000.0,40000.0,0,9439.42,4358.30,591.46
187.9333,0,16,24,5,0,7,0,0,9029.51,8341.14,488.12,4005.21,1500.00,240.00,-1,10,0,100,40000.0,40000.0,0,9439.42,4358.30,591.46
187.9333,0,17,22,5,0,7,0,0,9029.51,8341.14,488.12,4005.21,1500.00,240.00,-1,10,0,100,40000.0,40000.0,0,9439.42,4358.30,591.46
188.0500,0,2,21,5,0,3,0,24,9029.51,8341.14,488.12,4015.94,1500.00,240.00,-1,10,0,100,0.0,40000.0,0,9445.19,4348.21,595.15
188.0500,0,3,1,0,0,7,0,0,9029.51,8341.14,488.12,4015.94,1500.00,390.00,-1,10,0,100,40000.0,40000.0,0,9445.19,4348.21,595.15
188.0500,0,4,21,5,8,7,0,0,8701.85,-456.41,731.93,4863.71,1500.00,240.00,-1,10,0,100,13200.0,40000.0,0,9445.19,4348.21,595.15
188.0500,0,7,21,5,0,7,0,0,9465.01,4340.65,528.77,69.69,1500.00,240.00,-1,10,0,100,40000.0,40000.0,0,9445.19,4348.21,595.15
188.0500,0,14,35,4,8,10,11,19,9999.02,1934.02,872.76,2492.41,1500.00,540.00,-1,10,0,100,40000.0,40000.0,0,9445.19,4348.21,595.15
188.0500,0,16,24,5,0,7,0,0,9029.51,8341.14,488.12,4015.94,1500.00,240.00,-1,10,0,100,40000.0,40000.0,0,9445.19,4348.21,595.15
188.0500,0,17,22,5,0,7,0,0,9029.51,8341.14,488.12,4015.94,1500.00,240.00,-1,10,0,100,40000.0,40000.0,0,9445.19,4348.21,595.15
188.1833,0,2,21,5,0,3,0,24,9029.51,8341.14,488.12,4026.29,1500.00,240.00,-1,10,0,100,0.0,40000.0,0,9453.39,4338.77,599.56
188.1833,0,3,1,0,0,7,0,0,9029.51,8341.14,488.12,4026.29,1500.00,390.00,-1,10,0,100,40000.0,40000.0,0,9453.39,4338.77,599.56
188.1833,0,4,21,5,8,7,0,0,8701.85,-456.41,731.93,4855.53,1500.00,240.00,-1,10,0,100,13200.0,40000.0,0,9453.39,4338.77,599.56
188.1833,0,7,21,5,0,7,0,0,9465.01,4340.65,528.77,71.76,1500.00,240.00,-1,10,0,100,40000.0,40000.0,0,9453.39,4338.77,599.56
188.1833,0,14,35,4,8,10,11,19,9999.02,1934.02,872.76,2480.97,1500.00,540.00,-1,10,0,100,40000.0,40000.0,0,9453.39,4338.77,599.56
188.1833,0,16,24,5,0,7,0,0,9029.51,8341.14,488.12,4026.29,1500.00,240.00,-1,10,0,100,40000.0,40000.0,0,9453.39,4338.77,599.56
188.1833,0,17,22,5,0,7,0,0,9029.51,8341.14,488.12,4026.29,1500.00,240.00,-1,10,0,100,40000.0,40000.0,0,9453.39,4338.77,599.56
188.3000,0,2,21,5,0,3,0,24,9029.51,8341.14,488.12,4030.39,1500.00,240.00,-1,10,0,100,0.0,40000.0,0,9462.67,4335.59,597.50
188.3000,0,3,1,0,0,7,0,0,9029.51,8341.14,488.12,4030.39,1500.00,390.00,-1,10,0,100,40000.0,40000.0,0,9462.67,4335.59,597.50
188.3000,0,4,21,5,8,7,0,0,8701.85,-456.41,731.93,4853.88,1500.00,240.00,-1,10,0,100,13200.0,40000.0,0,9462.67,4335.59,597.50
188.3000,0,7,21,5,0,7,0,0,9465.01,4340.65,528.77,68.96,1500.00,240.00,-1,10,0,100,40000.0,40000.0,0,9462.67,4335.59,597.50
188.3000,0,14,35,4,8,10,11,19,9999.02,1934.02,872.76,2476.08,1500.00,540.00,-1,10,0,100,40000.0,40000.0,0,9462.67,4335.59,597.50
188.3000,0,16,24,5,0,7,0,0,9029.51,8341.14,488.12,4030.39,1500.00,240.00,-1,10,0,100,40000.0,40000.0,0,9462.67,4335.59,597.50
188.3000,0,17,22,5,0,7,0,0,9029.51,8341.14,488.12,4030.39,1500.00,240.00,-1,10,0,100,40000.0,40000.0,0,9462.67,4335.59,597.50
188.4333,0,2,21,5,0,3,0,24,9029.51,8341.14,488.12,4029.30,1500.00,240.00,-1,10,0,100,0.0,40000.0,0,9476.66,4338.24,598.19
188.4333,0,3,1,0,0,7,0,0,9029.51,8341.14,488.12,4029.30,1500.00,390.00,-1,10,0,100,40000.0,40000.0,0,9476.66,4338.24,598.19
188.4333,0,4,21,5,8,7,0,0,8701.85,-456.41,731.93,4858.70,1500.00,240.00,-1,10,0,100,13200.0,40000.0,0,9476.66,4338.24,598.19
188.4333,0,7,21,5,0,7,0,0,9465.01,4340.65,528.77,70.43,1500.00,240.00,-1,10,0,100,40000.0,40000.0,0,9476.66,4338.24,598.19
188.4333,0,14,35,4,8,10,11,19,9999.02,1934.02,872.76,2475.59,1500.00,540.00,-1,10,0,100,40000.0,40000.0,0,9476.66,4338.24,598.19
188.4333,0,16,24,5,0,7,0,0,9029.51,8341.14,488.12,4029.30,1500.00,240.00,-1,10,0,100,40000.0,40000.0,0,9476.66,4338.24,598.19
188.4333,0,17,22,5,0,7,0,0,9029.51,8341.14,488.12,4029.30,1500.00,240.00,-1,10,0,100,40000.0,40000.0,0,9476.66,4338.24,598.19
188.5500,0,2,21,5,0,3,0,24,9029.51,8341.14,488.12,4028.65,1500.00,240.00,-1,10,0,100,0.0,40000.0,0,9492.82,4340.66,595.64
188.5500,0,3,1,0,0,7,0,0,9029.51,8341.14,488.12,4028.65,1500.00,390.00,-1,10,0,100,40000.0,40000.0,0,9492.82,4340.66,595.64
188.5500,0,4,21,5,8,7,0,0,8701.85,-456.41,731.93,4863.75,1500.00,240.00,-1,10,0,100,13200.0,40000.0,0,9492.82,4340.66,595.64
188.5500,0,7,21,5,0,7,0,0,9465.01,4340.65,528.77,72.42,1500.00,240.00,-1,10,0,100,40000.0,40000.0,0,9492.82,4340.66,595.64
188.5500,0,14,35,4,8,10,11,19,9999.02,1934.02,872.76,2474.86,1500.00,540.00,-1,10,0,100,40000.0,40000.0,0,9492.82,4340.66,595.64
188.5500,0,16,24,5,0,7,0,0,9029.51,8341.14,488.12,4028.65,1500.00,240.00,-1,10,0,100,40000.0,40000.0,0,9492.82,4340.66,595.64
188.5500,0,17,22,5,0,7,0,0,9029.51,8341.14,488.12,4028.65,1500.00,240.00,-1,10,0,100,40000.0,40000.0,0,9492.82,4340.66,595.64
188.6833,0,2,21,5,0,3,0,24,9029.51,8341.14,488.12,4034.36,1500.00,240.00,-1,10,0,100,0.0,40000.0,0,9502.03,4335.92,593.16
188.6833,0,3,1,0,0,7,0,0,9029.51,8341.14,488.12,4034.36,1500.00,390.00,-1,10,0,100,40000.0,40000.0,0,9502.03,4335.92,593.16
188.6833,0,4,21,5,8,7,0,0,8701.85,-456.41,731.93,4860.66,1500.00,240.00,-1,10,0,100,13200.0,40000.0,0,9502.03,4335.92,593.16
188.6833,0,7,21,5,0,7,0,0,9465.01,4340.65,528.77,74.43,1500.00,240.00,-1,10,0,100,40000.0,40000.0,0,9502.03,4335.92,593.16
188.6833,0,14,35,4,8,10,11,19,9999.02,1934.02,872.76,2468.67,1500.00,540.00,-1,10,0,100,40000.0,40000.0,0,9502.03,4335.92,593.16
188.6833,0,16,24,5,0,7,0,0,9029.51,8341.14,488.12,4034.36,1500.00,240.00,-1,10,0,100,40000.0,40000.0,0,9502.03,4335.92,593.16
188.6833,0,17,22,5,0,7,0,0,9029.51,8341.14,488.12,4034.36,1500.00,240.00,-1,10,0,100,40000.0,40000.0,0,9502.03,4335.92,593.16
188.8000,0,2,21,5,0,3,0,24,9029.51,8341.14,488.12,4034.36,1500.00,240.00,-1,10,0,100,0.0,40000.0,0,9502.03,4335.92,593.16
188.8000,0,3,1,0,0,7,0,0,9029.51,8341.14,488.12,4034.36,1500.00,390.00,-1,10,0,100,40000.0,40000.0,0,9502.03,4335.92,593.16
188.8000,0,4,21,5,8,7,0,0,8701.85,-456.41,731.93,4860.66,1500.00,240.00,-1,10,0,100,13200.0,40000.0,0,9502.03,4335.92,593.16
188.8000,0,7,21,5,0,7,0,0,9465.01,4340.65,528.77,74.43,1500.00,240.00,-1,10,0,100,40000.0,40000.0,0,9502.03,4335.92,593.16
188.8000,0,14,35,4,8,10,11,19,9999.02,1934.02,872.76,2468.67,1500.00,540.00,-1,10,0,100,40000.0,40000.0,0,9502.03,4335.92,593.16
188.8000,0,16,24,5,0,7,0,0,9029.51,8341.14,488.12,4034.36,1500.00,240.00,-1,10,0,100,40000.0,40000.0,0,9502.03,4335.92,593.16
188.8000,0,17,22,5,0,7,0,0,9029.51,8341.14,488.12,4034.36,1500.00,240.00,-1,10,0,100,40000.0,40000.0,0,9502.03,4335.92,593.16
188.9333,0,2,21,5,0,3,0,24,9029.51,8341.14,488.12,4034.36,1500.00,240.00,-1,10,0,100,0.0,40000.0,0,9502.03,4335.92,593.16
188.9333,0,3,1,0,0,7,0,0,9029.51,8341.14,488.12,4034.36,1500.00,390.00,-1,10,0,100,40000.0,40000.0,0,9502.03,4335.92,593.16
188.9333,0,4,21,5,8,7,0,0,8701.85,-456.41,731.93,4860.66,1500.00,240.00,-1,10,0,100,13200.0,40000.0,0,9502.03,4335.92,593.16
188.9333,0,7,21,5,0,7,0,0,9465.01,4340.65,528.77,74.43,1500.00,240.00,-1,10,0,100,40000.0,40000.0,0,9502.03,4335.92,593.16
188.9333,0,14,35,4,8,10,11,19,9999.02,1934.02,872.76,2468.67,1500.00,540.00,-1,10,0,100,40000.0,40000.0,0,9502.03,4335.92,593.16
188.9333,0,16,24,5,0,7,0,0,9029.51,8341.14,488.12,4034.36,1500.00,240.00,-1,10,0,100,40000.0,40000.0,0,9502.03,4335.92,593.16
188.9333,0,17,22,5,0,7,0,0,9029.51,8341.14,488.12,4034.36,1500.00,240.00,-1,10,0,100,40000.0,40000.0,0,9502.03,4335.92,593.16
189.0500,0,2,21,5,0,3,0,24,9029.51,8341.14,488.12,4034.36,1500.00,240.00,-1,10,0,100,0.0,40000.0,0,9502.03,4335.92,593.16
189.0500,0,3,1,0,0,7,0,0,9029.51,8341.14,488.12,4034.36,1500.00,390.00,-1,10,0,100,40000.0,40000.0,0,9502.03,4335.92,593.16
189.0500,0,4,21,5,8,7,0,0,8701.85,-456.41,731.93,4860.66,1500.00,240.00,-1,10,0,100,13200.0,40000.0,0,9502.03,4335.92,593.16
189.0500,0,7,21,5,0,7,0,0,9465.01,4340.65,528.77,74.43,1500.00,240.00,-1,10,0,100,40000.0,40000.0,0,9502.03,4335.92,593.16
189.0500,0,14,35,4,8,10,11,19,9999.02,1934.02,872.76,2468.67,1500.00,540.00,-1,10,0,100,40000.0,40000.0,0,9502.03,4335.92,593.16
189.0500,0,16,24,5,0,7,0,0,9029.51,8341.14,488.12,4034.36,1500.00,240.00,-1,10,0,100,40000.0,40000.0,0,9502.03,4335.92,593.16
189.0500,0,17,22,5,0,7,0,0,9029.51,8341.14,488.12,4034.36,1500.00,240.00,-1,10,0,100,40000.0,40000.0,0,9502.03,4335.92,593.16
189.1833,0,2,21,5,0,3,0,24,9029.51,8341.14,488.12,4034.36,1500.00,240.00,-1,10,0,100,0.0,40000.0,0,9502.03,4335.92,593.16
189.1833,0,3,1,0,0,7,0,0,9029.51,8341.14,488.12,4034.36,1500.00,390.00,-1,10,0,100,40000.0,40000.0,0,9502.03,4335.92,593.16
189.1833,0,4,21,5,8,7,0,0,8701.85,-456.41,731.93,4860.66,1500.00,240.00,-1,10,0,100,13200.0,40000.0,0,9502.03,4335.92,593.16
189.1833,0,7,21,5,0,7,0,0,9465.01,4340.65,528.77,74.43,1500.00,240.00,-1,10,0,100,40000.0,40000.0,0,9502.03,4335.92,593.16
189.1833,0,14,35,4,8,10,11,19,9999.02,1934.02,872.76,2468.67,1500.00,540.00,-1,10,0,100,40000.0,40000.0,0,9502.03,4335.92,593.16
189.1833,0,16,24,5,0,7,0,0,9029.51,8341.14,488.12,4034.36,1500.00,240.00,-1,10,0,100,40000.0,40000.0,0,9502.03,4335.92,593.16
189.1833,0,17,22,5,0,7,0,0,9029.51,8341.14,488.12,4034.36,1500.00,240.00,-1,10,0,100,40000.0,40000.0,0,9502.03,4335.92,593.16
189.3000,0,2,21,5,0,3,0,24,9029.51,8341.14,488.12,4034.36,1500.00,240.00,-1,10,0,100,0.0,40000.0,0,9502.03,4335.92,593.16
189.3000,0,3,1,0,0,7,0,0,9029.51,8341.14,488.12,4034.36,1500.00,390.00,-1,10,0,100,40000.0,40000.0,0,9502.03,4335.92,593.16
189.3000,0,4,21,5,8,7,0,0,8701.85,-456.41,731.93,4860.66,1500.00,240.00,-1,10,0,100,13200.0,40000.0,0,9502.03,4335.92,593.16
189.3000,0,7,21,5,0,7,0,0,9465.01,4340.65,528.77,74.43,1500.00,240.00,-1,10,0,100,40000.0,40000.0,0,9502.03,4335.92,593.16
189.3000,0,14,35,4,8,10,11,19,9999.02,1934.02,872.76,2468.67,1500.00,540.00,-1,10,0,100,40000.0,40000.0,0,9502.03,4335.92,593.16
189.3000,0,16,24,5,0,7,0,0,9029.51,8341.14,488.12,4034.36,1500.00,240.00,-1,10,0,100,40000.0,40000.0,0,9502.03,4335.92,593.16
189.3000,0,17,22,5,0,7,0,0,9029.51,8341.14,488.12,4034.36,1500.00,240.00,-1,10,0,100,40000.0,40000.0,0,9502.03,4335.92,593.16
189.4167,0,2,21,5,0,3,0,24,9029.51,8341.14,488.12,4034.36,1500.00,240.00,-1,10,0,100,0.0,40000.0,0,9502.03,4335.92,593.16
189.4167,0,3,1,0,0,7,0,0,9029.51,8341.14,488.12,4034.36,1500.00,390.00,-1,10,0,100,40000.0,40000.0,0,9502.03,4335.92,593.16
189.4167,0,4,21,5,8,7,0,0,8701.85,-456.41,731.93,4860.66,1500.00,240.00,-1,10,0,100,13200.0,40000.0,0,9502.03,4335.92,593.16
189.4167,0,7,21,5,0,7,0,0,9465.01,4340.65,528.77,74.43,1500.00,240.00,-1,10,0,100,40000.0,40000.0,0,9502.03,4335.92,593.16
189.4167,0,14,35,4,8,10,11,19,9999.02,1934.02,872.76,2468.67,1500.00,540.00,-1,10,0,100,40000.0,40000.0,0,9502.03,4335.92,593.16
189.4167,0,16,24,5,0,7,0,0,9029.51,8341.14,488.12,4034.36,1500.00,240.00,-1,10,0,100,40000.0,40000.0,0,9502.03,4335.92,593.16
189.4167,0,17,22,5,0,7,0,0,9029.51,8341.14,488.12,4034.36,1500.00,240.00,-1,10,0,100,40000.0,40000.0,0,9502.03,4335.92,593.16
189.5500,0,2,21,5,0,3,0,24,9029.51,8341.14,488.12,4034.36,1500.00,240.00,-1,10,0,100,0.0,40000.0,0,9502.03,4335.92,593.16
189.5500,0,3,1,0,0,7,0,0,9029.51,8341.14,488.12,4034.36,1500.00,390.00,-1,10,0,100,40000.0,40000.0,0,9502.03,4335.92,593.16
189.5500,0,4,21,5,8,7,0,0,8701.85,-456.41,731.93,4860.66,1500.00,240.00,-1,10,0,100,13200.0,40000.0,0,9502.03,4335.92,593.16
189.5500,0,7,21,5,0,7,0,0,9465.01,4340.65,528.77,74.43,1500.00,240.00,-1,10,0,100,40000.0,40000.0,0,9502.03,4335.92,593.16
189.5500,0,14,35,4,8,10,11,19,9999.02,1934.02,872.76,2468.67,1500.00,540.00,-1,10,0,100,40000.0,40000.0,0,9502.03,4335.92,593.16
189.5500,0,16,24,5,0,7,0,0,9029.51,8341.14,488.12,4034.36,1500.00,240.00,-1,10,0,100,40000.0,40000.0,0,9502.03,4335.92,593.16
189.5500,0,17,22,5,0,7,0,0,9029.51,8341.14,488.12,4034.36,1500.00,240.00,-1,10,0,100,40000.0,40000.0,0,9502.03,4335.92,593.16
189.6667,0,2,21,5,0,3,0,24,9029.51,8341.14,488.12,4034.36,1500.00,240.00,-1,10,0,100,0.0,40000.0,0,9502.03,4335.92,593.16
189.6667,0,3,1,0,0,7,0,0,9029.51,8341.14,488.12,4034.36,1500.00,390.00,-1,10,0,100,40000.0,40000.0,0,9502.03,4335.92,593.16
189.6667,0,4,21,5,8,7,0,0,8701.85,-456.41,731.93,4860.66,1500.00,240.00,-1,10,0,100,13200.0,40000.0,0,9502.03,4335.92,593.16
189.6667,0,7,21,5,0,7,0,0,9465.01,4340.65,528.77,74.43,1500.00,240.00,-1,10,0,100,40000.0,40000.0,0,9502.03,4335.92,593.16
189.6667,0,14,35,4,8,10,11,19,9999.02,1934.02,872.76,2468.67,1500.00,540.00,-1,10,0,100,40000.0,40000.0,0,9502.03,4335.92,593.16
189.6667,0,16,24,5,0,7,0,0,9029.51,8341.14,488.12,4034.36,1500.00,240.00,-1,10,0,100,40000.0,40000.0,0,9502.03,4335.92,593.16
189.6667,0,17,22,5,0,7,0,0,9029.51,8341.14,488.12,4034.36,1500.00,240.00,-1,10,0,100,40000.0,40000.0,0,9502.03,4335.92,593.16
189.7833,0,2,21,5,0,3,0,24,9029.51,8341.14,488.12,4034.36,1500.00,240.00,-1,10,0,100,0.0,40000.0,0,9502.03,4335.92,593.16
189.7833,0,3,1,0,0,7,0,0,9029.51,8341.14,488.12,4034.36,1500.00,390.00,-1,10,0,100,40000.0,40000.0,0,9502.03,4335.92,593.16
189.7833,0,4,21,5,8,7,0,0,8701.85,-456.41,731.93,4860.66,1500.00,240.00,-1,10,0,100,13200.0,40000.0,0,9502.03,4335.92,593.16
189.7833,0,7,21,5,0,7,0,0,9465.01,4340.65,528.77,74.43,1500.00,240.00,-1,10,0,100,40000.0,40000.0,0,9502.03,4335.92,593.16
189.7833,0,14,35,4,8,10,11,19,9999.02,1934.02,872.76,2468.67,1500.00,540.00,-1,10,0,100,40000.0,40000.0,0,9502.03,4335.92,593.16
189.7833,0,16,24,5,0,7,0,0,9029.51,8341.14,488.12,4034.36,1500.00,240.00,-1,10,0,100,40000.0,40000.0,0,9502.03,4335.92,593.16
189.7833,0,17,22,5,0,7,0,0,9029.51,8341.14,488.12,4034.36,1500.00,240.00,-1,10,0,100,40000.0,40000.0,0,9502.03,4335.92,593.16
189.9000,0,2,21,5,0,3,0,24,9029.51,8341.14,488.12,4033.83,1500.00,240.00,-1,10,0,100,0.0,40000.0,0,9503.15,4336.51,589.83
189.9000,0,3,1,0,0,7,0,0,9029.51,8341.14,488.12,4033.83,1500.00,390.00,-1,10,0,100,40000.0,40000.0,0,9503.15,4336.51,589.83
189.9000,0,4,21,5,8,7,0,0,8701.85,-456.41,731.93,4861.52,1500.00,240.00,-1,10,0,100,13200.0,40000.0,0,9503.15,4336.51,589.83
189.9000,0,7,21,5,0,7,0,0,9465.01,4340.65,528.77,72.11,1500.00,240.00,-1,10,0,100,40000.0,40000.0,0,9503.15,4336.51,589.83
189.9000,0,14,35,4,8,10,11,19,9999.02,1934.02,872.76,2469.39,1500.00,540.00,-1,10,0,100,40000.0,40000.0,0,9503.15,4336.51,589.83
189.9000,0,16,24,5,0,7,0,0,9029.51,8341.14,488.12,4033.83,1500.00,240.00,-1,10,0,100,40000.0,40000.0,0,9503.15,4336.51,589.83
189.9000,0,17,22,5,0,7,0,0,9029.51,8341.14,488.12,4033.83,1500.00,240.00,-1,10,0,100,40000.0,40000.0,0,9503.15,4336.51,589.83
190.0333,0,2,21,5,0,3,0,24,9029.51,8341.14,488.12,4026.72,1500.00,240.00,-1,10,0,100,0.0,40000.0,0,9515.65,4344.86,577.25
190.0333,0,3,1,0,0,7,0,0,9029.51,8341.14,488.12,4026.72,1500.00,390.00,-1,10,0,100,40000.0,40000.0,0,9515.65,4344.86,577.25
190.0333,0,4,21,5,8,7,0,0,8701.85,-456.41,731.93,4872.21,1500.00,240.00,-1,10,0,100,13200.0,40000.0,0,9515.65,4344.86,577.25
190.0333,0,7,21,5,0,7,0,0,9465.01,4340.65,528.77,70.23,1500.00,240.00,-1,10,0,100,40000.0,40000.0,0,9515.65,4344.86,577.25
190.0333,0,14,35,4,8,10,11,19,9999.02,1934.02,872.76,2476.52,1500.00,540.00,-1,10,0,100,40000.0,40000.0,0,9515.65,4344.86,577.25
190.0333,0,16,24,5,0,7,0,0,9029.51,8341.14,488.12,4026.72,1500.00,240.00,-1,10,0,100,40000.0,40000.0,0,9515.65,4344.86,577.25
190.0333,0,17,22,5,0,7,0,0,9029.51,8341.14,488.12,4026.72,1500.00,240.00,-1,10,0,100,40000.0,40000.0,0,9515.65,4344.86,577.25
190.1500,0,2,21,5,0,3,0,24,9029.51,8341.14,488.12,4014.55,1500.00,240.00,-1,10,0,100,0.0,40000.0,0,9525.73,4358.16,567.32
190.1500,0,3,1,0,0,7,0,0,9029.51,8341.14,488.12,4014.55,1500.00,390.00,-1,10,0,100,40000.0,40000.0,0,9525.73,4358.16,567.32
190.1500,0,4,21,5,8,7,0,0,8701.85,-456.41,731.93,4887.33,1500.00,240.00,-1,10,0,100,13200.0,40000.0,0,9525.73,4358.16,567.32
190.1500,0,7,21,5,0,7,0,0,9465.01,4340.65,528.77,74.03,1500.00,240.00,-1,10,0,100,40000.0,40000.0,0,9525.73,4358.16,567.32
190.1500,0,14,35,4,8,10,11,19,9999.02,1934.02,872.76,2488.73,1500.00,540.00,-1,10,0,100,40000.0,40000.0,0,9525.73,4358.16,567.32
190.1500,0,16,24,5,0,7,0,0,9029.51,8341.14,488.12,4014.55,1500.00,240.00,-1,10,0,100,40000.0,40000.0,0,9525.73,4358.16,567.32
190.1500,0,17,22,5,0,7,0,0,9029.51,8341.14,488.12,4014.55,1500.00,240.00,-1,10,0,100,40000.0,40000.0,0,9525.73,4358.16,567.32
190.2833,0,2,21,5,0,3,0,24,9029.51,8341.14,488.12,4011.32,1500.00,240.00,-1,10,0,100,0.0,40000.0,0,9527.03,4361.53,564.56
190.2833,0,3,1,0,0,7,0,0,9029.51,8341.14,488.12,4011.32,1500.00,390.00,-1,10,0,100,40000.0,40000.0,0,9527.03,4361.53,564.56
190.2833,0,4,21,5,8,7,0,0,8701.85,-456.41,731.93,4890.96,1500.00,240.00,-1,10,0,100,13200.0,40000.0,0,9527.03,4361.53,564.56
190.2833,0,7,21,5,0,7,0,0,9465.01,4340.65,528.77,74.59,1500.00,240.00,-1,10,0,100,40000.0,40000.0,0,9527.03,4361.53,564.56
190.2833,0,14,35,4,8,10,11,19,9999.02,1934.02,872.76,2492.10,1500.00,540.00,-1,10,0,100,40000.0,40000.0,0,9527.03,4361.53,564.56
190.2833,0,16,24,5,0,7,0,0,9029.51,8341.14,488.12,4011.32,1500.00,240.00,-1,10,0,100,40000.0,40000.0,0,9527.03,4361.53,564.56
190.2833,0,17,22,5,0,7,0,0,9029.51,8341.14,488.12,4011.32,1500.00,240.00,-1,10,0,100,40000.0,40000.0,0,9527.03,4361.53,564.56
190.4000,0,2,21,5,0,3,0,24,9029.51,8341.14,488.12,4011.32,1500.00,240.00,-1,10,0,100,0.0,40000.0,0,9527.03,4361.53,564.56
190.4000,0,3,1,0,0,7,0,0,9029.51,8341.14,488.12,4011.32,1500.00,390.00,-1,10,0,100,40000.0,40000.0,0,9527.03,4361.53,564.56
190.4000,0,4,21,5,8,7,0,0,8701.85,-456.41,731.93,4890.96,1500.00,240.00,-1,10,0,100,13200.0,40000.0,0,9527.03,4361.53,564.56
190.4000,0,7,21,5,0,7,0,0,9465.01,4340.65,528.77,74.59,1500.00,240.00,-1,10,0,100,40000.0,40000.0,0,9527.03,4361.53,564.56
190.4000,0,14,35,4,8,10,11,19,9999.02,1934.02,872.76,2492.10,1500.00,540.00,-1,10,0,100,40000.0,40000.0,0,9527.03,4361.53,564.56
190.4000,0,16,24,5,0,7,0,0,9029.51,8341.14,488.12,4011.32,1500.00,240.00,-1,10,0,100,40000.0,40000.0,0,9527.03,4361.53,564.56
190.4000,0,17,22,5,0,7,0,0,9029.51,8341.14,488.12,4011.32,1500.00,240.00,-1,10,0,100,40000.0,40000.0,0,9527.03,4361.53,564.56
190.5333,0,2,21,5,0,3,0,24,9029.51,8341.14,488.12,4011.32,1500.00,240.00,-1,10,0,100,0.0,40000.0,0,9527.03,4361.53,564.56
190.5333,0,3,1,0,0,7,0,0,9029.51,8341.14,488.12,4011.32,1500.00,390.00,-1,10,0,100,40000.0,40000.0,0,9527.03,4361.53,564.56
190.5333,0,4,21,5,8,7,0,0,8701.85,-456.41,731.93,4890.96,1500.00,240.00,-1,10,0,100,13200.0,40000.0,0,9527.03,4361.53,564.56
190.5333,0,7,21,5,0,7,0,0,9465.01,4340.65,528.77,74.59,1500.00,240.00,-1,10,0,100,40000.0,40000.0,0,9527.03,4361.53,564.56
190.5333,0,14,35,4,8,10,11,19,9999.02,1934.02,872.76,2492.10,1500.00,540.00,-1,10,0,100,40000.0,40000.0,0,9527.03,4361.53,564.56
190.5333,0,16,24,5,0,7,0,0,9029.51,8341.14,488.12,4011.32,1500.00,240.00,-1,10,0,100,40000.0,40000.0,0,9527.03,4361.53,564.56
190.5333,0,17,22,5,0,7,0,0,9029.51,8341.14,488.12,4011.32,1500.00,240.00,-1,10,0,100,40000.0,40000.0,0,9527.03,4361.53,564.56
190.6500,0,2,21,5,0,3,0,24,9029.51,8341.14,488.12,4011.32,1500.00,240.00,-1,10,0,100,0.0,40000.0,0,9527.03,4361.53,564.56
190.6500,0,3,1,0,0,7,0,0,9029.51,8341.14,488.12,4011.32,1500.00,390.00,-1,10,0,100,40000.0,40000.0,0,9527.03,4361.53,564.56
190.6500,0,4,21,5,8,7,0,0,8701.85,-456.41,731.93,4890.96,1500.00,240.00,-1,10,0,100,13200.0,40000.0,0,9527.03,4361.53,564.56
190.6500,0,7,21,5,0,7,0,0,9465.01,4340.65,528.77,74.59,1500.00,240.00,-1,10,0,100,40000.0,40000.0,0,9527.03,4361.53,564.56
190.6500,0,14,35,4,8,10,11,19,9999.02,1934.02,872.76,2492.10,1500.00,540.00,-1,10,0,100,40000.0,40000.0,0,9527.03,4361.53,564.56
190.6500,0,16,24,5,0,7,0,0,9029.51,8341.14,488.12,4011.32,1500.00,240.00,-1,10,0,100,40000.0,40000.0,0,9527.03,4361.53,564.56
190.6500,0,17,22,5,0,7,0,0,9029.51,8341.14,488.12,4011.32,1500.00,240.00,-1,10,0,100,40000.0,40000.0,0,9527.03,4361.53,564.56
190.7833,0,2,21,5,0,3,0,24,9029.51,8341.14,488.12,4011.32,1500.00,240.00,-1,10,0,100,0.0,40000.0,0,9527.03,4361.53,564.56
190.7833,0,3,1,0,0,7,0,0,9029.51,8341.14,488.12,4011.32,1500.00,390.00,-1,10,0,100,40000.0,40000.0,0,9527.03,4361.53,564.56
190.7833,0,4,21,5,8,7,0,0,8701.85,-456.41,731.93,4890.96,1500.00,240.00,-1,10,0,100,13200.0,40000.0,0,9527.03,4361.53,564.56
190.7833,0,7,21,5,0,7,0,0,9465.01,4340.65,528.77,74.59,1500.00,240.00,-1,10,0,100,40000.0,40000.0,0,9527.03,4361.53,564.56
190.7833,0,14,35,4,8,10,11,19,9999.02,1934.02,872.76,2492.10,1500.00,540.00,-1,10,0,100,40000.0,40000.0,0,9527.03,4361.53,564.56
190.7833,0,16,24,5,0,7,0,0,9029.51,8341.14,488.12,4011.32,1500.00,240.00,-1,10,0,100,40000.0,40000.0,0,9527.03,4361.53,564.56
190.7833,0,17,22,5,0,7,0,0,9029.51,8341.14,488.12,4011.32,1500.00,240.00,-1,10,0,100,40000.0,40000.0,0,9527.03,4361.53,564.56
190.9000,0,2,21,5,0,3,0,24,9029.51,8341.14,488.12,4011.32,1500.00,240.00,-1,10,0,100,0.0,40000.0,0,9527.03,4361.53,564.56
190.9000,0,3,1,0,0,7,0,0,9029.51,8341.14,488.12,4011.32,1500.00,390.00,-1,10,0,100,40000.0,40000.0,0,9527.03,4361.53,564.56
190.9000,0,4,21,5,8,7,0,0,8701.85,-456.41,731.93,4890.96,1500.00,240.00,-1,10,0,100,13200.0,40000.0,0,9527.03,4361.53,564.56
190.9000,0,7,21,5,0,7,0,0,9465.01,4340.65,528.77,74.59,1500.00,240.00,-1,10,0,100,40000.0,40000.0,0,9527.03,4361.53,564.56
190.9000,0,14,35,4,8,10,11,19,9999.02,1934.02,872.76,2492.10,1500.00,540.00,-1,10,0,100,40000.0,40000.0,0,9527.03,4361.53,564.56
190.9000,0,16,24,5,0,7,0,0,9029.51,8341.14,488.12,4011.32,1500.00,240.00,-1,10,0,100,40000.0,40000.0,0,9527.03,4361.53,564.56
190.9000,0,17,22,5,0,7,0,0,9029.51,8341.14,488.12,4011.32,1500.00,240.00,-1,10,0,100,40000.0,40000.0,0,9527.03,4361.53,564.56
191.0333,0,2,21,5,0,3,0,24,9029.51,8341.14,488.12,4011.32,1500.00,240.00,-1,10,0,100,0.0,40000.0,0,9527.03,4361.53,564.56
191.0333,0,3,1,0,0,7,0,0,9029.51,8341.14,488.12,4011.32,1500.00,390.00,-1,10,0,100,40000.0,40000.0,0,9527.03,4361.53,564.56
191.0333,0,4,21,5,8,7,0,0,8701.85,-456.41,731.93,4890.96,1500.00,240.00,-1,10,0,100,13200.0,40000.0,0,9527.03,4361.53,564.56
191.0333,0,7,21,5,0,7,0,0,9465.01,4340.65,528.77,74.59,1500.00,240.00,-1,10,0,100,40000.0,40000.0,0,9527.03,4361.53,564.56
191.0333,0,14,35,4,8,10,11,19,9999.02,1934.02,872.76,2492.10,1500.00,540.00,-1,10,0,100,40000.0,40000.0,0,9527.03,4361.53,564.56
191.0333,0,16,24,5,0,7,0,0,9029.51,8341.14,488.12,4011.32,1500.00,240.00,-1,10,0,100,40000.0,40000.0,0,9527.03,4361.53,564.56
191.0333,0,17,22,5,0,7,0,0,9029.51,8341.14,488.12,4011.32,1500.00,240.00,-1,10,0,100,40000.0,40000.0,0,9527.03,4361.53,564.56
191.1500,0,2,21,5,0,3,0,24,9029.51,8341.14,488.12,4011.32,1500.00,240.00,-1,10,0,100,0.0,40000.0,0,9527.03,4361.53,564.56
191.1500,0,3,1,0,0,7,0,0,9029.51,8341.14,488.12,4011.32,1500.00,390.00,-1,10,0,100,40000.0,40000.0,0,9527.03,4361.53,564.56
191.1500,0,4,21,5,8,7,0,0,8701.85,-456.41,731.93,4890.96,1500.00,240.00,-1,10,0,100,13200.0,40000.0,0,9527.03,4361.53,564.56
191.1500,0,7,21,5,0,7,0,0,9465.01,4340.65,528.77,74.59,1500.00,240.00,-1,10,0,100,40000.0,40000.0,0,9527.03,4361.53,564.56
191.1500,0,14,35,4,8,10,11,19,9999.02,1934.02,872.76,2492.10,1500.00,540.00,-1,10,0,100,40000.0,40000.0,0,9527.03,4361.53,564.56
191.1500,0,16,24,5,0,7,0,0,9029.51,8341.14,488.12,4011.32,1500.00,240.00,-1,10,0,100,40000.0,40000.0,0,9527.03,4361.53,564.56
191.1500,0,17,22,5,0,7,0,0,9029.51,8341.14,488.12,4011.32,1500.00,240.00,-1,10,0,100,40000.0,40000.0,0,9527.03,4361.53,564.56
191.2833,0,2,21,5,0,3,0,24,9029.51,8341.14,488.12,4011.32,1500.00,240.00,-1,10,0,100,0.0,40000.0,0,9527.03,4361.53,564.56
191.2833,0,3,1,0,0,7,0,0,9029.51,8341.14,488.12,4011.32,1500.00,390.00,-1,10,0,100,40000.0,40000.0,0,9527.03,4361.53,564.56
191.2833,0,4,21,5,8,7,0,0,8701.85,-456.41,731.93,4890.96,1500.00,240.00,-1,10,0,100,13200.0,40000.0,0,9527.03,4361.53,564.56
191.2833,0,7,21,5,0,7,0,0,9465.01,4340.65,528.77,74.59,1500.00,240.00,-1,10,0,100,40000.0,40000.0,0,9527.03,4361.53,564.56
191.2833,0,14,35,4,8,10,11,19,9999.02,1934.02,872.76,2492.10,1500.00,540.00,-1,10,0,100,40000.0,40000.0,0,9527.03,4361.53,564.56
191.2833,0,16,24,5,0,7,0,0,9029.51,8341.14,488.12,4011.32,1500.00,240.00,-1,10,0,100,40000.0,40000.0,0,9527.03,4361.53,564.56
191.2833,0,17,22,5,0,7,0,0,9029.51,8341.14,488.12,4011.32,1500.00,240.00,-1,10,0,100,40000.0,40000.0,0,9527.03,4361.53,564.56
191.4000,0,2,21,5,0,3,0,24,9029.51,8341.14,488.12,4011.32,1500.00,240.00,-1,10,0,100,0.0,40000.0,0,9527.03,4361.53,564.56
191.4000,0,3,1,0,0,7,0,0,9029.51,8341.14,488.12,4011.32,1500.00,390.00,-1,10,0,100,40000.0,40000.0,0,9527.03,4361.53,564.56
191.4000,0,4,21,5,8,7,0,0,8701.85,-456.41,731.93,4890.96,1500.00,240.00,-1,10,0,100,13200.0,40000.0,0,9527.03,4361.53,564.56
191.4000,0,7,21,5,0,7,0,0,9465.01,4340.65,528.77,74.59,1500.00,240.00,-1,10,0,100,40000.0,40000.0,0,9527.03,4361.53,564.56
191.4000,0,14,35,4,8,10,11,19,9999.02,1934.02,872.76,2492.10,1500.00,540.00,-1,10,0,100,40000.0,40000.0,0,9527.03,4361.53,564.56
191.4000,0,16,24,5,0,7,0,0,9029.51,8341.14,488.12,4011.32,1500.00,240.00,-1,10,0,100,40000.0,40000.0,0,9527.03,4361.53,564.56
191.4000,0,17,22,5,0,7,0,0,9029.51,8341.14,488.12,4011.32,1500.00,240.00,-1,10,0,100,40000.0,40000.0,0,9527.03,4361.53,564.56
191.5333,0,2,21,5,0,3,0,24,9029.51,8341.14,488.12,4010.87,1500.00,240.00,-1,10,0,100,0.0,40000.0,0,9527.21,4361.99,564.14
191.5333,0,3,1,0,0,7,0,0,9029.51,8341.14,488.12,4010.87,1500.00,390.00,-1,10,0,100,40000.0,40000.0,0,9527.21,4361.99,564.14
191.5333,0,4,21,5,8,7,0,0,8701.85,-456.41,731.93,4891.47,1500.00,240.00,-1,10,0,100,13200.0,40000.0,0,9527.21,4361.99,564.14
191.5333,0,7,21,5,0,7,0,0,9465.01,4340.65,528.77,74.67,1500.00,240.00,-1,10,0,100,40000.0,40000.0,0,9527.21,4361.99,564.14
191.5333,0,14,35,4,8,10,11,19,9999.02,1934.02,872.76,2492.57,1500.00,540.00,-1,10,0,100,40000.0,40000.0,0,9527.21,4361.99,564.14
191.5333,0,16,24,5,0,7,0,0,9029.51,8341.14,488.12,4010.87,1500.00,240.00,-1,10,0,100,40000.0,40000.0,0,9527.21,4361.99,564.14
191.5333,0,17,22,5,0,7,0,0,9029.51,8341.14,488.12,4010.87,1500.00,240.00,-1,10,0,100,40000.0,40000.0,0,9527.21,4361.99,564.14
191.6500,0,2,21,5,0,3,0,24,9029.51,8341.14,488.12,4001.34,1500.00,240.00,-1,10,0,100,0.0,40000.0,0,9536.29,4372.58,554.89
191.6500,0,3,1,0,0,7,0,0,9029.51,8341.14,488.12,4001.34,1500.00,390.00,-1,10,0,100,40000.0,40000.0,0,9536.29,4372.58,554.89
191.6500,0,4,21,5,8,7,0,0,8701.85,-456.41,731.93,4903.76,1500.00,240.00,-1,10,0,100,13200.0,40000.0,0,9536.29,4372.58,554.89
191.6500,0,7,21,5,0,7,0,0,9465.01,4340.65,528.77,82.35,1500.00,240.00,-1,10,0,100,40000.0,40000.0,0,9536.29,4372.58,554.89
191.6500,0,14,35,4,8,10,11,19,9999.02,1934.02,872.76,2502.35,1500.00,540.00,-1,10,0,100,40000.0,40000.0,0,9536.29,4372.58,554.89
191.6500,0,16,24,5,0,7,0,0,9029.51,8341.14,488.12,4001.34,1500.00,240.00,-1,10,0,100,40000.0,40000.0,0,9536.29,4372.58,554.89
191.6500,0,17,22,5,0,7,0,0,9029.51,8341.14,488.12,4001.34,1500.00,240.00,-1,10,0,100,40000.0,40000.0,0,9536.29,4372.58,554.89
191.7833,0,2,21,5,0,3,0,24,9029.51,8341.14,488.12,3990.47,1500.00,240.00,-1,10,0,100,0.0,40000.0,0,9549.57,4385.24,553.25
191.7833,0,3,1,0,0,7,0,0,9029.51,8341.14,488.12,3990.47,1500.00,390.00,-1,10,0,100,40000.0,40000.0,0,9549.57,4385.24,553.25
191.7833,0,4,21,5,8,7,0,0,8701.85,-456.41,731.93,4918.55,1500.00,240.00,-1,10,0,100,13200.0,40000.0,0,9549.57,4385.24,553.25
191.7833,0,7,21,5,0,7,0,0,9465.01,4340.65,528.77,98.68,1500.00,240.00,-1,10,0,100,40000.0,40000.0,0,9549.57,4385.24,553.25
191.7833,0,14,35,4,8,10,11,19,9999.02,1934.02,872.76,2512.48,1500.00,540.00,-1,10,0,100,40000.0,40000.0,0,9549.57,4385.24,553.25
191.7833,0,16,24,5,0,7,0,0,9029.51,8341.14,488.12,3990.47,1500.00,240.00,-1,10,0,100,40000.0,40000.0,0,9549.57,4385.24,553.25
191.7833,0,17,22,5,0,7,0,0,9029.51,8341.14,488.12,3990.47,1500.00,240.00,-1,10,0,100,40000.0,40000.0,0,9549.57,4385.24,553.25
191.9000,0,2,21,5,0,3,0,24,9029.51,8341.14,488.12,3990.47,1500.00,240.00,-1,10,0,100,0.0,40000.0,0,9549.57,4385.24,553.25
191.9000,0,3,1,0,0,7,0,0,9029.51,8341.14,488.12,3990.47,1500.00,390.00,-1,10,0,100,40000.0,40000.0,0,9549.57,4385.24,553.25
191.9000,0,4,21,5,8,7,0,0,8701.85,-456.41,731.93,4918.55,1500.00,240.00,-1,10,0,100,13200.0,40000.0,0,9549.57,4385.24,553.25
191.9000,0,7,21,5,0,7,0,0,9465.01,4340.65,528.77,98.68,1500.00,240.00,-1,10,0,100,40000.0,40000.0,0,9549.57,4385.24,553.25
191.9000,0,14,35,4,8,10,11,19,9999.02,1934.02,872.76,2512.48,1500.00,540.00,-1,10,0,100,40000.0,40000.0,0,9549.57,4385.24,553.25
191.9000,0,16,24,5,0,7,0,0,9029.51,8341.14,488.12,3990.47,1500.00,240.00,-1,10,0,100,40000.0,40000.0,0,9549.57,4385.24,553.25
191.9000,0,17,22,5,0,7,0,0,9029.51,8341.14,488.12,3990.47,1500.00,240.00,-1,10,0,100,40000.0,40000.0,0,9549.57,4385.24,553.25
192.0333,0,2,21,5,0,3,0,24,9029.51,8341.14,488.12,3990.47,1500.00,240.00,-1,10,0,100,0.0,40000.0,0,9549.57,4385.24,553.25
192.0333,0,3,1,0,0,7,0,0,9029.51,8341.14,488.12,3990.47,1500.00,390.00,-1,10,0,100,40000.0,40000.0,0,9549.57,4385.24,553.25
192.0333,0,4,21,5,8,7,0,0,8701.85,-456.41,731.93,4918.55,1500.00,240.00,-1,10,0,100,13200.0,40000.0,0,9549.57,4385.24,553.25
192.0333,0,7,21,5,0,7,0,0,9465.01,4340.65,528.77,98.68,1500.00,240.00,-1,10,0,100,40000.0,40000.0,0,9549.57,4385.24,553.25
192.0333,0,14,35,4,8,10,11,19,9999.02,1934.02,872.76,2512.48,1500.00,540.00,-1,10,0,100,40000.0,40000.0,0,9549.57,4385.24,553.25
192.0333,0,16,24,5,0,7,0,0,9029.51,8341.14,488.12,3990.47,1500.00,240.00,-1,10,0,100,40000.0,40000.0,0,9549.57,4385.24,553.25
192.0333,0,17,22,5,0,7,0,0,9029.51,8341.14,488.12,3990.47,1500.00,240.00,-1,10,0,100,40000.0,40000.0,0,9549.57,4385.24,553.25
192.1500,0,2,21,5,0,3,0,24,9029.51,8341.14,488.12,3990.47,1500.00,240.00,-1,10,0,100,0.0,40000.0,0,9549.57,4385.24,553.25
192.1500,0,3,1,0,0,7,0,0,9029.51,8341.14,488.12,3990.47,1500.00,390.00,-1,10,0,100,40000.0,40000.0,0,9549.57,4385.24,553.25
192.1500,0,4,21,5,8,7,0,0,8701.85,-456.41,731.93,4918.55,1500.00,240.00,-1,10,0,100,13200.0,40000.0,0,9549.57,4385.24,553.25
192.1500,0,7,21,5,0,7,0,0,9465.01,4340.65,528.77,98.68,1500.00,240.00,-1,10,0,100,40000.0,40000.0,0,9549.57,4385.24,553.25
192.1500,0,14,35,4,8,10,11,19,9999.02,1934.02,872.76,2512.48,1500.00,540.00,-1,10,0,100,40000.0,40000.0,0,9549.57,4385.24,553.25
192.1500,0,16,24,5,0,7,0,0,9029.51,8341.14,488.12,3990.47,1500.00,240.00,-1,10,0,100,40000.0,40000.0,0,9549.57,4385.24,553.25
192.1500,0,17,22,5,0,7,0,0,9029.51,8341.14,488.12,3990.47,1500.00,240.00,-1,10,0,100,40000.0,40000.0,0,9549.57,4385.24,553.25
192.2833,0,2,21,5,0,3,0,24,9029.51,8341.14,488.12,3989.92,1500.00,240.00,-1,10,0,100,0.0,40000.0,0,9549.57,4385.80,553.23
192.2833,0,3,1,0,0,7,0,0,9029.51,8341.14,488.12,3989.92,1500.00,390.00,-1,10,0,100,40000.0,40000.0,0,9549.57,4385.80,553.23
192.2833,0,4,21,5,8,7,0,0,8701.85,-456.41,731.93,4919.10,1500.00,240.00,-1,10,0,100,13200.0,40000.0,0,9549.57,4385.80,553.23
192.2833,0,7,21,5,0,7,0,0,9465.01,4340.65,528.77,98.93,1500.00,240.00,-1,10,0,100,40000.0,40000.0,0,9549.57,4385.80,553.23
192.2833,0,14,35,4,8,10,11,19,9999.02,1934.02,872.76,2513.03,1500.00,540.00,-1,10,0,100,40000.0,40000.0,0,9549.57,4385.80,553.23
192.2833,0,16,24,5,0,7,0,0,9029.51,8341.14,488.12,3989.92,1500.00,240.00,-1,10,0,100,40000.0,40000.0,0,9549.57,4385.80,553.23
192.2833,0,17,22,5,0,7,0,0,9029.51,8341.14,488.12,3989.92,1500.00,240.00,-1,10,0,100,40000.0,40000.0,0,9549.57,4385.80,553.23
192.4000,0,2,21,5,0,3,0,24,9029.51,8341.14,488.12,3978.77,1500.00,240.00,-1,10,0,100,0.0,40000.0,0,9553.41,4397.54,552.84
192.4000,0,3,1,0,0,7,0,0,9029.51,8341.14,488.12,3978.77,1500.00,390.00,-1,10,0,100,40000.0,40000.0,0,9553.41,4397.54,552.84
192.4000,0,4,21,5,8,7,0,0,8701.85,-456.41,731.93,4931.34,1500.00,240.00,-1,10,0,100,13200.0,40000.0,0,9553.41,4397.54,552.84
192.4000,0,7,21,5,0,7,0,0,9465.01,4340.65,528.77,107.85,1500.00,240.00,-1,10,0,100,40000.0,40000.0,0,9553.41,4397.54,552.84
192.4000,0,14,35,4,8,10,11,19,9999.02,1934.02,872.76,2523.86,1500.00,540.00,-1,10,0,100,40000.0,40000.0,0,9553.41,4397.54,552.84
192.4000,0,16,24,5,0,7,0,0,9029.51,8341.14,488.12,3978.77,1500.00,240.00,-1,10,0,100,40000.0,40000.0,0,9553.41,4397.54,552.84
192.4000,0,17,22,5,0,7,0,0,9029.51,8341.14,488.12,3978.77,1500.00,240.00,-1,10,0,100,40000.0,40000.0,0,9553.41,4397.54,552.84
192.5333,0,2,21,5,0,3,0,24,9029.51,8341.14,488.12,3965.94,1500.00,240.00,-1,10,0,100,0.0,40000.0,0,9551.60,4410.24,552.59
192.5333,0,3,1,0,0,7,0,0,9029.51,8341.14,488.12,3965.94,1500.00,390.00,-1,10,0,100,40000.0,40000.0,0,9551.60,4410.24,552.59
192.5333,0,4,21,5,8,7,0,0,8701.85,-456.41,731.93,4943.54,1500.00,240.00,-1,10,0,100,13200.0,40000.0,0,9551.60,4410.24,552.59
192.5333,0,7,21,5,0,7,0,0,9465.01,4340.65,528.77,113.62,1500.00,240.00,-1,10,0,100,40000.0,40000.0,0,9551.60,4410.24,552.59
192.5333,0,14,35,4,8,10,11,19,9999.02,1934.02,872.76,2536.60,1500.00,540.00,-1,10,0,100,40000.0,40000.0,0,9551.60,4410.24,552.59
192.5333,0,16,24,5,0,7,0,0,9029.51,8341.14,488.12,3965.94,1500.00,240.00,-1,10,0,100,40000.0,40000.0,0,9551.60,4410.24,552.59
192.5333,0,17,22,5,0,7,0,0,9029.51,8341.14,488.12,3965.94,1500.00,240.00,-1,10,0,100,40000.0,40000.0,0,9551.60,4410.24,552.59
192.6500,0,2,21,5,0,3,0,24,9029.51,8341.14,488.12,3965.94,1500.00,240.00,-1,10,0,100,0.0,40000.0,0,9551.60,4410.24,552.59
192.6500,0,3,1,0,0,7,0,0,9029.51,8341.14,488.12,3965.94,1500.00,390.00,-1,10,0,100,40000.0,40000.0,0,9551.60,4410.24,552.59
192.6500,0,4,21,5,8,7,0,0,8701.85,-456.41,731.93,4943.54,1500.00,240.00,-1,10,0,100,13200.0,40000.0,0,9551.60,4410.24,552.59
192.6500,0,7,21,5,0,7,0,0,9465.01,4340.65,528.77,113.62,1500.00,240.00,-1,10,0,100,40000.0,40000.0,0,9551.60,4410.24,552.59
192.6500,0,14,35,4,8,10,11,19,9999.02,1934.02,872.76,2536.60,1500.00,540.00,-1,10,0,100,40000.0,40000.0,0,9551.60,4410.24,552.59
192.6500,0,16,24,5,0,7,0,0,9029.51,8341.14,488.12,3965.94,1500.00,240.00,-1,10,0,100,40000.0,40000.0,0,9551.60,4410.24,552.59
192.6500,0,17,22,5,0,7,0,0,9029.51,8341.14,488.12,3965.94,1500.00,240.00,-1,10,0,100,40000.0,40000.0,0,9551.60,4410.24,552.59
192.7833,0,2,21,5,0,3,0,24,9029.51,8341.14,488.12,3965.94,1500.00,240.00,-1,10,0,100,0.0,40000.0,0,9551.60,4410.24,552.59
192.7833,0,3,1,0,0,7,0,0,9029.51,8341.14,488.12,3965.94,1500.00,390.00,-1,10,0,100,40000.0,40000.0,0,9551.60,4410.24,552.59
192.7833,0,4,21,5,8,7,0,0,8701.85,-456.41,731.93,4943.54,1500.00,240.00,-1,10,0,100,13200.0,40000.0,0,9551.60,4410.24,552.59
192.7833,0,7,21,5,0,7,0,0,9465.01,4340.65,528.77,113.62,1500.00,240.00,-1,10,0,100,40000.0,40000.0,0,9551.60,4410.24,552.59
192.7833,0,14,35,4,8,10,11,19,9999.02,1934.02,872.76,2536.60,1500.00,540.00,-1,10,0,100,40000.0,40000.0,0,9551.60,4410.24,552.59
192.7833,0,16,24,5,0,7,0,0,9029.51,8341.14,488.12,3965.94,1500.00,240.00,-1,10,0,100,40000.0,40000.0,0,9551.60,4410.24,552.59
192.7833,0,17,22,5,0,7,0,0,9029.51,8341.14,488.12,3965.94,1500.00,240.00,-1,10,0,100,40000.0,40000.0,0,9551.60,4410.24,552.59
192.9000,0,2,21,5,0,3,0,24,9029.51,8341.14,488.12,3965.94,1500.00,240.00,-1,10,0,100,0.0,40000.0,0,9551.60,4410.24,552.59
192.9000,0,3,1,0,0,7,0,0,9029.51,8341.14,488.12,3965.94,1500.00,390.00,-1,10,0,100,40000.0,40000.0,0,9551.60,4410.24,552.59
192.9000,0,4,21,5,8,7,0,0,8701.85,-456.41,731.93,4943.54,1500.00,240.00,-1,10,0,100,13200.0,40000.0,0,9551.60,4410.24,552.59
192.9000,0,7,21,5,0,7,0,0,9465.01,4340.65,528.77,113.62,1500.00,240.00,-1,10,0,100,40000.0,40000.0,0,9551.60,4410.24,552.59
192.9000,0,14,35,4,8,10,11,19,9999.02,1934.02,872.76,2536.60,1500.00,540.00,-1,10,0,100,40000.0,40000.0,0,9551.60,4410.24,552.59
192.9000,0,16,24,5,0,7,0,0,9029.51,8341.14,488.12,3965.94,1500.00,240.00,-1,10,0,100,40000.0,40000.0,0,9551.60,4410.24,552.59
192.9000,0,17,22,5,0,7,0,0,9029.51,8341.14,488.12,3965.94,1500.00,240.00,-1,10,0,100,40000.0,40000.0,0,9551.60,4410.24,552.59
193.0333,0,2,21,5,0,3,0,24,9029.51,8341.14,488.12,3965.94,1500.00,240.00,-1,10,0,100,0.0,40000.0,0,9551.60,4410.24,552.59
193.0333,0,3,1,0,0,7,0,0,9029.51,8341.14,488.12,3965.94,1500.00,390.00,-1,10,0,100,40000.0,40000.0,0,9551.60,4410.24,552.59
193.0333,0,4,21,5,8,7,0,0,8701.85,-456.41,731.93,4943.54,1500.00,240.00,-1,10,0,100,13200.0,40000.0,0,9551.60,4410.24,552.59
193.0333,0,7,21,5,0,7,0,0,9465.01,4340.65,528.77,113.62,1500.00,240.00,-1,10,0,100,40000.0,40000.0,0,9551.60,4410.24,552.59
193.0333,0,14,35,4,8,10,11,19,9999.02,1934.02,872.76,2536.60,1500.00,540.00,-1,10,0,100,40000.0,40000.0,0,9551.60,4410.24,552.59
193.0333,0,16,24,5,0,7,0,0,9029.51,8341.14,488.12,3965.94,1500.00,240.00,-1,10,0,100,40000.0,40000.0,0,9551.60,4410.24,552.59
193.0333,0,17,22,5,0,7,0,0,9029.51,8341.14,488.12,3965.94,1500.00,240.00,-1,10,0,100,40000.0,40000.0,0,9551.60,4410.24,552.59
193.1500,0,2,21,5,0,3,0,24,9029.51,8341.14,488.12,3965.94,1500.00,240.00,-1,10,0,100,0.0,40000.0,0,9551.60,4410.24,552.59
193.1500,0,3,1,0,0,7,0,0,9029.51,8341.14,488.12,3965.94,1500.00,390.00,-1,10,0,100,40000.0,40000.0,0,9551.60,4410.24,552.59
193.1500,0,4,21,5,8,7,0,0,8701.85,-456.41,731.93,4943.54,1500.00,240.00,-1,10,0,100,13200.0,40000.0,0,9551.60,4410.24,552.59
193.1500,0,7,21,5,0,7,0,0,9465.01,4340.65,528.77,113.62,1500.00,240.00,-1,10,0,100,40000.0,40000.0,0,9551.60,4410.24,552.59
193.1500,0,14,35,4,8,10,11,19,9999.02,1934.02,872.76,2536.60,1500.00,540.00,-1,10,0,100,40000.0,40000.0,0,9551.60,4410.24,552.59
193.1500,0,16,24,5,0,7,0,0,9029.51,8341.14,488.12,3965.94,1500.00,240.00,-1,10,0,100,40000.0,40000.0,0,9551.60,4410.24,552.59
193.1500,0,17,22,5,0,7,0,0,9029.51,8341.14,488.12,3965.94,1500.00,240.00,-1,10,0,100,40000.0,40000.0,0,9551.60,4410.24,552.59
193.2833,0,2,21,5,0,3,0,24,9029.51,8341.14,488.12,3965.94,1500.00,240.00,-1,10,0,100,0.0,40000.0,0,9551.60,4410.24,552.59
193.2833,0,3,1,0,0,7,0,0,9029.51,8341.14,488.12,3965.94,1500.00,390.00,-1,10,0,100,40000.0,40000.0,0,9551.60,4410.24,552.59
193.2833,0,4,21,5,8,7,0,0,8701.85,-456.41,731.93,4943.54,1500.00,240.00,-1,10,0,100,13200.0,40000.0,0,9551.60,4410.24,552.59
193.2833,0,7,21,5,0,7,0,0,9465.01,4340.65,528.77,113.62,1500.00,240.00,-1,10,0,100,40000.0,40000.0,0,9551.60,4410.24,552.59
193.2833,0,14,35,4,8,10,11,19,9999.02,1934.02,872.76,2536.60,1500.00,540.00,-1,10,0,100,40000.0,40000.0,0,9551.60,4410.24,552.59
193.2833,0,16,24,5,0,7,0,0,9029.51,8341.14,488.12,3965.94,1500.00,240.00,-1,10,0,100,40000.0,40000.0,0,9551.60,4410.24,552.59
193.2833,0,17,22,5,0,7,0,0,9029.51,8341.14,488.12,3965.94,1500.00,240.00,-1,10,0,100,40000.0,40000.0,0,9551.60,4410.24,552.59
193.4000,0,2,21,5,0,3,0,24,9029.51,8341.14,488.12,3965.94,1500.00,240.00,-1,10,0,100,0.0,40000.0,0,9551.60,4410.24,552.59
193.4000,0,3,1,0,0,7,0,0,9029.51,8341.14,488.12,3965.94,1500.00,390.00,-1,10,0,100,40000.0,40000.0,0,9551.60,4410.24,552.59
193.4000,0,4,21,5,8,7,0,0,8701.85,-456.41,731.93,4943.54,1500.00,240.00,-1,10,0,100,13200.0,40000.0,0,9551.60,4410.24,552.59
193.4000,0,7,21,5,0,7,0,0,9465.01,4340.65,528.77,113.62,1500.00,240.00,-1,10,0,100,40000.0,40000.0,0,9551.60,4410.24,552.59
193.4000,0,14,35,4,8,10,11,19,9999.02,1934.02,872.76,2536.60,1500.00,540.00,-1,10,0,100,40000.0,40000.0,0,9551.60,4410.24,552.59
193.4000,0,16,24,5,0,7,0,0,9029.51,8341.14,488.12,3965.94,1500.00,240.00,-1,10,0,100,40000.0,40000.0,0,9551.60,4410.24,552.59
193.4000,0,17,22,5,0,7,0,0,9029.51,8341.14,488.12,3965.94,1500.00,240.00,-1,10,0,100,40000.0,40000.0,0,9551.60,4410.24,552.59
193.5167,0,2,21,5,0,3,0,24,9029.51,8341.14,488.12,3965.94,1500.00,240.00,-1,10,0,100,0.0,40000.0,0,9551.60,4410.24,552.59
193.5167,0,3,1,0,0,7,0,0,9029.51,8341.14,488.12,3965.94,1500.00,390.00,-1,10,0,100,40000.0,40000.0,0,9551.60,4410.24,552.59
193.5167,0,4,21,5,8,7,0,0,8701.85,-456.41,731.93,4943.54,1500.00,240.00,-1,10,0,100,13200.0,40000.0,0,9551.60,4410.24,552.59
193.5167,0,7,21,5,0,7,0,0,9465.01,4340.65,528.77,113.62,1500.00,240.00,-1,10,0,100,40000.0,40000.0,0,9551.60,4410.24,552.59
193.5167,0,14,35,4,8,10,11,19,9999.02,1934.02,872.76,2536.60,1500.00,540.00,-1,10,0,100,40000.0,40000.0,0,9551.60,4410.24,552.59
193.5167,0,16,24,5,0,7,0,0,9029.51,8341.14,488.12,3965.94,1500.00,240.00,-1,10,0,100,40000.0,40000.0,0,9551.60,4410.24,552.59
193.5167,0,17,22,5,0,7,0,0,9029.51,8341.14,488.12,3965.94,1500.00,240.00,-1,10,0,100,40000.0,40000.0,0,9551.60,4410.24,552.59
193.6500,0,2,21,5,0,3,0,24,9029.51,8341.14,488.12,3965.94,1500.00,240.00,-1,10,0,100,0.0,40000.0,0,9551.60,4410.24,552.59
193.6500,0,3,1,0,0,7,0,0,9029.51,8341.14,488.12,3965.94,1500.00,390.00,-1,10,0,100,40000.0,40000.0,0,9551.60,4410.24,552.59
193.6500,0,4,21,5,8,7,0,0,8701.85,-456.41,731.93,4943.54,1500.00,240.00,-1,10,0,100,13200.0,40000.0,0,9551.60,4410.24,552.59
193.6500,0,7,21,5,0,7,0,0,9465.01,4340.65,528.77,113.62,1500.00,240.00,-1,10,0,100,40000.0,40000.0,0,9551.60,4410.24,552.59
193.6500,0,14,35,4,8,10,11,19,9999.02,1934.02,872.76,2536.60,1500.00,540.00,-1,10,0,100,40000.0,40000.0,0,9551.60,4410.24,552.59
193.6500,0,16,24,5,0,7,0,0,9029.51,8341.14,488.12,3965.94,1500.00,240.00,-1,10,0,100,40000.0,40000.0,0,9551.60,4410.24,552.59
193.6500,0,17,22,5,0,7,0,0,9029.51,8341.14,488.12,3965.94,1500.00,240.00,-1,10,0,100,40000.0,40000.0,0,9551.60,4410.24,552.59
193.7667,0,2,21,5,0,3,0,24,9029.51,8341.14,488.12,3965.94,1500.00,240.00,-1,10,0,100,0.0,40000.0,0,9551.60,4410.24,552.59
193.7667,0,3,1,0,0,7,0,0,9029.51,8341.14,488.12,3965.94,1500.00,390.00,-1,10,0,100,40000.0,40000.0,0,9551.60,4410.24,552.59
193.7667,0,4,21,5,8,7,0,0,8701.85,-456.41,731.93,4943.54,1500.00,240.00,-1,10,0,100,13200.0,40000.0,0,9551.60,4410.24,552.59
193.7667,0,7,21,5,0,7,0,0,9465.01,4340.65,528.77,113.62,1500.00,240.00,-1,10,0,100,40000.0,40000.0,0,9551.60,4410.24,552.59
193.7667,0,14,35,4,8,10,11,19,9999.02,1934.02,872.76,2536.60,1500.00,540.00,-1,10,0,100,40000.0,40000.0,0,9551.60,4410.24,552.59
193.7667,0,16,24,5,0,7,0,0,9029.51,8341.14,488.12,3965.94,1500.00,240.00,-1,10,0,100,40000.0,40000.0,0,9551.60,4410.24,552.59
193.7667,0,17,22,5,0,7,0,0,9029.51,8341.14,488.12,3965.94,1500.00,240.00,-1,10,0,100,40000.0,40000.0,0,9551.60,4410.24,552.59
193.9000,0,2,21,5,0,3,0,24,9029.51,8341.14,488.12,3965.94,1500.00,240.00,-1,10,0,100,0.0,40000.0,0,9551.60,4410.24,552.59
193.9000,0,3,1,0,0,7,0,0,9029.51,8341.14,488.12,3965.94,1500.00,390.00,-1,10,0,100,40000.0,40000.0,0,9551.60,4410.24,552.59
193.9000,0,4,21,5,8,7,0,0,8701.85,-456.41,731.93,4943.54,1500.00,240.00,-1,10,0,100,13200.0,40000.0,0,9551.60,4410.24,552.59
193.9000,0,7,21,5,0,7,0,0,9465.01,4340.65,528.77,113.62,1500.00,240.00,-1,10,0,100,40000.0,40000.0,0,9551.60,4410.24,552.59
193.9000,0,14,35,4,8,10,11,19,9999.02,1934.02,872.76,2536.60,1500.00,540.00,-1,10,0,100,40000.0,40000.0,0,9551.60,4410.24,552.59
193.9000,0,16,24,5,0,7,0,0,9029.51,8341.14,488.12,3965.94,1500.00,240.00,-1,10,0,100,40000.0,40000.0,0,9551.60,4410.24,552.59
193.9000,0,17,22,5,0,7,0,0,9029.51,8341.14,488.12,3965.94,1500.00,240.00,-1,10,0,100,40000.0,40000.0,0,9551.60,4410.24,552.59
194.0167,0,2,21,5,0,3,0,24,9029.51,8341.14,488.12,3965.94,1500.00,240.00,-1,10,0,100,0.0,40000.0,0,9551.60,4410.24,552.59
194.0167,0,3,1,0,0,7,0,0,9029.51,8341.14,488.12,3965.94,1500.00,390.00,-1,10,0,100,40000.0,40000.0,0,9551.60,4410.24,552.59
194.0167,0,4,21,5,8,7,0,0,8701.85,-456.41,731.93,4943.54,1500.00,240.00,-1,10,0,100,13200.0,40000.0,0,9551.60,4410.24,552.59
194.0167,0,7,21,5,0,7,0,0,9465.01,4340.65,528.77,113.62,1500.00,240.00,-1,10,0,100,40000.0,40000.0,0,9551.60,4410.24,552.59
194.0167,0,14,35,4,8,10,11,19,9999.02,1934.02,872.76,2536.60,1500.00,540.00,-1,10,0,100,40000.0,40000.0,0,9551.60,4410.24,552.59
194.0167,0,16,24,5,0,7,0,0,9029.51,8341.14,488.12,3965.94,1500.00,240.00,-1,10,0,100,40000.0,40000.0,0,9551.60,4410.24,552.59
194.0167,0,17,22,5,0,7,0,0,9029.51,8341.14,488.12,3965.94,1500.00,240.00,-1,10,0,100,40000.0,40000.0,0,9551.60,4410.24,552.59
194.1333,0,2,21,5,0,3,0,24,9029.51,8341.14,488.12,3965.94,1500.00,240.00,-1,10,0,100,0.0,40000.0,0,9551.60,4410.24,552.59
194.1333,0,3,1,0,0,7,0,0,9029.51,8341.14,488.12,3965.94,1500.00,390.00,-1,10,0,100,40000.0,40000.0,0,9551.60,4410.24,552.59
194.1333,0,4,21,5,8,7,0,0,8701.85,-456.41,731.93,4943.54,1500.00,240.00,-1,10,0,100,13200.0,40000.0,0,9551.60,4410.24,552.59
194.1333,0,7,21,5,0,7,0,0,9465.01,4340.65,528.77,113.62,1500.00,240.00,-1,10,0,100,40000.0,40000.0,0,9551.60,4410.24,552.59
194.1333,0,14,35,4,8,10,11,19,9999.02,1934.02,872.76,2536.60,1500.00,540.00,-1,10,0,100,40000.0,40000.0,0,9551.60,4410.24,552.59
194.1333,0,16,24,5,0,7,0,0,9029.51,8341.14,488.12,3965.94,1500.00,240.00,-1,10,0,100,40000.0,40000.0,0,9551.60,4410.24,552.59
194.1333,0,17,22,5,0,7,0,0,9029.51,8341.14,488.12,3965.94,1500.00,240.00,-1,10,0,100,40000.0,40000.0,0,9551.60,4410.24,552.59
194.2667,0,2,21,5,0,3,0,24,9029.51,8341.14,488.12,3965.94,1500.00,240.00,-1,10,0,100,0.0,40000.0,0,9551.60,4410.24,552.59
194.2667,0,3,1,0,0,7,0,0,9029.51,8341.14,488.12,3965.94,1500.00,390.00,-1,10,0,100,40000.0,40000.0,0,9551.60,4410.24,552.59
194.2667,0,4,21,5,8,7,0,0,8701.85,-456.41,731.93,4943.54,1500.00,240.00,-1,10,0,100,13200.0,40000.0,0,9551.60,4410.24,552.59
194.2667,0,7,21,5,0,7,0,0,9465.01,4340.65,528.77,113.62,1500.00,240.00,-1,10,0,100,40000.0,40000.0,0,9551.60,4410.24,552.59
194.2667,0,14,35,4,8,10,11,19,9999.02,1934.02,872.76,2536.60,1500.00,540.00,-1,10,0,100,40000.0,40000.0,0,9551.60,4410.24,552.59
194.2667,0,16,24,5,0,7,0,0,9029.51,8341.14,488.12,3965.94,1500.00,240.00,-1,10,0,100,40000.0,40000.0,0,9551.60,4410.24,552.59
194.2667,0,17,22,5,0,7,0,0,9029.51,8341.14,488.12,3965.94,1500.00,240.00,-1,10,0,100,40000.0,40000.0,0,9551.60,4410.24,552.59
194.3833,0,2,21,5,0,3,0,24,9029.51,8341.14,488.12,3965.94,1500.00,240.00,-1,10,0,100,0.0,40000.0,0,9551.60,4410.24,552.59
194.3833,0,3,1,0,0,7,0,0,9029.51,8341.14,488.12,3965.94,1500.00,390.00,-1,10,0,100,40000.0,40000.0,0,9551.60,4410.24,552.59
194.3833,0,4,21,5,8,7,0,0,8701.85,-456.41,731.93,4943.54,1500.00,240.00,-1,10,0,100,13200.0,40000.0,0,9551.60,4410.24,552.59
194.3833,0,7,21,5,0,7,0,0,9465.01,4340.65,528.77,113.62,1500.00,240.00,-1,10,0,100,40000.0,40000.0,0,9551.60,4410.24,552.59
194.3833,0,14,35,4,8,10,11,19,9999.02,1934.02,872.76,2536.60,1500.00,540.00,-1,10,0,100,40000.0,40000.0,0,9551.60,4410.24,552.59
194.3833,0,16,24,5,0,7,0,0,9029.51,8341.14,488.12,3965.94,1500.00,240.00,-1,10,0,100,40000.0,40000.0,0,9551.60,4410.24,552.59
194.3833,0,17,22,5,0,7,0,0,9029.51,8341.14,488.12,3965.94,1500.00,240.00,-1,10,0,100,40000.0,40000.0,0,9551.60,4410.24,552.59
194.5000,0,2,21,5,0,3,0,24,9029.51,8341.14,488.12,3965.94,1500.00,240.00,-1,10,0,100,0.0,40000.0,0,9551.60,4410.24,552.59
194.5000,0,3,1,0,0,7,0,0,9029.51,8341.14,488.12,3965.94,1500.00,390.00,-1,10,0,100,40000.0,40000.0,0,9551.60,4410.24,552.59
194.5000,0,4,21,5,8,7,0,0,8701.85,-456.41,731.93,4943.54,1500.00,240.00,-1,10,0,100,13200.0,40000.0,0,9551.60,4410.24,552.59
194.5000,0,7,21,5,0,7,0,0,9465.01,4340.65,528.77,113.62,1500.00,240.00,-1,10,0,100,40000.0,40000.0,0,9551.60,4410.24,552.59
194.5000,0,14,35,4,8,10,11,19,9999.02,1934.02,872.76,2536.60,1500.00,540.00,-1,10,0,100,40000.0,40000.0,0,9551.60,4410.24,552.59
194.5000,0,16,24,5,0,7,0,0,9029.51,8341.14,488.12,3965.94,1500.00,240.00,-1,10,0,100,40000.0,40000.0,0,9551.60,4410.24,552.59
194.5000,0,17,22,5,0,7,0,0,9029.51,8341.14,488.12,3965.94,1500.00,240.00,-1,10,0,100,40000.0,40000.0,0,9551.60,4410.24,552.59
194.6333,0,2,21,5,0,3,0,24,9029.51,8341.14,488.12,3965.94,1500.00,240.00,-1,10,0,100,0.0,40000.0,0,9551.60,4410.24,552.59
194.6333,0,3,1,0,0,7,0,0,9029.51,8341.14,488.12,3965.94,1500.00,390.00,-1,10,0,100,40000.0,40000.0,0,9551.60,4410.24,552.59
194.6333,0,4,21,5,8,7,0,0,8701.85,-456.41,731.93,4943.54,1500.00,240.00,-1,10,0,100,13200.0,40000.0,0,9551.60,4410.24,552.59
194.6333,0,7,21,5,0,7,0,0,9465.01,4340.65,528.77,113.62,1500.00,240.00,-1,10,0,100,40000.0,40000.0,0,9551.60,4410.24,552.59
194.6333,0,14,35,4,8,10,10,19,10002.50,1931.20,873.20,2540.03,1500.00,540.00,-1,10,1,100,40000.0,40000.0,0,9551.60,4410.24,552.59
194.6333,0,16,24,5,0,7,0,0,9029.51,8341.14,488.12,3965.94,1500.00,240.00,-1,10,0,100,40000.0,40000.0,0,9551.60,4410.24,552.59
194.6333,0,17,22,5,0,7,0,0,9029.51,8341.14,488.12,3965.94,1500.00,240.00,-1,10,0,100,40000.0,40000.0,0,9551.60,4410.24,552.59
194.7500,0,2,21,5,0,3,0,24,9029.51,8341.14,488.12,3965.94,1500.00,240.00,-1,10,0,100,0.0,40000.0,0,9551.60,4410.24,552.59
194.7500,0,3,1,0,0,7,0,0,9029.51,8341.14,488.12,3965.94,1500.00,390.00,-1,10,0,100,40000.0,40000.0,0,9551.60,4410.24,552.59
194.7500,0,4,21,5,8,7,0,0,8701.85,-456.41,731.93,4943.54,1500.00,240.00,-1,10,0,100,13200.0,40000.0,0,9551.60,4410.24,552.59
194.7500,0,7,21,5,0,7,0,0,9465.01,4340.65,528.77,113.62,1500.00,240.00,-1,10,0,100,40000.0,40000.0,0,9551.60,4410.24,552.59
194.7500,0,14,35,4,8,10,10,19,10010.62,1924.62,874.20,2548.03,1500.00,540.00,-1,10,1,100,40000.0,40000.0,0,9551.60,4410.24,552.59
194.7500,0,16,24,5,0,7,0,0,9029.51,8341.14,488.12,3965.94,1500.00,240.00,-1,10,0,100,40000.0,40000.0,0,9551.60,4410.24,552.59
194.7500,0,17,22,5,0,7,0,0,9029.51,8341.14,488.12,3965.94,1500.00,240.00,-1,10,0,100,40000.0,40000.0,0,9551.60,4410.24,552.59
194.8667,0,2,21,5,0,3,0,24,9029.51,8341.14,488.12,3965.94,1500.00,240.00,-1,10,0,100,0.0,40000.0,0,9551.60,4410.24,552.59
194.8667,0,3,1,0,0,7,0,0,9029.51,8341.14,488.12,3965.94,1500.00,390.00,-1,10,0,100,40000.0,40000.0,0,9551.60,4410.24,552.59
194.8667,0,4,21,5,8,7,0,0,8701.85,-456.41,731.93,4943.54,1500.00,240.00,-1,10,0,100,13200.0,40000.0,0,9551.60,4410.24,552.59
194.8667,0,7,21,5,0,7,0,0,9465.01,4340.65,528.77,113.62,1500.00,240.00,-1,10,0,100,40000.0,40000.0,0,9551.60,4410.24,552.59
194.8667,0,14,35,4,8,10,10,19,10018.74,1918.04,875.21,2556.05,1500.00,540.00,-1,10,1,100,40000.0,40000.0,0,9551.60,4410.24,552.59
194.8667,0,16,24,5,0,7,0,0,9029.51,8341.14,488.12,3965.94,1500.00,240.00,-1,10,0,100,40000.0,40000.0,0,9551.60,4410.24,552.59
194.8667,0,17,22,5,0,7,0,0,9029.51,8341.14,488.12,3965.94,1500.00,240.00,-1,10,0,100,40000.0,40000.0,0,9551.60,4410.24,552.59
194.9833,0,2,21,5,0,3,0,24,9029.51,8341.14,488.12,3965.94,1500.00,240.00,-1,10,0,100,0.0,40000.0,0,9551.60,4410.24,552.59
194.9833,0,3,1,0,0,7,0,0,9029.51,8341.14,488.12,3965.94,1500.00,390.00,-1,10,0,100,40000.0,40000.0,0,9551.60,4410.24,552.59
194.9833,0,4,21,5,8,7,0,0,8701.85,-456.41,731.93,4943.54,1500.00,240.00,-1,10,0,100,13200.0,40000.0,0,9551.60,4410.24,552.59
194.9833,0,7,21,5,0,7,0,0,9465.01,4340.65,528.77,113.62,1500.00,240.00,-1,10,0,100,40000.0,40000.0,0,9551.60,4410.24,552.59
194.9833,0,14,35,4,8,10,10,19,10026.86,1911.46,876.22,2564.08,1500.00,540.00,-1,10,1,100,40000.0,40000.0,0,9551.60,4410.24,552.59
194.9833,0,16,24,5,0,7,0,0,9029.51,8341.14,488.12,3965.94,1500.00,240.00,-1,10,0,100,40000.0,40000.0,0,9551.60,4410.24,552.59
194.9833,0,17,22,5,0,7,0,0,9029.51,8341.14,488.12,3965.94,1500.00,240.00,-1,10,0,100,40000.0,40000.0,0,9551.60,4410.24,552.59
195.1167,0,2,21,5,0,3,0,24,9029.51,8341.14,488.12,3957.48,1500.00,240.00,-1,10,0,100,0.0,40000.0,0,9542.98,4417.64,552.59
195.1167,0,3,1,0,0,7,0,0,9029.51,8341.14,488.12,3957.48,1500.00,390.00,-1,10,0,100,40000.0,40000.0,0,9542.98,4417.64,552.59
195.1167,0,4,21,5,8,7,0,0,8701.85,-456.41,731.93,4949.35,1500.00,240.00,-1,10,0,100,13200.0,40000.0,0,9542.98,4417.64,552.59
195.1167,0,7,21,5,0,7,0,0,9465.01,4340.65,528.77,112.14,1500.00,240.00,-1,10,0,100,40000.0,40000.0,0,9542.98,4417.64,552.59
195.1167,0,14,35,4,8,10,10,19,10036.14,1903.93,877.37,2582.14,1500.00,540.00,-1,10,1,100,40000.0,40000.0,0,9542.98,4417.64,552.59
195.1167,0,16,24,5,0,7,0,0,9029.51,8341.14,488.12,3957.48,1500.00,240.00,-1,10,0,100,40000.0,40000.0,0,9542.98,4417.64,552.59
195.1167,0,17,22,5,0,7,0,0,9029.51,8341.14,488.12,3957.48,1500.00,240.00,-1,10,0,100,40000.0,40000.0,0,9542.98,4417.64,552.59
195.2333,0,2,21,5,0,3,0,24,9029.51,8341.14,488.12,3943.65,1500.00,240.00,-1,10,0,100,0.0,40000.0,0,9532.09,4430.26,557.48
195.2333,0,3,1,0,0,7,0,0,9029.51,8341.14,488.12,3943.65,1500.00,390.00,-1,10,0,100,40000.0,40000.0,0,9532.09,4430.26,557.48
195.2333,0,4,21,5,8,7,0,0,8701.85,-456.41,731.93,4959.77,1500.00,240.00,-1,10,0,100,13200.0,40000.0,0,9532.09,4430.26,557.48
195.2333,0,7,21,5,0,7,0,0,9465.01,4340.65,528.77,115.56,1500.00,240.00,-1,10,0,100,40000.0,40000.0,0,9532.09,4430.26,557.48
195.2333,0,14,35,4,8,10,10,19,10044.26,1897.35,878.38,2604.01,1500.00,540.00,-1,10,1,100,40000.0,40000.0,0,9532.09,4430.26,557.48
195.2333,0,16,24,5,0,7,0,0,9029.51,8341.14,488.12,3943.65,1500.00,240.00,-1,10,0,100,40000.0,40000.0,0,9532.09,4430.26,557.48
195.2333,0,17,22,5,0,7,0,0,9029.51,8341.14,488.12,3943.65,1500.00,240.00,-1,10,0,100,40000.0,40000.0,0,9532.09,4430.26,557.48
195.3500,0,2,21,5,0,3,0,24,9029.51,8341.14,488.12,3939.84,1500.00,240.00,-1,10,0,100,0.0,40000.0,0,9529.10,4433.70,556.36
195.3500,0,3,1,0,0,7,0,0,9029.51,8341.14,488.12,3939.84,1500.00,390.00,-1,10,0,100,40000.0,40000.0,0,9529.10,4433.70,556.36
195.3500,0,4,21,5,8,7,0,0,8701.85,-456.41,731.93,4962.70,1500.00,240.00,-1,10,0,100,13200.0,40000.0,0,9529.10,4433.70,556.36
195.3500,0,7,21,5,0,7,0,0,9465.01,4340.65,528.77,116.31,1500.00,240.00,-1,10,0,100,40000.0,40000.0,0,9529.10,4433.70,556.36
195.3500,0,14,35,4,8,10,10,19,10052.38,1890.77,879.39,2616.23,1500.00,540.00,-1,10,1,100,40000.0,40000.0,0,9529.10,4433.70,556.36
195.3500,0,16,24,5,0,7,0,0,9029.51,8341.14,488.12,3939.84,1500.00,240.00,-1,10,0,100,40000.0,40000.0,0,9529.10,4433.70,556.36
195.3500,0,17,22,5,0,7,0,0,9029.51,8341.14,488.12,3939.84,1500.00,240.00,-1,10,0,100,40000.0,40000.0,0,9529.10,4433.70,556.36
195.4833,0,2,21,5,0,3,0,24,9029.51,8341.14,488.12,3939.84,1500.00,240.00,-1,10,0,100,0.0,40000.0,0,9529.10,4433.70,556.36
195.4833,0,3,1,0,0,7,0,0,9029.51,8341.14,488.12,3939.84,1500.00,390.00,-1,10,0,100,40000.0,40000.0,0,9529.10,4433.70,556.36
195.4833,0,4,21,5,8,7,0,0,8701.85,-456.41,731.93,4962.70,1500.00,240.00,-1,10,0,100,13200.0,40000.0,0,9529.10,4433.70,556.36
195.4833,0,7,21,5,0,7,0,0,9465.01,4340.65,528.77,116.31,1500.00,240.00,-1,10,0,100,40000.0,40000.0,0,9529.10,4433.70,556.36
195.4833,0,14,35,4,8,10,10,19,10061.66,1883.25,880.54,2625.55,1500.00,540.00,-1,10,1,100,40000.0,40000.0,0,9529.10,4433.70,556.36
195.4833,0,16,24,5,0,7,0,0,9029.51,8341.14,488.12,3939.84,1500.00,240.00,-1,10,0,100,40000.0,40000.0,0,9529.10,4433.70,556.36
195.4833,0,17,22,5,0,7,0,0,9029.51,8341.14,488.12,3939.84,1500.00,240.00,-1,10,0,100,40000.0,40000.0,0,9529.10,4433.70,556.36
195.6000,0,2,21,5,0,3,0,24,9029.51,8341.14,488.12,3939.23,1500.00,240.00,-1,10,0,100,0.0,40000.0,0,9528.17,4434.19,556.08
195.6000,0,3,1,0,0,7,0,0,9029.51,8341.14,488.12,3939.23,1500.00,390.00,-1,10,0,100,40000.0,40000.0,0,9528.17,4434.19,556.08
195.6000,0,4,21,5,8,7,0,0,8701.85,-456.41,731.93,4963.03,1500.00,240.00,-1,10,0,100,13200.0,40000.0,0,9528.17,4434.19,556.08
195.6000,0,7,21,5,0,7,0,0,9465.01,4340.65,528.77,116.12,1500.00,240.00,-1,10,0,100,40000.0,40000.0,0,9528.17,4434.19,556.08
195.6000,0,14,35,4,8,10,10,19,10069.77,1876.67,881.55,2634.42,1500.00,540.00,-1,10,1,100,40000.0,40000.0,0,9528.17,4434.19,556.08
195.6000,0,16,24,5,0,7,0,0,9029.51,8341.14,488.12,3939.23,1500.00,240.00,-1,10,0,100,40000.0,40000.0,0,9528.17,4434.19,556.08
195.6000,0,17,22,5,0,7,0,0,9029.51,8341.14,488.12,3939.23,1500.00,240.00,-1,10,0,100,40000.0,40000.0,0,9528.17,4434.19,556.08
195.7333,0,2,21,5,0,3,0,24,9029.51,8341.14,488.12,3930.76,1500.00,240.00,-1,10,0,100,0.0,40000.0,0,9509.97,4440.34,550.08
195.7333,0,3,1,0,0,7,0,0,9029.51,8341.14,488.12,3930.76,1500.00,390.00,-1,10,0,100,40000.0,40000.0,0,9509.97,4440.34,550.08
195.7333,0,4,21,5,8,7,0,0,8701.85,-456.41,731.93,4966.33,1500.00,240.00,-1,10,0,100,13200.0,40000.0,0,9509.97,4440.34,550.08
195.7333,0,7,21,5,0,7,0,0,9465.01,4340.65,528.77,111.42,1500.00,240.00,-1,10,0,100,40000.0,40000.0,0,9509.97,4440.34,550.08
195.7333,0,14,35,4,8,10,10,19,10079.05,1869.15,882.70,2654.34,1500.00,540.00,-1,10,1,100,40000.0,40000.0,0,9509.97,4440.34,550.08
195.7333,0,16,24,5,0,7,0,0,9029.51,8341.14,488.12,3930.76,1500.00,240.00,-1,10,0,100,40000.0,40000.0,0,9509.97,4440.34,550.08
195.7333,0,17,22,5,0,7,0,0,9029.51,8341.14,488.12,3930.76,1500.00,240.00,-1,10,0,100,40000.0,40000.0,0,9509.97,4440.34,550.08
195.8667,0,2,21,5,0,3,0,24,9029.51,8341.14,488.12,3923.17,1500.00,240.00,-1,10,0,100,0.0,40000.0,0,9500.22,4446.81,550.62
195.8667,0,3,1,0,0,7,0,0,9029.51,8341.14,488.12,3923.17,1500.00,390.00,-1,10,0,100,40000.0,40000.0,0,9500.22,4446.81,550.62
195.8667,0,4,21,5,8,7,0,0,8701.85,-456.41,731.93,4971.11,1500.00,240.00,-1,10,0,100,13200.0,40000.0,0,9500.22,4446.81,550.62
195.8667,0,7,21,5,0,7,0,0,9465.01,4340.65,528.77,113.96,1500.00,240.00,-1,10,0,100,40000.0,40000.0,0,9500.22,4446.81,550.62
195.8667,0,14,35,4,8,10,10,19,10088.33,1861.63,883.85,2672.10,1500.00,540.00,-1,10,1,100,40000.0,40000.0,0,9500.22,4446.81,550.62
195.8667,0,16,24,5,0,7,0,0,9029.51,8341.14,488.12,3923.17,1500.00,240.00,-1,10,0,100,40000.0,40000.0,0,9500.22,4446.81,550.62
195.8667,0,17,22,5,0,7,0,0,9029.51,8341.14,488.12,3923.17,1500.00,240.00,-1,10,0,100,40000.0,40000.0,0,9500.22,4446.81,550.62
195.9833,0,2,21,5,0,3,0,24,9029.51,8341.14,488.12,3923.17,1500.00,240.00,-1,10,0,100,0.0,40000.0,0,9500.22,4446.81,550.62
195.9833,0,3,1,0,0,7,0,0,9029.51,8341.14,488.12,3923.17,1500.00,390.00,-1,10,0,100,40000.0,40000.0,0,9500.22,4446.81,550.62
195.9833,0,4,21,5,8,7,0,0,8701.85,-456.41,731.93,4971.11,1500.00,240.00,-1,10,0,100,13200.0,40000.0,0,9500.22,4446.81,550.62
195.9833,0,7,21,5,0,7,0,0,9465.01,4340.65,528.77,113.96,1500.00,240.00,-1,10,0,100,40000.0,40000.0,0,9500.22,4446.81,550.62
195.9833,0,14,35,4,8,10,10,19,10096.45,1855.05,884.86,2680.38,1500.00,540.00,-1,10,1,100,40000.0,40000.0,0,9500.22,4446.81,550.62
195.9833,0,16,24,5,0,7,0,0,9029.51,8341.14,488.12,3923.17,1500.00,240.00,-1,10,0,100,40000.0,40000.0,0,9500.22,4446.81,550.62
195.9833,0,17,22,5,0,7,0,0,9029.51,8341.14,488.12,3923.17,1500.00,240.00,-1,10,0,100,40000.0,40000.0,0,9500.22,4446.81,550.62
196.1167,0,2,21,5,0,3,0,24,9029.51,8341.14,488.12,3923.17,1500.00,240.00,-1,10,0,100,0.0,40000.0,0,9500.22,4446.81,550.62
196.1167,0,3,1,0,0,7,0,0,9029.51,8341.14,488.12,3923.17,1500.00,390.00,-1,10,0,100,40000.0,40000.0,0,9500.22,4446.81,550.62
196.1167,0,4,21,5,8,7,0,0,8701.85,-456.41,731.93,4971.11,1500.00,240.00,-1,10,0,100,13200.0,40000.0,0,9500.22,4446.81,550.62
196.1167,0,7,21,5,0,7,0,0,9465.01,4340.65,528.77,113.96,1500.00,240.00,-1,10,0,100,40000.0,40000.0,0,9500.22,4446.81,550.62
196.1167,0,14,35,4,8,10,10,19,10105.73,1847.52,886.01,2689.87,1500.00,540.00,-1,10,1,100,40000.0,40000.0,0,9500.22,4446.81,550.62
196.1167,0,16,24,5,0,7,0,0,9029.51,8341.14,488.12,3923.17,1500.00,240.00,-1,10,0,100,40000.0,40000.0,0,9500.22,4446.81,550.62
196.1167,0,17,22,5,0,7,0,0,9029.51,8341.14,488.12,3923.17,1500.00,240.00,-1,10,0,100,40000.0,40000.0,0,9500.22,4446.81,550.62
196.2333,0,2,21,5,0,3,0,24,9029.51,8341.14,488.12,3923.17,1500.00,240.00,-1,10,0,100,0.0,40000.0,0,9500.22,4446.81,550.62
196.2333,0,3,1,0,0,7,0,0,9029.51,8341.14,488.12,3923.17,1500.00,390.00,-1,10,0,100,40000.0,40000.0,0,9500.22,4446.81,550.62
196.2333,0,4,21,5,8,7,0,0,8701.85,-456.41,731.93,4971.11,1500.00,240.00,-1,10,0,100,13200.0,40000.0,0,9500.22,4446.81,550.62
196.2333,0,7,21,5,0,7,0,0,9465.01,4340.65,528.77,113.96,1500.00,240.00,-1,10,0,100,40000.0,40000.0,0,9500.22,4446.81,550.62
196.2333,0,14,35,4,8,10,10,19,10113.85,1840.94,887.02,2698.19,1500.00,540.00,-1,10,1,100,40000.0,40000.0,0,9500.22,4446.81,550.62
196.2333,0,16,24,5,0,7,0,0,9029.51,8341.14,488.12,3923.17,1500.00,240.00,-1,10,0,100,40000.0,40000.0,0,9500.22,4446.81,550.62
196.2333,0,17,22,5,0,7,0,0,9029.51,8341.14,488.12,3923.17,1500.00,240.00,-1,10,0,100,40000.0,40000.0,0,9500.22,4446.81,550.62
196.3500,0,2,21,5,0,3,0,24,9029.51,8341.14,488.12,3923.17,1500.00,240.00,-1,10,0,100,0.0,40000.0,0,9500.22,4446.81,550.62
196.3500,0,3,1,0,0,7,0,0,9029.51,8341.14,488.12,3923.17,1500.00,390.00,-1,10,0,100,40000.0,40000.0,0,9500.22,4446.81,550.62
196.3500,0,4,21,5,8,7,0,0,8701.85,-456.41,731.93,4971.11,1500.00,240.00,-1,10,0,100,13200.0,40000.0,0,9500.22,4446.81,550.62
196.3500,0,7,21,5,0,7,0,0,9465.01,4340.65,528.77,113.96,1500.00,240.00,-1,10,0,100,40000.0,40000.0,0,9500.22,4446.81,550.62
196.3500,0,14,35,4,8,10,10,19,10121.97,1834.36,888.03,2706.53,1500.00,540.00,-1,10,1,100,40000.0,40000.0,0,9500.22,4446.81,550.62
196.3500,0,16,24,5,0,7,0,0,9029.51,8341.14,488.12,3923.17,1500.00,240.00,-1,10,0,100,40000.0,40000.0,0,9500.22,4446.81,550.62
196.3500,0,17,22,5,0,7,0,0,9029.51,8341.14,488.12,3923.17,1500.00,240.00,-1,10,0,100,40000.0,40000.0,0,9500.22,4446.81,550.62
196.4833,0,2,21,5,0,3,0,24,9029.51,8341.14,488.12,3923.17,1500.00,240.00,-1,10,0,100,0.0,40000.0,0,9500.22,4446.81,550.62
196.4833,0,3,1,0,0,7,0,0,9029.51,8341.14,488.12,3923.17,1500.00,390.00,-1,10,0,100,40000.0,40000.0,0,9500.22,4446.81,550.62
196.4833,0,4,21,5,8,7,0,0,8701.85,-456.41,731.93,4971.11,1500.00,240.00,-1,10,0,100,13200.0,40000.0,0,9500.22,4446.81,550.62
196.4833,0,7,21,5,0,7,0,0,9465.01,4340.65,528.77,113.96,1500.00,240.00,-1,10,0,100,40000.0,40000.0,0,9500.22,4446.81,550.62
196.4833,0,14,35,4,8,10,10,19,10131.25,1826.84,889.18,2716.07,1500.00,540.00,-1,10,1,100,40000.0,40000.0,0,9500.22,4446.81,550.62
196.4833,0,16,24,5,0,7,0,0,9029.51,8341.14,488.12,3923.17,1500.00,240.00,-1,10,0,100,40000.0,40000.0,0,9500.22,4446.81,550.62
196.4833,0,17,22,5,0,7,0,0,9029.51,8341.14,488.12,3923.17,1500.00,240.00,-1,10,0,100,40000.0,40000.0,0,9500.22,4446.81,550.62
196.6000,0,2,21,5,0,3,0,24,9029.51,8341.14,488.12,3923.17,1500.00,240.00,-1,10,0,100,0.0,40000.0,0,9500.22,4446.81,550.62
196.6000,0,3,1,0,0,7,0,0,9029.51,8341.14,488.12,3923.17,1500.00,390.00,-1,10,0,100,40000.0,40000.0,0,9500.22,4446.81,550.62
196.6000,0,4,21,5,8,7,0,0,8701.85,-456.41,731.93,4971.11,1500.00,240.00,-1,10,0,100,13200.0,40000.0,0,9500.22,4446.81,550.62
196.6000,0,7,21,5,0,7,0,0,9465.01,4340.65,528.77,113.96,1500.00,240.00,-1,10,0,100,40000.0,40000.0,0,9500.22,4446.81,550.62
196.6000,0,14,35,4,8,10,10,19,10139.37,1820.26,890.19,2724.44,1500.00,540.00,-1,10,1,100,40000.0,40000.0,0,9500.22,4446.81,550.62
196.6000,0,16,24,5,0,7,0,0,9029.51,8341.14,488.12,3923.17,1500.00,240.00,-1,10,0,100,40000.0,40000.0,0,9500.22,4446.81,550.62
196.6000,0,17,22,5,0,7,0,0,9029.51,8341.14,488.12,3923.17,1500.00,240.00,-1,10,0,100,40000.0,40000.0,0,9500.22,4446.81,550.62
196.7333,0,2,21,5,0,3,0,24,9029.51,8341.14,488.12,3923.17,1500.00,240.00,-1,10,0,100,0.0,40000.0,0,9500.22,4446.81,550.62
196.7333,0,3,1,0,0,7,0,0,9029.51,8341.14,488.12,3923.17,1500.00,390.00,-1,10,0,100,40000.0,40000.0,0,9500.22,4446.81,550.62
196.7333,0,4,21,5,8,7,0,0,8701.85,-456.41,731.93,4971.11,1500.00,240.00,-1,10,0,100,13200.0,40000.0,0,9500.22,4446.81,550.62
196.7333,0,7,21,5,0,7,0,0,9465.01,4340.65,528.77,113.96,1500.00,240.00,-1,10,0,100,40000.0,40000.0,0,9500.22,4446.81,550.62
196.7333,0,14,35,4,8,10,10,19,10148.65,1812.74,891.34,2734.02,1500.00,540.00,-1,10,1,100,40000.0,40000.0,0,9500.22,4446.81,550.62
196.7333,0,16,24,5,0,7,0,0,9029.51,8341.14,488.12,3923.17,1500.00,240.00,-1,10,0,100,40000.0,40000.0,0,9500.22,4446.81,550.62
196.7333,0,17,22,5,0,7,0,0,9029.51,8341.14,488.12,3923.17,1500.00,240.00,-1,10,0,100,40000.0,40000.0,0,9500.22,4446.81,550.62
196.8500,0,2,21,5,0,3,0,24,9029.51,8341.14,488.12,3923.17,1500.00,240.00,-1,10,0,100,0.0,40000.0,0,9500.22,4446.81,550.62
196.8500,0,3,1,0,0,7,0,0,9029.51,8341.14,488.12,3923.17,1500.00,390.00,-1,10,0,100,40000.0,40000.0,0,9500.22,4446.81,550.62
196.8500,0,4,21,5,8,7,0,0,8701.85,-456.41,731.93,4971.11,1500.00,240.00,-1,10,0,100,13200.0,40000.0,0,9500.22,4446.81,550.62
196.8500,0,7,21,5,0,7,0,0,9465.01,4340.65,528.77,113.96,1500.00,240.00,-1,10,0,100,40000.0,40000.0,0,9500.22,4446.81,550.62
196.8500,0,14,35,4,8,10,10,19,10156.77,1806.16,892.35,2742.42,1500.00,540.00,-1,10,1,100,40000.0,40000.0,0,9500.22,4446.81,550.62
196.8500,0,16,24,5,0,7,0,0,9029.51,8341.14,488.12,3923.17,1500.00,240.00,-1,10,0,100,40000.0,40000.0,0,9500.22,4446.81,550.62
196.8500,0,17,22,5,0,7,0,0,9029.51,8341.14,488.12,3923.17,1500.00,240.00,-1,10,0,100,40000.0,40000.0,0,9500.22,4446.81,550.62
196.9833,0,2,21,5,0,3,0,24,9029.51,8341.14,488.12,3923.17,1500.00,240.00,-1,10,0,100,0.0,40000.0,0,9500.22,4446.81,550.62
196.9833,0,3,1,0,0,7,0,0,9029.51,8341.14,488.12,3923.17,1500.00,390.00,-1,10,0,100,40000.0,40000.0,0,9500.22,4446.81,550.62
196.9833,0,4,21,5,8,7,0,0,8701.85,-456.41,731.93,4971.11,1500.00,240.00,-1,10,0,100,13200.0,40000.0,0,9500.22,4446.81,550.62
196.9833,0,7,21,5,0,7,0,0,9465.01,4340.65,528.77,113.96,1500.00,240.00,-1,10,0,100,40000.0,40000.0,0,9500.22,4446.81,550.62
196.9833,0,14,35,4,8,10,10,19,10166.05,1798.64,893.50,2752.04,1500.00,540.00,-1,10,1,100,40000.0,40000.0,0,9500.22,4446.81,550.62
196.9833,0,16,24,5,0,7,0,0,9029.51,8341.14,488.12,3923.17,1500.00,240.00,-1,10,0,100,40000.0,40000.0,0,9500.22,4446.81,550.62
196.9833,0,17,22,5,0,7,0,0,9029.51,8341.14,488.12,3923.17,1500.00,240.00,-1,10,0,100,40000.0,40000.0,0,9500.22,4446.81,550.62
197.1000,0,2,21,5,0,3,0,24,9029.51,8341.14,488.12,3923.17,1500.00,240.00,-1,10,0,100,0.0,40000.0,0,9500.22,4446.81,550.62
197.1000,0,3,1,0,0,7,0,0,9029.51,8341.14,488.12,3923.17,1500.00,390.00,-1,10,0,100,40000.0,40000.0,0,9500.22,4446.81,550.62
197.1000,0,4,21,5,8,7,0,0,8701.85,-456.41,731.93,4971.11,1500.00,240.00,-1,10,0,100,13200.0,40000.0,0,9500.22,4446.81,550.62
197.1000,0,7,21,5,0,7,0,0,9465.01,4340.65,528.77,113.96,1500.00,240.00,-1,10,0,100,40000.0,40000.0,0,9500.22,4446.81,550.62
197.1000,0,14,35,4,8,10,10,19,10174.50,1793.06,894.35,2759.57,1500.00,540.00,-1,10,1,100,40000.0,40000.0,0,9500.22,4446.81,550.62
197.1000,0,16,24,5,0,7,0,0,9029.51,8341.14,488.12,3923.17,1500.00,240.00,-1,10,0,100,40000.0,40000.0,0,9500.22,4446.81,550.62
197.1000,0,17,22,5,0,7,0,0,9029.51,8341.14,488.12,3923.17,1500.00,240.00,-1,10,0,100,40000.0,40000.0,0,9500.22,4446.81,550.62
197.2333,0,2,21,5,0,3,0,24,9029.51,8341.14,488.12,3923.17,1500.00,240.00,-1,10,0,100,0.0,40000.0,0,9500.22,4446.81,550.62
197.2333,0,3,1,0,0,7,0,0,9029.51,8341.14,488.12,3923.17,1500.00,390.00,-1,10,0,100,40000.0,40000.0,0,9500.22,4446.81,550.62
197.2333,0,4,21,5,8,7,0,0,8701.85,-456.41,731.93,4971.11,1500.00,240.00,-1,10,0,100,13200.0,40000.0,0,9500.22,4446.81,550.62
197.2333,0,7,21,5,0,7,0,0,9465.01,4340.65,528.77,113.96,1500.00,240.00,-1,10,0,100,40000.0,40000.0,0,9500.22,4446.81,550.62
197.2333,0,14,35,4,8,10,10,19,10186.49,1793.50,894.20,2762.08,1500.00,540.00,-1,10,1,100,40000.0,40000.0,0,9500.22,4446.81,550.62
197.2333,0,16,24,5,0,7,0,0,9029.51,8341.14,488.12,3923.17,1500.00,240.00,-1,10,0,100,40000.0,40000.0,0,9500.22,4446.81,550.62
197.2333,0,17,22,5,0,7,0,0,9029.51,8341.14,488.12,3923.17,1500.00,240.00,-1,10,0,100,40000.0,40000.0,0,9500.22,4446.81,550.62
197.3500,0,2,21,5,0,3,0,24,9029.51,8341.14,488.12,3923.17,1500.00,240.00,-1,10,0,100,0.0,40000.0,0,9500.22,4446.81,550.62
197.3500,0,3,1,0,0,7,0,0,9029.51,8341.14,488.12,3923.17,1500.00,390.00,-1,10,0,100,40000.0,40000.0,0,9500.22,4446.81,550.62
197.3500,0,4,21,5,8,7,0,0,8701.85,-456.41,731.93,4971.11,1500.00,240.00,-1,10,0,100,13200.0,40000.0,0,9500.22,4446.81,550.62
197.3500,0,7,21,5,0,7,0,0,9465.01,4340.65,528.77,113.96,1500.00,240.00,-1,10,0,100,40000.0,40000.0,0,9500.22,4446.81,550.62
197.3500,0,14,35,4,8,10,10,19,10196.98,1793.89,894.07,2764.31,1500.00,540.00,-1,10,1,100,40000.0,40000.0,0,9500.22,4446.81,550.62
197.3500,0,16,24,5,0,7,0,0,9029.51,8341.14,488.12,3923.17,1500.00,240.00,-1,10,0,100,40000.0,40000.0,0,9500.22,4446.81,550.62
197.3500,0,17,22,5,0,7,0,0,9029.51,8341.14,488.12,3923.17,1500.00,240.00,-1,10,0,100,40000.0,40000.0,0,9500.22,4446.81,550.62
197.5000,0,2,21,5,0,3,0,24,9029.51,8341.14,488.12,3923.17,1500.00,240.00,-1,10,0,100,0.0,40000.0,0,9500.22,4446.81,550.62
197.5000,0,3,1,0,0,7,0,0,9029.51,8341.14,488.12,3923.17,1500.00,390.00,-1,10,0,100,40000.0,40000.0,0,9500.22,4446.81,550.62
197.5000,0,4,21,5,8,7,0,0,8701.85,-456.41,731.93,4971.11,1500.00,240.00,-1,10,0,100,13200.0,40000.0,0,9500.22,4446.81,550.62
197.5000,0,7,21,5,0,7,0,0,9465.01,4340.65,528.77,113.96,1500.00,240.00,-1,10,0,100,40000.0,40000.0,0,9500.22,4446.81,550.62
197.5000,0,14,35,4,8,10,10,19,10210.47,1794.39,893.90,2767.24,1500.00,540.00,-1,10,1,100,40000.0,40000.0,0,9500.22,4446.81,550.62
197.5000,0,16,24,5,0,7,0,0,9029.51,8341.14,488.12,3923.17,1500.00,240.00,-1,10,0,100,40000.0,40000.0,0,9500.22,4446.81,550.62
197.5000,0,17,22,5,0,7,0,0,9029.51,8341.14,488.12,3923.17,1500.00,240.00,-1,10,0,100,40000.0,40000.0,0,9500.22,4446.81,550.62
197.6167,0,2,21,5,0,3,0,24,9029.51,8341.14,488.12,3923.17,1500.00,240.00,-1,10,0,100,0.0,40000.0,0,9500.22,4446.81,550.62
197.6167,0,3,1,0,0,7,0,0,9029.51,8341.14,488.12,3923.17,1500.00,390.00,-1,10,0,100,40000.0,40000.0,0,9500.22,4446.81,550.62
197.6167,0,4,21,5,8,7,0,0,8701.85,-456.41,731.93,4971.11,1500.00,240.00,-1,10,0,100,13200.0,40000.0,0,9500.22,4446.81,550.62
197.6167,0,7,21,5,0,7,0,0,9465.01,4340.65,528.77,113.96,1500.00,240.00,-1,10,0,100,40000.0,40000.0,0,9500.22,4446.81,550.62
197.6167,0,14,35,4,8,10,10,19,10220.96,1794.78,893.77,2769.57,1500.00,540.00,-1,10,1,100,40000.0,40000.0,0,9500.22,4446.81,550.62
197.6167,0,16,24,5,0,7,0,0,9029.51,8341.14,488.12,3923.17,1500.00,240.00,-1,10,0,100,40000.0,40000.0,0,9500.22,4446.81,550.62
197.6167,0,17,22,5,0,7,0,0,9029.51,8341.14,488.12,3923.17,1500.00,240.00,-1,10,0,100,40000.0,40000.0,0,9500.22,4446.81,550.62
197.7333,0,2,21,5,0,3,0,24,9029.51,8341.14,488.12,3923.17,1500.00,240.00,-1,10,0,100,0.0,40000.0,0,9500.22,4446.81,550.62
197.7333,0,3,1,0,0,7,0,0,9029.51,8341.14,488.12,3923.17,1500.00,390.00,-1,10,0,100,40000.0,40000.0,0,9500.22,4446.81,550.62
197.7333,0,4,21,5,8,7,0,0,8701.85,-456.41,731.93,4971.11,1500.00,240.00,-1,10,0,100,13200.0,40000.0,0,9500.22,4446.81,550.62
197.7333,0,7,21,5,0,7,0,0,9465.01,4340.65,528.77,113.96,1500.00,240.00,-1,10,0,100,40000.0,40000.0,0,9500.22,4446.81,550.62
197.7333,0,14,35,4,8,10,10,19,10231.46,1795.17,893.65,2771.93,1500.00,540.00,-1,10,1,100,40000.0,40000.0,0,9500.22,4446.81,550.62
197.7333,0,16,24,5,0,7,0,0,9029.51,8341.14,488.12,3923.17,1500.00,240.00,-1,10,0,100,40000.0,40000.0,0,9500.22,4446.81,550.62
197.7333,0,17,22,5,0,7,0,0,9029.51,8341.14,488.12,3923.17,1500.00,240.00,-1,10,0,100,40000.0,40000.0,0,9500.22,4446.81,550.62
197.8667,0,2,21,5,0,3,0,24,9029.51,8341.14,488.12,3923.17,1500.00,240.00,-1,10,0,100,0.0,40000.0,0,9500.22,4446.81,550.62
197.8667,0,3,1,0,0,7,0,0,9029.51,8341.14,488.12,3923.17,1500.00,390.00,-1,10,0,100,40000.0,40000.0,0,9500.22,4446.81,550.62
197.8667,0,4,21,5,8,7,0,0,8701.85,-456.41,731.93,4971.11,1500.00,240.00,-1,10,0,100,13200.0,40000.0,0,9500.22,4446.81,550.62
197.8667,0,7,21,5,0,7,0,0,9465.01,4340.65,528.77,113.96,1500.00,240.00,-1,10,0,100,40000.0,40000.0,0,9500.22,4446.81,550.62
197.8667,0,14,35,4,8,10,10,19,10243.45,1795.61,893.50,2774.67,1500.00,540.00,-1,10,1,100,40000.0,40000.0,0,9500.22,4446.81,550.62
197.8667,0,16,24,5,0,7,0,0,9029.51,8341.14,488.12,3923.17,1500.00,240.00,-1,10,0,100,40000.0,40000.0,0,9500.22,4446.81,550.62
197.8667,0,17,22,5,0,7,0,0,9029.51,8341.14,488.12,3923.17,1500.00,240.00,-1,10,0,100,40000.0,40000.0,0,9500.22,4446.81,550.62
197.9833,0,2,21,5,0,3,0,24,9029.51,8341.14,488.12,3923.17,1500.00,240.00,-1,10,0,100,0.0,40000.0,0,9500.22,4446.81,550.62
197.9833,0,3,1,0,0,7,0,0,9029.51,8341.14,488.12,3923.17,1500.00,390.00,-1,10,0,100,40000.0,40000.0,0,9500.22,4446.81,550.62
197.9833,0,4,21,5,8,7,0,0,8701.85,-456.41,731.93,4971.11,1500.00,240.00,-1,10,0,100,13200.0,40000.0,0,9500.22,4446.81,550.62
197.9833,0,7,21,5,0,7,0,0,9465.01,4340.65,528.77,113.96,1500.00,240.00,-1,10,0,100,40000.0,40000.0,0,9500.22,4446.81,550.62
197.9833,0,14,35,4,8,10,10,19,10253.94,1796.00,893.37,2777.12,1500.00,540.00,-1,10,1,100,40000.0,40000.0,0,9500.22,4446.81,550.62
197.9833,0,16,24,5,0,7,0,0,9029.51,8341.14,488.12,3923.17,1500.00,240.00,-1,10,0,100,40000.0,40000.0,0,9500.22,4446.81,550.62
197.9833,0,17,22,5,0,7,0,0,9029.51,8341.14,488.12,3923.17,1500.00,240.00,-1,10,0,100,40000.0,40000.0,0,9500.22,4446.81,550.62
198.1000,0,2,21,5,0,3,0,24,9029.51,8341.14,488.12,3923.17,1500.00,240.00,-1,10,0,100,0.0,40000.0,0,9500.22,4446.81,550.62
198.1000,0,3,1,0,0,7,0,0,9029.51,8341.14,488.12,3923.17,1500.00,390.00,-1,10,0,100,40000.0,40000.0,0,9500.22,4446.81,550.62
198.1000,0,4,21,5,8,7,0,0,8701.85,-456.41,731.93,4971.11,1500.00,240.00,-1,10,0,100,13200.0,40000.0,0,9500.22,4446.81,550.62
198.1000,0,7,21,5,0,7,0,0,9465.01,4340.65,528.77,113.96,1500.00,240.00,-1,10,0,100,40000.0,40000.0,0,9500.22,4446.81,550.62
198.1000,0,14,35,4,8,10,10,19,10264.43,1796.39,893.24,2779.60,1500.00,540.00,-1,10,1,100,40000.0,40000.0,0,9500.22,4446.81,550.62
198.1000,0,16,24,5,0,7,0,0,9029.51,8341.14,488.12,3923.17,1500.00,240.00,-1,10,0,100,40000.0,40000.0,0,9500.22,4446.81,550.62
198.1000,0,17,22,5,0,7,0,0,9029.51,8341.14,488.12,3923.17,1500.00,240.00,-1,10,0,100,40000.0,40000.0,0,9500.22,4446.81,550.62
198.2333,0,2,21,5,0,3,0,24,9029.51,8341.14,488.12,3923.17,1500.00,240.00,-1,10,0,100,0.0,40000.0,0,9500.22,4446.81,550.62
198.2333,0,3,1,0,0,7,0,0,9029.51,8341.14,488.12,3923.17,1500.00,390.00,-1,10,0,100,40000.0,40000.0,0,9500.22,4446.81,550.62
198.2333,0,4,21,5,8,7,0,0,8701.85,-456.41,731.93,4971.11,1500.00,240.00,-1,10,0,100,13200.0,40000.0,0,9500.22,4446.81,550.62
198.2333,0,7,21,5,0,7,0,0,9465.01,4340.65,528.77,113.96,1500.00,240.00,-1,10,0,100,40000.0,40000.0,0,9500.22,4446.81,550.62
198.2333,0,14,35,4,8,10,10,19,10276.42,1796.83,893.09,2782.48,1500.00,540.00,-1,10,1,100,40000.0,40000.0,0,9500.22,4446.81,550.62
198.2333,0,16,24,5,0,7,0,0,9029.51,8341.14,488.12,3923.17,1500.00,240.00,-1,10,0,100,40000.0,40000.0,0,9500.22,4446.81,550.62
198.2333,0,17,22,5,0,7,0,0,9029.51,8341.14,488.12,3923.17,1500.00,240.00,-1,10,0,100,40000.0,40000.0,0,9500.22,4446.81,550.62
198.3667,0,2,21,5,0,3,0,24,9029.51,8341.14,488.12,3923.17,1500.00,240.00,-1,10,0,100,0.0,40000.0,0,9500.22,4446.81,550.62
198.3667,0,3,1,0,0,7,0,0,9029.51,8341.14,488.12,3923.17,1500.00,390.00,-1,10,0,100,40000.0,40000.0,0,9500.22,4446.81,550.62
198.3667,0,4,21,5,8,7,0,0,8701.85,-456.41,731.93,4971.11,1500.00,240.00,-1,10,0,100,13200.0,40000.0,0,9500.22,4446.81,550.62
198.3667,0,7,21,5,0,7,0,0,9465.01,4340.65,528.77,113.96,1500.00,240.00,-1,10,0,100,40000.0,40000.0,0,9500.22,4446.81,550.62
198.3667,0,14,35,4,8,10,10,19,10288.41,1797.27,892.95,2785.40,1500.00,540.00,-1,10,1,100,40000.0,40000.0,0,9500.22,4446.81,550.62
198.3667,0,16,24,5,0,7,0,0,9029.51,8341.14,488.12,3923.17,1500.00,240.00,-1,10,0,100,40000.0,40000.0,0,9500.22,4446.81,550.62
198.3667,0,17,22,5,0,7,0,0,9029.51,8341.14,488.12,3923.17,1500.00,240.00,-1,10,0,100,40000.0,40000.0,0,9500.22,4446.81,550.62
198.4833,0,2,21,5,0,3,0,24,9029.51,8341.14,488.12,3923.17,1500.00,240.00,-1,10,0,100,0.0,40000.0,0,9500.22,4446.81,550.62
198.4833,0,3,1,0,0,7,0,0,9029.51,8341.14,488.12,3923.17,1500.00,390.00,-1,10,0,100,40000.0,40000.0,0,9500.22,4446.81,550.62
198.4833,0,4,21,5,8,7,0,0,8701.85,-456.41,731.93,4971.11,1500.00,240.00,-1,10,0,100,13200.0,40000.0,0,9500.22,4446.81,550.62
198.4833,0,7,21,5,0,7,0,0,9465.01,4340.65,528.77,113.96,1500.00,240.00,-1,10,0,100,40000.0,40000.0,0,9500.22,4446.81,550.62
198.4833,0,14,35,4,8,10,10,19,10298.90,1797.66,892.82,2788.01,1500.00,540.00,-1,10,1,100,40000.0,40000.0,0,9500.22,4446.81,550.62
198.4833,0,16,24,5,0,7,0,0,9029.51,8341.14,488.12,3923.17,1500.00,240.00,-1,10,0,100,40000.0,40000.0,0,9500.22,4446.81,550.62
198.4833,0,17,22,5,0,7,0,0,9029.51,8341.14,488.12,3923.17,1500.00,240.00,-1,10,0,100,40000.0,40000.0,0,9500.22,4446.81,550.62
198.6000,0,2,21,5,0,3,0,24,9029.51,8341.14,488.12,3923.17,1500.00,240.00,-1,10,0,100,0.0,40000.0,0,9500.22,4446.81,550.62
198.6000,0,3,1,0,0,7,0,0,9029.51,8341.14,488.12,3923.17,1500.00,390.00,-1,10,0,100,40000.0,40000.0,0,9500.22,4446.81,550.62
198.6000,0,4,21,5,8,7,0,0,8701.85,-456.41,731.93,4971.11,1500.00,240.00,-1,10,0,100,13200.0,40000.0,0,9500.22,4446.81,550.62
198.6000,0,7,21,5,0,7,0,0,9465.01,4340.65,528.77,113.96,1500.00,240.00,-1,10,0,100,40000.0,40000.0,0,9500.22,4446.81,550.62
198.6000,0,14,35,4,8,10,10,19,10309.40,1798.05,892.69,2790.64,1500.00,540.00,-1,10,1,100,40000.0,40000.0,0,9500.22,4446.81,550.62
198.6000,0,16,24,5,0,7,0,0,9029.51,8341.14,488.12,3923.17,1500.00,240.00,-1,10,0,100,40000.0,40000.0,0,9500.22,4446.81,550.62
198.6000,0,17,22,5,0,7,0,0,9029.51,8341.14,488.12,3923.17,1500.00,240.00,-1,10,0,100,40000.0,40000.0,0,9500.22,4446.81,550.62
198.7333,0,2,21,5,0,3,0,24,9029.51,8341.14,488.12,3926.03,1500.00,240.00,-1,10,0,100,0.0,40000.0,0,9499.53,4443.85,550.53
198.7333,0,3,1,0,0,7,0,0,9029.51,8341.14,488.12,3926.03,1500.00,390.00,-1,10,0,100,40000.0,40000.0,0,9499.53,4443.85,550.53
198.7333,0,4,21,5,8,7,0,0,8701.85,-456.41,731.93,4968.08,1500.00,240.00,-1,10,0,100,13200.0,40000.0,0,9499.53,4443.85,550.53
198.7333,0,7,21,5,0,7,0,0,9465.01,4340.65,528.77,110.97,1500.00,240.00,-1,10,0,100,40000.0,40000.0,0,9499.53,4443.85,550.53
198.7333,0,14,35,4,8,10,10,19,10321.39,1798.50,892.54,2791.11,1500.00,540.00,-1,10,1,100,40000.0,40000.0,0,9499.53,4443.85,550.53
198.7333,0,16,24,5,0,7,0,0,9029.51,8341.14,488.12,3926.03,1500.00,240.00,-1,10,0,100,40000.0,40000.0,0,9499.53,4443.85,550.53
198.7333,0,17,22,5,0,7,0,0,9029.51,8341.14,488.12,3926.03,1500.00,240.00,-1,10,0,100,40000.0,40000.0,0,9499.53,4443.85,550.53
198.8667,0,2,21,5,0,3,0,24,9029.51,8341.14,488.12,3934.92,1500.00,240.00,-1,10,0,100,0.0,40000.0,0,9497.13,4434.63,552.06
198.8667,0,3,1,0,0,7,0,0,9029.51,8341.14,488.12,3934.92,1500.00,390.00,-1,10,0,100,40000.0,40000.0,0,9497.13,4434.63,552.06
198.8667,0,4,21,5,8,7,0,0,8701.85,-456.41,731.93,4958.54,1500.00,240.00,-1,10,0,100,13200.0,40000.0,0,9497.13,4434.63,552.06
198.8667,0,7,21,5,0,7,0,0,9465.01,4340.65,528.77,102.01,1500.00,240.00,-1,10,0,100,40000.0,40000.0,0,9497.13,4434.63,552.06
198.8667,0,14,35,4,8,10,10,19,10333.38,1798.94,892.39,2786.04,1500.00,540.00,-1,10,1,100,40000.0,40000.0,0,9497.13,4434.63,552.06
198.8667,0,16,24,5,0,7,0,0,9029.51,8341.14,488.12,3934.92,1500.00,240.00,-1,10,0,100,40000.0,40000.0,0,9497.13,4434.63,552.06
198.8667,0,17,22,5,0,7,0,0,9029.51,8341.14,488.12,3934.92,1500.00,240.00,-1,10,0,100,40000.0,40000.0,0,9497.13,4434.63,552.06
198.9833,0,2,21,5,0,3,0,24,9029.51,8341.14,488.12,3947.03,1500.00,240.00,-1,10,0,100,0.0,40000.0,0,9495.06,4422.28,558.02
198.9833,0,3,1,0,0,7,0,0,9029.51,8341.14,488.12,3947.03,1500.00,390.00,-1,10,0,100,40000.0,40000.0,0,9495.06,4422.28,558.02
198.9833,0,4,21,5,8,7,0,0,8701.85,-456.41,731.93,4945.82,1500.00,240.00,-1,10,0,100,13200.0,40000.0,0,9495.06,4422.28,558.02
198.9833,0,7,21,5,0,7,0,0,9465.01,4340.65,528.77,91.77,1500.00,240.00,-1,10,0,100,40000.0,40000.0,0,9495.06,4422.28,558.02
198.9833,0,14,35,4,8,10,10,19,10343.87,1799.33,892.26,2777.07,1500.00,540.00,-1,10,1,100,40000.0,40000.0,0,9495.06,4422.28,558.02
198.9833,0,16,24,5,0,7,0,0,9029.51,8341.14,488.12,3947.03,1500.00,240.00,-1,10,0,100,40000.0,40000.0,0,9495.06,4422.28,558.02
198.9833,0,17,22,5,0,7,0,0,9029.51,8341.14,488.12,3947.03,1500.00,240.00,-1,10,0,100,40000.0,40000.0,0,9495.06,4422.28,558.02
199.1167,0,2,21,5,0,3,0,24,9029.51,8341.14,488.12,3956.34,1500.00,240.00,-1,10,0,100,0.0,40000.0,0,9497.96,4413.27,559.09
199.1167,0,3,1,0,0,7,0,0,9029.51,8341.14,488.12,3956.34,1500.00,390.00,-1,10,0,100,40000.0,40000.0,0,9497.96,4413.27,559.09
199.1167,0,4,21,5,8,7,0,0,8701.85,-456.41,731.93,4937.36,1500.00,240.00,-1,10,0,100,13200.0,40000.0,0,9497.96,4413.27,559.09
199.1167,0,7,21,5,0,7,0,0,9465.01,4340.65,528.77,85.32,1500.00,240.00,-1,10,0,100,40000.0,40000.0,0,9497.96,4413.27,559.09
199.1167,0,14,35,4,8,10,10,19,10355.86,1799.77,892.12,2770.79,1500.00,540.00,-1,10,1,100,40000.0,40000.0,0,9497.96,4413.27,559.09
199.1167,0,16,24,5,0,7,0,0,9029.51,8341.14,488.12,3956.34,1500.00,240.00,-1,10,0,100,40000.0,40000.0,0,9497.96,4413.27,559.09
199.1167,0,17,22,5,0,7,0,0,9029.51,8341.14,488.12,3956.34,1500.00,240.00,-1,10,0,100,40000.0,40000.0,0,9497.96,4413.27,559.09
199.2333,0,2,21,5,0,3,0,24,9029.51,8341.14,488.12,3961.23,1500.00,240.00,-1,10,0,100,0.0,40000.0,0,9503.86,4409.06,559.55
199.2333,0,3,1,0,0,7,0,0,9029.51,8341.14,488.12,3961.23,1500.00,390.00,-1,10,0,100,40000.0,40000.0,0,9503.86,4409.06,559.55
199.2333,0,4,21,5,8,7,0,0,8701.85,-456.41,731.93,4934.14,1500.00,240.00,-1,10,0,100,13200.0,40000.0,0,9503.86,4409.06,559.55
199.2333,0,7,21,5,0,7,0,0,9465.01,4340.65,528.77,84.48,1500.00,240.00,-1,10,0,100,40000.0,40000.0,0,9503.86,4409.06,559.55
199.2333,0,14,35,4,8,10,10,19,10366.35,1800.16,891.99,2767.81,1500.00,540.00,-1,10,1,100,40000.0,40000.0,0,9503.86,4409.06,559.55
199.2333,0,16,24,5,0,7,0,0,9029.51,8341.14,488.12,3961.23,1500.00,240.00,-1,10,0,100,40000.0,40000.0,0,9503.86,4409.06,559.55
199.2333,0,17,22,5,0,7,0,0,9029.51,8341.14,488.12,3961.23,1500.00,240.00,-1,10,0,100,40000.0,40000.0,0,9503.86,4409.06,559.55
199.3667,0,2,21,5,0,3,0,24,9029.51,8341.14,488.12,3966.43,1500.00,240.00,-1,10,0,100,0.0,40000.0,0,9511.53,4404.76,560.34
199.3667,0,3,1,0,0,7,0,0,9029.51,8341.14,488.12,3966.43,1500.00,390.00,-1,10,0,100,40000.0,40000.0,0,9511.53,4404.76,560.34
199.3667,0,4,21,5,8,7,0,0,8701.85,-456.41,731.93,4931.13,1500.00,240.00,-1,10,0,100,13200.0,40000.0,0,9511.53,4404.76,560.34
199.3667,0,7,21,5,0,7,0,0,9465.01,4340.65,528.77,85.27,1500.00,240.00,-1,10,0,100,40000.0,40000.0,0,9511.53,4404.76,560.34
199.3667,0,14,35,4,8,10,10,19,10378.34,1800.61,891.84,2764.58,1500.00,540.00,-1,10,1,100,40000.0,40000.0,0,9511.53,4404.76,560.34
199.3667,0,16,24,5,0,7,0,0,9029.51,8341.14,488.12,3966.43,1500.00,240.00,-1,10,0,100,40000.0,40000.0,0,9511.53,4404.76,560.34
199.3667,0,17,22,5,0,7,0,0,9029.51,8341.14,488.12,3966.43,1500.00,240.00,-1,10,0,100,40000.0,40000.0,0,9511.53,4404.76,560.34
199.5000,0,2,21,5,0,3,0,24,9029.51,8341.14,488.12,3971.22,1500.00,240.00,-1,10,0,100,0.0,40000.0,0,9522.23,4401.21,557.04
199.5000,0,3,1,0,0,7,0,0,9029.51,8341.14,488.12,3971.22,1500.00,390.00,-1,10,0,100,40000.0,40000.0,0,9522.23,4401.21,557.04
199.5000,0,4,21,5,8,7,0,0,8701.85,-456.41,731.93,4929.51,1500.00,240.00,-1,10,0,100,13200.0,40000.0,0,9522.23,4401.21,557.04
199.5000,0,7,21,5,0,7,0,0,9465.01,4340.65,528.77,87.98,1500.00,240.00,-1,10,0,100,40000.0,40000.0,0,9522.23,4401.21,557.04
199.5000,0,14,35,4,8,10,10,19,10390.33,1801.05,891.69,2761.60,1500.00,540.00,-1,10,1,100,40000.0,40000.0,0,9522.23,4401.21,557.04
199.5000,0,16,24,5,0,7,0,0,9029.51,8341.14,488.12,3971.22,1500.00,240.00,-1,10,0,100,40000.0,40000.0,0,9522.23,4401.21,557.04
199.5000,0,17,22,5,0,7,0,0,9029.51,8341.14,488.12,3971.22,1500.00,240.00,-1,10,0,100,40000.0,40000.0,0,9522.23,4401.21,557.04
199.6167,0,2,21,5,0,3,0,24,9029.51,8341.14,488.12,3974.01,1500.00,240.00,-1,10,0,100,0.0,40000.0,0,9532.92,4399.69,553.77
199.6167,0,3,1,0,0,7,0,0,9029.51,8341.14,488.12,3974.01,1500.00,390.00,-1,10,0,100,40000.0,40000.0,0,9532.92,4399.69,553.77
199.6167,0,4,21,5,8,7,0,0,8701.85,-456.41,731.93,4929.92,1500.00,240.00,-1,10,0,100,13200.0,40000.0,0,9532.92,4399.69,553.77
199.6167,0,7,21,5,0,7,0,0,9465.01,4340.65,528.77,93.39,1500.00,240.00,-1,10,0,100,40000.0,40000.0,0,9532.92,4399.69,553.77
199.6167,0,14,35,4,8,10,10,19,10400.83,1801.44,891.56,2760.12,1500.00,540.00,-1,10,1,100,40000.0,40000.0,0,9532.92,4399.69,553.77
199.6167,0,16,24,5,0,7,0,0,9029.51,8341.14,488.12,3974.01,1500.00,240.00,-1,10,0,100,40000.0,40000.0,0,9532.92,4399.69,553.77
199.6167,0,17,22,5,0,7,0,0,9029.51,8341.14,488.12,3974.01,1500.00,240.00,-1,10,0,100,40000.0,40000.0,0,9532.92,4399.69,553.77
199.7500,0,2,21,5,0,3,0,24,9029.51,8341.14,488.12,3973.81,1500.00,240.00,-1,10,0,100,0.0,40000.0,0,9535.03,4400.16,553.70
199.7500,0,3,1,0,0,7,0,0,9029.51,8341.14,488.12,3973.81,1500.00,390.00,-1,10,0,100,40000.0,40000.0,0,9535.03,4400.16,553.70
199.7500,0,4,21,5,8,7,0,0,8701.85,-456.41,731.93,4930.75,1500.00,240.00,-1,10,0,100,13200.0,40000.0,0,9535.03,4400.16,553.70
199.7500,0,7,21,5,0,7,0,0,9465.01,4340.65,528.77,95.22,1500.00,240.00,-1,10,0,100,40000.0,40000.0,0,9535.03,4400.16,553.70
199.7500,0,14,35,4,8,10,10,19,10412.82,1801.88,891.42,2763.26,1500.00,540.00,-1,10,1,100,40000.0,40000.0,0,9535.03,4400.16,553.70
199.7500,0,16,24,5,0,7,0,0,9029.51,8341.14,488.12,3973.81,1500.00,240.00,-1,10,0,100,40000.0,40000.0,0,9535.03,4400.16,553.70
199.7500,0,17,22,5,0,7,0,0,9029.51,8341.14,488.12,3973.81,1500.00,240.00,-1,10,0,100,40000.0,40000.0,0,9535.03,4400.16,553.70
199.8667,0,2,21,5,0,3,0,24,9029.51,8341.14,488.12,3973.81,1500.00,240.00,-1,10,0,100,0.0,40000.0,0,9535.03,4400.16,553.70
199.8667,0,3,1,0,0,7,0,0,9029.51,8341.14,488.12,3973.81,1500.00,390.00,-1,10,0,100,40000.0,40000.0,0,9535.03,4400.16,553.70
199.8667,0,4,21,5,8,7,0,0,8701.85,-456.41,731.93,4930.75,1500.00,240.00,-1,10,0,100,13200.0,40000.0,0,9535.03,4400.16,553.70
199.8667,0,7,21,5,0,7,0,0,9465.01,4340.65,528.77,95.22,1500.00,240.00,-1,10,0,100,40000.0,40000.0,0,9535.03,4400.16,553.70
199.8667,0,14,35,4,8,10,10,19,10423.31,1802.27,891.29,2766.23,1500.00,540.00,-1,10,1,100,40000.0,40000.0,0,9535.03,4400.16,553.70
199.8667,0,16,24,5,0,7,0,0,9029.51,8341.14,488.12,3973.81,1500.00,240.00,-1,10,0,100,40000.0,40000.0,0,9535.03,4400.16,553.70
199.8667,0,17,22,5,0,7,0,0,9029.51,8341.14,488.12,3973.81,1500.00,240.00,-1,10,0,100,40000.0,40000.0,0,9535.03,4400.16,553.70
200.0000,0,2,21,5,0,3,0,24,9029.51,8341.14,488.12,3973.81,1500.00,240.00,-1,10,0,100,0.0,40000.0,0,9535.03,4400.16,553.70
200.0000,0,3,1,0,0,7,0,0,9029.51,8341.14,488.12,3973.81,1500.00,390.00,-1,10,0,100,40000.0,40000.0,0,9535.03,4400.16,553.70
200.0000,0,4,21,5,8,7,0,0,8701.85,-456.41,731.93,4930.75,1500.00,240.00,-1,10,0,100,13200.0,40000.0,0,9535.03,4400.16,553.70
200.0000,0,7,21,5,0,7,0,0,9465.01,4340.65,528.77,95.22,1500.00,240.00,-1,10,0,100,40000.0,40000.0,0,9535.03,4400.16,553.70
200.0000,0,14,35,4,8,10,10,19,10435.30,1802.71,891.14,2769.67,1500.00,540.00,-1,10,1,100,40000.0,40000.0,0,9535.03,4400.16,553.70
200.0000,0,16,24,5,0,7,0,0,9029.51,8341.14,488.12,3973.81,1500.00,240.00,-1,10,0,100,40000.0,40000.0,0,9535.03,4400.16,553.70
200.0000,0,17,22,5,0,7,0,0,9029.51,8341.14,488.12,3973.81,1500.00,240.00,-1,10,0,100,40000.0,40000.0,0,9535.03,4400.16,553.70
200.1167,0,2,21,5,0,3,0,24,9029.51,8341.14,488.12,3983.09,1500.00,240.00,-1,10,0,100,0.0,40000.0,0,9527.24,4389.92,559.73
200.1167,0,3,1,0,0,7,0,0,9029.51,8341.14,488.12,3983.09,1500.00,390.00,-1,10,0,100,40000.0,40000.0,0,9527.24,4389.92,559.73
200.1167,0,4,21,5,8,7,0,0,8701.85,-456.41,731.93,4919.13,1500.00,240.00,-1,10,0,100,13200.0,40000.0,0,9527.24,4389.92,559.73
200.1167,0,7,21,5,0,7,0,0,9465.01,4340.65,528.77,85.20,1500.00,240.00,-1,10,0,100,40000.0,40000.0,0,9527.24,4389.92,559.73
200.1167,0,14,35,4,8,10,10,19,10445.79,1803.10,891.01,2764.98,1500.00,540.00,-1,10,1,100,40000.0,40000.0,0,9527.24,4389.92,559.73
200.1167,0,16,24,5,0,7,0,0,9029.51,8341.14,488.12,3983.09,1500.00,240.00,-1,10,0,100,40000.0,40000.0,0,9527.24,4389.92,559.73
200.1167,0,17,22,5,0,7,0,0,9029.51,8341.14,488.12,3983.09,1500.00,240.00,-1,10,0,100,40000.0,40000.0,0,9527.24,4389.92,559.73
200.2500,0,2,21,5,0,3,0,24,9029.51,8341.14,488.12,3996.56,1500.00,240.00,-1,10,0,100,0.0,40000.0,0,9513.47,4374.83,569.89
200.2500,0,3,1,0,0,7,0,0,9029.51,8341.14,488.12,3996.56,1500.00,390.00,-1,10,0,100,40000.0,40000.0,0,9513.47,4374.83,569.89
200.2500,0,4,21,5,8,7,0,0,8701.85,-456.41,731.93,4901.63,1500.00,240.00,-1,10,0,100,13200.0,40000.0,0,9513.47,4374.83,569.89
200.2500,0,7,21,5,0,7,0,0,9465.01,4340.65,528.77,72.17,1500.00,240.00,-1,10,0,100,40000.0,40000.0,0,9513.47,4374.83,569.89
200.2500,0,14,35,4,8,10,10,19,10457.78,1803.55,890.86,2757.94,1500.00,540.00,-1,10,1,100,40000.0,40000.0,0,9513.47,4374.83,569.89
200.2500,0,16,24,5,0,7,0,0,9029.51,8341.14,488.12,3996.56,1500.00,240.00,-1,10,0,100,40000.0,40000.0,0,9513.47,4374.83,569.89
200.2500,0,17,22,5,0,7,0,0,9029.51,8341.14,488.12,3996.56,1500.00,240.00,-1,10,0,100,40000.0,40000.0,0,9513.47,4374.83,569.89
200.3833,0,2,21,5,0,3,0,24,9029.51,8341.14,488.12,4008.17,1500.00,240.00,-1,10,0,100,0.0,40000.0,0,9503.36,4362.13,579.96
200.3833,0,3,1,0,0,7,0,0,9029.51,8341.14,488.12,4008.17,1500.00,390.00,-1,10,0,100,40000.0,40000.0,0,9503.36,4362.13,579.96
200.3833,0,4,21,5,8,7,0,0,8701.85,-456.41,731.93,4887.12,1500.00,240.00,-1,10,0,100,13200.0,40000.0,0,9503.36,4362.13,579.96
200.3833,0,7,21,5,0,7,0,0,9465.01,4340.65,528.77,67.48,1500.00,240.00,-1,10,0,100,40000.0,40000.0,0,9503.36,4362.13,579.96
200.3833,0,14,35,4,8,10,10,19,10469.77,1803.99,890.72,2752.20,1500.00,540.00,-1,10,1,100,40000.0,40000.0,0,9503.36,4362.13,579.96
200.3833,0,16,24,5,0,7,0,0,9029.51,8341.14,488.12,4008.17,1500.00,240.00,-1,10,0,100,40000.0,40000.0,0,9503.36,4362.13,579.96
200.3833,0,17,22,5,0,7,0,0,9029.51,8341.14,488.12,4008.17,1500.00,240.00,-1,10,0,100,40000.0,40000.0,0,9503.36,4362.13,579.96
200.5000,0,2,21,5,0,3,0,24,9029.51,8341.14,488.12,4012.77,1500.00,240.00,-1,10,0,100,0.0,40000.0,0,9499.83,4357.16,583.25
200.5000,0,3,1,0,0,7,0,0,9029.51,8341.14,488.12,4012.77,1500.00,390.00,-1,10,0,100,40000.0,40000.0,0,9499.83,4357.16,583.25
200.5000,0,4,21,5,8,7,0,0,8701.85,-456.41,731.93,4881.54,1500.00,240.00,-1,10,0,100,13200.0,40000.0,0,9499.83,4357.16,583.25
200.5000,0,7,21,5,0,7,0,0,9465.01,4340.65,528.77,66.74,1500.00,240.00,-1,10,0,100,40000.0,40000.0,0,9499.83,4357.16,583.25
200.5000,0,14,35,4,8,10,10,19,10477.87,1799.62,890.97,2755.41,1500.00,540.00,-1,10,1,100,40000.0,40000.0,0,9499.83,4357.16,583.25
200.5000,0,16,24,5,0,7,0,0,9029.51,8341.14,488.12,4012.77,1500.00,240.00,-1,10,0,100,40000.0,40000.0,0,9499.83,4357.16,583.25
200.5000,0,17,22,5,0,7,0,0,9029.51,8341.14,488.12,4012.77,1500.00,240.00,-1,10,0,100,40000.0,40000.0,0,9499.83,4357.16,583.25
200.6333,0,2,21,5,0,3,0,24,9029.51,8341.14,488.12,4019.16,1500.00,240.00,-1,10,0,100,0.0,40000.0,0,9497.01,4350.49,586.83
200.6333,0,3,1,0,0,7,0,0,9029.51,8341.14,488.12,4019.16,1500.00,390.00,-1,10,0,100,40000.0,40000.0,0,9497.01,4350.49,586.83
200.6333,0,4,21,5,8,7,0,0,8701.85,-456.41,731.93,4874.38,1500.00,240.00,-1,10,0,100,13200.0,40000.0,0,9497.01,4350.49,586.83
200.6333,0,7,21,5,0,7,0,0,9465.01,4340.65,528.77,67.02,1500.00,240.00,-1,10,0,100,40000.0,40000.0,0,9497.01,4350.49,586.83
200.6333,0,14,35,4,8,10,10,19,10488.35,1793.79,891.32,2759.01,1500.00,540.00,-1,10,1,100,40000.0,40000.0,0,9497.01,4350.49,586.83
200.6333,0,16,24,5,0,7,0,0,9029.51,8341.14,488.12,4019.16,1500.00,240.00,-1,10,0,100,40000.0,40000.0,0,9497.01,4350.49,586.83
200.6333,0,17,22,5,0,7,0,0,9029.51,8341.14,488.12,4019.16,1500.00,240.00,-1,10,0,100,40000.0,40000.0,0,9497.01,4350.49,586.83
200.7500,0,2,21,5,0,3,0,24,9029.51,8341.14,488.12,4025.75,1500.00,240.00,-1,10,0,100,0.0,40000.0,0,9495.53,4343.77,591.04
200.7500,0,3,1,0,0,7,0,0,9029.51,8341.14,488.12,4025.75,1500.00,390.00,-1,10,0,100,40000.0,40000.0,0,9495.53,4343.77,591.04
200.7500,0,4,21,5,8,7,0,0,8701.85,-456.41,731.93,4867.40,1500.00,240.00,-1,10,0,100,13200.0,40000.0,0,9495.53,4343.77,591.04
200.7500,0,7,21,5,0,7,0,0,9465.01,4340.65,528.77,69.42,1500.00,240.00,-1,10,0,100,40000.0,40000.0,0,9495.53,4343.77,591.04
200.7500,0,14,35,4,8,10,10,19,10497.52,1788.69,891.63,2760.94,1500.00,540.00,-1,10,1,100,40000.0,40000.0,0,9495.53,4343.77,591.04
200.7500,0,16,24,5,0,7,0,0,9029.51,8341.14,488.12,4025.75,1500.00,240.00,-1,10,0,100,40000.0,40000.0,0,9495.53,4343.77,591.04
200.7500,0,17,22,5,0,7,0,0,9029.51,8341.14,488.12,4025.75,1500.00,240.00,-1,10,0,100,40000.0,40000.0,0,9495.53,4343.77,591.04
200.8833,0,2,21,5,0,3,0,24,9029.51,8341.14,488.12,4031.80,1500.00,240.00,-1,10,0,100,0.0,40000.0,0,9494.65,4337.76,597.74
200.8833,0,3,1,0,0,7,0,0,9029.51,8341.14,488.12,4031.80,1500.00,390.00,-1,10,0,100,40000.0,40000.0,0,9494.65,4337.76,597.74
200.8833,0,4,21,5,8,7,0,0,8701.85,-456.41,731.93,4861.13,1500.00,240.00,-1,10,0,100,13200.0,40000.0,0,9494.65,4337.76,597.74
200.8833,0,7,21,5,0,7,0,0,9465.01,4340.65,528.77,75.12,1500.00,240.00,-1,10,0,100,40000.0,40000.0,0,9494.65,4337.76,597.74
200.8833,0,14,35,4,8,10,10,19,10508.00,1782.86,891.98,2764.23,1500.00,540.00,-1,10,1,100,40000.0,40000.0,0,9494.65,4337.76,597.74
200.8833,0,16,24,5,0,7,0,0,9029.51,8341.14,488.12,4031.80,1500.00,240.00,-1,10,0,100,40000.0,40000.0,0,9494.65,4337.76,597.74
200.8833,0,17,22,5,0,7,0,0,9029.51,8341.14,488.12,4031.80,1500.00,240.00,-1,10,0,100,40000.0,40000.0,0,9494.65,4337.76,597.74
201.0000,0,2,21,5,0,3,0,24,9029.51,8341.14,488.12,4039.27,1500.00,240.00,-1,10,0,100,0.0,40000.0,0,9492.01,4330.01,600.56
201.0000,0,3,1,0,0,7,0,0,9029.51,8341.14,488.12,4039.27,1500.00,390.00,-1,10,0,100,40000.0,40000.0,0,9492.01,4330.01,600.56
201.0000,0,4,21,5,8,7,0,0,8701.85,-456.41,731.93,4852.98,1500.00,240.00,-1,10,0,100,13200.0,40000.0,0,9492.01,4330.01,600.56
201.0000,0,7,21,5,0,7,0,0,9465.01,4340.65,528.77,77.44,1500.00,240.00,-1,10,0,100,40000.0,40000.0,0,9492.01,4330.01,600.56
201.0000,0,14,35,4,8,10,10,19,10517.18,1777.76,892.28,2765.87,1500.00,540.00,-1,10,1,100,40000.0,40000.0,0,9492.01,4330.01,600.56
201.0000,0,16,24,5,0,7,0,0,9029.51,8341.14,488.12,4039.27,1500.00,240.00,-1,10,0,100,40000.0,40000.0,0,9492.01,4330.01,600.56
201.0000,0,17,22,5,0,7,0,0,9029.51,8341.14,488.12,4039.27,1500.00,240.00,-1,10,0,100,40000.0,40000.0,0,9492.01,4330.01,600.56
201.1333,0,2,21,5,0,3,0,24,9029.51,8341.14,488.12,4047.10,1500.00,240.00,-1,10,0,100,0.0,40000.0,0,9485.97,4321.36,597.84
201.1333,0,3,1,0,0,7,0,0,9029.51,8341.14,488.12,4047.10,1500.00,390.00,-1,10,0,100,40000.0,40000.0,0,9485.97,4321.36,597.84
201.1333,0,4,21,5,8,7,0,0,8701.85,-456.41,731.93,4843.55,1500.00,240.00,-1,10,0,100,13200.0,40000.0,0,9485.97,4321.36,597.84
201.1333,0,7,21,5,0,7,0,0,9465.01,4340.65,528.77,74.72,1500.00,240.00,-1,10,0,100,40000.0,40000.0,0,9485.97,4321.36,597.84
201.1333,0,14,35,4,8,10,10,19,10527.66,1771.93,892.63,2769.77,1500.00,540.00,-1,10,1,100,40000.0,40000.0,0,9485.97,4321.36,597.84
201.1333,0,16,24,5,0,7,0,0,9029.51,8341.14,488.12,4047.10,1500.00,240.00,-1,10,0,100,40000.0,40000.0,0,9485.97,4321.36,597.84
201.1333,0,17,22,5,0,7,0,0,9029.51,8341.14,488.12,4047.10,1500.00,240.00,-1,10,0,100,40000.0,40000.0,0,9485.97,4321.36,597.84
201.2667,0,2,21,5,0,3,0,24,9029.51,8341.14,488.12,4054.03,1500.00,240.00,-1,10,0,100,0.0,40000.0,0,9477.30,4313.30,593.92
201.2667,0,3,1,0,0,7,0,0,9029.51,8341.14,488.12,4054.03,1500.00,390.00,-1,10,0,100,40000.0,40000.0,0,9477.30,4313.30,593.92
201.2667,0,4,21,5,8,7,0,0,8701.85,-456.41,731.93,4834.31,1500.00,240.00,-1,10,0,100,13200.0,40000.0,0,9477.30,4313.30,593.92
201.2667,0,7,21,5,0,7,0,0,9465.01,4340.65,528.77,71.72,1500.00,240.00,-1,10,0,100,40000.0,40000.0,0,9477.30,4313.30,593.92
201.2667,0,14,35,4,8,10,10,19,10538.14,1766.10,892.98,2775.44,1500.00,540.00,-1,10,1,100,40000.0,40000.0,0,9477.30,4313.30,593.92
201.2667,0,16,24,5,0,7,0,0,9029.51,8341.14,488.12,4054.03,1500.00,240.00,-1,10,0,100,40000.0,40000.0,0,9477.30,4313.30,593.92
201.2667,0,17,22,5,0,7,0,0,9029.51,8341.14,488.12,4054.03,1500.00,240.00,-1,10,0,100,40000.0,40000.0,0,9477.30,4313.30,593.92
201.3833,0,2,21,5,0,3,0,24,9029.51,8341.14,488.12,4058.90,1500.00,240.00,-1,10,0,100,0.0,40000.0,0,9471.76,4307.76,592.82
201.3833,0,3,1,0,0,7,0,0,9029.51,8341.14,488.12,4058.90,1500.00,390.00,-1,10,0,100,40000.0,40000.0,0,9471.76,4307.76,592.82
201.3833,0,4,21,5,8,7,0,0,8701.85,-456.41,731.93,4827.99,1500.00,240.00,-1,10,0,100,13200.0,40000.0,0,9471.76,4307.76,592.82
201.3833,0,7,21,5,0,7,0,0,9465.01,4340.65,528.77,72.32,1500.00,240.00,-1,10,0,100,40000.0,40000.0,0,9471.76,4307.76,592.82
201.3833,0,14,35,4,8,10,10,19,10547.31,1760.99,893.28,2780.85,1500.00,540.00,-1,10,1,100,40000.0,40000.0,0,9471.76,4307.76,592.82
201.3833,0,16,24,5,0,7,0,0,9029.51,8341.14,488.12,4058.90,1500.00,240.00,-1,10,0,100,40000.0,40000.0,0,9471.76,4307.76,592.82
201.3833,0,17,22,5,0,7,0,0,9029.51,8341.14,488.12,4058.90,1500.00,240.00,-1,10,0,100,40000.0,40000.0,0,9471.76,4307.76,592.82
201.5167,0,2,21,5,0,3,0,24,9029.51,8341.14,488.12,4060.19,1500.00,240.00,-1,10,0,100,0.0,40000.0,0,9466.33,4305.81,590.47
201.5167,0,3,1,0,0,7,0,0,9029.51,8341.14,488.12,4060.19,1500.00,390.00,-1,10,0,100,40000.0,40000.0,0,9466.33,4305.81,590.47
201.5167,0,4,21,5,8,7,0,0,8701.85,-456.41,731.93,4825.27,1500.00,240.00,-1,10,0,100,13200.0,40000.0,0,9466.33,4305.81,590.47
201.5167,0,7,21,5,0,7,0,0,9465.01,4340.65,528.77,70.88,1500.00,240.00,-1,10,0,100,40000.0,40000.0,0,9466.33,4305.81,590.47
201.5167,0,14,35,4,8,10,10,19,10557.79,1755.16,893.63,2790.88,1500.00,540.00,-1,10,1,100,40000.0,40000.0,0,9466.33,4305.81,590.47
201.5167,0,16,24,5,0,7,0,0,9029.51,8341.14,488.12,4060.19,1500.00,240.00,-1,10,0,100,40000.0,40000.0,0,9466.33,4305.81,590.47
201.5167,0,17,22,5,0,7,0,0,9029.51,8341.14,488.12,4060.19,1500.00,240.00,-1,10,0,100,40000.0,40000.0,0,9466.33,4305.81,590.47
201.6500,0,2,21,5,0,3,0,24,9029.51,8341.14,488.12,4063.45,1500.00,240.00,-1,10,0,100,0.0,40000.0,0,9461.24,4301.92,587.89
201.6500,0,3,1,0,0,7,0,0,9029.51,8341.14,488.12,4063.45,1500.00,390.00,-1,10,0,100,40000.0,40000.0,0,9461.24,4301.92,587.89
201.6500,0,4,21,5,8,7,0,0,8701.85,-456.41,731.93,4820.70,1500.00,240.00,-1,10,0,100,13200.0,40000.0,0,9461.24,4301.92,587.89
201.6500,0,7,21,5,0,7,0,0,9465.01,4340.65,528.77,70.78,1500.00,240.00,-1,10,0,100,40000.0,40000.0,0,9461.24,4301.92,587.89
201.6500,0,14,35,4,8,10,10,19,10568.28,1749.33,893.98,2799.09,1500.00,540.00,-1,10,1,100,40000.0,40000.0,0,9461.24,4301.92,587.89
201.6500,0,16,24,5,0,7,0,0,9029.51,8341.14,488.12,4063.45,1500.00,240.00,-1,10,0,100,40000.0,40000.0,0,9461.24,4301.92,587.89
201.6500,0,17,22,5,0,7,0,0,9029.51,8341.14,488.12,4063.45,1500.00,240.00,-1,10,0,100,40000.0,40000.0,0,9461.24,4301.92,587.89
201.7833,0,2,21,5,0,3,0,24,9029.51,8341.14,488.12,4066.09,1500.00,240.00,-1,10,0,100,0.0,40000.0,0,9456.19,4298.74,588.45
201.7833,0,3,1,0,0,7,0,0,9029.51,8341.14,488.12,4066.09,1500.00,390.00,-1,10,0,100,40000.0,40000.0,0,9456.19,4298.74,588.45
201.7833,0,4,21,5,8,7,0,0,8701.85,-456.41,731.93,4816.76,1500.00,240.00,-1,10,0,100,13200.0,40000.0,0,9456.19,4298.74,588.45
201.7833,0,7,21,5,0,7,0,0,9465.01,4340.65,528.77,73.46,1500.00,240.00,-1,10,0,100,40000.0,40000.0,0,9456.19,4298.74,588.45
201.7833,0,14,35,4,8,10,10,19,10578.76,1743.50,894.33,2807.67,1500.00,540.00,-1,10,1,100,40000.0,40000.0,0,9456.19,4298.74,588.45
201.7833,0,16,24,5,0,7,0,0,9029.51,8341.14,488.12,4066.09,1500.00,240.00,-1,10,0,100,40000.0,40000.0,0,9456.19,4298.74,588.45
201.7833,0,17,22,5,0,7,0,0,9029.51,8341.14,488.12,4066.09,1500.00,240.00,-1,10,0,100,40000.0,40000.0,0,9456.19,4298.74,588.45
201.9167,0,2,21,5,0,3,0,24,9029.51,8341.14,488.12,4066.09,1500.00,240.00,-1,10,0,100,0.0,40000.0,0,9456.19,4298.74,588.45
201.9167,0,3,1,0,0,7,0,0,9029.51,8341.14,488.12,4066.09,1500.00,390.00,-1,10,0,100,40000.0,40000.0,0,9456.19,4298.74,588.45
201.9167,0,4,21,5,8,7,0,0,8701.85,-456.41,731.93,4816.76,1500.00,240.00,-1,10,0,100,13200.0,40000.0,0,9456.19,4298.74,588.45
201.9167,0,7,21,5,0,7,0,0,9465.01,4340.65,528.77,73.46,1500.00,240.00,-1,10,0,100,40000.0,40000.0,0,9456.19,4298.74,588.45
201.9167,0,14,35,4,8,10,10,19,10589.24,1737.67,894.68,2817.21,1500.00,540.00,-1,10,1,100,40000.0,40000.0,0,9456.19,4298.74,588.45
201.9167,0,16,24,5,0,7,0,0,9029.51,8341.14,488.12,4066.09,1500.00,240.00,-1,10,0,100,40000.0,40000.0,0,9456.19,4298.74,588.45
201.9167,0,17,22,5,0,7,0,0,9029.51,8341.14,488.12,4066.09,1500.00,240.00,-1,10,0,100,40000.0,40000.0,0,9456.19,4298.74,588.45
202.0333,0,2,21,5,0,3,0,24,9029.51,8341.14,488.12,4066.09,1500.00,240.00,-1,10,0,100,0.0,40000.0,0,9456.19,4298.74,588.45
202.0333,0,3,1,0,0,7,0,0,9029.51,8341.14,488.12,4066.09,1500.00,390.00,-1,10,0,100,40000.0,40000.0,0,9456.19,4298.74,588.45
202.0333,0,4,21,5,8,7,0,0,8701.85,-456.41,731.93,4816.76,1500.00,240.00,-1,10,0,100,13200.0,40000.0,0,9456.19,4298.74,588.45
202.0333,0,7,21,5,0,7,0,0,9465.01,4340.65,528.77,73.46,1500.00,240.00,-1,10,0,100,40000.0,40000.0,0,9456.19,4298.74,588.45
202.0333,0,14,35,4,8,10,10,19,10598.41,1732.57,894.98,2825.58,1500.00,540.00,-1,10,1,100,40000.0,40000.0,0,9456.19,4298.74,588.45
202.0333,0,16,24,5,0,7,0,0,9029.51,8341.14,488.12,4066.09,1500.00,240.00,-1,10,0,100,40000.0,40000.0,0,9456.19,4298.74,588.45
202.0333,0,17,22,5,0,7,0,0,9029.51,8341.14,488.12,4066.09,1500.00,240.00,-1,10,0,100,40000.0,40000.0,0,9456.19,4298.74,588.45
202.1667,0,2,21,5,0,3,0,24,9029.51,8341.14,488.12,4066.09,1500.00,240.00,-1,10,0,100,0.0,40000.0,0,9456.19,4298.74,588.45
202.1667,0,3,1,0,0,7,0,0,9029.51,8341.14,488.12,4066.09,1500.00,390.00,-1,10,0,100,40000.0,40000.0,0,9456.19,4298.74,588.45
202.1667,0,4,21,5,8,7,0,0,8701.85,-456.41,731.93,4816.76,1500.00,240.00,-1,10,0,100,13200.0,40000.0,0,9456.19,4298.74,588.45
202.1667,0,7,21,5,0,7,0,0,9465.01,4340.65,528.77,73.46,1500.00,240.00,-1,10,0,100,40000.0,40000.0,0,9456.19,4298.74,588.45
202.1667,0,14,35,4,8,10,10,19,10608.90,1726.74,895.33,2835.16,1500.00,540.00,-1,10,1,100,40000.0,40000.0,0,9456.19,4298.74,588.45
202.1667,0,16,24,5,0,7,0,0,9029.51,8341.14,488.12,4066.09,1500.00,240.00,-1,10,0,100,40000.0,40000.0,0,9456.19,4298.74,588.45
202.1667,0,17,22,5,0,7,0,0,9029.51,8341.14,488.12,4066.09,1500.00,240.00,-1,10,0,100,40000.0,40000.0,0,9456.19,4298.74,588.45
202.3000,0,2,21,5,0,3,0,24,9029.51,8341.14,488.12,4066.09,1500.00,240.00,-1,10,0,100,0.0,40000.0,0,9456.19,4298.74,588.45
202.3000,0,3,1,0,0,7,0,0,9029.51,8341.14,488.12,4066.09,1500.00,390.00,-1,10,0,100,40000.0,40000.0,0,9456.19,4298.74,588.45
202.3000,0,4,21,5,8,7,0,0,8701.85,-456.41,731.93,4816.76,1500.00,240.00,-1,10,0,100,13200.0,40000.0,0,9456.19,4298.74,588.45
202.3000,0,7,21,5,0,7,0,0,9465.01,4340.65,528.77,73.46,1500.00,240.00,-1,10,0,100,40000.0,40000.0,0,9456.19,4298.74,588.45
202.3000,0,14,35,4,8,10,10,19,10619.38,1720.91,895.68,2844.76,1500.00,540.00,-1,10,1,100,40000.0,40000.0,0,9456.19,4298.74,588.45
202.3000,0,16,24,5,0,7,0,0,9029.51,8341.14,488.12,4066.09,1500.00,240.00,-1,10,0,100,40000.0,40000.0,0,9456.19,4298.74,588.45
202.3000,0,17,22,5,0,7,0,0,9029.51,8341.14,488.12,4066.09,1500.00,240.00,-1,10,0,100,40000.0,40000.0,0,9456.19,4298.74,588.45
202.4167,0,2,21,5,0,3,0,24,9029.51,8341.14,488.12,4066.09,1500.00,240.00,-1,10,0,100,0.0,40000.0,0,9456.19,4298.74,588.45
202.4167,0,3,1,0,0,7,0,0,9029.51,8341.14,488.12,4066.09,1500.00,390.00,-1,10,0,100,40000.0,40000.0,0,9456.19,4298.74,588.45
202.4167,0,4,21,5,8,7,0,0,8701.85,-456.41,731.93,4816.76,1500.00,240.00,-1,10,0,100,13200.0,40000.0,0,9456.19,4298.74,588.45
202.4167,0,7,21,5,0,7,0,0,9465.01,4340.65,528.77,73.46,1500.00,240.00,-1,10,0,100,40000.0,40000.0,0,9456.19,4298.74,588.45
202.4167,0,14,35,4,8,10,10,19,10628.55,1715.80,895.98,2853.17,1500.00,540.00,-1,10,1,100,40000.0,40000.0,0,9456.19,4298.74,588.45
202.4167,0,16,24,5,0,7,0,0,9029.51,8341.14,488.12,4066.09,1500.00,240.00,-1,10,0,100,40000.0,40000.0,0,9456.19,4298.74,588.45
202.4167,0,17,22,5,0,7,0,0,9029.51,8341.14,488.12,4066.09,1500.00,240.00,-1,10,0,100,40000.0,40000.0,0,9456.19,4298.74,588.45
202.5500,0,2,21,5,0,3,0,24,9029.51,8341.14,488.12,4066.09,1500.00,240.00,-1,10,0,100,0.0,40000.0,0,9456.19,4298.74,588.45
202.5500,0,3,1,0,0,7,0,0,9029.51,8341.14,488.12,4066.09,1500.00,390.00,-1,10,0,100,40000.0,40000.0,0,9456.19,4298.74,588.45
202.5500,0,4,21,5,8,7,0,0,8701.85,-456.41,731.93,4816.76,1500.00,240.00,-1,10,0,100,13200.0,40000.0,0,9456.19,4298.74,588.45
202.5500,0,7,21,5,0,7,0,0,9465.01,4340.65,528.77,73.46,1500.00,240.00,-1,10,0,100,40000.0,40000.0,0,9456.19,4298.74,588.45
202.5500,0,14,35,4,8,10,10,19,10639.03,1709.97,896.33,2862.81,1500.00,540.00,-1,10,1,100,40000.0,40000.0,0,9456.19,4298.74,588.45
202.5500,0,16,24,5,0,7,0,0,9029.51,8341.14,488.12,4066.09,1500.00,240.00,-1,10,0,100,40000.0,40000.0,0,9456.19,4298.74,588.45
202.5500,0,17,22,5,0,7,0,0,9029.51,8341.14,488.12,4066.09,1500.00,240.00,-1,10,0,100,40000.0,40000.0,0,9456.19,4298.74,588.45
202.6833,0,2,21,5,0,3,0,24,9029.51,8341.14,488.12,4066.09,1500.00,240.00,-1,10,0,100,0.0,40000.0,0,9456.19,4298.74,588.45
202.6833,0,3,1,0,0,7,0,0,9029.51,8341.14,488.12,4066.09,1500.00,390.00,-1,10,0,100,40000.0,40000.0,0,9456.19,4298.74,588.45
202.6833,0,4,21,5,8,7,0,0,8701.85,-456.41,731.93,4816.76,1500.00,240.00,-1,10,0,100,13200.0,40000.0,0,9456.19,4298.74,588.45
202.6833,0,7,21,5,0,7,0,0,9465.01,4340.65,528.77,73.46,1500.00,240.00,-1,10,0,100,40000.0,40000.0,0,9456.19,4298.74,588.45
202.6833,0,14,35,4,8,10,10,19,10649.51,1704.14,896.68,2872.46,1500.00,540.00,-1,10,1,100,40000.0,40000.0,0,9456.19,4298.74,588.45
202.6833,0,16,24,5,0,7,0,0,9029.51,8341.14,488.12,4066.09,1500.00,240.00,-1,10,0,100,40000.0,40000.0,0,9456.19,4298.74,588.45
202.6833,0,17,22,5,0,7,0,0,9029.51,8341.14,488.12,4066.09,1500.00,240.00,-1,10,0,100,40000.0,40000.0,0,9456.19,4298.74,588.45
202.8333,0,2,21,5,0,3,0,24,9029.51,8341.14,488.12,4066.09,1500.00,240.00,-1,10,0,100,0.0,40000.0,0,9456.19,4298.74,588.45
202.8333,0,3,1,0,0,7,0,0,9029.51,8341.14,488.12,4066.09,1500.00,390.00,-1,10,0,100,40000.0,40000.0,0,9456.19,4298.74,588.45
202.8333,0,4,21,5,8,7,0,0,8701.85,-456.41,731.93,4816.76,1500.00,240.00,-1,10,0,100,13200.0,40000.0,0,9456.19,4298.74,588.45
202.8333,0,7,21,5,0,7,0,0,9465.01,4340.65,528.77,73.46,1500.00,240.00,-1,10,0,100,40000.0,40000.0,0,9456.19,4298.74,588.45
202.8333,0,14,35,4,8,10,10,19,10661.31,1697.58,897.07,2883.33,1500.00,540.00,-1,10,1,100,40000.0,40000.0,0,9456.19,4298.74,588.45
202.8333,0,16,24,5,0,7,0,0,9029.51,8341.14,488.12,4066.09,1500.00,240.00,-1,10,0,100,40000.0,40000.0,0,9456.19,4298.74,588.45
202.8333,0,17,22,5,0,7,0,0,9029.51,8341.14,488.12,4066.09,1500.00,240.00,-1,10,0,100,40000.0,40000.0,0,9456.19,4298.74,588.45
202.9667,0,2,21,5,0,3,0,24,9029.51,8341.14,488.12,4066.09,1500.00,240.00,-1,10,0,100,0.0,40000.0,0,9456.19,4298.74,588.45
202.9667,0,3,1,0,0,7,0,0,9029.51,8341.14,488.12,4066.09,1500.00,390.00,-1,10,0,100,40000.0,40000.0,0,9456.19,4298.74,588.45
202.9667,0,4,21,5,8,7,0,0,8701.85,-456.41,731.93,4816.76,1500.00,240.00,-1,10,0,100,13200.0,40000.0,0,9456.19,4298.74,588.45
202.9667,0,7,21,5,0,7,0,0,9465.01,4340.65,528.77,73.46,1500.00,240.00,-1,10,0,100,40000.0,40000.0,0,9456.19,4298.74,588.45
202.9667,0,14,35,4,8,10,10,19,10671.79,1691.75,897.42,2893.02,1500.00,540.00,-1,10,1,100,40000.0,40000.0,0,9456.19,4298.74,588.45
202.9667,0,16,24,5,0,7,0,0,9029.51,8341.14,488.12,4066.09,1500.00,240.00,-1,10,0,100,40000.0,40000.0,0,9456.19,4298.74,588.45
202.9667,0,17,22,5,0,7,0,0,9029.51,8341.14,488.12,4066.09,1500.00,240.00,-1,10,0,100,40000.0,40000.0,0,9456.19,4298.74,588.45
203.1167,0,2,21,5,0,3,0,24,9029.51,8341.14,488.12,4066.09,1500.00,240.00,-1,10,0,100,0.0,40000.0,0,9456.19,4298.74,588.45
203.1167,0,3,1,0,0,7,0,0,9029.51,8341.14,488.12,4066.09,1500.00,390.00,-1,10,0,100,40000.0,40000.0,0,9456.19,4298.74,588.45
203.1167,0,4,21,5,8,7,0,0,8701.85,-456.41,731.93,4816.76,1500.00,240.00,-1,10,0,100,13200.0,40000.0,0,9456.19,4298.74,588.45
203.1167,0,7,21,5,0,7,0,0,9465.01,4340.65,528.77,73.46,1500.00,240.00,-1,10,0,100,40000.0,40000.0,0,9456.19,4298.74,588.45
203.1167,0,14,35,4,8,10,10,19,10683.58,1685.19,897.81,2903.94,1500.00,540.00,-1,10,1,100,40000.0,40000.0,0,9456.19,4298.74,588.45
203.1167,0,16,24,5,0,7,0,0,9029.51,8341.14,488.12,4066.09,1500.00,240.00,-1,10,0,100,40000.0,40000.0,0,9456.19,4298.74,588.45
203.1167,0,17,22,5,0,7,0,0,9029.51,8341.14,488.12,4066.09,1500.00,240.00,-1,10,0,100,40000.0,40000.0,0,9456.19,4298.74,588.45
203.2667,0,2,21,5,0,3,0,24,9029.51,8341.14,488.12,4066.09,1500.00,240.00,-1,10,0,100,0.0,40000.0,0,9456.19,4298.74,588.45
203.2667,0,3,1,0,0,7,0,0,9029.51,8341.14,488.12,4066.09,1500.00,390.00,-1,10,0,100,40000.0,40000.0,0,9456.19,4298.74,588.45
203.2667,0,4,21,5,8,7,0,0,8701.85,-456.41,731.93,4816.76,1500.00,240.00,-1,10,0,100,13200.0,40000.0,0,9456.19,4298.74,588.45
203.2667,0,7,21,5,0,7,0,0,9465.01,4340.65,528.77,73.46,1500.00,240.00,-1,10,0,100,40000.0,40000.0,0,9456.19,4298.74,588.45
203.2667,0,14,35,4,8,10,10,19,10695.37,1678.63,898.20,2914.88,1500.00,540.00,-1,10,1,100,40000.0,40000.0,0,9456.19,4298.74,588.45
203.2667,0,16,24,5,0,7,0,0,9029.51,8341.14,488.12,4066.09,1500.00,240.00,-1,10,0,100,40000.0,40000.0,0,9456.19,4298.74,588.45
203.2667,0,17,22,5,0,7,0,0,9029.51,8341.14,488.12,4066.09,1500.00,240.00,-1,10,0,100,40000.0,40000.0,0,9456.19,4298.74,588.45
203.4000,0,2,21,5,0,3,0,24,9029.51,8341.14,488.12,4066.09,1500.00,240.00,-1,10,0,100,0.0,40000.0,0,9456.19,4298.74,588.45
203.4000,0,3,1,0,0,7,0,0,9029.51,8341.14,488.12,4066.09,1500.00,390.00,-1,10,0,100,40000.0,40000.0,0,9456.19,4298.74,588.45
203.4000,0,4,21,5,8,7,0,0,8701.85,-456.41,731.93,4816.76,1500.00,240.00,-1,10,0,100,13200.0,40000.0,0,9456.19,4298.74,588.45
203.4000,0,7,21,5,0,7,0,0,9465.01,4340.65,528.77,73.46,1500.00,240.00,-1,10,0,100,40000.0,40000.0,0,9456.19,4298.74,588.45
203.4000,0,14,35,4,8,10,10,19,10705.86,1672.80,898.55,2924.62,1500.00,540.00,-1,10,1,100,40000.0,40000.0,0,9456.19,4298.74,588.45
203.4000,0,16,24,5,0,7,0,0,9029.51,8341.14,488.12,4066.09,1500.00,240.00,-1,10,0,100,40000.0,40000.0,0,9456.19,4298.74,588.45
203.4000,0,17,22,5,0,7,0,0,9029.51,8341.14,488.12,4066.09,1500.00,240.00,-1,10,0,100,40000.0,40000.0,0,9456.19,4298.74,588.45
203.5333,0,2,21,5,0,3,0,24,9029.51,8341.14,488.12,4066.09,1500.00,240.00,-1,10,0,100,0.0,40000.0,0,9456.19,4298.74,588.45
203.5333,0,3,1,0,0,7,0,0,9029.51,8341.14,488.12,4066.09,1500.00,390.00,-1,10,0,100,40000.0,40000.0,0,9456.19,4298.74,588.45
203.5333,0,4,21,5,8,7,0,0,8701.85,-456.41,731.93,4816.76,1500.00,240.00,-1,10,0,100,13200.0,40000.0,0,9456.19,4298.74,588.45
203.5333,0,7,21,5,0,7,0,0,9465.01,4340.65,528.77,73.46,1500.00,240.00,-1,10,0,100,40000.0,40000.0,0,9456.19,4298.74,588.45
203.5333,0,14,35,4,8,10,10,19,10716.34,1666.97,898.90,2934.38,1500.00,540.00,-1,10,1,100,40000.0,40000.0,0,9456.19,4298.74,588.45
203.5333,0,16,24,5,0,7,0,0,9029.51,8341.14,488.12,4066.09,1500.00,240.00,-1,10,0,100,40000.0,40000.0,0,9456.19,4298.74,588.45
203.5333,0,17,22,5,0,7,0,0,9029.51,8341.14,488.12,4066.09,1500.00,240.00,-1,10,0,100,40000.0,40000.0,0,9456.19,4298.74,588.45
203.6833,0,2,21,5,0,3,0,24,9029.51,8341.14,488.12,4066.09,1500.00,240.00,-1,10,0,100,0.0,40000.0,0,9456.19,4298.74,588.45
203.6833,0,3,1,0,0,7,0,0,9029.51,8341.14,488.12,4066.09,1500.00,390.00,-1,10,0,100,40000.0,40000.0,0,9456.19,4298.74,588.45
203.6833,0,4,21,5,8,7,0,0,8701.85,-456.41,731.93,4816.76,1500.00,240.00,-1,10,0,100,13200.0,40000.0,0,9456.19,4298.74,588.45
203.6833,0,7,21,5,0,7,0,0,9465.01,4340.65,528.77,73.46,1500.00,240.00,-1,10,0,100,40000.0,40000.0,0,9456.19,4298.74,588.45
203.6833,0,14,35,4,8,10,10,19,10728.13,1660.41,899.29,2945.38,1500.00,540.00,-1,10,1,100,40000.0,40000.0,0,9456.19,4298.74,588.45
203.6833,0,16,24,5,0,7,0,0,9029.51,8341.14,488.12,4066.09,1500.00,240.00,-1,10,0,100,40000.0,40000.0,0,9456.19,4298.74,588.45
203.6833,0,17,22,5,0,7,0,0,9029.51,8341.14,488.12,4066.09,1500.00,240.00,-1,10,0,100,40000.0,40000.0,0,9456.19,4298.74,588.45
203.8333,0,2,21,5,0,3,0,24,9029.51,8341.14,488.12,4066.09,1500.00,240.00,-1,10,0,100,0.0,40000.0,0,9456.19,4298.74,588.45
203.8333,0,3,1,0,0,7,0,0,9029.51,8341.14,488.12,4066.09,1500.00,390.00,-1,10,0,100,40000.0,40000.0,0,9456.19,4298.74,588.45
203.8333,0,4,21,5,8,7,0,0,8701.85,-456.41,731.93,4816.76,1500.00,240.00,-1,10,0,100,13200.0,40000.0,0,9456.19,4298.74,588.45
203.8333,0,7,21,5,0,7,0,0,9465.01,4340.65,528.77,73.46,1500.00,240.00,-1,10,0,100,40000.0,40000.0,0,9456.19,4298.74,588.45
203.8333,0,14,35,4,8,10,10,19,10739.92,1653.85,899.69,2956.40,1500.00,540.00,-1,10,1,100,40000.0,40000.0,0,9456.19,4298.74,588.45
203.8333,0,16,24,5,0,7,0,0,9029.51,8341.14,488.12,4066.09,1500.00,240.00,-1,10,0,100,40000.0,40000.0,0,9456.19,4298.74,588.45
203.8333,0,17,22,5,0,7,0,0,9029.51,8341.14,488.12,4066.09,1500.00,240.00,-1,10,0,100,40000.0,40000.0,0,9456.19,4298.74,588.45
203.9667,0,2,21,5,0,3,0,24,9029.51,8341.14,488.12,4066.09,1500.00,240.00,-1,10,0,100,0.0,40000.0,0,9456.19,4298.74,588.45
203.9667,0,3,1,0,0,7,0,0,9029.51,8341.14,488.12,4066.09,1500.00,390.00,-1,10,0,100,40000.0,40000.0,0,9456.19,4298.74,588.45
203.9667,0,4,21,5,8,7,0,0,8701.85,-456.41,731.93,4816.76,1500.00,240.00,-1,10,0,100,13200.0,40000.0,0,9456.19,4298.74,588.45
203.9667,0,7,21,5,0,7,0,0,9465.01,4340.65,528.77,73.46,1500.00,240.00,-1,10,0,100,40000.0,40000.0,0,9456.19,4298.74,588.45
203.9667,0,14,35,4,8,10,10,19,10750.41,1648.02,900.03,2966.22,1500.00,540.00,-1,10,1,100,40000.0,40000.0,0,9456.19,4298.74,588.45
203.9667,0,16,24,5,0,7,0,0,9029.51,8341.14,488.12,4066.09,1500.00,240.00,-1,10,0,100,40000.0,40000.0,0,9456.19,4298.74,588.45
203.9667,0,17,22,5,0,7,0,0,9029.51,8341.14,488.12,4066.09,1500.00,240.00,-1,10,0,100,40000.0,40000.0,0,9456.19,4298.74,588.45
204.1000,0,2,21,5,0,3,0,24,9029.51,8341.14,488.12,4066.09,1500.00,240.00,-1,10,0,100,0.0,40000.0,0,9456.19,4298.74,588.45
204.1000,0,3,1,0,0,7,0,0,9029.51,8341.14,488.12,4066.09,1500.00,390.00,-1,10,0,100,40000.0,40000.0,0,9456.19,4298.74,588.45
204.1000,0,4,21,5,8,7,0,0,8701.85,-456.41,731.93,4816.76,1500.00,240.00,-1,10,0,100,13200.0,40000.0,0,9456.19,4298.74,588.45
204.1000,0,7,21,5,0,7,0,0,9465.01,4340.65,528.77,73.46,1500.00,240.00,-1,10,0,100,40000.0,40000.0,0,9456.19,4298.74,588.45
204.1000,0,14,35,4,8,10,10,19,10760.89,1642.19,900.38,2976.04,1500.00,540.00,-1,10,1,100,40000.0,40000.0,0,9456.19,4298.74,588.45
204.1000,0,16,24,5,0,7,0,0,9029.51,8341.14,488.12,4066.09,1500.00,240.00,-1,10,0,100,40000.0,40000.0,0,9456.19,4298.74,588.45
204.1000,0,17,22,5,0,7,0,0,9029.51,8341.14,488.12,4066.09,1500.00,240.00,-1,10,0,100,40000.0,40000.0,0,9456.19,4298.74,588.45
204.2500,0,2,21,5,0,3,0,24,9029.51,8341.14,488.12,4066.09,1500.00,240.00,-1,10,0,100,0.0,40000.0,0,9456.19,4298.74,588.45
204.2500,0,3,1,0,0,7,0,0,9029.51,8341.14,488.12,4066.09,1500.00,390.00,-1,10,0,100,40000.0,40000.0,0,9456.19,4298.74,588.45
204.2500,0,4,21,5,8,7,0,0,8701.85,-456.41,731.93,4816.76,1500.00,240.00,-1,10,0,100,13200.0,40000.0,0,9456.19,4298.74,588.45
204.2500,0,7,21,5,0,7,0,0,9465.01,4340.65,528.77,73.46,1500.00,240.00,-1,10,0,100,40000.0,40000.0,0,9456.19,4298.74,588.45
204.2500,0,14,35,4,8,10,11,19,10761.91,1641.62,900.42,2977.00,1500.00,540.00,-1,10,0,100,40000.0,40000.0,0,9456.19,4298.74,588.45
204.2500,0,16,24,5,0,7,0,0,9029.51,8341.14,488.12,4066.09,1500.00,240.00,-1,10,0,100,40000.0,40000.0,0,9456.19,4298.74,588.45
204.2500,0,17,22,5,0,7,0,0,9029.51,8341.14,488.12,4066.09,1500.00,240.00,-1,10,0,100,40000.0,40000.0,0,9456.19,4298.74,588.45
204.3833,0,2,21,5,0,3,0,24,9029.51,8341.14,488.12,4066.09,1500.00,240.00,-1,10,0,100,0.0,40000.0,0,9456.19,4298.74,588.45
204.3833,0,3,1,0,0,7,0,0,9029.51,8341.14,488.12,4066.09,1500.00,390.00,-1,10,0,100,40000.0,40000.0,0,9456.19,4298.74,588.45
204.3833,0,4,21,5,8,7,0,0,8701.85,-456.41,731.93,4816.76,1500.00,240.00,-1,10,0,100,13200.0,40000.0,0,9456.19,4298.74,588.45
204.3833,0,7,21,5,0,7,0,0,9465.01,4340.65,528.77,73.46,1500.00,240.00,-1,10,0,100,40000.0,40000.0,0,9456.19,4298.74,588.45
204.3833,0,14,35,4,8,10,11,19,10761.91,1641.62,900.42,2977.00,1500.00,540.00,-1,10,0,100,40000.0,40000.0,0,9456.19,4298.74,588.45
204.3833,0,16,24,5,0,7,0,0,9029.51,8341.14,488.12,4066.09,1500.00,240.00,-1,10,0,100,40000.0,40000.0,0,9456.19,4298.74,588.45
204.3833,0,17,22,5,0,7,0,0,9029.51,8341.14,488.12,4066.09,1500.00,240.00,-1,10,0,100,40000.0,40000.0,0,9456.19,4298.74,588.45
204.5000,0,2,21,5,0,3,0,24,9029.51,8341.14,488.12,4066.09,1500.00,240.00,-1,10,0,100,0.0,40000.0,0,9456.19,4298.74,588.45
204.5000,0,3,1,0,0,7,0,0,9029.51,8341.14,488.12,4066.09,1500.00,390.00,-1,10,0,100,40000.0,40000.0,0,9456.19,4298.74,588.45
204.5000,0,4,21,5,8,7,0,0,8701.85,-456.41,731.93,4816.76,1500.00,240.00,-1,10,0,100,13200.0,40000.0,0,9456.19,4298.74,588.45
204.5000,0,7,21,5,0,7,0,0,9465.01,4340.65,528.77,73.46,1500.00,240.00,-1,10,0,100,40000.0,40000.0,0,9456.19,4298.74,588.45
204.5000,0,14,35,4,8,10,11,19,10761.91,1641.62,900.42,2977.00,1500.00,540.00,-1,10,0,100,40000.0,40000.0,0,9456.19,4298.74,588.45
204.5000,0,16,24,5,0,7,0,0,9029.51,8341.14,488.12,4066.09,1500.00,240.00,-1,10,0,100,40000.0,40000.0,0,9456.19,4298.74,588.45
204.5000,0,17,22,5,0,7,0,0,9029.51,8341.14,488.12,4066.09,1500.00,240.00,-1,10,0,100,40000.0,40000.0,0,9456.19,4298.74,588.45
204.6333,0,2,21,5,0,3,0,24,9029.51,8341.14,488.12,4066.09,1500.00,240.00,-1,10,0,100,0.0,40000.0,0,9456.19,4298.74,588.45
204.6333,0,3,1,0,0,7,0,0,9029.51,8341.14,488.12,4066.09,1500.00,390.00,-1,10,0,100,40000.0,40000.0,0,9456.19,4298.74,588.45
204.6333,0,4,21,5,8,7,0,0,8701.85,-456.41,731.93,4816.76,1500.00,240.00,-1,10,0,100,13200.0,40000.0,0,9456.19,4298.74,588.45
204.6333,0,7,21,5,0,7,0,0,9465.01,4340.65,528.77,73.46,1500.00,240.00,-1,10,0,100,40000.0,40000.0,0,9456.19,4298.74,588.45
204.6333,0,14,35,4,8,10,11,19,10761.91,1641.62,900.42,2977.00,1500.00,540.00,-1,10,0,100,40000.0,40000.0,0,9456.19,4298.74,588.45
204.6333,0,16,24,5,0,7,0,0,9029.51,8341.14,488.12,4066.09,1500.00,240.00,-1,10,0,100,40000.0,40000.0,0,9456.19,4298.74,588.45
204.6333,0,17,22,5,0,7,0,0,9029.51,8341.14,488.12,4066.09,1500.00,240.00,-1,10,0,100,40000.0,40000.0,0,9456.19,4298.74,588.45
204.7667,0,2,21,5,0,3,0,24,9029.51,8341.14,488.12,4066.09,1500.00,240.00,-1,10,0,100,0.0,40000.0,0,9456.19,4298.74,588.45
204.7667,0,3,1,0,0,7,0,0,9029.51,8341.14,488.12,4066.09,1500.00,390.00,-1,10,0,100,40000.0,40000.0,0,9456.19,4298.74,588.45
204.7667,0,4,21,5,8,7,0,0,8701.85,-456.41,731.93,4816.76,1500.00,240.00,-1,10,0,100,13200.0,40000.0,0,9456.19,4298.74,588.45
204.7667,0,7,21,5,0,7,0,0,9465.01,4340.65,528.77,73.46,1500.00,240.00,-1,10,0,100,40000.0,40000.0,0,9456.19,4298.74,588.45
204.7667,0,14,35,4,8,10,11,19,10761.91,1641.62,900.42,2977.00,1500.00,540.00,-1,10,0,100,40000.0,40000.0,0,9456.19,4298.74,588.45
204.7667,0,16,24,5,0,7,0,0,9029.51,8341.14,488.12,4066.09,1500.00,240.00,-1,10,0,100,40000.0,40000.0,0,9456.19,4298.74,588.45
204.7667,0,17,22,5,0,7,0,0,9029.51,8341.14,488.12,4066.09,1500.00,240.00,-1,10,0,100,40000.0,40000.0,0,9456.19,4298.74,588.45
204.9000,0,2,21,5,0,3,0,24,9029.51,8341.14,488.12,4066.09,1500.00,240.00,-1,10,0,100,0.0,40000.0,0,9456.19,4298.74,588.45
204.9000,0,3,1,0,0,7,0,0,9029.51,8341.14,488.12,4066.09,1500.00,390.00,-1,10,0,100,40000.0,40000.0,0,9456.19,4298.74,588.45
204.9000,0,4,21,5,8,7,0,0,8701.85,-456.41,731.93,4816.76,1500.00,240.00,-1,10,0,100,13200.0,40000.0,0,9456.19,4298.74,588.45
204.9000,0,7,21,5,0,7,0,0,9465.01,4340.65,528.77,73.46,1500.00,240.00,-1,10,0,100,40000.0,40000.0,0,9456.19,4298.74,588.45
204.9000,0,14,35,4,8,10,11,19,10761.91,1641.62,900.42,2977.00,1500.00,540.00,-1,10,0,100,40000.0,40000.0,0,9456.19,4298.74,588.45
204.9000,0,16,24,5,0,7,0,0,9029.51,8341.14,488.12,4066.09,1500.00,240.00,-1,10,0,100,40000.0,40000.0,0,9456.19,4298.74,588.45
204.9000,0,17,22,5,0,7,0,0,9029.51,8341.14,488.12,4066.09,1500.00,240.00,-1,10,0,100,40000.0,40000.0,0,9456.19,4298.74,588.45
205.0333,0,2,21,5,0,3,0,24,9029.51,8341.14,488.12,4066.09,1500.00,240.00,-1,10,0,100,0.0,40000.0,0,9456.19,4298.74,588.45
205.0333,0,3,1,0,0,7,0,0,9029.51,8341.14,488.12,4066.09,1500.00,390.00,-1,10,0,100,40000.0,40000.0,0,9456.19,4298.74,588.45
205.0333,0,4,21,5,8,7,0,0,8701.85,-456.41,731.93,4816.76,1500.00,240.00,-1,10,0,100,13200.0,40000.0,0,9456.19,4298.74,588.45
205.0333,0,7,21,5,0,7,0,0,9465.01,4340.65,528.77,73.46,1500.00,240.00,-1,10,0,100,40000.0,40000.0,0,9456.19,4298.74,588.45
205.0333,0,14,35,4,8,10,11,19,10761.91,1641.62,900.42,2977.00,1500.00,540.00,-1,10,0,100,40000.0,40000.0,0,9456.19,4298.74,588.45
205.0333,0,16,24,5,0,7,0,0,9029.51,8341.14,488.12,4066.09,1500.00,240.00,-1,10,0,100,40000.0,40000.0,0,9456.19,4298.74,588.45
205.0333,0,17,22,5,0,7,0,0,9029.51,8341.14,488.12,4066.09,1500.00,240.00,-1,10,0,100,40000.0,40000.0,0,9456.19,4298.74,588.45
205.1500,0,2,21,5,0,3,0,24,9029.51,8341.14,488.12,4066.09,1500.00,240.00,-1,10,0,100,0.0,40000.0,0,9456.19,4298.74,588.45
205.1500,0,3,1,0,0,7,0,0,9029.51,8341.14,488.12,4066.09,1500.00,390.00,-1,10,0,100,40000.0,40000.0,0,9456.19,4298.74,588.45
205.1500,0,4,21,5,8,7,0,0,8701.85,-456.41,731.93,4816.76,1500.00,240.00,-1,10,0,100,13200.0,40000.0,0,9456.19,4298.74,588.45
205.1500,0,7,21,5,0,7,0,0,9465.01,4340.65,528.77,73.46,1500.00,240.00,-1,10,0,100,40000.0,40000.0,0,9456.19,4298.74,588.45
205.1500,0,14,35,4,8,10,11,19,10761.91,1641.62,900.42,2977.00,1500.00,540.00,-1,10,0,100,40000.0,40000.0,0,9456.19,4298.74,588.45
205.1500,0,16,24,5,0,7,0,0,9029.51,8341.14,488.12,4066.09,1500.00,240.00,-1,10,0,100,40000.0,40000.0,0,9456.19,4298.74,588.45
205.1500,0,17,22,5,0,7,0,0,9029.51,8341.14,488.12,4066.09,1500.00,240.00,-1,10,0,100,40000.0,40000.0,0,9456.19,4298.74,588.45
205.2833,0,2,21,5,0,3,0,24,9029.51,8341.14,488.12,4066.09,1500.00,240.00,-1,10,0,100,0.0,40000.0,0,9456.19,4298.74,588.45
205.2833,0,3,1,0,0,7,0,0,9029.51,8341.14,488.12,4066.09,1500.00,390.00,-1,10,0,100,40000.0,40000.0,0,9456.19,4298.74,588.45
205.2833,0,4,21,5,8,7,0,0,8701.85,-456.41,731.93,4816.76,1500.00,240.00,-1,10,0,100,13200.0,40000.0,0,9456.19,4298.74,588.45
205.2833,0,7,21,5,0,7,0,0,9465.01,4340.65,528.77,73.46,1500.00,240.00,-1,10,0,100,40000.0,40000.0,0,9456.19,4298.74,588.45
205.2833,0,14,35,4,8,10,11,19,10761.91,1641.62,900.42,2977.00,1500.00,540.00,-1,10,0,100,40000.0,40000.0,0,9456.19,4298.74,588.45
205.2833,0,16,24,5,0,7,0,0,9029.51,8341.14,488.12,4066.09,1500.00,240.00,-1,10,0,100,40000.0,40000.0,0,9456.19,4298.74,588.45
205.2833,0,17,22,5,0,7,0,0,9029.51,8341.14,488.12,4066.09,1500.00,240.00,-1,10,0,100,40000.0,40000.0,0,9456.19,4298.74,588.45
205.4167,0,2,21,5,0,3,0,24,9029.51,8341.14,488.12,4066.09,1500.00,240.00,-1,10,0,100,0.0,40000.0,0,9456.19,4298.74,588.45
205.4167,0,3,1,0,0,7,0,0,9029.51,8341.14,488.12,4066.09,1500.00,390.00,-1,10,0,100,40000.0,40000.0,0,9456.19,4298.74,588.45
205.4167,0,4,21,5,8,7,0,0,8701.85,-456.41,731.93,4816.76,1500.00,240.00,-1,10,0,100,13200.0,40000.0,0,9456.19,4298.74,588.45
205.4167,0,7,21,5,0,7,0,0,9465.01,4340.65,528.77,73.46,1500.00,240.00,-1,10,0,100,40000.0,40000.0,0,9456.19,4298.74,588.45
205.4167,0,14,35,4,8,10,11,19,10761.91,1641.62,900.42,2977.00,1500.00,540.00,-1,10,0,100,40000.0,40000.0,0,9456.19,4298.74,588.45
205.4167,0,16,24,5,0,7,0,0,9029.51,8341.14,488.12,4066.09,1500.00,240.00,-1,10,0,100,40000.0,40000.0,0,9456.19,4298.74,588.45
205.4167,0,17,22,5,0,7,0,0,9029.51,8341.14,488.12,4066.09,1500.00,240.00,-1,10,0,100,40000.0,40000.0,0,9456.19,4298.74,588.45
205.5500,0,2,21,5,0,3,0,24,9029.51,8341.14,488.12,4066.09,1500.00,240.00,-1,10,0,100,0.0,40000.0,0,9456.19,4298.74,588.45
205.5500,0,3,1,0,0,7,0,0,9029.51,8341.14,488.12,4066.09,1500.00,390.00,-1,10,0,100,40000.0,40000.0,0,9456.19,4298.74,588.45
205.5500,0,4,21,5,8,7,0,0,8701.85,-456.41,731.93,4816.76,1500.00,240.00,-1,10,0,100,13200.0,40000.0,0,9456.19,4298.74,588.45
205.5500,0,7,21,5,0,7,0,0,9465.01,4340.65,528.77,73.46,1500.00,240.00,-1,10,0,100,40000.0,40000.0,0,9456.19,4298.74,588.45
205.5500,0,14,35,4,8,10,11,19,10761.91,1641.62,900.42,2977.00,1500.00,540.00,-1,10,0,100,40000.0,40000.0,0,9456.19,4298.74,588.45
205.5500,0,16,24,5,0,7,0,0,9029.51,8341.14,488.12,4066.09,1500.00,240.00,-1,10,0,100,40000.0,40000.0,0,9456.19,4298.74,588.45
205.5500,0,17,22,5,0,7,0,0,9029.51,8341.14,488.12,4066.09,1500.00,240.00,-1,10,0,100,40000.0,40000.0,0,9456.19,4298.74,588.45
205.6833,0,2,21,5,0,3,0,24,9029.51,8341.14,488.12,4066.09,1500.00,240.00,-1,10,0,100,0.0,40000.0,0,9456.19,4298.74,588.45
205.6833,0,3,1,0,0,7,0,0,9029.51,8341.14,488.12,4066.09,1500.00,390.00,-1,10,0,100,40000.0,40000.0,0,9456.19,4298.74,588.45
205.6833,0,4,21,5,8,7,0,0,8701.85,-456.41,731.93,4816.76,1500.00,240.00,-1,10,0,100,13200.0,40000.0,0,9456.19,4298.74,588.45
205.6833,0,7,21,5,0,7,0,0,9465.01,4340.65,528.77,73.46,1500.00,240.00,-1,10,0,100,40000.0,40000.0,0,9456.19,4298.74,588.45
205.6833,0,14,35,4,8,10,11,19,10761.91,1641.62,900.42,2977.00,1500.00,540.00,-1,10,0,100,40000.0,40000.0,0,9456.19,4298.74,588.45
205.6833,0,16,24,5,0,7,0,0,9029.51,8341.14,488.12,4066.09,1500.00,240.00,-1,10,0,100,40000.0,40000.0,0,9456.19,4298.74,588.45
205.6833,0,17,22,5,0,7,0,0,9029.51,8341.14,488.12,4066.09,1500.00,240.00,-1,10,0,100,40000.0,40000.0,0,9456.19,4298.74,588.45
205.8167,0,2,21,5,0,3,0,24,9029.51,8341.14,488.12,4068.09,1500.00,240.00,-1,10,0,100,0.0,40000.0,0,9457.50,4296.84,587.28
205.8167,0,3,1,0,0,7,0,0,9029.51,8341.14,488.12,4068.09,1500.00,390.00,-1,10,0,100,40000.0,40000.0,0,9457.50,4296.84,587.28
205.8167,0,4,21,5,8,7,0,0,8701.85,-456.41,731.93,4815.12,1500.00,240.00,-1,10,0,100,13200.0,40000.0,0,9457.50,4296.84,587.28
205.8167,0,7,21,5,0,7,0,0,9465.01,4340.65,528.77,73.48,1500.00,240.00,-1,10,0,100,40000.0,40000.0,0,9457.50,4296.84,587.28
205.8167,0,14,35,4,8,10,11,19,10761.91,1641.62,900.42,2974.85,1500.00,540.00,-1,10,0,100,40000.0,40000.0,0,9457.50,4296.84,587.28
205.8167,0,16,24,5,0,7,0,0,9029.51,8341.14,488.12,4068.09,1500.00,240.00,-1,10,0,100,40000.0,40000.0,0,9457.50,4296.84,587.28
205.8167,0,17,22,5,0,7,0,0,9029.51,8341.14,488.12,4068.09,1500.00,240.00,-1,10,0,100,40000.0,40000.0,0,9457.50,4296.84,587.28
205.9500,0,2,21,5,0,3,0,24,9029.51,8341.14,488.12,4069.80,1500.00,240.00,-1,10,0,100,0.0,40000.0,0,9458.50,4295.20,585.95
205.9500,0,3,1,0,0,7,0,0,9029.51,8341.14,488.12,4069.80,1500.00,390.00,-1,10,0,100,40000.0,40000.0,0,9458.50,4295.20,585.95
205.9500,0,4,21,5,8,7,0,0,8701.85,-456.41,731.93,4813.69,1500.00,240.00,-1,10,0,100,13200.0,40000.0,0,9458.50,4295.20,585.95
205.9500,0,7,21,5,0,7,0,0,9465.01,4340.65,528.77,73.34,1500.00,240.00,-1,10,0,100,40000.0,40000.0,0,9458.50,4295.20,585.95
205.9500,0,14,35,4,8,10,11,19,10761.91,1641.62,900.42,2973.09,1500.00,540.00,-1,10,0,100,40000.0,40000.0,0,9458.50,4295.20,585.95
205.9500,0,16,24,5,0,7,0,0,9029.51,8341.14,488.12,4069.80,1500.00,240.00,-1,10,0,100,40000.0,40000.0,0,9458.50,4295.20,585.95
205.9500,0,17,22,5,0,7,0,0,9029.51,8341.14,488.12,4069.80,1500.00,240.00,-1,10,0,100,40000.0,40000.0,0,9458.50,4295.20,585.95
206.0833,0,2,21,5,0,3,0,24,9029.51,8341.14,488.12,4071.90,1500.00,240.00,-1,10,0,100,0.0,40000.0,0,9459.48,4293.14,583.78
206.0833,0,3,1,0,0,7,0,0,9029.51,8341.14,488.12,4071.90,1500.00,390.00,-1,10,0,100,40000.0,40000.0,0,9459.48,4293.14,583.78
206.0833,0,4,21,5,8,7,0,0,8701.85,-456.41,731.93,4811.88,1500.00,240.00,-1,10,0,100,13200.0,40000.0,0,9459.48,4293.14,583.78
206.0833,0,7,21,5,0,7,0,0,9465.01,4340.65,528.77,72.90,1500.00,240.00,-1,10,0,100,40000.0,40000.0,0,9459.48,4293.14,583.78
206.0833,0,14,35,4,8,10,11,19,10761.91,1641.62,900.42,2971.05,1500.00,540.00,-1,10,0,100,40000.0,40000.0,0,9459.48,4293.14,583.78
206.0833,0,16,24,5,0,7,0,0,9029.51,8341.14,488.12,4071.90,1500.00,240.00,-1,10,0,100,40000.0,40000.0,0,9459.48,4293.14,583.78
206.0833,0,17,22,5,0,7,0,0,9029.51,8341.14,488.12,4071.90,1500.00,240.00,-1,10,0,100,40000.0,40000.0,0,9459.48,4293.14,583.78
206.2167,0,2,21,5,0,3,0,24,9029.51,8341.14,488.12,4082.52,1500.00,240.00,-1,10,0,100,0.0,40000.0,0,9469.61,4283.44,579.56
206.2167,0,3,1,0,0,7,0,0,9029.51,8341.14,488.12,4082.52,1500.00,390.00,-1,10,0,100,40000.0,40000.0,0,9469.61,4283.44,579.56
206.2167,0,4,21,5,8,7,0,0,8701.85,-456.41,731.93,4804.05,1500.00,240.00,-1,10,0,100,13200.0,40000.0,0,9469.61,4283.44,579.56
206.2167,0,7,21,5,0,7,0,0,9465.01,4340.65,528.77,76.64,1500.00,240.00,-1,10,0,100,40000.0,40000.0,0,9469.61,4283.44,579.56
206.2167,0,14,35,4,8,10,11,19,10761.91,1641.62,900.42,2958.41,1500.00,540.00,-1,10,0,100,40000.0,40000.0,0,9469.61,4283.44,579.56
206.2167,0,16,24,5,0,7,0,0,9029.51,8341.14,488.12,4082.52,1500.00,240.00,-1,10,0,100,40000.0,40000.0,0,9469.61,4283.44,579.56
206.2167,0,17,22,5,0,7,0,0,9029.51,8341.14,488.12,4082.52,1500.00,240.00,-1,10,0,100,40000.0,40000.0,0,9469.61,4283.44,579.56
206.3500,0,2,21,5,0,3,0,24,9029.51,8341.14,488.12,4096.35,1500.00,240.00,-1,10,0,100,0.0,40000.0,0,9475.10,4269.82,565.21
206.3500,0,3,1,0,0,7,0,0,9029.51,8341.14,488.12,4096.35,1500.00,390.00,-1,10,0,100,40000.0,40000.0,0,9475.10,4269.82,565.21
206.3500,0,4,21,5,8,7,0,0,8701.85,-456.41,731.93,4791.98,1500.00,240.00,-1,10,0,100,13200.0,40000.0,0,9475.10,4269.82,565.21
206.3500,0,7,21,5,0,7,0,0,9465.01,4340.65,528.77,80.29,1500.00,240.00,-1,10,0,100,40000.0,40000.0,0,9475.10,4269.82,565.21
206.3500,0,14,35,4,8,10,11,19,10761.91,1641.62,900.42,2945.45,1500.00,540.00,-1,10,0,100,40000.0,40000.0,0,9475.10,4269.82,565.21
206.3500,0,16,24,5,0,7,0,0,9029.51,8341.14,488.12,4096.35,1500.00,240.00,-1,10,0,100,40000.0,40000.0,0,9475.10,4269.82,565.21
206.3500,0,17,22,5,0,7,0,0,9029.51,8341.14,488.12,4096.35,1500.00,240.00,-1,10,0,100,40000.0,40000.0,0,9475.10,4269.82,565.21
206.4833,0,2,21,5,0,3,0,24,9029.51,8341.14,488.12,4117.92,1500.00,240.00,-1,10,0,100,0.0,40000.0,0,9481.08,4248.65,558.25
206.4833,0,3,1,0,0,7,0,0,9029.51,8341.14,488.12,4117.92,1500.00,390.00,-1,10,0,100,40000.0,40000.0,0,9481.08,4248.65,558.25
206.4833,0,4,21,5,8,7,0,0,8701.85,-456.41,731.93,4772.32,1500.00,240.00,-1,10,0,100,13200.0,40000.0,0,9481.08,4248.65,558.25
206.4833,0,7,21,5,0,7,0,0,9465.01,4340.65,528.77,97.94,1500.00,240.00,-1,10,0,100,40000.0,40000.0,0,9481.08,4248.65,558.25
206.4833,0,14,35,4,8,10,11,19,10761.91,1641.62,900.42,2924.76,1500.00,540.00,-1,10,0,100,40000.0,40000.0,0,9481.08,4248.65,558.25
206.4833,0,16,24,5,0,7,0,0,9029.51,8341.14,488.12,4117.92,1500.00,240.00,-1,10,0,100,40000.0,40000.0,0,9481.08,4248.65,558.25
206.4833,0,17,22,5,0,7,0,0,9029.51,8341.14,488.12,4117.92,1500.00,240.00,-1,10,0,100,40000.0,40000.0,0,9481.08,4248.65,558.25
206.6333,0,2,21,5,0,3,0,24,9029.51,8341.14,488.12,4138.74,1500.00,240.00,-1,10,0,100,0.0,40000.0,0,9494.55,4229.14,554.38
206.6333,0,3,1,0,0,7,0,0,9029.51,8341.14,488.12,4138.74,1500.00,390.00,-1,10,0,100,40000.0,40000.0,0,9494.55,4229.14,554.38
206.6333,0,4,21,5,8,7,0,0,8701.85,-456.41,731.93,4755.45,1500.00,240.00,-1,10,0,100,13200.0,40000.0,0,9494.55,4229.14,554.38
206.6333,0,7,21,5,0,7,0,0,9465.01,4340.65,528.77,118.16,1500.00,240.00,-1,10,0,100,40000.0,40000.0,0,9494.55,4229.14,554.38
206.6333,0,14,35,4,8,10,11,19,10761.91,1641.62,900.42,2901.93,1500.00,540.00,-1,10,0,100,40000.0,40000.0,0,9494.55,4229.14,554.38
206.6333,0,16,24,5,0,7,0,0,9029.51,8341.14,488.12,4138.74,1500.00,240.00,-1,10,0,100,40000.0,40000.0,0,9494.55,4229.14,554.38
206.6333,0,17,22,5,0,7,0,0,9029.51,8341.14,488.12,4138.74,1500.00,240.00,-1,10,0,100,40000.0,40000.0,0,9494.55,4229.14,554.38
206.7667,0,2,21,5,0,3,0,24,9029.51,8341.14,488.12,4165.77,1500.00,240.00,-1,10,0,100,0.0,40000.0,0,9497.16,4202.24,554.64
206.7667,0,3,1,0,0,7,0,0,9029.51,8341.14,488.12,4165.77,1500.00,390.00,-1,10,0,100,40000.0,40000.0,0,9497.16,4202.24,554.64
206.7667,0,4,21,5,8,7,0,0,8701.85,-456.41,731.93,4729.37,1500.00,240.00,-1,10,0,100,13200.0,40000.0,0,9497.16,4202.24,554.64
206.7667,0,7,21,5,0,7,0,0,9465.01,4340.65,528.77,144.43,1500.00,240.00,-1,10,0,100,40000.0,40000.0,0,9497.16,4202.24,554.64
206.7667,0,14,35,4,8,10,11,19,10761.91,1641.62,900.42,2876.79,1500.00,540.00,-1,10,0,100,40000.0,40000.0,0,9497.16,4202.24,554.64
206.7667,0,16,24,5,0,7,0,0,9029.51,8341.14,488.12,4165.77,1500.00,240.00,-1,10,0,100,40000.0,40000.0,0,9497.16,4202.24,554.64
206.7667,0,17,22,5,0,7,0,0,9029.51,8341.14,488.12,4165.77,1500.00,240.00,-1,10,0,100,40000.0,40000.0,0,9497.16,4202.24,554.64
206.8833,0,2,21,5,0,3,0,24,9029.51,8341.14,488.12,4201.81,1500.00,240.00,-1,10,0,100,0.0,40000.0,0,9503.95,4166.64,548.44
206.8833,0,3,1,0,0,7,0,0,9029.51,8341.14,488.12,4201.81,1500.00,390.00,-1,10,0,100,40000.0,40000.0,0,9503.95,4166.64,548.44
206.8833,0,4,21,5,8,7,0,0,8701.85,-456.41,731.93,4695.71,1500.00,240.00,-1,10,0,100,13200.0,40000.0,0,9503.95,4166.64,548.44
206.8833,0,7,21,5,0,7,0,0,9465.01,4340.65,528.77,179.40,1500.00,240.00,-1,10,0,100,40000.0,40000.0,0,9503.95,4166.64,548.44
206.8833,0,14,35,4,8,10,11,19,10761.91,1641.62,900.42,2842.90,1500.00,540.00,-1,10,0,100,40000.0,40000.0,0,9503.95,4166.64,548.44
206.8833,0,16,24,5,0,7,0,0,9029.51,8341.14,488.12,4201.81,1500.00,240.00,-1,10,0,100,40000.0,40000.0,0,9503.95,4166.64,548.44
206.8833,0,17,22,5,0,7,0,0,9029.51,8341.14,488.12,4201.81,1500.00,240.00,-1,10,0,100,40000.0,40000.0,0,9503.95,4166.64,548.44
207.0167,0,2,21,5,0,3,0,24,9029.51,8341.14,488.12,4259.70,1500.00,240.00,-1,10,0,100,0.0,40000.0,0,9514.78,4109.51,541.33
207.0167,0,3,1,0,0,7,0,0,9029.51,8341.14,488.12,4259.70,1500.00,390.00,-1,10,0,100,40000.0,40000.0,0,9514.78,4109.51,541.33
207.0167,0,4,21,5,8,7,0,0,8701.85,-456.41,731.93,4641.64,1500.00,240.00,-1,10,0,100,13200.0,40000.0,0,9514.78,4109.51,541.33
207.0167,0,7,21,5,0,7,0,0,9465.01,4340.65,528.77,236.77,1500.00,240.00,-1,10,0,100,40000.0,40000.0,0,9514.78,4109.51,541.33
207.0167,0,14,35,4,8,10,11,19,10761.91,1641.62,900.42,2788.32,1500.00,540.00,-1,10,0,100,40000.0,40000.0,0,9514.78,4109.51,541.33
207.0167,0,16,24,5,0,7,0,0,9029.51,8341.14,488.12,4259.70,1500.00,240.00,-1,10,0,100,40000.0,40000.0,0,9514.78,4109.51,541.33
207.0167,0,17,22,5,0,7,0,0,9029.51,8341.14,488.12,4259.70,1500.00,240.00,-1,10,0,100,40000.0,40000.0,0,9514.78,4109.51,541.33
207.1500,0,2,21,5,0,3,0,24,9029.51,8341.14,488.12,4336.32,1500.00,240.00,-1,10,0,100,0.0,40000.0,0,9528.17,4033.92,541.33
207.1500,0,3,1,0,0,7,0,0,9029.51,8341.14,488.12,4336.32,1500.00,390.00,-1,10,0,100,40000.0,40000.0,0,9528.17,4033.92,541.33
207.1500,0,4,21,5,8,7,0,0,8701.85,-456.41,731.93,4569.71,1500.00,240.00,-1,10,0,100,13200.0,40000.0,0,9528.17,4033.92,541.33
207.1500,0,7,21,5,0,7,0,0,9465.01,4340.65,528.77,313.42,1500.00,240.00,-1,10,0,100,40000.0,40000.0,0,9528.17,4033.92,541.33
207.1500,0,14,35,4,8,10,11,19,10761.91,1641.62,900.42,2715.54,1500.00,540.00,-1,10,0,100,40000.0,40000.0,0,9528.17,4033.92,541.33
207.1500,0,16,24,5,0,7,0,0,9029.51,8341.14,488.12,4336.32,1500.00,240.00,-1,10,0,100,40000.0,40000.0,0,9528.17,4033.92,541.33
207.1500,0,17,22,5,0,7,0,0,9029.51,8341.14,488.12,4336.32,1500.00,240.00,-1,10,0,100,40000.0,40000.0,0,9528.17,4033.92,541.33
207.2833,0,2,21,5,0,3,0,24,9029.51,8341.14,488.12,4427.72,1500.00,240.00,-1,10,0,100,0.0,40000.0,0,9546.30,3944.00,541.33
207.2833,0,3,1,0,0,7,0,0,9029.51,8341.14,488.12,4427.72,1500.00,390.00,-1,10,0,100,40000.0,40000.0,0,9546.30,3944.00,541.33
207.2833,0,4,21,5,8,7,0,0,8701.85,-456.41,731.93,4484.77,1500.00,240.00,-1,10,0,100,13200.0,40000.0,0,9546.30,3944.00,541.33
207.2833,0,7,21,5,0,7,0,0,9465.01,4340.65,528.77,405.08,1500.00,240.00,-1,10,0,100,40000.0,40000.0,0,9546.30,3944.00,541.33
207.2833,0,14,35,4,8,10,11,19,10761.91,1641.62,900.42,2628.24,1500.00,540.00,-1,10,0,100,40000.0,40000.0,0,9546.30,3944.00,541.33
207.2833,0,16,24,5,0,7,0,0,9029.51,8341.14,488.12,4427.72,1500.00,240.00,-1,10,0,100,40000.0,40000.0,0,9546.30,3944.00,541.33
207.2833,0,17,22,5,0,7,0,0,9029.51,8341.14,488.12,4427.72,1500.00,240.00,-1,10,0,100,40000.0,40000.0,0,9546.30,3944.00,541.33
207.4167,0,2,21,5,0,3,0,24,9029.51,8341.14,488.12,4520.86,1500.00,240.00,-1,10,0,100,0.0,40000.0,0,9563.85,3852.29,542.58
207.4167,0,3,1,0,0,7,0,0,9029.51,8341.14,488.12,4520.86,1500.00,390.00,-1,10,0,100,40000.0,40000.0,0,9563.85,3852.29,542.58
207.4167,0,4,21,5,8,7,0,0,8701.85,-456.41,731.93,4398.17,1500.00,240.00,-1,10,0,100,13200.0,40000.0,0,9563.85,3852.29,542.58
207.4167,0,7,21,5,0,7,0,0,9465.01,4340.65,528.77,498.45,1500.00,240.00,-1,10,0,100,40000.0,40000.0,0,9563.85,3852.29,542.58
207.4167,0,14,35,4,8,10,11,19,10761.91,1641.62,900.42,2539.78,1500.00,540.00,-1,10,0,100,40000.0,40000.0,0,9563.85,3852.29,542.58
207.4167,0,16,24,5,0,7,0,0,9029.51,8341.14,488.12,4520.86,1500.00,240.00,-1,10,0,100,40000.0,40000.0,0,9563.85,3852.29,542.58
207.4167,0,17,22,5,0,7,0,0,9029.51,8341.14,488.12,4520.86,1500.00,240.00,-1,10,0,100,40000.0,40000.0,0,9563.85,3852.29,542.58
207.5500,0,2,21,5,0,3,0,24,9029.51,8341.14,488.12,4603.82,1500.00,240.00,-1,10,0,100,0.0,40000.0,0,9574.60,3770.35,565.09
207.5500,0,3,1,0,0,7,0,0,9029.51,8341.14,488.12,4603.82,1500.00,390.00,-1,10,0,100,40000.0,40000.0,0,9574.60,3770.35,565.09
207.5500,0,4,21,5,8,7,0,0,8701.85,-456.41,731.93,4319.16,1500.00,240.00,-1,10,0,100,13200.0,40000.0,0,9574.60,3770.35,565.09
207.5500,0,7,21,5,0,7,0,0,9465.01,4340.65,528.77,581.87,1500.00,240.00,-1,10,0,100,40000.0,40000.0,0,9574.60,3770.35,565.09
207.5500,0,14,35,4,8,10,11,19,10761.91,1641.62,900.42,2460.42,1500.00,540.00,-1,10,0,100,40000.0,40000.0,0,9574.60,3770.35,565.09
207.5500,0,16,24,5,0,7,0,0,9029.51,8341.14,488.12,4603.82,1500.00,240.00,-1,10,0,100,40000.0,40000.0,0,9574.60,3770.35,565.09
207.5500,0,17,22,5,0,7,0,0,9029.51,8341.14,488.12,4603.82,1500.00,240.00,-1,10,0,100,40000.0,40000.0,0,9574.60,3770.35,565.09
207.6833,0,2,21,5,0,3,0,24,9029.51,8341.14,488.12,4689.28,1500.00,240.00,-1,10,0,100,0.0,40000.0,0,9595.64,3687.49,599.53
207.6833,0,3,1,0,0,7,0,0,9029.51,8341.14,488.12,4689.28,1500.00,390.00,-1,10,0,100,40000.0,40000.0,0,9595.64,3687.49,599.53
207.6833,0,4,21,5,8,7,0,0,8701.85,-456.41,731.93,4241.27,1500.00,240.00,-1,10,0,100,13200.0,40000.0,0,9595.64,3687.49,599.53
207.6833,0,7,21,5,0,7,0,0,9465.01,4340.65,528.77,669.84,1500.00,240.00,-1,10,0,100,40000.0,40000.0,0,9595.64,3687.49,599.53
207.6833,0,14,35,4,8,10,11,19,10761.91,1641.62,900.42,2374.09,1500.00,540.00,-1,10,0,100,40000.0,40000.0,0,9595.64,3687.49,599.53
207.6833,0,16,24,5,0,7,0,0,9029.51,8341.14,488.12,4689.28,1500.00,240.00,-1,10,0,100,40000.0,40000.0,0,9595.64,3687.49,599.53
207.6833,0,17,22,5,0,7,0,0,9029.51,8341.14,488.12,4689.28,1500.00,240.00,-1,10,0,100,40000.0,40000.0,0,9595.64,3687.49,599.53
207.8167,0,2,21,5,0,3,0,24,9029.51,8341.14,488.12,4766.43,1500.00,240.00,-1,10,0,100,0.0,40000.0,0,9621.41,3613.53,623.23
207.8167,0,3,1,0,0,7,0,0,9029.51,8341.14,488.12,4766.43,1500.00,390.00,-1,10,0,100,40000.0,40000.0,0,9621.41,3613.53,623.23
207.8167,0,4,21,5,8,7,0,0,8701.85,-456.41,731.93,4173.95,1500.00,240.00,-1,10,0,100,13200.0,40000.0,0,9621.41,3613.53,623.23
207.8167,0,7,21,5,0,7,0,0,9465.01,4340.65,528.77,749.72,1500.00,240.00,-1,10,0,100,40000.0,40000.0,0,9621.41,3613.53,623.23
207.8167,0,14,35,4,8,10,11,19,10761.91,1641.62,900.42,2294.78,1500.00,540.00,-1,10,0,100,40000.0,40000.0,0,9621.41,3613.53,623.23
207.8167,0,16,24,5,0,7,0,0,9029.51,8341.14,488.12,4766.43,1500.00,240.00,-1,10,0,100,40000.0,40000.0,0,9621.41,3613.53,623.23
207.8167,0,17,22,5,0,7,0,0,9029.51,8341.14,488.12,4766.43,1500.00,240.00,-1,10,0,100,40000.0,40000.0,0,9621.41,3613.53,623.23
207.9500,0,2,21,5,0,3,0,24,9029.51,8341.14,488.12,4852.71,1500.00,240.00,-1,10,0,100,0.0,40000.0,0,9651.13,3530.69,636.45
207.9500,0,3,1,0,0,7,0,0,9029.51,8341.14,488.12,4852.71,1500.00,390.00,-1,10,0,100,40000.0,40000.0,0,9651.13,3530.69,636.45
207.9500,0,4,21,5,8,7,0,0,8701.85,-456.41,731.93,4099.67,1500.00,240.00,-1,10,0,100,13200.0,40000.0,0,9651.13,3530.69,636.45
207.9500,0,7,21,5,0,7,0,0,9465.01,4340.65,528.77,838.01,1500.00,240.00,-1,10,0,100,40000.0,40000.0,0,9651.13,3530.69,636.45
207.9500,0,14,35,4,8,10,11,19,10761.91,1641.62,900.42,2207.28,1500.00,540.00,-1,10,0,100,40000.0,40000.0,0,9651.13,3530.69,636.45
207.9500,0,16,24,5,0,7,0,0,9029.51,8341.14,488.12,4852.71,1500.00,240.00,-1,10,0,100,40000.0,40000.0,0,9651.13,3530.69,636.45
207.9500,0,17,22,5,0,7,0,0,9029.51,8341.14,488.12,4852.71,1500.00,240.00,-1,10,0,100,40000.0,40000.0,0,9651.13,3530.69,636.45
208.0833,0,2,21,5,0,3,0,24,9029.51,8341.14,488.12,4925.35,1500.00,240.00,-1,10,0,100,0.0,40000.0,0,9674.75,3461.77,673.99
208.0833,0,3,1,0,0,7,0,0,9029.51,8341.14,488.12,4925.35,1500.00,390.00,-1,10,0,100,40000.0,40000.0,0,9674.75,3461.77,673.99
208.0833,0,4,21,5,8,7,0,0,8701.85,-456.41,731.93,4037.58,1500.00,240.00,-1,10,0,100,13200.0,40000.0,0,9674.75,3461.77,673.99
208.0833,0,7,21,5,0,7,0,0,9465.01,4340.65,528.77,915.16,1500.00,240.00,-1,10,0,100,40000.0,40000.0,0,9674.75,3461.77,673.99
208.0833,0,14,35,4,8,10,11,19,10761.91,1641.62,900.42,2132.17,1500.00,540.00,-1,10,0,100,40000.0,40000.0,0,9674.75,3461.77,673.99
208.0833,0,16,24,5,0,7,0,0,9029.51,8341.14,488.12,4925.35,1500.00,240.00,-1,10,0,100,40000.0,40000.0,0,9674.75,3461.77,673.99
208.0833,0,17,22,5,0,7,0,0,9029.51,8341.14,488.12,4925.35,1500.00,240.00,-1,10,0,100,40000.0,40000.0,0,9674.75,3461.77,673.99
208.2167,0,2,21,5,0,3,0,24,9029.51,8341.14,488.12,4989.94,1500.00,240.00,-1,10,0,100,0.0,40000.0,0,9698.54,3401.04,705.72
208.2167,0,3,1,0,0,7,0,0,9029.51,8341.14,488.12,4989.94,1500.00,390.00,-1,10,0,100,40000.0,40000.0,0,9698.54,3401.04,705.72
208.2167,0,4,21,5,8,7,0,0,8701.85,-456.41,731.93,3984.22,1500.00,240.00,-1,10,0,100,13200.0,40000.0,0,9698.54,3401.04,705.72
208.2167,0,7,21,5,0,7,0,0,9465.01,4340.65,528.77,984.23,1500.00,240.00,-1,10,0,100,40000.0,40000.0,0,9698.54,3401.04,705.72
208.2167,0,14,35,4,8,10,11,19,10761.91,1641.62,900.42,2065.00,1500.00,540.00,-1,10,0,100,40000.0,40000.0,0,9698.54,3401.04,705.72
208.2167,0,16,24,5,0,7,0,0,9029.51,8341.14,488.12,4989.94,1500.00,240.00,-1,10,0,100,40000.0,40000.0,0,9698.54,3401.04,705.72
208.2167,0,17,22,5,0,7,0,0,9029.51,8341.14,488.12,4989.94,1500.00,240.00,-1,10,0,100,40000.0,40000.0,0,9698.54,3401.04,705.72
208.3333,0,4,21,5,8,7,0,0,8701.85,-456.41,731.93,3932.36,1500.00,240.00,-1,10,0,100,13200.0,40000.0,0,9720.41,3341.74,735.27
208.3333,0,7,21,5,0,7,0,0,9465.01,4340.65,528.77,1051.52,1500.00,240.00,-1,10,0,100,40000.0,40000.0,0,9720.41,3341.74,735.27
208.3333,0,14,35,4,8,10,11,19,10761.91,1641.62,900.42,2000.60,1500.00,540.00,-1,10,0,100,40000.0,40000.0,0,9720.41,3341.74,735.27
208.4667,0,4,21,5,8,7,0,0,8701.85,-456.41,731.93,3883.82,1500.00,240.00,-1,10,0,100,13200.0,40000.0,0,9736.30,3286.50,798.93
208.4667,0,7,21,5,0,7,0,0,9465.01,4340.65,528.77,1121.52,1500.00,240.00,-1,10,0,100,40000.0,40000.0,0,9736.30,3286.50,798.93
208.4667,0,14,35,4,8,10,11,19,10761.91,1641.62,900.42,1941.09,1500.00,540.00,-1,10,0,100,40000.0,40000.0,0,9736.30,3286.50,798.93
208.6167,0,4,21,5,8,7,0,0,8701.85,-456.41,731.93,3814.67,1500.00,240.00,-1,10,0,100,13200.0,40000.0,0,9759.47,3206.87,848.07
208.6167,0,7,21,5,0,7,0,0,9465.01,4340.65,528.77,1214.13,1500.00,240.00,-1,10,0,100,40000.0,40000.0,0,9759.47,3206.87,848.07
208.6167,0,14,35,4,8,10,11,19,10761.91,1641.62,900.42,1859.47,1500.00,540.00,-1,10,0,100,40000.0,40000.0,0,9759.47,3206.87,848.07
208.7500,0,4,21,5,8,7,0,0,8701.85,-456.41,731.93,3750.43,1500.00,240.00,-1,10,0,100,13200.0,40000.0,0,9776.32,3134.02,873.42
208.7500,0,7,21,5,0,7,0,0,9465.01,4340.65,528.77,1292.92,1500.00,240.00,-1,10,0,100,40000.0,40000.0,0,9776.32,3134.02,873.42
208.7500,0,14,35,4,8,10,11,19,10761.91,1641.62,900.42,1788.68,1500.00,540.00,-1,10,0,100,40000.0,40000.0,0,9776.32,3134.02,873.42
208.8833,0,4,21,5,8,7,0,0,8701.85,-456.41,731.93,3683.30,1500.00,240.00,-1,10,0,100,13200.0,40000.0,0,9789.12,3059.58,881.34
208.8833,0,7,21,5,0,7,0,0,9465.01,4340.65,528.77,1367.66,1500.00,240.00,-1,10,0,100,40000.0,40000.0,0,9789.12,3059.58,881.34
208.8833,0,14,35,4,8,10,11,19,10761.91,1641.62,900.42,1719.68,1500.00,540.00,-1,10,0,100,40000.0,40000.0,0,9789.12,3059.58,881.34
209.0167,0,4,21,5,8,7,0,0,8701.85,-456.41,731.93,3617.89,1500.00,240.00,-1,10,0,100,13200.0,40000.0,0,9796.96,2988.86,873.03
209.0167,0,7,21,5,0,7,0,0,9465.01,4340.65,528.77,1433.89,1500.00,240.00,-1,10,0,100,40000.0,40000.0,0,9796.96,2988.86,873.03
209.0167,0,14,35,4,8,10,11,19,10761.91,1641.62,900.42,1657.39,1500.00,540.00,-1,10,0,100,40000.0,40000.0,0,9796.96,2988.86,873.03
209.1500,0,4,21,5,8,7,0,0,8701.85,-456.41,731.93,3537.20,1500.00,240.00,-1,10,0,100,13200.0,40000.0,0,9792.04,2905.95,865.09
209.1500,0,7,21,5,0,7,0,0,9465.01,4340.65,528.77,1509.44,1500.00,240.00,-1,10,0,100,40000.0,40000.0,0,9792.04,2905.95,865.09
209.1500,0,14,35,4,8,10,11,19,10761.91,1641.62,900.42,1593.87,1500.00,540.00,-1,10,0,100,40000.0,40000.0,0,9792.04,2905.95,865.09
209.2833,0,4,21,5,8,7,0,0,8701.85,-456.41,731.93,3455.98,1500.00,240.00,-1,10,0,100,13200.0,40000.0,0,9775.84,2825.12,879.84
209.2833,0,7,21,5,0,7,0,0,9465.01,4340.65,528.77,1586.41,1500.00,240.00,-1,10,0,100,40000.0,40000.0,0,9775.84,2825.12,879.84
209.2833,0,14,35,4,8,10,11,19,10761.91,1641.62,900.42,1540.60,1500.00,540.00,-1,10,0,100,40000.0,40000.0,0,9775.84,2825.12,879.84
209.4333,0,4,21,5,8,7,0,0,8701.85,-456.41,731.93,3354.09,1500.00,240.00,-1,10,0,100,13200.0,40000.0,0,9745.62,2727.68,880.21
209.4333,0,7,21,5,0,7,0,0,9465.01,4340.65,528.77,1674.49,1500.00,240.00,-1,10,0,100,40000.0,40000.0,0,9745.62,2727.68,880.21
209.4333,0,14,35,4,8,10,11,19,10761.91,1641.62,900.42,1487.54,1500.00,540.00,-1,10,0,100,40000.0,40000.0,0,9745.62,2727.68,880.21
209.5667,0,4,21,5,8,7,0,0,8701.85,-456.41,731.93,3261.45,1500.00,240.00,-1,10,0,100,13200.0,40000.0,0,9715.87,2640.65,862.21
209.5667,0,7,21,5,0,7,0,0,9465.01,4340.65,528.77,1750.46,1500.00,240.00,-1,10,0,100,40000.0,40000.0,0,9715.87,2640.65,862.21
209.5667,0,14,35,4,8,10,11,19,10761.91,1641.62,900.42,1446.97,1500.00,540.00,-1,10,0,100,40000.0,40000.0,0,9715.87,2640.65,862.21
209.7000,0,4,21,5,8,7,0,0,8701.85,-456.41,731.93,3175.76,1500.00,240.00,-1,10,0,100,13200.0,40000.0,0,9686.09,2561.35,830.95
209.7000,0,7,21,5,0,7,0,0,9465.01,4340.65,528.77,1818.27,1500.00,240.00,-1,10,0,100,40000.0,40000.0,0,9686.09,2561.35,830.95
209.7000,0,14,35,4,8,10,11,19,10761.91,1641.62,900.42,1417.08,1500.00,540.00,-1,10,0,100,40000.0,40000.0,0,9686.09,2561.35,830.95
209.8500,0,4,21,5,8,7,0,0,8701.85,-456.41,731.93,3161.61,1500.00,240.00,-1,10,0,100,13200.0,40000.0,0,9665.18,2552.83,842.37
209.8500,0,7,21,5,0,7,0,0,9465.01,4340.65,528.77,1826.12,1500.00,240.00,-1,10,0,100,40000.0,40000.0,0,9665.18,2552.83,842.37
209.8500,0,14,35,4,8,10,11,19,10761.91,1641.62,900.42,1427.06,1500.00,540.00,-1,10,0,100,40000.0,40000.0,0,9665.18,2552.83,842.37
209.9833,0,4,21,5,8,7,0,0,8701.85,-456.41,731.93,3142.96,1500.00,240.00,-1,10,0,100,13200.0,40000.0,0,9663.49,2534.16,831.54
209.9833,0,7,21,5,0,7,0,0,9465.01,4340.65,528.77,1842.41,1500.00,240.00,-1,10,0,100,40000.0,40000.0,0,9663.49,2534.16,831.54
209.9833,0,14,35,4,8,10,11,19,10761.91,1641.62,900.42,1417.01,1500.00,540.00,-1,10,0,100,40000.0,40000.0,0,9663.49,2534.16,831.54
210.1167,0,4,21,5,8,7,0,0,8701.85,-456.41,731.93,3123.80,1500.00,240.00,-1,10,0,100,13200.0,40000.0,0,9657.08,2516.13,830.24
210.1167,0,7,21,5,0,7,0,0,9465.01,4340.65,528.77,1859.21,1500.00,240.00,-1,10,0,100,40000.0,40000.0,0,9657.08,2516.13,830.24
210.1167,0,14,35,4,8,10,11,19,10761.91,1641.62,900.42,1410.79,1500.00,540.00,-1,10,0,100,40000.0,40000.0,0,9657.08,2516.13,830.24
210.2500,0,4,21,5,8,7,0,0,8701.85,-456.41,731.93,3102.55,1500.00,240.00,-1,10,0,100,13200.0,40000.0,0,9648.38,2496.51,832.52
210.2500,0,7,21,5,0,7,0,0,9465.01,4340.65,528.77,1877.96,1500.00,240.00,-1,10,0,100,40000.0,40000.0,0,9648.38,2496.51,832.52
210.2500,0,14,35,4,8,10,11,19,10761.91,1641.62,900.42,1405.48,1500.00,540.00,-1,10,0,100,40000.0,40000.0,0,9648.38,2496.51,832.52
210.3667,0,4,21,5,8,7,0,0,8701.85,-456.41,731.93,3083.66,1500.00,240.00,-1,10,0,100,13200.0,40000.0,0,9639.83,2479.38,833.23
210.3667,0,7,21,5,0,7,0,0,9465.01,4340.65,528.77,1894.09,1500.00,240.00,-1,10,0,100,40000.0,40000.0,0,9639.83,2479.38,833.23
210.3667,0,14,35,4,8,10,11,19,10761.91,1641.62,900.42,1401.93,1500.00,540.00,-1,10,0,100,40000.0,40000.0,0,9639.83,2479.38,833.23
210.5000,0,4,21,5,8,7,0,0,8701.85,-456.41,731.93,3067.21,1500.00,240.00,-1,10,0,100,13200.0,40000.0,0,9627.38,2466.02,834.65
210.5000,0,7,21,5,0,7,0,0,9465.01,4340.65,528.77,1906.35,1500.00,240.00,-1,10,0,100,40000.0,40000.0,0,9627.38,2466.02,834.65
210.5000,0,14,35,4,8,10,11,19,10761.91,1641.62,900.42,1403.97,1500.00,540.00,-1,10,0,100,40000.0,40000.0,0,9627.38,2466.02,834.65
210.6167,0,4,21,5,8,7,0,0,8701.85,-456.41,731.93,3060.26,1500.00,240.00,-1,10,0,100,13200.0,40000.0,0,9611.28,2463.47,843.20
210.6167,0,7,21,5,0,7,0,0,9465.01,4340.65,528.77,1908.95,1500.00,240.00,-1,10,0,100,40000.0,40000.0,0,9611.28,2463.47,843.20
210.6167,0,14,35,4,8,10,11,19,10761.91,1641.62,900.42,1415.15,1500.00,540.00,-1,10,0,100,40000.0,40000.0,0,9611.28,2463.47,843.20
210.7500,0,4,21,5,8,7,0,0,8701.85,-456.41,731.93,3042.35,1500.00,240.00,-1,10,0,100,13200.0,40000.0,0,9599.43,2447.91,854.86
210.7500,0,7,21,5,0,7,0,0,9465.01,4340.65,528.77,1925.32,1500.00,240.00,-1,10,0,100,40000.0,40000.0,0,9599.43,2447.91,854.86
210.7500,0,14,35,4,8,10,11,19,10761.91,1641.62,900.42,1415.46,1500.00,540.00,-1,10,0,100,40000.0,40000.0,0,9599.43,2447.91,854.86
210.8667,0,4,21,5,8,7,0,0,8701.85,-456.41,731.93,3026.28,1500.00,240.00,-1,10,0,100,13200.0,40000.0,0,9603.50,2429.41,863.84
210.8667,0,7,21,5,0,7,0,0,9465.01,4340.65,528.77,1945.32,1500.00,240.00,-1,10,0,100,40000.0,40000.0,0,9603.50,2429.41,863.84
210.8667,0,14,35,4,8,10,11,19,10761.91,1641.62,900.42,1401.38,1500.00,540.00,-1,10,0,100,40000.0,40000.0,0,9603.50,2429.41,863.84
211.0000,0,4,21,5,8,7,0,0,8701.85,-456.41,731.93,3009.79,1500.00,240.00,-1,10,0,100,13200.0,40000.0,0,9611.64,2409.09,873.29
211.0000,0,7,21,5,0,7,0,0,9465.01,4340.65,528.77,1967.52,1500.00,240.00,-1,10,0,100,40000.0,40000.0,0,9611.64,2409.09,873.29
211.0000,0,14,35,4,8,10,11,19,10761.91,1641.62,900.42,1383.06,1500.00,540.00,-1,10,0,100,40000.0,40000.0,0,9611.64,2409.09,873.29
211.1167,0,4,21,5,8,7,0,0,8701.85,-456.41,731.93,2995.39,1500.00,240.00,-1,10,0,100,13200.0,40000.0,0,9621.62,2390.76,873.22
211.1167,0,7,21,5,0,7,0,0,9465.01,4340.65,528.77,1986.26,1500.00,240.00,-1,10,0,100,40000.0,40000.0,0,9621.62,2390.76,873.22
211.1167,0,14,35,4,8,10,11,19,10761.91,1641.62,900.42,1364.63,1500.00,540.00,-1,10,0,100,40000.0,40000.0,0,9621.62,2390.76,873.22
211.2500,0,4,21,5,8,7,0,0,8701.85,-456.41,731.93,2978.04,1500.00,240.00,-1,10,0,100,13200.0,40000.0,0,9626.89,2371.39,860.48
211.2500,0,7,21,5,0,7,0,0,9465.01,4340.65,528.77,2003.55,1500.00,240.00,-1,10,0,100,40000.0,40000.0,0,9626.89,2371.39,860.48
211.2500,0,14,35,4,8,10,11,19,10761.91,1641.62,900.42,1349.97,1500.00,540.00,-1,10,0,100,40000.0,40000.0,0,9626.89,2371.39,860.48
211.3667,0,4,21,5,8,7,0,0,8701.85,-456.41,731.93,2968.81,1500.00,240.00,-1,10,0,100,13200.0,40000.0,0,9631.03,2360.79,849.36
211.3667,0,7,21,5,0,7,0,0,9465.01,4340.65,528.77,2012.51,1500.00,240.00,-1,10,0,100,40000.0,40000.0,0,9631.03,2360.79,849.36
211.3667,0,14,35,4,8,10,11,19,10761.91,1641.62,900.42,1341.15,1500.00,540.00,-1,10,0,100,40000.0,40000.0,0,9631.03,2360.79,849.36
211.5000,0,4,21,5,8,7,0,0,8701.85,-456.41,731.93,2951.90,1500.00,240.00,-1,10,0,100,13200.0,40000.0,0,9641.27,2339.43,852.05
211.5000,0,7,21,5,0,7,0,0,9465.01,4340.65,528.77,2034.81,1500.00,240.00,-1,10,0,100,40000.0,40000.0,0,9641.27,2339.43,852.05
211.5000,0,14,35,4,8,10,11,19,10761.91,1641.62,900.42,1321.02,1500.00,540.00,-1,10,0,100,40000.0,40000.0,0,9641.27,2339.43,852.05
211.6167,0,4,21,5,8,7,0,0,8701.85,-456.41,731.93,2939.54,1500.00,240.00,-1,10,0,100,13200.0,40000.0,0,9652.79,2322.33,855.23
211.6167,0,7,21,5,0,7,0,0,9465.01,4340.65,528.77,2053.16,1500.00,240.00,-1,10,0,100,40000.0,40000.0,0,9652.79,2322.33,855.23
211.6167,0,14,35,4,8,10,11,19,10761.91,1641.62,900.42,1302.13,1500.00,540.00,-1,10,0,100,40000.0,40000.0,0,9652.79,2322.33,855.23
211.7500,0,4,21,5,8,7,0,0,8701.85,-456.41,731.93,2926.47,1500.00,240.00,-1,10,0,100,13200.0,40000.0,0,9666.83,2303.43,859.48
211.7500,0,7,21,5,0,7,0,0,9465.01,4340.65,528.77,2073.73,1500.00,240.00,-1,10,0,100,40000.0,40000.0,0,9666.83,2303.43,859.48
211.7500,0,14,35,4,8,10,11,19,10761.91,1641.62,900.42,1280.19,1500.00,540.00,-1,10,0,100,40000.0,40000.0,0,9666.83,2303.43,859.48
211.8667,0,4,21,5,8,7,0,0,8701.85,-456.41,731.93,2917.73,1500.00,240.00,-1,10,0,100,13200.0,40000.0,0,9681.84,2288.97,857.12
211.8667,0,7,21,5,0,7,0,0,9465.01,4340.65,528.77,2089.07,1500.00,240.00,-1,10,0,100,40000.0,40000.0,0,9681.84,2288.97,857.12
211.8667,0,14,35,4,8,10,11,19,10761.91,1641.62,900.42,1259.95,1500.00,540.00,-1,10,0,100,40000.0,40000.0,0,9681.84,2288.97,857.12
212.0000,0,4,21,5,8,7,0,0,8701.85,-456.41,731.93,2910.15,1500.00,240.00,-1,10,0,100,13200.0,40000.0,0,9700.63,2274.22,854.77
212.0000,0,7,21,5,0,7,0,0,9465.01,4340.65,528.77,2105.22,1500.00,240.00,-1,10,0,100,40000.0,40000.0,0,9700.63,2274.22,854.77
212.0000,0,14,35,4,8,10,11,19,10761.91,1641.62,900.42,1236.36,1500.00,540.00,-1,10,0,100,40000.0,40000.0,0,9700.63,2274.22,854.77
212.1167,0,4,21,5,8,7,0,0,8701.85,-456.41,731.93,2903.89,1500.00,240.00,-1,10,0,100,13200.0,40000.0,0,9717.22,2261.48,852.89
212.1167,0,7,21,5,0,7,0,0,9465.01,4340.65,528.77,2119.34,1500.00,240.00,-1,10,0,100,40000.0,40000.0,0,9717.22,2261.48,852.89
212.1167,0,14,35,4,8,10,11,19,10761.91,1641.62,900.42,1215.68,1500.00,540.00,-1,10,0,100,40000.0,40000.0,0,9717.22,2261.48,852.89
212.2500,0,4,21,5,8,7,0,0,8701.85,-456.41,731.93,2890.42,1500.00,240.00,-1,10,0,100,13200.0,40000.0,0,9729.32,2242.49,853.35
212.2500,0,7,21,5,0,7,0,0,9465.01,4340.65,528.77,2139.51,1500.00,240.00,-1,10,0,100,40000.0,40000.0,0,9729.32,2242.49,853.35
212.2500,0,14,35,4,8,10,11,19,10761.91,1641.62,900.42,1195.62,1500.00,540.00,-1,10,0,100,40000.0,40000.0,0,9729.32,2242.49,853.35
212.3833,0,4,21,5,8,7,0,0,8701.85,-456.41,731.93,2869.80,1500.00,240.00,-1,10,0,100,13200.0,40000.0,0,9732.82,2218.94,855.61
212.3833,0,7,21,5,0,7,0,0,9465.01,4340.65,528.77,2163.38,1500.00,240.00,-1,10,0,100,40000.0,40000.0,0,9732.82,2218.94,855.61
212.3833,0,14,35,4,8,10,11,19,10761.91,1641.62,900.42,1180.82,1500.00,540.00,-1,10,0,100,40000.0,40000.0,0,9732.82,2218.94,855.61
212.5000,0,4,21,5,8,7,0,0,8701.85,-456.41,731.93,2849.62,1500.00,240.00,-1,10,0,100,13200.0,40000.0,0,9730.39,2198.17,857.08
212.5000,0,7,21,5,0,7,0,0,9465.01,4340.65,528.77,2183.68,1500.00,240.00,-1,10,0,100,40000.0,40000.0,0,9730.39,2198.17,857.08
212.5000,0,14,35,4,8,10,11,19,10761.91,1641.62,900.42,1172.89,1500.00,540.00,-1,10,0,100,40000.0,40000.0,0,9730.39,2198.17,857.08
212.6333,0,4,21,5,8,7,0,0,8701.85,-456.41,731.93,2826.39,1500.00,240.00,-1,10,0,100,13200.0,40000.0,0,9725.89,2174.85,859.43
212.6333,0,7,21,5,0,7,0,0,9465.01,4340.65,528.77,2206.37,1500.00,240.00,-1,10,0,100,40000.0,40000.0,0,9725.89,2174.85,859.43
212.6333,0,14,35,4,8,10,11,19,10761.91,1641.62,900.42,1165.91,1500.00,540.00,-1,10,0,100,40000.0,40000.0,0,9725.89,2174.85,859.43
212.7833,0,4,21,5,8,7,0,0,8701.85,-456.41,731.93,2802.21,1500.00,240.00,-1,10,0,100,13200.0,40000.0,0,9724.89,2148.94,865.74
212.7833,0,7,21,5,0,7,0,0,9465.01,4340.65,528.77,2232.64,1500.00,240.00,-1,10,0,100,40000.0,40000.0,0,9724.89,2148.94,865.74
212.7833,0,14,35,4,8,10,11,19,10761.91,1641.62,900.42,1154.98,1500.00,540.00,-1,10,0,100,40000.0,40000.0,0,9724.89,2148.94,865.74
212.9167,0,4,21,5,8,7,0,0,8701.85,-456.41,731.93,2782.69,1500.00,240.00,-1,10,0,100,13200.0,40000.0,0,9724.23,2127.68,875.29
212.9167,0,7,21,5,0,7,0,0,9465.01,4340.65,528.77,2254.88,1500.00,240.00,-1,10,0,100,40000.0,40000.0,0,9724.23,2127.68,875.29
212.9167,0,14,35,4,8,10,11,19,10761.91,1641.62,900.42,1146.16,1500.00,540.00,-1,10,0,100,40000.0,40000.0,0,9724.23,2127.68,875.29
213.0500,0,4,21,5,8,7,0,0,8701.85,-456.41,731.93,2761.96,1500.00,240.00,-1,10,0,100,13200.0,40000.0,0,9727.17,2104.10,876.48
213.0500,0,7,21,5,0,7,0,0,9465.01,4340.65,528.77,2278.55,1500.00,240.00,-1,10,0,100,40000.0,40000.0,0,9727.17,2104.10,876.48
213.0500,0,14,35,4,8,10,11,19,10761.91,1641.62,900.42,1133.65,1500.00,540.00,-1,10,0,100,40000.0,40000.0,0,9727.17,2104.10,876.48
213.1833,0,4,21,5,8,7,0,0,8701.85,-456.41,731.93,2743.94,1500.00,240.00,-1,10,0,100,13200.0,40000.0,0,9734.33,2081.89,873.90
213.1833,0,7,21,5,0,7,0,0,9465.01,4340.65,528.77,2300.79,1500.00,240.00,-1,10,0,100,40000.0,40000.0,0,9734.33,2081.89,873.90
213.1833,0,14,35,4,8,10,11,19,10761.91,1641.62,900.42,1118.24,1500.00,540.00,-1,10,0,100,40000.0,40000.0,0,9734.33,2081.89,873.90
213.3167,0,4,21,5,8,7,0,0,8701.85,-456.41,731.93,2725.19,1500.00,240.00,-1,10,0,100,13200.0,40000.0,0,9741.01,2058.86,874.08
213.3167,0,7,21,5,0,7,0,0,9465.01,4340.65,528.77,2324.22,1500.00,240.00,-1,10,0,100,40000.0,40000.0,0,9741.01,2058.86,874.08
213.3167,0,14,35,4,8,10,11,19,10761.91,1641.62,900.42,1103.18,1500.00,540.00,-1,10,0,100,40000.0,40000.0,0,9741.01,2058.86,874.08
213.4500,0,4,21,5,8,7,0,0,8701.85,-456.41,731.93,2705.18,1500.00,240.00,-1,10,0,100,13200.0,40000.0,0,9744.45,2035.70,874.65
213.4500,0,7,21,5,0,7,0,0,9465.01,4340.65,528.77,2347.45,1500.00,240.00,-1,10,0,100,40000.0,40000.0,0,9744.45,2035.70,874.65
213.4500,0,14,35,4,8,10,11,19,10761.91,1641.62,900.42,1091.41,1500.00,540.00,-1,10,0,100,40000.0,40000.0,0,9744.45,2035.70,874.65
213.5833,0,4,21,5,8,7,0,0,8701.85,-456.41,731.93,2689.37,1500.00,240.00,-1,10,0,100,13200.0,40000.0,0,9753.55,2014.40,879.15
213.5833,0,7,21,5,0,7,0,0,9465.01,4340.65,528.77,2370.12,1500.00,240.00,-1,10,0,100,40000.0,40000.0,0,9753.55,2014.40,879.15
213.5833,0,14,35,4,8,10,11,19,10761.91,1641.62,900.42,1075.27,1500.00,540.00,-1,10,0,100,40000.0,40000.0,0,9753.55,2014.40,879.15
213.7167,0,4,21,5,8,7,0,0,8701.85,-456.41,731.93,2674.80,1500.00,240.00,-1,10,0,100,13200.0,40000.0,0,9764.36,1993.89,878.98
213.7167,0,7,21,5,0,7,0,0,9465.01,4340.65,528.77,2391.55,1500.00,240.00,-1,10,0,100,40000.0,40000.0,0,9764.36,1993.89,878.98
213.7167,0,14,35,4,8,10,11,19,10761.91,1641.62,900.42,1058.14,1500.00,540.00,-1,10,0,100,40000.0,40000.0,0,9764.36,1993.89,878.98
213.8500,0,4,21,5,8,7,0,0,8701.85,-456.41,731.93,2657.05,1500.00,240.00,-1,10,0,100,13200.0,40000.0,0,9771.43,1971.20,882.28
213.8500,0,7,21,5,0,7,0,0,9465.01,4340.65,528.77,2415.19,1500.00,240.00,-1,10,0,100,40000.0,40000.0,0,9771.43,1971.20,882.28
213.8500,0,14,35,4,8,10,11,19,10761.91,1641.62,900.42,1044.03,1500.00,540.00,-1,10,0,100,40000.0,40000.0,0,9771.43,1971.20,882.28
213.9833,0,4,21,5,8,7,0,0,8701.85,-456.41,731.93,2639.39,1500.00,240.00,-1,10,0,100,13200.0,40000.0,0,9778.51,1948.50,885.52
213.9833,0,7,21,5,0,7,0,0,9465.01,4340.65,528.77,2438.84,1500.00,240.00,-1,10,0,100,40000.0,40000.0,0,9778.51,1948.50,885.52
213.9833,0,14,35,4,8,10,11,19,10761.91,1641.62,900.42,1030.28,1500.00,540.00,-1,10,0,100,40000.0,40000.0,0,9778.51,1948.50,885.52
214.1167,0,4,21,5,8,7,0,0,8701.85,-456.41,731.93,2622.06,1500.00,240.00,-1,10,0,100,13200.0,40000.0,0,9785.93,1925.89,888.64
214.1167,0,7,21,5,0,7,0,0,9465.01,4340.65,528.77,2462.43,1500.00,240.00,-1,10,0,100,40000.0,40000.0,0,9785.93,1925.89,888.64
214.1167,0,14,35,4,8,10,11,19,10761.91,1641.62,900.42,1016.60,1500.00,540.00,-1,10,0,100,40000.0,40000.0,0,9785.93,1925.89,888.64
214.2500,0,4,21,5,8,7,0,0,8701.85,-456.41,731.93,2603.36,1500.00,240.00,-1,10,0,100,13200.0,40000.0,0,9791.10,1902.70,891.95
214.2500,0,7,21,5,0,7,0,0,9465.01,4340.65,528.77,2486.33,1500.00,240.00,-1,10,0,100,40000.0,40000.0,0,9791.10,1902.70,891.95
214.2500,0,14,35,4,8,10,11,19,10761.91,1641.62,900.42,1005.34,1500.00,540.00,-1,10,0,100,40000.0,40000.0,0,9791.10,1902.70,891.95
214.4000,0,4,21,5,8,7,0,0,8701.85,-456.41,731.93,2585.88,1500.00,240.00,-1,10,0,100,13200.0,40000.0,0,9801.67,1878.20,895.48
214.4000,0,7,21,5,0,7,0,0,9465.01,4340.65,528.77,2512.26,1500.00,240.00,-1,10,0,100,40000.0,40000.0,0,9801.67,1878.20,895.48
214.4000,0,14,35,4,8,10,11,19,10761.91,1641.62,900.42,988.97,1500.00,540.00,-1,10,0,100,40000.0,40000.0,0,9801.67,1878.20,895.48
214.5333,0,4,21,5,8,7,0,0,8701.85,-456.41,731.93,2582.87,1500.00,240.00,-1,10,0,100,13200.0,40000.0,0,9804.97,1873.25,896.20
214.5333,0,7,21,5,0,7,0,0,9465.01,4340.65,528.77,2517.66,1500.00,240.00,-1,10,0,100,40000.0,40000.0,0,9804.97,1873.25,896.20
214.5333,0,14,35,4,8,10,11,19,10761.91,1641.62,900.42,984.59,1500.00,540.00,-1,10,0,100,40000.0,40000.0,0,9804.97,1873.25,896.20
214.6667,0,4,21,5,8,7,0,0,8701.85,-456.41,731.93,2582.87,1500.00,240.00,-1,10,0,100,13200.0,40000.0,0,9804.97,1873.25,896.20
214.6667,0,7,21,5,0,7,0,0,9465.01,4340.65,528.77,2517.66,1500.00,240.00,-1,10,0,100,40000.0,40000.0,0,9804.97,1873.25,896.20
214.6667,0,14,35,4,8,10,11,19,10761.91,1641.62,900.42,984.59,1500.00,540.00,-1,10,0,100,40000.0,40000.0,0,9804.97,1873.25,896.20
214.8000,0,4,21,5,8,7,0,0,8701.85,-456.41,731.93,2582.87,1500.00,240.00,-1,10,0,100,13200.0,40000.0,0,9804.97,1873.25,896.20
214.8000,0,7,21,5,0,7,0,0,9465.01,4340.65,528.77,2517.66,1500.00,240.00,-1,10,0,100,40000.0,40000.0,0,9804.97,1873.25,896.20
214.8000,0,14,35,4,8,10,11,19,10761.91,1641.62,900.42,984.59,1500.00,540.00,-1,10,0,100,40000.0,40000.0,0,9804.97,1873.25,896.20
214.9167,0,4,21,5,8,7,0,0,8701.85,-456.41,731.93,2582.87,1500.00,240.00,-1,10,0,100,13200.0,40000.0,0,9804.97,1873.25,896.20
214.9167,0,7,21,5,0,7,0,0,9465.01,4340.65,528.77,2517.66,1500.00,240.00,-1,10,0,100,40000.0,40000.0,0,9804.97,1873.25,896.20
214.9167,0,14,35,4,8,10,11,19,10761.91,1641.62,900.42,984.59,1500.00,540.00,-1,10,0,100,40000.0,40000.0,0,9804.97,1873.25,896.20
215.0500,0,4,21,5,8,7,0,0,8701.85,-456.41,731.93,2582.87,1500.00,240.00,-1,10,0,100,13200.0,40000.0,0,9804.97,1873.25,896.20
215.0500,0,7,21,5,0,7,0,0,9465.01,4340.65,528.77,2517.66,1500.00,240.00,-1,10,0,100,40000.0,40000.0,0,9804.97,1873.25,896.20
215.0500,0,14,35,4,8,10,11,19,10761.91,1641.62,900.42,984.59,1500.00,540.00,-1,10,0,100,40000.0,40000.0,0,9804.97,1873.25,896.20
215.1833,0,4,21,5,8,7,0,0,8701.85,-456.41,731.93,2582.87,1500.00,240.00,-1,10,0,100,13200.0,40000.0,0,9804.97,1873.25,896.20
215.1833,0,7,21,5,0,7,0,0,9465.01,4340.65,528.77,2517.66,1500.00,240.00,-1,10,0,100,40000.0,40000.0,0,9804.97,1873.25,896.20
215.1833,0,14,35,4,8,10,11,19,10761.91,1641.62,900.42,984.59,1500.00,540.00,-1,10,0,100,40000.0,40000.0,0,9804.97,1873.25,896.20
215.3167,0,4,21,5,8,7,0,0,8701.85,-456.41,731.93,2582.87,1500.00,240.00,-1,10,0,100,13200.0,40000.0,0,9804.97,1873.25,896.20
215.3167,0,7,21,5,0,7,0,0,9465.01,4340.65,528.77,2517.66,1500.00,240.00,-1,10,0,100,40000.0,40000.0,0,9804.97,1873.25,896.20
215.3167,0,14,35,4,8,10,11,19,10761.91,1641.62,900.42,984.59,1500.00,540.00,-1,10,0,100,40000.0,40000.0,0,9804.97,1873.25,896.20
215.4333,0,4,21,5,8,7,0,0,8701.85,-456.41,731.93,2582.87,1500.00,240.00,-1,10,0,100,13200.0,40000.0,0,9804.97,1873.25,896.20
215.4333,0,7,21,5,0,7,0,0,9465.01,4340.65,528.77,2517.66,1500.00,240.00,-1,10,0,100,40000.0,40000.0,0,9804.97,1873.25,896.20
215.4333,0,14,35,4,8,10,11,19,10761.91,1641.62,900.42,984.59,1500.00,540.00,-1,10,0,100,40000.0,40000.0,0,9804.97,1873.25,896.20
215.5667,0,4,21,5,8,7,0,0,8701.85,-456.41,731.93,2582.87,1500.00,240.00,-1,10,0,100,13200.0,40000.0,0,9804.97,1873.25,896.20
215.5667,0,7,21,5,0,7,0,0,9465.01,4340.65,528.77,2517.66,1500.00,240.00,-1,10,0,100,40000.0,40000.0,0,9804.97,1873.25,896.20
215.5667,0,14,35,4,8,10,11,19,10761.91,1641.62,900.42,984.59,1500.00,540.00,-1,10,0,100,40000.0,40000.0,0,9804.97,1873.25,896.20
215.6833,0,4,21,5,8,7,0,0,8701.85,-456.41,731.93,2582.87,1500.00,240.00,-1,10,0,100,13200.0,40000.0,0,9804.97,1873.25,896.20
215.6833,0,7,21,5,0,7,0,0,9465.01,4340.65,528.77,2517.66,1500.00,240.00,-1,10,0,100,40000.0,40000.0,0,9804.97,1873.25,896.20
215.6833,0,14,35,4,8,10,11,19,10761.91,1641.62,900.42,984.59,1500.00,540.00,-1,10,0,100,40000.0,40000.0,0,9804.97,1873.25,896.20
215.8167,0,4,21,5,8,7,0,0,8701.85,-456.41,731.93,2582.87,1500.00,240.00,-1,10,0,100,13200.0,40000.0,0,9804.97,1873.25,896.20
215.8167,0,7,21,5,0,7,0,0,9465.01,4340.65,528.77,2517.66,1500.00,240.00,-1,10,0,100,40000.0,40000.0,0,9804.97,1873.25,896.20
215.8167,0,14,35,4,8,10,11,19,10761.91,1641.62,900.42,984.59,1500.00,540.00,-1,10,0,100,40000.0,40000.0,0,9804.97,1873.25,896.20
215.9500,0,4,21,5,8,7,0,0,8701.85,-456.41,731.93,2582.87,1500.00,240.00,-1,10,0,100,13200.0,40000.0,0,9804.97,1873.25,896.20
215.9500,0,7,21,5,0,7,0,0,9465.01,4340.65,528.77,2517.66,1500.00,240.00,-1,10,0,100,40000.0,40000.0,0,9804.97,1873.25,896.20
215.9500,0,14,35,4,8,10,11,19,10761.91,1641.62,900.42,984.59,1500.00,540.00,-1,10,0,100,40000.0,40000.0,0,9804.97,1873.25,896.20
216.0667,0,4,21,5,8,7,0,0,8701.85,-456.41,731.93,2581.81,1500.00,240.00,-1,10,0,100,13200.0,40000.0,0,9805.54,1871.79,896.41
216.0667,0,7,21,5,0,7,0,0,9465.01,4340.65,528.77,2519.20,1500.00,240.00,-1,10,0,100,40000.0,40000.0,0,9805.54,1871.79,896.41
216.0667,0,14,35,4,8,10,11,19,10761.91,1641.62,900.42,983.68,1500.00,540.00,-1,10,0,100,40000.0,40000.0,0,9805.54,1871.79,896.41
216.2000,0,4,21,5,8,7,0,0,8701.85,-456.41,731.93,2566.76,1500.00,240.00,-1,10,0,100,13200.0,40000.0,0,9810.15,1852.59,900.53
216.2000,0,7,21,5,0,7,0,0,9465.01,4340.65,528.77,2539.25,1500.00,240.00,-1,10,0,100,40000.0,40000.0,0,9810.15,1852.59,900.53
216.2000,0,14,35,4,8,10,11,19,10761.91,1641.62,900.42,974.87,1500.00,540.00,-1,10,0,100,40000.0,40000.0,0,9810.15,1852.59,900.53
216.3333,0,4,21,5,8,7,0,0,8701.85,-456.41,731.93,2547.92,1500.00,240.00,-1,10,0,100,13200.0,40000.0,0,9812.78,1829.85,907.11
216.3333,0,7,21,5,0,7,0,0,9465.01,4340.65,528.77,2562.85,1500.00,240.00,-1,10,0,100,40000.0,40000.0,0,9812.78,1829.85,907.11
216.3333,0,14,35,4,8,10,11,19,10761.91,1641.62,900.42,967.64,1500.00,540.00,-1,10,0,100,40000.0,40000.0,0,9812.78,1829.85,907.11
216.4667,0,4,21,5,8,7,0,0,8701.85,-456.41,731.93,2528.70,1500.00,240.00,-1,10,0,100,13200.0,40000.0,0,9815.51,1806.67,912.22
216.4667,0,7,21,5,0,7,0,0,9465.01,4340.65,528.77,2586.68,1500.00,240.00,-1,10,0,100,40000.0,40000.0,0,9815.51,1806.67,912.22
216.4667,0,14,35,4,8,10,11,19,10761.91,1641.62,900.42,960.76,1500.00,540.00,-1,10,0,100,40000.0,40000.0,0,9815.51,1806.67,912.22
216.6000,0,4,21,5,8,7,0,0,8701.85,-456.41,731.93,2514.00,1500.00,240.00,-1,10,0,100,13200.0,40000.0,0,9825.78,1785.03,913.26
216.6000,0,7,21,5,0,7,0,0,9465.01,4340.65,528.77,2609.44,1500.00,240.00,-1,10,0,100,40000.0,40000.0,0,9825.78,1785.03,913.26
216.6000,0,14,35,4,8,10,11,19,10761.91,1641.62,900.42,947.13,1500.00,540.00,-1,10,0,100,40000.0,40000.0,0,9825.78,1785.03,913.26
216.7333,0,4,21,5,8,7,0,0,8701.85,-456.41,731.93,2503.39,1500.00,240.00,-1,10,0,100,13200.0,40000.0,0,9840.01,1765.84,913.89
216.7333,0,7,21,5,0,7,0,0,9465.01,4340.65,528.77,2630.32,1500.00,240.00,-1,10,0,100,40000.0,40000.0,0,9840.01,1765.84,913.89
216.7333,0,14,35,4,8,10,11,19,10761.91,1641.62,900.42,930.33,1500.00,540.00,-1,10,0,100,40000.0,40000.0,0,9840.01,1765.84,913.89
216.8667,0,4,21,5,8,7,0,0,8701.85,-456.41,731.93,2494.31,1500.00,240.00,-1,10,0,100,13200.0,40000.0,0,9855.52,1747.55,914.10
216.8667,0,7,21,5,0,7,0,0,9465.01,4340.65,528.77,2650.50,1500.00,240.00,-1,10,0,100,40000.0,40000.0,0,9855.52,1747.55,914.10
216.8667,0,14,35,4,8,10,11,19,10761.91,1641.62,900.42,912.66,1500.00,540.00,-1,10,0,100,40000.0,40000.0,0,9855.52,1747.55,914.10
217.0000,0,4,21,5,8,7,0,0,8701.85,-456.41,731.93,2484.09,1500.00,240.00,-1,10,0,100,13200.0,40000.0,0,9869.15,1728.71,914.48
217.0000,0,7,21,5,0,7,0,0,9465.01,4340.65,528.77,2671.02,1500.00,240.00,-1,10,0,100,40000.0,40000.0,0,9869.15,1728.71,914.48
217.0000,0,14,35,4,8,10,11,19,10761.91,1641.62,900.42,897.11,1500.00,540.00,-1,10,0,100,40000.0,40000.0,0,9869.15,1728.71,914.48
217.1167,0,4,21,5,8,7,0,0,8701.85,-456.41,731.93,2471.26,1500.00,240.00,-1,10,0,100,13200.0,40000.0,0,9877.46,1709.49,916.11
217.1167,0,7,21,5,0,7,0,0,9465.01,4340.65,528.77,2691.31,1500.00,240.00,-1,10,0,100,40000.0,40000.0,0,9877.46,1709.49,916.11
217.1167,0,14,35,4,8,10,11,19,10761.91,1641.62,900.42,887.19,1500.00,540.00,-1,10,0,100,40000.0,40000.0,0,9877.46,1709.49,916.11
217.2500,0,4,21,5,8,7,0,0,8701.85,-456.41,731.93,2457.18,1500.00,240.00,-1,10,0,100,13200.0,40000.0,0,9887.22,1687.79,919.04
217.2500,0,7,21,5,0,7,0,0,9465.01,4340.65,528.77,2714.45,1500.00,240.00,-1,10,0,100,40000.0,40000.0,0,9887.22,1687.79,919.04
217.2500,0,14,35,4,8,10,11,19,10761.91,1641.62,900.42,876.11,1500.00,540.00,-1,10,0,100,40000.0,40000.0,0,9887.22,1687.79,919.04
217.3833,0,4,21,5,8,7,0,0,8701.85,-456.41,731.93,2446.20,1500.00,240.00,-1,10,0,100,13200.0,40000.0,0,9900.02,1667.88,920.75
217.3833,0,7,21,5,0,7,0,0,9465.01,4340.65,528.77,2736.16,1500.00,240.00,-1,10,0,100,40000.0,40000.0,0,9900.02,1667.88,920.75
217.3833,0,14,35,4,8,10,11,19,10761.91,1641.62,900.42,862.53,1500.00,540.00,-1,10,0,100,40000.0,40000.0,0,9900.02,1667.88,920.75
217.5167,0,4,21,5,8,7,0,0,8701.85,-456.41,731.93,2440.00,1500.00,240.00,-1,10,0,100,13200.0,40000.0,0,9915.95,1651.36,923.91
217.5167,0,7,21,5,0,7,0,0,9465.01,4340.65,528.77,2755.32,1500.00,240.00,-1,10,0,100,40000.0,40000.0,0,9915.95,1651.36,923.91
217.5167,0,14,35,4,8,10,11,19,10761.91,1641.62,900.42,846.35,1500.00,540.00,-1,10,0,100,40000.0,40000.0,0,9915.95,1651.36,923.91
217.6500,0,4,21,5,8,7,0,0,8701.85,-456.41,731.93,2426.25,1500.00,240.00,-1,10,0,100,13200.0,40000.0,0,9924.87,1629.87,927.63
217.6500,0,7,21,5,0,7,0,0,9465.01,4340.65,528.77,2778.28,1500.00,240.00,-1,10,0,100,40000.0,40000.0,0,9924.87,1629.87,927.63
217.6500,0,14,35,4,8,10,11,19,10761.91,1641.62,900.42,837.56,1500.00,540.00,-1,10,0,100,40000.0,40000.0,0,9924.87,1629.87,927.63
217.7833,0,4,21,5,8,7,0,0,8701.85,-456.41,731.93,2416.54,1500.00,240.00,-1,10,0,100,13200.0,40000.0,0,9934.50,1612.09,935.67
217.7833,0,7,21,5,0,7,0,0,9465.01,4340.65,528.77,2798.39,1500.00,240.00,-1,10,0,100,40000.0,40000.0,0,9934.50,1612.09,935.67
217.7833,0,14,35,4,8,10,11,19,10761.91,1641.62,900.42,828.69,1500.00,540.00,-1,10,0,100,40000.0,40000.0,0,9934.50,1612.09,935.67
217.9167,0,4,21,5,8,7,0,0,8701.85,-456.41,731.93,2414.67,1500.00,240.00,-1,10,0,100,13200.0,40000.0,0,9950.53,1600.58,932.44
217.9167,0,7,21,5,0,7,0,0,9465.01,4340.65,528.77,2811.88,1500.00,240.00,-1,10,0,100,40000.0,40000.0,0,9950.53,1600.58,932.44
217.9167,0,14,35,4,8,10,11,19,10761.91,1641.62,900.42,813.05,1500.00,540.00,-1,10,0,100,40000.0,40000.0,0,9950.53,1600.58,932.44
218.0500,0,4,21,5,8,7,0,0,8701.85,-456.41,731.93,2419.20,1500.00,240.00,-1,10,0,100,13200.0,40000.0,0,9968.56,1594.16,939.56
218.0500,0,7,21,5,0,7,0,0,9465.01,4340.65,528.77,2822.32,1500.00,240.00,-1,10,0,100,40000.0,40000.0,0,9968.56,1594.16,939.56
218.0500,0,14,35,4,8,10,11,19,10761.91,1641.62,900.42,795.74,1500.00,540.00,-1,10,0,100,40000.0,40000.0,0,9968.56,1594.16,939.56
218.1833,0,4,21,5,8,7,0,0,8701.85,-456.41,731.93,2413.20,1500.00,240.00,-1,10,0,100,13200.0,40000.0,0,9982.81,1577.25,948.36
218.1833,0,7,21,5,0,7,0,0,9465.01,4340.65,528.77,2842.63,1500.00,240.00,-1,10,0,100,40000.0,40000.0,0,9982.81,1577.25,948.36
218.1833,0,14,35,4,8,10,11,19,10761.91,1641.62,900.42,783.22,1500.00,540.00,-1,10,0,100,40000.0,40000.0,0,9982.81,1577.25,948.36
218.3167,0,4,21,5,8,7,0,0,8701.85,-456.41,731.93,2414.41,1500.00,240.00,-1,10,0,100,13200.0,40000.0,0,10003.56,1565.49,948.25
218.3167,0,7,21,5,0,7,0,0,9465.01,4340.65,528.77,2857.88,1500.00,240.00,-1,10,0,100,40000.0,40000.0,0,10003.56,1565.49,948.25
218.3167,0,14,35,4,8,10,11,19,10761.91,1641.62,900.42,763.66,1500.00,540.00,-1,10,0,100,40000.0,40000.0,0,10003.56,1565.49,948.25
218.4667,0,4,21,5,8,7,0,0,8701.85,-456.41,731.93,2419.37,1500.00,240.00,-1,10,0,100,13200.0,40000.0,0,10026.55,1556.67,946.45
218.4667,0,7,21,5,0,7,0,0,9465.01,4340.65,528.77,2870.59,1500.00,240.00,-1,10,0,100,40000.0,40000.0,0,10026.55,1556.67,946.45
218.4667,0,14,35,4,8,10,11,19,10761.91,1641.62,900.42,741.68,1500.00,540.00,-1,10,0,100,40000.0,40000.0,0,10026.55,1556.67,946.45
218.6000,0,4,21,5,8,7,0,0,8701.85,-456.41,731.93,2418.29,1500.00,240.00,-1,10,0,100,13200.0,40000.0,0,10045.38,1542.39,950.59
218.6000,0,7,21,5,0,7,0,0,9465.01,4340.65,528.77,2888.78,1500.00,240.00,-1,10,0,100,40000.0,40000.0,0,10045.38,1542.39,950.59
218.6000,0,14,35,4,8,10,11,19,10761.91,1641.62,900.42,725.10,1500.00,540.00,-1,10,0,100,40000.0,40000.0,0,10045.38,1542.39,950.59
218.7500,0,4,21,5,8,7,0,0,8701.85,-456.41,731.93,2420.52,1500.00,240.00,-1,10,0,100,13200.0,40000.0,0,10068.06,1529.09,955.88
218.7500,0,7,21,5,0,7,0,0,9465.01,4340.65,528.77,2907.05,1500.00,240.00,-1,10,0,100,40000.0,40000.0,0,10068.06,1529.09,955.88
218.7500,0,14,35,4,8,10,11,19,10761.91,1641.62,900.42,705.10,1500.00,540.00,-1,10,0,100,40000.0,40000.0,0,10068.06,1529.09,955.88
218.8667,0,4,21,5,8,7,0,0,8701.85,-456.41,731.93,2423.84,1500.00,240.00,-1,10,0,100,13200.0,40000.0,0,10086.85,1520.07,956.11
218.8667,0,7,21,5,0,7,0,0,9465.01,4340.65,528.77,2919.75,1500.00,240.00,-1,10,0,100,40000.0,40000.0,0,10086.85,1520.07,956.11
218.8667,0,14,35,4,8,10,11,19,10761.91,1641.62,900.42,688.18,1500.00,540.00,-1,10,0,100,40000.0,40000.0,0,10086.85,1520.07,956.11
219.0000,0,4,21,5,8,7,0,0,8701.85,-456.41,731.93,2427.91,1500.00,240.00,-1,10,0,100,13200.0,40000.0,0,10103.24,1512.23,967.06
219.0000,0,7,21,5,0,7,0,0,9465.01,4340.65,528.77,2932.47,1500.00,240.00,-1,10,0,100,40000.0,40000.0,0,10103.24,1512.23,967.06
219.0000,0,14,35,4,8,10,11,19,10761.91,1641.62,900.42,674.56,1500.00,540.00,-1,10,0,100,40000.0,40000.0,0,10103.24,1512.23,967.06
219.1333,0,4,21,5,8,7,0,0,8701.85,-456.41,731.93,2435.32,1500.00,240.00,-1,10,0,100,13200.0,40000.0,0,10122.91,1505.92,978.13
219.1333,0,7,21,5,0,7,0,0,9465.01,4340.65,528.77,2944.56,1500.00,240.00,-1,10,0,100,40000.0,40000.0,0,10122.91,1505.92,978.13
219.1333,0,14,35,4,8,10,11,19,10761.91,1641.62,900.42,657.85,1500.00,540.00,-1,10,0,100,40000.0,40000.0,0,10122.91,1505.92,978.13
219.2500,0,4,21,5,8,7,0,0,8701.85,-456.41,731.93,2438.79,1500.00,240.00,-1,10,0,100,13200.0,40000.0,0,10134.32,1499.78,994.59
219.2500,0,7,21,5,0,7,0,0,9465.01,4340.65,528.77,2955.58,1500.00,240.00,-1,10,0,100,40000.0,40000.0,0,10134.32,1499.78,994.59
219.2500,0,14,35,4,8,10,11,19,10761.91,1641.62,900.42,650.27,1500.00,540.00,-1,10,0,100,40000.0,40000.0,0,10134.32,1499.78,994.59
219.3833,0,4,21,5,8,7,0,0,8701.85,-456.41,731.93,2446.57,1500.00,240.00,-1,10,0,100,13200.0,40000.0,0,10150.01,1495.68,1010.98
219.3833,0,7,21,5,0,7,0,0,9465.01,4340.65,528.77,2965.74,1500.00,240.00,-1,10,0,100,40000.0,40000.0,0,10150.01,1495.68,1010.98
219.3833,0,14,35,4,8,10,11,19,10761.91,1641.62,900.42,638.71,1500.00,540.00,-1,10,0,100,40000.0,40000.0,0,10150.01,1495.68,1010.98
219.5000,0,4,21,5,8,7,0,0,8701.85,-456.41,731.93,2455.84,1500.00,240.00,-1,10,0,100,13200.0,40000.0,0,10163.49,1495.71,1021.71
219.5000,0,7,21,5,0,7,0,0,9465.01,4340.65,528.77,2970.62,1500.00,240.00,-1,10,0,100,40000.0,40000.0,0,10163.49,1495.71,1021.71
219.5000,0,14,35,4,8,10,11,19,10761.91,1641.62,900.42,627.78,1500.00,540.00,-1,10,0,100,40000.0,40000.0,0,10163.49,1495.71,1021.71
219.6167,0,4,21,5,8,7,0,0,8701.85,-456.41,731.93,2462.10,1500.00,240.00,-1,10,0,100,13200.0,40000.0,0,10170.76,1496.97,1029.43
219.6167,0,7,21,5,0,7,0,0,9465.01,4340.65,528.77,2972.42,1500.00,240.00,-1,10,0,100,40000.0,40000.0,0,10170.76,1496.97,1029.43
219.6167,0,14,35,4,8,10,11,19,10761.91,1641.62,900.42,622.11,1500.00,540.00,-1,10,0,100,40000.0,40000.0,0,10170.76,1496.97,1029.43
219.7500,0,4,21,5,8,7,0,0,8701.85,-456.41,731.93,2465.41,1500.00,240.00,-1,10,0,100,13200.0,40000.0,0,10173.56,1498.18,1034.96
219.7500,0,7,21,5,0,7,0,0,9465.01,4340.65,528.77,2972.86,1500.00,240.00,-1,10,0,100,40000.0,40000.0,0,10173.56,1498.18,1034.96
219.7500,0,14,35,4,8,10,11,19,10761.91,1641.62,900.42,620.34,1500.00,540.00,-1,10,0,100,40000.0,40000.0,0,10173.56,1498.18,1034.96
219.8667,0,4,21,5,8,7,0,0,8701.85,-456.41,731.93,2465.87,1500.00,240.00,-1,10,0,100,13200.0,40000.0,0,10173.92,1498.38,1035.66
219.8667,0,7,21,5,0,7,0,0,9465.01,4340.65,528.77,2972.87,1500.00,240.00,-1,10,0,100,40000.0,40000.0,0,10173.92,1498.38,1035.66
219.8667,0,14,35,4,8,10,11,19,10761.91,1641.62,900.42,620.11,1500.00,540.00,-1,10,0,100,40000.0,40000.0,0,10173.92,1498.38,1035.66
219.9833,0,4,21,5,8,7,0,0,8701.85,-456.41,731.93,2468.22,1500.00,240.00,-1,10,0,100,13200.0,40000.0,0,10175.92,1499.28,1039.31
219.9833,0,7,21,5,0,7,0,0,9465.01,4340.65,528.77,2973.12,1500.00,240.00,-1,10,0,100,40000.0,40000.0,0,10175.92,1499.28,1039.31
219.9833,0,14,35,4,8,10,10,19,10760.98,1634.22,901.17,616.10,1500.00,540.00,-1,10,1,100,40000.0,40000.0,0,10175.92,1499.28,1039.31
220.1000,0,4,21,5,8,7,0,0,8701.85,-456.41,731.93,2476.46,1500.00,240.00,-1,10,0,100,13200.0,40000.0,0,10184.92,1501.69,1046.88
220.1000,0,7,21,5,0,7,0,0,9465.01,4340.65,528.77,2974.29,1500.00,240.00,-1,10,0,100,40000.0,40000.0,0,10184.92,1501.69,1046.88
220.1000,0,14,35,4,8,10,10,19,10759.68,1623.85,902.22,605.15,1500.00,540.00,-1,10,1,100,40000.0,40000.0,0,10184.92,1501.69,1046.88
220.2333,0,4,21,5,8,7,0,0,8701.85,-456.41,731.93,2490.05,1500.00,240.00,-1,10,0,100,13200.0,40000.0,0,10201.88,1504.55,1055.73
220.2333,0,7,21,5,0,7,0,0,9465.01,4340.65,528.77,2977.27,1500.00,240.00,-1,10,0,100,40000.0,40000.0,0,10201.88,1504.55,1055.73
220.2333,0,14,35,4,8,10,10,19,10758.20,1612.00,903.42,586.71,1500.00,540.00,-1,10,1,100,40000.0,40000.0,0,10201.88,1504.55,1055.73
220.3500,0,4,21,5,8,7,0,0,8701.85,-456.41,731.93,2500.68,1500.00,240.00,-1,10,0,100,13200.0,40000.0,0,10216.36,1506.68,1057.35
220.3500,0,7,21,5,0,7,0,0,9465.01,4340.65,528.77,2979.14,1500.00,240.00,-1,10,0,100,40000.0,40000.0,0,10216.36,1506.68,1057.35
220.3500,0,14,35,4,8,10,10,19,10756.90,1601.64,904.47,569.71,1500.00,540.00,-1,10,1,100,40000.0,40000.0,0,10216.36,1506.68,1057.35
220.4667,0,4,21,5,8,7,0,0,8701.85,-456.41,731.93,2507.71,1500.00,240.00,-1,10,0,100,13200.0,40000.0,0,10224.93,1508.19,1062.32
220.4667,0,7,21,5,0,7,0,0,9465.01,4340.65,528.77,2980.77,1500.00,240.00,-1,10,0,100,40000.0,40000.0,0,10224.93,1508.19,1062.32
220.4667,0,14,35,4,8,10,10,19,10755.60,1591.27,905.52,559.56,1500.00,540.00,-1,10,1,100,40000.0,40000.0,0,10224.93,1508.19,1062.32
220.6000,0,4,21,5,8,7,0,0,8701.85,-456.41,731.93,2514.19,1500.00,240.00,-1,10,0,100,13200.0,40000.0,0,10235.26,1508.48,1062.06
220.6000,0,7,21,5,0,7,0,0,9465.01,4340.65,528.77,2983.10,1500.00,240.00,-1,10,0,100,40000.0,40000.0,0,10235.26,1508.48,1062.06
220.6000,0,14,35,4,8,10,10,19,10754.11,1579.42,906.72,546.24,1500.00,540.00,-1,10,1,100,40000.0,40000.0,0,10235.26,1508.48,1062.06
220.7167,0,4,21,5,8,7,0,0,8701.85,-456.41,731.93,2518.87,1500.00,240.00,-1,10,0,100,13200.0,40000.0,0,10243.13,1509.14,1057.13
220.7167,0,7,21,5,0,7,0,0,9465.01,4340.65,528.77,2983.64,1500.00,240.00,-1,10,0,100,40000.0,40000.0,0,10243.13,1509.14,1057.13
220.7167,0,14,35,4,8,10,10,19,10752.81,1569.06,907.77,534.49,1500.00,540.00,-1,10,1,100,40000.0,40000.0,0,10243.13,1509.14,1057.13
220.8500,0,4,21,5,8,7,0,0,8701.85,-456.41,731.93,2522.42,1500.00,240.00,-1,10,0,100,13200.0,40000.0,0,10249.39,1510.06,1049.31
220.8500,0,7,21,5,0,7,0,0,9465.01,4340.65,528.77,2983.03,1500.00,240.00,-1,10,0,100,40000.0,40000.0,0,10249.39,1510.06,1049.31
220.8500,0,14,35,4,8,10,10,19,10751.33,1557.21,908.96,523.32,1500.00,540.00,-1,10,1,100,40000.0,40000.0,0,10249.39,1510.06,1049.31
220.9667,0,4,21,5,8,7,0,0,8701.85,-456.41,731.93,2523.09,1500.00,240.00,-1,10,0,100,13200.0,40000.0,0,10253.23,1508.98,1042.48
220.9667,0,7,21,5,0,7,0,0,9465.01,4340.65,528.77,2983.88,1500.00,240.00,-1,10,0,100,40000.0,40000.0,0,10253.23,1508.98,1042.48
220.9667,0,14,35,4,8,10,10,19,10750.03,1546.84,910.01,515.55,1500.00,540.00,-1,10,1,100,40000.0,40000.0,0,10253.23,1508.98,1042.48
221.0833,0,4,21,5,8,7,0,0,8701.85,-456.41,731.93,2523.74,1500.00,240.00,-1,10,0,100,13200.0,40000.0,0,10256.66,1507.97,1036.89
221.0833,0,7,21,5,0,7,0,0,9465.01,4340.65,528.77,2984.79,1500.00,240.00,-1,10,0,100,40000.0,40000.0,0,10256.66,1507.97,1036.89
221.0833,0,14,35,4,8,10,10,19,10748.73,1536.48,911.06,508.69,1500.00,540.00,-1,10,1,100,40000.0,40000.0,0,10256.66,1507.97,1036.89
221.2167,0,4,21,5,8,7,0,0,8701.85,-456.41,731.93,2526.68,1500.00,240.00,-1,10,0,100,13200.0,40000.0,0,10259.62,1510.05,1032.66
221.2167,0,7,21,5,0,7,0,0,9465.01,4340.65,528.77,2982.88,1500.00,240.00,-1,10,0,100,40000.0,40000.0,0,10259.62,1510.05,1032.66
221.2167,0,14,35,4,8,10,10,19,10747.24,1524.63,912.26,502.47,1500.00,540.00,-1,10,1,100,40000.0,40000.0,0,10259.62,1510.05,1032.66
221.3333,0,4,21,5,8,7,0,0,8701.85,-456.41,731.93,2528.44,1500.00,240.00,-1,10,0,100,13200.0,40000.0,0,10262.02,1511.22,1027.36
221.3333,0,7,21,5,0,7,0,0,9465.01,4340.65,528.77,2981.53,1500.00,240.00,-1,10,0,100,40000.0,40000.0,0,10262.02,1511.22,1027.36
221.3333,0,14,35,4,8,10,10,19,10745.94,1514.26,913.31,497.19,1500.00,540.00,-1,10,1,100,40000.0,40000.0,0,10262.02,1511.22,1027.36
221.4667,0,4,21,5,8,7,0,0,8701.85,-456.41,731.93,2528.99,1500.00,240.00,-1,10,0,100,13200.0,40000.0,0,10263.73,1511.58,1020.60
221.4667,0,7,21,5,0,7,0,0,9465.01,4340.65,528.77,2980.52,1500.00,240.00,-1,10,0,100,40000.0,40000.0,0,10263.73,1511.58,1020.60
221.4667,0,14,35,4,8,10,10,19,10744.46,1502.42,914.51,492.38,1500.00,540.00,-1,10,1,100,40000.0,40000.0,0,10263.73,1511.58,1020.60
221.5833,0,4,21,5,8,7,0,0,8701.85,-456.41,731.93,2529.50,1500.00,240.00,-1,10,0,100,13200.0,40000.0,0,10265.22,1511.91,1014.70
221.5833,0,7,21,5,0,7,0,0,9465.01,4340.65,528.77,2979.64,1500.00,240.00,-1,10,0,100,40000.0,40000.0,0,10265.22,1511.91,1014.70
221.5833,0,14,35,4,8,10,10,19,10743.16,1492.05,915.56,488.52,1500.00,540.00,-1,10,1,100,40000.0,40000.0,0,10265.22,1511.91,1014.70
221.7167,0,4,21,5,8,7,0,0,8701.85,-456.41,731.93,2530.19,1500.00,240.00,-1,10,0,100,13200.0,40000.0,0,10267.60,1511.84,1008.14
221.7167,0,7,21,5,0,7,0,0,9465.01,4340.65,528.77,2979.28,1500.00,240.00,-1,10,0,100,40000.0,40000.0,0,10267.60,1511.84,1008.14
221.7167,0,14,35,4,8,10,10,19,10741.67,1480.20,916.76,483.84,1500.00,540.00,-1,10,1,100,40000.0,40000.0,0,10267.60,1511.84,1008.14
221.8333,0,4,21,5,8,7,0,0,8701.85,-456.41,731.93,2532.47,1500.00,240.00,-1,10,0,100,13200.0,40000.0,0,10270.17,1513.19,1004.76
221.8333,0,7,21,5,0,7,0,0,9465.01,4340.65,528.77,2978.15,1500.00,240.00,-1,10,0,100,40000.0,40000.0,0,10270.17,1513.19,1004.76
221.8333,0,14,35,4,8,10,10,19,10740.37,1469.84,917.81,480.13,1500.00,540.00,-1,10,1,100,40000.0,40000.0,0,10270.17,1513.19,1004.76
221.9667,0,4,21,5,8,7,0,0,8701.85,-456.41,731.93,2538.88,1500.00,240.00,-1,10,0,100,13200.0,40000.0,0,10276.16,1516.46,1006.19
221.9667,0,7,21,5,0,7,0,0,9465.01,4340.65,528.77,2976.90,1500.00,240.00,-1,10,0,100,40000.0,40000.0,0,10276.16,1516.46,1006.19
221.9667,0,14,35,4,8,10,10,19,10738.89,1457.99,919.01,474.48,1500.00,540.00,-1,10,1,100,40000.0,40000.0,0,10276.16,1516.46,1006.19
222.0833,0,4,21,5,8,7,0,0,8701.85,-456.41,731.93,2543.67,1500.00,240.00,-1,10,0,100,13200.0,40000.0,0,10281.84,1518.17,1005.64
222.0833,0,7,21,5,0,7,0,0,9465.01,4340.65,528.77,2976.74,1500.00,240.00,-1,10,0,100,40000.0,40000.0,0,10281.84,1518.17,1005.64
222.0833,0,14,35,4,8,10,10,19,10737.59,1447.62,920.06,469.06,1500.00,540.00,-1,10,1,100,40000.0,40000.0,0,10281.84,1518.17,1005.64
222.2167,0,4,21,5,8,7,0,0,8701.85,-456.41,731.93,2547.22,1500.00,240.00,-1,10,0,100,13200.0,40000.0,0,10282.80,1521.30,1010.46
222.2167,0,7,21,5,0,7,0,0,9465.01,4340.65,528.77,2974.82,1500.00,240.00,-1,10,0,100,40000.0,40000.0,0,10282.80,1521.30,1010.46
222.2167,0,14,35,4,8,10,10,19,10736.10,1435.78,921.26,469.84,1500.00,540.00,-1,10,1,100,40000.0,40000.0,0,10282.80,1521.30,1010.46
222.3333,0,4,21,5,8,7,0,0,8701.85,-456.41,731.93,2547.41,1500.00,240.00,-1,10,0,100,13200.0,40000.0,0,10282.87,1521.44,1010.78
222.3333,0,7,21,5,0,7,0,0,9465.01,4340.65,528.77,2974.75,1500.00,240.00,-1,10,0,100,40000.0,40000.0,0,10282.87,1521.44,1010.78
222.3333,0,14,35,4,8,10,10,19,10734.80,1425.41,922.31,470.42,1500.00,540.00,-1,10,1,100,40000.0,40000.0,0,10282.87,1521.44,1010.78
222.4667,0,4,21,5,8,7,0,0,8701.85,-456.41,731.93,2547.41,1500.00,240.00,-1,10,0,100,13200.0,40000.0,0,10282.87,1521.44,1010.78
222.4667,0,7,21,5,0,7,0,0,9465.01,4340.65,528.77,2974.75,1500.00,240.00,-1,10,0,100,40000.0,40000.0,0,10282.87,1521.44,1010.78
222.4667,0,14,35,4,8,10,10,19,10733.32,1413.56,923.51,471.34,1500.00,540.00,-1,10,1,100,40000.0,40000.0,0,10282.87,1521.44,1010.78
222.6000,0,4,21,5,8,7,0,0,8701.85,-456.41,731.93,2547.41,1500.00,240.00,-1,10,0,100,13200.0,40000.0,0,10282.87,1521.44,1010.78
222.6000,0,7,21,5,0,7,0,0,9465.01,4340.65,528.77,2974.75,1500.00,240.00,-1,10,0,100,40000.0,40000.0,0,10282.87,1521.44,1010.78
222.6000,0,14,35,4,8,10,10,19,10731.83,1401.72,924.71,472.56,1500.00,540.00,-1,10,1,100,40000.0,40000.0,0,10282.87,1521.44,1010.78
222.7167,0,4,21,5,8,7,0,0,8701.85,-456.41,731.93,2547.41,1500.00,240.00,-1,10,0,100,13200.0,40000.0,0,10282.87,1521.44,1010.78
222.7167,0,7,21,5,0,7,0,0,9465.01,4340.65,528.77,2974.75,1500.00,240.00,-1,10,0,100,40000.0,40000.0,0,10282.87,1521.44,1010.78
222.7167,0,14,35,4,8,10,10,19,10730.53,1391.35,925.76,473.88,1500.00,540.00,-1,10,1,100,40000.0,40000.0,0,10282.87,1521.44,1010.78
222.8500,0,4,21,5,8,7,0,0,8701.85,-456.41,731.93,2547.41,1500.00,240.00,-1,10,0,100,13200.0,40000.0,0,10282.87,1521.44,1010.78
222.8500,0,7,21,5,0,7,0,0,9465.01,4340.65,528.77,2974.75,1500.00,240.00,-1,10,0,100,40000.0,40000.0,0,10282.87,1521.44,1010.78
222.8500,0,14,35,4,8,10,10,19,10729.05,1379.50,926.96,475.66,1500.00,540.00,-1,10,1,100,40000.0,40000.0,0,10282.87,1521.44,1010.78
222.9667,0,4,21,5,8,7,0,0,8701.85,-456.41,731.93,2547.41,1500.00,240.00,-1,10,0,100,13200.0,40000.0,0,10282.87,1521.44,1010.78
222.9667,0,7,21,5,0,7,0,0,9465.01,4340.65,528.77,2974.75,1500.00,240.00,-1,10,0,100,40000.0,40000.0,0,10282.87,1521.44,1010.78
222.9667,0,14,35,4,8,10,10,19,10727.75,1369.14,928.01,477.46,1500.00,540.00,-1,10,1,100,40000.0,40000.0,0,10282.87,1521.44,1010.78
223.0833,0,4,21,5,8,7,0,0,8701.85,-456.41,731.93,2547.41,1500.00,240.00,-1,10,0,100,13200.0,40000.0,0,10282.87,1521.44,1010.78
223.0833,0,7,21,5,0,7,0,0,9465.01,4340.65,528.77,2974.75,1500.00,240.00,-1,10,0,100,40000.0,40000.0,0,10282.87,1521.44,1010.78
223.0833,0,14,35,4,8,10,10,19,10726.45,1358.77,929.06,479.49,1500.00,540.00,-1,10,1,100,40000.0,40000.0,0,10282.87,1521.44,1010.78
223.2167,0,4,21,5,8,7,0,0,8701.85,-456.41,731.93,2547.41,1500.00,240.00,-1,10,0,100,13200.0,40000.0,0,10282.87,1521.44,1010.78
223.2167,0,7,21,5,0,7,0,0,9465.01,4340.65,528.77,2974.75,1500.00,240.00,-1,10,0,100,40000.0,40000.0,0,10282.87,1521.44,1010.78
223.2167,0,14,35,4,8,10,10,19,10724.96,1346.92,930.26,482.07,1500.00,540.00,-1,10,1,100,40000.0,40000.0,0,10282.87,1521.44,1010.78
223.3333,0,4,21,5,8,7,0,0,8701.85,-456.41,731.93,2547.41,1500.00,240.00,-1,10,0,100,13200.0,40000.0,0,10282.87,1521.44,1010.78
223.3333,0,7,21,5,0,7,0,0,9465.01,4340.65,528.77,2974.75,1500.00,240.00,-1,10,0,100,40000.0,40000.0,0,10282.87,1521.44,1010.78
223.3333,0,14,35,4,8,10,10,19,10723.67,1336.56,931.31,484.56,1500.00,540.00,-1,10,1,100,40000.0,40000.0,0,10282.87,1521.44,1010.78
223.4500,0,4,21,5,8,7,0,0,8701.85,-456.41,731.93,2547.41,1500.00,240.00,-1,10,0,100,13200.0,40000.0,0,10282.87,1521.44,1010.78
223.4500,0,7,21,5,0,7,0,0,9465.01,4340.65,528.77,2974.75,1500.00,240.00,-1,10,0,100,40000.0,40000.0,0,10282.87,1521.44,1010.78
223.4500,0,14,35,4,8,10,10,19,10722.37,1326.19,932.36,487.27,1500.00,540.00,-1,10,1,100,40000.0,40000.0,0,10282.87,1521.44,1010.78
223.5833,0,4,21,5,8,7,0,0,8701.85,-456.41,731.93,2547.41,1500.00,240.00,-1,10,0,100,13200.0,40000.0,0,10282.87,1521.44,1010.78
223.5833,0,7,21,5,0,7,0,0,9465.01,4340.65,528.77,2974.75,1500.00,240.00,-1,10,0,100,40000.0,40000.0,0,10282.87,1521.44,1010.78
223.5833,0,14,35,4,8,10,10,19,10720.88,1314.34,933.56,490.62,1500.00,540.00,-1,10,1,100,40000.0,40000.0,0,10282.87,1521.44,1010.78
223.7000,0,4,21,5,8,7,0,0,8701.85,-456.41,731.93,2547.41,1500.00,240.00,-1,10,0,100,13200.0,40000.0,0,10282.87,1521.44,1010.78
223.7000,0,7,21,5,0,7,0,0,9465.01,4340.65,528.77,2974.75,1500.00,240.00,-1,10,0,100,40000.0,40000.0,0,10282.87,1521.44,1010.78
223.7000,0,14,35,4,8,10,10,19,10719.58,1303.98,934.61,493.77,1500.00,540.00,-1,10,1,100,40000.0,40000.0,0,10282.87,1521.44,1010.78
223.8333,0,4,21,5,8,7,0,0,8701.85,-456.41,731.93,2547.41,1500.00,240.00,-1,10,0,100,13200.0,40000.0,0,10282.87,1521.44,1010.78
223.8333,0,7,21,5,0,7,0,0,9465.01,4340.65,528.77,2974.75,1500.00,240.00,-1,10,0,100,40000.0,40000.0,0,10282.87,1521.44,1010.78
223.8333,0,14,35,4,8,10,10,19,10718.10,1292.13,935.81,497.62,1500.00,540.00,-1,10,1,100,40000.0,40000.0,0,10282.87,1521.44,1010.78
223.9500,0,4,21,5,8,7,0,0,8701.85,-456.41,731.93,2547.41,1500.00,240.00,-1,10,0,100,13200.0,40000.0,0,10282.87,1521.44,1010.78
223.9500,0,7,21,5,0,7,0,0,9465.01,4340.65,528.77,2974.75,1500.00,240.00,-1,10,0,100,40000.0,40000.0,0,10282.87,1521.44,1010.78
223.9500,0,14,35,4,8,10,10,19,10716.80,1281.76,936.86,501.20,1500.00,540.00,-1,10,1,100,40000.0,40000.0,0,10282.87,1521.44,1010.78
224.1000,0,4,21,5,8,7,0,0,8701.85,-456.41,731.93,2547.41,1500.00,240.00,-1,10,0,100,13200.0,40000.0,0,10282.87,1521.44,1010.78
224.1000,0,7,21,5,0,7,0,0,9465.01,4340.65,528.77,2974.75,1500.00,240.00,-1,10,0,100,40000.0,40000.0,0,10282.87,1521.44,1010.78
224.1000,0,14,35,4,8,10,11,19,10716.54,1279.76,937.06,501.92,1500.00,540.00,-1,10,0,100,40000.0,40000.0,0,10282.87,1521.44,1010.78
224.2167,0,4,21,5,8,7,0,0,8701.85,-456.41,731.93,2547.41,1500.00,240.00,-1,10,0,100,13200.0,40000.0,0,10282.87,1521.44,1010.78
224.2167,0,7,21,5,0,7,0,0,9465.01,4340.65,528.77,2974.75,1500.00,240.00,-1,10,0,100,40000.0,40000.0,0,10282.87,1521.44,1010.78
224.2167,0,14,35,4,8,10,11,19,10716.54,1279.76,937.06,501.92,1500.00,540.00,-1,10,0,100,40000.0,40000.0,0,10282.87,1521.44,1010.78
224.3500,0,4,21,5,8,7,0,0,8701.85,-456.41,731.93,2547.41,1500.00,240.00,-1,10,0,100,13200.0,40000.0,0,10282.87,1521.44,1010.78
224.3500,0,7,21,5,0,7,0,0,9465.01,4340.65,528.77,2974.75,1500.00,240.00,-1,10,0,100,40000.0,40000.0,0,10282.87,1521.44,1010.78
224.3500,0,14,35,4,8,10,11,19,10716.54,1279.76,937.06,501.92,1500.00,540.00,-1,10,0,100,40000.0,40000.0,0,10282.87,1521.44,1010.78
224.4833,0,4,21,5,8,7,0,0,8701.85,-456.41,731.93,2547.41,1500.00,240.00,-1,10,0,100,13200.0,40000.0,0,10282.87,1521.44,1010.78
224.4833,0,7,21,5,0,7,0,0,9465.01,4340.65,528.77,2974.75,1500.00,240.00,-1,10,0,100,40000.0,40000.0,0,10282.87,1521.44,1010.78
224.4833,0,14,35,4,8,10,11,19,10716.54,1279.76,937.06,501.92,1500.00,540.00,-1,10,0,100,40000.0,40000.0,0,10282.87,1521.44,1010.78
224.6000,0,4,21,5,8,7,0,0,8701.85,-456.41,731.93,2547.41,1500.00,240.00,-1,10,0,100,13200.0,40000.0,0,10282.87,1521.44,1010.78
224.6000,0,7,21,5,0,7,0,0,9465.01,4340.65,528.77,2974.75,1500.00,240.00,-1,10,0,100,40000.0,40000.0,0,10282.87,1521.44,1010.78
224.6000,0,14,35,4,8,10,11,19,10716.54,1279.76,937.06,501.92,1500.00,540.00,-1,10,0,100,40000.0,40000.0,0,10282.87,1521.44,1010.78
224.7333,0,4,21,5,8,7,0,0,8701.85,-456.41,731.93,2547.41,1500.00,240.00,-1,10,0,100,13200.0,40000.0,0,10282.87,1521.44,1010.78
224.7333,0,7,21,5,0,7,0,0,9465.01,4340.65,528.77,2974.75,1500.00,240.00,-1,10,0,100,40000.0,40000.0,0,10282.87,1521.44,1010.78
224.7333,0,14,35,4,8,10,11,19,10716.54,1279.76,937.06,501.92,1500.00,540.00,-1,10,0,100,40000.0,40000.0,0,10282.87,1521.44,1010.78
224.8667,0,4,21,5,8,7,0,0,8701.85,-456.41,731.93,2547.41,1500.00,240.00,-1,10,0,100,13200.0,40000.0,0,10282.87,1521.44,1010.78
224.8667,0,7,21,5,0,7,0,0,9465.01,4340.65,528.77,2974.75,1500.00,240.00,-1,10,0,100,40000.0,40000.0,0,10282.87,1521.44,1010.78
224.8667,0,14,35,4,8,10,11,19,10716.54,1279.76,937.06,501.92,1500.00,540.00,-1,10,0,100,40000.0,40000.0,0,10282.87,1521.44,1010.78
225.0000,0,4,21,5,8,7,0,0,8701.85,-456.41,731.93,2547.41,1500.00,240.00,-1,10,0,100,13200.0,40000.0,0,10282.87,1521.44,1010.78
225.0000,0,7,21,5,0,7,0,0,9465.01,4340.65,528.77,2974.75,1500.00,240.00,-1,10,0,100,40000.0,40000.0,0,10282.87,1521.44,1010.78
225.0000,0,14,35,4,8,10,11,19,10716.54,1279.76,937.06,501.92,1500.00,540.00,-1,10,0,100,40000.0,40000.0,0,10282.87,1521.44,1010.78
225.1167,0,4,21,5,8,7,0,0,8701.85,-456.41,731.93,2547.41,1500.00,240.00,-1,10,0,100,13200.0,40000.0,0,10282.87,1521.44,1010.78
225.1167,0,7,21,5,0,7,0,0,9465.01,4340.65,528.77,2974.75,1500.00,240.00,-1,10,0,100,40000.0,40000.0,0,10282.87,1521.44,1010.78
225.1167,0,14,35,4,8,10,11,19,10716.54,1279.76,937.06,501.92,1500.00,540.00,-1,10,0,100,40000.0,40000.0,0,10282.87,1521.44,1010.78
225.2500,0,4,21,5,8,7,0,0,8701.85,-456.41,731.93,2547.41,1500.00,240.00,-1,10,0,100,13200.0,40000.0,0,10282.87,1521.44,1010.78
225.2500,0,7,21,5,0,7,0,0,9465.01,4340.65,528.77,2974.75,1500.00,240.00,-1,10,0,100,40000.0,40000.0,0,10282.87,1521.44,1010.78
225.2500,0,14,35,4,8,10,11,19,10716.54,1279.76,937.06,501.92,1500.00,540.00,-1,10,0,100,40000.0,40000.0,0,10282.87,1521.44,1010.78
225.3833,0,4,21,5,8,7,0,0,8701.85,-456.41,731.93,2547.41,1500.00,240.00,-1,10,0,100,13200.0,40000.0,0,10282.87,1521.44,1010.78
225.3833,0,7,21,5,0,7,0,0,9465.01,4340.65,528.77,2974.75,1500.00,240.00,-1,10,0,100,40000.0,40000.0,0,10282.87,1521.44,1010.78
225.3833,0,14,35,4,8,10,11,19,10716.54,1279.76,937.06,501.92,1500.00,540.00,-1,10,0,100,40000.0,40000.0,0,10282.87,1521.44,1010.78
225.5167,0,4,21,5,8,7,0,0,8701.85,-456.41,731.93,2547.41,1500.00,240.00,-1,10,0,100,13200.0,40000.0,0,10282.87,1521.44,1010.78
225.5167,0,7,21,5,0,7,0,0,9465.01,4340.65,528.77,2974.75,1500.00,240.00,-1,10,0,100,40000.0,40000.0,0,10282.87,1521.44,1010.78
225.5167,0,14,35,4,8,10,11,19,10716.54,1279.76,937.06,501.92,1500.00,540.00,-1,10,0,100,40000.0,40000.0,0,10282.87,1521.44,1010.78
225.6667,0,4,21,5,8,7,0,0,8701.85,-456.41,731.93,2547.41,1500.00,240.00,-1,10,0,100,13200.0,40000.0,0,10282.87,1521.44,1010.78
225.6667,0,7,21,5,0,7,0,0,9465.01,4340.65,528.77,2974.75,1500.00,240.00,-1,10,0,100,40000.0,40000.0,0,10282.87,1521.44,1010.78
225.6667,0,14,35,4,8,10,11,19,10716.54,1279.76,937.06,501.92,1500.00,540.00,-1,10,0,100,40000.0,40000.0,0,10282.87,1521.44,1010.78
225.8000,0,4,21,5,8,7,0,0,8701.85,-456.41,731.93,2547.41,1500.00,240.00,-1,10,0,100,13200.0,40000.0,0,10282.87,1521.44,1010.78
225.8000,0,7,21,5,0,7,0,0,9465.01,4340.65,528.77,2974.75,1500.00,240.00,-1,10,0,100,40000.0,40000.0,0,10282.87,1521.44,1010.78
225.8000,0,14,35,4,8,10,11,19,10716.54,1279.76,937.06,501.92,1500.00,540.00,-1,10,0,100,40000.0,40000.0,0,10282.87,1521.44,1010.78
225.9333,0,4,21,5,8,7,0,0,8701.85,-456.41,731.93,2547.41,1500.00,240.00,-1,10,0,100,13200.0,40000.0,0,10282.87,1521.44,1010.78
225.9333,0,7,21,5,0,7,0,0,9465.01,4340.65,528.77,2974.75,1500.00,240.00,-1,10,0,100,40000.0,40000.0,0,10282.87,1521.44,1010.78
225.9333,0,14,35,4,8,10,11,19,10716.54,1279.76,937.06,501.92,1500.00,540.00,-1,10,0,100,40000.0,40000.0,0,10282.87,1521.44,1010.78
226.0667,0,4,21,5,8,7,0,0,8701.85,-456.41,731.93,2547.41,1500.00,240.00,-1,10,0,100,13200.0,40000.0,0,10282.87,1521.44,1010.78
226.0667,0,7,21,5,0,7,0,0,9465.01,4340.65,528.77,2974.75,1500.00,240.00,-1,10,0,100,40000.0,40000.0,0,10282.87,1521.44,1010.78
226.0667,0,14,35,4,8,10,11,19,10716.54,1279.76,937.06,501.92,1500.00,540.00,-1,10,0,100,40000.0,40000.0,0,10282.87,1521.44,1010.78
226.2000,0,4,21,5,8,7,0,0,8701.85,-456.41,731.93,2547.41,1500.00,240.00,-1,10,0,100,13200.0,40000.0,0,10282.87,1521.44,1010.78
226.2000,0,7,21,5,0,7,0,0,9465.01,4340.65,528.77,2974.75,1500.00,240.00,-1,10,0,100,40000.0,40000.0,0,10282.87,1521.44,1010.78
226.2000,0,14,35,4,8,10,11,19,10716.54,1279.76,937.06,501.92,1500.00,540.00,-1,10,0,100,40000.0,40000.0,0,10282.87,1521.44,1010.78
226.3500,0,4,21,5,8,7,0,0,8701.85,-456.41,731.93,2547.41,1500.00,240.00,-1,10,0,100,13200.0,40000.0,0,10282.87,1521.44,1010.78
226.3500,0,7,21,5,0,7,0,0,9465.01,4340.65,528.77,2974.75,1500.00,240.00,-1,10,0,100,40000.0,40000.0,0,10282.87,1521.44,1010.78
226.3500,0,14,35,4,8,10,11,19,10716.54,1279.76,937.06,501.92,1500.00,540.00,-1,10,0,100,40000.0,40000.0,0,10282.87,1521.44,1010.78
226.5000,0,4,21,5,8,7,0,0,8701.85,-456.41,731.93,2547.41,1500.00,240.00,-1,10,0,100,13200.0,40000.0,0,10282.87,1521.44,1010.78
226.5000,0,7,21,5,0,7,0,0,9465.01,4340.65,528.77,2974.75,1500.00,240.00,-1,10,0,100,40000.0,40000.0,0,10282.87,1521.44,1010.78
226.5000,0,14,35,4,8,10,11,19,10716.54,1279.76,937.06,501.92,1500.00,540.00,-1,10,0,100,40000.0,40000.0,0,10282.87,1521.44,1010.78
226.6333,0,4,21,5,8,7,0,0,8701.85,-456.41,731.93,2547.41,1500.00,240.00,-1,10,0,100,13200.0,40000.0,0,10282.87,1521.44,1010.78
226.6333,0,7,21,5,0,7,0,0,9465.01,4340.65,528.77,2974.75,1500.00,240.00,-1,10,0,100,40000.0,40000.0,0,10282.87,1521.44,1010.78
226.6333,0,14,35,4,8,10,11,19,10716.54,1279.76,937.06,501.92,1500.00,540.00,-1,10,0,100,40000.0,40000.0,0,10282.87,1521.44,1010.78
226.7667,0,4,21,5,8,7,0,0,8701.85,-456.41,731.93,2547.41,1500.00,240.00,-1,10,0,100,13200.0,40000.0,0,10282.87,1521.44,1010.78
226.7667,0,7,21,5,0,7,0,0,9465.01,4340.65,528.77,2974.75,1500.00,240.00,-1,10,0,100,40000.0,40000.0,0,10282.87,1521.44,1010.78
226.7667,0,14,35,4,8,10,11,19,10716.54,1279.76,937.06,501.92,1500.00,540.00,-1,10,0,100,40000.0,40000.0,0,10282.87,1521.44,1010.78
226.9167,0,4,21,5,8,7,0,0,8701.85,-456.41,731.93,2547.41,1500.00,240.00,-1,10,0,100,13200.0,40000.0,0,10282.87,1521.44,1010.78
226.9167,0,7,21,5,0,7,0,0,9465.01,4340.65,528.77,2974.75,1500.00,240.00,-1,10,0,100,40000.0,40000.0,0,10282.87,1521.44,1010.78
226.9167,0,14,35,4,8,10,11,19,10716.54,1279.76,937.06,501.92,1500.00,540.00,-1,10,0,100,40000.0,40000.0,0,10282.87,1521.44,1010.78
227.0500,0,4,21,5,8,7,0,0,8701.85,-456.41,731.93,2547.41,1500.00,240.00,-1,10,0,100,13200.0,40000.0,0,10282.87,1521.44,1010.78
227.0500,0,7,21,5,0,7,0,0,9465.01,4340.65,528.77,2974.75,1500.00,240.00,-1,10,0,100,40000.0,40000.0,0,10282.87,1521.44,1010.78
227.0500,0,14,35,4,8,10,11,19,10716.54,1279.76,937.06,501.92,1500.00,540.00,-1,10,0,100,40000.0,40000.0,0,10282.87,1521.44,1010.78
227.1833,0,4,21,5,8,7,0,0,8701.85,-456.41,731.93,2547.41,1500.00,240.00,-1,10,0,100,13200.0,40000.0,0,10282.87,1521.44,1010.78
227.1833,0,7,21,5,0,7,0,0,9465.01,4340.65,528.77,2974.75,1500.00,240.00,-1,10,0,100,40000.0,40000.0,0,10282.87,1521.44,1010.78
227.1833,0,14,35,4,8,10,11,19,10716.54,1279.76,937.06,501.92,1500.00,540.00,-1,10,0,100,40000.0,40000.0,0,10282.87,1521.44,1010.78
227.3167,0,4,21,5,8,7,0,0,8701.85,-456.41,731.93,2547.41,1500.00,240.00,-1,10,0,100,13200.0,40000.0,0,10282.87,1521.44,1010.78
227.3167,0,7,21,5,0,7,0,0,9465.01,4340.65,528.77,2974.75,1500.00,240.00,-1,10,0,100,40000.0,40000.0,0,10282.87,1521.44,1010.78
227.3167,0,14,35,4,8,10,11,19,10716.54,1279.76,937.06,501.92,1500.00,540.00,-1,10,0,100,40000.0,40000.0,0,10282.87,1521.44,1010.78
227.4500,0,4,21,5,8,7,0,0,8701.85,-456.41,731.93,2547.41,1500.00,240.00,-1,10,0,100,13200.0,40000.0,0,10282.87,1521.44,1010.78
227.4500,0,7,21,5,0,7,0,0,9465.01,4340.65,528.77,2974.75,1500.00,240.00,-1,10,0,100,40000.0,40000.0,0,10282.87,1521.44,1010.78
227.4500,0,14,35,4,8,10,11,19,10716.54,1279.76,937.06,501.92,1500.00,540.00,-1,10,0,100,40000.0,40000.0,0,10282.87,1521.44,1010.78
227.5833,0,4,21,5,8,7,0,0,8701.85,-456.41,731.93,2547.41,1500.00,240.00,-1,10,0,100,13200.0,40000.0,0,10282.87,1521.44,1010.78
227.5833,0,7,21,5,0,7,0,0,9465.01,4340.65,528.77,2974.75,1500.00,240.00,-1,10,0,100,40000.0,40000.0,0,10282.87,1521.44,1010.78
227.5833,0,14,35,4,8,10,11,19,10716.54,1279.76,937.06,501.92,1500.00,540.00,-1,10,0,100,40000.0,40000.0,0,10282.87,1521.44,1010.78
227.7167,0,4,21,5,8,7,0,0,8701.85,-456.41,731.93,2547.41,1500.00,240.00,-1,10,0,100,13200.0,40000.0,0,10282.87,1521.44,1010.78
227.7167,0,7,21,5,0,7,0,0,9465.01,4340.65,528.77,2974.75,1500.00,240.00,-1,10,0,100,40000.0,40000.0,0,10282.87,1521.44,1010.78
227.7167,0,14,35,4,8,10,11,19,10716.54,1279.76,937.06,501.92,1500.00,540.00,-1,10,0,100,40000.0,40000.0,0,10282.87,1521.44,1010.78
227.8500,0,4,21,5,8,7,0,0,8701.85,-456.41,731.93,2547.41,1500.00,240.00,-1,10,0,100,13200.0,40000.0,0,10282.87,1521.44,1010.78
227.8500,0,7,21,5,0,7,0,0,9465.01,4340.65,528.77,2974.75,1500.00,240.00,-1,10,0,100,40000.0,40000.0,0,10282.87,1521.44,1010.78
227.8500,0,14,35,4,8,10,11,19,10716.54,1279.76,937.06,501.92,1500.00,540.00,-1,10,0,100,40000.0,40000.0,0,10282.87,1521.44,1010.78
227.9833,0,4,21,5,8,7,0,0,8701.85,-456.41,731.93,2547.41,1500.00,240.00,-1,10,0,100,13200.0,40000.0,0,10282.87,1521.44,1010.78
227.9833,0,7,21,5,0,7,0,0,9465.01,4340.65,528.77,2974.75,1500.00,240.00,-1,10,0,100,40000.0,40000.0,0,10282.87,1521.44,1010.78
227.9833,0,14,35,4,8,10,11,19,10716.54,1279.76,937.06,501.92,1500.00,540.00,-1,10,0,100,40000.0,40000.0,0,10282.87,1521.44,1010.78
228.1167,0,4,21,5,8,7,0,0,8701.85,-456.41,731.93,2547.41,1500.00,240.00,-1,10,0,100,13200.0,40000.0,0,10282.87,1521.44,1010.78
228.1167,0,7,21,5,0,7,0,0,9465.01,4340.65,528.77,2974.75,1500.00,240.00,-1,10,0,100,40000.0,40000.0,0,10282.87,1521.44,1010.78
228.1167,0,14,35,4,8,10,11,19,10716.54,1279.76,937.06,501.92,1500.00,540.00,-1,10,0,100,40000.0,40000.0,0,10282.87,1521.44,1010.78
228.2667,0,4,21,5,8,7,0,0,8701.85,-456.41,731.93,2547.41,1500.00,240.00,-1,10,0,100,13200.0,40000.0,0,10282.87,1521.44,1010.78
228.2667,0,7,21,5,0,7,0,0,9465.01,4340.65,528.77,2974.75,1500.00,240.00,-1,10,0,100,40000.0,40000.0,0,10282.87,1521.44,1010.78
228.2667,0,14,35,4,8,10,11,19,10716.54,1279.76,937.06,501.92,1500.00,540.00,-1,10,0,100,40000.0,40000.0,0,10282.87,1521.44,1010.78
228.4000,0,4,21,5,8,7,0,0,8701.85,-456.41,731.93,2547.41,1500.00,240.00,-1,10,0,100,13200.0,40000.0,0,10282.87,1521.44,1010.78
228.4000,0,7,21,5,0,7,0,0,9465.01,4340.65,528.77,2974.75,1500.00,240.00,-1,10,0,100,40000.0,40000.0,0,10282.87,1521.44,1010.78
228.4000,0,14,35,4,8,10,11,19,10716.54,1279.76,937.06,501.92,1500.00,540.00,-1,10,0,100,40000.0,40000.0,0,10282.87,1521.44,1010.78
228.5333,0,4,21,5,8,7,0,0,8701.85,-456.41,731.93,2547.41,1500.00,240.00,-1,10,0,100,13200.0,40000.0,0,10282.87,1521.44,1010.78
228.5333,0,7,21,5,0,7,0,0,9465.01,4340.65,528.77,2974.75,1500.00,240.00,-1,10,0,100,40000.0,40000.0,0,10282.87,1521.44,1010.78
228.5333,0,14,35,4,8,10,11,19,10716.54,1279.76,937.06,501.92,1500.00,540.00,-1,10,0,100,40000.0,40000.0,0,10282.87,1521.44,1010.78
228.6667,0,4,21,5,8,7,0,0,8701.85,-456.41,731.93,2547.41,1500.00,240.00,-1,10,0,100,13200.0,40000.0,0,10282.87,1521.44,1010.78
228.6667,0,7,21,5,0,7,0,0,9465.01,4340.65,528.77,2974.75,1500.00,240.00,-1,10,0,100,40000.0,40000.0,0,10282.87,1521.44,1010.78
228.6667,0,14,35,4,8,10,11,19,10716.54,1279.76,937.06,501.92,1500.00,540.00,-1,10,0,100,40000.0,40000.0,0,10282.87,1521.44,1010.78
228.8000,0,4,21,5,8,7,0,0,8701.85,-456.41,731.93,2547.41,1500.00,240.00,-1,10,0,100,13200.0,40000.0,0,10282.87,1521.44,1010.78
228.8000,0,7,21,5,0,7,0,0,9465.01,4340.65,528.77,2974.75,1500.00,240.00,-1,10,0,100,40000.0,40000.0,0,10282.87,1521.44,1010.78
228.8000,0,14,35,4,8,10,11,19,10716.54,1279.76,937.06,501.92,1500.00,540.00,-1,10,0,100,40000.0,40000.0,0,10282.87,1521.44,1010.78
228.9333,0,4,21,5,8,7,0,0,8701.85,-456.41,731.93,2547.41,1500.00,240.00,-1,10,0,100,13200.0,40000.0,0,10282.87,1521.44,1010.78
228.9333,0,7,21,5,0,7,0,0,9465.01,4340.65,528.77,2974.75,1500.00,240.00,-1,10,0,100,40000.0,40000.0,0,10282.87,1521.44,1010.78
228.9333,0,14,35,4,8,10,11,19,10716.54,1279.76,937.06,501.92,1500.00,540.00,-1,10,0,100,40000.0,40000.0,0,10282.87,1521.44,1010.78
229.0667,0,4,21,5,8,7,0,0,8701.85,-456.41,731.93,2547.41,1500.00,240.00,-1,10,0,100,13200.0,40000.0,0,10282.87,1521.44,1010.78
229.0667,0,7,21,5,0,7,0,0,9465.01,4340.65,528.77,2974.75,1500.00,240.00,-1,10,0,100,40000.0,40000.0,0,10282.87,1521.44,1010.78
229.0667,0,14,35,4,8,10,11,19,10716.54,1279.76,937.06,501.92,1500.00,540.00,-1,10,0,100,40000.0,40000.0,0,10282.87,1521.44,1010.78
229.2167,0,4,21,5,8,7,0,0,8701.85,-456.41,731.93,2547.41,1500.00,240.00,-1,10,0,100,13200.0,40000.0,0,10282.87,1521.44,1010.78
229.2167,0,7,21,5,0,7,0,0,9465.01,4340.65,528.77,2974.75,1500.00,240.00,-1,10,0,100,40000.0,40000.0,0,10282.87,1521.44,1010.78
229.2167,0,14,35,4,8,10,11,19,10716.54,1279.76,937.06,501.92,1500.00,540.00,-1,10,0,100,40000.0,40000.0,0,10282.87,1521.44,1010.78
229.3500,0,4,21,5,8,7,0,0,8701.85,-456.41,731.93,2547.41,1500.00,240.00,-1,10,0,100,13200.0,40000.0,0,10282.87,1521.44,1010.78
229.3500,0,7,21,5,0,7,0,0,9465.01,4340.65,528.77,2974.75,1500.00,240.00,-1,10,0,100,40000.0,40000.0,0,10282.87,1521.44,1010.78
229.3500,0,14,35,4,8,10,11,19,10716.54,1279.76,937.06,501.92,1500.00,540.00,-1,10,0,100,40000.0,40000.0,0,10282.87,1521.44,1010.78
229.4833,0,4,21,5,8,7,0,0,8701.85,-456.41,731.93,2547.41,1500.00,240.00,-1,10,0,100,13200.0,40000.0,0,10282.87,1521.44,1010.78
229.4833,0,7,21,5,0,7,0,0,9465.01,4340.65,528.77,2974.75,1500.00,240.00,-1,10,0,100,40000.0,40000.0,0,10282.87,1521.44,1010.78
229.4833,0,14,35,4,8,10,11,19,10716.54,1279.76,937.06,501.92,1500.00,540.00,-1,10,0,100,40000.0,40000.0,0,10282.87,1521.44,1010.78
229.6167,0,4,21,5,8,7,0,0,8701.85,-456.41,731.93,2547.41,1500.00,240.00,-1,10,0,100,13200.0,40000.0,0,10282.87,1521.44,1010.78
229.6167,0,7,21,5,0,7,0,0,9465.01,4340.65,528.77,2974.75,1500.00,240.00,-1,10,0,100,40000.0,40000.0,0,10282.87,1521.44,1010.78
229.6167,0,14,35,4,8,10,11,19,10716.54,1279.76,937.06,501.92,1500.00,540.00,-1,10,0,100,40000.0,40000.0,0,10282.87,1521.44,1010.78
229.7500,0,4,21,5,8,7,0,0,8701.85,-456.41,731.93,2547.41,1500.00,240.00,-1,10,0,100,13200.0,40000.0,0,10282.87,1521.44,1010.78
229.7500,0,7,21,5,0,7,0,0,9465.01,4340.65,528.77,2974.75,1500.00,240.00,-1,10,0,100,40000.0,40000.0,0,10282.87,1521.44,1010.78
229.7500,0,14,35,4,8,10,11,19,10716.54,1279.76,937.06,501.92,1500.00,540.00,-1,10,0,100,40000.0,40000.0,0,10282.87,1521.44,1010.78
229.8833,0,4,21,5,8,7,0,0,8701.85,-456.41,731.93,2547.41,1500.00,240.00,-1,10,0,100,13200.0,40000.0,0,10282.87,1521.44,1010.78
229.8833,0,7,21,5,0,7,0,0,9465.01,4340.65,528.77,2974.75,1500.00,240.00,-1,10,0,100,40000.0,40000.0,0,10282.87,1521.44,1010.78
229.8833,0,14,35,4,8,10,11,19,10716.54,1279.76,937.06,501.92,1500.00,540.00,-1,10,0,100,40000.0,40000.0,0,10282.87,1521.44,1010.78
230.0167,0,4,21,5,8,7,0,0,8701.85,-456.41,731.93,2547.41,1500.00,240.00,-1,10,0,100,13200.0,40000.0,0,10282.87,1521.44,1010.78
230.0167,0,7,21,5,0,7,0,0,9465.01,4340.65,528.77,2974.75,1500.00,240.00,-1,10,0,100,40000.0,40000.0,0,10282.87,1521.44,1010.78
230.0167,0,14,35,4,8,10,11,19,10716.54,1279.76,937.06,501.92,1500.00,540.00,-1,10,0,100,40000.0,40000.0,0,10282.87,1521.44,1010.78
230.1500,0,4,21,5,8,7,0,0,8701.85,-456.41,731.93,2547.41,1500.00,240.00,-1,10,0,100,13200.0,40000.0,0,10282.87,1521.44,1010.78
230.1500,0,7,21,5,0,7,0,0,9465.01,4340.65,528.77,2974.75,1500.00,240.00,-1,10,0,100,40000.0,40000.0,0,10282.87,1521.44,1010.78
230.1500,0,14,35,4,8,10,11,19,10716.54,1279.76,937.06,501.92,1500.00,540.00,-1,10,0,100,40000.0,40000.0,0,10282.87,1521.44,1010.78
230.3000,0,4,21,5,8,7,0,0,8701.85,-456.41,731.93,2547.41,1500.00,240.00,-1,10,0,100,13200.0,40000.0,0,10282.87,1521.44,1010.78
230.3000,0,7,21,5,0,7,0,0,9465.01,4340.65,528.77,2974.75,1500.00,240.00,-1,10,0,100,40000.0,40000.0,0,10282.87,1521.44,1010.78
230.3000,0,14,35,4,8,10,11,19,10716.54,1279.76,937.06,501.92,1500.00,540.00,-1,10,0,100,40000.0,40000.0,0,10282.87,1521.44,1010.78
230.4333,0,4,21,5,8,7,0,0,8701.85,-456.41,731.93,2547.41,1500.00,240.00,-1,10,0,100,13200.0,40000.0,0,10282.87,1521.44,1010.78
230.4333,0,7,21,5,0,7,0,0,9465.01,4340.65,528.77,2974.75,1500.00,240.00,-1,10,0,100,40000.0,40000.0,0,10282.87,1521.44,1010.78
230.4333,0,14,35,4,8,10,11,19,10716.54,1279.76,937.06,501.92,1500.00,540.00,-1,10,0,100,40000.0,40000.0,0,10282.87,1521.44,1010.78
230.5667,0,4,21,5,8,7,0,0,8701.85,-456.41,731.93,2547.41,1500.00,240.00,-1,10,0,100,13200.0,40000.0,0,10282.87,1521.44,1010.78
230.5667,0,7,21,5,0,7,0,0,9465.01,4340.65,528.77,2974.75,1500.00,240.00,-1,10,0,100,40000.0,40000.0,0,10282.87,1521.44,1010.78
230.5667,0,14,35,4,8,10,11,19,10716.54,1279.76,937.06,501.92,1500.00,540.00,-1,10,0,100,40000.0,40000.0,0,10282.87,1521.44,1010.78
230.7000,0,4,21,5,8,7,0,0,8701.85,-456.41,731.93,2547.41,1500.00,240.00,-1,10,0,100,13200.0,40000.0,0,10282.87,1521.44,1010.78
230.7000,0,7,21,5,0,7,0,0,9465.01,4340.65,528.77,2974.75,1500.00,240.00,-1,10,0,100,40000.0,40000.0,0,10282.87,1521.44,1010.78
230.7000,0,14,35,4,8,10,11,19,10716.54,1279.76,937.06,501.92,1500.00,540.00,-1,10,0,100,40000.0,40000.0,0,10282.87,1521.44,1010.78
230.8333,0,4,21,5,8,7,0,0,8701.85,-456.41,731.93,2547.41,1500.00,240.00,-1,10,0,100,13200.0,40000.0,0,10282.87,1521.44,1010.78
230.8333,0,7,21,5,0,7,0,0,9465.01,4340.65,528.77,2974.75,1500.00,240.00,-1,10,0,100,40000.0,40000.0,0,10282.87,1521.44,1010.78
230.8333,0,14,35,4,8,10,11,19,10716.54,1279.76,937.06,501.92,1500.00,540.00,-1,10,0,100,40000.0,40000.0,0,10282.87,1521.44,1010.78
230.9667,0,4,21,5,8,7,0,0,8701.85,-456.41,731.93,2547.41,1500.00,240.00,-1,10,0,100,13200.0,40000.0,0,10282.87,1521.44,1010.78
230.9667,0,7,21,5,0,7,0,0,9465.01,4340.65,528.77,2974.75,1500.00,240.00,-1,10,0,100,40000.0,40000.0,0,10282.87,1521.44,1010.78
230.9667,0,14,35,4,8,10,11,19,10716.54,1279.76,937.06,501.92,1500.00,540.00,-1,10,0,100,40000.0,40000.0,0,10282.87,1521.44,1010.78
231.1000,0,4,21,5,8,7,0,0,8701.85,-456.41,731.93,2547.41,1500.00,240.00,-1,10,0,100,13200.0,40000.0,0,10282.87,1521.44,1010.78
231.1000,0,7,21,5,0,7,0,0,9465.01,4340.65,528.77,2974.75,1500.00,240.00,-1,10,0,100,40000.0,40000.0,0,10282.87,1521.44,1010.78
231.1000,0,14,35,4,8,10,11,19,10716.54,1279.76,937.06,501.92,1500.00,540.00,-1,10,0,100,40000.0,40000.0,0,10282.87,1521.44,1010.78
231.2333,0,4,21,5,8,7,0,0,8701.85,-456.41,731.93,2547.41,1500.00,240.00,-1,10,0,100,13200.0,40000.0,0,10282.87,1521.44,1010.78
231.2333,0,7,21,5,0,7,0,0,9465.01,4340.65,528.77,2974.75,1500.00,240.00,-1,10,0,100,40000.0,40000.0,0,10282.87,1521.44,1010.78
231.2333,0,14,35,4,8,10,11,19,10716.54,1279.76,937.06,501.92,1500.00,540.00,-1,10,0,100,40000.0,40000.0,0,10282.87,1521.44,1010.78
231.3667,0,4,21,5,8,7,0,0,8701.85,-456.41,731.93,2547.41,1500.00,240.00,-1,10,0,100,13200.0,40000.0,0,10282.87,1521.44,1010.78
231.3667,0,7,21,5,0,7,0,0,9465.01,4340.65,528.77,2974.75,1500.00,240.00,-1,10,0,100,40000.0,40000.0,0,10282.87,1521.44,1010.78
231.3667,0,14,35,4,8,10,11,19,10716.54,1279.76,937.06,501.92,1500.00,540.00,-1,10,0,100,40000.0,40000.0,0,10282.87,1521.44,1010.78
231.5000,0,4,21,5,8,7,0,0,8701.85,-456.41,731.93,2547.41,1500.00,240.00,-1,10,0,100,13200.0,40000.0,0,10282.87,1521.44,1010.78
231.5000,0,7,21,5,0,7,0,0,9465.01,4340.65,528.77,2974.75,1500.00,240.00,-1,10,0,100,40000.0,40000.0,0,10282.87,1521.44,1010.78
231.5000,0,14,35,4,8,10,11,19,10716.54,1279.76,937.06,501.92,1500.00,540.00,-1,10,0,100,40000.0,40000.0,0,10282.87,1521.44,1010.78
231.6333,0,4,21,5,8,7,0,0,8701.85,-456.41,731.93,2547.41,1500.00,240.00,-1,10,0,100,13200.0,40000.0,0,10282.87,1521.44,1010.78
231.6333,0,7,21,5,0,7,0,0,9465.01,4340.65,528.77,2974.75,1500.00,240.00,-1,10,0,100,40000.0,40000.0,0,10282.87,1521.44,1010.78
231.6333,0,14,35,4,8,10,11,19,10716.54,1279.76,937.06,501.92,1500.00,540.00,-1,10,0,100,40000.0,40000.0,0,10282.87,1521.44,1010.78
231.7833,0,4,21,5,8,7,0,0,8701.85,-456.41,731.93,2547.41,1500.00,240.00,-1,10,0,100,13200.0,40000.0,0,10282.87,1521.44,1010.78
231.7833,0,7,21,5,0,7,0,0,9465.01,4340.65,528.77,2974.75,1500.00,240.00,-1,10,0,100,40000.0,40000.0,0,10282.87,1521.44,1010.78
231.7833,0,14,35,4,8,10,11,19,10716.54,1279.76,937.06,501.92,1500.00,540.00,-1,10,0,100,40000.0,40000.0,0,10282.87,1521.44,1010.78
231.9167,0,4,21,5,8,7,0,0,8701.85,-456.41,731.93,2547.41,1500.00,240.00,-1,10,0,100,13200.0,40000.0,0,10282.87,1521.44,1010.78
231.9167,0,7,21,5,0,7,0,0,9465.01,4340.65,528.77,2974.75,1500.00,240.00,-1,10,0,100,40000.0,40000.0,0,10282.87,1521.44,1010.78
231.9167,0,14,35,4,8,10,11,19,10716.54,1279.76,937.06,501.92,1500.00,540.00,-1,10,0,100,40000.0,40000.0,0,10282.87,1521.44,1010.78
232.0500,0,4,21,5,8,7,0,0,8701.85,-456.41,731.93,2547.41,1500.00,240.00,-1,10,0,100,13200.0,40000.0,0,10282.87,1521.44,1010.78
232.0500,0,7,21,5,0,7,0,0,9465.01,4340.65,528.77,2974.75,1500.00,240.00,-1,10,0,100,40000.0,40000.0,0,10282.87,1521.44,1010.78
232.0500,0,14,35,4,8,10,11,19,10716.54,1279.76,937.06,501.92,1500.00,540.00,-1,10,0,100,40000.0,40000.0,0,10282.87,1521.44,1010.78
232.1833,0,4,21,5,8,7,0,0,8701.85,-456.41,731.93,2547.41,1500.00,240.00,-1,10,0,100,13200.0,40000.0,0,10282.87,1521.44,1010.78
232.1833,0,7,21,5,0,7,0,0,9465.01,4340.65,528.77,2974.75,1500.00,240.00,-1,10,0,100,40000.0,40000.0,0,10282.87,1521.44,1010.78
232.1833,0,14,35,4,8,10,11,19,10716.54,1279.76,937.06,501.92,1500.00,540.00,-1,10,0,100,40000.0,40000.0,0,10282.87,1521.44,1010.78
232.3167,0,4,21,5,8,7,0,0,8701.85,-456.41,731.93,2547.41,1500.00,240.00,-1,10,0,100,13200.0,40000.0,0,10282.87,1521.44,1010.78
232.3167,0,7,21,5,0,7,0,0,9465.01,4340.65,528.77,2974.75,1500.00,240.00,-1,10,0,100,40000.0,40000.0,0,10282.87,1521.44,1010.78
232.3167,0,14,35,4,8,10,11,19,10716.54,1279.76,937.06,501.92,1500.00,540.00,-1,10,0,100,40000.0,40000.0,0,10282.87,1521.44,1010.78
232.4500,0,4,21,5,8,7,0,0,8701.85,-456.41,731.93,2547.41,1500.00,240.00,-1,10,0,100,13200.0,40000.0,0,10282.87,1521.44,1010.78
232.4500,0,7,21,5,0,7,0,0,9465.01,4340.65,528.77,2974.75,1500.00,240.00,-1,10,0,100,40000.0,40000.0,0,10282.87,1521.44,1010.78
232.4500,0,14,35,4,8,10,11,19,10716.54,1279.76,937.06,501.92,1500.00,540.00,-1,10,0,100,40000.0,40000.0,0,10282.87,1521.44,1010.78
232.5833,0,4,21,5,8,7,0,0,8701.85,-456.41,731.93,2547.41,1500.00,240.00,-1,10,0,100,13200.0,40000.0,0,10282.87,1521.44,1010.78
232.5833,0,7,21,5,0,7,0,0,9465.01,4340.65,528.77,2974.75,1500.00,240.00,-1,10,0,100,40000.0,40000.0,0,10282.87,1521.44,1010.78
232.5833,0,14,35,4,8,10,11,19,10716.54,1279.76,937.06,501.92,1500.00,540.00,-1,10,0,100,40000.0,40000.0,0,10282.87,1521.44,1010.78
232.7333,0,3,1,0,0,2,0,6,10076.62,6495.28,789.90,4983.01,1500.00,390.00,14,10,1,100,40000.0,40000.0,0,10282.87,1521.44,1010.78
232.7333,0,4,21,5,8,7,0,0,8701.85,-456.41,731.93,2547.41,1500.00,240.00,-1,10,0,100,13200.0,40000.0,0,10282.87,1521.44,1010.78
232.7333,0,7,21,5,0,7,0,0,9465.01,4340.65,528.77,2974.75,1500.00,240.00,-1,10,0,100,40000.0,40000.0,0,10282.87,1521.44,1010.78
232.7333,0,14,35,4,8,10,11,19,10716.54,1279.76,937.06,501.92,1500.00,540.00,-1,10,0,100,40000.0,40000.0,0,10282.87,1521.44,1010.78
232.8667,0,3,1,0,0,2,0,6,10076.82,6478.32,791.05,4966.02,1500.00,390.00,14,10,1,100,40000.0,40000.0,0,10282.87,1521.44,1010.78
232.8667,0,4,21,5,8,7,0,0,8701.85,-456.41,731.93,2547.41,1500.00,240.00,-1,10,0,100,13200.0,40000.0,0,10282.87,1521.44,1010.78
232.8667,0,7,21,5,0,7,0,0,9465.01,4340.65,528.77,2974.75,1500.00,240.00,-1,10,0,100,40000.0,40000.0,0,10282.87,1521.44,1010.78
232.8667,0,14,35,4,8,10,11,19,10716.54,1279.76,937.06,501.92,1500.00,540.00,-1,10,0,100,40000.0,40000.0,0,10282.87,1521.44,1010.78
233.0000,0,3,1,0,0,2,0,6,10077.02,6461.36,792.20,4949.04,1500.00,390.00,14,10,1,100,40000.0,40000.0,0,10282.87,1521.44,1010.78
233.0000,0,4,21,5,8,7,0,0,8701.85,-456.41,731.93,2547.41,1500.00,240.00,-1,10,0,100,13200.0,40000.0,0,10282.87,1521.44,1010.78
233.0000,0,7,21,5,0,7,0,0,9465.01,4340.65,528.77,2974.75,1500.00,240.00,-1,10,0,100,40000.0,40000.0,0,10282.87,1521.44,1010.78
233.0000,0,14,35,4,8,10,11,19,10716.54,1279.76,937.06,501.92,1500.00,540.00,-1,10,0,100,40000.0,40000.0,0,10282.87,1521.44,1010.78
233.1333,0,3,1,0,0,2,0,6,10077.21,6444.40,793.35,4932.05,1500.00,390.00,14,10,1,100,40000.0,40000.0,0,10282.87,1521.44,1010.78
233.1333,0,4,21,5,8,7,0,0,8701.85,-456.41,731.93,2547.41,1500.00,240.00,-1,10,0,100,13200.0,40000.0,0,10282.87,1521.44,1010.78
233.1333,0,7,21,5,0,7,0,0,9465.01,4340.65,528.77,2974.75,1500.00,240.00,-1,10,0,100,40000.0,40000.0,0,10282.87,1521.44,1010.78
233.1333,0,14,35,4,8,10,11,19,10716.54,1279.76,937.06,501.92,1500.00,540.00,-1,10,0,100,40000.0,40000.0,0,10282.87,1521.44,1010.78
233.2667,0,3,1,0,0,2,0,6,10077.41,6427.44,794.50,4915.06,1500.00,390.00,14,10,1,100,40000.0,40000.0,0,10282.87,1521.44,1010.78
233.2667,0,4,21,5,8,7,0,0,8701.85,-456.41,731.93,2547.41,1500.00,240.00,-1,10,0,100,13200.0,40000.0,0,10282.87,1521.44,1010.78
233.2667,0,7,21,5,0,7,0,0,9465.01,4340.65,528.77,2974.75,1500.00,240.00,-1,10,0,100,40000.0,40000.0,0,10282.87,1521.44,1010.78
233.2667,0,14,35,4,8,10,11,19,10716.54,1279.76,937.06,501.92,1500.00,540.00,-1,10,0,100,40000.0,40000.0,0,10282.87,1521.44,1010.78
233.4167,0,3,1,0,0,2,0,6,10077.63,6408.36,795.79,4895.95,1500.00,390.00,14,10,1,100,40000.0,40000.0,0,10282.87,1521.44,1010.78
233.4167,0,4,21,5,8,7,0,0,8701.85,-456.41,731.93,2547.41,1500.00,240.00,-1,10,0,100,13200.0,40000.0,0,10282.87,1521.44,1010.78
233.4167,0,7,21,5,0,7,0,0,9465.01,4340.65,528.77,2974.75,1500.00,240.00,-1,10,0,100,40000.0,40000.0,0,10282.87,1521.44,1010.78
233.4167,0,14,35,4,8,10,11,19,10716.54,1279.76,937.06,501.92,1500.00,540.00,-1,10,0,100,40000.0,40000.0,0,10282.87,1521.44,1010.78
233.5500,0,3,1,0,0,2,0,6,10077.83,6391.40,796.94,4878.96,1500.00,390.00,14,10,1,100,40000.0,40000.0,0,10282.87,1521.44,1010.78
233.5500,0,4,21,5,8,7,0,0,8701.85,-456.41,731.93,2547.41,1500.00,240.00,-1,10,0,100,13200.0,40000.0,0,10282.87,1521.44,1010.78
233.5500,0,7,21,5,0,7,0,0,9465.01,4340.65,528.77,2974.75,1500.00,240.00,-1,10,0,100,40000.0,40000.0,0,10282.87,1521.44,1010.78
233.5500,0,14,35,4,8,10,11,19,10716.54,1279.76,937.06,501.92,1500.00,540.00,-1,10,0,100,40000.0,40000.0,0,10282.87,1521.44,1010.78
233.6833,0,3,1,0,0,2,0,6,10078.00,6376.97,797.92,4864.51,1500.00,390.00,14,10,1,100,40000.0,40000.0,0,10282.87,1521.44,1010.78
233.6833,0,4,21,5,8,7,0,0,8701.85,-456.41,731.93,2547.41,1500.00,240.00,-1,10,0,100,13200.0,40000.0,0,10282.87,1521.44,1010.78
233.6833,0,7,21,5,0,7,0,0,9465.01,4340.65,528.77,2974.75,1500.00,240.00,-1,10,0,100,40000.0,40000.0,0,10282.87,1521.44,1010.78
233.6833,0,14,35,4,8,10,11,19,10716.54,1279.76,937.06,501.92,1500.00,540.00,-1,10,0,100,40000.0,40000.0,0,10282.87,1521.44,1010.78
233.8333,0,3,1,0,0,2,0,6,10080.35,6357.99,798.24,4845.45,1500.00,390.00,14,10,1,100,40000.0,40000.0,0,10282.87,1521.44,1010.78
233.8333,0,4,21,5,8,7,0,0,8701.85,-456.41,731.93,2547.41,1500.00,240.00,-1,10,0,100,13200.0,40000.0,0,10282.87,1521.44,1010.78
233.8333,0,7,21,5,0,7,0,0,9465.01,4340.65,528.77,2974.75,1500.00,240.00,-1,10,0,100,40000.0,40000.0,0,10282.87,1521.44,1010.78
233.8333,0,14,35,4,8,10,11,19,10716.54,1279.76,937.06,501.92,1500.00,540.00,-1,10,0,100,40000.0,40000.0,0,10282.87,1521.44,1010.78
233.9667,0,3,1,0,0,2,0,6,10082.44,6341.12,798.53,4828.51,1500.00,390.00,14,10,1,100,40000.0,40000.0,0,10282.87,1521.44,1010.78
233.9667,0,4,21,5,8,7,0,0,8701.85,-456.41,731.93,2547.41,1500.00,240.00,-1,10,0,100,13200.0,40000.0,0,10282.87,1521.44,1010.78
233.9667,0,7,21,5,0,7,0,0,9465.01,4340.65,528.77,2974.75,1500.00,240.00,-1,10,0,100,40000.0,40000.0,0,10282.87,1521.44,1010.78
233.9667,0,14,35,4,8,10,11,19,10716.54,1279.76,937.06,501.92,1500.00,540.00,-1,10,0,100,40000.0,40000.0,0,10282.87,1521.44,1010.78
234.1333,0,3,1,0,0,2,0,6,10085.04,6320.04,798.88,4807.34,1500.00,390.00,14,10,1,100,40000.0,40000.0,0,10282.87,1521.44,1010.78
234.1333,0,4,21,5,8,7,0,0,8701.85,-456.41,731.93,2547.41,1500.00,240.00,-1,10,0,100,13200.0,40000.0,0,10282.87,1521.44,1010.78
234.1333,0,7,21,5,0,7,0,0,9465.01,4340.65,528.77,2974.75,1500.00,240.00,-1,10,0,100,40000.0,40000.0,0,10282.87,1521.44,1010.78
234.1333,0,14,35,4,8,10,11,19,10716.54,1279.76,937.06,501.92,1500.00,540.00,-1,10,0,100,40000.0,40000.0,0,10282.87,1521.44,1010.78
234.2833,0,3,1,0,0,2,0,6,10087.39,6301.06,799.20,4788.29,1500.00,390.00,14,10,1,100,40000.0,40000.0,0,10282.87,1521.44,1010.78
234.2833,0,4,21,5,8,7,0,0,8701.85,-456.41,731.93,2547.41,1500.00,240.00,-1,10,0,100,13200.0,40000.0,0,10282.87,1521.44,1010.78
234.2833,0,7,21,5,0,7,0,0,9465.01,4340.65,528.77,2974.75,1500.00,240.00,-1,10,0,100,40000.0,40000.0,0,10282.87,1521.44,1010.78
234.2833,0,14,35,4,8,10,11,19,10716.54,1279.76,937.06,501.92,1500.00,540.00,-1,10,0,100,40000.0,40000.0,0,10282.87,1521.44,1010.78
234.4500,0,3,1,0,0,2,0,6,10090.00,6279.97,799.56,4767.12,1500.00,390.00,14,10,1,100,40000.0,40000.0,0,10282.87,1521.44,1010.78
234.4500,0,4,21,5,8,7,0,0,8701.85,-456.41,731.93,2547.41,1500.00,240.00,-1,10,0,100,13200.0,40000.0,0,10282.87,1521.44,1010.78
234.4500,0,7,21,5,0,7,0,0,9465.01,4340.65,528.77,2974.75,1500.00,240.00,-1,10,0,100,40000.0,40000.0,0,10282.87,1521.44,1010.78
234.4500,0,14,35,4,8,10,11,19,10716.54,1279.76,937.06,501.92,1500.00,540.00,-1,10,0,100,40000.0,40000.0,0,10282.87,1521.44,1010.78
234.5833,0,3,1,0,0,2,0,6,10092.09,6263.10,799.85,4750.18,1500.00,390.00,14,10,1,100,40000.0,40000.0,0,10282.87,1521.44,1010.78
234.5833,0,4,21,5,8,7,0,0,8701.85,-456.41,731.93,2547.41,1500.00,240.00,-1,10,0,100,13200.0,40000.0,0,10282.87,1521.44,1010.78
234.5833,0,7,21,5,0,7,0,0,9465.01,4340.65,528.77,2974.75,1500.00,240.00,-1,10,0,100,40000.0,40000.0,0,10282.87,1521.44,1010.78
234.5833,0,14,35,4,8,10,11,19,10716.54,1279.76,937.06,501.92,1500.00,540.00,-1,10,0,100,40000.0,40000.0,0,10282.87,1521.44,1010.78
234.7333,0,3,1,0,0,2,0,6,10094.43,6244.12,800.17,4731.13,1500.00,390.00,14,10,1,100,40000.0,40000.0,0,10282.87,1521.44,1010.78
234.7333,0,4,21,5,8,7,0,0,8701.85,-456.41,731.93,2547.41,1500.00,240.00,-1,10,0,100,13200.0,40000.0,0,10282.87,1521.44,1010.78
234.7333,0,7,21,5,0,7,0,0,9465.01,4340.65,528.77,2974.75,1500.00,240.00,-1,10,0,100,40000.0,40000.0,0,10282.87,1521.44,1010.78
234.7333,0,14,35,4,8,10,11,19,10716.54,1279.76,937.06,501.92,1500.00,540.00,-1,10,0,100,40000.0,40000.0,0,10282.87,1521.44,1010.78
234.8667,0,3,1,0,0,2,0,6,10096.52,6227.26,800.45,4714.20,1500.00,390.00,14,10,1,100,40000.0,40000.0,0,10282.87,1521.44,1010.78
234.8667,0,4,21,5,8,7,0,0,8701.85,-456.41,731.93,2547.41,1500.00,240.00,-1,10,0,100,13200.0,40000.0,0,10282.87,1521.44,1010.78
234.8667,0,7,21,5,0,7,0,0,9465.01,4340.65,528.77,2974.75,1500.00,240.00,-1,10,0,100,40000.0,40000.0,0,10282.87,1521.44,1010.78
234.8667,0,14,35,4,8,10,11,19,10716.54,1279.76,937.06,501.92,1500.00,540.00,-1,10,0,100,40000.0,40000.0,0,10282.87,1521.44,1010.78
235.0167,0,3,1,0,0,2,0,6,10098.87,6208.28,800.77,4695.15,1500.00,390.00,14,10,1,100,40000.0,40000.0,0,10282.87,1521.44,1010.78
235.0167,0,4,21,5,8,7,0,0,8701.85,-456.41,731.93,2547.41,1500.00,240.00,-1,10,0,100,13200.0,40000.0,0,10282.87,1521.44,1010.78
235.0167,0,7,21,5,0,7,0,0,9465.01,4340.65,528.77,2974.75,1500.00,240.00,-1,10,0,100,40000.0,40000.0,0,10282.87,1521.44,1010.78
235.0167,0,14,35,4,8,10,11,19,10716.54,1279.76,937.06,501.92,1500.00,540.00,-1,10,0,100,40000.0,40000.0,0,10282.87,1521.44,1010.78
235.1500,0,3,1,0,0,2,0,6,10100.95,6191.41,801.06,4678.21,1500.00,390.00,14,10,1,100,40000.0,40000.0,0,10282.87,1521.44,1010.78
235.1500,0,4,21,5,8,7,0,0,8701.85,-456.41,731.93,2547.41,1500.00,240.00,-1,10,0,100,13200.0,40000.0,0,10282.87,1521.44,1010.78
235.1500,0,7,21,5,0,7,0,0,9465.01,4340.65,528.77,2974.75,1500.00,240.00,-1,10,0,100,40000.0,40000.0,0,10282.87,1521.44,1010.78
235.1500,0,14,35,4,8,10,11,19,10716.54,1279.76,937.06,501.92,1500.00,540.00,-1,10,0,100,40000.0,40000.0,0,10282.87,1521.44,1010.78
235.3000,0,3,1,0,0,2,0,6,10103.30,6172.43,801.38,4659.16,1500.00,390.00,14,10,1,100,40000.0,40000.0,0,10282.87,1521.44,1010.78
235.3000,0,4,21,5,8,7,0,0,8701.85,-456.41,731.93,2547.41,1500.00,240.00,-1,10,0,100,13200.0,40000.0,0,10282.87,1521.44,1010.78
235.3000,0,7,21,5,0,7,0,0,9465.01,4340.65,528.77,2974.75,1500.00,240.00,-1,10,0,100,40000.0,40000.0,0,10282.87,1521.44,1010.78
235.3000,0,14,35,4,8,10,11,19,10716.54,1279.76,937.06,501.92,1500.00,540.00,-1,10,0,100,40000.0,40000.0,0,10282.87,1521.44,1010.78
235.4333,0,3,1,0,0,2,0,6,10105.38,6155.56,801.67,4642.23,1500.00,390.00,14,10,1,100,40000.0,40000.0,0,10282.87,1521.44,1010.78
235.4333,0,4,21,5,8,7,0,0,8701.85,-456.41,731.93,2547.41,1500.00,240.00,-1,10,0,100,13200.0,40000.0,0,10282.87,1521.44,1010.78
235.4333,0,7,21,5,0,7,0,0,9465.01,4340.65,528.77,2974.75,1500.00,240.00,-1,10,0,100,40000.0,40000.0,0,10282.87,1521.44,1010.78
235.4333,0,14,35,4,8,10,11,19,10716.54,1279.76,937.06,501.92,1500.00,540.00,-1,10,0,100,40000.0,40000.0,0,10282.87,1521.44,1010.78
235.5667,0,3,1,0,0,2,0,6,10107.47,6138.69,801.95,4625.30,1500.00,390.00,14,10,1,100,40000.0,40000.0,0,10282.87,1521.44,1010.78
235.5667,0,4,21,5,8,7,0,0,8701.85,-456.41,731.93,2547.41,1500.00,240.00,-1,10,0,100,13200.0,40000.0,0,10282.87,1521.44,1010.78
235.5667,0,7,21,5,0,7,0,0,9465.01,4340.65,528.77,2974.75,1500.00,240.00,-1,10,0,100,40000.0,40000.0,0,10282.87,1521.44,1010.78
235.5667,0,14,35,4,8,10,11,19,10716.54,1279.76,937.06,501.92,1500.00,540.00,-1,10,0,100,40000.0,40000.0,0,10282.87,1521.44,1010.78
235.7167,0,3,1,0,0,2,0,6,10109.82,6119.71,802.27,4606.25,1500.00,390.00,14,10,1,100,40000.0,40000.0,0,10282.87,1521.44,1010.78
235.7167,0,4,21,5,8,7,0,0,8701.85,-456.41,731.93,2547.41,1500.00,240.00,-1,10,0,100,13200.0,40000.0,0,10282.87,1521.44,1010.78
235.7167,0,7,21,5,0,7,0,0,9465.01,4340.65,528.77,2974.75,1500.00,240.00,-1,10,0,100,40000.0,40000.0,0,10282.87,1521.44,1010.78
235.7167,0,14,35,4,8,10,11,19,10716.54,1279.76,937.06,501.92,1500.00,540.00,-1,10,0,100,40000.0,40000.0,0,10282.87,1521.44,1010.78
235.8667,0,3,1,0,0,2,0,6,10112.16,6100.74,802.59,4587.20,1500.00,390.00,14,10,1,100,40000.0,40000.0,0,10282.87,1521.44,1010.78
235.8667,0,4,21,5,8,7,0,0,8701.85,-456.41,731.93,2547.41,1500.00,240.00,-1,10,0,100,13200.0,40000.0,0,10282.87,1521.44,1010.78
235.8667,0,7,21,5,0,7,0,0,9465.01,4340.65,528.77,2974.75,1500.00,240.00,-1,10,0,100,40000.0,40000.0,0,10282.87,1521.44,1010.78
235.8667,0,14,35,4,8,10,11,19,10716.54,1279.76,937.06,501.92,1500.00,540.00,-1,10,0,100,40000.0,40000.0,0,10282.87,1521.44,1010.78
236.0000,0,3,1,0,0,2,0,6,10114.25,6083.87,802.88,4570.27,1500.00,390.00,14,10,1,100,40000.0,40000.0,0,10282.87,1521.44,1010.78
236.0000,0,4,21,5,8,7,0,0,8701.85,-456.41,731.93,2547.41,1500.00,240.00,-1,10,0,100,13200.0,40000.0,0,10282.87,1521.44,1010.78
236.0000,0,7,21,5,0,7,0,0,9465.01,4340.65,528.77,2974.75,1500.00,240.00,-1,10,0,100,40000.0,40000.0,0,10282.87,1521.44,1010.78
236.0000,0,14,35,4,8,10,11,19,10716.54,1279.76,937.06,501.92,1500.00,540.00,-1,10,0,100,40000.0,40000.0,0,10282.87,1521.44,1010.78
236.1500,0,3,1,0,0,2,0,6,10116.60,6064.89,803.20,4551.23,1500.00,390.00,14,10,1,100,40000.0,40000.0,0,10282.87,1521.44,1010.78
236.1500,0,4,21,5,8,7,0,0,8701.85,-456.41,731.93,2547.41,1500.00,240.00,-1,10,0,100,13200.0,40000.0,0,10282.87,1521.44,1010.78
236.1500,0,7,21,5,0,7,0,0,9465.01,4340.65,528.77,2974.75,1500.00,240.00,-1,10,0,100,40000.0,40000.0,0,10282.87,1521.44,1010.78
236.1500,0,14,35,4,8,10,11,19,10716.54,1279.76,937.06,501.92,1500.00,540.00,-1,10,0,100,40000.0,40000.0,0,10282.87,1521.44,1010.78
236.2833,0,3,1,0,0,2,0,6,10118.68,6048.02,803.49,4534.30,1500.00,390.00,14,10,1,100,40000.0,40000.0,0,10282.87,1521.44,1010.78
236.2833,0,4,21,5,8,7,0,0,8701.85,-456.41,731.93,2547.41,1500.00,240.00,-1,10,0,100,13200.0,40000.0,0,10282.87,1521.44,1010.78
236.2833,0,7,21,5,0,7,0,0,9465.01,4340.65,528.77,2974.75,1500.00,240.00,-1,10,0,100,40000.0,40000.0,0,10282.87,1521.44,1010.78
236.2833,0,14,35,4,8,10,11,19,10716.54,1279.76,937.06,501.92,1500.00,540.00,-1,10,0,100,40000.0,40000.0,0,10282.87,1521.44,1010.78
236.4333,0,3,1,0,0,2,0,6,10121.03,6029.04,803.81,4515.25,1500.00,390.00,14,10,1,100,40000.0,40000.0,0,10282.87,1521.44,1010.78
236.4333,0,4,21,5,8,7,0,0,8701.85,-456.41,731.93,2547.41,1500.00,240.00,-1,10,0,100,13200.0,40000.0,0,10282.87,1521.44,1010.78
236.4333,0,7,21,5,0,7,0,0,9465.01,4340.65,528.77,2974.75,1500.00,240.00,-1,10,0,100,40000.0,40000.0,0,10282.87,1521.44,1010.78
236.4333,0,14,35,4,8,10,11,19,10716.54,1279.76,937.06,501.92,1500.00,540.00,-1,10,0,100,40000.0,40000.0,0,10282.87,1521.44,1010.78
236.5667,0,3,1,0,0,2,0,6,10123.12,6012.17,804.09,4498.32,1500.00,390.00,14,10,1,100,40000.0,40000.0,0,10282.87,1521.44,1010.78
236.5667,0,4,21,5,8,7,0,0,8701.85,-456.41,731.93,2547.41,1500.00,240.00,-1,10,0,100,13200.0,40000.0,0,10282.87,1521.44,1010.78
236.5667,0,7,21,5,0,7,0,0,9465.01,4340.65,528.77,2974.75,1500.00,240.00,-1,10,0,100,40000.0,40000.0,0,10282.87,1521.44,1010.78
236.5667,0,14,35,4,8,10,11,19,10716.54,1279.76,937.06,501.92,1500.00,540.00,-1,10,0,100,40000.0,40000.0,0,10282.87,1521.44,1010.78
236.7167,0,3,1,0,0,2,0,6,10125.46,5993.20,804.41,4479.28,1500.00,390.00,14,10,1,100,40000.0,40000.0,0,10282.87,1521.44,1010.78
236.7167,0,4,21,5,8,7,0,0,8701.85,-456.41,731.93,2547.41,1500.00,240.00,-1,10,0,100,13200.0,40000.0,0,10282.87,1521.44,1010.78
236.7167,0,7,21,5,0,7,0,0,9465.01,4340.65,528.77,2974.75,1500.00,240.00,-1,10,0,100,40000.0,40000.0,0,10282.87,1521.44,1010.78
236.7167,0,14,35,4,8,10,11,19,10716.54,1279.76,937.06,501.92,1500.00,540.00,-1,10,0,100,40000.0,40000.0,0,10282.87,1521.44,1010.78
236.8500,0,3,1,0,0,2,0,6,10127.55,5976.33,804.70,4462.35,1500.00,390.00,14,10,1,100,40000.0,40000.0,0,10282.87,1521.44,1010.78
236.8500,0,4,21,5,8,7,0,0,8701.85,-456.41,731.93,2547.41,1500.00,240.00,-1,10,0,100,13200.0,40000.0,0,10282.87,1521.44,1010.78
236.8500,0,7,21,5,0,7,0,0,9465.01,4340.65,528.77,2974.75,1500.00,240.00,-1,10,0,100,40000.0,40000.0,0,10282.87,1521.44,1010.78
236.8500,0,14,35,4,8,10,11,19,10716.54,1279.76,937.06,501.92,1500.00,540.00,-1,10,0,100,40000.0,40000.0,0,10282.87,1521.44,1010.78
237.0000,0,3,1,0,0,2,0,6,10129.90,5957.35,805.02,4443.31,1500.00,390.00,14,10,1,100,40000.0,40000.0,0,10282.87,1521.44,1010.78
237.0000,0,4,21,5,8,7,0,0,8701.85,-456.41,731.93,2547.41,1500.00,240.00,-1,10,0,100,13200.0,40000.0,0,10282.87,1521.44,1010.78
237.0000,0,7,21,5,0,7,0,0,9465.01,4340.65,528.77,2974.75,1500.00,240.00,-1,10,0,100,40000.0,40000.0,0,10282.87,1521.44,1010.78
237.0000,0,14,35,4,8,10,11,19,10716.54,1279.76,937.06,501.92,1500.00,540.00,-1,10,0,100,40000.0,40000.0,0,10282.87,1521.44,1010.78
237.1333,0,3,1,0,0,2,0,6,10131.98,5940.48,805.31,4426.39,1500.00,390.00,14,10,1,100,40000.0,40000.0,0,10282.87,1521.44,1010.78
237.1333,0,4,21,5,8,7,0,0,8701.85,-456.41,731.93,2547.41,1500.00,240.00,-1,10,0,100,13200.0,40000.0,0,10282.87,1521.44,1010.78
237.1333,0,7,21,5,0,7,0,0,9465.01,4340.65,528.77,2974.75,1500.00,240.00,-1,10,0,100,40000.0,40000.0,0,10282.87,1521.44,1010.78
237.1333,0,14,35,4,8,10,11,19,10716.54,1279.76,937.06,501.92,1500.00,540.00,-1,10,0,100,40000.0,40000.0,0,10282.87,1521.44,1010.78
237.2833,0,3,1,0,0,2,0,6,10134.33,5921.50,805.63,4407.35,1500.00,390.00,14,10,1,100,40000.0,40000.0,0,10282.87,1521.44,1010.78
237.2833,0,4,21,5,8,7,0,0,8701.85,-456.41,731.93,2547.41,1500.00,240.00,-1,10,0,100,13200.0,40000.0,0,10282.87,1521.44,1010.78
237.2833,0,7,21,5,0,7,0,0,9465.01,4340.65,528.77,2974.75,1500.00,240.00,-1,10,0,100,40000.0,40000.0,0,10282.87,1521.44,1010.78
237.2833,0,14,35,4,8,10,11,19,10716.54,1279.76,937.06,501.92,1500.00,540.00,-1,10,0,100,40000.0,40000.0,0,10282.87,1521.44,1010.78
237.4167,0,3,1,0,0,2,0,6,10135.11,5906.06,805.85,4391.90,1500.00,390.00,14,10,1,100,40000.0,40000.0,0,10282.87,1521.44,1010.78
237.4167,0,4,21,5,8,7,0,0,8701.85,-456.41,731.93,2547.41,1500.00,240.00,-1,10,0,100,13200.0,40000.0,0,10282.87,1521.44,1010.78
237.4167,0,7,21,5,0,7,0,0,9465.01,4340.65,528.77,2974.75,1500.00,240.00,-1,10,0,100,40000.0,40000.0,0,10282.87,1521.44,1010.78
237.4167,0,14,35,4,8,10,11,19,10716.54,1279.76,937.06,501.92,1500.00,540.00,-1,10,0,100,40000.0,40000.0,0,10282.87,1521.44,1010.78
237.5667,0,3,1,0,0,2,0,6,10127.12,5888.69,805.79,4374.83,1500.00,390.00,14,10,1,100,40000.0,40000.0,0,10282.87,1521.44,1010.78
237.5667,0,4,21,5,8,7,0,0,8701.85,-456.41,731.93,2547.41,1500.00,240.00,-1,10,0,100,13200.0,40000.0,0,10282.87,1521.44,1010.78
237.5667,0,7,21,5,0,7,0,0,9465.01,4340.65,528.77,2974.75,1500.00,240.00,-1,10,0,100,40000.0,40000.0,0,10282.87,1521.44,1010.78
237.5667,0,14,35,4,8,10,11,19,10716.54,1279.76,937.06,501.92,1500.00,540.00,-1,10,0,100,40000.0,40000.0,0,10282.87,1521.44,1010.78
237.7167,0,3,1,0,0,2,0,6,10119.13,5871.31,805.73,4357.78,1500.00,390.00,14,10,1,100,40000.0,40000.0,0,10282.87,1521.44,1010.78
237.7167,0,4,21,5,8,7,0,0,8701.85,-456.41,731.93,2547.41,1500.00,240.00,-1,10,0,100,13200.0,40000.0,0,10282.87,1521.44,1010.78
237.7167,0,7,21,5,0,7,0,0,9465.01,4340.65,528.77,2974.75,1500.00,240.00,-1,10,0,100,40000.0,40000.0,0,10282.87,1521.44,1010.78
237.7167,0,14,35,4,8,10,11,19,10716.54,1279.76,937.06,501.92,1500.00,540.00,-1,10,0,100,40000.0,40000.0,0,10282.87,1521.44,1010.78
237.8667,0,3,1,0,0,2,0,6,10111.14,5853.94,805.68,4340.75,1500.00,390.00,14,10,1,100,40000.0,40000.0,0,10282.87,1521.44,1010.78
237.8667,0,4,21,5,8,7,0,0,8701.85,-456.41,731.93,2547.41,1500.00,240.00,-1,10,0,100,13200.0,40000.0,0,10282.87,1521.44,1010.78
237.8667,0,7,21,5,0,7,0,0,9465.01,4340.65,528.77,2974.75,1500.00,240.00,-1,10,0,100,40000.0,40000.0,0,10282.87,1521.44,1010.78
237.8667,0,14,35,4,8,10,11,19,10716.54,1279.76,937.06,501.92,1500.00,540.00,-1,10,0,100,40000.0,40000.0,0,10282.87,1521.44,1010.78
238.0167,0,3,1,0,0,2,0,6,10103.15,5836.56,805.62,4323.73,1500.00,390.00,14,10,1,100,40000.0,40000.0,0,10282.87,1521.44,1010.78
238.0167,0,4,21,5,8,7,0,0,8701.85,-456.41,731.93,2547.41,1500.00,240.00,-1,10,0,100,13200.0,40000.0,0,10282.87,1521.44,1010.78
238.0167,0,7,21,5,0,7,0,0,9465.01,4340.65,528.77,2974.75,1500.00,240.00,-1,10,0,100,40000.0,40000.0,0,10282.87,1521.44,1010.78
238.0167,0,14,35,4,8,10,11,19,10716.54,1279.76,937.06,501.92,1500.00,540.00,-1,10,0,100,40000.0,40000.0,0,10282.87,1521.44,1010.78
238.1667,0,3,1,0,0,2,0,6,10095.16,5819.19,805.56,4306.73,1500.00,390.00,14,10,1,100,40000.0,40000.0,0,10282.87,1521.44,1010.78
238.1667,0,4,21,5,8,7,0,0,8701.85,-456.41,731.93,2547.41,1500.00,240.00,-1,10,0,100,13200.0,40000.0,0,10282.87,1521.44,1010.78
238.1667,0,7,21,5,0,7,0,0,9465.01,4340.65,528.77,2974.75,1500.00,240.00,-1,10,0,100,40000.0,40000.0,0,10282.87,1521.44,1010.78
238.1667,0,14,35,4,8,10,11,19,10716.54,1279.76,937.06,501.92,1500.00,540.00,-1,10,0,100,40000.0,40000.0,0,10282.87,1521.44,1010.78
238.3167,0,3,1,0,0,2,0,6,10087.17,5801.81,805.50,4289.76,1500.00,390.00,14,10,1,100,40000.0,40000.0,0,10282.87,1521.44,1010.78
238.3167,0,4,21,5,8,7,0,0,8701.85,-456.41,731.93,2547.41,1500.00,240.00,-1,10,0,100,13200.0,40000.0,0,10282.87,1521.44,1010.78
238.3167,0,7,21,5,0,7,0,0,9465.01,4340.65,528.77,2974.75,1500.00,240.00,-1,10,0,100,40000.0,40000.0,0,10282.87,1521.44,1010.78
238.3167,0,14,35,4,8,10,11,19,10716.54,1279.76,937.06,501.92,1500.00,540.00,-1,10,0,100,40000.0,40000.0,0,10282.87,1521.44,1010.78
238.4667,0,3,1,0,0,2,0,6,10079.18,5784.43,805.45,4272.79,1500.00,390.00,14,10,1,100,40000.0,40000.0,0,10282.87,1521.44,1010.78
238.4667,0,4,21,5,8,7,0,0,8701.85,-456.41,731.93,2547.41,1500.00,240.00,-1,10,0,100,13200.0,40000.0,0,10282.87,1521.44,1010.78
238.4667,0,7,21,5,0,7,0,0,9465.01,4340.65,528.77,2974.75,1500.00,240.00,-1,10,0,100,40000.0,40000.0,0,10282.87,1521.44,1010.78
238.4667,0,14,35,4,8,10,11,19,10716.54,1279.76,937.06,501.92,1500.00,540.00,-1,10,0,100,40000.0,40000.0,0,10282.87,1521.44,1010.78
238.6167,0,3,1,0,0,2,0,6,10071.18,5767.06,805.39,4255.85,1500.00,390.00,14,10,1,100,40000.0,40000.0,0,10282.87,1521.44,1010.78
238.6167,0,4,21,5,8,7,0,0,8701.85,-456.41,731.93,2547.41,1500.00,240.00,-1,10,0,100,13200.0,40000.0,0,10282.87,1521.44,1010.78
238.6167,0,7,21,5,0,7,0,0,9465.01,4340.65,528.77,2974.75,1500.00,240.00,-1,10,0,100,40000.0,40000.0,0,10282.87,1521.44,1010.78
238.6167,0,14,35,4,8,10,11,19,10716.54,1279.76,937.06,501.92,1500.00,540.00,-1,10,0,100,40000.0,40000.0,0,10282.87,1521.44,1010.78
238.7500,0,3,1,0,0,2,0,6,10064.08,5751.61,805.34,4240.81,1500.00,390.00,14,10,1,100,40000.0,40000.0,0,10282.87,1521.44,1010.78
238.7500,0,4,21,5,8,7,0,0,8701.85,-456.41,731.93,2547.41,1500.00,240.00,-1,10,0,100,13200.0,40000.0,0,10282.87,1521.44,1010.78
238.7500,0,7,21,5,0,7,0,0,9465.01,4340.65,528.77,2974.75,1500.00,240.00,-1,10,0,100,40000.0,40000.0,0,10282.87,1521.44,1010.78
238.7500,0,14,35,4,8,10,11,19,10716.54,1279.76,937.06,501.92,1500.00,540.00,-1,10,0,100,40000.0,40000.0,0,10282.87,1521.44,1010.78
238.8833,0,3,1,0,0,2,0,6,10056.98,5736.17,805.29,4225.78,1500.00,390.00,14,10,1,100,40000.0,40000.0,0,10282.87,1521.44,1010.78
238.8833,0,4,21,5,8,7,0,0,8701.85,-456.41,731.93,2547.41,1500.00,240.00,-1,10,0,100,13200.0,40000.0,0,10282.87,1521.44,1010.78
238.8833,0,7,21,5,0,7,0,0,9465.01,4340.65,528.77,2974.75,1500.00,240.00,-1,10,0,100,40000.0,40000.0,0,10282.87,1521.44,1010.78
238.8833,0,14,35,4,8,10,11,19,10716.54,1279.76,937.06,501.92,1500.00,540.00,-1,10,0,100,40000.0,40000.0,0,10282.87,1521.44,1010.78
239.0167,0,3,1,0,0,2,0,6,10049.88,5720.72,805.24,4210.76,1500.00,390.00,14,10,1,100,40000.0,40000.0,0,10282.87,1521.44,1010.78
239.0167,0,4,21,5,8,7,0,0,8701.85,-456.41,731.93,2547.41,1500.00,240.00,-1,10,0,100,13200.0,40000.0,0,10282.87,1521.44,1010.78
239.0167,0,7,21,5,0,7,0,0,9465.01,4340.65,528.77,2974.75,1500.00,240.00,-1,10,0,100,40000.0,40000.0,0,10282.87,1521.44,1010.78
239.0167,0,14,35,4,8,10,11,19,10716.54,1279.76,937.06,501.92,1500.00,540.00,-1,10,0,100,40000.0,40000.0,0,10282.87,1521.44,1010.78
239.1667,0,3,1,0,0,2,0,6,10041.89,5703.35,805.18,4193.89,1500.00,390.00,14,10,1,100,40000.0,40000.0,0,10282.87,1521.44,1010.78
239.1667,0,4,21,5,8,7,0,0,8701.85,-456.41,731.93,2547.41,1500.00,240.00,-1,10,0,100,13200.0,40000.0,0,10282.87,1521.44,1010.78
239.1667,0,7,21,5,0,7,0,0,9465.01,4340.65,528.77,2974.75,1500.00,240.00,-1,10,0,100,40000.0,40000.0,0,10282.87,1521.44,1010.78
239.1667,0,14,35,4,8,10,11,19,10716.54,1279.76,937.06,501.92,1500.00,540.00,-1,10,0,100,40000.0,40000.0,0,10282.87,1521.44,1010.78
239.3000,0,3,1,0,0,2,0,6,10034.78,5687.90,805.13,4178.91,1500.00,390.00,14,10,1,100,40000.0,40000.0,0,10282.87,1521.44,1010.78
239.3000,0,4,21,5,8,7,0,0,8701.85,-456.41,731.93,2547.41,1500.00,240.00,-1,10,0,100,13200.0,40000.0,0,10282.87,1521.44,1010.78
239.3000,0,7,21,5,0,7,0,0,9465.01,4340.65,528.77,2974.75,1500.00,240.00,-1,10,0,100,40000.0,40000.0,0,10282.87,1521.44,1010.78
239.3000,0,14,35,4,8,10,11,19,10716.54,1279.76,937.06,501.92,1500.00,540.00,-1,10,0,100,40000.0,40000.0,0,10282.87,1521.44,1010.78
239.4333,0,3,1,0,0,2,0,6,10027.68,5672.46,805.08,4163.94,1500.00,390.00,14,10,1,100,40000.0,40000.0,0,10282.87,1521.44,1010.78
239.4333,0,4,21,5,8,7,0,0,8701.85,-456.41,731.93,2547.41,1500.00,240.00,-1,10,0,100,13200.0,40000.0,0,10282.87,1521.44,1010.78
239.4333,0,7,21,5,0,7,0,0,9465.01,4340.65,528.77,2974.75,1500.00,240.00,-1,10,0,100,40000.0,40000.0,0,10282.87,1521.44,1010.78
239.4333,0,14,35,4,8,10,11,19,10716.54,1279.76,937.06,501.92,1500.00,540.00,-1,10,0,100,40000.0,40000.0,0,10282.87,1521.44,1010.78
239.5667,0,3,1,0,0,2,0,6,10020.58,5657.01,805.03,4148.99,1500.00,390.00,14,10,1,100,40000.0,40000.0,0,10282.87,1521.44,1010.78
239.5667,0,4,21,5,8,7,0,0,8701.85,-456.41,731.93,2547.41,1500.00,240.00,-1,10,0,100,13200.0,40000.0,0,10282.87,1521.44,1010.78
239.5667,0,7,21,5,0,7,0,0,9465.01,4340.65,528.77,2974.75,1500.00,240.00,-1,10,0,100,40000.0,40000.0,0,10282.87,1521.44,1010.78
239.5667,0,14,35,4,8,10,11,19,10716.54,1279.76,937.06,501.92,1500.00,540.00,-1,10,0,100,40000.0,40000.0,0,10282.87,1521.44,1010.78
239.7167,0,3,1,0,0,2,0,6,10012.59,5639.64,804.97,4132.19,1500.00,390.00,14,10,1,100,40000.0,40000.0,0,10282.87,1521.44,1010.78
239.7167,0,4,21,5,8,7,0,0,8701.85,-456.41,731.93,2547.41,1500.00,240.00,-1,10,0,100,13200.0,40000.0,0,10282.87,1521.44,1010.78
239.7167,0,7,21,5,0,7,0,0,9465.01,4340.65,528.77,2974.75,1500.00,240.00,-1,10,0,100,40000.0,40000.0,0,10282.87,1521.44,1010.78
239.7167,0,14,35,4,8,10,11,19,10716.54,1279.76,937.06,501.92,1500.00,540.00,-1,10,0,100,40000.0,40000.0,0,10282.87,1521.44,1010.78
239.8333,0,3,1,0,0,2,0,6,10006.37,5626.12,804.92,4119.13,1500.00,390.00,14,10,1,100,40000.0,40000.0,0,10282.87,1521.44,1010.78
239.8333,0,4,21,5,8,7,0,0,8701.85,-456.41,731.93,2547.41,1500.00,240.00,-1,10,0,100,13200.0,40000.0,0,10282.87,1521.44,1010.78
239.8333,0,7,21,5,0,7,0,0,9465.01,4340.65,528.77,2974.75,1500.00,240.00,-1,10,0,100,40000.0,40000.0,0,10282.87,1521.44,1010.78
239.8333,0,14,35,4,8,10,11,19,10716.54,1279.76,937.06,501.92,1500.00,540.00,-1,10,0,100,40000.0,40000.0,0,10282.87,1521.44,1010.78
239.9667,0,3,1,0,0,2,0,6,9999.27,5610.68,804.87,4104.23,1500.00,390.00,14,10,1,100,40000.0,40000.0,0,10282.87,1521.44,1010.78
239.9667,0,4,21,5,8,7,0,0,8701.85,-456.41,731.93,2547.41,1500.00,240.00,-1,10,0,100,13200.0,40000.0,0,10282.87,1521.44,1010.78
239.9667,0,7,21,5,0,7,0,0,9465.01,4340.65,528.77,2974.75,1500.00,240.00,-1,10,0,100,40000.0,40000.0,0,10282.87,1521.44,1010.78
239.9667,0,14,35,4,8,10,11,19,10716.54,1279.76,937.06,501.92,1500.00,540.00,-1,10,0,100,40000.0,40000.0,0,10282.87,1521.44,1010.78
240.1167,0,3,1,0,0,2,0,6,9991.28,5593.30,804.82,4087.48,1500.00,390.00,14,10,1,100,40000.0,40000.0,0,10282.87,1521.44,1010.78
240.1167,0,4,21,5,8,7,0,0,8701.85,-456.41,731.93,2547.41,1500.00,240.00,-1,10,0,100,13200.0,40000.0,0,10282.87,1521.44,1010.78
240.1167,0,7,21,5,0,7,0,0,9465.01,4340.65,528.77,2974.75,1500.00,240.00,-1,10,0,100,40000.0,40000.0,0,10282.87,1521.44,1010.78
240.1167,0,14,35,4,8,10,11,19,10716.54,1279.76,937.06,501.92,1500.00,540.00,-1,10,0,100,40000.0,40000.0,0,10282.87,1521.44,1010.78
240.2500,0,3,1,0,0,2,0,6,9987.80,5577.72,804.05,4072.24,1500.00,390.00,14,10,1,100,40000.0,40000.0,0,10282.87,1521.44,1010.78
240.2500,0,4,21,5,8,7,0,0,8701.85,-456.41,731.93,2547.41,1500.00,240.00,-1,10,0,100,13200.0,40000.0,0,10282.87,1521.44,1010.78
240.2500,0,7,21,5,0,7,0,0,9465.01,4340.65,528.77,2974.75,1500.00,240.00,-1,10,0,100,40000.0,40000.0,0,10282.87,1521.44,1010.78
240.2500,0,14,35,4,8,10,11,19,10716.54,1279.76,937.06,501.92,1500.00,540.00,-1,10,0,100,40000.0,40000.0,0,10282.87,1521.44,1010.78
240.3833,0,3,1,0,0,2,0,6,9989.95,5560.97,802.08,4055.51,1500.00,390.00,14,10,1,100,40000.0,40000.0,0,10282.87,1521.44,1010.78
240.3833,0,4,21,5,8,7,0,0,8701.85,-456.41,731.93,2547.41,1500.00,240.00,-1,10,0,100,13200.0,40000.0,0,10282.87,1521.44,1010.78
240.3833,0,7,21,5,0,7,0,0,9465.01,4340.65,528.77,2974.75,1500.00,240.00,-1,10,0,100,40000.0,40000.0,0,10282.87,1521.44,1010.78
240.3833,0,14,35,4,8,10,11,19,10716.54,1279.76,937.06,501.92,1500.00,540.00,-1,10,0,100,40000.0,40000.0,0,10282.87,1521.44,1010.78
240.5167,0,3,1,0,0,2,0,6,9992.09,5544.22,800.12,4038.77,1500.00,390.00,14,10,1,100,40000.0,40000.0,0,10282.87,1521.44,1010.78
240.5167,0,4,21,5,8,7,0,0,8701.85,-456.41,731.93,2547.41,1500.00,240.00,-1,10,0,100,13200.0,40000.0,0,10282.87,1521.44,1010.78
240.5167,0,7,21,5,0,7,0,0,9465.01,4340.65,528.77,2974.75,1500.00,240.00,-1,10,0,100,40000.0,40000.0,0,10282.87,1521.44,1010.78
240.5167,0,14,35,4,8,10,11,19,10716.54,1279.76,937.06,501.92,1500.00,540.00,-1,10,0,100,40000.0,40000.0,0,10282.87,1521.44,1010.78
240.6500,0,3,1,0,0,2,0,6,9994.23,5527.47,798.15,4022.04,1500.00,390.00,14,10,1,100,40000.0,40000.0,0,10282.87,1521.44,1010.78
240.6500,0,4,21,5,8,7,0,0,8701.85,-456.41,731.93,2547.41,1500.00,240.00,-1,10,0,100,13200.0,40000.0,0,10282.87,1521.44,1010.78
240.6500,0,7,21,5,0,7,0,0,9465.01,4340.65,528.77,2974.75,1500.00,240.00,-1,10,0,100,40000.0,40000.0,0,10282.87,1521.44,1010.78
240.6500,0,14,35,4,8,10,11,19,10716.54,1279.76,937.06,501.92,1500.00,540.00,-1,10,0,100,40000.0,40000.0,0,10282.87,1521.44,1010.78
240.7833,0,3,1,0,0,2,0,6,9996.38,5510.72,796.18,4005.31,1500.00,390.00,14,10,1,100,40000.0,40000.0,0,10282.87,1521.44,1010.78
240.7833,0,4,21,5,8,7,0,0,8701.85,-456.41,731.93,2547.41,1500.00,240.00,-1,10,0,100,13200.0,40000.0,0,10282.87,1521.44,1010.78
240.7833,0,7,21,5,0,7,0,0,9465.01,4340.65,528.77,2974.75,1500.00,240.00,-1,10,0,100,40000.0,40000.0,0,10282.87,1521.44,1010.78
240.7833,0,14,35,4,8,10,11,19,10716.54,1279.76,937.06,501.92,1500.00,540.00,-1,10,0,100,40000.0,40000.0,0,10282.87,1521.44,1010.78
240.9167,0,3,1,0,0,2,0,6,9998.52,5493.97,794.22,3988.58,1500.00,390.00,14,10,1,100,40000.0,40000.0,0,10282.87,1521.44,1010.78
240.9167,0,4,21,5,8,7,0,0,8701.85,-456.41,731.93,2547.41,1500.00,240.00,-1,10,0,100,13200.0,40000.0,0,10282.87,1521.44,1010.78
240.9167,0,7,21,5,0,7,0,0,9465.01,4340.65,528.77,2974.75,1500.00,240.00,-1,10,0,100,40000.0,40000.0,0,10282.87,1521.44,1010.78
240.9167,0,14,35,4,8,10,11,19,10716.54,1279.76,937.06,501.92,1500.00,540.00,-1,10,0,100,40000.0,40000.0,0,10282.87,1521.44,1010.78
241.0500,0,3,1,0,0,2,0,6,10000.66,5477.22,792.25,3971.85,1500.00,390.00,14,10,1,100,40000.0,40000.0,0,10282.87,1521.44,1010.78
241.0500,0,4,21,5,8,7,0,0,8701.85,-456.41,731.93,2547.41,1500.00,240.00,-1,10,0,100,13200.0,40000.0,0,10282.87,1521.44,1010.78
241.0500,0,7,21,5,0,7,0,0,9465.01,4340.65,528.77,2974.75,1500.00,240.00,-1,10,0,100,40000.0,40000.0,0,10282.87,1521.44,1010.78
241.0500,0,14,35,4,8,10,11,19,10716.54,1279.76,937.06,501.92,1500.00,540.00,-1,10,0,100,40000.0,40000.0,0,10282.87,1521.44,1010.78
241.2333,0,3,1,0,0,2,0,6,10003.61,5454.19,789.55,3948.85,1500.00,390.00,14,10,1,100,40000.0,40000.0,0,10282.87,1521.44,1010.78
241.2333,0,4,21,5,8,7,0,0,8701.85,-456.41,731.93,2547.41,1500.00,240.00,-1,10,0,100,13200.0,40000.0,0,10282.87,1521.44,1010.78
241.2333,0,7,21,5,0,7,0,0,9465.01,4340.65,528.77,2974.75,1500.00,240.00,-1,10,0,100,40000.0,40000.0,0,10282.87,1521.44,1010.78
241.2333,0,14,35,4,8,10,11,19,10716.54,1279.76,937.06,501.92,1500.00,540.00,-1,10,0,100,40000.0,40000.0,0,10282.87,1521.44,1010.78
241.3667,0,3,1,0,0,2,0,6,10005.75,5437.44,787.58,3932.13,1500.00,390.00,14,10,1,100,40000.0,40000.0,0,10282.87,1521.44,1010.78
241.3667,0,4,21,5,8,7,0,0,8701.85,-456.41,731.93,2547.41,1500.00,240.00,-1,10,0,100,13200.0,40000.0,0,10282.87,1521.44,1010.78
241.3667,0,7,21,5,0,7,0,0,9465.01,4340.65,528.77,2974.75,1500.00,240.00,-1,10,0,100,40000.0,40000.0,0,10282.87,1521.44,1010.78
241.3667,0,14,35,4,8,10,11,19,10716.54,1279.76,937.06,501.92,1500.00,540.00,-1,10,0,100,40000.0,40000.0,0,10282.87,1521.44,1010.78
241.5000,0,3,1,0,0,2,0,6,10007.90,5420.69,785.62,3915.41,1500.00,390.00,14,10,1,100,40000.0,40000.0,0,10282.87,1521.44,1010.78
241.5000,0,4,21,5,8,7,0,0,8701.85,-456.41,731.93,2547.41,1500.00,240.00,-1,10,0,100,13200.0,40000.0,0,10282.87,1521.44,1010.78
241.5000,0,7,21,5,0,7,0,0,9465.01,4340.65,528.77,2974.75,1500.00,240.00,-1,10,0,100,40000.0,40000.0,0,10282.87,1521.44,1010.78
241.5000,0,14,35,4,8,10,11,19,10716.54,1279.76,937.06,501.92,1500.00,540.00,-1,10,0,100,40000.0,40000.0,0,10282.87,1521.44,1010.78
241.6333,0,3,1,0,0,2,0,6,10010.04,5403.94,783.65,3898.70,1500.00,390.00,14,10,1,100,40000.0,40000.0,0,10282.87,1521.44,1010.78
241.6333,0,4,21,5,8,7,0,0,8701.85,-456.41,731.93,2547.41,1500.00,240.00,-1,10,0,100,13200.0,40000.0,0,10282.87,1521.44,1010.78
241.6333,0,7,21,5,0,7,0,0,9465.01,4340.65,528.77,2974.75,1500.00,240.00,-1,10,0,100,40000.0,40000.0,0,10282.87,1521.44,1010.78
241.6333,0,14,35,4,8,10,11,19,10716.54,1279.76,937.06,501.92,1500.00,540.00,-1,10,0,100,40000.0,40000.0,0,10282.87,1521.44,1010.78
241.7833,0,3,1,0,0,2,0,6,10012.45,5385.10,781.44,3879.89,1500.00,390.00,14,10,1,100,40000.0,40000.0,0,10282.87,1521.44,1010.78
241.7833,0,4,21,5,8,7,0,0,8701.85,-456.41,731.93,2547.41,1500.00,240.00,-1,10,0,100,13200.0,40000.0,0,10282.87,1521.44,1010.78
241.7833,0,7,21,5,0,7,0,0,9465.01,4340.65,528.77,2974.75,1500.00,240.00,-1,10,0,100,40000.0,40000.0,0,10282.87,1521.44,1010.78
241.7833,0,14,35,4,8,10,11,19,10716.54,1279.76,937.06,501.92,1500.00,540.00,-1,10,0,100,40000.0,40000.0,0,10282.87,1521.44,1010.78
241.9167,0,3,1,0,0,2,0,6,10014.60,5368.35,779.47,3863.18,1500.00,390.00,14,10,1,100,40000.0,40000.0,0,10282.87,1521.44,1010.78
241.9167,0,4,21,5,8,7,0,0,8701.85,-456.41,731.93,2547.41,1500.00,240.00,-1,10,0,100,13200.0,40000.0,0,10282.87,1521.44,1010.78
241.9167,0,7,21,5,0,7,0,0,9465.01,4340.65,528.77,2974.75,1500.00,240.00,-1,10,0,100,40000.0,40000.0,0,10282.87,1521.44,1010.78
241.9167,0,14,35,4,8,10,11,19,10716.54,1279.76,937.06,501.92,1500.00,540.00,-1,10,0,100,40000.0,40000.0,0,10282.87,1521.44,1010.78
242.0500,0,3,1,0,0,2,0,6,10016.74,5351.60,777.51,3846.47,1500.00,390.00,14,10,1,100,40000.0,40000.0,0,10282.87,1521.44,1010.78
242.0500,0,4,21,5,8,7,0,0,8701.85,-456.41,731.93,2547.41,1500.00,240.00,-1,10,0,100,13200.0,40000.0,0,10282.87,1521.44,1010.78
242.0500,0,7,21,5,0,7,0,0,9465.01,4340.65,528.77,2974.75,1500.00,240.00,-1,10,0,100,40000.0,40000.0,0,10282.87,1521.44,1010.78
242.0500,0,14,35,4,8,10,11,19,10716.54,1279.76,937.06,501.92,1500.00,540.00,-1,10,0,100,40000.0,40000.0,0,10282.87,1521.44,1010.78
242.1833,0,3,1,0,0,2,0,6,10018.88,5334.85,775.54,3829.77,1500.00,390.00,14,10,1,100,40000.0,40000.0,0,10282.87,1521.44,1010.78
242.1833,0,4,21,5,8,7,0,0,8701.85,-456.41,731.93,2547.41,1500.00,240.00,-1,10,0,100,13200.0,40000.0,0,10282.87,1521.44,1010.78
242.1833,0,7,21,5,0,7,0,0,9465.01,4340.65,528.77,2974.75,1500.00,240.00,-1,10,0,100,40000.0,40000.0,0,10282.87,1521.44,1010.78
242.1833,0,14,35,4,8,10,11,19,10716.54,1279.76,937.06,501.92,1500.00,540.00,-1,10,0,100,40000.0,40000.0,0,10282.87,1521.44,1010.78
242.3167,0,3,1,0,0,2,0,6,10021.02,5318.10,773.58,3813.06,1500.00,390.00,14,10,1,100,40000.0,40000.0,0,10282.87,1521.44,1010.78
242.3167,0,4,21,5,8,7,0,0,8701.85,-456.41,731.93,2547.41,1500.00,240.00,-1,10,0,100,13200.0,40000.0,0,10282.87,1521.44,1010.78
242.3167,0,7,21,5,0,7,0,0,9465.01,4340.65,528.77,2974.75,1500.00,240.00,-1,10,0,100,40000.0,40000.0,0,10282.87,1521.44,1010.78
242.3167,0,14,35,4,8,10,11,19,10716.54,1279.76,937.06,501.92,1500.00,540.00,-1,10,0,100,40000.0,40000.0,0,10282.87,1521.44,1010.78
242.4500,0,3,1,0,0,2,0,6,10023.17,5301.35,771.61,3796.36,1500.00,390.00,14,10,1,100,40000.0,40000.0,0,10282.87,1521.44,1010.78
242.4500,0,4,21,5,8,7,0,0,8701.85,-456.41,731.93,2547.41,1500.00,240.00,-1,10,0,100,13200.0,40000.0,0,10282.87,1521.44,1010.78
242.4500,0,7,21,5,0,7,0,0,9465.01,4340.65,528.77,2974.75,1500.00,240.00,-1,10,0,100,40000.0,40000.0,0,10282.87,1521.44,1010.78
242.4500,0,14,35,4,8,10,11,19,10716.54,1279.76,937.06,501.92,1500.00,540.00,-1,10,0,100,40000.0,40000.0,0,10282.87,1521.44,1010.78
242.5833,0,3,1,0,0,2,0,6,10025.31,5284.60,769.64,3779.66,1500.00,390.00,14,10,1,100,40000.0,40000.0,0,10282.87,1521.44,1010.78
242.5833,0,4,21,5,8,7,0,0,8701.85,-456.41,731.93,2547.41,1500.00,240.00,-1,10,0,100,13200.0,40000.0,0,10282.87,1521.44,1010.78
242.5833,0,7,21,5,0,7,0,0,9465.01,4340.65,528.77,2974.75,1500.00,240.00,-1,10,0,100,40000.0,40000.0,0,10282.87,1521.44,1010.78
242.5833,0,14,35,4,8,10,11,19,10716.54,1279.76,937.06,501.92,1500.00,540.00,-1,10,0,100,40000.0,40000.0,0,10282.87,1521.44,1010.78
242.7167,0,3,1,0,0,2,0,6,10027.45,5267.85,767.68,3762.97,1500.00,390.00,14,10,1,100,40000.0,40000.0,0,10282.87,1521.44,1010.78
242.7167,0,4,21,5,8,7,0,0,8701.85,-456.41,731.93,2547.41,1500.00,240.00,-1,10,0,100,13200.0,40000.0,0,10282.87,1521.44,1010.78
242.7167,0,7,21,5,0,7,0,0,9465.01,4340.65,528.77,2974.75,1500.00,240.00,-1,10,0,100,40000.0,40000.0,0,10282.87,1521.44,1010.78
242.7167,0,14,35,4,8,10,11,19,10716.54,1279.76,937.06,501.92,1500.00,540.00,-1,10,0,100,40000.0,40000.0,0,10282.87,1521.44,1010.78
242.8500,0,3,1,0,0,2,0,6,10029.60,5251.10,765.71,3746.28,1500.00,390.00,14,10,1,100,40000.0,40000.0,0,10282.87,1521.44,1010.78
242.8500,0,4,21,5,8,7,0,0,8701.85,-456.41,731.93,2547.41,1500.00,240.00,-1,10,0,100,13200.0,40000.0,0,10282.87,1521.44,1010.78
242.8500,0,7,21,5,0,7,0,0,9465.01,4340.65,528.77,2974.75,1500.00,240.00,-1,10,0,100,40000.0,40000.0,0,10282.87,1521.44,1010.78
242.8500,0,14,35,4,8,10,11,19,10716.54,1279.76,937.06,501.92,1500.00,540.00,-1,10,0,100,40000.0,40000.0,0,10282.87,1521.44,1010.78
242.9833,0,3,1,0,0,2,0,6,10031.74,5234.35,763.75,3729.59,1500.00,390.00,14,10,1,100,40000.0,40000.0,0,10282.87,1521.44,1010.78
242.9833,0,4,21,5,8,7,0,0,8701.85,-456.41,731.93,2547.41,1500.00,240.00,-1,10,0,100,13200.0,40000.0,0,10282.87,1521.44,1010.78
242.9833,0,7,21,5,0,7,0,0,9465.01,4340.65,528.77,2974.75,1500.00,240.00,-1,10,0,100,40000.0,40000.0,0,10282.87,1521.44,1010.78
242.9833,0,14,35,4,8,10,11,19,10716.54,1279.76,937.06,501.92,1500.00,540.00,-1,10,0,100,40000.0,40000.0,0,10282.87,1521.44,1010.78
243.1167,0,3,1,0,0,2,0,6,10033.88,5217.60,761.78,3712.90,1500.00,390.00,14,10,1,100,40000.0,40000.0,0,10282.87,1521.44,1010.78
243.1167,0,4,21,5,8,7,0,0,8701.85,-456.41,731.93,2547.41,1500.00,240.00,-1,10,0,100,13200.0,40000.0,0,10282.87,1521.44,1010.78
243.1167,0,7,21,5,0,7,0,0,9465.01,4340.65,528.77,2974.75,1500.00,240.00,-1,10,0,100,40000.0,40000.0,0,10282.87,1521.44,1010.78
243.1167,0,14,35,4,8,10,11,19,10716.54,1279.76,937.06,501.92,1500.00,540.00,-1,10,0,100,40000.0,40000.0,0,10282.87,1521.44,1010.78
243.2500,0,3,1,0,0,2,0,6,10036.03,5200.86,759.82,3696.22,1500.00,390.00,14,10,1,100,40000.0,40000.0,0,10282.87,1521.44,1010.78
243.2500,0,4,21,5,8,7,0,0,8701.85,-456.41,731.93,2547.41,1500.00,240.00,-1,10,0,100,13200.0,40000.0,0,10282.87,1521.44,1010.78
243.2500,0,7,21,5,0,7,0,0,9465.01,4340.65,528.77,2974.75,1500.00,240.00,-1,10,0,100,40000.0,40000.0,0,10282.87,1521.44,1010.78
243.2500,0,14,35,4,8,10,10,19,10712.17,1278.70,937.01,498.67,1500.00,540.00,-1,10,1,100,40000.0,40000.0,0,10282.87,1521.44,1010.78
243.3833,0,3,1,0,0,2,0,6,10040.02,5184.35,759.02,3679.57,1500.00,390.00,14,10,1,100,40000.0,40000.0,0,10282.87,1521.44,1010.78
243.3833,0,4,21,5,8,7,0,0,8701.85,-456.41,731.93,2547.41,1500.00,240.00,-1,10,0,100,13200.0,40000.0,0,10282.87,1521.44,1010.78
243.3833,0,7,21,5,0,7,0,0,9465.01,4340.65,528.77,2974.75,1500.00,240.00,-1,10,0,100,40000.0,40000.0,0,10282.87,1521.44,1010.78
243.3833,0,14,35,4,8,10,10,19,10700.51,1275.87,936.87,490.10,1500.00,540.00,-1,10,1,100,40000.0,40000.0,0,10282.87,1521.44,1010.78
243.5167,0,3,1,0,0,2,0,6,10044.00,5167.84,758.22,3662.93,1500.00,390.00,14,10,1,100,40000.0,40000.0,0,10282.87,1521.44,1010.78
243.5167,0,4,21,5,8,7,0,0,8701.85,-456.41,731.93,2547.41,1500.00,240.00,-1,10,0,100,13200.0,40000.0,0,10282.87,1521.44,1010.78
243.5167,0,7,21,5,0,7,0,0,9465.01,4340.65,528.77,2974.75,1500.00,240.00,-1,10,0,100,40000.0,40000.0,0,10282.87,1521.44,1010.78
243.5167,0,14,35,4,8,10,10,19,10688.85,1273.04,936.74,481.67,1500.00,540.00,-1,10,1,100,40000.0,40000.0,0,10282.87,1521.44,1010.78
243.6500,0,3,1,0,0,2,0,6,10047.99,5151.34,757.42,3646.30,1500.00,390.00,14,10,1,100,40000.0,40000.0,0,10282.87,1521.44,1010.78
243.6500,0,4,21,5,8,7,0,0,8701.85,-456.41,731.93,2547.41,1500.00,240.00,-1,10,0,100,13200.0,40000.0,0,10282.87,1521.44,1010.78
243.6500,0,7,21,5,0,7,0,0,9465.01,4340.65,528.77,2974.75,1500.00,240.00,-1,10,0,100,40000.0,40000.0,0,10282.87,1521.44,1010.78
243.6500,0,14,35,4,8,10,10,19,10677.19,1270.22,936.60,473.40,1500.00,540.00,-1,10,1,100,40000.0,40000.0,0,10282.87,1521.44,1010.78
243.8333,0,3,1,0,0,2,0,6,10053.48,5128.64,756.33,3623.43,1500.00,390.00,14,10,1,100,40000.0,40000.0,0,10282.87,1521.44,1010.78
243.8333,0,4,21,5,8,7,0,0,8701.85,-456.41,731.93,2547.41,1500.00,240.00,-1,10,0,100,13200.0,40000.0,0,10282.87,1521.44,1010.78
243.8333,0,7,21,5,0,7,0,0,9465.01,4340.65,528.77,2974.75,1500.00,240.00,-1,10,0,100,40000.0,40000.0,0,10282.87,1521.44,1010.78
243.8333,0,14,35,4,8,10,10,19,10661.15,1266.33,936.41,462.29,1500.00,540.00,-1,10,1,100,40000.0,40000.0,0,10282.87,1521.44,1010.78
243.9667,0,3,1,0,0,2,0,6,10057.46,5112.13,755.53,3606.80,1500.00,390.00,14,10,1,100,40000.0,40000.0,0,10282.87,1521.44,1010.78
243.9667,0,4,21,5,8,7,0,0,8701.85,-456.41,731.93,2547.41,1500.00,240.00,-1,10,0,100,13200.0,40000.0,0,10282.87,1521.44,1010.78
243.9667,0,7,21,5,0,7,0,0,9465.01,4340.65,528.77,2974.75,1500.00,240.00,-1,10,0,100,40000.0,40000.0,0,10282.87,1521.44,1010.78
243.9667,0,14,35,4,8,10,10,19,10649.49,1263.50,936.28,454.42,1500.00,540.00,-1,10,1,100,40000.0,40000.0,0,10282.87,1521.44,1010.78
244.1000,0,3,1,0,0,2,0,6,10061.45,5095.63,754.73,3590.18,1500.00,390.00,14,10,1,100,40000.0,40000.0,0,10282.87,1521.44,1010.78
244.1000,0,4,21,5,8,7,0,0,8701.85,-456.41,731.93,2547.41,1500.00,240.00,-1,10,0,100,13200.0,40000.0,0,10282.87,1521.44,1010.78
244.1000,0,7,21,5,0,7,0,0,9465.01,4340.65,528.77,2974.75,1500.00,240.00,-1,10,0,100,40000.0,40000.0,0,10282.87,1521.44,1010.78
244.1000,0,14,35,4,8,10,10,19,10637.83,1260.68,936.14,446.73,1500.00,540.00,-1,10,1,100,40000.0,40000.0,0,10282.87,1521.44,1010.78
244.2333,0,3,1,0,0,2,0,6,10065.44,5079.12,753.93,3573.56,1500.00,390.00,14,10,1,100,40000.0,40000.0,0,10282.87,1521.44,1010.78
244.2333,0,4,21,5,8,7,0,0,8701.85,-456.41,731.93,2547.41,1500.00,240.00,-1,10,0,100,13200.0,40000.0,0,10282.87,1521.44,1010.78
244.2333,0,7,21,5,0,7,0,0,9465.01,4340.65,528.77,2974.75,1500.00,240.00,-1,10,0,100,40000.0,40000.0,0,10282.87,1521.44,1010.78
244.2333,0,14,35,4,8,10,10,19,10626.17,1257.85,936.00,439.24,1500.00,540.00,-1,10,1,100,40000.0,40000.0,0,10282.87,1521.44,1010.78
244.3667,0,3,1,0,0,2,0,6,10069.43,5062.61,753.14,3556.94,1500.00,390.00,14,10,1,100,40000.0,40000.0,0,10282.87,1521.44,1010.78
244.3667,0,4,21,5,8,7,0,0,8701.85,-456.41,731.93,2547.41,1500.00,240.00,-1,10,0,100,13200.0,40000.0,0,10282.87,1521.44,1010.78
244.3667,0,7,21,5,0,7,0,0,9465.01,4340.65,528.77,2974.75,1500.00,240.00,-1,10,0,100,40000.0,40000.0,0,10282.87,1521.44,1010.78
244.3667,0,14,35,4,8,10,10,19,10614.51,1255.02,935.86,431.95,1500.00,540.00,-1,10,1,100,40000.0,40000.0,0,10282.87,1521.44,1010.78
244.5167,0,3,1,0,0,2,0,6,10073.92,5044.05,752.24,3538.25,1500.00,390.00,14,10,1,100,40000.0,40000.0,0,10282.87,1521.44,1010.78
244.5167,0,4,21,5,8,7,0,0,8701.85,-456.41,731.93,2547.41,1500.00,240.00,-1,10,0,100,13200.0,40000.0,0,10282.87,1521.44,1010.78
244.5167,0,7,21,5,0,7,0,0,9465.01,4340.65,528.77,2974.75,1500.00,240.00,-1,10,0,100,40000.0,40000.0,0,10282.87,1521.44,1010.78
244.5167,0,14,35,4,8,10,10,19,10601.39,1251.84,935.71,424.00,1500.00,540.00,-1,10,1,100,40000.0,40000.0,0,10282.87,1521.44,1010.78
244.6500,0,3,1,0,0,2,0,6,10077.90,5027.54,751.44,3521.65,1500.00,390.00,14,10,1,100,40000.0,40000.0,0,10282.87,1521.44,1010.78
244.6500,0,4,21,5,8,7,0,0,8701.85,-456.41,731.93,2547.41,1500.00,240.00,-1,10,0,100,13200.0,40000.0,0,10282.87,1521.44,1010.78
244.6500,0,7,21,5,0,7,0,0,9465.01,4340.65,528.77,2974.75,1500.00,240.00,-1,10,0,100,40000.0,40000.0,0,10282.87,1521.44,1010.78
244.6500,0,14,35,4,8,10,10,19,10589.73,1249.02,935.57,417.17,1500.00,540.00,-1,10,1,100,40000.0,40000.0,0,10282.87,1521.44,1010.78
244.7833,0,3,1,0,0,2,0,6,10081.89,5011.03,750.65,3505.04,1500.00,390.00,14,10,1,100,40000.0,40000.0,0,10282.87,1521.44,1010.78
244.7833,0,4,21,5,8,7,0,0,8701.85,-456.41,731.93,2547.41,1500.00,240.00,-1,10,0,100,13200.0,40000.0,0,10282.87,1521.44,1010.78
244.7833,0,7,21,5,0,7,0,0,9465.01,4340.65,528.77,2974.75,1500.00,240.00,-1,10,0,100,40000.0,40000.0,0,10282.87,1521.44,1010.78
244.7833,0,14,35,4,8,10,10,19,10578.06,1246.19,935.44,410.59,1500.00,540.00,-1,10,1,100,40000.0,40000.0,0,10282.87,1521.44,1010.78
244.9167,0,3,1,0,0,2,0,6,10085.88,4994.53,749.85,3488.44,1500.00,390.00,14,10,1,100,40000.0,40000.0,0,10282.87,1521.44,1010.78
244.9167,0,4,21,5,8,7,0,0,8701.85,-456.41,731.93,2547.41,1500.00,240.00,-1,10,0,100,13200.0,40000.0,0,10282.87,1521.44,1010.78
244.9167,0,7,21,5,0,7,0,0,9465.01,4340.65,528.77,2974.75,1500.00,240.00,-1,10,0,100,40000.0,40000.0,0,10282.87,1521.44,1010.78
244.9167,0,14,35,4,8,10,10,19,10566.40,1243.36,935.30,404.25,1500.00,540.00,-1,10,1,100,40000.0,40000.0,0,10282.87,1521.44,1010.78
245.0500,0,3,1,0,0,2,0,6,10089.87,4978.02,749.05,3471.84,1500.00,390.00,14,10,1,100,40000.0,40000.0,0,10282.87,1521.44,1010.78
245.0500,0,4,21,5,8,7,0,0,8701.85,-456.41,731.93,2547.41,1500.00,240.00,-1,10,0,100,13200.0,40000.0,0,10282.87,1521.44,1010.78
245.0500,0,7,21,5,0,7,0,0,9465.01,4340.65,528.77,2974.75,1500.00,240.00,-1,10,0,100,40000.0,40000.0,0,10282.87,1521.44,1010.78
245.0500,0,14,35,4,8,10,10,19,10554.74,1240.54,935.16,398.17,1500.00,540.00,-1,10,1,100,40000.0,40000.0,0,10282.87,1521.44,1010.78
245.1833,0,3,1,0,0,2,0,6,10093.86,4961.51,748.25,3455.25,1500.00,390.00,14,10,1,100,40000.0,40000.0,0,10282.87,1521.44,1010.78
245.1833,0,4,21,5,8,7,0,0,8701.85,-456.41,731.93,2547.41,1500.00,240.00,-1,10,0,100,13200.0,40000.0,0,10282.87,1521.44,1010.78
245.1833,0,7,21,5,0,7,0,0,9465.01,4340.65,528.77,2974.75,1500.00,240.00,-1,10,0,100,40000.0,40000.0,0,10282.87,1521.44,1010.78
245.1833,0,14,35,4,8,10,10,19,10543.08,1237.71,935.03,392.37,1500.00,540.00,-1,10,1,100,40000.0,40000.0,0,10282.87,1521.44,1010.78
245.3167,0,3,1,0,0,2,0,6,10097.84,4945.01,747.46,3438.66,1500.00,390.00,14,10,1,100,40000.0,40000.0,0,10282.87,1521.44,1010.78
245.3167,0,4,21,5,8,7,0,0,8701.85,-456.41,731.93,2547.41,1500.00,240.00,-1,10,0,100,13200.0,40000.0,0,10282.87,1521.44,1010.78
245.3167,0,7,21,5,0,7,0,0,9465.01,4340.65,528.77,2974.75,1500.00,240.00,-1,10,0,100,40000.0,40000.0,0,10282.87,1521.44,1010.78
245.3167,0,14,35,4,8,10,10,19,10531.42,1234.88,934.89,386.85,1500.00,540.00,-1,10,1,100,40000.0,40000.0,0,10282.87,1521.44,1010.78
245.4500,0,3,1,0,0,2,0,6,10101.83,4928.50,746.66,3422.07,1500.00,390.00,14,10,1,100,40000.0,40000.0,0,10282.87,1521.44,1010.78
245.4500,0,4,21,5,8,7,0,0,8701.85,-456.41,731.93,2547.41,1500.00,240.00,-1,10,0,100,13200.0,40000.0,0,10282.87,1521.44,1010.78
245.4500,0,7,21,5,0,7,0,0,9465.01,4340.65,528.77,2974.75,1500.00,240.00,-1,10,0,100,40000.0,40000.0,0,10282.87,1521.44,1010.78
245.4500,0,14,35,4,8,10,10,19,10519.76,1232.06,934.75,381.63,1500.00,540.00,-1,10,1,100,40000.0,40000.0,0,10282.87,1521.44,1010.78
245.5833,0,3,1,0,0,2,0,6,10105.82,4911.99,745.86,3405.49,1500.00,390.00,14,10,1,100,40000.0,40000.0,0,10282.87,1521.44,1010.78
245.5833,0,4,21,5,8,7,0,0,8701.85,-456.41,731.93,2547.41,1500.00,240.00,-1,10,0,100,13200.0,40000.0,0,10282.87,1521.44,1010.78
245.5833,0,7,21,5,0,7,0,0,9465.01,4340.65,528.77,2974.75,1500.00,240.00,-1,10,0,100,40000.0,40000.0,0,10282.87,1521.44,1010.78
245.5833,0,14,35,4,8,10,10,19,10508.09,1229.23,934.61,376.72,1500.00,540.00,-1,10,1,100,40000.0,40000.0,0,10282.87,1521.44,1010.78
245.7167,0,3,1,0,0,2,0,6,10109.81,4895.49,745.06,3388.92,1500.00,390.00,14,10,1,100,40000.0,40000.0,0,10282.87,1521.44,1010.78
245.7167,0,4,21,5,8,7,0,0,8701.85,-456.41,731.93,2547.41,1500.00,240.00,-1,10,0,100,13200.0,40000.0,0,10282.87,1521.44,1010.78
245.7167,0,7,21,5,0,7,0,0,9465.01,4340.65,528.77,2974.75,1500.00,240.00,-1,10,0,100,40000.0,40000.0,0,10282.87,1521.44,1010.78
245.7167,0,14,35,4,8,10,10,19,10496.43,1226.40,934.48,372.13,1500.00,540.00,-1,10,1,100,40000.0,40000.0,0,10282.87,1521.44,1010.78
245.8500,0,3,1,0,0,2,0,6,10113.80,4878.98,744.27,3372.34,1500.00,390.00,14,10,1,100,40000.0,40000.0,0,10282.87,1521.44,1010.78
245.8500,0,4,21,5,8,7,0,0,8701.85,-456.41,731.93,2547.41,1500.00,240.00,-1,10,0,100,13200.0,40000.0,0,10282.87,1521.44,1010.78
245.8500,0,7,21,5,0,7,0,0,9465.01,4340.65,528.77,2974.75,1500.00,240.00,-1,10,0,100,40000.0,40000.0,0,10282.87,1521.44,1010.78
245.8500,0,14,35,4,8,10,10,19,10484.77,1223.58,934.34,367.88,1500.00,540.00,-1,10,1,100,40000.0,40000.0,0,10282.87,1521.44,1010.78
245.9833,0,3,1,0,0,2,0,6,10117.78,4862.48,743.47,3355.77,1500.00,390.00,14,10,1,100,40000.0,40000.0,0,10282.87,1521.44,1010.78
245.9833,0,4,21,5,8,7,0,0,8701.85,-456.41,731.93,2547.41,1500.00,240.00,-1,10,0,100,13200.0,40000.0,0,10282.87,1521.44,1010.78
245.9833,0,7,21,5,0,7,0,0,9465.01,4340.65,528.77,2974.75,1500.00,240.00,-1,10,0,100,40000.0,40000.0,0,10282.87,1521.44,1010.78
245.9833,0,14,35,4,8,10,10,19,10473.11,1220.75,934.20,363.97,1500.00,540.00,-1,10,1,100,40000.0,40000.0,0,10282.87,1521.44,1010.78
246.1167,0,3,1,0,0,2,0,6,10121.77,4845.97,742.67,3339.21,1500.00,390.00,14,10,1,100,40000.0,40000.0,0,10282.87,1521.44,1010.78
246.1167,0,4,21,5,8,7,0,0,8701.85,-456.41,731.93,2547.41,1500.00,240.00,-1,10,0,100,13200.0,40000.0,0,10282.87,1521.44,1010.78
246.1167,0,7,21,5,0,7,0,0,9465.01,4340.65,528.77,2974.75,1500.00,240.00,-1,10,0,100,40000.0,40000.0,0,10282.87,1521.44,1010.78
246.1167,0,14,35,4,8,10,10,19,10461.45,1217.92,934.07,360.42,1500.00,540.00,-1,10,1,100,40000.0,40000.0,0,10282.87,1521.44,1010.78
246.2500,0,3,1,0,0,2,0,6,10125.76,4829.46,741.88,3322.65,1500.00,390.00,14,10,1,100,40000.0,40000.0,0,10282.87,1521.44,1010.78
246.2500,0,4,21,5,8,7,0,0,8701.85,-456.41,731.93,2547.41,1500.00,240.00,-1,10,0,100,13200.0,40000.0,0,10282.87,1521.44,1010.78
246.2500,0,7,21,5,0,7,0,0,9465.01,4340.65,528.77,2974.75,1500.00,240.00,-1,10,0,100,40000.0,40000.0,0,10282.87,1521.44,1010.78
246.2500,0,14,35,4,8,10,10,19,10449.79,1215.10,933.93,357.23,1500.00,540.00,-1,10,1,100,40000.0,40000.0,0,10282.87,1521.44,1010.78
246.3833,0,3,1,0,0,2,0,6,10129.75,4812.96,741.08,3306.09,1500.00,390.00,14,10,1,100,40000.0,40000.0,0,10282.87,1521.44,1010.78
246.3833,0,4,21,5,8,7,0,0,8701.85,-456.41,731.93,2547.41,1500.00,240.00,-1,10,0,100,13200.0,40000.0,0,10282.87,1521.44,1010.78
246.3833,0,7,21,5,0,7,0,0,9465.01,4340.65,528.77,2974.75,1500.00,240.00,-1,10,0,100,40000.0,40000.0,0,10282.87,1521.44,1010.78
246.3833,0,14,35,4,8,10,10,19,10438.13,1212.27,933.79,354.43,1500.00,540.00,-1,10,1,100,40000.0,40000.0,0,10282.87,1521.44,1010.78
246.5167,0,3,1,0,0,2,0,6,10133.74,4796.45,740.28,3289.54,1500.00,390.00,14,10,1,100,40000.0,40000.0,0,10282.87,1521.44,1010.78
246.5167,0,4,21,5,8,7,0,0,8701.85,-456.41,731.93,2547.41,1500.00,240.00,-1,10,0,100,13200.0,40000.0,0,10282.87,1521.44,1010.78
246.5167,0,7,21,5,0,7,0,0,9465.01,4340.65,528.77,2974.75,1500.00,240.00,-1,10,0,100,40000.0,40000.0,0,10282.87,1521.44,1010.78
246.5167,0,14,35,4,8,10,10,19,10426.46,1209.44,933.66,352.01,1500.00,540.00,-1,10,1,100,40000.0,40000.0,0,10282.87,1521.44,1010.78
246.6500,0,3,1,0,0,2,0,6,10137.72,4779.94,739.48,3273.00,1500.00,390.00,14,10,1,100,40000.0,40000.0,0,10282.87,1521.44,1010.78
246.6500,0,4,21,5,8,7,0,0,8701.85,-456.41,731.93,2547.41,1500.00,240.00,-1,10,0,100,13200.0,40000.0,0,10282.87,1521.44,1010.78
246.6500,0,7,21,5,0,7,0,0,9465.01,4340.65,528.77,2974.75,1500.00,240.00,-1,10,0,100,40000.0,40000.0,0,10282.87,1521.44,1010.78
246.6500,0,14,35,4,8,10,10,19,10414.80,1206.62,933.52,349.99,1500.00,540.00,-1,10,1,100,40000.0,40000.0,0,10282.87,1521.44,1010.78
246.7833,0,3,1,0,0,2,0,6,10141.71,4763.44,738.69,3256.46,1500.00,390.00,14,10,1,100,40000.0,40000.0,0,10282.87,1521.44,1010.78
246.7833,0,4,21,5,8,7,0,0,8701.85,-456.41,731.93,2547.41,1500.00,240.00,-1,10,0,100,13200.0,40000.0,0,10282.87,1521.44,1010.78
246.7833,0,7,21,5,0,7,0,0,9465.01,4340.65,528.77,2974.75,1500.00,240.00,-1,10,0,100,40000.0,40000.0,0,10282.87,1521.44,1010.78
246.7833,0,14,35,4,8,10,10,19,10403.14,1203.79,933.38,348.37,1500.00,540.00,-1,10,1,100,40000.0,40000.0,0,10282.87,1521.44,1010.78
246.9167,0,3,1,0,0,2,0,6,10145.70,4746.93,737.89,3239.92,1500.00,390.00,14,10,1,100,40000.0,40000.0,0,10282.87,1521.44,1010.78
246.9167,0,4,21,5,8,7,0,0,8701.85,-456.41,731.93,2547.41,1500.00,240.00,-1,10,0,100,13200.0,40000.0,0,10282.87,1521.44,1010.78
246.9167,0,7,21,5,0,7,0,0,9465.01,4340.65,528.77,2974.75,1500.00,240.00,-1,10,0,100,40000.0,40000.0,0,10282.87,1521.44,1010.78
246.9167,0,14,35,4,8,10,10,19,10391.48,1200.96,933.25,347.15,1500.00,540.00,-1,10,1,100,40000.0,40000.0,0,10282.87,1521.44,1010.78
247.0500,0,3,1,0,0,2,0,6,10149.69,4730.42,737.09,3223.39,1500.00,390.00,14,10,1,100,40000.0,40000.0,0,10282.87,1521.44,1010.78
247.0500,0,4,21,5,8,7,0,0,8701.85,-456.41,731.93,2547.41,1500.00,240.00,-1,10,0,100,13200.0,40000.0,0,10282.87,1521.44,1010.78
247.0500,0,7,21,5,0,7,0,0,9465.01,4340.65,528.77,2974.75,1500.00,240.00,-1,10,0,100,40000.0,40000.0,0,10282.87,1521.44,1010.78
247.0500,0,14,35,4,8,10,10,19,10379.82,1198.14,933.11,346.35,1500.00,540.00,-1,10,1,100,40000.0,40000.0,0,10282.87,1521.44,1010.78
247.1833,0,3,1,0,0,2,0,6,10151.62,4714.45,735.58,3207.53,1500.00,390.00,14,10,1,100,40000.0,40000.0,0,10282.87,1521.44,1010.78
247.1833,0,4,21,5,8,7,0,0,8701.85,-456.41,731.93,2547.41,1500.00,240.00,-1,10,0,100,13200.0,40000.0,0,10282.87,1521.44,1010.78
247.1833,0,7,21,5,0,7,0,0,9465.01,4340.65,528.77,2974.75,1500.00,240.00,-1,10,0,100,40000.0,40000.0,0,10282.87,1521.44,1010.78
247.1833,0,14,35,4,8,10,10,19,10368.16,1195.31,932.97,345.96,1500.00,540.00,-1,10,1,100,40000.0,40000.0,0,10282.87,1521.44,1010.78
247.3167,0,3,1,0,0,2,0,6,10152.60,4697.60,733.59,3190.89,1500.00,390.00,14,10,1,100,40000.0,40000.0,0,10282.87,1521.44,1010.78
247.3167,0,4,21,5,8,7,0,0,8701.85,-456.41,731.93,2547.41,1500.00,240.00,-1,10,0,100,13200.0,40000.0,0,10282.87,1521.44,1010.78
247.3167,0,7,21,5,0,7,0,0,9465.01,4340.65,528.77,2974.75,1500.00,240.00,-1,10,0,100,40000.0,40000.0,0,10282.87,1521.44,1010.78
247.3167,0,14,35,4,8,10,10,19,10356.49,1192.48,932.83,345.99,1500.00,540.00,-1,10,1,100,40000.0,40000.0,0,10282.87,1521.44,1010.78
247.4500,0,3,1,0,0,2,0,6,10153.59,4680.74,731.60,3174.25,1500.00,390.00,14,10,1,100,40000.0,40000.0,0,10282.87,1521.44,1010.78
247.4500,0,4,21,5,8,7,0,0,8701.85,-456.41,731.93,2547.41,1500.00,240.00,-1,10,0,100,13200.0,40000.0,0,10282.87,1521.44,1010.78
247.4500,0,7,21,5,0,7,0,0,9465.01,4340.65,528.77,2974.75,1500.00,240.00,-1,10,0,100,40000.0,40000.0,0,10282.87,1521.44,1010.78
247.4500,0,14,35,4,8,10,10,19,10344.83,1189.66,932.70,346.44,1500.00,540.00,-1,10,1,100,40000.0,40000.0,0,10282.87,1521.44,1010.78
247.5833,0,3,1,0,0,2,0,6,10154.58,4663.89,729.61,3157.61,1500.00,390.00,14,10,1,100,40000.0,40000.0,0,10282.87,1521.44,1010.78
247.5833,0,4,21,5,8,7,0,0,8701.85,-456.41,731.93,2547.41,1500.00,240.00,-1,10,0,100,13200.0,40000.0,0,10282.87,1521.44,1010.78
247.5833,0,7,21,5,0,7,0,0,9465.01,4340.65,528.77,2974.75,1500.00,240.00,-1,10,0,100,40000.0,40000.0,0,10282.87,1521.44,1010.78
247.5833,0,14,35,4,8,10,10,19,10333.17,1186.83,932.56,347.29,1500.00,540.00,-1,10,1,100,40000.0,40000.0,0,10282.87,1521.44,1010.78
247.7167,0,3,1,0,0,2,0,6,10155.56,4647.03,727.62,3140.97,1500.00,390.00,14,10,1,100,40000.0,40000.0,0,10282.87,1521.44,1010.78
247.7167,0,4,21,5,8,7,0,0,8701.85,-456.41,731.93,2547.41,1500.00,240.00,-1,10,0,100,13200.0,40000.0,0,10282.87,1521.44,1010.78
247.7167,0,7,21,5,0,7,0,0,9465.01,4340.65,528.77,2974.75,1500.00,240.00,-1,10,0,100,40000.0,40000.0,0,10282.87,1521.44,1010.78
247.7167,0,14,35,4,8,10,10,19,10321.51,1184.00,932.42,348.56,1500.00,540.00,-1,10,1,100,40000.0,40000.0,0,10282.87,1521.44,1010.78
247.8500,0,3,1,0,0,2,0,6,10156.55,4630.18,725.63,3124.34,1500.00,390.00,14,10,1,100,40000.0,40000.0,0,10282.87,1521.44,1010.78
247.8500,0,4,21,5,8,7,0,0,8701.85,-456.41,731.93,2547.41,1500.00,240.00,-1,10,0,100,13200.0,40000.0,0,10282.87,1521.44,1010.78
247.8500,0,7,21,5,0,7,0,0,9465.01,4340.65,528.77,2974.75,1500.00,240.00,-1,10,0,100,40000.0,40000.0,0,10282.87,1521.44,1010.78
247.8500,0,14,35,4,8,10,10,19,10309.85,1181.18,932.29,350.24,1500.00,540.00,-1,10,1,100,40000.0,40000.0,0,10282.87,1521.44,1010.78
247.9833,0,3,1,0,0,2,0,6,10157.53,4613.33,723.64,3107.72,1500.00,390.00,14,10,1,100,40000.0,40000.0,0,10282.87,1521.44,1010.78
247.9833,0,4,21,5,8,7,0,0,8701.85,-456.41,731.93,2547.41,1500.00,240.00,-1,10,0,100,13200.0,40000.0,0,10282.87,1521.44,1010.78
247.9833,0,7,21,5,0,7,0,0,9465.01,4340.65,528.77,2974.75,1500.00,240.00,-1,10,0,100,40000.0,40000.0,0,10282.87,1521.44,1010.78
247.9833,0,14,35,4,8,10,10,19,10298.19,1178.35,932.15,352.32,1500.00,540.00,-1,10,1,100,40000.0,40000.0,0,10282.87,1521.44,1010.78
248.1167,0,3,1,0,0,2,0,6,10158.52,4596.47,721.65,3091.10,1500.00,390.00,14,10,1,100,40000.0,40000.0,0,10282.87,1521.44,1010.78
248.1167,0,4,21,5,8,7,0,0,8701.85,-456.41,731.93,2547.41,1500.00,240.00,-1,10,0,100,13200.0,40000.0,0,10282.87,1521.44,1010.78
248.1167,0,7,21,5,0,7,0,0,9465.01,4340.65,528.77,2974.75,1500.00,240.00,-1,10,0,100,40000.0,40000.0,0,10282.87,1521.44,1010.78
248.1167,0,14,35,4,8,10,10,19,10286.53,1175.52,932.01,354.79,1500.00,540.00,-1,10,1,100,40000.0,40000.0,0,10282.87,1521.44,1010.78
248.2500,0,3,1,0,0,2,0,6,10159.51,4579.62,719.66,3074.48,1500.00,390.00,14,10,1,100,40000.0,40000.0,0,10282.87,1521.44,1010.78
248.2500,0,4,21,5,8,7,0,0,8701.85,-456.41,731.93,2547.41,1500.00,240.00,-1,10,0,100,13200.0,40000.0,0,10282.87,1521.44,1010.78
248.2500,0,7,21,5,0,7,0,0,9465.01,4340.65,528.77,2974.75,1500.00,240.00,-1,10,0,100,40000.0,40000.0,0,10282.87,1521.44,1010.78
248.2500,0,14,35,4,8,10,10,19,10274.86,1172.70,931.88,357.65,1500.00,540.00,-1,10,1,100,40000.0,40000.0,0,10282.87,1521.44,1010.78
248.3833,0,3,1,0,0,2,0,6,10160.49,4562.76,717.67,3057.86,1500.00,390.00,14,10,1,100,40000.0,40000.0,0,10282.87,1521.44,1010.78
248.3833,0,4,21,5,8,7,0,0,8701.85,-456.41,731.93,2547.41,1500.00,240.00,-1,10,0,100,13200.0,40000.0,0,10282.87,1521.44,1010.78
248.3833,0,7,21,5,0,7,0,0,9465.01,4340.65,528.77,2974.75,1500.00,240.00,-1,10,0,100,40000.0,40000.0,0,10282.87,1521.44,1010.78
248.3833,0,14,35,4,8,10,10,19,10263.20,1169.87,931.74,360.88,1500.00,540.00,-1,10,1,100,40000.0,40000.0,0,10282.87,1521.44,1010.78
248.5167,0,3,1,0,0,2,0,6,10161.48,4545.91,715.68,3041.25,1500.00,390.00,14,10,1,100,40000.0,40000.0,0,10282.87,1521.44,1010.78
248.5167,0,4,21,5,8,7,0,0,8701.85,-456.41,731.93,2547.41,1500.00,240.00,-1,10,0,100,13200.0,40000.0,0,10282.87,1521.44,1010.78
248.5167,0,7,21,5,0,7,0,0,9465.01,4340.65,528.77,2974.75,1500.00,240.00,-1,10,0,100,40000.0,40000.0,0,10282.87,1521.44,1010.78
248.5167,0,14,35,4,8,10,10,19,10251.54,1167.04,931.60,364.48,1500.00,540.00,-1,10,1,100,40000.0,40000.0,0,10282.87,1521.44,1010.78
248.6500,0,3,1,0,0,2,0,6,10162.46,4529.06,713.69,3024.65,1500.00,390.00,14,10,1,100,40000.0,40000.0,0,10282.87,1521.44,1010.78
248.6500,0,4,21,5,8,7,0,0,8701.85,-456.41,731.93,2547.41,1500.00,240.00,-1,10,0,100,13200.0,40000.0,0,10282.87,1521.44,1010.78
248.6500,0,7,21,5,0,7,0,0,9465.01,4340.65,528.77,2974.75,1500.00,240.00,-1,10,0,100,40000.0,40000.0,0,10282.87,1521.44,1010.78
248.6500,0,14,35,4,8,10,10,19,10239.88,1164.22,931.46,368.44,1500.00,540.00,-1,10,1,100,40000.0,40000.0,0,10282.87,1521.44,1010.78
248.8000,0,3,1,0,0,2,0,6,10163.57,4510.09,711.45,3005.97,1500.00,390.00,14,10,1,100,40000.0,40000.0,0,10282.87,1521.44,1010.78
248.8000,0,4,21,5,8,7,0,0,8701.85,-456.41,731.93,2547.41,1500.00,240.00,-1,10,0,100,13200.0,40000.0,0,10282.87,1521.44,1010.78
248.8000,0,7,21,5,0,7,0,0,9465.01,4340.65,528.77,2974.75,1500.00,240.00,-1,10,0,100,40000.0,40000.0,0,10282.87,1521.44,1010.78
248.8000,0,14,35,4,8,10,10,19,10226.76,1161.04,931.31,373.30,1500.00,540.00,-1,10,1,100,40000.0,40000.0,0,10282.87,1521.44,1010.78
248.9333,0,3,1,0,0,2,0,6,10164.56,4493.24,709.46,2989.38,1500.00,390.00,14,10,1,100,40000.0,40000.0,0,10282.87,1521.44,1010.78
248.9333,0,4,21,5,8,7,0,0,8701.85,-456.41,731.93,2547.41,1500.00,240.00,-1,10,0,100,13200.0,40000.0,0,10282.87,1521.44,1010.78
248.9333,0,7,21,5,0,7,0,0,9465.01,4340.65,528.77,2974.75,1500.00,240.00,-1,10,0,100,40000.0,40000.0,0,10282.87,1521.44,1010.78
248.9333,0,14,35,4,8,10,10,19,10215.10,1158.21,931.17,377.98,1500.00,540.00,-1,10,1,100,40000.0,40000.0,0,10282.87,1521.44,1010.78
249.0667,0,3,1,0,0,2,0,6,10165.55,4476.39,707.47,2972.79,1500.00,390.00,14,10,1,100,40000.0,40000.0,0,10282.87,1521.44,1010.78
249.0667,0,4,21,5,8,7,0,0,8701.85,-456.41,731.93,2547.41,1500.00,240.00,-1,10,0,100,13200.0,40000.0,0,10282.87,1521.44,1010.78
249.0667,0,7,21,5,0,7,0,0,9465.01,4340.65,528.77,2974.75,1500.00,240.00,-1,10,0,100,40000.0,40000.0,0,10282.87,1521.44,1010.78
249.0667,0,14,35,4,8,10,10,19,10203.44,1155.39,931.04,382.97,1500.00,540.00,-1,10,1,100,40000.0,40000.0,0,10282.87,1521.44,1010.78
249.2000,0,3,1,0,0,2,0,6,10166.53,4459.53,705.48,2956.20,1500.00,390.00,14,10,1,100,40000.0,40000.0,0,10282.87,1521.44,1010.78
249.2000,0,4,21,5,8,7,0,0,8701.85,-456.41,731.93,2547.41,1500.00,240.00,-1,10,0,100,13200.0,40000.0,0,10282.87,1521.44,1010.78
249.2000,0,7,21,5,0,7,0,0,9465.01,4340.65,528.77,2974.75,1500.00,240.00,-1,10,0,100,40000.0,40000.0,0,10282.87,1521.44,1010.78
249.2000,0,14,35,4,8,10,10,19,10191.78,1152.56,930.90,388.27,1500.00,540.00,-1,10,1,100,40000.0,40000.0,0,10282.87,1521.44,1010.78
249.3500,0,3,1,0,0,2,0,6,10167.64,4440.57,703.24,2937.55,1500.00,390.00,14,10,1,100,40000.0,40000.0,0,10282.87,1521.44,1010.78
249.3500,0,4,21,5,8,7,0,0,8701.85,-456.41,731.93,2547.41,1500.00,240.00,-1,10,0,100,13200.0,40000.0,0,10282.87,1521.44,1010.78
249.3500,0,7,21,5,0,7,0,0,9465.01,4340.65,528.77,2974.75,1500.00,240.00,-1,10,0,100,40000.0,40000.0,0,10282.87,1521.44,1010.78
249.3500,0,14,35,4,8,10,10,19,10178.66,1149.38,930.75,394.58,1500.00,540.00,-1,10,1,100,40000.0,40000.0,0,10282.87,1521.44,1010.78
249.4833,0,3,1,0,0,2,0,6,10168.63,4423.72,701.25,2920.97,1500.00,390.00,14,10,1,100,40000.0,40000.0,0,10282.87,1521.44,1010.78
249.4833,0,4,21,5,8,7,0,0,8701.85,-456.41,731.93,2547.41,1500.00,240.00,-1,10,0,100,13200.0,40000.0,0,10282.87,1521.44,1010.78
249.4833,0,7,21,5,0,7,0,0,9465.01,4340.65,528.77,2974.75,1500.00,240.00,-1,10,0,100,40000.0,40000.0,0,10282.87,1521.44,1010.78
249.4833,0,14,35,4,8,10,10,19,10167.00,1146.55,930.61,400.49,1500.00,540.00,-1,10,1,100,40000.0,40000.0,0,10282.87,1521.44,1010.78
249.6000,0,3,1,0,0,2,0,6,10169.49,4408.97,699.51,2906.47,1500.00,390.00,14,10,1,100,40000.0,40000.0,0,10282.87,1521.44,1010.78
249.6000,0,4,21,5,8,7,0,0,8701.85,-456.41,731.93,2547.41,1500.00,240.00,-1,10,0,100,13200.0,40000.0,0,10282.87,1521.44,1010.78
249.6000,0,7,21,5,0,7,0,0,9465.01,4340.65,528.77,2974.75,1500.00,240.00,-1,10,0,100,40000.0,40000.0,0,10282.87,1521.44,1010.78
249.6000,0,14,35,4,8,10,10,19,10156.79,1144.08,930.49,405.89,1500.00,540.00,-1,10,1,100,40000.0,40000.0,0,10282.87,1521.44,1010.78
249.7333,0,3,1,0,0,2,0,6,10170.48,4392.11,697.52,2889.90,1500.00,390.00,14,10,1,100,40000.0,40000.0,0,10282.87,1521.44,1010.78
249.7333,0,4,21,5,8,7,0,0,8701.85,-456.41,731.93,2547.41,1500.00,240.00,-1,10,0,100,13200.0,40000.0,0,10282.87,1521.44,1010.78
249.7333,0,7,21,5,0,7,0,0,9465.01,4340.65,528.77,2974.75,1500.00,240.00,-1,10,0,100,40000.0,40000.0,0,10282.87,1521.44,1010.78
249.7333,0,14,35,4,8,10,10,19,10145.13,1141.25,930.35,412.29,1500.00,540.00,-1,10,1,100,40000.0,40000.0,0,10282.87,1521.44,1010.78
249.8667,0,3,1,0,0,2,0,6,10171.46,4375.26,695.53,2873.34,1500.00,390.00,14,10,1,100,40000.0,40000.0,0,10282.87,1521.44,1010.78
249.8667,0,4,21,5,8,7,0,0,8701.85,-456.41,731.93,2547.41,1500.00,240.00,-1,10,0,100,13200.0,40000.0,0,10282.87,1521.44,1010.78
249.8667,0,7,21,5,0,7,0,0,9465.01,4340.65,528.77,2974.75,1500.00,240.00,-1,10,0,100,40000.0,40000.0,0,10282.87,1521.44,1010.78
249.8667,0,14,35,4,8,10,10,19,10133.47,1138.43,930.22,418.94,1500.00,540.00,-1,10,1,100,40000.0,40000.0,0,10282.87,1521.44,1010.78
250.0000,0,3,1,0,0,2,0,6,10172.45,4358.41,693.54,2856.78,1500.00,390.00,14,10,1,100,40000.0,40000.0,0,10282.87,1521.44,1010.78
250.0000,0,4,21,5,8,7,0,0,8701.85,-456.41,731.93,2547.41,1500.00,240.00,-1,10,0,100,13200.0,40000.0,0,10282.87,1521.44,1010.78
250.0000,0,7,21,5,0,7,0,0,9465.01,4340.65,528.77,2974.75,1500.00,240.00,-1,10,0,100,40000.0,40000.0,0,10282.87,1521.44,1010.78
250.0000,0,14,35,4,8,10,10,19,10121.81,1135.60,930.08,425.83,1500.00,540.00,-1,10,1,100,40000.0,40000.0,0,10282.87,1521.44,1010.78
250.1333,0,3,1,0,0,2,0,6,10172.93,4344.62,692.74,2843.16,1500.00,390.00,14,10,1,100,40000.0,40000.0,0,10282.87,1521.44,1010.78
250.1333,0,4,21,5,8,7,0,0,8701.85,-456.41,731.93,2547.41,1500.00,240.00,-1,10,0,100,13200.0,40000.0,0,10282.87,1521.44,1010.78
250.1333,0,7,21,5,0,7,0,0,9465.01,4340.65,528.77,2974.75,1500.00,240.00,-1,10,0,100,40000.0,40000.0,0,10282.87,1521.44,1010.78
250.1333,0,14,35,4,8,10,10,19,10110.15,1132.77,929.94,432.93,1500.00,540.00,-1,10,1,100,40000.0,40000.0,0,10282.87,1521.44,1010.78
250.2667,0,3,1,0,0,2,0,6,10172.67,4327.66,693.95,2826.20,1500.00,390.00,14,10,1,100,40000.0,40000.0,0,10282.87,1521.44,1010.78
250.2667,0,4,21,5,8,7,0,0,8701.85,-456.41,731.93,2547.41,1500.00,240.00,-1,10,0,100,13200.0,40000.0,0,10282.87,1521.44,1010.78
250.2667,0,7,21,5,0,7,0,0,9465.01,4340.65,528.77,2974.75,1500.00,240.00,-1,10,0,100,40000.0,40000.0,0,10282.87,1521.44,1010.78
250.2667,0,14,35,4,8,10,10,19,10098.48,1129.95,929.80,440.25,1500.00,540.00,-1,10,1,100,40000.0,40000.0,0,10282.87,1521.44,1010.78
250.3833,0,3,1,0,0,2,0,6,10172.44,4312.83,695.00,2811.36,1500.00,390.00,14,10,1,100,40000.0,40000.0,0,10282.87,1521.44,1010.78
250.3833,0,4,21,5,8,7,0,0,8701.85,-456.41,731.93,2547.41,1500.00,240.00,-1,10,0,100,13200.0,40000.0,0,10282.87,1521.44,1010.78
250.3833,0,7,21,5,0,7,0,0,9465.01,4340.65,528.77,2974.75,1500.00,240.00,-1,10,0,100,40000.0,40000.0,0,10282.87,1521.44,1010.78
250.3833,0,14,35,4,8,10,10,19,10088.28,1127.47,929.68,446.82,1500.00,540.00,-1,10,1,100,40000.0,40000.0,0,10282.87,1521.44,1010.78
250.5167,0,3,1,0,0,2,0,6,10172.18,4295.87,696.21,2794.40,1500.00,390.00,14,10,1,100,40000.0,40000.0,0,10282.87,1521.44,1010.78
250.5167,0,4,21,5,8,7,0,0,8701.85,-456.41,731.93,2547.41,1500.00,240.00,-1,10,0,100,13200.0,40000.0,0,10282.87,1521.44,1010.78
250.5167,0,7,21,5,0,7,0,0,9465.01,4340.65,528.77,2974.75,1500.00,240.00,-1,10,0,100,40000.0,40000.0,0,10282.87,1521.44,1010.78
250.5167,0,14,35,4,8,10,10,19,10076.62,1124.65,929.55,454.51,1500.00,540.00,-1,10,1,100,40000.0,40000.0,0,10282.87,1521.44,1010.78
250.6500,0,3,1,0,0,2,0,6,10171.91,4278.92,697.42,2777.44,1500.00,390.00,14,10,1,100,40000.0,40000.0,0,10282.87,1521.44,1010.78
250.6500,0,4,21,5,8,7,0,0,8701.85,-456.41,731.93,2547.41,1500.00,240.00,-1,10,0,100,13200.0,40000.0,0,10282.87,1521.44,1010.78
250.6500,0,7,21,5,0,7,0,0,9465.01,4340.65,528.77,2974.75,1500.00,240.00,-1,10,0,100,40000.0,40000.0,0,10282.87,1521.44,1010.78
250.6500,0,14,35,4,8,10,10,19,10064.96,1121.82,929.41,462.39,1500.00,540.00,-1,10,1,100,40000.0,40000.0,0,10282.87,1521.44,1010.78
250.7833,0,3,1,0,0,2,0,6,10171.65,4261.96,698.63,2760.48,1500.00,390.00,14,10,1,100,40000.0,40000.0,0,10282.87,1521.44,1010.78
250.7833,0,4,21,5,8,7,0,0,8701.85,-456.41,731.93,2547.41,1500.00,240.00,-1,10,0,100,13200.0,40000.0,0,10282.87,1521.44,1010.78
250.7833,0,7,21,5,0,7,0,0,9465.01,4340.65,528.77,2974.75,1500.00,240.00,-1,10,0,100,40000.0,40000.0,0,10282.87,1521.44,1010.78
250.7833,0,14,35,4,8,10,10,19,10053.30,1118.99,929.27,470.44,1500.00,540.00,-1,10,1,100,40000.0,40000.0,0,10282.87,1521.44,1010.78
250.9000,0,3,1,0,0,2,0,6,10171.42,4247.13,699.68,2745.65,1500.00,390.00,14,10,1,100,40000.0,40000.0,0,10282.87,1521.44,1010.78
250.9000,0,4,21,5,8,7,0,0,8701.85,-456.41,731.93,2547.41,1500.00,240.00,-1,10,0,100,13200.0,40000.0,0,10282.87,1521.44,1010.78
250.9000,0,7,21,5,0,7,0,0,9465.01,4340.65,528.77,2974.75,1500.00,240.00,-1,10,0,100,40000.0,40000.0,0,10282.87,1521.44,1010.78
250.9000,0,14,35,4,8,10,10,19,10043.09,1116.52,929.15,477.62,1500.00,540.00,-1,10,1,100,40000.0,40000.0,0,10282.87,1521.44,1010.78
251.0333,0,3,1,0,0,2,0,6,10171.16,4230.17,700.89,2728.69,1500.00,390.00,14,10,1,100,40000.0,40000.0,0,10282.87,1521.44,1010.78
251.0333,0,4,21,5,8,7,0,0,8701.85,-456.41,731.93,2547.41,1500.00,240.00,-1,10,0,100,13200.0,40000.0,0,10282.87,1521.44,1010.78
251.0333,0,7,21,5,0,7,0,0,9465.01,4340.65,528.77,2974.75,1500.00,240.00,-1,10,0,100,40000.0,40000.0,0,10282.87,1521.44,1010.78
251.0333,0,14,35,4,8,10,10,19,10031.43,1113.69,929.02,485.97,1500.00,540.00,-1,10,1,100,40000.0,40000.0,0,10282.87,1521.44,1010.78
251.1667,0,3,1,0,0,2,0,6,10170.89,4213.22,702.10,2711.73,1500.00,390.00,14,10,1,100,40000.0,40000.0,0,10282.87,1521.44,1010.78
251.1667,0,4,21,5,8,7,0,0,8701.85,-456.41,731.93,2547.41,1500.00,240.00,-1,10,0,100,13200.0,40000.0,0,10282.87,1521.44,1010.78
251.1667,0,7,21,5,0,7,0,0,9465.01,4340.65,528.77,2974.75,1500.00,240.00,-1,10,0,100,40000.0,40000.0,0,10282.87,1521.44,1010.78
251.1667,0,14,35,4,8,10,10,19,10019.77,1110.87,928.88,494.47,1500.00,540.00,-1,10,1,100,40000.0,40000.0,0,10282.87,1521.44,1010.78
251.2833,0,3,1,0,0,2,0,6,10170.66,4198.38,703.15,2696.89,1500.00,390.00,14,10,1,100,40000.0,40000.0,0,10282.87,1521.44,1010.78
251.2833,0,4,21,5,8,7,0,0,8701.85,-456.41,731.93,2547.41,1500.00,240.00,-1,10,0,100,13200.0,40000.0,0,10282.87,1521.44,1010.78
251.2833,0,7,21,5,0,7,0,0,9465.01,4340.65,528.77,2974.75,1500.00,240.00,-1,10,0,100,40000.0,40000.0,0,10282.87,1521.44,1010.78
251.2833,0,14,35,4,8,10,10,19,10009.56,1108.39,928.76,502.03,1500.00,540.00,-1,10,1,100,40000.0,40000.0,0,10282.87,1521.44,1010.78
251.4167,0,3,1,0,0,2,0,6,10170.40,4181.43,704.36,2679.94,1500.00,390.00,14,10,1,100,40000.0,40000.0,0,10282.87,1521.44,1010.78
251.4167,0,4,21,5,8,7,0,0,8701.85,-456.41,731.93,2547.41,1500.00,240.00,-1,10,0,100,13200.0,40000.0,0,10282.87,1521.44,1010.78
251.4167,0,7,21,5,0,7,0,0,9465.01,4340.65,528.77,2974.75,1500.00,240.00,-1,10,0,100,40000.0,40000.0,0,10282.87,1521.44,1010.78
251.4167,0,14,35,4,8,10,10,19,9997.90,1105.57,928.62,510.79,1500.00,540.00,-1,10,1,100,40000.0,40000.0,0,10282.87,1521.44,1010.78
251.5333,0,3,1,0,0,2,0,6,10170.17,4166.59,705.42,2665.10,1500.00,390.00,14,10,1,100,40000.0,40000.0,0,10282.87,1521.44,1010.78
251.5333,0,4,21,5,8,7,0,0,8701.85,-456.41,731.93,2547.41,1500.00,240.00,-1,10,0,100,13200.0,40000.0,0,10282.87,1521.44,1010.78
251.5333,0,7,21,5,0,7,0,0,9465.01,4340.65,528.77,2974.75,1500.00,240.00,-1,10,0,100,40000.0,40000.0,0,10282.87,1521.44,1010.78
251.5333,0,14,35,4,8,10,11,19,9996.13,1105.14,928.60,512.13,1500.00,540.00,-1,10,0,100,40000.0,40000.0,0,10282.87,1521.44,1010.78
251.6667,0,3,1,0,0,2,0,6,10169.91,4149.64,706.62,2648.15,1500.00,390.00,14,10,1,100,40000.0,40000.0,0,10282.87,1521.44,1010.78
251.6667,0,4,21,5,8,7,0,0,8701.85,-456.41,731.93,2547.41,1500.00,240.00,-1,10,0,100,13200.0,40000.0,0,10282.87,1521.44,1010.78
251.6667,0,7,21,5,0,7,0,0,9465.01,4340.65,528.77,2974.75,1500.00,240.00,-1,10,0,100,40000.0,40000.0,0,10282.87,1521.44,1010.78
251.6667,0,14,35,4,8,10,11,19,9996.13,1105.14,928.60,512.13,1500.00,540.00,-1,10,0,100,40000.0,40000.0,0,10282.87,1521.44,1010.78
251.7833,0,3,1,0,0,2,0,6,10169.68,4134.80,707.68,2633.31,1500.00,390.00,14,10,1,100,40000.0,40000.0,0,10282.87,1521.44,1010.78
251.7833,0,4,21,5,8,7,0,0,8701.85,-456.41,731.93,2547.41,1500.00,240.00,-1,10,0,100,13200.0,40000.0,0,10282.87,1521.44,1010.78
251.7833,0,7,21,5,0,7,0,0,9465.01,4340.65,528.77,2974.75,1500.00,240.00,-1,10,0,100,40000.0,40000.0,0,10282.87,1521.44,1010.78
251.7833,0,14,35,4,8,10,11,19,9996.13,1105.14,928.60,512.13,1500.00,540.00,-1,10,0,100,40000.0,40000.0,0,10282.87,1521.44,1010.78
251.9167,0,3,1,0,0,2,0,6,10169.42,4117.84,708.89,2616.36,1500.00,390.00,14,10,1,100,40000.0,40000.0,0,10282.87,1521.44,1010.78
251.9167,0,4,21,5,8,7,0,0,8701.85,-456.41,731.93,2547.41,1500.00,240.00,-1,10,0,100,13200.0,40000.0,0,10282.87,1521.44,1010.78
251.9167,0,7,21,5,0,7,0,0,9465.01,4340.65,528.77,2974.75,1500.00,240.00,-1,10,0,100,40000.0,40000.0,0,10282.87,1521.44,1010.78
251.9167,0,14,35,4,8,10,11,19,9996.13,1105.14,928.60,512.13,1500.00,540.00,-1,10,0,100,40000.0,40000.0,0,10282.87,1521.44,1010.78
252.0500,0,3,1,0,0,2,0,6,10169.15,4100.89,710.09,2599.40,1500.00,390.00,14,10,1,100,40000.0,40000.0,0,10282.87,1521.44,1010.78
252.0500,0,4,21,5,8,7,0,0,8701.85,-456.41,731.93,2547.41,1500.00,240.00,-1,10,0,100,13200.0,40000.0,0,10282.87,1521.44,1010.78
252.0500,0,7,21,5,0,7,0,0,9465.01,4340.65,528.77,2974.75,1500.00,240.00,-1,10,0,100,40000.0,40000.0,0,10282.87,1521.44,1010.78
252.0500,0,14,35,4,8,10,11,19,9996.13,1105.14,928.60,512.13,1500.00,540.00,-1,10,0,100,40000.0,40000.0,0,10282.87,1521.44,1010.78
252.1667,0,3,1,0,0,2,0,6,10168.92,4086.05,711.15,2584.57,1500.00,390.00,14,10,1,100,40000.0,40000.0,0,10282.87,1521.44,1010.78
252.1667,0,4,21,5,8,7,0,0,8701.85,-456.41,731.93,2547.41,1500.00,240.00,-1,10,0,100,13200.0,40000.0,0,10282.87,1521.44,1010.78
252.1667,0,7,21,5,0,7,0,0,9465.01,4340.65,528.77,2974.75,1500.00,240.00,-1,10,0,100,40000.0,40000.0,0,10282.87,1521.44,1010.78
252.1667,0,14,35,4,8,10,11,19,9996.13,1105.14,928.60,512.13,1500.00,540.00,-1,10,0,100,40000.0,40000.0,0,10282.87,1521.44,1010.78
252.3000,0,3,1,0,0,2,0,6,10168.66,4069.10,712.36,2567.62,1500.00,390.00,14,10,1,100,40000.0,40000.0,0,10282.87,1521.44,1010.78
252.3000,0,4,21,5,8,7,0,0,8701.85,-456.41,731.93,2547.41,1500.00,240.00,-1,10,0,100,13200.0,40000.0,0,10282.87,1521.44,1010.78
252.3000,0,7,21,5,0,7,0,0,9465.01,4340.65,528.77,2974.75,1500.00,240.00,-1,10,0,100,40000.0,40000.0,0,10282.87,1521.44,1010.78
252.3000,0,14,35,4,8,10,11,19,9996.13,1105.14,928.60,512.13,1500.00,540.00,-1,10,0,100,40000.0,40000.0,0,10282.87,1521.44,1010.78
252.4167,0,3,1,0,0,2,0,6,10168.43,4054.26,713.41,2552.79,1500.00,390.00,14,10,1,100,40000.0,40000.0,0,10282.87,1521.44,1010.78
252.4167,0,4,21,5,8,7,0,0,8701.85,-456.41,731.93,2547.41,1500.00,240.00,-1,10,0,100,13200.0,40000.0,0,10282.87,1521.44,1010.78
252.4167,0,7,21,5,0,7,0,0,9465.01,4340.65,528.77,2974.75,1500.00,240.00,-1,10,0,100,40000.0,40000.0,0,10282.87,1521.44,1010.78
252.4167,0,14,35,4,8,10,11,19,9996.13,1105.14,928.60,512.13,1500.00,540.00,-1,10,0,100,40000.0,40000.0,0,10282.87,1521.44,1010.78
252.5500,0,3,1,0,0,2,0,6,10168.17,4037.31,714.62,2535.83,1500.00,390.00,14,10,1,100,40000.0,40000.0,0,10282.87,1521.44,1010.78
252.5500,0,4,21,5,8,7,0,0,8701.85,-456.41,731.93,2547.41,1500.00,240.00,-1,10,0,100,13200.0,40000.0,0,10282.87,1521.44,1010.78
252.5500,0,7,21,5,0,7,0,0,9465.01,4340.65,528.77,2974.75,1500.00,240.00,-1,10,0,100,40000.0,40000.0,0,10282.87,1521.44,1010.78
252.5500,0,14,35,4,8,10,11,19,9996.13,1105.14,928.60,512.13,1500.00,540.00,-1,10,0,100,40000.0,40000.0,0,10282.87,1521.44,1010.78
252.6667,0,3,1,0,0,2,0,6,10167.94,4022.47,715.68,2521.00,1500.00,390.00,14,10,1,100,40000.0,40000.0,0,10282.87,1521.44,1010.78
252.6667,0,4,21,5,8,7,0,0,8701.85,-456.41,731.93,2547.41,1500.00,240.00,-1,10,0,100,13200.0,40000.0,0,10282.87,1521.44,1010.78
252.6667,0,7,21,5,0,7,0,0,9465.01,4340.65,528.77,2974.75,1500.00,240.00,-1,10,0,100,40000.0,40000.0,0,10282.87,1521.44,1010.78
252.6667,0,14,35,4,8,10,11,19,9996.13,1105.14,928.60,512.13,1500.00,540.00,-1,10,0,100,40000.0,40000.0,0,10282.87,1521.44,1010.78
252.8000,0,3,1,0,0,2,0,6,10167.67,4005.52,716.89,2504.05,1500.00,390.00,14,10,1,100,40000.0,40000.0,0,10282.87,1521.44,1010.78
252.8000,0,4,21,5,8,7,0,0,8701.85,-456.41,731.93,2547.41,1500.00,240.00,-1,10,0,100,13200.0,40000.0,0,10282.87,1521.44,1010.78
252.8000,0,7,21,5,0,7,0,0,9465.01,4340.65,528.77,2974.75,1500.00,240.00,-1,10,0,100,40000.0,40000.0,0,10282.87,1521.44,1010.78
252.8000,0,14,35,4,8,10,11,19,9996.13,1105.14,928.60,512.13,1500.00,540.00,-1,10,0,100,40000.0,40000.0,0,10282.87,1521.44,1010.78
252.9167,0,3,1,0,0,2,0,6,10167.44,3990.68,717.94,2489.22,1500.00,390.00,14,10,1,100,40000.0,40000.0,0,10282.87,1521.44,1010.78
252.9167,0,4,21,5,8,7,0,0,8701.85,-456.41,731.93,2547.41,1500.00,240.00,-1,10,0,100,13200.0,40000.0,0,10282.87,1521.44,1010.78
252.9167,0,7,21,5,0,7,0,0,9465.01,4340.65,528.77,2974.75,1500.00,240.00,-1,10,0,100,40000.0,40000.0,0,10282.87,1521.44,1010.78
252.9167,0,14,35,4,8,10,11,19,9996.13,1105.14,928.60,512.13,1500.00,540.00,-1,10,0,100,40000.0,40000.0,0,10282.87,1521.44,1010.78
253.0500,0,3,1,0,0,2,0,6,10167.18,3973.73,719.15,2472.27,1500.00,390.00,14,10,1,100,40000.0,40000.0,0,10282.87,1521.44,1010.78
253.0500,0,4,21,5,8,7,0,0,8701.85,-456.41,731.93,2547.41,1500.00,240.00,-1,10,0,100,13200.0,40000.0,0,10282.87,1521.44,1010.78
253.0500,0,7,21,5,0,7,0,0,9465.01,4340.65,528.77,2974.75,1500.00,240.00,-1,10,0,100,40000.0,40000.0,0,10282.87,1521.44,1010.78
253.0500,0,14,35,4,8,10,11,19,9996.13,1105.14,928.60,512.13,1500.00,540.00,-1,10,0,100,40000.0,40000.0,0,10282.87,1521.44,1010.78
253.1667,0,3,1,0,0,2,0,6,10166.65,3959.96,720.50,2458.48,1500.00,390.00,14,10,1,100,40000.0,40000.0,0,10282.87,1521.44,1010.78
253.1667,0,4,21,5,8,7,0,0,8701.85,-456.41,731.93,2547.41,1500.00,240.00,-1,10,0,100,13200.0,40000.0,0,10282.87,1521.44,1010.78
253.1667,0,7,21,5,0,7,0,0,9465.01,4340.65,528.77,2974.75,1500.00,240.00,-1,10,0,100,40000.0,40000.0,0,10282.87,1521.44,1010.78
253.1667,0,14,35,4,8,10,11,19,9996.13,1105.14,928.60,512.13,1500.00,540.00,-1,10,0,100,40000.0,40000.0,0,10282.87,1521.44,1010.78
253.3000,0,3,1,0,0,2,0,6,10163.86,3943.70,724.61,2442.01,1500.00,390.00,14,10,1,100,40000.0,40000.0,0,10282.87,1521.44,1010.78
253.3000,0,4,21,5,8,7,0,0,8701.85,-456.41,731.93,2547.41,1500.00,240.00,-1,10,0,100,13200.0,40000.0,0,10282.87,1521.44,1010.78
253.3000,0,7,21,5,0,7,0,0,9465.01,4340.65,528.77,2974.75,1500.00,240.00,-1,10,0,100,40000.0,40000.0,0,10282.87,1521.44,1010.78
253.3000,0,14,35,4,8,10,11,19,9996.13,1105.14,928.60,512.13,1500.00,540.00,-1,10,0,100,40000.0,40000.0,0,10282.87,1521.44,1010.78
253.4167,0,3,1,0,0,2,0,6,10161.43,3929.47,728.20,2427.79,1500.00,390.00,14,10,1,100,40000.0,40000.0,0,10282.76,1521.18,1010.23
253.4167,0,4,21,5,8,7,0,0,8701.85,-456.41,731.93,2547.08,1500.00,240.00,-1,10,0,100,13200.0,40000.0,0,10282.76,1521.18,1010.23
253.4167,0,7,21,5,0,7,0,0,9465.01,4340.65,528.77,2974.89,1500.00,240.00,-1,10,0,100,40000.0,40000.0,0,10282.76,1521.18,1010.23
253.4167,0,14,35,4,8,10,11,19,9996.13,1105.14,928.60,511.78,1500.00,540.00,-1,10,0,100,40000.0,40000.0,0,10282.76,1521.18,1010.23
253.5500,0,3,1,0,0,2,0,6,10158.64,3913.21,732.31,2413.68,1500.00,390.00,14,10,1,100,40000.0,40000.0,0,10280.21,1518.07,1004.98
253.5500,0,4,21,5,8,7,0,0,8701.85,-456.41,731.93,2542.51,1500.00,240.00,-1,10,0,100,13200.0,40000.0,0,10280.21,1518.07,1004.98
253.5500,0,7,21,5,0,7,0,0,9465.01,4340.65,528.77,2976.29,1500.00,240.00,-1,10,0,100,40000.0,40000.0,0,10280.21,1518.07,1004.98
253.5500,0,14,35,4,8,10,11,19,9996.13,1105.14,928.60,507.00,1500.00,540.00,-1,10,0,100,40000.0,40000.0,0,10280.21,1518.07,1004.98
253.6833,0,3,1,0,0,2,0,6,10155.85,3896.96,736.42,2401.86,1500.00,390.00,14,10,1,100,40000.0,40000.0,0,10274.19,1513.88,1011.91
253.6833,0,4,21,5,8,7,0,0,8701.85,-456.41,731.93,2536.28,1500.00,240.00,-1,10,0,100,13200.0,40000.0,0,10274.19,1513.88,1011.91
253.6833,0,7,21,5,0,7,0,0,9465.01,4340.65,528.77,2979.73,1500.00,240.00,-1,10,0,100,40000.0,40000.0,0,10274.19,1513.88,1011.91
253.6833,0,14,35,4,8,10,11,19,9996.13,1105.14,928.60,501.33,1500.00,540.00,-1,10,0,100,40000.0,40000.0,0,10274.19,1513.88,1011.91
253.8000,0,3,1,0,0,2,0,6,10153.41,3882.73,740.02,2391.54,1500.00,390.00,14,10,1,100,40000.0,40000.0,0,10268.93,1510.20,1017.89
253.8000,0,4,21,5,8,7,0,0,8701.85,-456.41,731.93,2530.83,1500.00,240.00,-1,10,0,100,13200.0,40000.0,0,10268.93,1510.20,1017.89
253.8000,0,7,21,5,0,7,0,0,9465.01,4340.65,528.77,2982.78,1500.00,240.00,-1,10,0,100,40000.0,40000.0,0,10268.93,1510.20,1017.89
253.8000,0,14,35,4,8,10,11,19,9996.13,1105.14,928.60,496.46,1500.00,540.00,-1,10,0,100,40000.0,40000.0,0,10268.93,1510.20,1017.89
253.9333,0,3,1,0,0,2,0,6,10150.63,3866.47,744.13,2377.01,1500.00,390.00,14,10,1,100,40000.0,40000.0,0,10266.19,1508.49,1021.19
253.9333,0,4,21,5,8,7,0,0,8701.85,-456.41,731.93,2528.18,1500.00,240.00,-1,10,0,100,13200.0,40000.0,0,10266.19,1508.49,1021.19
253.9333,0,7,21,5,0,7,0,0,9465.01,4340.65,528.77,2984.21,1500.00,240.00,-1,10,0,100,40000.0,40000.0,0,10266.19,1508.49,1021.19
253.9333,0,14,35,4,8,10,11,19,9996.13,1105.14,928.60,494.16,1500.00,540.00,-1,10,0,100,40000.0,40000.0,0,10266.19,1508.49,1021.19
254.0667,0,3,1,0,0,2,0,6,10147.84,3850.21,748.24,2360.55,1500.00,390.00,14,10,1,100,40000.0,40000.0,0,10266.19,1508.49,1021.19
254.0667,0,4,21,5,8,7,0,0,8701.85,-456.41,731.93,2528.18,1500.00,240.00,-1,10,0,100,13200.0,40000.0,0,10266.19,1508.49,1021.19
254.0667,0,7,21,5,0,7,0,0,9465.01,4340.65,528.77,2984.21,1500.00,240.00,-1,10,0,100,40000.0,40000.0,0,10266.19,1508.49,1021.19
254.0667,0,14,35,4,8,10,11,19,9996.13,1105.14,928.60,494.16,1500.00,540.00,-1,10,0,100,40000.0,40000.0,0,10266.19,1508.49,1021.19
254.1833,0,3,1,0,0,2,0,6,10145.40,3835.98,751.83,2346.14,1500.00,390.00,14,10,1,100,40000.0,40000.0,0,10266.19,1508.49,1021.19
254.1833,0,4,21,5,8,7,0,0,8701.85,-456.41,731.93,2528.18,1500.00,240.00,-1,10,0,100,13200.0,40000.0,0,10266.19,1508.49,1021.19
254.1833,0,7,21,5,0,7,0,0,9465.01,4340.65,528.77,2984.21,1500.00,240.00,-1,10,0,100,40000.0,40000.0,0,10266.19,1508.49,1021.19
254.1833,0,14,35,4,8,10,11,19,9996.13,1105.14,928.60,494.16,1500.00,540.00,-1,10,0,100,40000.0,40000.0,0,10266.19,1508.49,1021.19
254.3167,0,3,1,0,0,2,0,6,10142.62,3819.73,755.94,2329.69,1500.00,390.00,14,10,1,100,40000.0,40000.0,0,10266.19,1508.49,1021.19
254.3167,0,4,21,5,8,7,0,0,8701.85,-456.41,731.93,2528.18,1500.00,240.00,-1,10,0,100,13200.0,40000.0,0,10266.19,1508.49,1021.19
254.3167,0,7,21,5,0,7,0,0,9465.01,4340.65,528.77,2984.21,1500.00,240.00,-1,10,0,100,40000.0,40000.0,0,10266.19,1508.49,1021.19
254.3167,0,14,35,4,8,10,11,19,9996.13,1105.14,928.60,494.16,1500.00,540.00,-1,10,0,100,40000.0,40000.0,0,10266.19,1508.49,1021.19
254.4500,0,3,1,0,0,2,0,6,10139.83,3803.47,760.05,2313.24,1500.00,390.00,14,10,1,100,40000.0,40000.0,0,10266.19,1508.49,1021.19
254.4500,0,4,21,5,8,7,0,0,8701.85,-456.41,731.93,2528.18,1500.00,240.00,-1,10,0,100,13200.0,40000.0,0,10266.19,1508.49,1021.19
254.4500,0,7,21,5,0,7,0,0,9465.01,4340.65,528.77,2984.21,1500.00,240.00,-1,10,0,100,40000.0,40000.0,0,10266.19,1508.49,1021.19
254.4500,0,14,35,4,8,10,11,19,9996.13,1105.14,928.60,494.16,1500.00,540.00,-1,10,0,100,40000.0,40000.0,0,10266.19,1508.49,1021.19
254.5833,0,3,1,0,0,2,0,6,10137.04,3787.21,764.16,2296.80,1500.00,390.00,14,10,1,100,40000.0,40000.0,0,10266.19,1508.49,1021.19
254.5833,0,4,21,5,8,7,0,0,8701.85,-456.41,731.93,2528.18,1500.00,240.00,-1,10,0,100,13200.0,40000.0,0,10266.19,1508.49,1021.19
254.5833,0,7,21,5,0,7,0,0,9465.01,4340.65,528.77,2984.21,1500.00,240.00,-1,10,0,100,40000.0,40000.0,0,10266.19,1508.49,1021.19
254.5833,0,14,35,4,8,10,11,19,9996.13,1105.14,928.60,494.16,1500.00,540.00,-1,10,0,100,40000.0,40000.0,0,10266.19,1508.49,1021.19
254.7000,0,3,1,0,0,2,0,6,10134.61,3772.98,767.75,2282.43,1500.00,390.00,14,10,1,100,40000.0,40000.0,0,10266.19,1508.49,1021.19
254.7000,0,4,21,5,8,7,0,0,8701.85,-456.41,731.93,2528.18,1500.00,240.00,-1,10,0,100,13200.0,40000.0,0,10266.19,1508.49,1021.19
254.7000,0,7,21,5,0,7,0,0,9465.01,4340.65,528.77,2984.21,1500.00,240.00,-1,10,0,100,40000.0,40000.0,0,10266.19,1508.49,1021.19
254.7000,0,14,35,4,8,10,11,19,9996.13,1105.14,928.60,494.16,1500.00,540.00,-1,10,0,100,40000.0,40000.0,0,10266.19,1508.49,1021.19
254.8167,0,3,1,0,0,2,0,6,10132.17,3758.75,771.35,2268.06,1500.00,390.00,14,10,1,100,40000.0,40000.0,0,10266.19,1508.49,1021.19
254.8167,0,4,21,5,8,7,0,0,8701.85,-456.41,731.93,2528.18,1500.00,240.00,-1,10,0,100,13200.0,40000.0,0,10266.19,1508.49,1021.19
254.8167,0,7,21,5,0,7,0,0,9465.01,4340.65,528.77,2984.21,1500.00,240.00,-1,10,0,100,40000.0,40000.0,0,10266.19,1508.49,1021.19
254.8167,0,14,35,4,8,10,11,19,9996.13,1105.14,928.60,494.16,1500.00,540.00,-1,10,0,100,40000.0,40000.0,0,10266.19,1508.49,1021.19
254.9500,0,3,1,0,0,2,0,6,10129.38,3742.50,775.46,2251.64,1500.00,390.00,14,10,1,100,40000.0,40000.0,0,10266.19,1508.49,1021.19
254.9500,0,4,21,5,8,7,0,0,8701.85,-456.41,731.93,2528.18,1500.00,240.00,-1,10,0,100,13200.0,40000.0,0,10266.19,1508.49,1021.19
254.9500,0,7,21,5,0,7,0,0,9465.01,4340.65,528.77,2984.21,1500.00,240.00,-1,10,0,100,40000.0,40000.0,0,10266.19,1508.49,1021.19
254.9500,0,14,35,4,8,10,11,19,9996.13,1105.14,928.60,494.16,1500.00,540.00,-1,10,0,100,40000.0,40000.0,0,10266.19,1508.49,1021.19
255.0667,0,3,1,0,0,2,0,6,10126.94,3728.27,779.05,2237.29,1500.00,390.00,14,10,1,100,40000.0,40000.0,0,10266.19,1508.49,1021.19
255.0667,0,4,21,5,8,7,0,0,8701.85,-456.41,731.93,2528.18,1500.00,240.00,-1,10,0,100,13200.0,40000.0,0,10266.19,1508.49,1021.19
255.0667,0,7,21,5,0,7,0,0,9465.01,4340.65,528.77,2984.21,1500.00,240.00,-1,10,0,100,40000.0,40000.0,0,10266.19,1508.49,1021.19
255.0667,0,14,35,4,8,10,11,19,9996.13,1105.14,928.60,494.16,1500.00,540.00,-1,10,0,100,40000.0,40000.0,0,10266.19,1508.49,1021.19
255.2000,0,3,1,0,0,2,0,6,10124.16,3712.01,783.16,2220.89,1500.00,390.00,14,10,1,100,40000.0,40000.0,0,10266.19,1508.49,1021.19
255.2000,0,4,21,5,8,7,0,0,8701.85,-456.41,731.93,2528.18,1500.00,240.00,-1,10,0,100,13200.0,40000.0,0,10266.19,1508.49,1021.19
255.2000,0,7,21,5,0,7,0,0,9465.01,4340.65,528.77,2984.21,1500.00,240.00,-1,10,0,100,40000.0,40000.0,0,10266.19,1508.49,1021.19
255.2000,0,14,35,4,8,10,11,19,9996.13,1105.14,928.60,494.16,1500.00,540.00,-1,10,0,100,40000.0,40000.0,0,10266.19,1508.49,1021.19
255.3167,0,3,1,0,0,2,0,6,10121.72,3697.78,786.76,2206.66,1500.00,390.00,14,10,1,100,40000.0,40000.0,0,10264.30,1508.73,1025.63
255.3167,0,4,21,5,8,7,0,0,8701.85,-456.41,731.93,2527.71,1500.00,240.00,-1,10,0,100,13200.0,40000.0,0,10264.30,1508.73,1025.63
255.3167,0,7,21,5,0,7,0,0,9465.01,4340.65,528.77,2984.21,1500.00,240.00,-1,10,0,100,40000.0,40000.0,0,10264.30,1508.73,1025.63
255.3167,0,14,35,4,8,10,11,19,9996.13,1105.14,928.60,494.19,1500.00,540.00,-1,10,0,100,40000.0,40000.0,0,10264.30,1508.73,1025.63
255.4500,0,3,1,0,0,2,0,6,10118.93,3681.52,790.87,2193.48,1500.00,390.00,14,10,1,100,40000.0,40000.0,0,10253.23,1507.14,1046.55
255.4500,0,4,21,5,8,7,0,0,8701.85,-456.41,731.93,2522.17,1500.00,240.00,-1,10,0,100,13200.0,40000.0,0,10253.23,1507.14,1046.55
255.4500,0,7,21,5,0,7,0,0,9465.01,4340.65,528.77,2986.33,1500.00,240.00,-1,10,0,100,40000.0,40000.0,0,10253.23,1507.14,1046.55
255.4500,0,14,35,4,8,10,11,19,9996.13,1105.14,928.60,491.55,1500.00,540.00,-1,10,0,100,40000.0,40000.0,0,10253.23,1507.14,1046.55
255.5833,0,3,1,0,0,2,0,6,10116.15,3665.27,794.97,2183.16,1500.00,390.00,14,10,1,100,40000.0,40000.0,0,10236.38,1501.90,1062.48
255.5833,0,4,21,5,8,7,0,0,8701.85,-456.41,731.93,2509.79,1500.00,240.00,-1,10,0,100,13200.0,40000.0,0,10236.38,1501.90,1062.48
255.5833,0,7,21,5,0,7,0,0,9465.01,4340.65,528.77,2989.71,1500.00,240.00,-1,10,0,100,40000.0,40000.0,0,10236.38,1501.90,1062.48
255.5833,0,14,35,4,8,10,11,19,9996.13,1105.14,928.60,482.77,1500.00,540.00,-1,10,0,100,40000.0,40000.0,0,10236.38,1501.90,1062.48
255.7000,0,3,1,0,0,2,0,6,10113.71,3651.04,798.57,2169.69,1500.00,390.00,14,10,1,100,40000.0,40000.0,0,10216.26,1499.82,1061.79
255.7000,0,4,21,5,8,7,0,0,8701.85,-456.41,731.93,2495.82,1500.00,240.00,-1,10,0,100,13200.0,40000.0,0,10216.26,1499.82,1061.79
255.7000,0,7,21,5,0,7,0,0,9465.01,4340.65,528.77,2986.43,1500.00,240.00,-1,10,0,100,40000.0,40000.0,0,10216.26,1499.82,1061.79
255.7000,0,14,35,4,8,10,11,19,9996.13,1105.14,928.60,471.14,1500.00,540.00,-1,10,0,100,40000.0,40000.0,0,10216.26,1499.82,1061.79
255.8333,0,3,1,0,0,2,0,6,10110.92,3634.78,802.68,2153.56,1500.00,390.00,14,10,1,100,40000.0,40000.0,0,10194.51,1497.49,1053.32
255.8333,0,4,21,5,8,7,0,0,8701.85,-456.41,731.93,2479.73,1500.00,240.00,-1,10,0,100,13200.0,40000.0,0,10194.51,1497.49,1053.32
255.8333,0,7,21,5,0,7,0,0,9465.01,4340.65,528.77,2981.76,1500.00,240.00,-1,10,0,100,40000.0,40000.0,0,10194.51,1497.49,1053.32
255.8333,0,14,35,4,8,10,11,19,9996.13,1105.14,928.60,457.00,1500.00,540.00,-1,10,0,100,40000.0,40000.0,0,10194.51,1497.49,1053.32
255.9833,0,3,1,0,0,2,0,6,10107.79,3616.49,807.30,2139.07,1500.00,390.00,14,10,1,100,40000.0,40000.0,0,10174.96,1490.78,1036.34
255.9833,0,4,21,5,8,7,0,0,8701.85,-456.41,731.93,2460.55,1500.00,240.00,-1,10,0,100,13200.0,40000.0,0,10174.96,1490.78,1036.34
255.9833,0,7,21,5,0,7,0,0,9465.01,4340.65,528.77,2980.51,1500.00,240.00,-1,10,0,100,40000.0,40000.0,0,10174.96,1490.78,1036.34
255.9833,0,14,35,4,8,10,11,19,9996.13,1105.14,928.60,438.53,1500.00,540.00,-1,10,0,100,40000.0,40000.0,0,10174.96,1490.78,1036.34
256.1167,0,3,1,0,0,2,0,6,10105.00,3600.23,811.41,2133.15,1500.00,390.00,14,10,1,100,40000.0,40000.0,0,10166.39,1478.09,1018.90
256.1167,0,4,21,5,8,7,0,0,8701.85,-456.41,731.93,2443.26,1500.00,240.00,-1,10,0,100,13200.0,40000.0,0,10166.39,1478.09,1018.90
256.1167,0,7,21,5,0,7,0,0,9465.01,4340.65,528.77,2987.71,1500.00,240.00,-1,10,0,100,40000.0,40000.0,0,10166.39,1478.09,1018.90
256.1167,0,14,35,4,8,10,11,19,9996.13,1105.14,928.60,419.80,1500.00,540.00,-1,10,0,100,40000.0,40000.0,0,10166.39,1478.09,1018.90
256.2333,0,3,1,0,0,2,0,6,10102.56,3586.00,815.00,2119.81,1500.00,390.00,14,10,1,100,40000.0,40000.0,0,10165.25,1476.78,1017.12
256.2333,0,4,21,5,8,7,0,0,8701.85,-456.41,731.93,2441.33,1500.00,240.00,-1,10,0,100,13200.0,40000.0,0,10165.25,1476.78,1017.12
256.2333,0,7,21,5,0,7,0,0,9465.01,4340.65,528.77,2988.41,1500.00,240.00,-1,10,0,100,40000.0,40000.0,0,10165.25,1476.78,1017.12
256.2333,0,14,35,4,8,10,11,19,9996.13,1105.14,928.60,417.80,1500.00,540.00,-1,10,0,100,40000.0,40000.0,0,10165.25,1476.78,1017.12
256.3667,0,3,1,0,0,2,0,6,10099.78,3569.74,819.11,2103.33,1500.00,390.00,14,10,1,100,40000.0,40000.0,0,10165.25,1476.78,1017.12
256.3667,0,4,21,5,8,7,0,0,8701.85,-456.41,731.93,2441.33,1500.00,240.00,-1,10,0,100,13200.0,40000.0,0,10165.25,1476.78,1017.12
256.3667,0,7,21,5,0,7,0,0,9465.01,4340.65,528.77,2988.41,1500.00,240.00,-1,10,0,100,40000.0,40000.0,0,10165.25,1476.78,1017.12
256.3667,0,14,35,4,8,10,11,19,9996.13,1105.14,928.60,417.80,1500.00,540.00,-1,10,0,100,40000.0,40000.0,0,10165.25,1476.78,1017.12
256.5000,0,3,1,0,0,2,0,6,10096.99,3553.49,823.22,2086.86,1500.00,390.00,14,10,1,100,40000.0,40000.0,0,10165.25,1476.78,1017.12
256.5000,0,4,21,5,8,7,0,0,8701.85,-456.41,731.93,2441.33,1500.00,240.00,-1,10,0,100,13200.0,40000.0,0,10165.25,1476.78,1017.12
256.5000,0,7,21,5,0,7,0,0,9465.01,4340.65,528.77,2988.41,1500.00,240.00,-1,10,0,100,40000.0,40000.0,0,10165.25,1476.78,1017.12
256.5000,0,14,35,4,8,10,11,19,9996.13,1105.14,928.60,417.80,1500.00,540.00,-1,10,0,100,40000.0,40000.0,0,10165.25,1476.78,1017.12
256.6333,0,3,1,0,0,2,0,6,10094.20,3537.23,827.33,2070.39,1500.00,390.00,14,10,1,100,40000.0,40000.0,0,10165.25,1476.78,1017.12
256.6333,0,4,21,5,8,7,0,0,8701.85,-456.41,731.93,2441.33,1500.00,240.00,-1,10,0,100,13200.0,40000.0,0,10165.25,1476.78,1017.12
256.6333,0,7,21,5,0,7,0,0,9465.01,4340.65,528.77,2988.41,1500.00,240.00,-1,10,0,100,40000.0,40000.0,0,10165.25,1476.78,1017.12
256.6333,0,14,35,4,8,10,11,19,9996.13,1105.14,928.60,417.80,1500.00,540.00,-1,10,0,100,40000.0,40000.0,0,10165.25,1476.78,1017.12
256.7667,0,3,1,0,0,2,0,6,10091.42,3520.97,831.44,2051.61,1500.00,390.00,14,10,1,100,40000.0,40000.0,0,10165.49,1479.18,1017.84
256.7667,0,4,21,5,8,7,0,0,8701.85,-456.41,731.93,2443.47,1500.00,240.00,-1,10,0,100,13200.0,40000.0,0,10165.49,1479.18,1017.84
256.7667,0,7,21,5,0,7,0,0,9465.01,4340.65,528.77,2986.28,1500.00,240.00,-1,10,0,100,40000.0,40000.0,0,10165.49,1479.18,1017.84
256.7667,0,14,35,4,8,10,11,19,9996.13,1105.14,928.60,420.19,1500.00,540.00,-1,10,0,100,40000.0,40000.0,0,10165.49,1479.18,1017.84
256.8833,0,3,1,0,0,2,0,6,10088.98,3506.74,835.04,2028.87,1500.00,390.00,14,10,1,100,40000.0,40000.0,0,10166.60,1487.93,1021.30
256.8833,0,4,21,5,8,7,0,0,8701.85,-456.41,731.93,2451.47,1500.00,240.00,-1,10,0,100,13200.0,40000.0,0,10166.60,1487.93,1021.30
256.8833,0,7,21,5,0,7,0,0,9465.01,4340.65,528.77,2978.73,1500.00,240.00,-1,10,0,100,40000.0,40000.0,0,10166.60,1487.93,1021.30
256.8833,0,14,35,4,8,10,11,19,9996.13,1105.14,928.60,429.17,1500.00,540.00,-1,10,0,100,40000.0,40000.0,0,10166.60,1487.93,1021.30
257.0167,0,3,1,0,0,2,0,6,10086.19,3490.48,839.14,2009.79,1500.00,390.00,14,10,1,100,40000.0,40000.0,0,10167.53,1490.80,1023.30
257.0167,0,4,21,5,8,7,0,0,8701.85,-456.41,731.93,2454.54,1500.00,240.00,-1,10,0,100,13200.0,40000.0,0,10167.53,1490.80,1023.30
257.0167,0,7,21,5,0,7,0,0,9465.01,4340.65,528.77,2976.53,1500.00,240.00,-1,10,0,100,40000.0,40000.0,0,10167.53,1490.80,1023.30
257.0167,0,14,35,4,8,10,11,19,9996.13,1105.14,928.60,432.53,1500.00,540.00,-1,10,0,100,40000.0,40000.0,0,10167.53,1490.80,1023.30
257.1500,0,3,1,0,0,2,0,6,10083.41,3474.22,843.25,1993.36,1500.00,390.00,14,10,1,100,40000.0,40000.0,0,10167.53,1490.80,1023.30
257.1500,0,4,21,5,8,7,0,0,8701.85,-456.41,731.93,2454.54,1500.00,240.00,-1,10,0,100,13200.0,40000.0,0,10167.53,1490.80,1023.30
257.1500,0,7,21,5,0,7,0,0,9465.01,4340.65,528.77,2976.53,1500.00,240.00,-1,10,0,100,40000.0,40000.0,0,10167.53,1490.80,1023.30
257.1500,0,14,35,4,8,10,11,19,9996.13,1105.14,928.60,432.53,1500.00,540.00,-1,10,0,100,40000.0,40000.0,0,10167.53,1490.80,1023.30
257.2833,0,3,1,0,0,2,0,6,10080.62,3457.96,847.36,1976.93,1500.00,390.00,14,10,1,100,40000.0,40000.0,0,10167.53,1490.80,1023.30
257.2833,0,4,21,5,8,7,0,0,8701.85,-456.41,731.93,2454.54,1500.00,240.00,-1,10,0,100,13200.0,40000.0,0,10167.53,1490.80,1023.30
257.2833,0,7,21,5,0,7,0,0,9465.01,4340.65,528.77,2976.53,1500.00,240.00,-1,10,0,100,40000.0,40000.0,0,10167.53,1490.80,1023.30
257.2833,0,14,35,4,8,10,11,19,9996.13,1105.14,928.60,432.53,1500.00,540.00,-1,10,0,100,40000.0,40000.0,0,10167.53,1490.80,1023.30
257.4000,0,3,1,0,0,2,0,6,10078.18,3443.74,850.96,1962.56,1500.00,390.00,14,10,1,100,40000.0,40000.0,0,10167.53,1490.80,1023.30
257.4000,0,4,21,5,8,7,0,0,8701.85,-456.41,731.93,2454.54,1500.00,240.00,-1,10,0,100,13200.0,40000.0,0,10167.53,1490.80,1023.30
257.4000,0,7,21,5,0,7,0,0,9465.01,4340.65,528.77,2976.53,1500.00,240.00,-1,10,0,100,40000.0,40000.0,0,10167.53,1490.80,1023.30
257.4000,0,14,35,4,8,10,11,19,9996.13,1105.14,928.60,432.53,1500.00,540.00,-1,10,0,100,40000.0,40000.0,0,10167.53,1490.80,1023.30
257.5333,0,3,1,0,0,2,0,6,10075.93,3428.88,854.34,1947.58,1500.00,390.00,14,10,1,100,40000.0,40000.0,0,10167.53,1490.80,1023.30
257.5333,0,4,21,5,8,7,0,0,8701.85,-456.41,731.93,2454.54,1500.00,240.00,-1,10,0,100,13200.0,40000.0,0,10167.53,1490.80,1023.30
257.5333,0,7,21,5,0,7,0,0,9465.01,4340.65,528.77,2976.53,1500.00,240.00,-1,10,0,100,40000.0,40000.0,0,10167.53,1490.80,1023.30
257.5333,0,14,35,4,8,10,11,19,9996.13,1105.14,928.60,432.53,1500.00,540.00,-1,10,0,100,40000.0,40000.0,0,10167.53,1490.80,1023.30
257.6667,0,3,1,0,0,2,0,6,10075.35,3411.94,855.64,1930.64,1500.00,390.00,14,10,1,100,40000.0,40000.0,0,10167.53,1490.80,1023.30
257.6667,0,4,21,5,8,7,0,0,8701.85,-456.41,731.93,2454.54,1500.00,240.00,-1,10,0,100,13200.0,40000.0,0,10167.53,1490.80,1023.30
257.6667,0,7,21,5,0,7,0,0,9465.01,4340.65,528.77,2976.53,1500.00,240.00,-1,10,0,100,40000.0,40000.0,0,10167.53,1490.80,1023.30
257.6667,0,14,35,4,8,10,11,19,9996.13,1105.14,928.60,432.53,1500.00,540.00,-1,10,0,100,40000.0,40000.0,0,10167.53,1490.80,1023.30
257.8000,0,3,1,0,0,2,0,6,10074.78,3395.00,856.94,1913.70,1500.00,390.00,14,10,1,100,40000.0,40000.0,0,10167.53,1490.80,1023.30
257.8000,0,4,21,5,8,7,0,0,8701.85,-456.41,731.93,2454.54,1500.00,240.00,-1,10,0,100,13200.0,40000.0,0,10167.53,1490.80,1023.30
257.8000,0,7,21,5,0,7,0,0,9465.01,4340.65,528.77,2976.53,1500.00,240.00,-1,10,0,100,40000.0,40000.0,0,10167.53,1490.80,1023.30
257.8000,0,14,35,4,8,10,11,19,9996.13,1105.14,928.60,432.53,1500.00,540.00,-1,10,0,100,40000.0,40000.0,0,10167.53,1490.80,1023.30
257.9167,0,3,1,0,0,2,0,6,10074.28,3380.17,858.08,1898.88,1500.00,390.00,14,10,1,100,40000.0,40000.0,0,10167.53,1490.80,1023.30
257.9167,0,4,21,5,8,7,0,0,8701.85,-456.41,731.93,2454.54,1500.00,240.00,-1,10,0,100,13200.0,40000.0,0,10167.53,1490.80,1023.30
257.9167,0,7,21,5,0,7,0,0,9465.01,4340.65,528.77,2976.53,1500.00,240.00,-1,10,0,100,40000.0,40000.0,0,10167.53,1490.80,1023.30
257.9167,0,14,35,4,8,10,11,19,9996.13,1105.14,928.60,432.53,1500.00,540.00,-1,10,0,100,40000.0,40000.0,0,10167.53,1490.80,1023.30
258.0500,0,3,1,0,0,2,0,6,10073.70,3363.23,859.38,1881.94,1500.00,390.00,14,10,1,100,40000.0,40000.0,0,10167.53,1490.80,1023.30
258.0500,0,4,21,5,8,7,0,0,8701.85,-456.41,731.93,2454.54,1500.00,240.00,-1,10,0,100,13200.0,40000.0,0,10167.53,1490.80,1023.30
258.0500,0,7,21,5,0,7,0,0,9465.01,4340.65,528.77,2976.53,1500.00,240.00,-1,10,0,100,40000.0,40000.0,0,10167.53,1490.80,1023.30
258.0500,0,14,35,4,8,10,11,19,9996.13,1105.14,928.60,432.53,1500.00,540.00,-1,10,0,100,40000.0,40000.0,0,10167.53,1490.80,1023.30
258.1667,0,3,1,0,0,2,0,6,10073.20,3348.41,860.52,1867.11,1500.00,390.00,14,10,1,100,40000.0,40000.0,0,10167.53,1490.80,1023.30
258.1667,0,4,21,5,8,7,0,0,8701.85,-456.41,731.93,2454.54,1500.00,240.00,-1,10,0,100,13200.0,40000.0,0,10167.53,1490.80,1023.30
258.1667,0,7,21,5,0,7,0,0,9465.01,4340.65,528.77,2976.53,1500.00,240.00,-1,10,0,100,40000.0,40000.0,0,10167.53,1490.80,1023.30
258.1667,0,14,35,4,8,10,11,19,9996.13,1105.14,928.60,432.53,1500.00,540.00,-1,10,0,100,40000.0,40000.0,0,10167.53,1490.80,1023.30
258.3000,0,3,1,0,0,2,0,6,10072.63,3331.47,861.82,1850.18,1500.00,390.00,14,10,1,100,40000.0,40000.0,0,10167.53,1490.80,1023.30
258.3000,0,4,21,5,8,7,0,0,8701.85,-456.41,731.93,2454.54,1500.00,240.00,-1,10,0,100,13200.0,40000.0,0,10167.53,1490.80,1023.30
258.3000,0,7,21,5,0,7,0,0,9465.01,4340.65,528.77,2976.53,1500.00,240.00,-1,10,0,100,40000.0,40000.0,0,10167.53,1490.80,1023.30
258.3000,0,14,35,4,8,10,11,19,9996.13,1105.14,928.60,432.53,1500.00,540.00,-1,10,0,100,40000.0,40000.0,0,10167.53,1490.80,1023.30
258.4333,0,3,1,0,0,2,0,6,10072.05,3314.53,863.12,1833.24,1500.00,390.00,14,10,1,100,40000.0,40000.0,0,10167.53,1490.80,1023.30
258.4333,0,4,21,5,8,7,0,0,8701.85,-456.41,731.93,2454.54,1500.00,240.00,-1,10,0,100,13200.0,40000.0,0,10167.53,1490.80,1023.30
258.4333,0,7,21,5,0,7,0,0,9465.01,4340.65,528.77,2976.53,1500.00,240.00,-1,10,0,100,40000.0,40000.0,0,10167.53,1490.80,1023.30
258.4333,0,14,35,4,8,10,11,19,9996.13,1105.14,928.60,432.53,1500.00,540.00,-1,10,0,100,40000.0,40000.0,0,10167.53,1490.80,1023.30
258.5500,0,3,1,0,0,2,0,6,10071.55,3299.71,864.26,1818.42,1500.00,390.00,14,10,1,100,40000.0,40000.0,0,10167.53,1490.80,1023.30
258.5500,0,4,21,5,8,7,0,0,8701.85,-456.41,731.93,2454.54,1500.00,240.00,-1,10,0,100,13200.0,40000.0,0,10167.53,1490.80,1023.30
258.5500,0,7,21,5,0,7,0,0,9465.01,4340.65,528.77,2976.53,1500.00,240.00,-1,10,0,100,40000.0,40000.0,0,10167.53,1490.80,1023.30
258.5500,0,14,35,4,8,10,11,19,9996.13,1105.14,928.60,432.53,1500.00,540.00,-1,10,0,100,40000.0,40000.0,0,10167.53,1490.80,1023.30
258.6833,0,3,1,0,0,2,0,6,10070.98,3282.77,865.56,1801.49,1500.00,390.00,14,10,1,100,40000.0,40000.0,0,10167.53,1490.80,1023.30
258.6833,0,4,21,5,8,7,0,0,8701.85,-456.41,731.93,2454.54,1500.00,240.00,-1,10,0,100,13200.0,40000.0,0,10167.53,1490.80,1023.30
258.6833,0,7,21,5,0,7,0,0,9465.01,4340.65,528.77,2976.53,1500.00,240.00,-1,10,0,100,40000.0,40000.0,0,10167.53,1490.80,1023.30
258.6833,0,14,35,4,8,10,11,19,9996.13,1105.14,928.60,432.53,1500.00,540.00,-1,10,0,100,40000.0,40000.0,0,10167.53,1490.80,1023.30
258.8000,0,3,1,0,0,2,0,6,10070.47,3267.94,866.70,1786.71,1500.00,390.00,14,10,1,100,40000.0,40000.0,0,10167.25,1490.72,1023.03
258.8000,0,4,21,5,8,7,0,0,8701.85,-456.41,731.93,2454.27,1500.00,240.00,-1,10,0,100,13200.0,40000.0,0,10167.25,1490.72,1023.03
258.8000,0,7,21,5,0,7,0,0,9465.01,4340.65,528.77,2976.50,1500.00,240.00,-1,10,0,100,40000.0,40000.0,0,10167.25,1490.72,1023.03
258.8000,0,14,35,4,8,10,11,19,9996.13,1105.14,928.60,432.29,1500.00,540.00,-1,10,0,100,40000.0,40000.0,0,10167.25,1490.72,1023.03
258.9333,0,3,1,0,0,2,0,6,10069.90,3251.00,868.00,1770.35,1500.00,390.00,14,10,1,100,40000.0,40000.0,0,10164.08,1489.71,1020.00
258.9333,0,4,21,5,8,7,0,0,8701.85,-456.41,731.93,2451.23,1500.00,240.00,-1,10,0,100,13200.0,40000.0,0,10164.08,1489.71,1020.00
258.9333,0,7,21,5,0,7,0,0,9465.01,4340.65,528.77,2976.22,1500.00,240.00,-1,10,0,100,40000.0,40000.0,0,10164.08,1489.71,1020.00
258.9333,0,14,35,4,8,10,11,19,9996.13,1105.14,928.60,429.49,1500.00,540.00,-1,10,0,100,40000.0,40000.0,0,10164.08,1489.71,1020.00
259.0667,0,3,1,0,0,2,0,6,10069.32,3234.06,869.30,1753.41,1500.00,390.00,14,10,1,100,40000.0,40000.0,0,10164.08,1489.71,1020.00
259.0667,0,4,21,5,8,7,0,0,8701.85,-456.41,731.93,2451.23,1500.00,240.00,-1,10,0,100,13200.0,40000.0,0,10164.08,1489.71,1020.00
259.0667,0,7,21,5,0,7,0,0,9465.01,4340.65,528.77,2976.22,1500.00,240.00,-1,10,0,100,40000.0,40000.0,0,10164.08,1489.71,1020.00
259.0667,0,14,35,4,8,10,11,19,9996.13,1105.14,928.60,429.49,1500.00,540.00,-1,10,0,100,40000.0,40000.0,0,10164.08,1489.71,1020.00
259.1833,0,3,1,0,0,2,0,6,10068.82,3219.24,870.44,1738.59,1500.00,390.00,14,10,1,100,40000.0,40000.0,0,10164.08,1489.71,1020.00
259.1833,0,4,21,5,8,7,0,0,8701.85,-456.41,731.93,2451.23,1500.00,240.00,-1,10,0,100,13200.0,40000.0,0,10164.08,1489.71,1020.00
259.1833,0,7,21,5,0,7,0,0,9465.01,4340.65,528.77,2976.22,1500.00,240.00,-1,10,0,100,40000.0,40000.0,0,10164.08,1489.71,1020.00
259.1833,0,14,35,4,8,10,11,19,9996.13,1105.14,928.60,429.49,1500.00,540.00,-1,10,0,100,40000.0,40000.0,0,10164.08,1489.71,1020.00
259.3167,0,3,1,0,0,2,0,6,10068.25,3202.30,871.74,1721.66,1500.00,390.00,14,10,1,100,40000.0,40000.0,0,10164.08,1489.71,1020.00
259.3167,0,4,21,5,8,7,0,0,8701.85,-456.41,731.93,2451.23,1500.00,240.00,-1,10,0,100,13200.0,40000.0,0,10164.08,1489.71,1020.00
259.3167,0,7,21,5,0,7,0,0,9465.01,4340.65,528.77,2976.22,1500.00,240.00,-1,10,0,100,40000.0,40000.0,0,10164.08,1489.71,1020.00
259.3167,0,14,35,4,8,10,11,19,9996.13,1105.14,928.60,429.49,1500.00,540.00,-1,10,0,100,40000.0,40000.0,0,10164.08,1489.71,1020.00
259.4500,0,3,1,0,0,2,0,6,10067.67,3185.36,873.04,1704.73,1500.00,390.00,14,10,1,100,40000.0,40000.0,0,10164.08,1489.71,1020.00
259.4500,0,4,21,5,8,7,0,0,8701.85,-456.41,731.93,2451.23,1500.00,240.00,-1,10,0,100,13200.0,40000.0,0,10164.08,1489.71,1020.00
259.4500,0,7,21,5,0,7,0,0,9465.01,4340.65,528.77,2976.22,1500.00,240.00,-1,10,0,100,40000.0,40000.0,0,10164.08,1489.71,1020.00
259.4500,0,14,35,4,8,10,11,19,9996.13,1105.14,928.60,429.49,1500.00,540.00,-1,10,0,100,40000.0,40000.0,0,10164.08,1489.71,1020.00
259.5667,0,3,1,0,0,2,0,6,10067.17,3170.54,874.18,1689.92,1500.00,390.00,14,10,1,100,40000.0,40000.0,0,10164.08,1489.71,1020.00
259.5667,0,4,21,5,8,7,0,0,8701.85,-456.41,731.93,2451.23,1500.00,240.00,-1,10,0,100,13200.0,40000.0,0,10164.08,1489.71,1020.00
259.5667,0,7,21,5,0,7,0,0,9465.01,4340.65,528.77,2976.22,1500.00,240.00,-1,10,0,100,40000.0,40000.0,0,10164.08,1489.71,1020.00
259.5667,0,14,35,4,8,10,11,19,9996.13,1105.14,928.60,429.49,1500.00,540.00,-1,10,0,100,40000.0,40000.0,0,10164.08,1489.71,1020.00
259.7000,0,3,1,0,0,2,0,6,10066.60,3153.59,875.48,1672.99,1500.00,390.00,14,10,1,100,40000.0,40000.0,0,10164.08,1489.71,1020.00
259.7000,0,4,21,5,8,7,0,0,8701.85,-456.41,731.93,2451.23,1500.00,240.00,-1,10,0,100,13200.0,40000.0,0,10164.08,1489.71,1020.00
259.7000,0,7,21,5,0,7,0,0,9465.01,4340.65,528.77,2976.22,1500.00,240.00,-1,10,0,100,40000.0,40000.0,0,10164.08,1489.71,1020.00
259.7000,0,14,35,4,8,10,11,19,9996.13,1105.14,928.60,429.49,1500.00,540.00,-1,10,0,100,40000.0,40000.0,0,10164.08,1489.71,1020.00
259.8333,0,3,1,0,0,2,0,6,10066.02,3136.65,876.79,1656.07,1500.00,390.00,14,10,1,100,40000.0,40000.0,0,10164.08,1489.71,1020.00
259.8333,0,4,21,5,8,7,0,0,8701.85,-456.41,731.93,2451.23,1500.00,240.00,-1,10,0,100,13200.0,40000.0,0,10164.08,1489.71,1020.00
259.8333,0,7,21,5,0,7,0,0,9465.01,4340.65,528.77,2976.22,1500.00,240.00,-1,10,0,100,40000.0,40000.0,0,10164.08,1489.71,1020.00
259.8333,0,14,35,4,8,10,11,19,9996.13,1105.14,928.60,429.49,1500.00,540.00,-1,10,0,100,40000.0,40000.0,0,10164.08,1489.71,1020.00
259.9500,0,3,1,0,0,2,0,6,10065.52,3121.83,877.92,1641.26,1500.00,390.00,14,10,1,100,40000.0,40000.0,0,10164.08,1489.71,1020.00
259.9500,0,4,21,5,8,7,0,0,8701.85,-456.41,731.93,2451.23,1500.00,240.00,-1,10,0,100,13200.0,40000.0,0,10164.08,1489.71,1020.00
259.9500,0,7,21,5,0,7,0,0,9465.01,4340.65,528.77,2976.22,1500.00,240.00,-1,10,0,100,40000.0,40000.0,0,10164.08,1489.71,1020.00
259.9500,0,14,35,4,8,10,11,19,9996.13,1105.14,928.60,429.49,1500.00,540.00,-1,10,0,100,40000.0,40000.0,0,10164.08,1489.71,1020.00
260.0833,0,3,1,0,0,2,0,6,10064.95,3104.89,879.22,1624.33,1500.00,390.00,14,10,1,100,40000.0,40000.0,0,10164.08,1489.71,1020.00
260.0833,0,4,21,5,8,7,0,0,8701.85,-456.41,731.93,2451.23,1500.00,240.00,-1,10,0,100,13200.0,40000.0,0,10164.08,1489.71,1020.00
260.0833,0,7,21,5,0,7,0,0,9465.01,4340.65,528.77,2976.22,1500.00,240.00,-1,10,0,100,40000.0,40000.0,0,10164.08,1489.71,1020.00
260.0833,0,14,35,4,8,10,11,19,9996.13,1105.14,928.60,429.49,1500.00,540.00,-1,10,0,100,40000.0,40000.0,0,10164.08,1489.71,1020.00
260.2167,0,3,1,0,0,2,0,6,10064.37,3087.95,880.53,1607.41,1500.00,390.00,14,10,1,100,40000.0,40000.0,0,10164.08,1489.71,1020.00
260.2167,0,4,21,5,8,7,0,0,8701.85,-456.41,731.93,2451.23,1500.00,240.00,-1,10,0,100,13200.0,40000.0,0,10164.08,1489.71,1020.00
260.2167,0,7,21,5,0,7,0,0,9465.01,4340.65,528.77,2976.22,1500.00,240.00,-1,10,0,100,40000.0,40000.0,0,10164.08,1489.71,1020.00
260.2167,0,14,35,4,8,10,11,19,9996.13,1105.14,928.60,429.49,1500.00,540.00,-1,10,0,100,40000.0,40000.0,0,10164.08,1489.71,1020.00
260.3333,0,3,1,0,0,2,0,6,10064.71,3074.99,881.39,1594.42,1500.00,390.00,14,10,1,100,40000.0,40000.0,0,10164.08,1489.71,1020.00
260.3333,0,4,21,5,8,7,0,0,8701.85,-456.41,731.93,2451.23,1500.00,240.00,-1,10,0,100,13200.0,40000.0,0,10164.08,1489.71,1020.00
260.3333,0,7,21,5,0,7,0,0,9465.01,4340.65,528.77,2976.22,1500.00,240.00,-1,10,0,100,40000.0,40000.0,0,10164.08,1489.71,1020.00
260.3333,0,14,35,4,8,10,11,19,9996.13,1105.14,928.60,429.49,1500.00,540.00,-1,10,0,100,40000.0,40000.0,0,10164.08,1489.71,1020.00
260.4667,0,3,1,0,0,2,0,6,10070.34,3058.95,881.55,1578.12,1500.00,390.00,14,10,1,100,40000.0,40000.0,0,10164.08,1489.71,1020.00
260.4667,0,4,21,5,8,7,0,0,8701.85,-456.41,731.93,2451.23,1500.00,240.00,-1,10,0,100,13200.0,40000.0,0,10164.08,1489.71,1020.00
260.4667,0,7,21,5,0,7,0,0,9465.01,4340.65,528.77,2976.22,1500.00,240.00,-1,10,0,100,40000.0,40000.0,0,10164.08,1489.71,1020.00
260.4667,0,14,35,4,8,10,11,19,9996.13,1105.14,928.60,429.49,1500.00,540.00,-1,10,0,100,40000.0,40000.0,0,10164.08,1489.71,1020.00
260.6000,0,3,1,0,0,2,0,6,10075.98,3042.91,881.70,1561.83,1500.00,390.00,14,10,1,100,40000.0,40000.0,0,10164.08,1489.71,1020.00
260.6000,0,4,21,5,8,7,0,0,8701.85,-456.41,731.93,2451.23,1500.00,240.00,-1,10,0,100,13200.0,40000.0,0,10164.08,1489.71,1020.00
260.6000,0,7,21,5,0,7,0,0,9465.01,4340.65,528.77,2976.22,1500.00,240.00,-1,10,0,100,40000.0,40000.0,0,10164.08,1489.71,1020.00
260.6000,0,14,35,4,8,10,11,19,9996.13,1105.14,928.60,429.49,1500.00,540.00,-1,10,0,100,40000.0,40000.0,0,10164.08,1489.71,1020.00
260.7167,0,3,1,0,0,2,0,6,10080.91,3028.88,881.84,1547.59,1500.00,390.00,14,10,1,100,40000.0,40000.0,0,10164.08,1489.71,1020.00
260.7167,0,4,21,5,8,7,0,0,8701.85,-456.41,731.93,2451.23,1500.00,240.00,-1,10,0,100,13200.0,40000.0,0,10164.08,1489.71,1020.00
260.7167,0,7,21,5,0,7,0,0,9465.01,4340.65,528.77,2976.22,1500.00,240.00,-1,10,0,100,40000.0,40000.0,0,10164.08,1489.71,1020.00
260.7167,0,14,35,4,8,10,11,19,9996.13,1105.14,928.60,429.49,1500.00,540.00,-1,10,0,100,40000.0,40000.0,0,10164.08,1489.71,1020.00
260.8500,0,3,1,0,0,2,0,6,10086.54,3012.84,882.00,1531.33,1500.00,390.00,14,10,1,100,40000.0,40000.0,0,10164.08,1489.71,1020.00
260.8500,0,4,21,5,8,7,0,0,8701.85,-456.41,731.93,2451.23,1500.00,240.00,-1,10,0,100,13200.0,40000.0,0,10164.08,1489.71,1020.00
260.8500,0,7,21,5,0,7,0,0,9465.01,4340.65,528.77,2976.22,1500.00,240.00,-1,10,0,100,40000.0,40000.0,0,10164.08,1489.71,1020.00
260.8500,0,14,35,4,8,10,11,19,9996.13,1105.14,928.60,429.49,1500.00,540.00,-1,10,0,100,40000.0,40000.0,0,10164.08,1489.71,1020.00
260.9833,0,3,1,0,0,2,0,6,10092.18,2996.80,882.16,1515.09,1500.00,390.00,14,10,1,100,40000.0,40000.0,0,10164.08,1489.71,1020.00
260.9833,0,4,21,5,8,7,0,0,8701.85,-456.41,731.93,2451.23,1500.00,240.00,-1,10,0,100,13200.0,40000.0,0,10164.08,1489.71,1020.00
260.9833,0,7,21,5,0,7,0,0,9465.01,4340.65,528.77,2976.22,1500.00,240.00,-1,10,0,100,40000.0,40000.0,0,10164.08,1489.71,1020.00
260.9833,0,14,35,4,8,10,11,19,9996.13,1105.14,928.60,429.49,1500.00,540.00,-1,10,0,100,40000.0,40000.0,0,10164.08,1489.71,1020.00
261.1000,0,3,1,0,0,2,0,6,10097.11,2982.77,882.30,1500.89,1500.00,390.00,14,10,1,100,40000.0,40000.0,0,10164.08,1489.71,1020.00
261.1000,0,4,21,5,8,7,0,0,8701.85,-456.41,731.93,2451.23,1500.00,240.00,-1,10,0,100,13200.0,40000.0,0,10164.08,1489.71,1020.00
261.1000,0,7,21,5,0,7,0,0,9465.01,4340.65,528.77,2976.22,1500.00,240.00,-1,10,0,100,40000.0,40000.0,0,10164.08,1489.71,1020.00
261.1000,0,14,35,4,8,10,11,19,9996.13,1105.14,928.60,429.49,1500.00,540.00,-1,10,0,100,40000.0,40000.0,0,10164.08,1489.71,1020.00
261.2333,0,3,1,0,0,2,0,6,10102.74,2966.73,882.46,1484.68,1500.00,390.00,14,10,1,100,40000.0,40000.0,0,10164.08,1489.71,1020.00
261.2333,0,4,21,5,8,7,0,0,8701.85,-456.41,731.93,2451.23,1500.00,240.00,-1,10,0,100,13200.0,40000.0,0,10164.08,1489.71,1020.00
261.2333,0,7,21,5,0,7,0,0,9465.01,4340.65,528.77,2976.22,1500.00,240.00,-1,10,0,100,40000.0,40000.0,0,10164.08,1489.71,1020.00
261.2333,0,14,35,4,8,10,11,19,9996.13,1105.14,928.60,429.49,1500.00,540.00,-1,10,0,100,40000.0,40000.0,0,10164.08,1489.71,1020.00
261.3667,0,3,1,0,0,2,0,6,10108.38,2950.69,882.61,1468.48,1500.00,390.00,14,10,1,100,40000.0,40000.0,0,10164.08,1489.71,1020.00
261.3667,0,4,21,5,8,7,0,0,8701.85,-456.41,731.93,2451.23,1500.00,240.00,-1,10,0,100,13200.0,40000.0,0,10164.08,1489.71,1020.00
261.3667,0,7,21,5,0,7,0,0,9465.01,4340.65,528.77,2976.22,1500.00,240.00,-1,10,0,100,40000.0,40000.0,0,10164.08,1489.71,1020.00
261.3667,0,14,35,4,8,10,11,19,9996.13,1105.14,928.60,429.49,1500.00,540.00,-1,10,0,100,40000.0,40000.0,0,10164.08,1489.71,1020.00
261.5000,0,3,1,0,0,2,0,6,10114.01,2934.65,882.77,1452.31,1500.00,390.00,14,10,1,100,40000.0,40000.0,0,10164.08,1489.71,1020.00
261.5000,0,4,21,5,8,7,0,0,8701.85,-456.41,731.93,2451.23,1500.00,240.00,-1,10,0,100,13200.0,40000.0,0,10164.08,1489.71,1020.00
261.5000,0,7,21,5,0,7,0,0,9465.01,4340.65,528.77,2976.22,1500.00,240.00,-1,10,0,100,40000.0,40000.0,0,10164.08,1489.71,1020.00
261.5000,0,14,35,4,8,10,11,19,9996.13,1105.14,928.60,429.49,1500.00,540.00,-1,10,0,100,40000.0,40000.0,0,10164.08,1489.71,1020.00
261.6167,0,3,1,0,0,2,0,6,10118.94,2920.62,882.91,1438.17,1500.00,390.00,14,10,1,100,40000.0,40000.0,0,10164.08,1489.71,1020.00
261.6167,0,4,21,5,8,7,0,0,8701.85,-456.41,731.93,2451.23,1500.00,240.00,-1,10,0,100,13200.0,40000.0,0,10164.08,1489.71,1020.00
261.6167,0,7,21,5,0,7,0,0,9465.01,4340.65,528.77,2976.22,1500.00,240.00,-1,10,0,100,40000.0,40000.0,0,10164.08,1489.71,1020.00
261.6167,0,14,35,4,8,10,11,19,9996.13,1105.14,928.60,429.49,1500.00,540.00,-1,10,0,100,40000.0,40000.0,0,10164.08,1489.71,1020.00
261.7500,0,3,1,0,0,2,0,6,10124.58,2904.58,883.07,1422.03,1500.00,390.00,14,10,1,100,40000.0,40000.0,0,10164.08,1489.71,1020.00
261.7500,0,4,21,5,8,7,0,0,8701.85,-456.41,731.93,2451.23,1500.00,240.00,-1,10,0,100,13200.0,40000.0,0,10164.08,1489.71,1020.00
261.7500,0,7,21,5,0,7,0,0,9465.01,4340.65,528.77,2976.22,1500.00,240.00,-1,10,0,100,40000.0,40000.0,0,10164.08,1489.71,1020.00
261.7500,0,14,35,4,8,10,11,19,9996.13,1105.14,928.60,429.49,1500.00,540.00,-1,10,0,100,40000.0,40000.0,0,10164.08,1489.71,1020.00
261.8833,1,3,1,0,0,2,0,6,10130.21,2888.54,883.23,1405.91,1500.00,390.00,14,10,1,100,40000.0,40000.0,0,10164.08,1489.71,1020.00
261.8833,1,4,21,5,8,7,0,0,8701.85,-456.41,731.93,2451.23,1500.00,240.00,-1,10,0,100,13200.0,40000.0,0,10164.08,1489.71,1020.00
261.8833,1,7,21,5,0,7,0,0,9465.01,4340.65,528.77,2976.22,1500.00,240.00,-1,10,0,100,40000.0,40000.0,0,10164.08,1489.71,1020.00
261.8833,1,14,35,4,8,10,11,19,9996.13,1105.14,928.60,429.49,1500.00,540.00,-1,10,0,100,40000.0,40000.0,0,10164.08,1489.71,1020.00
262.0000,1,3,1,0,0,2,0,6,10135.15,2874.51,883.37,1391.82,1500.00,390.00,14,10,1,100,40000.0,40000.0,0,10164.08,1489.71,1020.00
262.0000,1,4,21,5,8,7,0,0,8701.85,-456.41,731.93,2451.23,1500.00,240.00,-1,10,0,100,13200.0,40000.0,0,10164.08,1489.71,1020.00
262.0000,1,7,21,5,0,7,0,0,9465.01,4340.65,528.77,2976.22,1500.00,240.00,-1,10,0,100,40000.0,40000.0,0,10164.08,1489.71,1020.00
262.0000,1,14,35,4,8,10,11,19,9996.13,1105.14,928.60,429.49,1500.00,540.00,-1,10,0,100,40000.0,40000.0,0,10164.08,1489.71,1020.00
262.1333,1,3,1,0,0,2,0,6,10140.78,2858.47,883.53,1375.74,1500.00,390.00,14,10,1,100,40000.0,40000.0,0,10164.08,1489.71,1020.00
262.1333,1,4,21,5,8,7,0,0,8701.85,-456.41,731.93,2451.23,1500.00,240.00,-1,10,0,100,13200.0,40000.0,0,10164.08,1489.71,1020.00
262.1333,1,7,21,5,0,7,0,0,9465.01,4340.65,528.77,2976.22,1500.00,240.00,-1,10,0,100,40000.0,40000.0,0,10164.08,1489.71,1020.00
262.1333,1,14,35,4,8,10,11,19,9996.13,1105.14,928.60,429.49,1500.00,540.00,-1,10,0,100,40000.0,40000.0,0,10164.08,1489.71,1020.00
262.2667,1,3,1,0,0,2,0,6,10146.42,2842.43,883.68,1359.69,1500.00,390.00,14,10,1,100,40000.0,40000.0,0,10164.08,1489.71,1020.00
262.2667,1,4,21,5,8,7,0,0,8701.85,-456.41,731.93,2451.23,1500.00,240.00,-1,10,0,100,13200.0,40000.0,0,10164.08,1489.71,1020.00
262.2667,1,7,21,5,0,7,0,0,9465.01,4340.65,528.77,2976.22,1500.00,240.00,-1,10,0,100,40000.0,40000.0,0,10164.08,1489.71,1020.00
262.2667,1,14,35,4,8,10,11,19,9996.13,1105.14,928.60,429.49,1500.00,540.00,-1,10,0,100,40000.0,40000.0,0,10164.08,1489.71,1020.00
262.3833,1,3,1,0,0,2,0,6,10151.35,2828.40,883.82,1345.66,1500.00,390.00,14,10,1,100,40000.0,40000.0,0,10164.08,1489.71,1020.00
262.3833,1,4,21,5,8,7,0,0,8701.85,-456.41,731.93,2451.23,1500.00,240.00,-1,10,0,100,13200.0,40000.0,0,10164.08,1489.71,1020.00
262.3833,1,7,21,5,0,7,0,0,9465.01,4340.65,528.77,2976.22,1500.00,240.00,-1,10,0,100,40000.0,40000.0,0,10164.08,1489.71,1020.00
262.3833,1,14,35,4,8,10,11,19,9996.13,1105.14,928.60,429.49,1500.00,540.00,-1,10,0,100,40000.0,40000.0,0,10164.08,1489.71,1020.00
262.5167,1,3,1,0,0,2,0,6,10156.98,2812.36,883.98,1329.65,1500.00,390.00,14,10,1,100,40000.0,40000.0,0,10164.08,1489.71,1020.00
262.5167,1,4,21,5,8,7,0,0,8701.85,-456.41,731.93,2451.23,1500.00,240.00,-1,10,0,100,13200.0,40000.0,0,10164.08,1489.71,1020.00
262.5167,1,7,21,5,0,7,0,0,9465.01,4340.65,528.77,2976.22,1500.00,240.00,-1,10,0,100,40000.0,40000.0,0,10164.08,1489.71,1020.00
262.5167,1,14,35,4,8,10,11,19,9996.13,1105.14,928.60,429.49,1500.00,540.00,-1,10,0,100,40000.0,40000.0,0,10164.08,1489.71,1020.00
262.6500,1,3,1,0,0,2,0,6,10162.62,2796.32,884.14,1313.66,1500.00,390.00,14,10,1,100,40000.0,40000.0,0,10164.08,1489.71,1020.00
262.6500,1,4,21,5,8,7,0,0,8701.85,-456.41,731.93,2451.23,1500.00,240.00,-1,10,0,100,13200.0,40000.0,0,10164.08,1489.71,1020.00
262.6500,1,7,21,5,0,7,0,0,9465.01,4340.65,528.77,2976.22,1500.00,240.00,-1,10,0,100,40000.0,40000.0,0,10164.08,1489.71,1020.00
262.6500,1,14,35,4,8,10,11,19,9996.13,1105.14,928.60,429.49,1500.00,540.00,-1,10,0,100,40000.0,40000.0,0,10164.08,1489.71,1020.00
262.7667,1,3,1,0,0,2,0,6,10167.55,2782.29,884.28,1300.07,1500.00,390.00,14,10,1,100,40000.0,40000.0,0,10163.64,1489.27,1019.44
262.7667,1,4,21,5,8,7,0,0,8701.85,-456.41,731.93,2450.55,1500.00,240.00,-1,10,0,100,13200.0,40000.0,0,10163.64,1489.27,1019.44
262.7667,1,7,21,5,0,7,0,0,9465.01,4340.65,528.77,2976.44,1500.00,240.00,-1,10,0,100,40000.0,40000.0,0,10163.64,1489.27,1019.44
262.7667,1,14,35,4,8,10,11,19,9996.13,1105.14,928.60,428.80,1500.00,540.00,-1,10,0,100,40000.0,40000.0,0,10163.64,1489.27,1019.44
262.9000,1,3,1,0,0,2,0,6,10173.18,2766.25,884.44,1288.06,1500.00,390.00,14,10,1,100,40000.0,40000.0,0,10156.69,1484.61,1011.73
262.9000,1,4,21,5,8,7,0,0,8701.85,-456.41,731.93,2441.81,1500.00,240.00,-1,10,0,100,13200.0,40000.0,0,10156.69,1484.61,1011.73
262.9000,1,7,21,5,0,7,0,0,9465.01,4340.65,528.77,2978.03,1500.00,240.00,-1,10,0,100,40000.0,40000.0,0,10156.69,1484.61,1011.73
262.9000,1,14,35,4,8,10,11,19,9996.13,1105.14,928.60,420.34,1500.00,540.00,-1,10,0,100,40000.0,40000.0,0,10156.69,1484.61,1011.73
263.0333,1,3,1,0,0,2,0,6,10178.82,2750.21,884.59,1275.20,1500.00,390.00,14,10,1,100,40000.0,40000.0,0,10150.93,1481.00,1004.84
263.0333,1,4,21,5,8,7,0,0,8701.85,-456.41,731.93,2434.73,1500.00,240.00,-1,10,0,100,13200.0,40000.0,0,10150.93,1481.00,1004.84
263.0333,1,7,21,5,0,7,0,0,9465.01,4340.65,528.77,2979.05,1500.00,240.00,-1,10,0,100,40000.0,40000.0,0,10150.93,1481.00,1004.84
263.0333,1,14,35,4,8,10,11,19,9996.13,1105.14,928.60,413.58,1500.00,540.00,-1,10,0,100,40000.0,40000.0,0,10150.93,1481.00,1004.84
263.1667,1,3,1,0,0,2,0,6,10177.90,2736.12,883.71,1261.24,1500.00,390.00,14,10,1,100,40000.0,40000.0,0,10150.93,1481.00,1004.84
263.1667,1,4,21,5,8,7,0,0,8701.85,-456.41,731.93,2434.73,1500.00,240.00,-1,10,0,100,13200.0,40000.0,0,10150.93,1481.00,1004.84
263.1667,1,7,21,5,0,7,0,0,9465.01,4340.65,528.77,2979.05,1500.00,240.00,-1,10,0,100,40000.0,40000.0,0,10150.93,1481.00,1004.84
263.1667,1,14,35,4,8,10,11,19,9996.13,1105.14,928.60,413.58,1500.00,540.00,-1,10,0,100,40000.0,40000.0,0,10150.93,1481.00,1004.84
263.2833,1,3,1,0,0,2,0,6,10172.48,2722.36,882.05,1247.61,1500.00,390.00,14,10,1,100,40000.0,40000.0,0,10150.93,1481.00,1004.84
263.2833,1,4,21,5,8,7,0,0,8701.85,-456.41,731.93,2434.73,1500.00,240.00,-1,10,0,100,13200.0,40000.0,0,10150.93,1481.00,1004.84
263.2833,1,7,21,5,0,7,0,0,9465.01,4340.65,528.77,2979.05,1500.00,240.00,-1,10,0,100,40000.0,40000.0,0,10150.93,1481.00,1004.84
263.2833,1,14,35,4,8,10,11,19,9996.13,1105.14,928.60,413.58,1500.00,540.00,-1,10,0,100,40000.0,40000.0,0,10150.93,1481.00,1004.84
263.4167,1,3,1,0,0,2,0,6,10166.29,2706.65,880.16,1232.07,1500.00,390.00,14,10,1,100,40000.0,40000.0,0,10150.93,1481.00,1004.84
263.4167,1,4,21,5,8,7,0,0,8701.85,-456.41,731.93,2434.73,1500.00,240.00,-1,10,0,100,13200.0,40000.0,0,10150.93,1481.00,1004.84
263.4167,1,7,21,5,0,7,0,0,9465.01,4340.65,528.77,2979.05,1500.00,240.00,-1,10,0,100,40000.0,40000.0,0,10150.93,1481.00,1004.84
263.4167,1,14,35,4,8,10,11,19,9996.13,1105.14,928.60,413.58,1500.00,540.00,-1,10,0,100,40000.0,40000.0,0,10150.93,1481.00,1004.84
263.5500,1,3,1,0,0,2,0,6,10160.10,2690.93,878.27,1215.49,1500.00,390.00,14,10,1,100,40000.0,40000.0,0,10151.38,1482.19,1005.95
263.5500,1,4,21,5,8,7,0,0,8701.85,-456.41,731.93,2436.07,1500.00,240.00,-1,10,0,100,13200.0,40000.0,0,10151.38,1482.19,1005.95
263.5500,1,7,21,5,0,7,0,0,9465.01,4340.65,528.77,2978.19,1500.00,240.00,-1,10,0,100,40000.0,40000.0,0,10151.38,1482.19,1005.95
263.5500,1,14,35,4,8,10,11,19,9996.13,1105.14,928.60,415.04,1500.00,540.00,-1,10,0,100,40000.0,40000.0,0,10151.38,1482.19,1005.95
263.6667,1,3,1,0,0,2,0,6,10154.68,2677.17,876.61,1190.50,1500.00,390.00,14,10,1,100,40000.0,40000.0,0,10153.95,1494.60,1013.76
263.6667,1,4,21,5,8,7,0,0,8701.85,-456.41,731.93,2448.36,1500.00,240.00,-1,10,0,100,13200.0,40000.0,0,10153.95,1494.60,1013.76
263.6667,1,7,21,5,0,7,0,0,9465.01,4340.65,528.77,2968.14,1500.00,240.00,-1,10,0,100,40000.0,40000.0,0,10153.95,1494.60,1013.76
263.6667,1,14,35,4,8,10,11,19,9996.13,1105.14,928.60,428.77,1500.00,540.00,-1,10,0,100,40000.0,40000.0,0,10153.95,1494.60,1013.76
263.8000,1,3,1,0,0,2,0,6,10148.49,2661.45,874.72,1157.07,1500.00,390.00,14,10,1,100,40000.0,40000.0,0,10161.16,1514.02,1023.20
263.8000,1,4,21,5,8,7,0,0,8701.85,-456.41,731.93,2469.22,1500.00,240.00,-1,10,0,100,13200.0,40000.0,0,10161.16,1514.02,1023.20
263.8000,1,7,21,5,0,7,0,0,9465.01,4340.65,528.77,2952.78,1500.00,240.00,-1,10,0,100,40000.0,40000.0,0,10161.16,1514.02,1023.20
263.8000,1,14,35,4,8,10,11,19,9996.13,1105.14,928.60,450.97,1500.00,540.00,-1,10,0,100,40000.0,40000.0,0,10161.16,1514.02,1023.20
263.9333,1,3,1,0,0,2,0,6,10142.30,2645.73,872.83,1122.87,1500.00,390.00,14,10,1,100,40000.0,40000.0,0,10171.83,1534.02,1027.95
263.9333,1,4,21,5,8,7,0,0,8701.85,-456.41,731.93,2492.05,1500.00,240.00,-1,10,0,100,13200.0,40000.0,0,10171.83,1534.02,1027.95
263.9333,1,7,21,5,0,7,0,0,9465.01,4340.65,528.77,2936.99,1500.00,240.00,-1,10,0,100,40000.0,40000.0,0,10171.83,1534.02,1027.95
263.9333,1,14,35,4,8,10,11,19,9996.13,1105.14,928.60,474.01,1500.00,540.00,-1,10,0,100,40000.0,40000.0,0,10171.83,1534.02,1027.95
264.0667,1,3,1,0,0,2,0,6,10136.11,2630.02,870.94,1087.65,1500.00,390.00,14,10,1,100,40000.0,40000.0,0,10176.20,1554.10,1025.14
264.0667,1,4,21,5,8,7,0,0,8701.85,-456.41,731.93,2510.35,1500.00,240.00,-1,10,0,100,13200.0,40000.0,0,10176.20,1554.10,1025.14
264.0667,1,7,21,5,0,7,0,0,9465.01,4340.65,528.77,2918.40,1500.00,240.00,-1,10,0,100,40000.0,40000.0,0,10176.20,1554.10,1025.14
264.0667,1,14,35,4,8,10,11,19,9996.13,1105.14,928.60,493.27,1500.00,540.00,-1,10,0,100,40000.0,40000.0,0,10176.20,1554.10,1025.14
264.2000,1,3,1,0,0,2,0,6,10129.91,2614.30,869.05,1061.90,1500.00,390.00,14,10,1,100,40000.0,40000.0,0,10180.03,1565.31,1026.34
264.2000,1,4,21,5,8,7,0,0,8701.85,-456.41,731.93,2521.71,1500.00,240.00,-1,10,0,100,13200.0,40000.0,0,10180.03,1565.31,1026.34
264.2000,1,7,21,5,0,7,0,0,9465.01,4340.65,528.77,2908.84,1500.00,240.00,-1,10,0,100,40000.0,40000.0,0,10180.03,1565.31,1026.34
264.2000,1,14,35,4,8,10,11,19,9996.13,1105.14,928.60,505.10,1500.00,540.00,-1,10,0,100,40000.0,40000.0,0,10180.03,1565.31,1026.34
264.3167,1,3,1,0,0,2,0,6,10124.50,2600.54,867.39,1042.40,1500.00,390.00,14,10,1,100,40000.0,40000.0,0,10182.11,1571.75,1025.04
264.3167,1,4,21,5,8,7,0,0,8701.85,-456.41,731.93,2527.95,1500.00,240.00,-1,10,0,100,13200.0,40000.0,0,10182.11,1571.75,1025.04
264.3167,1,7,21,5,0,7,0,0,9465.01,4340.65,528.77,2902.99,1500.00,240.00,-1,10,0,100,40000.0,40000.0,0,10182.11,1571.75,1025.04
264.3167,1,14,35,4,8,10,11,19,9996.13,1105.14,928.60,511.48,1500.00,540.00,-1,10,0,100,40000.0,40000.0,0,10182.11,1571.75,1025.04
264.4500,1,3,1,0,0,2,0,6,10118.31,2584.82,865.50,1027.55,1500.00,390.00,14,10,1,100,40000.0,40000.0,0,10182.11,1571.75,1025.04
264.4500,1,4,21,5,8,7,0,0,8701.85,-456.41,731.93,2527.95,1500.00,240.00,-1,10,0,100,13200.0,40000.0,0,10182.11,1571.75,1025.04
264.4500,1,7,21,5,0,7,0,0,9465.01,4340.65,528.77,2902.99,1500.00,240.00,-1,10,0,100,40000.0,40000.0,0,10182.11,1571.75,1025.04
264.4500,1,14,35,4,8,10,11,19,9996.13,1105.14,928.60,511.48,1500.00,540.00,-1,10,0,100,40000.0,40000.0,0,10182.11,1571.75,1025.04
264.5833,1,3,1,0,0,2,0,6,10112.11,2569.10,863.61,1012.76,1500.00,390.00,14,10,1,100,40000.0,40000.0,0,10182.11,1571.75,1025.04
264.5833,1,4,21,5,8,7,0,0,8701.85,-456.41,731.93,2527.95,1500.00,240.00,-1,10,0,100,13200.0,40000.0,0,10182.11,1571.75,1025.04
264.5833,1,7,21,5,0,7,0,0,9465.01,4340.65,528.77,2902.99,1500.00,240.00,-1,10,0,100,40000.0,40000.0,0,10182.11,1571.75,1025.04
264.5833,1,14,35,4,8,10,11,19,9996.13,1105.14,928.60,511.48,1500.00,540.00,-1,10,0,100,40000.0,40000.0,0,10182.11,1571.75,1025.04
264.7000,1,3,1,0,0,2,0,6,10106.70,2555.35,861.95,999.33,1500.00,390.00,14,10,1,100,40000.0,40000.0,0,10181.64,1572.26,1024.94
264.7000,1,4,21,5,8,7,0,0,8701.85,-456.41,731.93,2528.07,1500.00,240.00,-1,10,0,100,13200.0,40000.0,0,10181.64,1572.26,1024.94
264.7000,1,7,21,5,0,7,0,0,9465.01,4340.65,528.77,2902.37,1500.00,240.00,-1,10,0,100,40000.0,40000.0,0,10181.64,1572.26,1024.94
264.7000,1,14,35,4,8,10,11,19,9996.13,1105.14,928.60,511.76,1500.00,540.00,-1,10,0,100,40000.0,40000.0,0,10181.64,1572.26,1024.94
264.8333,1,3,1,0,0,2,0,6,10100.51,2539.63,860.06,980.48,1500.00,390.00,14,10,1,100,40000.0,40000.0,0,10178.85,1576.07,1023.63
264.8333,1,4,21,5,8,7,0,0,8701.85,-456.41,731.93,2529.36,1500.00,240.00,-1,10,0,100,13200.0,40000.0,0,10178.85,1576.07,1023.63
264.8333,1,7,21,5,0,7,0,0,9465.01,4340.65,528.77,2897.82,1500.00,240.00,-1,10,0,100,40000.0,40000.0,0,10178.85,1576.07,1023.63
264.8333,1,14,35,4,8,10,11,19,9996.13,1105.14,928.60,514.00,1500.00,540.00,-1,10,0,100,40000.0,40000.0,0,10178.85,1576.07,1023.63
264.9667,1,3,1,0,0,2,0,6,10094.31,2523.91,858.17,960.48,1500.00,390.00,14,10,1,100,40000.0,40000.0,0,10172.78,1580.34,1019.54
264.9667,1,4,21,5,8,7,0,0,8701.85,-456.41,731.93,2528.78,1500.00,240.00,-1,10,0,100,13200.0,40000.0,0,10172.78,1580.34,1019.54
264.9667,1,7,21,5,0,7,0,0,9465.01,4340.65,528.77,2891.56,1500.00,240.00,-1,10,0,100,40000.0,40000.0,0,10172.78,1580.34,1019.54
264.9667,1,14,35,4,8,10,11,19,9996.13,1105.14,928.60,515.06,1500.00,540.00,-1,10,0,100,40000.0,40000.0,0,10172.78,1580.34,1019.54
265.1000,1,3,1,0,0,2,0,6,10088.12,2508.19,856.27,945.92,1500.00,390.00,14,10,1,100,40000.0,40000.0,0,10170.49,1579.90,1018.28
265.1000,1,4,21,5,8,7,0,0,8701.85,-456.41,731.93,2526.95,1500.00,240.00,-1,10,0,100,13200.0,40000.0,0,10170.49,1579.90,1018.28
265.1000,1,7,21,5,0,7,0,0,9465.01,4340.65,528.77,2891.20,1500.00,240.00,-1,10,0,100,40000.0,40000.0,0,10170.49,1579.90,1018.28
265.1000,1,14,35,4,8,10,11,19,9996.13,1105.14,928.60,513.66,1500.00,540.00,-1,10,0,100,40000.0,40000.0,0,10170.49,1579.90,1018.28
265.2500,1,3,1,0,0,2,0,6,10081.16,2490.51,854.15,929.59,1500.00,390.00,14,10,1,100,40000.0,40000.0,0,10170.49,1579.90,1018.28
265.2500,1,4,21,5,8,7,0,0,8701.85,-456.41,731.93,2526.95,1500.00,240.00,-1,10,0,100,13200.0,40000.0,0,10170.49,1579.90,1018.28
265.2500,1,7,21,5,0,7,0,0,9465.01,4340.65,528.77,2891.20,1500.00,240.00,-1,10,0,100,40000.0,40000.0,0,10170.49,1579.90,1018.28
265.2500,1,14,35,4,8,10,11,19,9996.13,1105.14,928.60,513.66,1500.00,540.00,-1,10,0,100,40000.0,40000.0,0,10170.49,1579.90,1018.28
265.3833,1,3,1,0,0,2,0,6,10074.97,2474.79,852.25,913.23,1500.00,390.00,14,10,1,100,40000.0,40000.0,0,10167.21,1581.55,1018.40
265.3833,1,4,21,5,8,7,0,0,8701.85,-456.41,731.93,2526.39,1500.00,240.00,-1,10,0,100,13200.0,40000.0,0,10167.21,1581.55,1018.40
265.3833,1,7,21,5,0,7,0,0,9465.01,4340.65,528.77,2888.85,1500.00,240.00,-1,10,0,100,40000.0,40000.0,0,10167.21,1581.55,1018.40
265.3833,1,14,35,4,8,10,11,19,9996.13,1105.14,928.60,514.11,1500.00,540.00,-1,10,0,100,40000.0,40000.0,0,10167.21,1581.55,1018.40
265.5167,1,3,1,0,0,2,0,6,10068.78,2459.07,850.36,891.35,1500.00,390.00,14,10,1,100,40000.0,40000.0,0,10158.98,1588.48,1018.96
265.5167,1,4,21,5,8,7,0,0,8701.85,-456.41,731.93,2527.29,1500.00,240.00,-1,10,0,100,13200.0,40000.0,0,10158.98,1588.48,1018.96
265.5167,1,7,21,5,0,7,0,0,9465.01,4340.65,528.77,2880.34,1500.00,240.00,-1,10,0,100,40000.0,40000.0,0,10158.98,1588.48,1018.96
265.5167,1,14,35,4,8,10,11,19,9996.13,1105.14,928.60,517.98,1500.00,540.00,-1,10,0,100,40000.0,40000.0,0,10158.98,1588.48,1018.96
265.6500,1,3,1,0,0,2,0,6,10062.58,2443.35,848.47,874.92,1500.00,390.00,14,10,1,100,40000.0,40000.0,0,10147.95,1589.11,1017.21
265.6500,1,4,21,5,8,7,0,0,8701.85,-456.41,731.93,2521.26,1500.00,240.00,-1,10,0,100,13200.0,40000.0,0,10147.95,1589.11,1017.21
265.6500,1,7,21,5,0,7,0,0,9465.01,4340.65,528.77,2876.80,1500.00,240.00,-1,10,0,100,40000.0,40000.0,0,10147.95,1589.11,1017.21
265.6500,1,14,35,4,8,10,11,19,9996.13,1105.14,928.60,514.91,1500.00,540.00,-1,10,0,100,40000.0,40000.0,0,10147.95,1589.11,1017.21
265.7833,1,3,1,0,0,2,0,6,10056.39,2427.63,846.58,864.85,1500.00,390.00,14,10,1,100,40000.0,40000.0,0,10141.74,1582.64,1009.90
265.7833,1,4,21,5,8,7,0,0,8701.85,-456.41,731.93,2511.64,1500.00,240.00,-1,10,0,100,13200.0,40000.0,0,10141.74,1582.64,1009.90
265.7833,1,7,21,5,0,7,0,0,9465.01,4340.65,528.77,2880.29,1500.00,240.00,-1,10,0,100,40000.0,40000.0,0,10141.74,1582.64,1009.90
265.7833,1,14,35,4,8,10,11,19,9996.13,1105.14,928.60,505.79,1500.00,540.00,-1,10,0,100,40000.0,40000.0,0,10141.74,1582.64,1009.90
265.9333,1,3,1,0,0,2,0,6,10049.43,2409.95,844.45,850.74,1500.00,390.00,14,10,1,100,40000.0,40000.0,0,10141.09,1578.67,1000.46
265.9333,1,4,21,5,8,7,0,0,8701.85,-456.41,731.93,2507.01,1500.00,240.00,-1,10,0,100,13200.0,40000.0,0,10141.09,1578.67,1000.46
265.9333,1,7,21,5,0,7,0,0,9465.01,4340.65,528.77,2882.38,1500.00,240.00,-1,10,0,100,40000.0,40000.0,0,10141.09,1578.67,1000.46
265.9333,1,14,35,4,8,10,11,19,9996.13,1105.14,928.60,500.41,1500.00,540.00,-1,10,0,100,40000.0,40000.0,0,10141.09,1578.67,1000.46
266.0667,1,3,1,0,0,2,0,6,10043.24,2394.23,842.56,836.21,1500.00,390.00,14,10,1,100,40000.0,40000.0,0,10140.76,1578.50,998.50
266.0667,1,4,21,5,8,7,0,0,8701.85,-456.41,731.93,2506.47,1500.00,240.00,-1,10,0,100,13200.0,40000.0,0,10140.76,1578.50,998.50
266.0667,1,7,21,5,0,7,0,0,9465.01,4340.65,528.77,2882.14,1500.00,240.00,-1,10,0,100,40000.0,40000.0,0,10140.76,1578.50,998.50
266.0667,1,14,35,4,8,10,11,19,9996.13,1105.14,928.60,499.88,1500.00,540.00,-1,10,0,100,40000.0,40000.0,0,10140.76,1578.50,998.50
266.2000,1,3,1,0,0,2,0,6,10037.05,2378.51,840.67,822.00,1500.00,390.00,14,10,1,100,40000.0,40000.0,0,10140.76,1578.50,998.50
266.2000,1,4,21,5,8,7,0,0,8701.85,-456.41,731.93,2506.47,1500.00,240.00,-1,10,0,100,13200.0,40000.0,0,10140.76,1578.50,998.50
266.2000,1,7,21,5,0,7,0,0,9465.01,4340.65,528.77,2882.14,1500.00,240.00,-1,10,0,100,40000.0,40000.0,0,10140.76,1578.50,998.50
266.2000,1,14,35,4,8,10,11,19,9996.13,1105.14,928.60,499.88,1500.00,540.00,-1,10,0,100,40000.0,40000.0,0,10140.76,1578.50,998.50
266.3333,1,3,1,0,0,2,0,6,10030.85,2362.79,838.77,807.90,1500.00,390.00,14,10,1,100,40000.0,40000.0,0,10140.76,1578.50,998.50
266.3333,1,4,21,5,8,7,0,0,8701.85,-456.41,731.93,2506.47,1500.00,240.00,-1,10,0,100,13200.0,40000.0,0,10140.76,1578.50,998.50
266.3333,1,7,21,5,0,7,0,0,9465.01,4340.65,528.77,2882.14,1500.00,240.00,-1,10,0,100,40000.0,40000.0,0,10140.76,1578.50,998.50
266.3333,1,14,35,4,8,10,11,19,9996.13,1105.14,928.60,499.88,1500.00,540.00,-1,10,0,100,40000.0,40000.0,0,10140.76,1578.50,998.50
266.4667,1,3,1,0,0,2,0,6,10024.66,2347.07,836.88,793.91,1500.00,390.00,14,10,1,100,40000.0,40000.0,0,10140.76,1578.50,998.50
266.4667,1,4,21,5,8,7,0,0,8701.85,-456.41,731.93,2506.47,1500.00,240.00,-1,10,0,100,13200.0,40000.0,0,10140.76,1578.50,998.50
266.4667,1,7,21,5,0,7,0,0,9465.01,4340.65,528.77,2882.14,1500.00,240.00,-1,10,0,100,40000.0,40000.0,0,10140.76,1578.50,998.50
266.4667,1,14,35,4,8,10,11,19,9996.13,1105.14,928.60,499.88,1500.00,540.00,-1,10,0,100,40000.0,40000.0,0,10140.76,1578.50,998.50
266.6167,1,3,1,0,0,2,0,6,10017.70,2329.39,834.75,778.32,1500.00,390.00,14,10,1,100,40000.0,40000.0,0,10140.76,1578.50,998.50
266.6167,1,4,21,5,8,7,0,0,8701.85,-456.41,731.93,2506.47,1500.00,240.00,-1,10,0,100,13200.0,40000.0,0,10140.76,1578.50,998.50
266.6167,1,7,21,5,0,7,0,0,9465.01,4340.65,528.77,2882.14,1500.00,240.00,-1,10,0,100,40000.0,40000.0,0,10140.76,1578.50,998.50
266.6167,1,14,35,4,8,10,11,19,9996.13,1105.14,928.60,499.88,1500.00,540.00,-1,10,0,100,40000.0,40000.0,0,10140.76,1578.50,998.50
266.7500,1,3,1,0,0,2,0,6,10015.83,2313.93,834.32,762.73,1500.00,390.00,14,10,1,100,40000.0,40000.0,0,10139.73,1579.34,998.00
266.7500,1,4,21,5,8,7,0,0,8701.85,-456.41,731.93,2506.51,1500.00,240.00,-1,10,0,100,13200.0,40000.0,0,10139.73,1579.34,998.00
266.7500,1,7,21,5,0,7,0,0,9465.01,4340.65,528.77,2881.01,1500.00,240.00,-1,10,0,100,40000.0,40000.0,0,10139.73,1579.34,998.00
266.7500,1,14,35,4,8,10,11,19,9996.13,1105.14,928.60,500.31,1500.00,540.00,-1,10,0,100,40000.0,40000.0,0,10139.73,1579.34,998.00
266.8833,1,3,1,0,0,2,0,6,10020.71,2297.75,836.19,745.35,1500.00,390.00,14,10,1,100,40000.0,40000.0,0,10139.09,1579.43,996.00
266.8833,1,4,21,5,8,7,0,0,8701.85,-456.41,731.93,2506.01,1500.00,240.00,-1,10,0,100,13200.0,40000.0,0,10139.09,1579.43,996.00
266.8833,1,7,21,5,0,7,0,0,9465.01,4340.65,528.77,2880.46,1500.00,240.00,-1,10,0,100,40000.0,40000.0,0,10139.09,1579.43,996.00
266.8833,1,14,35,4,8,10,11,19,9996.13,1105.14,928.60,499.94,1500.00,540.00,-1,10,0,100,40000.0,40000.0,0,10139.09,1579.43,996.00
267.0333,1,3,1,0,0,2,0,6,10026.20,2279.55,838.29,726.49,1500.00,390.00,14,10,1,100,40000.0,40000.0,0,10139.09,1579.43,996.00
267.0333,1,4,21,5,8,7,0,0,8701.85,-456.41,731.93,2506.01,1500.00,240.00,-1,10,0,100,13200.0,40000.0,0,10139.09,1579.43,996.00
267.0333,1,7,21,5,0,7,0,0,9465.01,4340.65,528.77,2880.46,1500.00,240.00,-1,10,0,100,40000.0,40000.0,0,10139.09,1579.43,996.00
267.0333,1,14,35,4,8,10,10,19,9997.59,1105.49,928.62,499.18,1500.00,540.00,-1,10,1,100,40000.0,40000.0,0,10139.09,1579.43,996.00
267.1667,1,3,1,0,0,2,0,6,10031.08,2263.38,840.15,709.75,1500.00,390.00,14,10,1,100,40000.0,40000.0,0,10139.09,1579.43,996.00
267.1667,1,4,21,5,8,7,0,0,8701.85,-456.41,731.93,2506.01,1500.00,240.00,-1,10,0,100,13200.0,40000.0,0,10139.09,1579.43,996.00
267.1667,1,7,21,5,0,7,0,0,9465.01,4340.65,528.77,2880.46,1500.00,240.00,-1,10,0,100,40000.0,40000.0,0,10139.09,1579.43,996.00
267.1667,1,14,35,4,8,10,10,19,10009.25,1108.32,928.76,493.28,1500.00,540.00,-1,10,1,100,40000.0,40000.0,0,10139.09,1579.43,996.00
267.3000,1,3,1,0,0,2,0,6,10035.96,2247.20,842.01,693.01,1500.00,390.00,14,10,1,100,40000.0,40000.0,0,10139.09,1579.43,996.00
267.3000,1,4,21,5,8,7,0,0,8701.85,-456.41,731.93,2506.01,1500.00,240.00,-1,10,0,100,13200.0,40000.0,0,10139.09,1579.43,996.00
267.3000,1,7,21,5,0,7,0,0,9465.01,4340.65,528.77,2880.46,1500.00,240.00,-1,10,0,100,40000.0,40000.0,0,10139.09,1579.43,996.00
267.3000,1,14,35,4,8,10,10,19,10020.91,1111.14,928.89,487.61,1500.00,540.00,-1,10,1,100,40000.0,40000.0,0,10139.09,1579.43,996.00
267.4333,1,3,1,0,0,2,0,6,10040.84,2231.02,843.88,677.95,1500.00,390.00,14,10,1,100,40000.0,40000.0,0,10141.03,1577.65,994.48
267.4333,1,4,21,5,8,7,0,0,8701.85,-456.41,731.93,2505.51,1500.00,240.00,-1,10,0,100,13200.0,40000.0,0,10141.03,1577.65,994.48
267.4333,1,7,21,5,0,7,0,0,9465.01,4340.65,528.77,2882.37,1500.00,240.00,-1,10,0,100,40000.0,40000.0,0,10141.03,1577.65,994.48
267.4333,1,14,35,4,8,10,10,19,10032.57,1113.97,929.03,480.67,1500.00,540.00,-1,10,1,100,40000.0,40000.0,0,10141.03,1577.65,994.48
267.5667,1,3,1,0,0,2,0,6,10045.73,2214.85,845.74,666.95,1500.00,390.00,14,10,1,100,40000.0,40000.0,0,10137.88,1570.66,991.89
267.5667,1,4,21,5,8,7,0,0,8701.85,-456.41,731.93,2497.76,1500.00,240.00,-1,10,0,100,13200.0,40000.0,0,10137.88,1570.66,991.89
267.5667,1,7,21,5,0,7,0,0,9465.01,4340.65,528.77,2887.91,1500.00,240.00,-1,10,0,100,40000.0,40000.0,0,10137.88,1570.66,991.89
267.5667,1,14,35,4,8,10,10,19,10044.23,1116.80,929.17,467.65,1500.00,540.00,-1,10,1,100,40000.0,40000.0,0,10137.88,1570.66,991.89
267.7167,1,3,1,0,0,2,0,6,10051.22,2196.65,847.84,646.60,1500.00,390.00,14,10,1,100,40000.0,40000.0,0,10131.05,1570.97,990.12
267.7167,1,4,21,5,8,7,0,0,8701.85,-456.41,731.93,2493.90,1500.00,240.00,-1,10,0,100,13200.0,40000.0,0,10131.05,1570.97,990.12
267.7167,1,7,21,5,0,7,0,0,9465.01,4340.65,528.77,2885.76,1500.00,240.00,-1,10,0,100,40000.0,40000.0,0,10131.05,1570.97,990.12
267.7167,1,14,35,4,8,10,10,19,10057.35,1119.98,929.32,461.00,1500.00,540.00,-1,10,1,100,40000.0,40000.0,0,10131.05,1570.97,990.12
267.8500,1,3,1,0,0,2,0,6,10056.10,2180.47,849.71,627.68,1500.00,390.00,14,10,1,100,40000.0,40000.0,0,10129.67,1572.04,985.32
267.8500,1,4,21,5,8,7,0,0,8701.85,-456.41,731.93,2493.50,1500.00,240.00,-1,10,0,100,13200.0,40000.0,0,10129.67,1572.04,985.32
267.8500,1,7,21,5,0,7,0,0,9465.01,4340.65,528.77,2883.64,1500.00,240.00,-1,10,0,100,40000.0,40000.0,0,10129.67,1572.04,985.32
267.8500,1,14,35,4,8,10,10,19,10069.01,1122.80,929.46,456.75,1500.00,540.00,-1,10,1,100,40000.0,40000.0,0,10129.67,1572.04,985.32
267.9833,1,3,1,0,0,2,0,6,10060.98,2164.29,851.57,612.75,1500.00,390.00,14,10,1,100,40000.0,40000.0,0,10124.22,1567.15,973.54
267.9833,1,4,21,5,8,7,0,0,8701.85,-456.41,731.93,2485.22,1500.00,240.00,-1,10,0,100,13200.0,40000.0,0,10124.22,1567.15,973.54
267.9833,1,7,21,5,0,7,0,0,9465.01,4340.65,528.77,2885.26,1500.00,240.00,-1,10,0,100,40000.0,40000.0,0,10124.22,1567.15,973.54
267.9833,1,14,35,4,8,10,10,19,10080.67,1125.63,929.60,445.83,1500.00,540.00,-1,10,1,100,40000.0,40000.0,0,10124.22,1567.15,973.54
268.1000,1,3,1,0,0,2,0,6,10065.25,2150.14,853.20,591.13,1500.00,390.00,14,10,1,100,40000.0,40000.0,0,10122.42,1572.96,967.35
268.1000,1,4,21,5,8,7,0,0,8701.85,-456.41,731.93,2488.34,1500.00,240.00,-1,10,0,100,13200.0,40000.0,0,10122.42,1572.96,967.35
268.1000,1,7,21,5,0,7,0,0,9465.01,4340.65,528.77,2878.31,1500.00,240.00,-1,10,0,100,40000.0,40000.0,0,10122.42,1572.96,967.35
268.1000,1,14,35,4,8,10,10,19,10090.88,1128.10,929.72,447.56,1500.00,540.00,-1,10,1,100,40000.0,40000.0,0,10122.42,1572.96,967.35
268.2333,1,3,1,0,0,2,0,6,10070.13,2133.96,855.07,566.75,1500.00,390.00,14,10,1,100,40000.0,40000.0,0,10120.08,1580.24,965.08
268.2333,1,4,21,5,8,7,0,0,8701.85,-456.41,731.93,2492.73,1500.00,240.00,-1,10,0,100,13200.0,40000.0,0,10120.08,1580.24,965.08
268.2333,1,7,21,5,0,7,0,0,9465.01,4340.65,528.77,2870.42,1500.00,240.00,-1,10,0,100,40000.0,40000.0,0,10120.08,1580.24,965.08
268.2333,1,14,35,4,8,10,10,19,10102.54,1130.93,929.85,451.03,1500.00,540.00,-1,10,1,100,40000.0,40000.0,0,10120.08,1580.24,965.08
268.3500,1,3,1,0,0,2,0,6,10074.40,2119.81,856.70,547.52,1500.00,390.00,14,10,1,100,40000.0,40000.0,0,10117.10,1584.89,965.45
268.3500,1,4,21,5,8,7,0,0,8701.85,-456.41,731.93,2494.88,1500.00,240.00,-1,10,0,100,13200.0,40000.0,0,10117.10,1584.89,965.45
268.3500,1,7,21,5,0,7,0,0,9465.01,4340.65,528.77,2865.33,1500.00,240.00,-1,10,0,100,40000.0,40000.0,0,10117.10,1584.89,965.45
268.3500,1,14,35,4,8,10,10,19,10112.74,1133.40,929.97,452.90,1500.00,540.00,-1,10,1,100,40000.0,40000.0,0,10117.10,1584.89,965.45
268.4833,1,3,1,0,0,2,0,6,10079.28,2103.63,858.56,529.40,1500.00,390.00,14,10,1,100,40000.0,40000.0,0,10110.54,1586.66,968.26
268.4833,1,4,21,5,8,7,0,0,8701.85,-456.41,731.93,2492.88,1500.00,240.00,-1,10,0,100,13200.0,40000.0,0,10110.54,1586.66,968.26
268.4833,1,7,21,5,0,7,0,0,9465.01,4340.65,528.77,2862.57,1500.00,240.00,-1,10,0,100,40000.0,40000.0,0,10110.54,1586.66,968.26
268.4833,1,14,35,4,8,10,10,19,10124.41,1136.23,930.11,452.26,1500.00,540.00,-1,10,1,100,40000.0,40000.0,0,10110.54,1586.66,968.26
268.6000,1,3,1,0,0,2,0,6,10083.55,2089.47,860.19,522.34,1500.00,390.00,14,10,1,100,40000.0,40000.0,0,10102.26,1579.13,969.96
268.6000,1,4,21,5,8,7,0,0,8701.85,-456.41,731.93,2482.19,1500.00,240.00,-1,10,0,100,13200.0,40000.0,0,10102.26,1579.13,969.96
268.6000,1,7,21,5,0,7,0,0,9465.01,4340.65,528.77,2868.22,1500.00,240.00,-1,10,0,100,40000.0,40000.0,0,10102.26,1579.13,969.96
268.6000,1,14,35,4,8,10,10,19,10134.61,1138.70,930.23,443.40,1500.00,540.00,-1,10,1,100,40000.0,40000.0,0,10102.26,1579.13,969.96
268.7333,1,3,1,0,0,2,0,6,10088.43,2073.30,862.06,520.31,1500.00,390.00,14,10,1,100,40000.0,40000.0,0,10100.08,1564.74,971.40
268.7333,1,4,21,5,8,7,0,0,8701.85,-456.41,731.93,2469.31,1500.00,240.00,-1,10,0,100,13200.0,40000.0,0,10100.08,1564.74,971.40
268.7333,1,7,21,5,0,7,0,0,9465.01,4340.65,528.77,2881.83,1500.00,240.00,-1,10,0,100,40000.0,40000.0,0,10100.08,1564.74,971.40
268.7333,1,14,35,4,8,10,10,19,10146.27,1141.53,930.37,427.70,1500.00,540.00,-1,10,1,100,40000.0,40000.0,0,10100.08,1564.74,971.40
268.8500,1,3,1,0,0,4,1,26,10090.26,2067.23,862.76,523.58,1500.00,390.00,-1,10,0,100,39986.5,40000.0,0,10102.11,1555.89,974.69
268.8500,1,4,21,5,8,7,0,0,8701.85,-456.41,731.93,2463.54,1500.00,240.00,-1,10,0,100,13200.0,40000.0,0,10102.11,1555.89,974.69
268.8500,1,7,21,5,0,7,0,0,9465.01,4340.65,528.77,2891.30,1500.00,240.00,-1,10,0,100,40000.0,40000.0,0,10102.11,1555.89,974.69
268.8500,1,14,35,4,8,4,1,26,10150.64,1142.59,930.42,418.49,1500.00,540.00,-1,10,0,100,39955.3,40000.0,0,10102.11,1555.89,974.69
268.9833,1,3,1,0,0,4,1,26,10090.26,2067.23,862.76,532.66,1500.00,390.00,-1,10,0,100,39959.5,40000.0,0,10108.29,1547.39,977.52
268.9833,1,4,21,5,8,7,0,0,8701.85,-456.41,731.93,2460.42,1500.00,240.00,-1,10,0,100,13200.0,40000.0,0,10108.29,1547.39,977.52
268.9833,1,7,21,5,0,7,0,0,9465.01,4340.65,528.77,2901.29,1500.00,240.00,-1,10,0,100,40000.0,40000.0,0,10108.29,1547.39,977.52
268.9833,1,14,35,4,8,4,1,26,10150.64,1142.59,930.42,409.73,1500.00,540.00,-1,10,0,100,39865.9,40000.0,0,10108.29,1547.39,977.52
269.1000,1,3,1,0,0,4,1,26,10090.26,2067.23,862.76,539.45,1500.00,390.00,-1,10,0,100,39935.9,40000.0,0,10110.42,1540.18,975.99
269.1000,1,4,21,5,8,7,0,0,8701.85,-456.41,731.93,2455.61,1500.00,240.00,-1,10,0,100,13200.0,40000.0,0,10110.42,1540.18,975.99
269.1000,1,7,21,5,0,7,0,0,9465.01,4340.65,528.77,2908.47,1500.00,240.00,-1,10,0,100,40000.0,40000.0,0,10110.42,1540.18,975.99
269.1000,1,14,35,4,8,4,1,26,10150.64,1142.59,930.42,402.21,1500.00,540.00,-1,10,0,100,39787.6,40000.0,0,10110.42,1540.18,975.99
269.2333,1,3,1,0,0,4,1,26,10090.26,2067.23,862.76,547.10,1500.00,390.00,-1,10,0,100,39908.9,40000.0,0,10110.92,1531.83,973.38
269.2333,1,4,21,5,8,7,0,0,8701.85,-456.41,731.93,2448.86,1500.00,240.00,-1,10,0,100,13200.0,40000.0,0,10110.92,1531.83,973.38
269.2333,1,7,21,5,0,7,0,0,9465.01,4340.65,528.77,2916.22,1500.00,240.00,-1,10,0,100,40000.0,40000.0,0,10110.92,1531.83,973.38
269.2333,1,14,35,4,8,4,1,26,10150.64,1142.59,930.42,393.62,1500.00,540.00,-1,10,0,100,39698.2,40000.0,0,10110.92,1531.83,973.38
269.3500,1,3,1,0,0,4,1,26,10090.26,2067.23,862.76,547.56,1500.00,390.00,-1,10,0,100,39885.2,40000.0,0,10110.86,1531.32,973.21
269.3500,1,4,21,5,8,7,0,0,8701.85,-456.41,731.93,2448.39,1500.00,240.00,-1,10,0,100,13200.0,40000.0,0,10110.86,1531.32,973.21
269.3500,1,7,21,5,0,7,0,0,9465.01,4340.65,528.77,2916.67,1500.00,240.00,-1,10,0,100,40000.0,40000.0,0,10110.86,1531.32,973.21
269.3500,1,14,35,4,8,4,1,26,10150.64,1142.59,930.42,393.10,1500.00,540.00,-1,10,0,100,39619.9,40000.0,0,10110.86,1531.32,973.21
269.4833,1,3,1,0,0,4,1,26,10090.26,2067.23,862.76,543.21,1500.00,390.00,-1,10,0,100,39858.2,40000.0,0,10105.00,1535.30,971.88
269.4833,1,4,21,5,8,7,0,0,8701.85,-456.41,731.93,2448.13,1500.00,240.00,-1,10,0,100,13200.0,40000.0,0,10105.00,1535.30,971.88
269.4833,1,7,21,5,0,7,0,0,9465.01,4340.65,528.77,2911.35,1500.00,240.00,-1,10,0,100,40000.0,40000.0,0,10105.00,1535.30,971.88
269.4833,1,14,35,4,8,4,1,26,10150.64,1142.59,930.42,397.52,1500.00,540.00,-1,10,0,100,39530.5,40000.0,0,10105.00,1535.30,971.88
269.6000,1,3,1,0,0,4,1,26,10090.26,2067.23,862.76,540.60,1500.00,390.00,-1,10,0,100,39834.6,40000.0,0,10097.32,1536.51,965.38
269.6000,1,4,21,5,8,7,0,0,8701.85,-456.41,731.93,2444.09,1500.00,240.00,-1,10,0,100,13200.0,40000.0,0,10097.32,1536.51,965.38
269.6000,1,7,21,5,0,7,0,0,9465.01,4340.65,528.77,2907.52,1500.00,240.00,-1,10,0,100,40000.0,40000.0,0,10097.32,1536.51,965.38
269.6000,1,14,35,4,8,4,1,26,10150.64,1142.59,930.42,399.05,1500.00,540.00,-1,10,0,100,39452.2,40000.0,0,10097.32,1536.51,965.38
269.7333,1,3,1,0,0,4,1,26,10090.26,2067.23,862.76,536.03,1500.00,390.00,-1,10,0,100,39807.6,40000.0,0,10083.98,1539.24,955.07
269.7333,1,4,21,5,8,7,0,0,8701.85,-456.41,731.93,2437.77,1500.00,240.00,-1,10,0,100,13200.0,40000.0,0,10083.98,1539.24,955.07
269.7333,1,7,21,5,0,7,0,0,9465.01,4340.65,528.77,2900.47,1500.00,240.00,-1,10,0,100,40000.0,40000.0,0,10083.98,1539.24,955.07
269.7333,1,14,35,4,8,4,1,26,10150.64,1142.59,930.42,402.97,1500.00,540.00,-1,10,0,100,39362.8,40000.0,0,10083.98,1539.24,955.07
269.8500,1,3,1,0,0,4,1,26,10090.26,2067.23,862.76,517.57,1500.00,390.00,-1,10,0,100,39784.0,40000.0,0,10077.13,1557.78,953.12
269.8500,1,4,21,5,8,7,0,0,8701.85,-456.41,731.93,2448.94,1500.00,240.00,-1,10,0,100,13200.0,40000.0,0,10077.13,1557.78,953.12
269.8500,1,7,21,5,0,7,0,0,9465.01,4340.65,528.77,2880.82,1500.00,240.00,-1,10,0,100,40000.0,40000.0,0,10077.13,1557.78,953.12
269.8500,1,14,35,4,8,4,1,26,10150.64,1142.59,930.42,422.26,1500.00,540.00,-1,10,0,100,39284.6,40000.0,0,10077.13,1557.78,953.12
269.9833,1,3,1,0,0,4,1,26,10090.26,2067.23,862.76,499.25,1500.00,390.00,-1,10,0,100,39757.0,40000.0,0,10068.75,1576.05,949.55
269.9833,1,4,21,5,8,7,0,0,8701.85,-456.41,731.93,2459.00,1500.00,240.00,-1,10,0,100,13200.0,40000.0,0,10068.75,1576.05,949.55
269.9833,1,7,21,5,0,7,0,0,9465.01,4340.65,528.77,2860.87,1500.00,240.00,-1,10,0,100,40000.0,40000.0,0,10068.75,1576.05,949.55
269.9833,1,14,35,4,8,4,1,26,10150.64,1142.59,930.42,441.55,1500.00,540.00,-1,10,0,100,39195.1,40000.0,0,10068.75,1576.05,949.55
270.1167,1,3,1,0,0,4,1,26,10090.26,2067.23,862.76,486.12,1500.00,390.00,-1,10,0,100,39730.0,40000.0,0,10061.12,1590.16,951.46
270.1167,1,4,21,5,8,7,0,0,8701.85,-456.41,731.93,2466.64,1500.00,240.00,-1,10,0,100,13200.0,40000.0,0,10061.12,1590.16,951.46
270.1167,1,7,21,5,0,7,0,0,9465.01,4340.65,528.77,2845.91,1500.00,240.00,-1,10,0,100,40000.0,40000.0,0,10061.12,1590.16,951.46
270.1167,1,14,35,4,8,4,1,26,10150.64,1142.59,930.42,456.92,1500.00,540.00,-1,10,0,100,39105.7,40000.0,0,10061.12,1590.16,951.46
270.2333,1,3,1,0,0,4,1,26,10090.26,2067.23,862.76,484.96,1500.00,390.00,-1,10,0,100,39706.4,40000.0,0,10054.27,1591.60,950.35
270.2333,1,4,21,5,8,7,0,0,8701.85,-456.41,731.93,2463.97,1500.00,240.00,-1,10,0,100,13200.0,40000.0,0,10054.27,1591.60,950.35
270.2333,1,7,21,5,0,7,0,0,9465.01,4340.65,528.77,2842.92,1500.00,240.00,-1,10,0,100,40000.0,40000.0,0,10054.27,1591.60,950.35
270.2333,1,14,35,4,8,4,1,26,10150.64,1142.59,930.42,459.67,1500.00,540.00,-1,10,0,100,39027.4,40000.0,0,10054.27,1591.60,950.35
270.3667,1,3,1,0,0,4,1,26,10090.26,2067.23,862.76,483.52,1500.00,390.00,-1,10,0,100,39679.4,40000.0,0,10040.70,1593.15,943.89
270.3667,1,4,21,5,8,7,0,0,8701.85,-456.41,731.93,2457.27,1500.00,240.00,-1,10,0,100,13200.0,40000.0,0,10040.70,1593.15,943.89
270.3667,1,7,21,5,0,7,0,0,9465.01,4340.65,528.77,2837.69,1500.00,240.00,-1,10,0,100,40000.0,40000.0,0,10040.70,1593.15,943.89
270.3667,1,14,35,4,8,4,1,26,10150.64,1142.59,930.42,463.98,1500.00,540.00,-1,10,0,100,38938.0,40000.0,0,10040.70,1593.15,943.89
270.5000,1,3,1,0,0,4,1,26,10090.26,2067.23,862.76,485.37,1500.00,390.00,-1,10,0,100,39652.4,40000.0,0,10027.35,1592.56,942.25
270.5000,1,4,21,5,8,7,0,0,8701.85,-456.41,731.93,2449.39,1500.00,240.00,-1,10,0,100,13200.0,40000.0,0,10027.35,1592.56,942.25
270.5000,1,7,21,5,0,7,0,0,9465.01,4340.65,528.77,2835.34,1500.00,240.00,-1,10,0,100,40000.0,40000.0,0,10027.35,1592.56,942.25
270.5000,1,14,35,4,8,4,1,26,10150.64,1142.59,930.42,466.71,1500.00,540.00,-1,10,0,100,38848.6,40000.0,0,10027.35,1592.56,942.25
270.6167,1,3,1,0,0,4,1,26,10090.26,2067.23,862.76,488.07,1500.00,390.00,-1,10,0,100,39628.8,40000.0,0,10015.08,1591.34,940.81
270.6167,1,4,21,5,8,7,0,0,8701.85,-456.41,731.93,2441.62,1500.00,240.00,-1,10,0,100,13200.0,40000.0,0,10015.08,1591.34,940.81
270.6167,1,7,21,5,0,7,0,0,9465.01,4340.65,528.77,2833.91,1500.00,240.00,-1,10,0,100,40000.0,40000.0,0,10015.08,1591.34,940.81
270.6167,1,14,35,4,8,4,1,26,10150.64,1142.59,930.42,468.90,1500.00,540.00,-1,10,0,100,38770.3,40000.0,0,10015.08,1591.34,940.81
270.7500,1,3,1,0,0,4,1,26,10090.26,2067.23,862.76,487.41,1500.00,390.00,-1,10,0,100,39601.8,40000.0,0,10004.84,1593.97,942.17
270.7500,1,4,21,5,8,7,0,0,8701.85,-456.41,731.93,2438.46,1500.00,240.00,-1,10,0,100,13200.0,40000.0,0,10004.84,1593.97,942.17
270.7500,1,7,21,5,0,7,0,0,9465.01,4340.65,528.77,2829.58,1500.00,240.00,-1,10,0,100,40000.0,40000.0,0,10004.84,1593.97,942.17
270.7500,1,14,35,4,8,4,1,26,10150.64,1142.59,930.42,474.50,1500.00,540.00,-1,10,0,100,38680.9,40000.0,0,10004.84,1593.97,942.17
270.8667,1,3,1,0,0,4,1,26,10090.26,2067.23,862.76,484.83,1500.00,390.00,-1,10,0,100,39578.1,40000.0,0,10003.51,1596.93,942.47
270.8667,1,4,21,5,8,7,0,0,8701.85,-456.41,731.93,2440.26,1500.00,240.00,-1,10,0,100,13200.0,40000.0,0,10003.51,1596.93,942.47
270.8667,1,7,21,5,0,7,0,0,9465.01,4340.65,528.77,2826.51,1500.00,240.00,-1,10,0,100,40000.0,40000.0,0,10003.51,1596.93,942.47
270.8667,1,14,35,4,8,4,1,26,10150.64,1142.59,930.42,477.72,1500.00,540.00,-1,10,0,100,38602.6,40000.0,0,10003.51,1596.93,942.47
270.9833,1,3,1,0,0,4,1,26,10090.26,2067.23,862.76,479.14,1500.00,390.00,-1,10,0,100,39554.5,40000.0,0,9998.91,1605.00,949.80
270.9833,1,4,21,5,8,7,0,0,8701.85,-456.41,731.93,2445.26,1500.00,240.00,-1,10,0,100,13200.0,40000.0,0,9998.91,1605.00,949.80
270.9833,1,7,21,5,0,7,0,0,9465.01,4340.65,528.77,2818.88,1500.00,240.00,-1,10,0,100,40000.0,40000.0,0,9998.91,1605.00,949.80
270.9833,1,14,35,4,8,4,1,26,10150.64,1142.59,930.42,487.06,1500.00,540.00,-1,10,0,100,38524.4,40000.0,0,9998.91,1605.00,949.80
271.1167,1,3,1,0,0,4,1,26,10090.26,2067.23,862.76,468.68,1500.00,390.00,-1,10,0,100,39527.5,40000.0,0,9993.70,1617.03,950.30
271.1167,1,4,21,5,8,7,0,0,8701.85,-456.41,731.93,2452.70,1500.00,240.00,-1,10,0,100,13200.0,40000.0,0,9993.70,1617.03,950.30
271.1167,1,7,21,5,0,7,0,0,9465.01,4340.65,528.77,2806.29,1500.00,240.00,-1,10,0,100,40000.0,40000.0,0,9993.70,1617.03,950.30
271.1167,1,14,35,4,8,4,1,26,10150.64,1142.59,930.42,500.12,1500.00,540.00,-1,10,0,100,38435.0,40000.0,0,9993.70,1617.03,950.30
271.2500,1,3,1,0,0,4,1,26,10090.26,2067.23,862.76,469.18,1500.00,390.00,-1,10,0,100,39500.5,40000.0,0,9992.13,1616.71,949.53
271.2500,1,4,21,5,8,7,0,0,8701.85,-456.41,731.93,2451.54,1500.00,240.00,-1,10,0,100,13200.0,40000.0,0,9992.13,1616.71,949.53
271.2500,1,7,21,5,0,7,0,0,9465.01,4340.65,528.77,2806.20,1500.00,240.00,-1,10,0,100,40000.0,40000.0,0,9992.13,1616.71,949.53
271.2500,1,14,35,4,8,4,1,26,10150.64,1142.59,930.42,500.28,1500.00,540.00,-1,10,0,100,38345.5,40000.0,0,9992.13,1616.71,949.53
271.3667,1,3,1,0,0,4,1,26,10090.26,2067.23,862.76,469.39,1500.00,390.00,-1,10,0,100,39476.9,40000.0,0,9987.30,1616.72,945.02
271.3667,1,4,21,5,8,7,0,0,8701.85,-456.41,731.93,2448.61,1500.00,240.00,-1,10,0,100,13200.0,40000.0,0,9987.30,1616.72,945.02
271.3667,1,7,21,5,0,7,0,0,9465.01,4340.65,528.77,2804.62,1500.00,240.00,-1,10,0,100,40000.0,40000.0,0,9987.30,1616.72,945.02
271.3667,1,14,35,4,8,4,1,26,10150.64,1142.59,930.42,501.69,1500.00,540.00,-1,10,0,100,38267.3,40000.0,0,9987.30,1616.72,945.02
271.5000,1,3,1,0,0,4,1,26,10090.26,2067.23,862.76,465.24,1500.00,390.00,-1,10,0,100,39449.9,40000.0,0,9981.36,1621.44,939.31
271.5000,1,4,21,5,8,7,0,0,8701.85,-456.41,731.93,2449.01,1500.00,240.00,-1,10,0,100,13200.0,40000.0,0,9981.36,1621.44,939.31
271.5000,1,7,21,5,0,7,0,0,9465.01,4340.65,528.77,2798.08,1500.00,240.00,-1,10,0,100,40000.0,40000.0,0,9981.36,1621.44,939.31
271.5000,1,14,35,4,8,4,1,26,10150.64,1142.59,930.42,507.97,1500.00,540.00,-1,10,0,100,38177.8,40000.0,0,9981.36,1621.44,939.31
271.6167,1,3,1,0,0,4,1,26,10090.26,2067.23,862.76,463.67,1500.00,390.00,-1,10,0,100,39426.2,40000.0,0,9976.64,1623.61,935.43
271.6167,1,4,21,5,8,7,0,0,8701.85,-456.41,731.93,2448.06,1500.00,240.00,-1,10,0,100,13200.0,40000.0,0,9976.64,1623.61,935.43
271.6167,1,7,21,5,0,7,0,0,9465.01,4340.65,528.77,2794.54,1500.00,240.00,-1,10,0,100,40000.0,40000.0,0,9976.64,1623.61,935.43
271.6167,1,14,35,4,8,4,1,26,10150.64,1142.59,930.42,511.55,1500.00,540.00,-1,10,0,100,38099.6,40000.0,0,9976.64,1623.61,935.43
271.7500,1,3,1,0,0,4,1,26,10090.26,2067.23,862.76,463.67,1500.00,390.00,-1,10,0,100,39399.2,40000.0,0,9976.64,1623.61,935.43
271.7500,1,4,21,5,8,7,0,0,8701.85,-456.41,731.93,2448.06,1500.00,240.00,-1,10,0,100,13200.0,40000.0,0,9976.64,1623.61,935.43
271.7500,1,7,21,5,0,7,0,0,9465.01,4340.65,528.77,2794.54,1500.00,240.00,-1,10,0,100,40000.0,40000.0,0,9976.64,1623.61,935.43
271.7500,1,14,35,4,8,4,1,26,10150.64,1142.59,930.42,511.55,1500.00,540.00,-1,10,0,100,38010.2,40000.0,0,9976.64,1623.61,935.43
271.8667,1,3,1,0,0,4,1,26,10090.26,2067.23,862.76,463.67,1500.00,390.00,-1,10,0,100,39375.6,40000.0,0,9976.64,1623.61,935.43
271.8667,1,4,21,5,8,7,0,0,8701.85,-456.41,731.93,2448.06,1500.00,240.00,-1,10,0,100,13200.0,40000.0,0,9976.64,1623.61,935.43
271.8667,1,7,21,5,0,7,0,0,9465.01,4340.65,528.77,2794.54,1500.00,240.00,-1,10,0,100,40000.0,40000.0,0,9976.64,1623.61,935.43
271.8667,1,14,35,4,8,4,1,26,10150.64,1142.59,930.42,511.55,1500.00,540.00,-1,10,0,100,37931.9,40000.0,0,9976.64,1623.61,935.43
272.0000,1,3,1,0,0,4,1,26,10090.26,2067.23,862.76,463.67,1500.00,390.00,-1,10,0,100,39348.6,40000.0,0,9976.64,1623.61,935.43
272.0000,1,4,21,5,8,7,0,0,8701.85,-456.41,731.93,2448.06,1500.00,240.00,-1,10,0,100,13200.0,40000.0,0,9976.64,1623.61,935.43
272.0000,1,7,21,5,0,7,0,0,9465.01,4340.65,528.77,2794.54,1500.00,240.00,-1,10,0,100,40000.0,40000.0,0,9976.64,1623.61,935.43
272.0000,1,14,35,4,8,4,1,26,10150.64,1142.59,930.42,511.55,1500.00,540.00,-1,10,0,100,37842.5,40000.0,0,9976.64,1623.61,935.43
272.1167,1,3,1,0,0,4,1,26,10090.26,2067.23,862.76,463.67,1500.00,390.00,-1,10,0,100,39325.0,40000.0,0,9976.64,1623.61,935.43
272.1167,1,4,21,5,8,7,0,0,8701.85,-456.41,731.93,2448.06,1500.00,240.00,-1,10,0,100,13200.0,40000.0,0,9976.64,1623.61,935.43
272.1167,1,7,21,5,0,7,0,0,9465.01,4340.65,528.77,2794.54,1500.00,240.00,-1,10,0,100,40000.0,40000.0,0,9976.64,1623.61,935.43
272.1167,1,14,35,4,8,4,1,26,10150.64,1142.59,930.42,511.55,1500.00,540.00,-1,10,0,100,37764.2,40000.0,0,9976.64,1623.61,935.43
272.2500,1,3,1,0,0,4,1,26,10090.26,2067.23,862.76,463.67,1500.00,390.00,-1,10,0,100,39298.0,40000.0,0,9976.64,1623.61,935.43
272.2500,1,4,21,5,8,7,0,0,8701.85,-456.41,731.93,2448.06,1500.00,240.00,-1,10,0,100,13200.0,40000.0,0,9976.64,1623.61,935.43
272.2500,1,7,21,5,0,7,0,0,9465.01,4340.65,528.77,2794.54,1500.00,240.00,-1,10,0,100,40000.0,40000.0,0,9976.64,1623.61,935.43
272.2500,1,14,35,4,8,4,1,26,10150.64,1142.59,930.42,511.55,1500.00,540.00,-1,10,0,100,37674.8,40000.0,0,9976.64,1623.61,935.43
272.3833,1,3,1,0,0,4,1,26,10090.26,2067.23,862.76,462.08,1500.00,390.00,-1,10,0,100,39271.0,40000.0,0,9973.29,1625.14,929.04
272.3833,1,4,21,5,8,7,0,0,8701.85,-456.41,731.93,2447.10,1500.00,240.00,-1,10,0,100,13200.0,40000.0,0,9973.29,1625.14,929.04
272.3833,1,7,21,5,0,7,0,0,9465.01,4340.65,528.77,2791.52,1500.00,240.00,-1,10,0,100,40000.0,40000.0,0,9973.29,1625.14,929.04
272.3833,1,14,35,4,8,4,1,26,10150.64,1142.59,930.42,514.11,1500.00,540.00,-1,10,0,100,37585.4,40000.0,0,9973.29,1625.14,929.04
272.5000,1,3,1,0,0,4,1,26,10090.26,2067.23,862.76,460.75,1500.00,390.00,-1,10,0,100,39247.4,40000.0,0,9970.64,1626.85,926.42
272.5000,1,4,21,5,8,7,0,0,8701.85,-456.41,731.93,2446.97,1500.00,240.00,-1,10,0,100,13200.0,40000.0,0,9970.64,1626.85,926.42
272.5000,1,7,21,5,0,7,0,0,9465.01,4340.65,528.77,2788.99,1500.00,240.00,-1,10,0,100,40000.0,40000.0,0,9970.64,1626.85,926.42
272.5000,1,14,35,4,8,4,1,26,10150.64,1142.59,930.42,516.65,1500.00,540.00,-1,10,0,100,37507.1,40000.0,0,9970.64,1626.85,926.42
272.6333,1,3,1,0,0,4,1,26,10090.26,2067.23,862.76,450.86,1500.00,390.00,-1,10,0,100,39220.4,40000.0,0,9963.58,1638.85,923.72
272.6333,1,4,21,5,8,7,0,0,8701.85,-456.41,731.93,2453.34,1500.00,240.00,-1,10,0,100,13200.0,40000.0,0,9963.58,1638.85,923.72
272.6333,1,7,21,5,0,7,0,0,9465.01,4340.65,528.77,2775.65,1500.00,240.00,-1,10,0,100,40000.0,40000.0,0,9963.58,1638.85,923.72
272.6333,1,14,35,4,8,4,1,26,10150.64,1142.59,930.42,530.39,1500.00,540.00,-1,10,0,100,37417.7,40000.0,0,9963.58,1638.85,923.72
272.7500,1,3,1,0,0,4,1,26,10090.26,2067.23,862.76,446.50,1500.00,390.00,-1,10,0,100,39196.8,40000.0,0,9952.66,1646.73,922.83
272.7500,1,4,21,5,8,7,0,0,8701.85,-456.41,731.93,2454.42,1500.00,240.00,-1,10,0,100,13200.0,40000.0,0,9952.66,1646.73,922.83
272.7500,1,7,21,5,0,7,0,0,9465.01,4340.65,528.77,2765.91,1500.00,240.00,-1,10,0,100,40000.0,40000.0,0,9952.66,1646.73,922.83
272.7500,1,14,35,4,8,4,1,26,10150.64,1142.59,930.42,541.68,1500.00,540.00,-1,10,0,100,37339.4,40000.0,0,9952.66,1646.73,922.83
272.8833,1,3,1,0,0,4,1,26,10090.26,2067.23,862.76,441.96,1500.00,390.00,-1,10,0,100,39169.8,40000.0,0,9941.02,1655.52,922.37
272.8833,1,4,21,5,8,7,0,0,8701.85,-456.41,731.93,2456.03,1500.00,240.00,-1,10,0,100,13200.0,40000.0,0,9941.02,1655.52,922.37
272.8833,1,7,21,5,0,7,0,0,9465.01,4340.65,528.77,2755.25,1500.00,240.00,-1,10,0,100,40000.0,40000.0,0,9941.02,1655.52,922.37
272.8833,1,14,35,4,8,4,1,26,10150.64,1142.59,930.42,554.17,1500.00,540.00,-1,10,0,100,37250.0,40000.0,0,9941.02,1655.52,922.37
273.0167,1,3,1,0,0,4,1,26,10090.26,2067.23,862.76,441.99,1500.00,390.00,-1,10,0,100,39142.8,40000.0,0,9925.08,1661.42,920.93
273.0167,1,4,21,5,8,7,0,0,8701.85,-456.41,731.93,2453.00,1500.00,240.00,-1,10,0,100,13200.0,40000.0,0,9925.08,1661.42,920.93
273.0167,1,7,21,5,0,7,0,0,9465.01,4340.65,528.77,2746.59,1500.00,240.00,-1,10,0,100,40000.0,40000.0,0,9925.08,1661.42,920.93
273.0167,1,14,35,4,8,4,1,26,10150.64,1142.59,930.42,565.82,1500.00,540.00,-1,10,0,100,37160.6,40000.0,0,9925.08,1661.42,920.93
273.1500,1,3,1,0,0,4,1,26,10090.26,2067.23,862.76,440.56,1500.00,390.00,-1,10,0,100,39115.8,40000.0,0,9910.25,1669.43,921.44
273.1500,1,4,21,5,8,7,0,0,8701.85,-456.41,731.93,2452.62,1500.00,240.00,-1,10,0,100,13200.0,40000.0,0,9910.25,1669.43,921.44
273.1500,1,7,21,5,0,7,0,0,9465.01,4340.65,528.77,2736.39,1500.00,240.00,-1,10,0,100,40000.0,40000.0,0,9910.25,1669.43,921.44
273.1500,1,14,35,4,8,4,1,26,10150.64,1142.59,930.42,579.16,1500.00,540.00,-1,10,0,100,37071.1,40000.0,0,9910.25,1669.43,921.44
273.2833,1,3,1,0,0,4,1,26,10090.26,2067.23,862.76,444.94,1500.00,390.00,-1,10,0,100,39088.8,40000.0,0,9894.49,1671.70,919.34
273.2833,1,4,21,5,8,7,0,0,8701.85,-456.41,731.93,2446.71,1500.00,240.00,-1,10,0,100,13200.0,40000.0,0,9894.49,1671.70,919.34
273.2833,1,7,21,5,0,7,0,0,9465.01,4340.65,528.77,2731.36,1500.00,240.00,-1,10,0,100,40000.0,40000.0,0,9894.49,1671.70,919.34
273.2833,1,14,35,4,8,4,1,26,10150.64,1142.59,930.42,587.96,1500.00,540.00,-1,10,0,100,36981.7,40000.0,0,9894.49,1671.70,919.34
273.4333,1,3,1,0,0,4,1,26,10090.26,2067.23,862.76,448.82,1500.00,390.00,-1,10,0,100,39058.4,40000.0,0,9881.21,1674.07,918.96
273.4333,1,4,21,5,8,7,0,0,8701.85,-456.41,731.93,2442.30,1500.00,240.00,-1,10,0,100,13200.0,40000.0,0,9881.21,1674.07,918.96
273.4333,1,7,21,5,0,7,0,0,9465.01,4340.65,528.77,2726.92,1500.00,240.00,-1,10,0,100,40000.0,40000.0,0,9881.21,1674.07,918.96
273.4333,1,14,35,4,8,4,1,26,10150.64,1142.59,930.42,595.99,1500.00,540.00,-1,10,0,100,36881.1,40000.0,0,9881.21,1674.07,918.96
273.5667,1,3,1,0,0,4,1,26,10090.26,2067.23,862.76,453.00,1500.00,390.00,-1,10,0,100,39031.4,40000.0,0,9872.39,1674.14,919.57
273.5667,1,4,21,5,8,7,0,0,8701.85,-456.41,731.93,2438.17,1500.00,240.00,-1,10,0,100,13200.0,40000.0,0,9872.39,1674.14,919.57
273.5667,1,7,21,5,0,7,0,0,9465.01,4340.65,528.77,2725.61,1500.00,240.00,-1,10,0,100,40000.0,40000.0,0,9872.39,1674.14,919.57
273.5667,1,14,35,4,8,4,1,26,10150.64,1142.59,930.42,600.07,1500.00,540.00,-1,10,0,100,36791.7,40000.0,0,9872.39,1674.14,919.57
273.7000,1,3,1,0,0,4,1,26,10090.26,2067.23,862.76,458.89,1500.00,390.00,-1,10,0,100,39004.4,40000.0,0,9863.49,1672.25,918.81
273.7000,1,4,21,5,8,7,0,0,8701.85,-456.41,731.93,2432.19,1500.00,240.00,-1,10,0,100,13200.0,40000.0,0,9863.49,1672.25,918.81
273.7000,1,7,21,5,0,7,0,0,9465.01,4340.65,528.77,2726.04,1500.00,240.00,-1,10,0,100,40000.0,40000.0,0,9863.49,1672.25,918.81
273.7000,1,14,35,4,8,4,1,26,10150.64,1142.59,930.42,602.61,1500.00,540.00,-1,10,0,100,36702.2,40000.0,0,9863.49,1672.25,918.81
273.8667,1,3,1,0,0,4,1,26,10090.26,2067.23,862.76,468.98,1500.00,390.00,-1,10,0,100,38970.6,40000.0,0,9852.01,1667.23,919.13
273.8667,1,4,21,5,8,7,0,0,8701.85,-456.41,731.93,2422.35,1500.00,240.00,-1,10,0,100,13200.0,40000.0,0,9852.01,1667.23,919.13
273.8667,1,7,21,5,0,7,0,0,9465.01,4340.65,528.77,2729.35,1500.00,240.00,-1,10,0,100,40000.0,40000.0,0,9852.01,1667.23,919.13
273.8667,1,14,35,4,8,4,1,26,10150.64,1142.59,930.42,603.78,1500.00,540.00,-1,10,0,100,36590.5,40000.0,0,9852.01,1667.23,919.13
274.0167,1,3,1,0,0,4,1,26,10090.26,2067.23,862.76,479.48,1500.00,390.00,-1,10,0,100,38940.2,40000.0,0,9841.52,1661.36,920.18
274.0167,1,4,21,5,8,7,0,0,8701.85,-456.41,731.93,2412.32,1500.00,240.00,-1,10,0,100,13200.0,40000.0,0,9841.52,1661.36,920.18
274.0167,1,7,21,5,0,7,0,0,9465.01,4340.65,528.77,2733.78,1500.00,240.00,-1,10,0,100,40000.0,40000.0,0,9841.52,1661.36,920.18
274.0167,1,14,35,4,8,4,1,26,10150.64,1142.59,930.42,603.98,1500.00,540.00,-1,10,0,100,36489.8,40000.0,0,9841.52,1661.36,920.18
274.1500,1,3,1,0,0,4,1,26,10090.26,2067.23,862.76,487.90,1500.00,390.00,-1,10,0,100,38913.2,40000.0,0,9832.67,1656.85,920.10
274.1500,1,4,21,5,8,7,0,0,8701.85,-456.41,731.93,2404.18,1500.00,240.00,-1,10,0,100,13200.0,40000.0,0,9832.67,1656.85,920.10
274.1500,1,7,21,5,0,7,0,0,9465.01,4340.65,528.77,2736.98,1500.00,240.00,-1,10,0,100,40000.0,40000.0,0,9832.67,1656.85,920.10
274.1500,1,14,35,4,8,4,1,26,10150.64,1142.59,930.42,604.71,1500.00,540.00,-1,10,0,100,36400.4,40000.0,0,9832.67,1656.85,920.10
274.2833,1,3,1,0,0,4,1,26,10090.26,2067.23,862.76,497.48,1500.00,390.00,-1,10,0,100,38886.2,40000.0,0,9824.41,1650.75,920.64
274.2833,1,4,21,5,8,7,0,0,8701.85,-456.41,731.93,2394.97,1500.00,240.00,-1,10,0,100,13200.0,40000.0,0,9824.41,1650.75,920.64
274.2833,1,7,21,5,0,7,0,0,9465.01,4340.65,528.77,2741.95,1500.00,240.00,-1,10,0,100,40000.0,40000.0,0,9824.41,1650.75,920.64
274.2833,1,14,35,4,8,4,1,26,10150.64,1142.59,930.42,603.95,1500.00,540.00,-1,10,0,100,36311.0,40000.0,0,9824.41,1650.75,920.64
274.4333,1,3,1,0,0,4,1,26,10090.26,2067.23,862.76,507.55,1500.00,390.00,-1,10,0,100,38855.9,40000.0,0,9818.44,1642.62,921.32
274.4333,1,4,21,5,8,7,0,0,8701.85,-456.41,731.93,2385.08,1500.00,240.00,-1,10,0,100,13200.0,40000.0,0,9818.44,1642.62,921.32
274.4333,1,7,21,5,0,7,0,0,9465.01,4340.65,528.77,2749.24,1500.00,240.00,-1,10,0,100,40000.0,40000.0,0,9818.44,1642.62,921.32
274.4333,1,14,35,4,8,4,1,26,10150.64,1142.59,930.42,600.40,1500.00,540.00,-1,10,0,100,36210.4,40000.0,0,9818.44,1642.62,921.32
274.5667,1,3,1,0,0,4,1,26,10090.26,2067.23,862.76,516.39,1500.00,390.00,-1,10,0,100,38828.9,40000.0,0,9814.36,1634.76,921.97
274.5667,1,4,21,5,8,7,0,0,8701.85,-456.41,731.93,2376.30,1500.00,240.00,-1,10,0,100,13200.0,40000.0,0,9814.36,1634.76,921.97
274.5667,1,7,21,5,0,7,0,0,9465.01,4340.65,528.77,2756.53,1500.00,240.00,-1,10,0,100,40000.0,40000.0,0,9814.36,1634.76,921.97
274.5667,1,14,35,4,8,4,1,26,10150.64,1142.59,930.42,596.15,1500.00,540.00,-1,10,0,100,36121.0,40000.0,0,9814.36,1634.76,921.97
274.7000,1,3,1,0,0,4,1,26,10090.26,2067.23,862.76,524.16,1500.00,390.00,-1,10,0,100,38801.9,40000.0,0,9812.81,1626.54,922.32
274.7000,1,4,21,5,8,7,0,0,8701.85,-456.41,731.93,2368.37,1500.00,240.00,-1,10,0,100,13200.0,40000.0,0,9812.81,1626.54,922.32
274.7000,1,7,21,5,0,7,0,0,9465.01,4340.65,528.77,2764.46,1500.00,240.00,-1,10,0,100,40000.0,40000.0,0,9812.81,1626.54,922.32
274.7000,1,14,35,4,8,4,1,26,10150.64,1142.59,930.42,590.26,1500.00,540.00,-1,10,0,100,36031.5,40000.0,0,9812.81,1626.54,922.32
274.8500,1,3,1,0,0,4,1,26,10090.26,2067.23,862.76,532.45,1500.00,390.00,-1,10,0,100,38771.5,40000.0,0,9812.67,1616.82,922.63
274.8500,1,4,21,5,8,7,0,0,8701.85,-456.41,731.93,2359.79,1500.00,240.00,-1,10,0,100,13200.0,40000.0,0,9812.67,1616.82,922.63
274.8500,1,7,21,5,0,7,0,0,9465.01,4340.65,528.77,2774.02,1500.00,240.00,-1,10,0,100,40000.0,40000.0,0,9812.67,1616.82,922.63
274.8500,1,14,35,4,8,4,1,26,10150.64,1142.59,930.42,582.40,1500.00,540.00,-1,10,0,100,35930.9,40000.0,0,9812.67,1616.82,922.63
274.9833,1,3,1,0,0,4,1,26,10090.26,2067.23,862.76,540.20,1500.00,390.00,-1,10,0,100,38744.5,40000.0,0,9812.57,1607.79,922.91
274.9833,1,4,21,5,8,7,0,0,8701.85,-456.41,731.93,2351.83,1500.00,240.00,-1,10,0,100,13200.0,40000.0,0,9812.57,1607.79,922.91
274.9833,1,7,21,5,0,7,0,0,9465.01,4340.65,528.77,2782.92,1500.00,240.00,-1,10,0,100,40000.0,40000.0,0,9812.57,1607.79,922.91
274.9833,1,14,35,4,8,4,1,26,10150.64,1142.59,930.42,575.12,1500.00,540.00,-1,10,0,100,35841.5,40000.0,0,9812.57,1607.79,922.91
275.1167,1,3,1,0,0,4,1,26,10090.26,2067.23,862.76,549.52,1500.00,390.00,-1,10,0,100,38717.5,40000.0,0,9812.62,1596.88,923.25
275.1167,1,4,21,5,8,7,0,0,8701.85,-456.41,731.93,2342.32,1500.00,240.00,-1,10,0,100,13200.0,40000.0,0,9812.62,1596.88,923.25
275.1167,1,7,21,5,0,7,0,0,9465.01,4340.65,528.77,2793.69,1500.00,240.00,-1,10,0,100,40000.0,40000.0,0,9812.62,1596.88,923.25
275.1167,1,14,35,4,8,4,1,26,10150.64,1142.59,930.42,566.30,1500.00,540.00,-1,10,0,100,35752.1,40000.0,0,9812.62,1596.88,923.25
275.2500,1,3,1,0,0,4,1,26,10090.26,2067.23,862.76,557.67,1500.00,390.00,-1,10,0,100,38690.5,40000.0,0,9811.68,1588.16,925.10
275.2500,1,4,21,5,8,7,0,0,8701.85,-456.41,731.93,2334.38,1500.00,240.00,-1,10,0,100,13200.0,40000.0,0,9811.68,1588.16,925.10
275.2500,1,7,21,5,0,7,0,0,9465.01,4340.65,528.77,2802.40,1500.00,240.00,-1,10,0,100,40000.0,40000.0,0,9811.68,1588.16,925.10
275.2500,1,14,35,4,8,4,1,26,10150.64,1142.59,930.42,559.88,1500.00,540.00,-1,10,0,100,35662.6,40000.0,0,9811.68,1588.16,925.10
275.4000,1,3,1,0,0,4,1,26,10090.26,2067.23,862.76,567.51,1500.00,390.00,-1,10,0,100,38660.1,40000.0,0,9808.63,1578.68,926.51
275.4000,1,4,21,5,8,7,0,0,8701.85,-456.41,731.93,2324.74,1500.00,240.00,-1,10,0,100,13200.0,40000.0,0,9808.63,1578.68,926.51
275.4000,1,7,21,5,0,7,0,0,9465.01,4340.65,528.77,2811.54,1500.00,240.00,-1,10,0,100,40000.0,40000.0,0,9808.63,1578.68,926.51
275.4000,1,14,35,4,8,4,1,26,10150.64,1142.59,930.42,554.23,1500.00,540.00,-1,10,0,100,35562.0,40000.0,0,9808.63,1578.68,926.51
275.5333,1,3,1,0,0,4,1,26,10090.26,2067.23,862.76,576.44,1500.00,390.00,-1,10,0,100,38633.1,40000.0,0,9803.44,1571.19,925.71
275.5333,1,4,21,5,8,7,0,0,8701.85,-456.41,731.93,2315.65,1500.00,240.00,-1,10,0,100,13200.0,40000.0,0,9803.44,1571.19,925.71
275.5333,1,7,21,5,0,7,0,0,9465.01,4340.65,528.77,2818.16,1500.00,240.00,-1,10,0,100,40000.0,40000.0,0,9803.44,1571.19,925.71
275.5333,1,14,35,4,8,4,1,26,10150.64,1142.59,930.42,551.61,1500.00,540.00,-1,10,0,100,35472.6,40000.0,0,9803.44,1571.19,925.71
275.6667,1,3,1,0,0,4,1,26,10090.26,2067.23,862.76,584.91,1500.00,390.00,-1,10,0,100,38606.1,40000.0,0,9798.36,1564.14,924.47
275.6667,1,4,21,5,8,7,0,0,8701.85,-456.41,731.93,2306.95,1500.00,240.00,-1,10,0,100,13200.0,40000.0,0,9798.36,1564.14,924.47
275.6667,1,7,21,5,0,7,0,0,9465.01,4340.65,528.77,2824.31,1500.00,240.00,-1,10,0,100,40000.0,40000.0,0,9798.36,1564.14,924.47
275.6667,1,14,35,4,8,4,1,26,10150.64,1142.59,930.42,549.40,1500.00,540.00,-1,10,0,100,35383.2,40000.0,0,9798.36,1564.14,924.47
275.8167,1,3,1,0,0,4,1,26,10090.26,2067.23,862.76,592.84,1500.00,390.00,-1,10,0,100,38575.7,40000.0,0,9790.00,1559.88,925.14
275.8167,1,4,21,5,8,7,0,0,8701.85,-456.41,731.93,2299.31,1500.00,240.00,-1,10,0,100,13200.0,40000.0,0,9790.00,1559.88,925.14
275.8167,1,7,21,5,0,7,0,0,9465.01,4340.65,528.77,2827.62,1500.00,240.00,-1,10,0,100,40000.0,40000.0,0,9790.00,1559.88,925.14
275.8167,1,14,35,4,8,4,1,26,10150.64,1142.59,930.42,551.56,1500.00,540.00,-1,10,0,100,35282.6,40000.0,0,9790.00,1559.88,925.14
275.9500,1,3,1,0,0,4,1,26,10090.26,2067.23,862.76,599.15,1500.00,390.00,-1,10,0,100,38548.7,40000.0,0,9782.26,1557.21,926.00
275.9500,1,4,21,5,8,7,0,0,8701.85,-456.41,731.93,2293.39,1500.00,240.00,-1,10,0,100,13200.0,40000.0,0,9782.26,1557.21,926.00
275.9500,1,7,21,5,0,7,0,0,9465.01,4340.65,528.77,2829.48,1500.00,240.00,-1,10,0,100,40000.0,40000.0,0,9782.26,1557.21,926.00
275.9500,1,14,35,4,8,4,1,26,10150.64,1142.59,930.42,554.65,1500.00,540.00,-1,10,0,100,35193.1,40000.0,0,9782.26,1557.21,926.00
276.0833,1,3,1,0,0,4,1,26,10090.26,2067.23,862.76,605.99,1500.00,390.00,-1,10,0,100,38521.7,40000.0,0,9775.13,1553.61,926.86
276.0833,1,4,21,5,8,7,0,0,8701.85,-456.41,731.93,2286.95,1500.00,240.00,-1,10,0,100,13200.0,40000.0,0,9775.13,1553.61,926.86
276.0833,1,7,21,5,0,7,0,0,9465.01,4340.65,528.77,2832.36,1500.00,240.00,-1,10,0,100,40000.0,40000.0,0,9775.13,1553.61,926.86
276.0833,1,14,35,4,8,4,1,26,10150.64,1142.59,930.42,556.74,1500.00,540.00,-1,10,0,100,35103.7,40000.0,0,9775.13,1553.61,926.86
276.2333,1,3,1,0,0,4,1,26,10090.26,2067.23,862.76,612.10,1500.00,390.00,-1,10,0,100,38491.4,40000.0,0,9767.51,1551.15,927.22
276.2333,1,4,21,5,8,7,0,0,8701.85,-456.41,731.93,2281.25,1500.00,240.00,-1,10,0,100,13200.0,40000.0,0,9767.51,1551.15,927.22
276.2333,1,7,21,5,0,7,0,0,9465.01,4340.65,528.77,2834.01,1500.00,240.00,-1,10,0,100,40000.0,40000.0,0,9767.51,1551.15,927.22
276.2333,1,14,35,4,8,4,1,26,10150.64,1142.59,930.42,560.11,1500.00,540.00,-1,10,0,100,35003.1,40000.0,0,9767.51,1551.15,927.22
276.3833,1,3,1,0,0,4,1,26,10090.26,2067.23,862.76,616.60,1500.00,390.00,-1,10,0,100,38461.0,40000.0,0,9759.55,1550.73,926.38
276.3833,1,4,21,5,8,7,0,0,8701.85,-456.41,731.93,2277.10,1500.00,240.00,-1,10,0,100,13200.0,40000.0,0,9759.55,1550.73,926.38
276.3833,1,7,21,5,0,7,0,0,9465.01,4340.65,528.77,2833.46,1500.00,240.00,-1,10,0,100,40000.0,40000.0,0,9759.55,1550.73,926.38
276.3833,1,14,35,4,8,4,1,26,10150.64,1142.59,930.42,565.28,1500.00,540.00,-1,10,0,100,34902.5,40000.0,0,9759.55,1550.73,926.38
276.5167,1,3,1,0,0,4,1,26,10090.26,2067.23,862.76,617.45,1500.00,390.00,-1,10,0,100,38434.0,40000.0,0,9757.55,1550.96,926.15
276.5167,1,4,21,5,8,7,0,0,8701.85,-456.41,731.93,2276.35,1500.00,240.00,-1,10,0,100,13200.0,40000.0,0,9757.55,1550.96,926.15
276.5167,1,7,21,5,0,7,0,0,9465.01,4340.65,528.77,2832.99,1500.00,240.00,-1,10,0,100,40000.0,40000.0,0,9757.55,1550.96,926.15
276.5167,1,14,35,4,8,4,1,26,10150.64,1142.59,930.42,566.84,1500.00,540.00,-1,10,0,100,34813.1,40000.0,0,9757.55,1550.96,926.15
276.6500,1,3,1,0,0,4,1,26,10090.26,2067.23,862.76,617.45,1500.00,390.00,-1,10,0,100,38407.0,40000.0,0,9757.55,1550.96,926.15
276.6500,1,4,21,5,8,7,0,0,8701.85,-456.41,731.93,2276.35,1500.00,240.00,-1,10,0,100,13200.0,40000.0,0,9757.55,1550.96,926.15
276.6500,1,7,21,5,0,7,0,0,9465.01,4340.65,528.77,2832.99,1500.00,240.00,-1,10,0,100,40000.0,40000.0,0,9757.55,1550.96,926.15
276.6500,1,14,35,4,8,4,1,26,10150.64,1142.59,930.42,566.84,1500.00,540.00,-1,10,0,100,34723.6,40000.0,0,9757.55,1550.96,926.15
276.8000,1,3,1,0,0,4,1,26,10090.26,2067.23,862.76,617.27,1500.00,390.00,-1,10,0,100,38376.6,40000.0,0,9755.34,1552.61,926.10
276.8000,1,4,21,5,8,7,0,0,8701.85,-456.41,731.93,2276.78,1500.00,240.00,-1,10,0,100,13200.0,40000.0,0,9755.34,1552.61,926.10
276.8000,1,7,21,5,0,7,0,0,9465.01,4340.65,528.77,2831.13,1500.00,240.00,-1,10,0,100,40000.0,40000.0,0,9755.34,1552.61,926.10
276.8000,1,14,35,4,8,4,1,26,10150.64,1142.59,930.42,569.56,1500.00,540.00,-1,10,0,100,34623.0,40000.0,0,9755.34,1552.61,926.10
276.9333,1,3,1,0,0,4,1,26,10090.26,2067.23,862.76,613.74,1500.00,390.00,-1,10,0,100,38349.6,40000.0,0,9750.89,1560.07,928.21
276.9333,1,4,21,5,8,7,0,0,8701.85,-456.41,731.93,2281.50,1500.00,240.00,-1,10,0,100,13200.0,40000.0,0,9750.89,1560.07,928.21
276.9333,1,7,21,5,0,7,0,0,9465.01,4340.65,528.77,2823.63,1500.00,240.00,-1,10,0,100,40000.0,40000.0,0,9750.89,1560.07,928.21
276.9333,1,14,35,4,8,4,1,26,10150.64,1142.59,930.42,578.01,1500.00,540.00,-1,10,0,100,34533.6,40000.0,0,9750.89,1560.07,928.21
277.0667,1,3,1,0,0,4,1,26,10090.26,2067.23,862.76,613.08,1500.00,390.00,-1,10,0,100,38322.6,40000.0,0,9747.25,1563.32,928.18
277.0667,1,4,21,5,8,7,0,0,8701.85,-456.41,731.93,2282.70,1500.00,240.00,-1,10,0,100,13200.0,40000.0,0,9747.25,1563.32,928.18
277.0667,1,7,21,5,0,7,0,0,9465.01,4340.65,528.77,2820.07,1500.00,240.00,-1,10,0,100,40000.0,40000.0,0,9747.25,1563.32,928.18
277.0667,1,14,35,4,8,4,1,26,10150.64,1142.59,930.42,582.87,1500.00,540.00,-1,10,0,100,34444.2,40000.0,0,9747.25,1563.32,928.18
277.2167,1,3,1,0,0,4,1,26,10090.26,2067.23,862.76,613.08,1500.00,390.00,-1,10,0,100,38292.2,40000.0,0,9747.25,1563.32,928.18
277.2167,1,4,21,5,8,7,0,0,8701.85,-456.41,731.93,2282.70,1500.00,240.00,-1,10,0,100,13200.0,40000.0,0,9747.25,1563.32,928.18
277.2167,1,7,21,5,0,7,0,0,9465.01,4340.65,528.77,2820.07,1500.00,240.00,-1,10,0,100,40000.0,40000.0,0,9747.25,1563.32,928.18
277.2167,1,14,35,4,8,4,1,26,10150.64,1142.59,930.42,582.87,1500.00,540.00,-1,10,0,100,34343.6,40000.0,0,9747.25,1563.32,928.18
277.3500,1,3,1,0,0,4,1,26,10090.26,2067.23,862.76,613.08,1500.00,390.00,-1,10,0,100,38265.2,40000.0,0,9747.25,1563.32,928.18
277.3500,1,4,21,5,8,7,0,0,8701.85,-456.41,731.93,2282.70,1500.00,240.00,-1,10,0,100,13200.0,40000.0,0,9747.25,1563.32,928.18
277.3500,1,7,21,5,0,7,0,0,9465.01,4340.65,528.77,2820.07,1500.00,240.00,-1,10,0,100,40000.0,40000.0,0,9747.25,1563.32,928.18
277.3500,1,14,35,4,8,4,1,26,10150.64,1142.59,930.42,582.87,1500.00,540.00,-1,10,0,100,34254.1,40000.0,0,9747.25,1563.32,928.18
277.4833,1,3,1,0,0,4,1,26,10090.26,2067.23,862.76,613.08,1500.00,390.00,-1,10,0,100,38238.2,40000.0,0,9747.25,1563.32,928.18
277.4833,1,4,21,5,8,7,0,0,8701.85,-456.41,731.93,2282.70,1500.00,240.00,-1,10,0,100,13200.0,40000.0,0,9747.25,1563.32,928.18
277.4833,1,7,21,5,0,7,0,0,9465.01,4340.65,528.77,2820.07,1500.00,240.00,-1,10,0,100,40000.0,40000.0,0,9747.25,1563.32,928.18
277.4833,1,14,35,4,8,4,1,26,10150.64,1142.59,930.42,582.87,1500.00,540.00,-1,10,0,100,34164.7,40000.0,0,9747.25,1563.32,928.18
277.6167,1,3,1,0,0,4,1,26,10090.26,2067.23,862.76,613.08,1500.00,390.00,-1,10,0,100,38211.2,40000.0,0,9747.25,1563.32,928.18
277.6167,1,4,21,5,8,7,0,0,8701.85,-456.41,731.93,2282.70,1500.00,240.00,-1,10,0,100,13200.0,40000.0,0,9747.25,1563.32,928.18
277.6167,1,7,21,5,0,7,0,0,9465.01,4340.65,528.77,2820.07,1500.00,240.00,-1,10,0,100,40000.0,40000.0,0,9747.25,1563.32,928.18
277.6167,1,14,35,4,8,4,1,26,10150.64,1142.59,930.42,582.87,1500.00,540.00,-1,10,0,100,34075.3,40000.0,0,9747.25,1563.32,928.18
277.7667,1,3,1,0,0,4,1,26,10090.26,2067.23,862.76,613.08,1500.00,390.00,-1,10,0,100,38180.9,40000.0,0,9747.25,1563.32,928.18
277.7667,1,4,21,5,8,7,0,0,8701.85,-456.41,731.93,2282.70,1500.00,240.00,-1,10,0,100,13200.0,40000.0,0,9747.25,1563.32,928.18
277.7667,1,7,21,5,0,7,0,0,9465.01,4340.65,528.77,2820.07,1500.00,240.00,-1,10,0,100,40000.0,40000.0,0,9747.25,1563.32,928.18
277.7667,1,14,35,4,8,4,1,26,10150.64,1142.59,930.42,582.87,1500.00,540.00,-1,10,0,100,33974.7,40000.0,0,9747.25,1563.32,928.18
277.8833,1,3,1,0,0,4,1,26,10090.26,2067.23,862.76,613.08,1500.00,390.00,-1,10,0,100,38157.2,40000.0,0,9747.25,1563.32,928.18
277.8833,1,4,21,5,8,7,0,0,8701.85,-456.41,731.93,2282.70,1500.00,240.00,-1,10,0,100,13200.0,40000.0,0,9747.25,1563.32,928.18
277.8833,1,7,21,5,0,7,0,0,9465.01,4340.65,528.77,2820.07,1500.00,240.00,-1,10,0,100,40000.0,40000.0,0,9747.25,1563.32,928.18
277.8833,1,14,35,4,8,4,1,26,10150.64,1142.59,930.42,582.87,1500.00,540.00,-1,10,0,100,33896.4,40000.0,0,9747.25,1563.32,928.18
278.0333,1,3,1,0,0,4,1,26,10090.26,2067.23,862.76,613.08,1500.00,390.00,-1,10,0,100,38126.9,40000.0,0,9747.25,1563.32,928.18
278.0333,1,4,21,5,8,7,0,0,8701.85,-456.41,731.93,2282.70,1500.00,240.00,-1,10,0,100,13200.0,40000.0,0,9747.25,1563.32,928.18
278.0333,1,7,21,5,0,7,0,0,9465.01,4340.65,528.77,2820.07,1500.00,240.00,-1,10,0,100,40000.0,40000.0,0,9747.25,1563.32,928.18
278.0333,1,14,35,4,8,4,1,26,10150.64,1142.59,930.42,582.87,1500.00,540.00,-1,10,0,100,33795.8,40000.0,0,9747.25,1563.32,928.18
278.1667,1,3,1,0,0,4,1,26,10090.26,2067.23,862.76,613.08,1500.00,390.00,-1,10,0,100,38099.9,40000.0,0,9747.25,1563.32,928.18
278.1667,1,4,21,5,8,7,0,0,8701.85,-456.41,731.93,2282.70,1500.00,240.00,-1,10,0,100,13200.0,40000.0,0,9747.25,1563.32,928.18
278.1667,1,7,21,5,0,7,0,0,9465.01,4340.65,528.77,2820.07,1500.00,240.00,-1,10,0,100,40000.0,40000.0,0,9747.25,1563.32,928.18
278.1667,1,14,35,4,8,4,1,26,10150.64,1142.59,930.42,582.87,1500.00,540.00,-1,10,0,100,33706.4,40000.0,0,9747.25,1563.32,928.18
278.3000,1,3,1,0,0,4,1,26,10090.26,2067.23,862.76,621.54,1500.00,390.00,-1,10,0,100,38072.9,40000.0,0,9732.46,1563.15,927.51
278.3000,1,4,21,5,8,7,0,0,8701.85,-456.41,731.93,2275.75,1500.00,240.00,-1,10,0,100,13200.0,40000.0,0,9732.46,1563.15,927.51
278.3000,1,7,21,5,0,7,0,0,9465.01,4340.65,528.77,2818.69,1500.00,240.00,-1,10,0,100,40000.0,40000.0,0,9732.46,1563.15,927.51
278.3000,1,14,35,4,8,4,1,26,10150.64,1142.59,930.42,593.09,1500.00,540.00,-1,10,0,100,33616.9,40000.0,0,9732.46,1563.15,927.51
278.4500,1,3,1,0,0,4,1,26,10090.26,2067.23,862.76,629.33,1500.00,390.00,-1,10,0,100,38042.5,40000.0,0,9713.08,1567.50,926.45
278.4500,1,4,21,5,8,7,0,0,8701.85,-456.41,731.93,2270.82,1500.00,240.00,-1,10,0,100,13200.0,40000.0,0,9713.08,1567.50,926.45
278.4500,1,7,21,5,0,7,0,0,9465.01,4340.65,528.77,2812.48,1500.00,240.00,-1,10,0,100,40000.0,40000.0,0,9713.08,1567.50,926.45
278.4500,1,14,35,4,8,4,1,26,10150.64,1142.59,930.42,609.94,1500.00,540.00,-1,10,0,100,33516.3,40000.0,0,9713.08,1567.50,926.45
278.5833,1,3,1,0,0,4,1,26,10090.26,2067.23,862.76,639.24,1500.00,390.00,-1,10,0,100,38015.5,40000.0,0,9692.91,1570.56,926.53
278.5833,1,4,21,5,8,7,0,0,8701.85,-456.41,731.93,2264.67,1500.00,240.00,-1,10,0,100,13200.0,40000.0,0,9692.91,1570.56,926.53
278.5833,1,7,21,5,0,7,0,0,9465.01,4340.65,528.77,2807.76,1500.00,240.00,-1,10,0,100,40000.0,40000.0,0,9692.91,1570.56,926.53
278.5833,1,14,35,4,8,4,1,26,10150.64,1142.59,930.42,626.65,1500.00,540.00,-1,10,0,100,33426.9,40000.0,0,9692.91,1570.56,926.53
278.7167,1,3,1,0,0,4,1,26,10090.26,2067.23,862.76,646.54,1500.00,390.00,-1,10,0,100,37988.5,40000.0,0,9674.05,1576.89,928.70
278.7167,1,4,21,5,8,7,0,0,8701.85,-456.41,731.93,2262.35,1500.00,240.00,-1,10,0,100,13200.0,40000.0,0,9674.05,1576.89,928.70
278.7167,1,7,21,5,0,7,0,0,9465.01,4340.65,528.77,2800.36,1500.00,240.00,-1,10,0,100,40000.0,40000.0,0,9674.05,1576.89,928.70
278.7167,1,14,35,4,8,4,1,26,10150.64,1142.59,930.42,644.80,1500.00,540.00,-1,10,0,100,33337.5,40000.0,0,9674.05,1576.89,928.70
278.8667,1,3,1,0,0,4,1,26,10090.26,2067.23,862.76,644.87,1500.00,390.00,-1,10,0,100,37958.1,40000.0,0,9665.33,1586.50,927.49
278.8667,1,4,21,5,8,7,0,0,8701.85,-456.41,731.93,2267.16,1500.00,240.00,-1,10,0,100,13200.0,40000.0,0,9665.33,1586.50,927.49
278.8667,1,7,21,5,0,7,0,0,9465.01,4340.65,528.77,2790.07,1500.00,240.00,-1,10,0,100,40000.0,40000.0,0,9665.33,1586.50,927.49
278.8667,1,14,35,4,8,4,1,26,10150.64,1142.59,930.42,657.71,1500.00,540.00,-1,10,0,100,33236.9,40000.0,0,9665.33,1586.50,927.49
279.0000,1,3,1,0,0,4,1,26,10090.26,2067.23,862.76,640.30,1500.00,390.00,-1,10,0,100,37931.1,40000.0,0,9662.81,1594.81,926.73
279.0000,1,4,21,5,8,7,0,0,8701.85,-456.41,731.93,2273.53,1500.00,240.00,-1,10,0,100,13200.0,40000.0,0,9662.81,1594.81,926.73
279.0000,1,7,21,5,0,7,0,0,9465.01,4340.65,528.77,2781.57,1500.00,240.00,-1,10,0,100,40000.0,40000.0,0,9662.81,1594.81,926.73
279.0000,1,14,35,4,8,4,1,26,10150.64,1142.59,930.42,665.21,1500.00,540.00,-1,10,0,100,33147.4,40000.0,0,9662.81,1594.81,926.73
279.1500,1,3,1,0,0,4,1,26,10090.26,2067.23,862.76,632.54,1500.00,390.00,-1,10,0,100,37900.7,40000.0,0,9663.73,1604.48,926.26
279.1500,1,4,21,5,8,7,0,0,8701.85,-456.41,731.93,2282.60,1500.00,240.00,-1,10,0,100,13200.0,40000.0,0,9663.73,1604.48,926.26
279.1500,1,7,21,5,0,7,0,0,9465.01,4340.65,528.77,2772.03,1500.00,240.00,-1,10,0,100,40000.0,40000.0,0,9663.73,1604.48,926.26
279.1500,1,14,35,4,8,4,1,26,10150.64,1142.59,930.42,671.15,1500.00,540.00,-1,10,0,100,33046.8,40000.0,0,9663.73,1604.48,926.26
279.2833,1,3,1,0,0,4,1,26,10090.26,2067.23,862.76,627.43,1500.00,390.00,-1,10,0,100,37873.7,40000.0,0,9666.30,1609.01,925.65
279.2833,1,4,21,5,8,7,0,0,8701.85,-456.41,731.93,2287.73,1500.00,240.00,-1,10,0,100,13200.0,40000.0,0,9666.30,1609.01,925.65
279.2833,1,7,21,5,0,7,0,0,9465.01,4340.65,528.77,2767.65,1500.00,240.00,-1,10,0,100,40000.0,40000.0,0,9666.30,1609.01,925.65
279.2833,1,14,35,4,8,4,1,26,10150.64,1142.59,930.42,672.43,1500.00,540.00,-1,10,0,100,32957.4,40000.0,0,9666.30,1609.01,925.65
279.4333,1,3,1,0,0,4,1,26,10090.26,2067.23,862.76,621.59,1500.00,390.00,-1,10,0,100,37843.4,40000.0,0,9668.45,1614.94,925.07
279.4333,1,4,21,5,8,7,0,0,8701.85,-456.41,731.93,2293.93,1500.00,240.00,-1,10,0,100,13200.0,40000.0,0,9668.45,1614.94,925.07
279.4333,1,7,21,5,0,7,0,0,9465.01,4340.65,528.77,2761.88,1500.00,240.00,-1,10,0,100,40000.0,40000.0,0,9668.45,1614.94,925.07
279.4333,1,14,35,4,8,4,1,26,10150.64,1142.59,930.42,675.02,1500.00,540.00,-1,10,0,100,32856.8,40000.0,0,9668.45,1614.94,925.07
279.5667,1,3,1,0,0,4,1,26,10090.26,2067.23,862.76,616.11,1500.00,390.00,-1,10,0,100,37816.4,40000.0,0,9671.00,1620.08,924.89
279.5667,1,4,21,5,8,7,0,0,8701.85,-456.41,731.93,2299.63,1500.00,240.00,-1,10,0,100,13200.0,40000.0,0,9671.00,1620.08,924.89
279.5667,1,7,21,5,0,7,0,0,9465.01,4340.65,528.77,2756.97,1500.00,240.00,-1,10,0,100,40000.0,40000.0,0,9671.00,1620.08,924.89
279.5667,1,14,35,4,8,4,1,26,10150.64,1142.59,930.42,676.82,1500.00,540.00,-1,10,0,100,32767.4,40000.0,0,9671.00,1620.08,924.89
279.7000,1,3,1,0,0,4,1,26,10090.26,2067.23,862.76,607.63,1500.00,390.00,-1,10,0,100,37789.4,40000.0,0,9673.41,1629.77,926.61
279.7000,1,4,21,5,8,7,0,0,8701.85,-456.41,731.93,2309.54,1500.00,240.00,-1,10,0,100,13200.0,40000.0,0,9673.41,1629.77,926.61
279.7000,1,7,21,5,0,7,0,0,9465.01,4340.65,528.77,2747.83,1500.00,240.00,-1,10,0,100,40000.0,40000.0,0,9673.41,1629.77,926.61
279.7000,1,14,35,4,8,4,1,26,10150.64,1142.59,930.42,681.99,1500.00,540.00,-1,10,0,100,32678.0,40000.0,0,9673.41,1629.77,926.61
279.8500,1,3,1,0,0,4,1,26,10090.26,2067.23,862.76,598.41,1500.00,390.00,-1,10,0,100,37759.0,40000.0,0,9673.97,1642.17,926.92
279.8500,1,4,21,5,8,7,0,0,8701.85,-456.41,731.93,2321.01,1500.00,240.00,-1,10,0,100,13200.0,40000.0,0,9673.97,1642.17,926.92
279.8500,1,7,21,5,0,7,0,0,9465.01,4340.65,528.77,2735.69,1500.00,240.00,-1,10,0,100,40000.0,40000.0,0,9673.97,1642.17,926.92
279.8500,1,14,35,4,8,4,1,26,10150.64,1142.59,930.42,690.52,1500.00,540.00,-1,10,0,100,32577.3,40000.0,0,9673.97,1642.17,926.92
279.9833,1,3,1,0,0,4,1,26,10090.26,2067.23,862.76,596.99,1500.00,390.00,-1,10,0,100,37732.0,40000.0,0,9672.64,1645.78,928.85
279.9833,1,4,21,5,8,7,0,0,8701.85,-456.41,731.93,2323.88,1500.00,240.00,-1,10,0,100,13200.0,40000.0,0,9672.64,1645.78,928.85
279.9833,1,7,21,5,0,7,0,0,9465.01,4340.65,528.77,2732.31,1500.00,240.00,-1,10,0,100,40000.0,40000.0,0,9672.64,1645.78,928.85
279.9833,1,14,35,4,8,4,1,26,10150.64,1142.59,930.42,694.04,1500.00,540.00,-1,10,0,100,32487.9,40000.0,0,9672.64,1645.78,928.85
280.1333,1,3,1,0,0,4,1,26,10090.26,2067.23,862.76,598.76,1500.00,390.00,-1,10,0,100,37701.6,40000.0,0,9671.43,1644.40,928.36
280.1333,1,4,21,5,8,7,0,0,8701.85,-456.41,731.93,2322.09,1500.00,240.00,-1,10,0,100,13200.0,40000.0,0,9671.43,1644.40,928.36
280.1333,1,7,21,5,0,7,0,0,9465.01,4340.65,528.77,2733.51,1500.00,240.00,-1,10,0,100,40000.0,40000.0,0,9671.43,1644.40,928.36
280.1333,1,14,35,4,8,4,1,26,10150.64,1142.59,930.42,693.88,1500.00,540.00,-1,10,0,100,32387.3,40000.0,0,9671.43,1644.40,928.36
280.2667,1,3,1,0,0,4,1,26,10090.26,2067.23,862.76,614.76,1500.00,390.00,-1,10,0,100,37674.6,40000.0,0,9663.93,1628.70,924.94
280.2667,1,4,21,5,8,7,0,0,8701.85,-456.41,731.93,2304.47,1500.00,240.00,-1,10,0,100,13200.0,40000.0,0,9663.93,1628.70,924.94
280.2667,1,7,21,5,0,7,0,0,9465.01,4340.65,528.77,2747.94,1500.00,240.00,-1,10,0,100,40000.0,40000.0,0,9663.93,1628.70,924.94
280.2667,1,14,35,4,8,4,1,26,10150.64,1142.59,930.42,687.91,1500.00,540.00,-1,10,0,100,32297.9,40000.0,0,9663.93,1628.70,924.94
280.4167,1,3,1,0,0,4,1,26,10090.26,2067.23,862.76,632.76,1500.00,390.00,-1,10,0,100,37644.2,40000.0,0,9658.98,1608.54,925.81
280.4167,1,4,21,5,8,7,0,0,8701.85,-456.41,731.93,2284.23,1500.00,240.00,-1,10,0,100,13200.0,40000.0,0,9658.98,1608.54,925.81
280.4167,1,7,21,5,0,7,0,0,9465.01,4340.65,528.77,2767.62,1500.00,240.00,-1,10,0,100,40000.0,40000.0,0,9658.98,1608.54,925.81
280.4167,1,14,35,4,8,4,1,26,10150.64,1142.59,930.42,677.40,1500.00,540.00,-1,10,0,100,32197.3,40000.0,0,9658.98,1608.54,925.81
280.5500,1,3,1,0,0,4,1,26,10090.26,2067.23,862.76,635.89,1500.00,390.00,-1,10,0,100,37617.2,40000.0,0,9660.09,1603.25,926.26
280.5500,1,4,21,5,8,7,0,0,8701.85,-456.41,731.93,2279.96,1500.00,240.00,-1,10,0,100,13200.0,40000.0,0,9660.09,1603.25,926.26
280.5500,1,7,21,5,0,7,0,0,9465.01,4340.65,528.77,2772.98,1500.00,240.00,-1,10,0,100,40000.0,40000.0,0,9660.09,1603.25,926.26
280.5500,1,14,35,4,8,4,1,26,10150.64,1142.59,930.42,672.96,1500.00,540.00,-1,10,0,100,32107.9,40000.0,0,9660.09,1603.25,926.26
280.6833,1,3,1,0,0,4,1,26,10090.26,2067.23,862.76,635.04,1500.00,390.00,-1,10,0,100,37590.2,40000.0,0,9670.18,1595.34,927.05
280.6833,1,4,21,5,8,7,0,0,8701.85,-456.41,731.93,2277.16,1500.00,240.00,-1,10,0,100,13200.0,40000.0,0,9670.18,1595.34,927.05
280.6833,1,7,21,5,0,7,0,0,9465.01,4340.65,528.77,2781.62,1500.00,240.00,-1,10,0,100,40000.0,40000.0,0,9670.18,1595.34,927.05
280.6833,1,14,35,4,8,4,1,26,10150.64,1142.59,930.42,660.18,1500.00,540.00,-1,10,0,100,32018.4,40000.0,0,9670.18,1595.34,927.05
280.8333,1,3,1,0,0,4,1,26,10090.26,2067.23,862.76,632.00,1500.00,390.00,-1,10,0,100,37559.9,40000.0,0,9686.43,1585.29,926.61
280.8333,1,4,21,5,8,7,0,0,8701.85,-456.41,731.93,2275.05,1500.00,240.00,-1,10,0,100,13200.0,40000.0,0,9686.43,1585.29,926.61
280.8333,1,7,21,5,0,7,0,0,9465.01,4340.65,528.77,2792.72,1500.00,240.00,-1,10,0,100,40000.0,40000.0,0,9686.43,1585.29,926.61
280.8333,1,14,35,4,8,4,1,26,10150.64,1142.59,930.42,641.48,1500.00,540.00,-1,10,0,100,31917.8,40000.0,0,9686.43,1585.29,926.61
280.9667,1,3,1,0,0,4,1,26,10090.26,2067.23,862.76,622.67,1500.00,390.00,-1,10,0,100,37532.9,40000.0,0,9697.19,1588.58,926.88
280.9667,1,4,21,5,8,7,0,0,8701.85,-456.41,731.93,2282.70,1500.00,240.00,-1,10,0,100,13200.0,40000.0,0,9697.19,1588.58,926.88
280.9667,1,7,21,5,0,7,0,0,9465.01,4340.65,528.77,2790.40,1500.00,240.00,-1,10,0,100,40000.0,40000.0,0,9697.19,1588.58,926.88
280.9667,1,14,35,4,8,4,1,26,10150.64,1142.59,930.42,636.03,1500.00,540.00,-1,10,0,100,31828.4,40000.0,0,9697.19,1588.58,926.88
281.1167,1,3,1,0,0,4,1,26,10090.26,2067.23,862.76,612.35,1500.00,390.00,-1,10,0,100,37502.5,40000.0,0,9702.98,1597.33,927.43
281.1167,1,4,21,5,8,7,0,0,8701.85,-456.41,731.93,2293.11,1500.00,240.00,-1,10,0,100,13200.0,40000.0,0,9702.98,1597.33,927.43
281.1167,1,7,21,5,0,7,0,0,9465.01,4340.65,528.77,2782.33,1500.00,240.00,-1,10,0,100,40000.0,40000.0,0,9702.98,1597.33,927.43
281.1167,1,14,35,4,8,4,1,26,10150.64,1142.59,930.42,638.12,1500.00,540.00,-1,10,0,100,31727.8,40000.0,0,9702.98,1597.33,927.43
281.2500,1,3,1,0,0,4,1,26,10090.26,2067.23,862.76,612.35,1500.00,390.00,-1,10,0,100,37475.5,40000.0,0,9702.98,1597.33,927.43
281.2500,1,4,21,5,8,7,0,0,8701.85,-456.41,731.93,2293.11,1500.00,240.00,-1,10,0,100,13200.0,40000.0,0,9702.98,1597.33,927.43
281.2500,1,7,21,5,0,7,0,0,9465.01,4340.65,528.77,2782.33,1500.00,240.00,-1,10,0,100,40000.0,40000.0,0,9702.98,1597.33,927.43
281.2500,1,14,35,4,8,4,1,26,10150.64,1142.59,930.42,638.12,1500.00,540.00,-1,10,0,100,31638.4,40000.0,0,9702.98,1597.33,927.43
281.3833,1,3,1,0,0,4,1,26,10090.26,2067.23,862.76,612.35,1500.00,390.00,-1,10,0,100,37448.5,40000.0,0,9702.98,1597.33,927.43
281.3833,1,4,21,5,8,7,0,0,8701.85,-456.41,731.93,2293.11,1500.00,240.00,-1,10,0,100,13200.0,40000.0,0,9702.98,1597.33,927.43
281.3833,1,7,21,5,0,7,0,0,9465.01,4340.65,528.77,2782.33,1500.00,240.00,-1,10,0,100,40000.0,40000.0,0,9702.98,1597.33,927.43
281.3833,1,14,35,4,8,4,1,26,10150.64,1142.59,930.42,638.12,1500.00,540.00,-1,10,0,100,31548.9,40000.0,0,9702.98,1597.33,927.43
281.5333,1,3,1,0,0,4,1,26,10090.26,2067.23,862.76,612.35,1500.00,390.00,-1,10,0,100,37418.1,40000.0,0,9702.98,1597.33,927.43
281.5333,1,4,21,5,8,7,0,0,8701.85,-456.41,731.93,2293.11,1500.00,240.00,-1,10,0,100,13200.0,40000.0,0,9702.98,1597.33,927.43
281.5333,1,7,21,5,0,7,0,0,9465.01,4340.65,528.77,2782.33,1500.00,240.00,-1,10,0,100,40000.0,40000.0,0,9702.98,1597.33,927.43
281.5333,1,14,35,4,8,4,1,26,10150.64,1142.59,930.42,638.12,1500.00,540.00,-1,10,0,100,31448.3,40000.0,0,9702.98,1597.33,927.43
281.6667,1,3,1,0,0,4,1,26,10090.26,2067.23,862.76,612.35,1500.00,390.00,-1,10,0,100,37391.1,40000.0,0,9702.98,1597.33,927.43
281.6667,1,4,21,5,8,7,0,0,8701.85,-456.41,731.93,2293.11,1500.00,240.00,-1,10,0,100,13200.0,40000.0,0,9702.98,1597.33,927.43
281.6667,1,7,21,5,0,7,0,0,9465.01,4340.65,528.77,2782.33,1500.00,240.00,-1,10,0,100,40000.0,40000.0,0,9702.98,1597.33,927.43
281.6667,1,14,35,4,8,4,1,26,10150.64,1142.59,930.42,638.12,1500.00,540.00,-1,10,0,100,31358.9,40000.0,0,9702.98,1597.33,927.43
281.8167,1,3,1,0,0,4,1,26,10090.26,2067.23,862.76,612.35,1500.00,390.00,-1,10,0,100,37360.7,40000.0,0,9702.98,1597.33,927.43
281.8167,1,4,21,5,8,7,0,0,8701.85,-456.41,731.93,2293.11,1500.00,240.00,-1,10,0,100,13200.0,40000.0,0,9702.98,1597.33,927.43
281.8167,1,7,21,5,0,7,0,0,9465.01,4340.65,528.77,2782.33,1500.00,240.00,-1,10,0,100,40000.0,40000.0,0,9702.98,1597.33,927.43
281.8167,1,14,35,4,8,4,1,26,10150.64,1142.59,930.42,638.12,1500.00,540.00,-1,10,0,100,31258.3,40000.0,0,9702.98,1597.33,927.43
281.9500,1,3,1,0,0,4,1,26,10090.26,2067.23,862.76,612.35,1500.00,390.00,-1,10,0,100,37333.7,40000.0,0,9702.98,1597.33,927.43
281.9500,1,4,21,5,8,7,0,0,8701.85,-456.41,731.93,2293.11,1500.00,240.00,-1,10,0,100,13200.0,40000.0,0,9702.98,1597.33,927.43
281.9500,1,7,21,5,0,7,0,0,9465.01,4340.65,528.77,2782.33,1500.00,240.00,-1,10,0,100,40000.0,40000.0,0,9702.98,1597.33,927.43
281.9500,1,14,35,4,8,4,1,26,10150.64,1142.59,930.42,638.12,1500.00,540.00,-1,10,0,100,31168.9,40000.0,0,9702.98,1597.33,927.43
282.0833,1,3,1,0,0,4,1,26,10090.26,2067.23,862.76,612.35,1500.00,390.00,-1,10,0,100,37306.7,40000.0,0,9702.98,1597.33,927.43
282.0833,1,4,21,5,8,7,0,0,8701.85,-456.41,731.93,2293.11,1500.00,240.00,-1,10,0,100,13200.0,40000.0,0,9702.98,1597.33,927.43
282.0833,1,7,21,5,0,7,0,0,9465.01,4340.65,528.77,2782.33,1500.00,240.00,-1,10,0,100,40000.0,40000.0,0,9702.98,1597.33,927.43
282.0833,1,14,35,4,8,4,1,26,10150.64,1142.59,930.42,638.12,1500.00,540.00,-1,10,0,100,31079.5,40000.0,0,9702.98,1597.33,927.43
282.2333,1,3,1,0,0,4,1,26,10090.26,2067.23,862.76,612.35,1500.00,390.00,-1,10,0,100,37276.4,40000.0,0,9702.98,1597.33,927.43
282.2333,1,4,21,5,8,7,0,0,8701.85,-456.41,731.93,2293.11,1500.00,240.00,-1,10,0,100,13200.0,40000.0,0,9702.98,1597.33,927.43
282.2333,1,7,21,5,0,7,0,0,9465.01,4340.65,528.77,2782.33,1500.00,240.00,-1,10,0,100,40000.0,40000.0,0,9702.98,1597.33,927.43
282.2333,1,14,35,4,8,4,1,26,10150.64,1142.59,930.42,638.12,1500.00,540.00,-1,10,0,100,30978.8,40000.0,0,9702.98,1597.33,927.43
282.3667,1,3,1,0,0,4,1,26,10090.26,2067.23,862.76,612.35,1500.00,390.00,-1,10,0,100,37249.4,40000.0,0,9702.98,1597.33,927.43
282.3667,1,4,21,5,8,7,0,0,8701.85,-456.41,731.93,2293.11,1500.00,240.00,-1,10,0,100,13200.0,40000.0,0,9702.98,1597.33,927.43
282.3667,1,7,21,5,0,7,0,0,9465.01,4340.65,528.77,2782.33,1500.00,240.00,-1,10,0,100,40000.0,40000.0,0,9702.98,1597.33,927.43
282.3667,1,14,35,4,8,4,1,26,10150.64,1142.59,930.42,638.12,1500.00,540.00,-1,10,0,100,30889.4,40000.0,0,9702.98,1597.33,927.43
282.5000,1,3,1,0,0,4,1,26,10090.26,2067.23,862.76,612.35,1500.00,390.00,-1,10,0,100,37222.4,40000.0,0,9702.98,1597.33,927.43
282.5000,1,4,21,5,8,7,0,0,8701.85,-456.41,731.93,2293.11,1500.00,240.00,-1,10,0,100,13200.0,40000.0,0,9702.98,1597.33,927.43
282.5000,1,7,21,5,0,7,0,0,9465.01,4340.65,528.77,2782.33,1500.00,240.00,-1,10,0,100,40000.0,40000.0,0,9702.98,1597.33,927.43
282.5000,1,14,35,4,8,4,1,26,10150.64,1142.59,930.42,638.12,1500.00,540.00,-1,10,0,100,30800.0,40000.0,0,9702.98,1597.33,927.43
282.6333,1,3,1,0,0,4,1,26,10090.26,2067.23,862.76,612.35,1500.00,390.00,-1,10,0,100,37195.4,40000.0,0,9702.98,1597.33,927.43
282.6333,1,4,21,5,8,7,0,0,8701.85,-456.41,731.93,2293.11,1500.00,240.00,-1,10,0,100,13200.0,40000.0,0,9702.98,1597.33,927.43
282.6333,1,7,21,5,0,7,0,0,9465.01,4340.65,528.77,2782.33,1500.00,240.00,-1,10,0,100,40000.0,40000.0,0,9702.98,1597.33,927.43
282.6333,1,14,35,4,8,4,1,26,10150.64,1142.59,930.42,638.12,1500.00,540.00,-1,10,0,100,30710.6,40000.0,0,9702.98,1597.33,927.43
282.7667,1,3,1,0,0,4,1,26,10090.26,2067.23,862.76,612.35,1500.00,390.00,-1,10,0,100,37168.4,40000.0,0,9702.98,1597.33,927.43
282.7667,1,4,21,5,8,7,0,0,8701.85,-456.41,731.93,2293.11,1500.00,240.00,-1,10,0,100,13200.0,40000.0,0,9702.98,1597.33,927.43
282.7667,1,7,21,5,0,7,0,0,9465.01,4340.65,528.77,2782.33,1500.00,240.00,-1,10,0,100,40000.0,40000.0,0,9702.98,1597.33,927.43
282.7667,1,14,35,4,8,4,1,26,10150.64,1142.59,930.42,638.12,1500.00,540.00,-1,10,0,100,30621.1,40000.0,0,9702.98,1597.33,927.43
282.9167,1,3,1,0,0,4,1,26,10090.26,2067.23,862.76,612.35,1500.00,390.00,-1,10,0,100,37138.0,40000.0,0,9702.98,1597.33,927.43
282.9167,1,4,21,5,8,7,0,0,8701.85,-456.41,731.93,2293.11,1500.00,240.00,-1,10,0,100,13200.0,40000.0,0,9702.98,1597.33,927.43
282.9167,1,7,21,5,0,7,0,0,9465.01,4340.65,528.77,2782.33,1500.00,240.00,-1,10,0,100,40000.0,40000.0,0,9702.98,1597.33,927.43
282.9167,1,14,35,4,8,4,1,26,10150.64,1142.59,930.42,638.12,1500.00,540.00,-1,10,0,100,30520.5,40000.0,0,9702.98,1597.33,927.43
283.0500,1,3,1,0,0,4,1,26,10090.26,2067.23,862.76,612.35,1500.00,390.00,-1,10,0,100,37111.0,40000.0,0,9702.98,1597.33,927.43
283.0500,1,4,21,5,8,7,0,0,8701.85,-456.41,731.93,2293.11,1500.00,240.00,-1,10,0,100,13200.0,40000.0,0,9702.98,1597.33,927.43
283.0500,1,7,21,5,0,7,0,0,9465.01,4340.65,528.77,2782.33,1500.00,240.00,-1,10,0,100,40000.0,40000.0,0,9702.98,1597.33,927.43
283.0500,1,14,35,4,8,4,1,26,10150.64,1142.59,930.42,638.12,1500.00,540.00,-1,10,0,100,30431.1,40000.0,0,9702.98,1597.33,927.43
283.1833,1,3,1,0,0,4,1,26,10090.26,2067.23,862.76,612.35,1500.00,390.00,-1,10,0,100,37084.0,40000.0,0,9702.98,1597.33,927.43
283.1833,1,4,21,5,8,7,0,0,8701.85,-456.41,731.93,2293.11,1500.00,240.00,-1,10,0,100,13200.0,40000.0,0,9702.98,1597.33,927.43
283.1833,1,7,21,5,0,7,0,0,9465.01,4340.65,528.77,2782.33,1500.00,240.00,-1,10,0,100,40000.0,40000.0,0,9702.98,1597.33,927.43
283.1833,1,14,35,4,8,4,1,26,10150.64,1142.59,930.42,638.12,1500.00,540.00,-1,10,0,100,30341.7,40000.0,0,9702.98,1597.33,927.43
283.3333,1,3,1,0,0,4,1,26,10090.26,2067.23,862.76,612.35,1500.00,390.00,-1,10,0,100,37053.6,40000.0,0,9702.98,1597.33,927.43
283.3333,1,4,21,5,8,7,0,0,8701.85,-456.41,731.93,2293.11,1500.00,240.00,-1,10,0,100,13200.0,40000.0,0,9702.98,1597.33,927.43
283.3333,1,7,21,5,0,7,0,0,9465.01,4340.65,528.77,2782.33,1500.00,240.00,-1,10,0,100,40000.0,40000.0,0,9702.98,1597.33,927.43
283.3333,1,14,35,4,8,4,1,26,10150.64,1142.59,930.42,638.12,1500.00,540.00,-1,10,0,100,30241.1,40000.0,0,9702.98,1597.33,927.43
283.4667,1,3,1,0,0,4,1,26,10090.26,2067.23,862.76,623.73,1500.00,390.00,-1,10,0,100,37026.6,40000.0,0,9703.61,1582.16,927.88
283.4667,1,4,21,5,8,7,0,0,8701.85,-456.41,731.93,2279.85,1500.00,240.00,-1,10,0,100,13200.0,40000.0,0,9703.61,1582.16,927.88
283.4667,1,7,21,5,0,7,0,0,9465.01,4340.65,528.77,2797.41,1500.00,240.00,-1,10,0,100,40000.0,40000.0,0,9703.61,1582.16,927.88
283.4667,1,14,35,4,8,4,1,26,10150.64,1142.59,930.42,626.95,1500.00,540.00,-1,10,0,100,30151.7,40000.0,0,9703.61,1582.16,927.88
283.6000,1,3,1,0,0,4,1,26,10090.26,2067.23,862.76,642.16,1500.00,390.00,-1,10,0,100,36999.6,40000.0,0,9703.15,1558.75,925.72
283.6000,1,4,21,5,8,7,0,0,8701.85,-456.41,731.93,2258.55,1500.00,240.00,-1,10,0,100,13200.0,40000.0,0,9703.15,1558.75,925.72
283.6000,1,7,21,5,0,7,0,0,9465.01,4340.65,528.77,2820.15,1500.00,240.00,-1,10,0,100,40000.0,40000.0,0,9703.15,1558.75,925.72
283.6000,1,14,35,4,8,4,1,26,10150.64,1142.59,930.42,611.12,1500.00,540.00,-1,10,0,100,30062.2,40000.0,0,9703.15,1558.75,925.72
283.7500,1,3,1,0,0,4,1,26,10090.26,2067.23,862.76,664.45,1500.00,390.00,-1,10,0,100,36969.2,40000.0,0,9701.93,1531.85,926.57
283.7500,1,4,21,5,8,7,0,0,8701.85,-456.41,731.93,2234.11,1500.00,240.00,-1,10,0,100,13200.0,40000.0,0,9701.93,1531.85,926.57
283.7500,1,7,21,5,0,7,0,0,9465.01,4340.65,528.77,2846.70,1500.00,240.00,-1,10,0,100,40000.0,40000.0,0,9701.93,1531.85,926.57
283.7500,1,14,35,4,8,4,1,26,10150.64,1142.59,930.42,594.04,1500.00,540.00,-1,10,0,100,29961.6,40000.0,0,9701.93,1531.85,926.57
283.8833,1,3,1,0,0,4,1,26,10090.26,2067.23,862.76,676.92,1500.00,390.00,-1,10,0,100,36942.2,40000.0,0,9705.24,1514.32,928.21
283.8833,1,4,21,5,8,7,0,0,8701.85,-456.41,731.93,2220.17,1500.00,240.00,-1,10,0,100,13200.0,40000.0,0,9705.24,1514.32,928.21
283.8833,1,7,21,5,0,7,0,0,9465.01,4340.65,528.77,2864.50,1500.00,240.00,-1,10,0,100,40000.0,40000.0,0,9705.24,1514.32,928.21
283.8833,1,14,35,4,8,4,1,26,10150.64,1142.59,930.42,580.15,1500.00,540.00,-1,10,0,100,29872.2,40000.0,0,9705.24,1514.32,928.21
284.0333,1,3,1,0,0,4,1,26,10090.26,2067.23,862.76,684.86,1500.00,390.00,-1,10,0,100,36911.9,40000.0,0,9710.67,1500.78,926.65
284.0333,1,4,21,5,8,7,0,0,8701.85,-456.41,731.93,2210.49,1500.00,240.00,-1,10,0,100,13200.0,40000.0,0,9710.67,1500.78,926.65
284.0333,1,7,21,5,0,7,0,0,9465.01,4340.65,528.77,2878.11,1500.00,240.00,-1,10,0,100,40000.0,40000.0,0,9710.67,1500.78,926.65
284.0333,1,14,35,4,8,4,1,26,10150.64,1142.59,930.42,567.35,1500.00,540.00,-1,10,0,100,29771.6,40000.0,0,9710.67,1500.78,926.65
284.1667,1,3,1,0,0,4,1,26,10090.26,2067.23,862.76,690.66,1500.00,390.00,-1,10,0,100,36884.9,40000.0,0,9718.35,1488.83,927.14
284.1667,1,4,21,5,8,7,0,0,8701.85,-456.41,731.93,2203.49,1500.00,240.00,-1,10,0,100,13200.0,40000.0,0,9718.35,1488.83,927.14
284.1667,1,7,21,5,0,7,0,0,9465.01,4340.65,528.77,2890.63,1500.00,240.00,-1,10,0,100,40000.0,40000.0,0,9718.35,1488.83,927.14
284.1667,1,14,35,4,8,4,1,26,10150.64,1142.59,930.42,553.87,1500.00,540.00,-1,10,0,100,29682.2,40000.0,0,9718.35,1488.83,927.14
284.3167,1,3,1,0,0,4,1,26,10090.26,2067.23,862.76,703.27,1500.00,390.00,-1,10,0,100,36854.5,40000.0,0,9726.57,1469.34,932.37
284.3167,1,4,21,5,8,7,0,0,8701.85,-456.41,731.93,2190.61,1500.00,240.00,-1,10,0,100,13200.0,40000.0,0,9726.57,1469.34,932.37
284.3167,1,7,21,5,0,7,0,0,9465.01,4340.65,528.77,2911.31,1500.00,240.00,-1,10,0,100,40000.0,40000.0,0,9726.57,1469.34,932.37
284.3167,1,14,35,4,8,4,1,26,10150.64,1142.59,930.42,535.36,1500.00,540.00,-1,10,0,100,29581.6,40000.0,0,9726.57,1469.34,932.37
284.4500,1,3,1,0,0,4,1,26,10090.26,2067.23,862.76,711.19,1500.00,390.00,-1,10,0,100,36827.5,40000.0,0,9730.56,1457.90,934.31
284.4500,1,4,21,5,8,7,0,0,8701.85,-456.41,731.93,2182.62,1500.00,240.00,-1,10,0,100,13200.0,40000.0,0,9730.56,1457.90,934.31
284.4500,1,7,21,5,0,7,0,0,9465.01,4340.65,528.77,2923.22,1500.00,240.00,-1,10,0,100,40000.0,40000.0,0,9730.56,1457.90,934.31
284.4500,1,14,35,4,8,4,1,26,10150.64,1142.59,930.42,525.27,1500.00,540.00,-1,10,0,100,29492.1,40000.0,0,9730.56,1457.90,934.31
284.6000,1,3,1,0,0,4,1,26,10090.26,2067.23,862.76,724.92,1500.00,390.00,-1,10,0,100,36797.1,40000.0,0,9726.55,1444.05,932.51
284.6000,1,4,21,5,8,7,0,0,8701.85,-456.41,731.93,2168.41,1500.00,240.00,-1,10,0,100,13200.0,40000.0,0,9726.55,1444.05,932.51
284.6000,1,7,21,5,0,7,0,0,9465.01,4340.65,528.77,2936.28,1500.00,240.00,-1,10,0,100,40000.0,40000.0,0,9726.55,1444.05,932.51
284.6000,1,14,35,4,8,4,1,26,10150.64,1142.59,930.42,520.32,1500.00,540.00,-1,10,0,100,29391.5,40000.0,0,9726.55,1444.05,932.51
284.7333,1,3,1,0,0,4,1,26,10090.26,2067.23,862.76,742.66,1500.00,390.00,-1,10,0,100,36770.1,40000.0,0,9718.07,1428.67,935.31
284.7333,1,4,21,5,8,7,0,0,8701.85,-456.41,731.93,2151.19,1500.00,240.00,-1,10,0,100,13200.0,40000.0,0,9718.07,1428.67,935.31
284.7333,1,7,21,5,0,7,0,0,9465.01,4340.65,528.77,2951.09,1500.00,240.00,-1,10,0,100,40000.0,40000.0,0,9718.07,1428.67,935.31
284.7333,1,14,35,4,8,4,1,26,10150.64,1142.59,930.42,518.64,1500.00,540.00,-1,10,0,100,29302.1,40000.0,0,9718.07,1428.67,935.31
284.8833,1,3,1,0,0,4,1,26,10090.26,2067.23,862.76,758.17,1500.00,390.00,-1,10,0,100,36739.7,40000.0,0,9717.11,1411.51,937.64
284.8833,1,4,21,5,8,7,0,0,8701.85,-456.41,731.93,2135.93,1500.00,240.00,-1,10,0,100,13200.0,40000.0,0,9717.11,1411.51,937.64
284.8833,1,7,21,5,0,7,0,0,9465.01,4340.65,528.77,2968.26,1500.00,240.00,-1,10,0,100,40000.0,40000.0,0,9717.11,1411.51,937.64
284.8833,1,14,35,4,8,4,1,26,10150.64,1142.59,930.42,510.22,1500.00,540.00,-1,10,0,100,29201.5,40000.0,0,9717.11,1411.51,937.64
285.0167,1,3,1,0,0,4,1,26,10090.26,2067.23,862.76,770.75,1500.00,390.00,-1,10,0,100,36712.7,40000.0,0,9718.54,1396.43,939.62
285.0167,1,4,21,5,8,7,0,0,8701.85,-456.41,731.93,2123.64,1500.00,240.00,-1,10,0,100,13200.0,40000.0,0,9718.54,1396.43,939.62
285.0167,1,7,21,5,0,7,0,0,9465.01,4340.65,528.77,2983.54,1500.00,240.00,-1,10,0,100,40000.0,40000.0,0,9718.54,1396.43,939.62
285.0167,1,14,35,4,8,4,1,26,10150.64,1142.59,930.42,501.23,1500.00,540.00,-1,10,0,100,29112.1,40000.0,0,9718.54,1396.43,939.62
285.1500,1,3,1,0,0,4,1,26,10090.26,2067.23,862.76,782.04,1500.00,390.00,-1,10,0,100,36685.7,40000.0,0,9720.76,1382.15,938.46
285.1500,1,4,21,5,8,7,0,0,8701.85,-456.41,731.93,2112.15,1500.00,240.00,-1,10,0,100,13200.0,40000.0,0,9720.76,1382.15,938.46
285.1500,1,7,21,5,0,7,0,0,9465.01,4340.65,528.77,2997.66,1500.00,240.00,-1,10,0,100,40000.0,40000.0,0,9720.76,1382.15,938.46
285.1500,1,14,35,4,8,4,1,26,10150.64,1142.59,930.42,492.19,1500.00,540.00,-1,10,0,100,29022.7,40000.0,0,9720.76,1382.15,938.46
285.3000,1,3,1,0,0,4,1,26,10090.26,2067.23,862.76,791.63,1500.00,390.00,-1,10,0,100,36655.4,40000.0,0,9725.43,1368.68,937.68
285.3000,1,4,21,5,8,7,0,0,8701.85,-456.41,731.93,2102.63,1500.00,240.00,-1,10,0,100,13200.0,40000.0,0,9725.43,1368.68,937.68
285.3000,1,7,21,5,0,7,0,0,9465.01,4340.65,528.77,3011.25,1500.00,240.00,-1,10,0,100,40000.0,40000.0,0,9725.43,1368.68,937.68
285.3000,1,14,35,4,8,4,1,26,10150.64,1142.59,930.42,481.64,1500.00,540.00,-1,10,0,100,28922.0,40000.0,0,9725.43,1368.68,937.68
285.4333,1,3,1,0,0,4,1,26,10090.26,2067.23,862.76,792.90,1500.00,390.00,-1,10,0,100,36628.4,40000.0,0,9726.27,1366.79,937.45
285.4333,1,4,21,5,8,7,0,0,8701.85,-456.41,731.93,2101.37,1500.00,240.00,-1,10,0,100,13200.0,40000.0,0,9726.27,1366.79,937.45
285.4333,1,7,21,5,0,7,0,0,9465.01,4340.65,528.77,3013.16,1500.00,240.00,-1,10,0,100,40000.0,40000.0,0,9726.27,1366.79,937.45
285.4333,1,14,35,4,8,4,1,26,10150.64,1142.59,930.42,480.01,1500.00,540.00,-1,10,0,100,28832.6,40000.0,0,9726.27,1366.79,937.45
285.5667,1,3,1,0,0,4,1,26,10090.26,2067.23,862.76,792.90,1500.00,390.00,-1,10,0,100,36601.4,40000.0,0,9726.27,1366.79,937.45
285.5667,1,4,21,5,8,7,0,0,8701.85,-456.41,731.93,2101.37,1500.00,240.00,-1,10,0,100,13200.0,40000.0,0,9726.27,1366.79,937.45
285.5667,1,7,21,5,0,7,0,0,9465.01,4340.65,528.77,3013.16,1500.00,240.00,-1,10,0,100,40000.0,40000.0,0,9726.27,1366.79,937.45
285.5667,1,14,35,4,8,4,1,26,10150.64,1142.59,930.42,480.01,1500.00,540.00,-1,10,0,100,28743.2,40000.0,0,9726.27,1366.79,937.45
285.7000,1,3,1,0,0,4,1,26,10090.26,2067.23,862.76,792.90,1500.00,390.00,-1,10,0,100,36574.4,40000.0,0,9726.27,1366.79,937.45
285.7000,1,4,21,5,8,7,0,0,8701.85,-456.41,731.93,2101.37,1500.00,240.00,-1,10,0,100,13200.0,40000.0,0,9726.27,1366.79,937.45
285.7000,1,7,21,5,0,7,0,0,9465.01,4340.65,528.77,3013.16,1500.00,240.00,-1,10,0,100,40000.0,40000.0,0,9726.27,1366.79,937.45
285.7000,1,14,35,4,8,4,1,26,10150.64,1142.59,930.42,480.01,1500.00,540.00,-1,10,0,100,28653.8,40000.0,0,9726.27,1366.79,937.45
285.8333,1,3,1,0,0,4,1,26,10090.26,2067.23,862.76,792.90,1500.00,390.00,-1,10,0,100,36547.4,40000.0,0,9726.27,1366.79,937.45
285.8333,1,4,21,5,8,7,0,0,8701.85,-456.41,731.93,2101.37,1500.00,240.00,-1,10,0,100,13200.0,40000.0,0,9726.27,1366.79,937.45
285.8333,1,7,21,5,0,7,0,0,9465.01,4340.65,528.77,3013.16,1500.00,240.00,-1,10,0,100,40000.0,40000.0,0,9726.27,1366.79,937.45
285.8333,1,14,35,4,8,4,1,26,10150.64,1142.59,930.42,480.01,1500.00,540.00,-1,10,0,100,28564.3,40000.0,0,9726.27,1366.79,937.45
285.9667,1,3,1,0,0,4,1,26,10090.26,2067.23,862.76,792.90,1500.00,390.00,-1,10,0,100,36520.4,40000.0,0,9726.27,1366.79,937.45
285.9667,1,4,21,5,8,7,0,0,8701.85,-456.41,731.93,2101.37,1500.00,240.00,-1,10,0,100,13200.0,40000.0,0,9726.27,1366.79,937.45
285.9667,1,7,21,5,0,7,0,0,9465.01,4340.65,528.77,3013.16,1500.00,240.00,-1,10,0,100,40000.0,40000.0,0,9726.27,1366.79,937.45
285.9667,1,14,35,4,8,4,1,26,10150.64,1142.59,930.42,480.01,1500.00,540.00,-1,10,0,100,28474.9,40000.0,0,9726.27,1366.79,937.45
286.1167,1,3,1,0,0,4,1,26,10090.26,2067.23,862.76,790.72,1500.00,390.00,-1,10,0,100,36490.0,40000.0,0,9722.07,1371.43,937.21
286.1167,1,4,21,5,8,7,0,0,8701.85,-456.41,731.93,2103.34,1500.00,240.00,-1,10,0,100,13200.0,40000.0,0,9722.07,1371.43,937.21
286.1167,1,7,21,5,0,7,0,0,9465.01,4340.65,528.77,3008.18,1500.00,240.00,-1,10,0,100,40000.0,40000.0,0,9722.07,1371.43,937.21
286.1167,1,14,35,4,8,4,1,26,10150.64,1142.59,930.42,485.89,1500.00,540.00,-1,10,0,100,28374.3,40000.0,0,9722.07,1371.43,937.21
286.2500,1,3,1,0,0,4,1,26,10090.26,2067.23,862.76,790.04,1500.00,390.00,-1,10,0,100,36463.0,40000.0,0,9720.32,1373.11,936.99
286.2500,1,4,21,5,8,7,0,0,8701.85,-456.41,731.93,2103.93,1500.00,240.00,-1,10,0,100,13200.0,40000.0,0,9720.32,1373.11,936.99
286.2500,1,7,21,5,0,7,0,0,9465.01,4340.65,528.77,3006.34,1500.00,240.00,-1,10,0,100,40000.0,40000.0,0,9720.32,1373.11,936.99
286.2500,1,14,35,4,8,4,1,26,10150.64,1142.59,930.42,488.22,1500.00,540.00,-1,10,0,100,28284.9,40000.0,0,9720.32,1373.11,936.99
286.3833,1,3,1,0,0,4,1,26,10090.26,2067.23,862.76,790.04,1500.00,390.00,-1,10,0,100,36436.0,40000.0,0,9720.32,1373.11,936.99
286.3833,1,4,21,5,8,7,0,0,8701.85,-456.41,731.93,2103.93,1500.00,240.00,-1,10,0,100,13200.0,40000.0,0,9720.32,1373.11,936.99
286.3833,1,7,21,5,0,7,0,0,9465.01,4340.65,528.77,3006.34,1500.00,240.00,-1,10,0,100,40000.0,40000.0,0,9720.32,1373.11,936.99
286.3833,1,14,35,4,8,4,1,26,10150.64,1142.59,930.42,488.22,1500.00,540.00,-1,10,0,100,28195.5,40000.0,0,9720.32,1373.11,936.99
286.5167,1,3,1,0,0,4,1,26,10090.26,2067.23,862.76,790.04,1500.00,390.00,-1,10,0,100,36409.0,40000.0,0,9720.32,1373.11,936.99
286.5167,1,4,21,5,8,7,0,0,8701.85,-456.41,731.93,2103.93,1500.00,240.00,-1,10,0,100,13200.0,40000.0,0,9720.32,1373.11,936.99
286.5167,1,7,21,5,0,7,0,0,9465.01,4340.65,528.77,3006.34,1500.00,240.00,-1,10,0,100,40000.0,40000.0,0,9720.32,1373.11,936.99
286.5167,1,14,35,4,8,4,1,26,10150.64,1142.59,930.42,488.22,1500.00,540.00,-1,10,0,100,28106.0,40000.0,0,9720.32,1373.11,936.99
286.6500,1,3,1,0,0,4,1,26,10090.26,2067.23,862.76,790.04,1500.00,390.00,-1,10,0,100,36382.0,40000.0,0,9720.32,1373.11,936.99
286.6500,1,4,21,5,8,7,0,0,8701.85,-456.41,731.93,2103.93,1500.00,240.00,-1,10,0,100,13200.0,40000.0,0,9720.32,1373.11,936.99
286.6500,1,7,21,5,0,7,0,0,9465.01,4340.65,528.77,3006.34,1500.00,240.00,-1,10,0,100,40000.0,40000.0,0,9720.32,1373.11,936.99
286.6500,1,14,35,4,8,4,1,26,10150.64,1142.59,930.42,488.22,1500.00,540.00,-1,10,0,100,28016.6,40000.0,0,9720.32,1373.11,936.99
286.7833,1,3,1,0,0,4,1,26,10090.26,2067.23,862.76,790.04,1500.00,390.00,-1,10,0,100,36355.0,40000.0,0,9720.32,1373.11,936.99
286.7833,1,4,21,5,8,7,0,0,8701.85,-456.41,731.93,2103.93,1500.00,240.00,-1,10,0,100,13200.0,40000.0,0,9720.32,1373.11,936.99
286.7833,1,7,21,5,0,7,0,0,9465.01,4340.65,528.77,3006.34,1500.00,240.00,-1,10,0,100,40000.0,40000.0,0,9720.32,1373.11,936.99
286.7833,1,14,35,4,8,4,1,26,10150.64,1142.59,930.42,488.22,1500.00,540.00,-1,10,0,100,27927.2,40000.0,0,9720.32,1373.11,936.99
286.9333,1,3,1,0,0,4,1,26,10090.26,2067.23,862.76,790.04,1500.00,390.00,-1,10,0,100,36324.6,40000.0,0,9720.32,1373.11,936.99
286.9333,1,4,21,5,8,7,0,0,8701.85,-456.41,731.93,2103.93,1500.00,240.00,-1,10,0,100,13200.0,40000.0,0,9720.32,1373.11,936.99
286.9333,1,7,21,5,0,7,0,0,9465.01,4340.65,528.77,3006.34,1500.00,240.00,-1,10,0,100,40000.0,40000.0,0,9720.32,1373.11,936.99
286.9333,1,14,35,4,8,4,1,26,10150.64,1142.59,930.42,488.22,1500.00,540.00,-1,10,0,100,27826.6,40000.0,0,9720.32,1373.11,936.99
287.0500,1,3,1,0,0,4,1,26,10090.26,2067.23,862.76,790.04,1500.00,390.00,-1,10,0,100,36301.0,40000.0,0,9720.32,1373.11,936.99
287.0500,1,4,21,5,8,7,0,0,8701.85,-456.41,731.93,2103.93,1500.00,240.00,-1,10,0,100,13200.0,40000.0,0,9720.32,1373.11,936.99
287.0500,1,7,21,5,0,7,0,0,9465.01,4340.65,528.77,3006.34,1500.00,240.00,-1,10,0,100,40000.0,40000.0,0,9720.32,1373.11,936.99
287.0500,1,14,35,4,8,4,1,26,10150.64,1142.59,930.42,488.22,1500.00,540.00,-1,10,0,100,27748.3,40000.0,0,9720.32,1373.11,936.99
287.2000,1,3,1,0,0,4,1,26,10090.26,2067.23,862.76,790.04,1500.00,390.00,-1,10,0,100,36270.6,40000.0,0,9720.32,1373.11,936.99
287.2000,1,4,21,5,8,7,0,0,8701.85,-456.41,731.93,2103.93,1500.00,240.00,-1,10,0,100,13200.0,40000.0,0,9720.32,1373.11,936.99
287.2000,1,7,21,5,0,7,0,0,9465.01,4340.65,528.77,3006.34,1500.00,240.00,-1,10,0,100,40000.0,40000.0,0,9720.32,1373.11,936.99
287.2000,1,14,35,4,8,4,1,26,10150.64,1142.59,930.42,488.22,1500.00,540.00,-1,10,0,100,27647.7,40000.0,0,9720.32,1373.11,936.99
287.3333,1,3,1,0,0,4,1,26,10090.26,2067.23,862.76,790.04,1500.00,390.00,-1,10,0,100,36243.6,40000.0,0,9720.32,1373.11,936.99
287.3333,1,4,21,5,8,7,0,0,8701.85,-456.41,731.93,2103.93,1500.00,240.00,-1,10,0,100,13200.0,40000.0,0,9720.32,1373.11,936.99
287.3333,1,7,21,5,0,7,0,0,9465.01,4340.65,528.77,3006.34,1500.00,240.00,-1,10,0,100,40000.0,40000.0,0,9720.32,1373.11,936.99
287.3333,1,14,35,4,8,4,1,26,10150.64,1142.59,930.42,488.22,1500.00,540.00,-1,10,0,100,27558.3,40000.0,0,9720.32,1373.11,936.99
287.4667,1,3,1,0,0,4,1,26,10090.26,2067.23,862.76,790.04,1500.00,390.00,-1,10,0,100,36216.6,40000.0,0,9720.32,1373.11,936.99
287.4667,1,4,21,5,8,7,0,0,8701.85,-456.41,731.93,2103.93,1500.00,240.00,-1,10,0,100,13200.0,40000.0,0,9720.32,1373.11,936.99
287.4667,1,7,21,5,0,7,0,0,9465.01,4340.65,528.77,3006.34,1500.00,240.00,-1,10,0,100,40000.0,40000.0,0,9720.32,1373.11,936.99
287.4667,1,14,35,4,8,4,1,26,10150.64,1142.59,930.42,488.22,1500.00,540.00,-1,10,0,100,27468.9,40000.0,0,9720.32,1373.11,936.99
287.6000,1,3,1,0,0,4,1,26,10090.26,2067.23,862.76,790.04,1500.00,390.00,-1,10,0,100,36189.6,40000.0,0,9720.32,1373.11,936.99
287.6000,1,4,21,5,8,7,0,0,8701.85,-456.41,731.93,2103.93,1500.00,240.00,-1,10,0,100,13200.0,40000.0,0,9720.32,1373.11,936.99
287.6000,1,7,21,5,0,7,0,0,9465.01,4340.65,528.77,3006.34,1500.00,240.00,-1,10,0,100,40000.0,40000.0,0,9720.32,1373.11,936.99
287.6000,1,14,35,4,8,4,1,26,10150.64,1142.59,930.42,488.22,1500.00,540.00,-1,10,0,100,27379.4,40000.0,0,9720.32,1373.11,936.99
287.7333,1,3,1,0,0,4,1,26,10090.26,2067.23,862.76,790.04,1500.00,390.00,-1,10,0,100,36162.6,40000.0,0,9720.32,1373.11,936.99
287.7333,1,4,21,5,8,7,0,0,8701.85,-456.41,731.93,2103.93,1500.00,240.00,-1,10,0,100,13200.0,40000.0,0,9720.32,1373.11,936.99
287.7333,1,7,21,5,0,7,0,0,9465.01,4340.65,528.77,3006.34,1500.00,240.00,-1,10,0,100,40000.0,40000.0,0,9720.32,1373.11,936.99
287.7333,1,14,35,4,8,4,1,26,10150.64,1142.59,930.42,488.22,1500.00,540.00,-1,10,0,100,27290.0,40000.0,0,9720.32,1373.11,936.99
287.8667,1,3,1,0,0,4,1,26,10090.26,2067.23,862.76,786.32,1500.00,390.00,-1,10,0,100,36135.6,40000.0,0,9716.13,1379.77,938.44
287.8667,1,4,21,5,8,7,0,0,8701.85,-456.41,731.93,2107.84,1500.00,240.00,-1,10,0,100,13200.0,40000.0,0,9716.13,1379.77,938.44
287.8667,1,7,21,5,0,7,0,0,9465.01,4340.65,528.77,2999.61,1500.00,240.00,-1,10,0,100,40000.0,40000.0,0,9716.13,1379.77,938.44
287.8667,1,14,35,4,8,4,1,26,10150.64,1142.59,930.42,495.10,1500.00,540.00,-1,10,0,100,27200.6,40000.0,0,9716.13,1379.77,938.44
288.0000,1,3,1,0,0,4,1,26,10090.26,2067.23,862.76,774.57,1500.00,390.00,-1,10,0,100,36108.6,40000.0,0,9703.49,1400.44,938.68
288.0000,1,4,21,5,8,7,0,0,8701.85,-456.41,731.93,2119.89,1500.00,240.00,-1,10,0,100,13200.0,40000.0,0,9703.49,1400.44,938.68
288.0000,1,7,21,5,0,7,0,0,9465.01,4340.65,528.77,2978.21,1500.00,240.00,-1,10,0,100,40000.0,40000.0,0,9703.49,1400.44,938.68
288.0000,1,14,35,4,8,4,1,26,10150.64,1142.59,930.42,516.24,1500.00,540.00,-1,10,0,100,27111.2,40000.0,0,9703.49,1400.44,938.68
288.1333,1,3,1,0,0,4,1,26,10090.26,2067.23,862.76,764.42,1500.00,390.00,-1,10,0,100,36081.6,40000.0,0,9691.56,1418.84,933.20
288.1333,1,4,21,5,8,7,0,0,8701.85,-456.41,731.93,2129.94,1500.00,240.00,-1,10,0,100,13200.0,40000.0,0,9691.56,1418.84,933.20
288.1333,1,7,21,5,0,7,0,0,9465.01,4340.65,528.77,2958.35,1500.00,240.00,-1,10,0,100,40000.0,40000.0,0,9691.56,1418.84,933.20
288.1333,1,14,35,4,8,4,1,26,10150.64,1142.59,930.42,535.80,1500.00,540.00,-1,10,0,100,27021.7,40000.0,0,9691.56,1418.84,933.20
288.2667,1,3,1,0,0,4,1,26,10090.26,2067.23,862.76,758.76,1500.00,390.00,-1,10,0,100,36054.6,40000.0,0,9679.98,1434.22,944.51
288.2667,1,4,21,5,8,7,0,0,8701.85,-456.41,731.93,2139.26,1500.00,240.00,-1,10,0,100,13200.0,40000.0,0,9679.98,1434.22,944.51
288.2667,1,7,21,5,0,7,0,0,9465.01,4340.65,528.77,2943.87,1500.00,240.00,-1,10,0,100,40000.0,40000.0,0,9679.98,1434.22,944.51
288.2667,1,14,35,4,8,4,1,26,10150.64,1142.59,930.42,553.87,1500.00,540.00,-1,10,0,100,26932.3,40000.0,0,9679.98,1434.22,944.51
288.4167,1,3,1,0,0,4,1,26,10090.26,2067.23,862.76,746.40,1500.00,390.00,-1,10,0,100,36024.2,40000.0,0,9668.04,1456.48,939.06
288.4167,1,4,21,5,8,7,0,0,8701.85,-456.41,731.93,2153.04,1500.00,240.00,-1,10,0,100,13200.0,40000.0,0,9668.04,1456.48,939.06
288.4167,1,7,21,5,0,7,0,0,9465.01,4340.65,528.77,2920.28,1500.00,240.00,-1,10,0,100,40000.0,40000.0,0,9668.04,1456.48,939.06
288.4167,1,14,35,4,8,4,1,26,10150.64,1142.59,930.42,575.77,1500.00,540.00,-1,10,0,100,26831.7,40000.0,0,9668.04,1456.48,939.06
288.5500,1,3,1,0,0,4,1,26,10090.26,2067.23,862.76,739.10,1500.00,390.00,-1,10,0,100,35997.2,40000.0,0,9656.23,1473.10,932.68
288.5500,1,4,21,5,8,7,0,0,8701.85,-456.41,731.93,2161.98,1500.00,240.00,-1,10,0,100,13200.0,40000.0,0,9656.23,1473.10,932.68
288.5500,1,7,21,5,0,7,0,0,9465.01,4340.65,528.77,2902.16,1500.00,240.00,-1,10,0,100,40000.0,40000.0,0,9656.23,1473.10,932.68
288.5500,1,14,35,4,8,4,1,26,10150.64,1142.59,930.42,594.72,1500.00,540.00,-1,10,0,100,26742.3,40000.0,0,9656.23,1473.10,932.68
288.7000,1,3,1,0,0,4,1,26,10090.26,2067.23,862.76,723.00,1500.00,390.00,-1,10,0,100,35966.9,40000.0,0,9648.73,1498.72,930.47
288.7000,1,4,21,5,8,7,0,0,8701.85,-456.41,731.93,2181.42,1500.00,240.00,-1,10,0,100,13200.0,40000.0,0,9648.73,1498.72,930.47
288.7000,1,7,21,5,0,7,0,0,9465.01,4340.65,528.77,2876.05,1500.00,240.00,-1,10,0,100,40000.0,40000.0,0,9648.73,1498.72,930.47
288.7000,1,14,35,4,8,4,1,26,10150.64,1142.59,930.42,615.43,1500.00,540.00,-1,10,0,100,26641.7,40000.0,0,9648.73,1498.72,930.47
288.8333,1,3,1,0,0,4,1,26,10090.26,2067.23,862.76,708.50,1500.00,390.00,-1,10,0,100,35939.9,40000.0,0,9644.34,1520.99,931.63
288.8333,1,4,21,5,8,7,0,0,8701.85,-456.41,731.93,2199.62,1500.00,240.00,-1,10,0,100,13200.0,40000.0,0,9644.34,1520.99,931.63
288.8333,1,7,21,5,0,7,0,0,9465.01,4340.65,528.77,2853.93,1500.00,240.00,-1,10,0,100,40000.0,40000.0,0,9644.34,1520.99,931.63
288.8333,1,14,35,4,8,4,1,26,10150.64,1142.59,930.42,632.08,1500.00,540.00,-1,10,0,100,26552.3,40000.0,0,9644.34,1520.99,931.63
288.9667,1,3,1,0,0,4,1,26,10090.26,2067.23,862.76,696.72,1500.00,390.00,-1,10,0,100,35912.9,40000.0,0,9637.74,1542.29,934.03
288.9667,1,4,21,5,8,7,0,0,8701.85,-456.41,731.93,2216.20,1500.00,240.00,-1,10,0,100,13200.0,40000.0,0,9637.74,1542.29,934.03
288.9667,1,7,21,5,0,7,0,0,9465.01,4340.65,528.77,2832.82,1500.00,240.00,-1,10,0,100,40000.0,40000.0,0,9637.74,1542.29,934.03
288.9667,1,14,35,4,8,4,1,26,10150.64,1142.59,930.42,650.27,1500.00,540.00,-1,10,0,100,26462.8,40000.0,0,9637.74,1542.29,934.03
289.1167,1,3,1,0,0,4,1,26,10090.26,2067.23,862.76,687.29,1500.00,390.00,-1,10,0,100,35882.5,40000.0,0,9627.15,1563.98,930.90
289.1167,1,4,21,5,8,7,0,0,8701.85,-456.41,731.93,2231.09,1500.00,240.00,-1,10,0,100,13200.0,40000.0,0,9627.15,1563.98,930.90
289.1167,1,7,21,5,0,7,0,0,9465.01,4340.65,528.77,2810.32,1500.00,240.00,-1,10,0,100,40000.0,40000.0,0,9627.15,1563.98,930.90
289.1167,1,14,35,4,8,4,1,26,10150.64,1142.59,930.42,672.02,1500.00,540.00,-1,10,0,100,26362.2,40000.0,0,9627.15,1563.98,930.90
289.2500,1,3,1,0,0,4,1,26,10090.26,2067.23,862.76,675.95,1500.00,390.00,-1,10,0,100,35855.5,40000.0,0,9623.47,1583.63,934.46
289.2500,1,4,21,5,8,7,0,0,8701.85,-456.41,731.93,2247.71,1500.00,240.00,-1,10,0,100,13200.0,40000.0,0,9623.47,1583.63,934.46
289.2500,1,7,21,5,0,7,0,0,9465.01,4340.65,528.77,2791.21,1500.00,240.00,-1,10,0,100,40000.0,40000.0,0,9623.47,1583.63,934.46
289.2500,1,14,35,4,8,4,1,26,10150.64,1142.59,930.42,687.35,1500.00,540.00,-1,10,0,100,26272.8,40000.0,0,9623.47,1583.63,934.46
289.4000,1,3,1,0,0,4,1,26,10090.26,2067.23,862.76,659.16,1500.00,390.00,-1,10,0,100,35825.1,40000.0,0,9625.70,1606.29,941.54
289.4000,1,4,21,5,8,7,0,0,8701.85,-456.41,731.93,2269.84,1500.00,240.00,-1,10,0,100,13200.0,40000.0,0,9625.70,1606.29,941.54
289.4000,1,7,21,5,0,7,0,0,9465.01,4340.65,528.77,2770.00,1500.00,240.00,-1,10,0,100,40000.0,40000.0,0,9625.70,1606.29,941.54
289.4000,1,14,35,4,8,4,1,26,10150.64,1142.59,930.42,700.51,1500.00,540.00,-1,10,0,100,26172.2,40000.0,0,9625.70,1606.29,941.54
289.5333,1,3,1,0,0,4,1,26,10090.26,2067.23,862.76,644.53,1500.00,390.00,-1,10,0,100,35798.1,40000.0,0,9624.60,1627.60,935.61
289.5333,1,4,21,5,8,7,0,0,8701.85,-456.41,731.93,2288.25,1500.00,240.00,-1,10,0,100,13200.0,40000.0,0,9624.60,1627.60,935.61
289.5333,1,7,21,5,0,7,0,0,9465.01,4340.65,528.77,2748.02,1500.00,240.00,-1,10,0,100,40000.0,40000.0,0,9624.60,1627.60,935.61
289.5333,1,14,35,4,8,4,1,26,10150.64,1142.59,930.42,715.53,1500.00,540.00,-1,10,0,100,26082.8,40000.0,0,9624.60,1627.60,935.61
289.6833,1,3,1,0,0,4,1,26,10090.26,2067.23,862.76,629.51,1500.00,390.00,-1,10,0,100,35767.7,40000.0,0,9624.74,1647.97,924.25
289.6833,1,4,21,5,8,7,0,0,8701.85,-456.41,731.93,2305.89,1500.00,240.00,-1,10,0,100,13200.0,40000.0,0,9624.74,1647.97,924.25
289.6833,1,7,21,5,0,7,0,0,9465.01,4340.65,528.77,2726.25,1500.00,240.00,-1,10,0,100,40000.0,40000.0,0,9624.74,1647.97,924.25
289.6833,1,14,35,4,8,4,1,26,10150.64,1142.59,930.42,729.40,1500.00,540.00,-1,10,0,100,25982.2,40000.0,0,9624.74,1647.97,924.25
289.8333,1,3,1,0,0,4,1,26,10090.26,2067.23,862.76,621.33,1500.00,390.00,-1,10,0,100,35737.4,40000.0,0,9620.59,1664.92,922.76
289.8333,1,4,21,5,8,7,0,0,8701.85,-456.41,731.93,2319.61,1500.00,240.00,-1,10,0,100,13200.0,40000.0,0,9620.59,1664.92,922.76
289.8333,1,7,21,5,0,7,0,0,9465.01,4340.65,528.77,2709.05,1500.00,240.00,-1,10,0,100,40000.0,40000.0,0,9620.59,1664.92,922.76
289.8333,1,14,35,4,8,4,1,26,10150.64,1142.59,930.42,744.21,1500.00,540.00,-1,10,0,100,25881.6,40000.0,0,9620.59,1664.92,922.76
289.9833,1,3,1,0,0,4,1,26,10090.26,2067.23,862.76,611.47,1500.00,390.00,-1,10,0,100,35707.0,40000.0,0,9620.06,1680.73,921.30
289.9833,1,4,21,5,8,7,0,0,8701.85,-456.41,731.93,2333.74,1500.00,240.00,-1,10,0,100,13200.0,40000.0,0,9620.06,1680.73,921.30
289.9833,1,7,21,5,0,7,0,0,9465.01,4340.65,528.77,2693.20,1500.00,240.00,-1,10,0,100,40000.0,40000.0,0,9620.06,1680.73,921.30
289.9833,1,14,35,4,8,4,1,26,10150.64,1142.59,930.42,755.77,1500.00,540.00,-1,10,0,100,25781.0,40000.0,0,9620.06,1680.73,921.30
290.1167,1,3,1,0,0,4,1,26,10090.26,2067.23,862.76,601.95,1500.00,390.00,-1,10,0,100,35680.0,40000.0,0,9620.63,1695.05,919.94
290.1167,1,4,21,5,8,7,0,0,8701.85,-456.41,731.93,2346.97,1500.00,240.00,-1,10,0,100,13200.0,40000.0,0,9620.63,1695.05,919.94
290.1167,1,7,21,5,0,7,0,0,9465.01,4340.65,528.77,2678.89,1500.00,240.00,-1,10,0,100,40000.0,40000.0,0,9620.63,1695.05,919.94
290.1167,1,14,35,4,8,4,1,26,10150.64,1142.59,930.42,765.66,1500.00,540.00,-1,10,0,100,25691.5,40000.0,0,9620.63,1695.05,919.94
290.2667,1,3,1,0,0,4,1,26,10090.26,2067.23,862.76,590.88,1500.00,390.00,-1,10,0,100,35649.6,40000.0,0,9623.23,1709.61,918.68
290.2667,1,4,21,5,8,7,0,0,8701.85,-456.41,731.93,2361.25,1500.00,240.00,-1,10,0,100,13200.0,40000.0,0,9623.23,1709.61,918.68
290.2667,1,7,21,5,0,7,0,0,9465.01,4340.65,528.77,2664.48,1500.00,240.00,-1,10,0,100,40000.0,40000.0,0,9623.23,1709.61,918.68
290.2667,1,14,35,4,8,4,1,26,10150.64,1142.59,930.42,774.48,1500.00,540.00,-1,10,0,100,25590.9,40000.0,0,9623.23,1709.61,918.68
290.4000,1,3,1,0,0,4,1,26,10090.26,2067.23,862.76,580.79,1500.00,390.00,-1,10,0,100,35622.6,40000.0,0,9626.86,1721.45,917.61
290.4000,1,4,21,5,8,7,0,0,8701.85,-456.41,731.93,2373.44,1500.00,240.00,-1,10,0,100,13200.0,40000.0,0,9626.86,1721.45,917.61
290.4000,1,7,21,5,0,7,0,0,9465.01,4340.65,528.77,2652.85,1500.00,240.00,-1,10,0,100,40000.0,40000.0,0,9626.86,1721.45,917.61
290.4000,1,14,35,4,8,4,1,26,10150.64,1142.59,930.42,780.77,1500.00,540.00,-1,10,0,100,25501.5,40000.0,0,9626.86,1721.45,917.61
290.5500,1,3,1,0,0,4,1,26,10090.26,2067.23,862.76,570.16,1500.00,390.00,-1,10,0,100,35592.2,40000.0,0,9629.06,1736.28,916.19
290.5500,1,4,21,5,8,7,0,0,8701.85,-456.41,731.93,2387.80,1500.00,240.00,-1,10,0,100,13200.0,40000.0,0,9629.06,1736.28,916.19
290.5500,1,7,21,5,0,7,0,0,9465.01,4340.65,528.77,2638.13,1500.00,240.00,-1,10,0,100,40000.0,40000.0,0,9629.06,1736.28,916.19
290.5500,1,14,35,4,8,4,1,26,10150.64,1142.59,930.42,790.39,1500.00,540.00,-1,10,0,100,25400.9,40000.0,0,9629.06,1736.28,916.19
290.6833,1,3,1,0,0,4,1,26,10090.26,2067.23,862.76,561.55,1500.00,390.00,-1,10,0,100,35565.2,40000.0,0,9632.12,1746.67,914.61
290.6833,1,4,21,5,8,7,0,0,8701.85,-456.41,731.93,2398.41,1500.00,240.00,-1,10,0,100,13200.0,40000.0,0,9632.12,1746.67,914.61
290.6833,1,7,21,5,0,7,0,0,9465.01,4340.65,528.77,2627.84,1500.00,240.00,-1,10,0,100,40000.0,40000.0,0,9632.12,1746.67,914.61
290.6833,1,14,35,4,8,4,1,26,10150.64,1142.59,930.42,796.26,1500.00,540.00,-1,10,0,100,25311.5,40000.0,0,9632.12,1746.67,914.61
290.8167,1,3,1,0,0,4,1,26,10090.26,2067.23,862.76,553.14,1500.00,390.00,-1,10,0,100,35538.2,40000.0,0,9635.17,1756.85,913.06
290.8167,1,4,21,5,8,7,0,0,8701.85,-456.41,731.93,2408.83,1500.00,240.00,-1,10,0,100,13200.0,40000.0,0,9635.17,1756.85,913.06
290.8167,1,7,21,5,0,7,0,0,9465.01,4340.65,528.77,2617.75,1500.00,240.00,-1,10,0,100,40000.0,40000.0,0,9635.17,1756.85,913.06
290.8167,1,14,35,4,8,4,1,26,10150.64,1142.59,930.42,802.08,1500.00,540.00,-1,10,0,100,25222.0,40000.0,0,9635.17,1756.85,913.06
290.9667,1,3,1,0,0,4,1,26,10090.26,2067.23,862.76,545.09,1500.00,390.00,-1,10,0,100,35507.9,40000.0,0,9635.16,1771.14,911.05
290.9667,1,4,21,5,8,7,0,0,8701.85,-456.41,731.93,2421.81,1500.00,240.00,-1,10,0,100,13200.0,40000.0,0,9635.16,1771.14,911.05
290.9667,1,7,21,5,0,7,0,0,9465.01,4340.65,528.77,2603.36,1500.00,240.00,-1,10,0,100,40000.0,40000.0,0,9635.16,1771.14,911.05
290.9667,1,14,35,4,8,4,1,26,10150.64,1142.59,930.42,813.13,1500.00,540.00,-1,10,0,100,25121.4,40000.0,0,9635.16,1771.14,911.05
291.1000,1,3,1,0,0,4,1,26,10090.26,2067.23,862.76,538.70,1500.00,390.00,-1,10,0,100,35480.9,40000.0,0,9635.33,1782.53,909.44
291.1000,1,4,21,5,8,7,0,0,8701.85,-456.41,731.93,2432.23,1500.00,240.00,-1,10,0,100,13200.0,40000.0,0,9635.33,1782.53,909.44
291.1000,1,7,21,5,0,7,0,0,9465.01,4340.65,528.77,2591.90,1500.00,240.00,-1,10,0,100,40000.0,40000.0,0,9635.33,1782.53,909.44
291.1000,1,14,35,4,8,4,1,26,10150.64,1142.59,930.42,821.89,1500.00,540.00,-1,10,0,100,25032.0,40000.0,0,9635.33,1782.53,909.44
291.2500,1,3,1,0,0,4,1,26,10090.26,2067.23,862.76,532.46,1500.00,390.00,-1,10,0,100,35450.5,40000.0,0,9637.71,1790.39,908.25
291.2500,1,4,21,5,8,7,0,0,8701.85,-456.41,731.93,2440.30,1500.00,240.00,-1,10,0,100,13200.0,40000.0,0,9637.71,1790.39,908.25
291.2500,1,7,21,5,0,7,0,0,9465.01,4340.65,528.77,2584.12,1500.00,240.00,-1,10,0,100,40000.0,40000.0,0,9637.71,1790.39,908.25
291.2500,1,14,35,4,8,4,1,26,10150.64,1142.59,930.42,826.58,1500.00,540.00,-1,10,0,100,24931.4,40000.0,0,9637.71,1790.39,908.25
291.3833,1,3,1,0,0,4,1,26,10090.26,2067.23,862.76,527.12,1500.00,390.00,-1,10,0,100,35423.5,40000.0,0,9640.54,1795.91,907.36
291.3833,1,4,21,5,8,7,0,0,8701.85,-456.41,731.93,2446.40,1500.00,240.00,-1,10,0,100,13200.0,40000.0,0,9640.54,1795.91,907.36
291.3833,1,7,21,5,0,7,0,0,9465.01,4340.65,528.77,2578.73,1500.00,240.00,-1,10,0,100,40000.0,40000.0,0,9640.54,1795.91,907.36
291.3833,1,14,35,4,8,4,1,26,10150.64,1142.59,930.42,829.19,1500.00,540.00,-1,10,0,100,24842.0,40000.0,0,9640.54,1795.91,907.36
291.5333,1,3,1,0,0,4,1,26,10090.26,2067.23,862.76,519.61,1500.00,390.00,-1,10,0,100,35393.1,40000.0,0,9645.04,1802.88,906.20
291.5333,1,4,21,5,8,7,0,0,8701.85,-456.41,731.93,2454.46,1500.00,240.00,-1,10,0,100,13200.0,40000.0,0,9645.04,1802.88,906.20
291.5333,1,7,21,5,0,7,0,0,9465.01,4340.65,528.77,2571.99,1500.00,240.00,-1,10,0,100,40000.0,40000.0,0,9645.04,1802.88,906.20
291.5333,1,14,35,4,8,4,1,26,10150.64,1142.59,930.42,831.99,1500.00,540.00,-1,10,0,100,24741.4,40000.0,0,9645.04,1802.88,906.20
291.6833,1,3,1,0,0,4,1,26,10090.26,2067.23,862.76,510.49,1500.00,390.00,-1,10,0,100,35362.7,40000.0,0,9650.22,1811.89,904.73
291.6833,1,4,21,5,8,7,0,0,8701.85,-456.41,731.93,2464.64,1500.00,240.00,-1,10,0,100,13200.0,40000.0,0,9650.22,1811.89,904.73
291.6833,1,7,21,5,0,7,0,0,9465.01,4340.65,528.77,2563.26,1500.00,240.00,-1,10,0,100,40000.0,40000.0,0,9650.22,1811.89,904.73
291.6833,1,14,35,4,8,4,1,26,10150.64,1142.59,930.42,836.09,1500.00,540.00,-1,10,0,100,24640.8,40000.0,0,9650.22,1811.89,904.73
291.8167,1,3,1,0,0,4,1,26,10090.26,2067.23,862.76,501.25,1500.00,390.00,-1,10,0,100,35335.7,40000.0,0,9655.82,1820.53,903.30
291.8167,1,4,21,5,8,7,0,0,8701.85,-456.41,731.93,2474.65,1500.00,240.00,-1,10,0,100,13200.0,40000.0,0,9655.82,1820.53,903.30
291.8167,1,7,21,5,0,7,0,0,9465.01,4340.65,528.77,2554.93,1500.00,240.00,-1,10,0,100,40000.0,40000.0,0,9655.82,1820.53,903.30
291.8167,1,14,35,4,8,4,1,26,10150.64,1142.59,930.42,839.76,1500.00,540.00,-1,10,0,100,24551.3,40000.0,0,9655.82,1820.53,903.30
291.9667,1,3,1,0,0,4,1,26,10090.26,2067.23,862.76,492.16,1500.00,390.00,-1,10,0,100,35305.4,40000.0,0,9660.24,1831.05,901.76
291.9667,1,4,21,5,8,7,0,0,8701.85,-456.41,731.93,2485.93,1500.00,240.00,-1,10,0,100,13200.0,40000.0,0,9660.24,1831.05,901.76
291.9667,1,7,21,5,0,7,0,0,9465.01,4340.65,528.77,2544.67,1500.00,240.00,-1,10,0,100,40000.0,40000.0,0,9660.24,1831.05,901.76
291.9667,1,14,35,4,8,4,1,26,10150.64,1142.59,930.42,845.75,1500.00,540.00,-1,10,0,100,24450.7,40000.0,0,9660.24,1831.05,901.76
292.1000,1,3,1,0,0,4,1,26,10090.26,2067.23,862.76,487.56,1500.00,390.00,-1,10,0,100,35278.4,40000.0,0,9659.91,1841.73,903.45
292.1000,1,4,21,5,8,7,0,0,8701.85,-456.41,731.93,2495.75,1500.00,240.00,-1,10,0,100,13200.0,40000.0,0,9659.91,1841.73,903.45
292.1000,1,7,21,5,0,7,0,0,9465.01,4340.65,528.77,2534.36,1500.00,240.00,-1,10,0,100,40000.0,40000.0,0,9659.91,1841.73,903.45
292.1000,1,14,35,4,8,4,1,26,10150.64,1142.59,930.42,854.61,1500.00,540.00,-1,10,0,100,24361.3,40000.0,0,9659.91,1841.73,903.45
292.2333,1,3,1,0,0,4,1,26,10090.26,2067.23,862.76,479.52,1500.00,390.00,-1,10,0,100,35251.4,40000.0,0,9663.18,1852.94,902.91
292.2333,1,4,21,5,8,7,0,0,8701.85,-456.41,731.93,2507.29,1500.00,240.00,-1,10,0,100,13200.0,40000.0,0,9663.18,1852.94,902.91
292.2333,1,7,21,5,0,7,0,0,9465.01,4340.65,528.77,2523.48,1500.00,240.00,-1,10,0,100,40000.0,40000.0,0,9663.18,1852.94,902.91
292.2333,1,14,35,4,8,4,1,26,10150.64,1142.59,930.42,861.96,1500.00,540.00,-1,10,0,100,24271.9,40000.0,0,9663.18,1852.94,902.91
292.3833,1,3,1,0,0,4,1,26,10090.26,2067.23,862.76,471.34,1500.00,390.00,-1,10,0,100,35221.0,40000.0,0,9664.80,1867.64,898.97
292.3833,1,4,21,5,8,7,0,0,8701.85,-456.41,731.93,2521.20,1500.00,240.00,-1,10,0,100,13200.0,40000.0,0,9664.80,1867.64,898.97
292.3833,1,7,21,5,0,7,0,0,9465.01,4340.65,528.77,2508.53,1500.00,240.00,-1,10,0,100,40000.0,40000.0,0,9664.80,1867.64,898.97
292.3833,1,14,35,4,8,4,1,26,10150.64,1142.59,930.42,873.35,1500.00,540.00,-1,10,0,100,24171.3,40000.0,0,9664.80,1867.64,898.97
292.5167,1,3,1,0,0,4,1,26,10090.26,2067.23,862.76,468.11,1500.00,390.00,-1,10,0,100,35194.0,40000.0,0,9660.43,1884.46,893.88
292.5167,1,4,21,5,8,7,0,0,8701.85,-456.41,731.93,2534.72,1500.00,240.00,-1,10,0,100,13200.0,40000.0,0,9660.43,1884.46,893.88
292.5167,1,7,21,5,0,7,0,0,9465.01,4340.65,528.77,2490.85,1500.00,240.00,-1,10,0,100,40000.0,40000.0,0,9660.43,1884.46,893.88
292.5167,1,14,35,4,8,4,1,26,10150.64,1142.59,930.42,889.95,1500.00,540.00,-1,10,0,100,24081.8,40000.0,0,9660.43,1884.46,893.88
292.6667,1,3,1,0,0,4,1,26,10090.26,2067.23,862.76,465.68,1500.00,390.00,-1,10,0,100,35163.6,40000.0,0,9655.15,1903.72,891.03
292.6667,1,4,21,5,8,7,0,0,8701.85,-456.41,731.93,2550.36,1500.00,240.00,-1,10,0,100,13200.0,40000.0,0,9655.15,1903.72,891.03
292.6667,1,7,21,5,0,7,0,0,9465.01,4340.65,528.77,2471.04,1500.00,240.00,-1,10,0,100,40000.0,40000.0,0,9655.15,1903.72,891.03
292.6667,1,14,35,4,8,4,1,26,10150.64,1142.59,930.42,909.06,1500.00,540.00,-1,10,0,100,23981.2,40000.0,0,9655.15,1903.72,891.03
292.8000,1,3,1,0,0,4,1,26,10090.26,2067.23,862.76,458.16,1500.00,390.00,-1,10,0,100,35136.6,40000.0,0,9657.30,1919.65,888.63
292.8000,1,4,21,5,8,7,0,0,8701.85,-456.41,731.93,2565.76,1500.00,240.00,-1,10,0,100,13200.0,40000.0,0,9657.30,1919.65,888.63
292.8000,1,7,21,5,0,7,0,0,9465.01,4340.65,528.77,2455.14,1500.00,240.00,-1,10,0,100,40000.0,40000.0,0,9657.30,1919.65,888.63
292.8000,1,14,35,4,8,4,1,26,10150.64,1142.59,930.42,921.39,1500.00,540.00,-1,10,0,100,23891.8,40000.0,0,9657.30,1919.65,888.63
292.9500,1,3,1,0,0,4,1,26,10090.26,2067.23,862.76,447.83,1500.00,390.00,-1,10,0,100,35106.2,40000.0,0,9662.33,1937.30,886.08
292.9500,1,4,21,5,8,7,0,0,8701.85,-456.41,731.93,2583.83,1500.00,240.00,-1,10,0,100,13200.0,40000.0,0,9662.33,1937.30,886.08
292.9500,1,7,21,5,0,7,0,0,9465.01,4340.65,528.77,2437.76,1500.00,240.00,-1,10,0,100,40000.0,40000.0,0,9662.33,1937.30,886.08
292.9500,1,14,35,4,8,4,1,26,10150.64,1142.59,930.42,933.80,1500.00,540.00,-1,10,0,100,23791.2,40000.0,0,9662.33,1937.30,886.08
293.0833,1,3,1,0,0,4,1,26,10090.26,2067.23,862.76,438.11,1500.00,390.00,-1,10,0,100,35079.2,40000.0,0,9667.90,1952.75,883.83
293.0833,1,4,21,5,8,7,0,0,8701.85,-456.41,731.93,2600.08,1500.00,240.00,-1,10,0,100,13200.0,40000.0,0,9667.90,1952.75,883.83
293.0833,1,7,21,5,0,7,0,0,9465.01,4340.65,528.77,2422.66,1500.00,240.00,-1,10,0,100,40000.0,40000.0,0,9667.90,1952.75,883.83
293.0833,1,14,35,4,8,4,1,26,10150.64,1142.59,930.42,944.23,1500.00,540.00,-1,10,0,100,23701.8,40000.0,0,9667.90,1952.75,883.83
293.2333,1,3,1,0,0,4,1,26,10090.26,2067.23,862.76,428.07,1500.00,390.00,-1,10,0,100,35048.9,40000.0,0,9673.74,1970.22,881.24
293.2333,1,4,21,5,8,7,0,0,8701.85,-456.41,731.93,2618.29,1500.00,240.00,-1,10,0,100,13200.0,40000.0,0,9673.74,1970.22,881.24
293.2333,1,7,21,5,0,7,0,0,9465.01,4340.65,528.77,2405.56,1500.00,240.00,-1,10,0,100,40000.0,40000.0,0,9673.74,1970.22,881.24
293.2333,1,14,35,4,8,4,1,26,10150.64,1142.59,930.42,956.47,1500.00,540.00,-1,10,0,100,23601.2,40000.0,0,9673.74,1970.22,881.24
293.3667,1,3,1,0,0,4,1,26,10090.26,2067.23,862.76,429.03,1500.00,390.00,-1,10,0,100,35021.9,40000.0,0,9669.57,1985.19,881.65
293.3667,1,4,21,5,8,7,0,0,8701.85,-456.41,731.93,2630.65,1500.00,240.00,-1,10,0,100,13200.0,40000.0,0,9669.57,1985.19,881.65
293.3667,1,7,21,5,0,7,0,0,9465.01,4340.65,528.77,2390.51,1500.00,240.00,-1,10,0,100,40000.0,40000.0,0,9669.57,1985.19,881.65
293.3667,1,14,35,4,8,4,1,26,10150.64,1142.59,930.42,971.49,1500.00,540.00,-1,10,0,100,23511.8,40000.0,0,9669.57,1985.19,881.65
293.5167,1,3,1,0,0,4,1,26,10090.26,2067.23,862.76,433.41,1500.00,390.00,-1,10,0,100,34991.5,40000.0,0,9661.90,2003.60,880.22
293.5167,1,4,21,5,8,7,0,0,8701.85,-456.41,731.93,2644.88,1500.00,240.00,-1,10,0,100,13200.0,40000.0,0,9661.90,2003.60,880.22
293.5167,1,7,21,5,0,7,0,0,9465.01,4340.65,528.77,2371.52,1500.00,240.00,-1,10,0,100,40000.0,40000.0,0,9661.90,2003.60,880.22
293.5167,1,14,35,4,8,4,1,26,10150.64,1142.59,930.42,991.33,1500.00,540.00,-1,10,0,100,23411.2,40000.0,0,9661.90,2003.60,880.22
293.6500,1,3,1,0,0,4,1,26,10090.26,2067.23,862.76,438.14,1500.00,390.00,-1,10,0,100,34964.5,40000.0,0,9654.93,2019.72,876.64
293.6500,1,4,21,5,8,7,0,0,8701.85,-456.41,731.93,2657.17,1500.00,240.00,-1,10,0,100,13200.0,40000.0,0,9654.93,2019.72,876.64
293.6500,1,7,21,5,0,7,0,0,9465.01,4340.65,528.77,2354.52,1500.00,240.00,-1,10,0,100,40000.0,40000.0,0,9654.93,2019.72,876.64
293.6500,1,14,35,4,8,4,1,26,10150.64,1142.59,930.42,1008.95,1500.00,540.00,-1,10,0,100,23321.7,40000.0,0,9654.93,2019.72,876.64
293.8000,1,3,1,0,0,4,1,26,10090.26,2067.23,862.76,437.55,1500.00,390.00,-1,10,0,100,34933.0,40000.0,0,9653.90,2037.62,875.66
293.8000,1,4,21,5,8,7,0,0,8701.85,-456.41,731.93,2673.44,1500.00,240.00,-1,10,0,100,13200.0,40000.0,0,9653.90,2037.62,875.66
293.8000,1,7,21,5,0,7,0,0,9465.01,4340.65,528.77,2336.66,1500.00,240.00,-1,10,0,100,40000.0,40000.0,0,9653.90,2037.62,875.66
293.8000,1,14,35,4,8,4,1,26,10150.64,1142.59,930.42,1025.10,1500.00,540.00,-1,10,0,100,23217.2,40000.0,0,9653.90,2037.62,875.66
293.9333,1,3,1,0,0,4,1,26,10090.26,2067.23,862.76,433.35,1500.00,390.00,-1,10,0,100,34901.7,40000.0,0,9657.40,2053.21,877.56
293.9333,1,4,21,5,8,7,0,0,8701.85,-456.41,731.93,2689.33,1500.00,240.00,-1,10,0,100,13200.0,40000.0,0,9657.40,2053.21,877.56
293.9333,1,7,21,5,0,7,0,0,9465.01,4340.65,528.77,2321.86,1500.00,240.00,-1,10,0,100,40000.0,40000.0,0,9657.40,2053.21,877.56
293.9333,1,14,35,4,8,4,1,26,10150.64,1142.59,930.42,1036.98,1500.00,540.00,-1,10,0,100,23112.1,40000.0,0,9657.40,2053.21,877.56
294.0667,1,3,1,0,0,4,1,26,10090.26,2067.23,862.76,427.88,1500.00,390.00,-1,10,0,100,34870.4,40000.0,0,9662.83,2060.43,881.13
294.0667,1,4,21,5,8,7,0,0,8701.85,-456.41,731.93,2698.20,1500.00,240.00,-1,10,0,100,13200.0,40000.0,0,9662.83,2060.43,881.13
294.0667,1,7,21,5,0,7,0,0,9465.01,4340.65,528.77,2315.75,1500.00,240.00,-1,10,0,100,40000.0,40000.0,0,9662.83,2060.43,881.13
294.0667,1,14,35,4,8,4,1,26,10150.64,1142.59,930.42,1040.59,1500.00,540.00,-1,10,0,100,23007.0,40000.0,0,9662.83,2060.43,881.13
294.2167,1,3,1,0,0,4,1,26,10090.26,2067.23,862.76,418.20,1500.00,390.00,-1,10,0,100,34835.2,40000.0,0,9672.49,2065.16,881.33
294.2167,1,4,21,5,8,7,0,0,8701.85,-456.41,731.93,2706.07,1500.00,240.00,-1,10,0,100,13200.0,40000.0,0,9672.49,2065.16,881.33
294.2167,1,7,21,5,0,7,0,0,9465.01,4340.65,528.77,2311.97,1500.00,240.00,-1,10,0,100,40000.0,40000.0,0,9672.49,2065.16,881.33
294.2167,1,14,35,4,8,4,1,26,10150.64,1142.59,930.42,1040.28,1500.00,540.00,-1,10,0,100,22888.7,40000.0,0,9672.49,2065.16,881.33
294.3500,1,3,1,0,0,4,1,26,10090.26,2067.23,862.76,410.67,1500.00,390.00,-1,10,0,100,34803.8,40000.0,0,9679.95,2068.29,879.85
294.3500,1,4,21,5,8,7,0,0,8701.85,-456.41,731.93,2711.58,1500.00,240.00,-1,10,0,100,13200.0,40000.0,0,9679.95,2068.29,879.85
294.3500,1,7,21,5,0,7,0,0,9465.01,4340.65,528.77,2309.35,1500.00,240.00,-1,10,0,100,40000.0,40000.0,0,9679.95,2068.29,879.85
294.3500,1,14,35,4,8,4,1,26,10150.64,1142.59,930.42,1039.73,1500.00,540.00,-1,10,0,100,22783.6,40000.0,0,9679.95,2068.29,879.85
294.4833,1,3,1,0,0,4,1,26,10090.26,2067.23,862.76,405.75,1500.00,390.00,-1,10,0,100,34772.5,40000.0,0,9684.85,2069.97,878.87
294.4833,1,4,21,5,8,7,0,0,8701.85,-456.41,731.93,2714.87,1500.00,240.00,-1,10,0,100,13200.0,40000.0,0,9684.85,2069.97,878.87
294.4833,1,7,21,5,0,7,0,0,9465.01,4340.65,528.77,2308.00,1500.00,240.00,-1,10,0,100,40000.0,40000.0,0,9684.85,2069.97,878.87
294.4833,1,14,35,4,8,4,1,26,10150.64,1142.59,930.42,1039.07,1500.00,540.00,-1,10,0,100,22678.5,40000.0,0,9684.85,2069.97,878.87
294.6167,1,3,1,0,0,4,1,26,10090.26,2067.23,862.76,401.30,1500.00,390.00,-1,10,0,100,34741.2,40000.0,0,9689.27,2071.53,877.98
294.6167,1,4,21,5,8,7,0,0,8701.85,-456.41,731.93,2717.88,1500.00,240.00,-1,10,0,100,13200.0,40000.0,0,9689.27,2071.53,877.98
294.6167,1,7,21,5,0,7,0,0,9465.01,4340.65,528.77,2306.76,1500.00,240.00,-1,10,0,100,40000.0,40000.0,0,9689.27,2071.53,877.98
294.6167,1,14,35,4,8,4,1,26,10150.64,1142.59,930.42,1038.53,1500.00,540.00,-1,10,0,100,22573.4,40000.0,0,9689.27,2071.53,877.98
294.7500,1,3,1,0,0,4,1,26,10090.26,2067.23,862.76,400.73,1500.00,390.00,-1,10,0,100,34709.9,40000.0,0,9689.84,2071.78,877.87
294.7500,1,4,21,5,8,7,0,0,8701.85,-456.41,731.93,2718.31,1500.00,240.00,-1,10,0,100,13200.0,40000.0,0,9689.84,2071.78,877.87
294.7500,1,7,21,5,0,7,0,0,9465.01,4340.65,528.77,2306.55,1500.00,240.00,-1,10,0,100,40000.0,40000.0,0,9689.84,2071.78,877.87
294.7500,1,14,35,4,8,4,1,26,10150.64,1142.59,930.42,1038.51,1500.00,540.00,-1,10,0,100,22468.3,40000.0,0,9689.84,2071.78,877.87
294.9000,1,3,1,0,0,4,1,26,10090.26,2067.23,862.76,400.73,1500.00,390.00,-1,10,0,100,34674.6,40000.0,0,9689.84,2071.78,877.87
294.9000,1,4,21,5,8,7,0,0,8701.85,-456.41,731.93,2718.31,1500.00,240.00,-1,10,0,100,13200.0,40000.0,0,9689.84,2071.78,877.87
294.9000,1,7,21,5,0,7,0,0,9465.01,4340.65,528.77,2306.55,1500.00,240.00,-1,10,0,100,40000.0,40000.0,0,9689.84,2071.78,877.87
294.9000,1,14,35,4,8,4,1,26,10150.64,1142.59,930.42,1038.51,1500.00,540.00,-1,10,0,100,22350.0,40000.0,0,9689.84,2071.78,877.87
295.0333,1,3,1,0,0,4,1,26,10090.26,2067.23,862.76,400.73,1500.00,390.00,-1,10,0,100,34643.3,40000.0,0,9689.84,2071.78,877.87
295.0333,1,4,21,5,8,7,0,0,8701.85,-456.41,731.93,2718.31,1500.00,240.00,-1,10,0,100,13200.0,40000.0,0,9689.84,2071.78,877.87
295.0333,1,7,21,5,0,7,0,0,9465.01,4340.65,528.77,2306.55,1500.00,240.00,-1,10,0,100,40000.0,40000.0,0,9689.84,2071.78,877.87
295.0333,1,14,35,4,8,4,1,26,10150.64,1142.59,930.42,1038.51,1500.00,540.00,-1,10,0,100,22244.9,40000.0,0,9689.84,2071.78,877.87
295.1667,1,3,1,0,0,4,1,26,10090.26,2067.23,862.76,400.73,1500.00,390.00,-1,10,0,100,34612.0,40000.0,0,9689.84,2071.78,877.87
295.1667,1,4,21,5,8,7,0,0,8701.85,-456.41,731.93,2718.31,1500.00,240.00,-1,10,0,100,13200.0,40000.0,0,9689.84,2071.78,877.87
295.1667,1,7,21,5,0,7,0,0,9465.01,4340.65,528.77,2306.55,1500.00,240.00,-1,10,0,100,40000.0,40000.0,0,9689.84,2071.78,877.87
295.1667,1,14,35,4,8,4,1,26,10150.64,1142.59,930.42,1038.51,1500.00,540.00,-1,10,0,100,22139.8,40000.0,0,9689.84,2071.78,877.87
295.3000,1,3,1,0,0,4,1,26,10090.26,2067.23,862.76,400.73,1500.00,390.00,-1,10,0,100,34580.7,40000.0,0,9689.84,2071.78,877.87
295.3000,1,4,21,5,8,7,0,0,8701.85,-456.41,731.93,2718.31,1500.00,240.00,-1,10,0,100,13200.0,40000.0,0,9689.84,2071.78,877.87
295.3000,1,7,21,5,0,7,0,0,9465.01,4340.65,528.77,2306.55,1500.00,240.00,-1,10,0,100,40000.0,40000.0,0,9689.84,2071.78,877.87
295.3000,1,14,35,4,8,4,1,26,10150.64,1142.59,930.42,1038.51,1500.00,540.00,-1,10,0,100,22034.7,40000.0,0,9689.84,2071.78,877.87
295.4500,1,3,1,0,0,4,1,26,10090.26,2067.23,862.76,400.73,1500.00,390.00,-1,10,0,100,34545.4,40000.0,0,9689.84,2071.78,877.87
295.4500,1,4,21,5,8,7,0,0,8701.85,-456.41,731.93,2718.31,1500.00,240.00,-1,10,0,100,13200.0,40000.0,0,9689.84,2071.78,877.87
295.4500,1,7,21,5,0,7,0,0,9465.01,4340.65,528.77,2306.55,1500.00,240.00,-1,10,0,100,40000.0,40000.0,0,9689.84,2071.78,877.87
295.4500,1,14,35,4,8,4,1,26,10150.64,1142.59,930.42,1038.51,1500.00,540.00,-1,10,0,100,21916.4,40000.0,0,9689.84,2071.78,877.87
295.5833,1,3,1,0,0,4,1,26,10090.26,2067.23,862.76,400.73,1500.00,390.00,-1,10,0,100,34514.1,40000.0,0,9689.84,2071.78,877.87
295.5833,1,4,21,5,8,7,0,0,8701.85,-456.41,731.93,2718.31,1500.00,240.00,-1,10,0,100,13200.0,40000.0,0,9689.84,2071.78,877.87
295.5833,1,7,21,5,0,7,0,0,9465.01,4340.65,528.77,2306.55,1500.00,240.00,-1,10,0,100,40000.0,40000.0,0,9689.84,2071.78,877.87
295.5833,1,14,35,4,8,4,1,26,10150.64,1142.59,930.42,1038.51,1500.00,540.00,-1,10,0,100,21811.3,40000.0,0,9689.84,2071.78,877.87
295.7167,1,3,1,0,0,4,1,26,10090.26,2067.23,862.76,400.41,1500.00,390.00,-1,10,0,100,34482.8,40000.0,0,9690.17,2073.06,877.73
295.7167,1,4,21,5,8,7,0,0,8701.85,-456.41,731.93,2719.61,1500.00,240.00,-1,10,0,100,13200.0,40000.0,0,9690.17,2073.06,877.73
295.7167,1,7,21,5,0,7,0,0,9465.01,4340.65,528.77,2305.31,1500.00,240.00,-1,10,0,100,40000.0,40000.0,0,9690.17,2073.06,877.73
295.7167,1,14,35,4,8,4,1,26,10150.64,1142.59,930.42,1039.51,1500.00,540.00,-1,10,0,100,21706.2,40000.0,0,9690.17,2073.06,877.73
295.8500,1,3,1,0,0,4,1,26,10090.26,2067.23,862.76,398.87,1500.00,390.00,-1,10,0,100,34451.5,40000.0,0,9691.79,2079.64,875.52
295.8500,1,4,21,5,8,7,0,0,8701.85,-456.41,731.93,2726.21,1500.00,240.00,-1,10,0,100,13200.0,40000.0,0,9691.79,2079.64,875.52
295.8500,1,7,21,5,0,7,0,0,9465.01,4340.65,528.77,2298.65,1500.00,240.00,-1,10,0,100,40000.0,40000.0,0,9691.79,2079.64,875.52
295.8500,1,14,35,4,8,4,1,26,10150.64,1142.59,930.42,1044.81,1500.00,540.00,-1,10,0,100,21601.1,40000.0,0,9691.79,2079.64,875.52
295.9833,1,3,1,0,0,4,1,26,10090.26,2067.23,862.76,400.72,1500.00,390.00,-1,10,0,100,34420.2,40000.0,0,9690.30,2088.91,874.31
295.9833,1,4,21,5,8,7,0,0,8701.85,-456.41,731.93,2734.22,1500.00,240.00,-1,10,0,100,13200.0,40000.0,0,9690.30,2088.91,874.31
295.9833,1,7,21,5,0,7,0,0,9465.01,4340.65,528.77,2289.21,1500.00,240.00,-1,10,0,100,40000.0,40000.0,0,9690.30,2088.91,874.31
295.9833,1,14,35,4,8,4,1,26,10150.64,1142.59,930.42,1053.84,1500.00,540.00,-1,10,0,100,21496.0,40000.0,0,9690.30,2088.91,874.31
296.1167,1,3,1,0,0,4,1,26,10090.26,2067.23,862.76,403.68,1500.00,390.00,-1,10,0,100,34388.8,40000.0,0,9687.90,2097.98,873.68
296.1167,1,4,21,5,8,7,0,0,8701.85,-456.41,731.93,2741.77,1500.00,240.00,-1,10,0,100,13200.0,40000.0,0,9687.90,2097.98,873.68
296.1167,1,7,21,5,0,7,0,0,9465.01,4340.65,528.77,2279.96,1500.00,240.00,-1,10,0,100,40000.0,40000.0,0,9687.90,2097.98,873.68
296.1167,1,14,35,4,8,4,1,26,10150.64,1142.59,930.42,1063.07,1500.00,540.00,-1,10,0,100,21390.8,40000.0,0,9687.90,2097.98,873.68
296.2500,1,3,1,0,0,4,1,26,10090.26,2067.23,862.76,405.30,1500.00,390.00,-1,10,0,100,34357.5,40000.0,0,9686.93,2105.81,872.93
296.2500,1,4,21,5,8,7,0,0,8701.85,-456.41,731.93,2748.69,1500.00,240.00,-1,10,0,100,13200.0,40000.0,0,9686.93,2105.81,872.93
296.2500,1,7,21,5,0,7,0,0,9465.01,4340.65,528.77,2272.04,1500.00,240.00,-1,10,0,100,40000.0,40000.0,0,9686.93,2105.81,872.93
296.2500,1,14,35,4,8,4,1,26,10150.64,1142.59,930.42,1070.58,1500.00,540.00,-1,10,0,100,21285.7,40000.0,0,9686.93,2105.81,872.93
296.4000,1,3,1,0,0,4,1,26,10090.26,2067.23,862.76,403.22,1500.00,390.00,-1,10,0,100,34322.3,40000.0,0,9689.50,2110.62,872.64
296.4000,1,4,21,5,8,7,0,0,8701.85,-456.41,731.93,2754.07,1500.00,240.00,-1,10,0,100,13200.0,40000.0,0,9689.50,2110.62,872.64
296.4000,1,7,21,5,0,7,0,0,9465.01,4340.65,528.77,2267.53,1500.00,240.00,-1,10,0,100,40000.0,40000.0,0,9689.50,2110.62,872.64
296.4000,1,14,35,4,8,4,1,26,10150.64,1142.59,930.42,1073.81,1500.00,540.00,-1,10,0,100,21167.5,40000.0,0,9689.50,2110.62,872.64
296.5333,1,3,1,0,0,4,1,26,10090.26,2067.23,862.76,400.46,1500.00,390.00,-1,10,0,100,34291.0,40000.0,0,9692.63,2113.68,872.55
296.5333,1,4,21,5,8,7,0,0,8701.85,-456.41,731.93,2758.04,1500.00,240.00,-1,10,0,100,13200.0,40000.0,0,9692.63,2113.68,872.55
296.5333,1,7,21,5,0,7,0,0,9465.01,4340.65,528.77,2264.81,1500.00,240.00,-1,10,0,100,40000.0,40000.0,0,9692.63,2113.68,872.55
296.5333,1,14,35,4,8,4,1,26,10150.64,1142.59,930.42,1075.24,1500.00,540.00,-1,10,0,100,21062.4,40000.0,0,9692.63,2113.68,872.55
296.6667,1,3,1,0,0,4,1,26,10090.26,2067.23,862.76,399.83,1500.00,390.00,-1,10,0,100,34259.6,40000.0,0,9693.32,2114.10,872.55
296.6667,1,4,21,5,8,7,0,0,8701.85,-456.41,731.93,2758.69,1500.00,240.00,-1,10,0,100,13200.0,40000.0,0,9693.32,2114.10,872.55
296.6667,1,7,21,5,0,7,0,0,9465.01,4340.65,528.77,2264.47,1500.00,240.00,-1,10,0,100,40000.0,40000.0,0,9693.32,2114.10,872.55
296.6667,1,14,35,4,8,4,1,26,10150.64,1142.59,930.42,1075.33,1500.00,540.00,-1,10,0,100,20957.3,40000.0,0,9693.32,2114.10,872.55
296.8000,1,3,1,0,0,4,1,26,10090.26,2067.23,862.76,399.83,1500.00,390.00,-1,10,0,100,34228.3,40000.0,0,9693.32,2114.10,872.55
296.8000,1,4,21,5,8,7,0,0,8701.85,-456.41,731.93,2758.69,1500.00,240.00,-1,10,0,100,13200.0,40000.0,0,9693.32,2114.10,872.55
296.8000,1,7,21,5,0,7,0,0,9465.01,4340.65,528.77,2264.47,1500.00,240.00,-1,10,0,100,40000.0,40000.0,0,9693.32,2114.10,872.55
296.8000,1,14,35,4,8,4,1,26,10150.64,1142.59,930.42,1075.33,1500.00,540.00,-1,10,0,100,20852.1,40000.0,0,9693.32,2114.10,872.55
296.9333,1,3,1,0,0,4,1,26,10090.26,2067.23,862.76,399.83,1500.00,390.00,-1,10,0,100,34197.0,40000.0,0,9693.32,2114.10,872.55
296.9333,1,4,21,5,8,7,0,0,8701.85,-456.41,731.93,2758.69,1500.00,240.00,-1,10,0,100,13200.0,40000.0,0,9693.32,2114.10,872.55
296.9333,1,7,21,5,0,7,0,0,9465.01,4340.65,528.77,2264.47,1500.00,240.00,-1,10,0,100,40000.0,40000.0,0,9693.32,2114.10,872.55
296.9333,1,14,35,4,8,4,1,26,10150.64,1142.59,930.42,1075.33,1500.00,540.00,-1,10,0,100,20747.0,40000.0,0,9693.32,2114.10,872.55
297.0667,1,3,1,0,0,4,1,26,10090.26,2067.23,862.76,399.83,1500.00,390.00,-1,10,0,100,34165.7,40000.0,0,9693.32,2114.10,872.55
297.0667,1,4,21,5,8,7,0,0,8701.85,-456.41,731.93,2758.69,1500.00,240.00,-1,10,0,100,13200.0,40000.0,0,9693.32,2114.10,872.55
297.0667,1,7,21,5,0,7,0,0,9465.01,4340.65,528.77,2264.47,1500.00,240.00,-1,10,0,100,40000.0,40000.0,0,9693.32,2114.10,872.55
297.0667,1,14,35,4,8,4,1,26,10150.64,1142.59,930.42,1075.33,1500.00,540.00,-1,10,0,100,20641.9,40000.0,0,9693.32,2114.10,872.55
297.2000,1,3,1,0,0,4,1,26,10090.26,2067.23,862.76,399.83,1500.00,390.00,-1,10,0,100,34134.4,40000.0,0,9693.32,2114.10,872.55
297.2000,1,4,21,5,8,7,0,0,8701.85,-456.41,731.93,2758.69,1500.00,240.00,-1,10,0,100,13200.0,40000.0,0,9693.32,2114.10,872.55
297.2000,1,7,21,5,0,7,0,0,9465.01,4340.65,528.77,2264.47,1500.00,240.00,-1,10,0,100,40000.0,40000.0,0,9693.32,2114.10,872.55
297.2000,1,14,35,4,8,4,1,26,10150.64,1142.59,930.42,1075.33,1500.00,540.00,-1,10,0,100,20536.8,40000.0,0,9693.32,2114.10,872.55
297.3333,1,3,1,0,0,4,1,26,10090.26,2067.23,862.76,399.83,1500.00,390.00,-1,10,0,100,34103.0,40000.0,0,9693.32,2114.10,872.55
297.3333,1,4,21,5,8,7,0,0,8701.85,-456.41,731.93,2758.69,1500.00,240.00,-1,10,0,100,13200.0,40000.0,0,9693.32,2114.10,872.55
297.3333,1,7,21,5,0,7,0,0,9465.01,4340.65,528.77,2264.47,1500.00,240.00,-1,10,0,100,40000.0,40000.0,0,9693.32,2114.10,872.55
297.3333,1,14,35,4,8,4,1,26,10150.64,1142.59,930.42,1075.33,1500.00,540.00,-1,10,0,100,20431.7,40000.0,0,9693.32,2114.10,872.55
297.4500,1,3,1,0,0,4,1,26,10090.26,2067.23,862.76,399.83,1500.00,390.00,-1,10,0,100,34075.6,40000.0,0,9693.32,2114.10,872.55
297.4500,1,4,21,5,8,7,0,0,8701.85,-456.41,731.93,2758.69,1500.00,240.00,-1,10,0,100,13200.0,40000.0,0,9693.32,2114.10,872.55
297.4500,1,7,21,5,0,7,0,0,9465.01,4340.65,528.77,2264.47,1500.00,240.00,-1,10,0,100,40000.0,40000.0,0,9693.32,2114.10,872.55
297.4500,1,14,35,4,8,4,1,26,10150.64,1142.59,930.42,1075.33,1500.00,540.00,-1,10,0,100,20339.7,40000.0,0,9693.32,2114.10,872.55
297.5833,1,3,1,0,0,4,1,26,10090.26,2067.23,862.76,399.83,1500.00,390.00,-1,10,0,100,34044.3,40000.0,0,9693.32,2114.10,872.55
297.5833,1,4,21,5,8,7,0,0,8701.85,-456.41,731.93,2758.69,1500.00,240.00,-1,10,0,100,13200.0,40000.0,0,9693.32,2114.10,872.55
297.5833,1,7,21,5,0,7,0,0,9465.01,4340.65,528.77,2264.47,1500.00,240.00,-1,10,0,100,40000.0,40000.0,0,9693.32,2114.10,872.55
297.5833,1,14,35,4,8,4,1,26,10150.64,1142.59,930.42,1075.33,1500.00,540.00,-1,10,0,100,20234.6,40000.0,0,9693.32,2114.10,872.55
297.7167,1,3,1,0,0,4,1,26,10090.26,2067.23,862.76,399.83,1500.00,390.00,-1,10,0,100,34013.0,40000.0,0,9693.32,2114.10,872.55
297.7167,1,4,21,5,8,7,0,0,8701.85,-456.41,731.93,2758.69,1500.00,240.00,-1,10,0,100,13200.0,40000.0,0,9693.32,2114.10,872.55
297.7167,1,7,21,5,0,7,0,0,9465.01,4340.65,528.77,2264.47,1500.00,240.00,-1,10,0,100,40000.0,40000.0,0,9693.32,2114.10,872.55
297.7167,1,14,35,4,8,4,1,26,10150.64,1142.59,930.42,1075.33,1500.00,540.00,-1,10,0,100,20129.5,40000.0,0,9693.32,2114.10,872.55
297.8500,1,3,1,0,0,4,1,26,10090.26,2067.23,862.76,399.83,1500.00,390.00,-1,10,0,100,33981.7,40000.0,0,9693.32,2114.10,872.55
297.8500,1,4,21,5,8,7,0,0,8701.85,-456.41,731.93,2758.69,1500.00,240.00,-1,10,0,100,13200.0,40000.0,0,9693.32,2114.10,872.55
297.8500,1,7,21,5,0,7,0,0,9465.01,4340.65,528.77,2264.47,1500.00,240.00,-1,10,0,100,40000.0,40000.0,0,9693.32,2114.10,872.55
297.8500,1,14,35,4,8,4,1,26,10150.64,1142.59,930.42,1075.33,1500.00,540.00,-1,10,0,100,20024.4,40000.0,0,9693.32,2114.10,872.55
297.9833,1,3,1,0,0,4,1,26,10090.26,2067.23,862.76,399.83,1500.00,390.00,-1,10,0,100,33950.4,40000.0,0,9693.32,2114.10,872.55
297.9833,1,4,21,5,8,7,0,0,8701.85,-456.41,731.93,2758.69,1500.00,240.00,-1,10,0,100,13200.0,40000.0,0,9693.32,2114.10,872.55
297.9833,1,7,21,5,0,7,0,0,9465.01,4340.65,528.77,2264.47,1500.00,240.00,-1,10,0,100,40000.0,40000.0,0,9693.32,2114.10,872.55
297.9833,1,14,35,4,8,4,1,26,10150.64,1142.59,930.42,1075.33,1500.00,540.00,-1,10,0,100,19919.3,40000.0,0,9693.32,2114.10,872.55
298.1000,1,3,1,0,0,4,1,26,10090.26,2067.23,862.76,399.83,1500.00,390.00,-1,10,0,100,33923.0,40000.0,0,9693.32,2114.10,872.55
298.1000,1,4,21,5,8,7,0,0,8701.85,-456.41,731.93,2758.69,1500.00,240.00,-1,10,0,100,13200.0,40000.0,0,9693.32,2114.10,872.55
298.1000,1,7,21,5,0,7,0,0,9465.01,4340.65,528.77,2264.47,1500.00,240.00,-1,10,0,100,40000.0,40000.0,0,9693.32,2114.10,872.55
298.1000,1,14,35,4,8,4,1,26,10150.64,1142.59,930.42,1075.33,1500.00,540.00,-1,10,0,100,19827.3,40000.0,0,9693.32,2114.10,872.55
298.2333,1,3,1,0,0,4,1,26,10090.26,2067.23,862.76,399.83,1500.00,390.00,-1,10,0,100,33891.6,40000.0,0,9693.32,2114.10,872.55
298.2333,1,4,21,5,8,7,0,0,8701.85,-456.41,731.93,2758.69,1500.00,240.00,-1,10,0,100,13200.0,40000.0,0,9693.32,2114.10,872.55
298.2333,1,7,21,5,0,7,0,0,9465.01,4340.65,528.77,2264.47,1500.00,240.00,-1,10,0,100,40000.0,40000.0,0,9693.32,2114.10,872.55
298.2333,1,14,35,4,8,4,1,26,10150.64,1142.59,930.42,1075.33,1500.00,540.00,-1,10,0,100,19722.2,40000.0,0,9693.32,2114.10,872.55
298.3667,1,3,1,0,0,4,1,26,10090.26,2067.23,862.76,399.83,1500.00,390.00,-1,10,0,100,33860.3,40000.0,0,9693.32,2114.10,872.55
298.3667,1,4,21,5,8,7,0,0,8701.85,-456.41,731.93,2758.69,1500.00,240.00,-1,10,0,100,13200.0,40000.0,0,9693.32,2114.10,872.55
298.3667,1,7,21,5,0,7,0,0,9465.01,4340.65,528.77,2264.47,1500.00,240.00,-1,10,0,100,40000.0,40000.0,0,9693.32,2114.10,872.55
298.3667,1,14,35,4,8,4,1,26,10150.64,1142.59,930.42,1075.33,1500.00,540.00,-1,10,0,100,19617.1,40000.0,0,9693.32,2114.10,872.55
298.4833,1,3,1,0,0,4,1,26,10090.26,2067.23,862.76,399.83,1500.00,390.00,-1,10,0,100,33832.9,40000.0,0,9693.32,2114.10,872.55
298.4833,1,4,21,5,8,7,0,0,8701.85,-456.41,731.93,2758.69,1500.00,240.00,-1,10,0,100,13200.0,40000.0,0,9693.32,2114.10,872.55
298.4833,1,7,21,5,0,7,0,0,9465.01,4340.65,528.77,2264.47,1500.00,240.00,-1,10,0,100,40000.0,40000.0,0,9693.32,2114.10,872.55
298.4833,1,14,35,4,8,4,1,26,10150.64,1142.59,930.42,1075.33,1500.00,540.00,-1,10,0,100,19525.1,40000.0,0,9693.32,2114.10,872.55
298.6167,1,3,1,0,0,4,1,26,10090.26,2067.23,862.76,399.83,1500.00,390.00,-1,10,0,100,33801.6,40000.0,0,9693.32,2114.10,872.55
298.6167,1,4,21,5,8,7,0,0,8701.85,-456.41,731.93,2758.69,1500.00,240.00,-1,10,0,100,13200.0,40000.0,0,9693.32,2114.10,872.55
298.6167,1,7,21,5,0,7,0,0,9465.01,4340.65,528.77,2264.47,1500.00,240.00,-1,10,0,100,40000.0,40000.0,0,9693.32,2114.10,872.55
298.6167,1,14,35,4,8,4,1,26,10150.64,1142.59,930.42,1075.33,1500.00,540.00,-1,10,0,100,19420.0,40000.0,0,9693.32,2114.10,872.55
298.7500,1,3,1,0,0,4,1,26,10090.26,2067.23,862.76,399.83,1500.00,390.00,-1,10,0,100,33770.3,40000.0,0,9693.32,2114.10,872.55
298.7500,1,4,21,5,8,7,0,0,8701.85,-456.41,731.93,2758.69,1500.00,240.00,-1,10,0,100,13200.0,40000.0,0,9693.32,2114.10,872.55
298.7500,1,7,21,5,0,7,0,0,9465.01,4340.65,528.77,2264.47,1500.00,240.00,-1,10,0,100,40000.0,40000.0,0,9693.32,2114.10,872.55
298.7500,1,14,35,4,8,4,1,26,10150.64,1142.59,930.42,1075.33,1500.00,540.00,-1,10,0,100,19314.9,40000.0,0,9693.32,2114.10,872.55
298.8667,1,3,1,0,0,4,1,26,10090.26,2067.23,862.76,399.83,1500.00,390.00,-1,10,0,100,33742.9,40000.0,0,9693.32,2114.10,872.55
298.8667,1,4,21,5,8,7,0,0,8701.85,-456.41,731.93,2758.69,1500.00,240.00,-1,10,0,100,13200.0,40000.0,0,9693.32,2114.10,872.55
298.8667,1,7,21,5,0,7,0,0,9465.01,4340.65,528.77,2264.47,1500.00,240.00,-1,10,0,100,40000.0,40000.0,0,9693.32,2114.10,872.55
298.8667,1,14,35,4,8,4,1,26,10150.64,1142.59,930.42,1075.33,1500.00,540.00,-1,10,0,100,19222.9,40000.0,0,9693.32,2114.10,872.55
299.0167,1,3,1,0,0,4,1,26,10090.26,2067.23,862.76,399.83,1500.00,390.00,-1,10,0,100,33707.6,40000.0,0,9693.32,2114.10,872.55
299.0167,1,4,21,5,8,7,0,0,8701.85,-456.41,731.93,2758.69,1500.00,240.00,-1,10,0,100,13200.0,40000.0,0,9693.32,2114.10,872.55
299.0167,1,7,21,5,0,7,0,0,9465.01,4340.65,528.77,2264.47,1500.00,240.00,-1,10,0,100,40000.0,40000.0,0,9693.32,2114.10,872.55
299.0167,1,14,35,4,8,4,1,26,10150.64,1142.59,930.42,1075.33,1500.00,540.00,-1,10,0,100,19104.6,40000.0,0,9693.32,2114.10,872.55
299.1500,1,3,1,0,0,4,1,26,10090.26,2067.23,862.76,399.83,1500.00,390.00,-1,10,0,100,33676.3,40000.0,0,9693.32,2114.10,872.55
299.1500,1,4,21,5,8,7,0,0,8701.85,-456.41,731.93,2758.69,1500.00,240.00,-1,10,0,100,13200.0,40000.0,0,9693.32,2114.10,872.55
299.1500,1,7,21,5,0,7,0,0,9465.01,4340.65,528.77,2264.47,1500.00,240.00,-1,10,0,100,40000.0,40000.0,0,9693.32,2114.10,872.55
299.1500,1,14,35,4,8,4,1,26,10150.64,1142.59,930.42,1075.33,1500.00,540.00,-1,10,0,100,18999.5,40000.0,0,9693.32,2114.10,872.55
299.2833,1,3,1,0,0,4,1,26,10090.26,2067.23,862.76,399.83,1500.00,390.00,-1,10,0,100,33645.0,40000.0,0,9693.32,2114.10,872.55
299.2833,1,4,21,5,8,7,0,0,8701.85,-456.41,731.93,2758.69,1500.00,240.00,-1,10,0,100,13200.0,40000.0,0,9693.32,2114.10,872.55
299.2833,1,7,21,5,0,7,0,0,9465.01,4340.65,528.77,2264.47,1500.00,240.00,-1,10,0,100,40000.0,40000.0,0,9693.32,2114.10,872.55
299.2833,1,14,35,4,8,4,1,26,10150.64,1142.59,930.42,1075.33,1500.00,540.00,-1,10,0,100,18894.4,40000.0,0,9693.32,2114.10,872.55
299.4333,1,3,1,0,0,4,1,26,10090.26,2067.23,862.76,399.83,1500.00,390.00,-1,10,0,100,33609.8,40000.0,0,9693.32,2114.10,872.55
299.4333,1,4,21,5,8,7,0,0,8701.85,-456.41,731.93,2758.69,1500.00,240.00,-1,10,0,100,13200.0,40000.0,0,9693.32,2114.10,872.55
299.4333,1,7,21,5,0,7,0,0,9465.01,4340.65,528.77,2264.47,1500.00,240.00,-1,10,0,100,40000.0,40000.0,0,9693.32,2114.10,872.55
299.4333,1,14,35,4,8,4,1,26,10150.64,1142.59,930.42,1075.33,1500.00,540.00,-1,10,0,100,18776.2,40000.0,0,9693.32,2114.10,872.55
